claim_id,startup_id,entity,field,claim_value,value_type,unit,currency,date_from,date_to,source_id,confidence,status,preferred,notes
CL00001,S0001,Juspay,official_website,https://juspay.io,company-field,,,,,SRC00012,HIGH,current,yes,verified live 2026-09-15: name match on own homepage
CL00002,S0001,Juspay,careers_website,https://juspay.io/careers,company-field,,,,,SRC00012,HIGH,current,yes,"careers link found on official homepage, probed live"
CL00003,S0001,Juspay,cin,U66190KA2012PTC098522,company-field,,,2026-09-15,,SRC00010,HIGH,current,yes,CIN confirmed across multiple registry aggregators
CL00004,S0001,Juspay,description,"Full-stack payments infrastructure: orchestration, checkout, authentication, tokenisation, payouts, analytics; powers ~300M daily transactions for 500+ enterprises; RBI PA licence holder; open-source ",company-field,,,2025-11-12,,SRC00009,HIGH,current,yes,FY25 company-reported metrics
CL00005,S0001,Juspay,employee_estimate,2115,company-field,,,2025,,SRC00014,MEDIUM,current,yes,Revelio Labs estimate for 2025; LinkedIn says 1001-5000
CL00006,S0001,Juspay,public_private,private,company-field,,,2026-09-15,,SRC00012,HIGH,current,yes,not listed; last round Jan 2026
CL00007,S0001,Juspay,hq_type,HQ,company-field,,,2026-09-15,,SRC00010,HIGH,current,yes,registered office and HQ both Bengaluru
CL00008,S0001,Juspay,registered_office,"Stallion Business Centre, No. 444, 3rd & 4th Floor, 18th Main, 6th Block, Koramangala, Bengaluru, Karnataka 560095",company-field,,,2026-09-15,,SRC00010,HIGH,current,yes,verified via ZaubaCorp/Tofler/InstaFinancials
CL00009,S0002,KreditBee,official_website,https://www.kreditbee.in,company-field,,,,,SRC00054,HIGH,current,yes,verified live 2026-09-15: name match on own homepage
CL00010,S0002,KreditBee,careers_website,https://kreditbee.darwinbox.in/ms/candidatev2/main/careers/home,company-field,,,,,,HIGH,current,yes,verified 2026-09-15
CL00011,S0002,KreditBee,state,Karnataka,company-field,,,2026-09-15,,SRC00031,HIGH,current,yes,
CL00012,S0002,KreditBee,business_model,Digital lending marketplace + own NBFC book; co-lending with 10+ partner lenders,company-field,,,2026-09-15,,SRC00040,HIGH,current,yes,Platform facilitates loans via KrazyBee Services (own NBFC) and partner NBFCs/Banks
CL00013,S0002,KreditBee,description,"India's leading online credit solutions provider; instant personal loans via app; serves 180M+ users, 80M+ registered customers, 15M+ unique loan customers",company-field,,,2026-04-08,,SRC00065,HIGH,current,yes,Company-reported figures as of Apr 2026
CL00014,S0002,KreditBee,employee_estimate,1732,company-field,,,2026-09-15,,SRC00058,MEDIUM,current,yes,"PitchBook 2026; Tracxn shows 445 (official), LinkedIn 1836; wide variance across sources"
CL00015,S0002,KreditBee,public_private,private,company-field,,,2026-09-15,,SRC00031,HIGH,current,yes,Pre-IPO; board approved public entity conversion Jul 2025
CL00016,S0002,KreditBee,hq_type,HQ,company-field,,,2026-09-15,,SRC00058,HIGH,current,yes,"4th Floor, Anjaneya Techno Park, HAL Old Airport Road, Bengaluru"
CL00017,S0002,KreditBee,registered_office,"3rd Floor, No.128/9, Maruthi Sapphire, HAL Airport Road, Murugesh Palya, Bengaluru, Karnataka - 560017",company-field,,,2026-09-15,,SRC00049,HIGH,current,yes,KrazyBee Services Pvt Ltd registered office per BSE filing
CL00018,S0003,PhonePe,official_website,https://www.phonepe.com,company-field,,,,,SRC00089,HIGH,current,yes,verified live 2026-09-15: name match on own homepage
CL00019,S0003,PhonePe,careers_website,https://www.phonepe.com/careers/,company-field,,,,,SRC00089,HIGH,current,yes,"careers link found on official homepage, probed live"
CL00020,S0003,PhonePe,cin,U67190KA2012PLC176031,company-field,,,2026-09-15,,SRC00075,MEDIUM,current,yes,Group-entity conflict: PhonePe Limited CIN U67190KA2012PLC176031 vs Phonepe Private Limited U67190MH2012PTC337657; MCA primary not verified
CL00021,S0003,PhonePe,incorporation_date,2015-12,company-field,,,2026-09-15,,SRC00077,MEDIUM,current,yes,Operating founding Dec 2015; registry entity dates 2012; needs primary confirmation
CL00022,S0003,PhonePe,state,Karnataka,company-field,,,2026-09-15,,SRC00077,HIGH,current,yes,
CL00023,S0003,PhonePe,business_model,"UPI payments platform + financial services distribution (lending, insurance, wealth) + consumer tech (Indus Appstore, Pincode)",company-field,,,2026-09-15,,SRC00077,HIGH,current,yes,
CL00024,S0003,PhonePe,description,"India's largest digital payments platform; anchored by UPI payments, expanded into insurance, lending, wealth (Share.Market), and consumer tech (Indus Appstore)",company-field,,,2026-09-15,,SRC00077,HIGH,current,yes,
CL00025,S0003,PhonePe,employee_estimate,50000,company-field,,,2026-07-01,,SRC00078,MEDIUM,current,yes,ESTIMATE based on 400M daily transactions scale and 718M users; no verified headcount found
CL00026,S0003,PhonePe,public_private,private,company-field,,,2026-09-15,,SRC00077,HIGH,current,yes,IPO-bound but not yet listed
CL00027,S0003,PhonePe,hq_type,HQ,company-field,,,2026-09-15,,SRC00077,HIGH,current,yes,
CL00028,S0003,PhonePe,registered_office,"Bengaluru, Karnataka",company-field,,,2026-09-15,,SRC00077,MEDIUM,current,yes,CIN suggests Karnataka registration
CL00029,S0004,Razorpay,official_website,https://razorpay.com,company-field,,,,,SRC00103,HIGH,current,yes,verified live 2026-09-15: name match on own homepage
CL00030,S0004,Razorpay,careers_website,https://razorpay.com/jobs/,company-field,,,,,,HIGH,current,yes,verified 2026-09-15
CL00031,S0005,Zepto,official_website,https://www.zepto.com,company-field,,,,,SRC00113,HIGH,current,yes,verified live 2026-09-15: name match on own homepage
CL00032,S0005,Zepto,cin,UNKNOWN,company-field,,,2026-09-15,,,LOW,current,yes,CIN not verified; ZaubaCorp/Tofler fetches returned 403/404
CL00033,S0005,Zepto,incorporation_date,2021-07,company-field,,,2026-08-03,,SRC00108,HIGH,current,yes,DRHP states incorporation July 2021
CL00034,S0005,Zepto,state,Maharashtra,company-field,,,2025-10-16,,SRC00110,HIGH,current,yes,
CL00035,S0005,Zepto,business_model,10-minute grocery delivery via dark stores; ad vertical; Zepto Cafe; private labels,company-field,,,2026-08-03,,SRC00108,HIGH,current,yes,Pure-play quick commerce; no adjacent food delivery vertical
CL00036,S0005,Zepto,description,Quick commerce platform delivering groceries in 10 minutes via network of dark stores,company-field,,,2026-09-15,,SRC00113,HIGH,current,yes,
CL00037,S0005,Zepto,employee_estimate,5700,company-field,,,2025-10-22,,SRC00112,MEDIUM,current,yes,"~5,700 as of Oct 2025; ~1,000 impacted YTD via layoffs/automation"
CL00038,S0005,Zepto,public_private,private (pre-IPO),company-field,,,2026-08-03,,SRC00108,HIGH,current,yes,Confidential DRHP filed Dec 2025; listing deferred to Feb-May 2027
CL00039,S0005,Zepto,hq_type,HQ,company-field,,,2025-10-16,,SRC00110,HIGH,current,yes,Mumbai HQ; Bengaluru mentioned in some articles likely erroneous
CL00040,S0005,Zepto,registered_office,"Mumbai, Maharashtra",company-field,,,2025-12-25,,SRC00106,MEDIUM,current,yes,RoC filings; exact address unverified
CL00041,S0006,Neysa,official_website,https://neysa.ai,company-field,,,,,SRC00135,HIGH,current,yes,verified live 2026-09-15: name match on own homepage
CL00042,S0006,Neysa,careers_website,https://neysa.ai/careers/,company-field,,,,,SRC00135,HIGH,current,yes,"careers link found on official homepage, probed live"
CL00043,S0006,Neysa,description,"India's AI acceleration cloud platform offering GPU infrastructure, GenAI platform Velocis, and AI/ML observability. Flagship product Velocis.",company-field,,,,,SRC00114,HIGH,current,yes,Company PR
CL00044,S0006,Neysa,employee_estimate,110,company-field,,,2026-02,,SRC00115,MEDIUM,current,yes,"110 employees across Mumbai, Bengaluru, Chennai as of Feb 2026"
CL00045,S0006,Neysa,public_private,Private,company-field,,,,,SRC00115,HIGH,current,yes,"Private company, Blackstone majority stake pending"
CL00046,S0006,Neysa,hq_type,HQ,company-field,,,,,SRC00115,HIGH,current,yes,Mumbai HQ
CL00047,S0007,Amagi,official_website,https://www.amagi.com,company-field,,,,,SRC00144,HIGH,current,yes,verified live 2026-09-15: name match on own homepage
CL00048,S0007,Amagi,careers_website,https://www.amagi.com/careers,company-field,,,,,SRC00144,HIGH,current,yes,"careers link found on official homepage, probed live"
CL00049,S0008,CRED,official_website,https://cred.club,company-field,,,,,,HIGH,current,yes,W-wave verified 2026-09-15
CL00050,S0008,CRED,careers_website,https://careers.cred.club,company-field,,,,,,HIGH,current,yes,"Careers page found via search; hyperresearch fetch returned JUNK_CONTENT, but search snippets confirm active openings page"
CL00051,S0009,Darwinbox,official_website,https://darwinbox.com,company-field,,,,,SRC00166,HIGH,current,yes,verified live 2026-09-15: name match on own homepage
CL00052,S0009,Darwinbox,careers_website,https://darwinbox.com/careers,company-field,,,,,,HIGH,current,yes,verified 2026-09-15
CL00053,S0010,Emergent,cin,"3914600 (EMERGENT LABS INC., UK) / U62010KA2026PTC222737 (EMERGENE AI PRIVATE LIMITED, India)",company-field,,,2024-06-12,,,MEDIUM,current,yes,
CL00054,S0010,Emergent,incorporation_date,"12 June 2024 (EMERGENT LABS INC., UK entity) / 20 June 2026 (EMERGENE AI PRIVATE LIMITED, India entity)",company-field,,,2024-06-12,,,MEDIUM,current,yes,
CL00055,S0010,Emergent,official_website,https://emergent.sh,company-field,,,,,SRC00174,HIGH,current,yes,verified live 2026-09-15: name match on own homepage
CL00056,S0010,Emergent,careers_website,https://emergent.sh/careers,company-field,,,,,SRC00174,HIGH,current,yes,"careers link found on official homepage, probed live"
CL00057,S0011,Groww,official_website,https://groww.in,company-field,,,,,SRC00206,HIGH,current,yes,verified live 2026-09-15: name match on own homepage
CL00058,S0011,Groww,careers_website,https://groww.in/careers,company-field,,,,,SRC00206,HIGH,current,yes,"careers link found on official homepage, probed live"
CL00059,S0011,Groww,cin,L72900KA2018PLC109343,company-field,,,,,SRC00191,HIGH,current,yes,
CL00060,S0011,Groww,state,Karnataka,company-field,,,,,SRC00191,HIGH,current,yes,
CL00061,S0011,Groww,description,"India's largest retail brokerage by active users; platform for stocks, mutual funds, ETFs, F&O, IPOs, digital gold, and credit products",company-field,,,,,SRC00191,HIGH,current,yes,
CL00062,S0011,Groww,public_private,Public,company-field,,,,,SRC00191,HIGH,current,yes,
CL00063,S0011,Groww,hq_type,registered,company-field,,,,,SRC00191,HIGH,current,yes,
CL00064,S0011,Groww,registered_office,"Vaishnavi Tech Park, South Tower, 3rd Floor, Survey No.16/1 & 17/2, Ambalipura Village, Varthur Hobli, Bellandur, Bangalore South, Karnataka - 560103",company-field,,,,,SRC00191,HIGH,current,yes,
CL00065,S0012,Gupshup,official_website,https://www.gupshup.ai,company-field,,,,,SRC00238,HIGH,current,yes,verified live 2026-09-15: name match on own homepage
CL00066,S0012,Gupshup,careers_website,https://www.gupshup.ai/careers,company-field,,,,,SRC00238,HIGH,current,yes,"careers link found on official homepage, probed live"
CL00067,S0013,Krutrim,official_website,https://www.olakrutrim.com,company-field,,,,,SRC00258,HIGH,current,yes,verified live 2026-09-15: name match on own homepage
CL00068,S0013,Krutrim,state,Karnataka,company-field,,,2026-09-15,,SRC00253,HIGH,current,yes,ROC Bangalore
CL00069,S0013,Krutrim,public_private,Private,company-field,,,2026-09-15,,SRC00253,HIGH,current,yes,Private UnListed per MCA
CL00070,S0013,Krutrim,hq_type,registered_office,company-field,,,2026-09-15,,SRC00253,HIGH,current,yes,Wing C Prestige RMZ Star Tech Industrial Layout Hosur Road Bangalore South
CL00071,S0013,Krutrim,registered_office,"Wing C, Prestige RMZ Star Tech Industrial Layout, Hosur Road, Bangalore South, Bangalore, Karnataka, 560034",company-field,,,2026-09-15,,SRC00253,HIGH,current,yes,MCA registered office
CL00072,S0014,Sarvam AI,official_website,https://www.sarvam.ai,company-field,,,,,SRC00275,HIGH,current,yes,verified live 2026-09-15: name match on own homepage
CL00073,S0014,Sarvam AI,careers_website,https://www.sarvam.ai/careers,company-field,,,,,SRC00275,HIGH,current,yes,"careers link found on official homepage, probed live"
CL00074,S0015,Slice,cin,U65100AS2016PLC017505,company-field,,,2016-07-25,,,HIGH,current,yes,
CL00075,S0015,Slice,incorporation_date,25 July 2016,company-field,,,2016-07-25,,,HIGH,current,yes,
CL00076,S0015,Slice,official_website,https://slice.bank.in,company-field,,,,,SRC00287,HIGH,current,yes,verified live 2026-09-15: name match on own homepage
CL00077,S0015,Slice,careers_website,https://slice.bank.in/careers,company-field,,,,,SRC00287,HIGH,current,yes,"careers link found on official homepage, probed live"
CL00078,S0016,upGrad,official_website,https://www.upgrad.com,company-field,,,,,SRC00304,HIGH,current,yes,verified live 2026-09-15: name match on own homepage
CL00079,S0016,upGrad,careers_website,https://www.upgrad.com/careers,company-field,,,,,,HIGH,current,yes,verified 2026-09-15
CL00080,S0016,upGrad,description,"India's largest higher-ed upskilling platform; 10M+ learners globally; offers degree programs, certifications, corporate training, and study-abroad pathways via university partnerships (IIIT-B, LJMU, ",company-field,,,2026-09-15,,SRC00295,MEDIUM,current,yes,Company-claimed; 10M+ learners per May 2026 PR
CL00081,S0016,upGrad,employee_estimate,11544,company-field,,,2026-03,,SRC00309,MEDIUM,current,yes,"Revelio Labs workforce intelligence, March 2026"
CL00082,S0016,upGrad,public_private,Private,company-field,,,2026-09-15,,SRC00304,HIGH,current,yes,No DRHP filed as of Sep 2026; targeting 2027 IPO
CL00083,S0016,upGrad,hq_type,HQ,company-field,,,2026-09-15,,SRC00316,HIGH,current,yes,Mumbai HQ
CL00084,S0016,upGrad,registered_office,"Mumbai, Maharashtra",company-field,,,2026-09-15,,SRC00293,HIGH,current,yes,MCA registered office
CL00085,S0017,BrowserStack,official_website,https://www.browserstack.com,company-field,,,,,SRC00351,HIGH,current,yes,verified live 2026-09-15: name match on own homepage
CL00086,S0017,BrowserStack,careers_website,https://www.browserstack.com/careers,company-field,,,,,,HIGH,current,yes,verified 2026-09-15
CL00087,S0017,BrowserStack,description,"Cloud-based software testing platform founded 2011 by IIT-Bombay graduates; powers 3M+ tests/day across 50K+ customers in 135+ countries; 21 global data centers, 3500+ real devices",company-field,,,2026-09-15,,SRC00331,HIGH,current,yes,From official press release Jan 2026
CL00088,S0017,BrowserStack,employee_estimate,1797,company-field,,,2026-09-15,,SRC00343,MEDIUM,current,yes,Tracxn official count; ~1200+ per Wikipedia 2024; crossed 1000 in 2022
CL00089,S0017,BrowserStack,public_private,Private,company-field,,,2026-09-15,,SRC00332,HIGH,current,yes,Privately held; no IPO; profitable; bootstrapped until 2018
CL00090,S0017,BrowserStack,registered_office,"BrowserStack Software Private Limited, Maharashtra, India",company-field,,,2026-09-15,,SRC00335,MEDIUM,current,yes,Indian entity registered office in Maharashtra
CL00091,S0018,Dhan,official_website,https://dhan.co,company-field,,,,,SRC00368,HIGH,current,yes,verified live 2026-09-15: name match on own homepage
CL00092,S0018,Dhan,careers_website,https://dhan.co/career/,company-field,,,,,SRC00368,HIGH,current,yes,"careers link found on official homepage, probed live"
CL00093,S0018,Dhan,incorporation_date,2012,company-field,,,2026-09-15,,SRC00360,MEDIUM,current,yes,
CL00094,S0018,Dhan,description,"Dhan is a technology-led discount stock broking and trading platform for super traders and long-term investors, owned by Raise Securities Pvt Ltd (part of Raise Financial Services). Offers stock broki",company-field,,,2026-09-15,,SRC00360,HIGH,current,yes,
CL00095,S0018,Dhan,employee_estimate,550,company-field,,,2026-09-15,,SRC00360,HIGH,current,yes,
CL00096,S0018,Dhan,public_private,private,company-field,,,2026-09-15,,SRC00352,HIGH,current,yes,
CL00097,S0018,Dhan,registered_office,"Unit No. 2201, 22nd Floor, Gold Medal Avenue, S.V. Road, Beside Patel Petrol Pump, Piramal Nagar, Goregaon West, Mumbai – 400104",company-field,,,2026-09-15,,SRC00360,HIGH,current,yes,
CL00098,S0019,PharmEasy,official_website,https://pharmeasy.in,company-field,,,,,SRC00406,HIGH,current,yes,verified live 2026-09-15: name match on own homepage
CL00099,S0019,PharmEasy,careers_website,https://pharmeasy.in/careers,company-field,,,,,SRC00406,HIGH,current,yes,"careers link found on official homepage, probed live"
CL00100,S0019,PharmEasy,description,"India's largest digital healthcare platform by GMV (FY21); operates PharmEasy (consumer e-pharmacy), Thyrocare (diagnostics), Ascent (B2B pharma distribution), Aknamed (hospital supply chain)",company-field,,,,,SRC00374,HIGH,current,yes,
CL00101,S0019,PharmEasy,employee_estimate,488,company-field,,,,,SRC00403,MEDIUM,current,yes,"Tracxn official count; PitchBook shows 3,965; Wikipedia 4,700+ (2024). Significant discrepancy; Tracxn likely counts parent-only."
CL00102,S0019,PharmEasy,public_private,private,company-field,,,,,SRC00374,HIGH,current,yes,Unlisted; DRHP filed Nov 2021 withdrawn; IPO ambitions revived
CL00103,S0019,PharmEasy,registered_office,"Mumbai, Maharashtra",company-field,,,,,SRC00374,MEDIUM,current,yes,CIN indicates MH registration
CL00104,S0020,Snapmint,official_website,https://www.snapmintbusiness.com,company-field,,,,,SRC00427,HIGH,current,yes,verified live 2026-09-15: name match on own homepage
CL00105,S0021,Upstox,official_website,https://upstox.com,company-field,,,,,SRC00442,HIGH,current,yes,verified live 2026-09-15: name match on own homepage
CL00106,S0021,Upstox,careers_website,https://upstox.com/careers/,company-field,,,,,SRC00442,HIGH,current,yes,"careers link found on official homepage, probed live"
CL00107,S0021,Upstox,description,India's 4th largest broker by clients; discount broking platform for active traders; backed by Tiger Global and Ratan Tata,company-field,,,,,SRC00431,HIGH,current,yes,4th largest by clients per Livemint
CL00108,S0021,Upstox,employee_estimate,387,company-field,,,,,SRC00433,MEDIUM,current,yes,"Tracxn: 387 employees as of May 1, 2026"
CL00109,S0021,Upstox,public_private,private,company-field,,,,,SRC00431,HIGH,current,yes,No IPO; listing on cards but no timeline disclosed
CL00110,S0021,Upstox,registered_office,"807, New Delhi House, Barakhamba Road, Connaught Place, New Delhi - 110001",company-field,,,,,SRC00437,HIGH,current,yes,Per Upstox T&C
CL00111,S0022,Udaan,official_website,https://udaan.com,company-field,,,,,SRC00456,HIGH,current,yes,verified live 2026-09-15: name match on own homepage
CL00112,S0023,ACKO,official_website,https://www.acko.com,company-field,,,,,SRC00471,HIGH,current,yes,verified live 2026-09-15: name match on own homepage
CL00113,S0023,ACKO,careers_website,https://www.acko.com/careers/,company-field,,,,,SRC00471,HIGH,current,yes,"careers link found on official homepage, probed live"
CL00114,S0024,CoinSwitch Kuber,official_website,https://coinswitch.co,company-field,,,,,SRC00489,HIGH,current,yes,verified live 2026-09-15: name match on own homepage
CL00115,S0024,CoinSwitch Kuber,careers_website,https://recruiterflow.com/coinswitch/jobs,company-field,,,,,,HIGH,current,yes,verified 2026-09-15
CL00116,S0025,Cult.fit (CureFit),official_website,https://www.cult.fit,company-field,,,,,SRC00513,HIGH,current,yes,verified live 2026-09-15: name match on own homepage
CL00117,S0025,Cult.fit (CureFit),careers_website,https://careers.cult.fit/cult/,company-field,,,,,,HIGH,current,yes,verified 2026-09-15
CL00118,S0026,Fireflies AI,official_website,https://fireflies.ai,company-field,,,,,SRC00530,HIGH,current,yes,verified live 2026-09-15: name match on own homepage
CL00119,S0026,Fireflies AI,careers_website,https://jobs.gem.com/fireflies,company-field,,,,,,HIGH,current,yes,verified 2026-09-15
CL00120,S0027,Hasura,official_website,https://hasura.io,company-field,,,,,SRC00546,HIGH,current,yes,verified live 2026-09-15: name match on own homepage
CL00121,S0027,Hasura,careers_website,https://hasura.io/careers,company-field,,,,,SRC00546,HIGH,current,yes,"careers link found on official homepage, probed live"
CL00122,S0028,Icertis,cin,U72900PN2009PTC134043,company-field,,,2009-05-29,,,HIGH,current,yes,
CL00123,S0028,Icertis,incorporation_date,29 May 2009,company-field,,,2009-05-29,,,HIGH,current,yes,
CL00124,S0028,Icertis,official_website,https://www.icertis.com,company-field,,,,,SRC00557,HIGH,current,yes,verified live 2026-09-15: name match on own homepage
CL00125,S0028,Icertis,careers_website,https://www.icertis.com/company/careers/,company-field,,,,,SRC00557,HIGH,current,yes,"careers link found on official homepage, probed live"
CL00126,S0029,LeadSquared,official_website,https://www.leadsquared.com,company-field,,,,,,HIGH,current,yes,W-wave verified 2026-09-15
CL00127,S0029,LeadSquared,careers_website,https://www.leadsquared.com/company/careers,company-field,,,,,,HIGH,current,yes,Careers page confirmed via search; hyperresearch fetch returned HTTP 403
CL00128,S0029,LeadSquared,state,Karnataka,company-field,,,2026-09-15,,SRC00578,HIGH,current,yes,Karnataka state
CL00129,S0029,LeadSquared,description,"Vertical SaaS platform for sales execution, marketing automation, and field-force management; no-code workflow builder; serves high-lead-volume enterprises",company-field,,,2026-09-15,,SRC00570,HIGH,current,yes,"Products include CRM, marketing cloud, sales performance analytics, developer platform"
CL00130,S0029,LeadSquared,public_private,Private,company-field,,,2026-09-15,,SRC00573,HIGH,current,yes,Last funding 20/06/2022; no IPO
CL00131,S0029,LeadSquared,registered_office,"MarketXpander Services Pvt Ltd, Karnataka",company-field,,,2026-09-15,,SRC00563,MEDIUM,current,yes,MCA-registered entity; exact address not fetched (ZaubaCorp 403)
CL00132,S0030,MoEngage,official_website,https://www.moengage.com,company-field,,,,,SRC00588,HIGH,current,yes,verified live 2026-09-15: name match on own homepage
CL00133,S0030,MoEngage,careers_website,https://www.moengage.com/careers/,company-field,,,,,SRC00588,HIGH,current,yes,"careers link found on official homepage, probed live"
CL00134,S0031,Moneyview,official_website,https://moneyview.in,company-field,,,,,SRC00597,HIGH,current,yes,verified live 2026-09-15: name match on own homepage
CL00135,S0031,Moneyview,careers_website,https://moneyview.in/careers,company-field,,,,,SRC00597,HIGH,current,yes,"careers link found on official homepage, probed live"
CL00136,S0032,Mu Sigma,official_website,https://www.mu-sigma.com,company-field,,,,,,HIGH,current,yes,W-wave verified 2026-09-15
CL00137,S0032,Mu Sigma,careers_website,https://mu-sigma.com/careers,company-field,,,,,,HIGH,current,yes,W-wave verified 2026-09-15
CL00138,S0032,Mu Sigma,state,Karnataka,company-field,,,,,SRC00602,HIGH,current,yes,Karnataka per MCA registration
CL00139,S0032,Mu Sigma,description,"Decision sciences company providing analytics, AI, and decision systems to enterprises; 140+ Fortune 500 clients; 12+ industries served; founded 2004; unicorn since Feb 2013",company-field,,,,,SRC00599,HIGH,current,yes,From company website and Wikipedia
CL00140,S0032,Mu Sigma,public_private,private,company-field,,,,,SRC00603,HIGH,current,yes,Privately Held per LinkedIn; never listed
CL00141,S0032,Mu Sigma,registered_office,"Aviator Building Level 14, Ascend as ITPL - SEZ Zone, Whitefield, Bangalore, Karnataka, India, 560066",company-field,,,,,SRC00602,HIGH,current,yes,MCA registered address per Tofler
CL00142,S0033,Netradyne,official_website,https://www.netradyne.com,company-field,,,,,SRC00611,HIGH,current,yes,verified live 2026-09-15: name match on own homepage
CL00143,S0033,Netradyne,careers_website,https://www.netradyne.com/company/careers,company-field,,,,,SRC00611,HIGH,current,yes,"careers link found on official homepage, probed live"
CL00144,S0034,Postman,official_website,https://www.postman.com,company-field,,,,,SRC00622,HIGH,current,yes,verified live 2026-09-15: name match on own homepage
CL00145,S0034,Postman,careers_website,https://www.postman.com/company/careers/,company-field,,,,,SRC00622,HIGH,current,yes,"careers link found on official homepage, probed live"
CL00146,S0034,Postman,cin,U72900KA2014PTC076766,company-field,,,,,SRC00615,HIGH,current,yes,Verified via Tracxn legal entities section
CL00147,S0034,Postman,incorporation_date,2014-10-14,company-field,,,,,SRC00615,HIGH,current,yes,India entity incorporation date
CL00148,S0034,Postman,state,Karnataka,company-field,,,,,SRC00612,HIGH,current,yes,
CL00149,S0034,Postman,description,"Postman is the world's leading API platform for designing, testing, documenting, monitoring, and distributing APIs. Founded in Bengaluru, now headquartered in San Francisco with offices in Bangalore a",company-field,,,,,SRC00612,HIGH,current,yes,
CL00150,S0034,Postman,employee_estimate,273,company-field,,,2025-08-31,,SRC00615,MEDIUM,current,yes,"As of Aug 31, 2025 per Tracxn; Inc42 reported 3,547 earlier; significant reduction likely from restructuring"
CL00151,S0034,Postman,public_private,private,company-field,,,,,SRC00612,HIGH,current,yes,"Series D, no IPO"
CL00152,S0034,Postman,registered_office,"#310, 6th Main Road Indiranagar, Bangalore, Karnataka 560038",company-field,,,,,SRC00615,HIGH,current,yes,Same as Bangalore office address
CL00153,S0035,Zeta,official_website,https://www.zeta.tech,company-field,,,,,SRC00626,HIGH,current,yes,verified live 2026-09-15: name match on own homepage
CL00154,S0035,Zeta,careers_website,https://www.zeta.tech/in/careers,company-field,,,,,SRC00626,HIGH,current,yes,"careers link found on official homepage, probed live"
CL00155,S0035,Zeta,cin,U74999MH2011PTC221931,company-field,,,2026-09-15,,SRC00631,HIGH,current,yes,MCA CIN from Tracxn registry data
CL00156,S0035,Zeta,incorporation_date,2011-09-13,company-field,,,2026-09-15,,SRC00631,HIGH,current,yes,MCA registration date; Zeta brand founded 2015 by Turakhia/Gaddipati
CL00157,S0035,Zeta,state,Karnataka,company-field,,,2026-09-15,,SRC00631,HIGH,current,yes,Bengaluru office
CL00158,S0035,Zeta,country,India,company-field,,,2026-09-15,,SRC00626,HIGH,current,yes,India entity Better World Technology Pvt Ltd
CL00159,S0035,Zeta,description,"Next-gen banking technology company providing cloud-native, API-first platform for card issuance, core banking, lending, and digital banking experiences to banks and fintechs globally",company-field,,,2026-09-15,,SRC00626,HIGH,current,yes,From company website
CL00160,S0035,Zeta,registered_office,"601,602,6th Floor, Bldg No.3, IT Park Off, Western Express Highway, Next to Hub Mall, NESCO, Goregaon East, Mumbai, Maharashtra, India, 400063",company-field,,,2026-09-15,,SRC00631,HIGH,current,yes,Tracxn registered address
CL00161,S0036,Flipkart,official_website,https://www.flipkart.com,company-field,,,,,SRC00655,HIGH,current,yes,verified live 2026-09-15: name match on own homepage
CL00162,S0036,Flipkart,careers_website,https://www.flipkartcareers.com,company-field,,,,,,HIGH,current,yes,verified 2026-09-15
CL00163,S0036,Flipkart,state,Karnataka,company-field,,,2026-09-15,,SRC00649,HIGH,current,yes,Karnataka state per registered address
CL00164,S0036,Flipkart,country,India,company-field,,,2026-09-15,,SRC00649,HIGH,current,yes,India-incorporated; domicile shifting from Singapore
CL00165,S0036,Flipkart,description,"India's leading e-commerce marketplace, majority-owned by Walmart since 2018; operates marketplace across electronics, fashion, grocery, and quick commerce",company-field,,,2026-09-15,,SRC00649,MEDIUM,current,yes,Tofler description; Walmart 80.5% ownership per BL
CL00166,S0036,Flipkart,registered_office,"Buildings Alyssa, Begonia & Clover, Embassy Tech Village, Outer Ring Road, Devarabeesanahalli Village Ben, Karnataka - 560103",company-field,,,2026-09-15,,SRC00649,HIGH,current,yes,Verified registered address per MCA records via Tofler
CL00167,S0036,Flipkart,subsidiary_of,"Flipkart Pte Ltd (Singapore, shifting to India)",company-field,,,2026-09-15,,SRC00646,MEDIUM,current,yes,Domicile shift from Singapore to India reported 2026; Flipkart Internet is Indian operating entity
CL00168,S0037,Porter,official_website,https://porter.in,company-field,,,,,SRC00659,HIGH,current,yes,verified live 2026-09-15: name match on own homepage
CL00169,S0037,Porter,careers_website,https://porter.in/careers,company-field,,,,,SRC00659,HIGH,current,yes,"careers link found on official homepage, probed live"
CL00170,S0037,Porter,cin,UNKNOWN,company-field,,,,,,LOW,current,yes,Not verified from registry
CL00171,S0037,Porter,incorporation_date,2014,company-field,,,,,SRC00663,HIGH,current,yes,Multiple sources confirm 2014 founding
CL00172,S0037,Porter,state,Karnataka,company-field,,,,,SRC00659,HIGH,current,yes,Bengaluru is in Karnataka
CL00173,S0037,Porter,country,India,company-field,,,,,SRC00659,HIGH,current,yes,Indian operations
CL00174,S0037,Porter,description,"On-demand intra-city logistics platform offering mini-truck, tempo, EV, and two-wheeler transport for businesses and consumers. Also offers Porter Enterprise (B2B), Packers & Movers, and intercity cou",company-field,,,,,SRC00659,HIGH,current,yes,From porter.in official site
CL00175,S0037,Porter,registered_office,"SmartShift Logistics Solutions Pvt Ltd, Bengaluru",company-field,,,,,SRC00665,MEDIUM,current,yes,CCI order references entity
CL00176,S0038,Unacademy,official_website,https://unacademy.com,company-field,,,,,SRC00695,HIGH,current,yes,verified live 2026-09-15: name match on own homepage
CL00177,S0038,Unacademy,careers_website,https://unacademy.com/careers,company-field,,,,,SRC00695,HIGH,current,yes,"careers link found on official homepage, probed live"
CL00178,S0038,Unacademy,state,Karnataka,company-field,,,,,SRC00686,HIGH,current,yes,
CL00179,S0038,Unacademy,country,India,company-field,,,,,SRC00686,HIGH,current,yes,
CL00180,S0038,Unacademy,description,"Edtech platform founded 2015 as YouTube channel; unicorn at $3.44Bn peak (2021); acquired by upGrad for ~$206M (Sep 2026). Products: Unacademy test prep, Airlearn, Graphy, PrepLadder, Relevel (shut).",company-field,,,,,SRC00288,HIGH,current,yes,
CL00181,S0038,Unacademy,registered_office,"NO 11/1,12/1 2nd Floor, Block B Maruti Info-Tech Centre, Amarjyothi Layout, Intermediate Ring Road, Bangalore North, Karnataka - 560071",company-field,,,,,SRC00686,HIGH,current,yes,
CL00182,S0039,Vedantu,official_website,https://www.vedantu.com,company-field,,,,,SRC00712,HIGH,current,yes,verified live 2026-09-15: name match on own homepage
CL00183,S0039,Vedantu,careers_website,https://www.vedantu.com/careers,company-field,,,,,SRC00712,HIGH,current,yes,"careers link found on official homepage, probed live"
CL00184,S0040,Zetwerk,official_website,https://www.zetwerk.com,company-field,,,,,SRC00734,HIGH,current,yes,verified live 2026-09-15: name match on own homepage
CL00185,S0040,Zetwerk,careers_website,https://www.zetwerk.com/careers,company-field,,,,,,HIGH,current,yes,verified 2026-09-15
CL00186,S0040,Zetwerk,state,Karnataka,company-field,,,,,SRC00715,HIGH,current,yes,
CL00187,S0040,Zetwerk,country,India,company-field,,,,,,HIGH,current,yes,
CL00188,S0040,Zetwerk,description,"Full-stack manufacturing platform serving energy, electronics, defence, aerospace, capital goods sectors via owned facilities and third-party supplier network",company-field,,,,,SRC00716,HIGH,current,yes,
CL00189,S0040,Zetwerk,registered_office,"Bengaluru, Karnataka",company-field,,,,,SRC00715,HIGH,current,yes,
CL00190,S0042,InMobi,official_website,https://www.inmobi.com,company-field,,,,,SRC00770,HIGH,current,yes,verified live 2026-09-15: name match on own homepage
CL00191,S0042,InMobi,careers_website,https://www.inmobi.com/company/careers/,company-field,,,,,SRC00770,HIGH,current,yes,"careers link found on official homepage, probed live"
CL00192,S0042,InMobi,description,India's first unicorn (2011); global adtech + consumer AI group. InMobi Advertising serves 30k+ brands across 150+ countries. Glance AI is lock-screen commerce platform on 450M+ smartphones. Redomicil,company-field,,,2026-09-15,,SRC00760,HIGH,current,yes,Multiple sources corroborate
CL00193,S0042,InMobi,employee_estimate,estimated 1000-2000,company-field,,,FY25,,SRC00757,LOW,current,yes,Tofler shows employee cost ₹344.6cr FY25; no headcount disclosed
CL00194,S0042,InMobi,public_private,private,company-field,,,2026-09-15,,SRC00751,HIGH,current,yes,IPO-bound; FY27 listing target
CL00195,S0042,InMobi,registered_office,"WeWork HQ 27, B-660, Sushant Lok Phase-1, Sector-27, Galleria Dlf-iv, Haryana - 122009",company-field,,,2026-09-15,,SRC00757,HIGH,current,yes,Tofler registered address
CL00196,S0043,Nykaa,official_website,https://www.nykaa.com,company-field,,,,,,HIGH,current,yes,W-wave verified 2026-09-15
CL00197,S0043,Nykaa,careers_website,https://careers.nykaa.com,company-field,,,,,,HIGH,current,yes,Careers page confirmed via search
CL00198,S0044,Rebel Foods,official_website,https://www.rebelfoods.com,company-field,,,,,SRC00796,HIGH,current,yes,verified live 2026-09-15: name match on own homepage
CL00199,S0044,Rebel Foods,careers_website,https://www.rebelfoods.com/join-our-team,company-field,,,,,SRC00796,HIGH,current,yes,playwright render 2026-09-15
CL00200,S0044,Rebel Foods,description,"Rebel Foods is India's largest cloud kitchen company operating multiple food brands from delivery-only kitchens. Portfolio includes Faasos, Behrouz Biryani, Oven Story Pizza, Lunchbox, The Good Bowl, ",company-field,,,2024-12,,SRC00786,HIGH,current,yes,
CL00201,S0044,Rebel Foods,employee_estimate,6040,company-field,,,2024,,SRC00794,MEDIUM,current,yes,Tracxn data; unverified from primary source
CL00202,S0044,Rebel Foods,public_private,private,company-field,,,2026-09-15,,SRC00786,HIGH,current,yes,IPO planned 2026; not yet listed
CL00203,S0045,Drools,official_website,https://drools.com,company-field,,,,,SRC00808,HIGH,current,yes,verified live 2026-09-15: name match on own homepage
CL00204,S0045,Drools,state,Karnataka,company-field,,,2026-09-15,,SRC00814,HIGH,current,yes,Karnataka state
CL00205,S0045,Drools,country,India,company-field,,,2026-09-15,,SRC00802,HIGH,current,yes,India
CL00206,S0045,Drools,description,"CONFUSION RISK: The 'Drools' name refers to three distinct entities: (1) Drools Pet Food Pvt Ltd (Bengaluru, pet food unicorn), (2) Apache Drools/jBPM (open-source rule engine, Red Hat, Raleigh NC), (",company-field,,,2026-09-15,,SRC00802,HIGH,current,yes,Name collision documented per §7 aliases
CL00207,S0045,Drools,hq_type,"Brand/operational HQ in Bengaluru; registered office in Rajnandgaon, Chhattisgarh",company-field,,,2026-09-15,,SRC00807,HIGH,current,yes,"WeWork Embassy One, 8 Bellary Rd, Bengaluru; registered at IB Corporate House, Rajnandgaon"
CL00208,S0045,Drools,registered_office,"436/2, IB Corporate House, Village Indamara, Post Pendri, Rajnandgaon, Chhattisgarh - 491441, India",company-field,,,2026-09-15,,SRC00807,HIGH,current,yes,MCA registered address
CL00209,S0046,Fractal Analytics,official_website,https://fractal.ai,company-field,,,,,SRC00828,HIGH,current,yes,verified live 2026-09-15: name match on own homepage
CL00210,S0046,Fractal Analytics,careers_website,https://fractal.wd1.myworkdayjobs.com/Careers,company-field,,,,,SRC00828,HIGH,current,yes,playwright render 2026-09-15
CL00211,S0047,Jumbotail,official_website,https://jumbotail.com,company-field,,,,,SRC00847,HIGH,current,yes,verified live 2026-09-15: name match on own homepage
CL00212,S0047,Jumbotail,careers_website,https://jumbotail.com/careers/,company-field,,,,,SRC00847,HIGH,current,yes,"careers link found on official homepage, probed live"
CL00213,S0047,Jumbotail,state,Karnataka,company-field,,,2026-09-15,,SRC00833,HIGH,current,yes,Registered in Karnataka per MCA
CL00214,S0047,Jumbotail,country,India,company-field,,,2026-09-15,,SRC00835,HIGH,current,yes,Indian company
CL00215,S0047,Jumbotail,description,"India's leading B2B marketplace and New Retail platform for food and grocery, serving kirana stores and MSMEs",company-field,,,2026-09-15,,SRC00835,HIGH,current,yes,Company self-description from Series D press release
CL00216,S0047,Jumbotail,hq_type,HQ,company-field,,,2026-09-15,,SRC00833,HIGH,current,yes,Registered office and HQ in Bengaluru
CL00217,S0047,Jumbotail,registered_office,"Eastland Citadel, 6th Floor, No.102, Hosur Road, Madiwala Check post, Bangalore, Karnataka - 560029",company-field,,,2026-09-15,,SRC00833,HIGH,current,yes,Tofler MCA registered address
CL00218,S0048,Livspace,official_website,https://www.livspace.com,company-field,,,,,SRC00887,HIGH,current,yes,verified live 2026-09-15: name match on own homepage
CL00219,S0048,Livspace,careers_website,https://www.livspace.com/in/careers,company-field,,,,,SRC00887,HIGH,current,yes,"careers link found on official homepage, probed live"
CL00220,S0048,Livspace,state,Karnataka,company-field,,,2026-09-15,,SRC00856,HIGH,current,yes,Operational HQ Karnataka; registered office Haryana per MCA
CL00221,S0048,Livspace,country,India,company-field,,,2026-09-15,,SRC00856,HIGH,current,yes,"Operations India, Singapore, Middle East"
CL00222,S0048,Livspace,hq_type,operational HQ Bengaluru; registered office Haryana,company-field,,,2026-09-15,,SRC00859,HIGH,current,yes,"MCA registered address: Unit No R2-102, First Floor, M3M Cornerwalk, DLF QE, Haryana 122002; operational HQ at RMZ Ecoworld, Bellandur, Beng"
CL00223,S0048,Livspace,registered_office,"Unit No R2-102, First Floor, M3M Cornerwalk, DLF QE, Dlf Qe, Haryana 122002, India",company-field,,,2026-09-15,,SRC00859,HIGH,current,yes,MCA registered office; ROC Haryana
CL00224,S0049,Meesho,official_website,https://meesho.in,company-field,,,,,SRC00906,HIGH,current,yes,verified live 2026-09-15: name match on own homepage
CL00225,S0049,Meesho,careers_website,https://meesho.io/jobs,company-field,,,,,,HIGH,current,yes,verified 2026-09-15
CL00226,S0049,Meesho,state,Karnataka,company-field,,,,,SRC00893,HIGH,current,yes,Registered in Karnataka
CL00227,S0049,Meesho,country,India,company-field,,,,,SRC00893,HIGH,current,yes,
CL00228,S0049,Meesho,description,Value-focused horizontal e-commerce marketplace targeting price-conscious consumers in tier-2+ cities; zero-commission model; discovery-led commerce,company-field,,,,,SRC00898,HIGH,current,yes,
CL00229,S0049,Meesho,registered_office,"3rd Floor, Wing-E, Helios Business Park, Kadubeesanahalli Village, Varthur Hobli, Outer Ring Road, Bellandur, Bangalore, Karnataka, 560103",company-field,,,,,SRC00893,HIGH,current,yes,
CL00230,S0049,Meesho,hq_type,HQ,company-field,,,,,SRC00893,HIGH,current,yes,
CL00231,S0050,Ola (ANI Technologies),city,Bengaluru,company-field,,,,,,HIGH,current,yes,
CL00232,S0050,Ola (ANI Technologies),official_website,https://www.olacabs.com,company-field,,,,,SRC00924,HIGH,current,yes,verified live 2026-09-15: name match on own homepage
CL00233,S0050,Ola (ANI Technologies),careers_website,https://www.olacabs.com/careers,company-field,,,,,SRC00924,HIGH,current,yes,"careers link found on official homepage, probed live"
CL00234,S0051,Rapido,official_website,https://rapido.bike,company-field,,,,,SRC00946,HIGH,current,yes,verified live 2026-09-15: name match on own homepage
CL00235,S0051,Rapido,careers_website,https://rapido.bike/Careers,company-field,,,,,SRC00946,HIGH,current,yes,"careers link found on official homepage, probed live"
CL00236,S0051,Rapido,cin,U52210TG2015PTC097115,company-field,,,,,SRC00931,HIGH,current,yes,CIN from official website; confirmed by Tracxn and ZaubaCorp
CL00237,S0051,Rapido,incorporation_date,2015-01-05,company-field,,,,,SRC00937,HIGH,current,yes,"Incorporated Jan 5, 2015 per MCA/Tracxn"
CL00238,S0051,Rapido,state,Karnataka,company-field,,,,,SRC00946,HIGH,current,yes,Registered office in Hyderabad but HQ/corporate office in Bengaluru
CL00239,S0051,Rapido,country,India,company-field,,,,,SRC00946,HIGH,current,yes,India-only operations
CL00240,S0051,Rapido,description,"India's largest ride-hailing platform operating bike taxis, autos, and cabs across 500+ cities. Also operates Ownly food delivery and Metro Ticket. Uses zero-commission SaaS subscription model for dri",company-field,,,,,SRC00946,HIGH,current,yes,From official website and multiple sources
CL00241,S0051,Rapido,hq_type,"Corporate Office: Mantri Commercio - Spatium Tower A, Varthur Hobli, Bangalore East Taluk; City Office: HSR Layout, Bengaluru",company-field,,,,,SRC00931,HIGH,current,yes,Registered office in Hyderabad (Madhapur); operational HQ in Bengaluru
CL00242,S0051,Rapido,registered_office,"3rd Floor, Sai Prithvi Arcade, Megha Hills, Sri Rama Colony, Madhapur, Hyderabad - 500081",company-field,,,,,SRC00931,HIGH,current,yes,Per official website; Tracxn confirms same
CL00243,S0052,ShareChat,official_website,https://sharechat.com,company-field,,,,,SRC00997,HIGH,current,yes,verified live 2026-09-15: name match on own homepage
CL00244,S0052,ShareChat,careers_website,https://sharechat.com/careers,company-field,,,,,,HIGH,current,yes,verified 2026-09-15
CL00245,S0052,ShareChat,state,Karnataka,company-field,,,2026-08-12,,SRC00974,HIGH,current,yes,Registered office in Bengaluru Urban district
CL00246,S0052,ShareChat,country,India,company-field,,,2026-08-12,,SRC00974,HIGH,current,yes,Indian company; registered under MCA
CL00247,S0052,ShareChat,description,"India's largest homegrown social media company operating Indic-language platforms: ShareChat (110Mn+ MAU), Moj (100Mn+ MAU), QuickTV (7.3Mn subscribers). 325+ Mn MAU across all platforms.",company-field,,,2026-08-12,,SRC00974,HIGH,current,yes,Company self-reported; verified 2026-08-12
CL00248,S0052,ShareChat,hq_type,HQ,company-field,,,2026-08-12,,SRC00974,HIGH,current,yes,"Headquartered in Bengaluru with global teams in India, USA, Europe"
CL00249,S0052,ShareChat,registered_office,"North Tower, Smartworks Vaishnavi Tech Park, Survey No 16/1 & No 17/2, Ambalipura Village, Varthur Hobli, Bengaluru Urban, Karnataka - 560103",company-field,,,2026-03-31,,SRC00977,HIGH,current,yes,From Terms of Use page
CL00250,S0053,Apna,official_website,https://apna.co,company-field,,,,,SRC01008,HIGH,current,yes,verified live 2026-09-15: name match on own homepage
CL00251,S0053,Apna,careers_website,https://apna.co/jobs,company-field,,,,,SRC01008,HIGH,current,yes,"careers link found on official homepage, probed live"
CL00252,S0053,Apna,state,Karnataka,company-field,,,2026-09-15,,SRC00998,MEDIUM,current,yes,Bengaluru is in Karnataka; registered office in Haryana
CL00253,S0053,Apna,country,India,company-field,,,2026-09-15,,SRC01008,HIGH,current,yes,Indian company
CL00254,S0053,Apna,description,"AI-powered professional networking and job search platform connecting blue/grey-collar job seekers with employers. Operates three verticals: Apna.co (jobs marketplace), BlueMachines.ai (enterprise voi",company-field,,,2026-09-15,,SRC00998,HIGH,current,yes,Tracxn description + Fortune India
CL00255,S0053,Apna,hq_type,operating,company-field,,,2026-09-15,,SRC00998,HIGH,current,yes,"HQ in Bengaluru; registered office in Gurugram, Haryana"
CL00256,S0053,Apna,registered_office,"Innov8 Orchid Centre, 3rd Floor, Orchid Center, Golf Course Road, Sector 53, DLF QE, Gurgaon, Haryana, India, 122002",company-field,,,2026-09-15,,SRC00998,HIGH,current,yes,Tracxn lists registered address; Tofler shows Andheri E Mumbai as current registered address per MCA
CL00257,S0054,BharatPe,official_website,https://bharatpe.com,company-field,,,,,SRC01024,HIGH,current,yes,verified live 2026-09-15: name match on own homepage
CL00258,S0054,BharatPe,careers_website,https://bharatpe.com/career,company-field,,,,,SRC01024,HIGH,current,yes,"careers link found on official homepage, probed live"
CL00259,S0055,Euler Motors,official_website,https://www.eulermotors.com,company-field,,,,,SRC01044,HIGH,current,yes,verified live 2026-09-15: name match on own homepage
CL00260,S0055,Euler Motors,state,Delhi,company-field,,,2026-09-15,,SRC01029,HIGH,current,yes,Registered in New Delhi per MCA
CL00261,S0055,Euler Motors,country,India,company-field,,,2026-09-15,,SRC01029,HIGH,current,yes,Indian private limited company
CL00262,S0055,Euler Motors,description,Electric commercial vehicle manufacturer building 3W and 4W cargo EVs for last-mile logistics,company-field,,,2026-09-15,,SRC01031,HIGH,current,yes,"Founded 2018; HiLoad EV 3W, Storm/Turbo EV4W"
CL00263,S0055,Euler Motors,hq_type,registered_office,company-field,,,2026-09-15,,SRC01029,HIGH,current,yes,"B-99, Second Floor, Panchsheel Vihar, New Delhi - 110017"
CL00264,S0055,Euler Motors,registered_office,"B-99, Second Floor, Panchsheel Vihar, New Delhi, Delhi - 110017",company-field,,,2026-09-15,,SRC01029,HIGH,current,yes,MCA registered address
CL00265,S0056,Fibe (EarlySalary),official_website,https://www.fibe.in,company-field,,,,,SRC01051,HIGH,current,yes,verified live 2026-09-15: name match on own homepage
CL00266,S0056,Fibe (EarlySalary),careers_website,https://www.fibe.in/careers/,company-field,,,,,SRC01051,HIGH,current,yes,"careers link found on official homepage, probed live"
CL00267,S0057,Innovaccer,cin,U72300UP2015PTC071394 (Innovaccer Technologies Pvt Ltd) / U74140UP2013PTC202874 (Innovaccer Analytics Pvt Ltd),company-field,,,15 June 20,,,HIGH,current,yes,
CL00268,S0057,Innovaccer,incorporation_date,"15 June 2015 (Innovaccer Technologies Pvt Ltd, Kanpur ROC) / 19 November 2013 (Innovaccer Analytics Pvt Ltd, Kanpur ROC)",company-field,,,2015-06-15,,,HIGH,current,yes,
CL00269,S0057,Innovaccer,official_website,https://innovaccer.com,company-field,,,,,SRC01057,HIGH,current,yes,verified live 2026-09-15: name match on own homepage
CL00270,S0057,Innovaccer,careers_website,https://innovaccer.com/careers,company-field,,,,,SRC01057,HIGH,current,yes,"careers link found on official homepage, probed live"
CL00271,S0058,Pixxel,official_website,https://www.pixxel.space,company-field,,,,,SRC01077,HIGH,current,yes,verified live 2026-09-15: name match on own homepage
CL00272,S0058,Pixxel,careers_website,https://www.pixxel.space/careers,company-field,,,,,SRC01077,HIGH,current,yes,"careers link found on official homepage, probed live"
CL00273,S0059,Ecofy Finance (Ecofy),official_website,https://www.ecofy.co.in,company-field,,,,,SRC01102,HIGH,current,yes,verified live 2026-09-15: name match on own homepage
CL00274,S0059,Ecofy Finance (Ecofy),careers_website,https://www.ecofy.co.in/careers,company-field,,,,,SRC01102,HIGH,current,yes,"careers link found on official homepage, probed live"
CL00275,S0060,Miko Technologies,cin,U72900MH2015PTC261095,company-field,,,2015-01-19,,,HIGH,current,yes,
CL00276,S0060,Miko Technologies,official_website,https://miko.ai,company-field,,,,,SRC01117,HIGH,current,yes,verified live 2026-09-15: name match on own homepage
CL00277,S0060,Miko Technologies,careers_website,https://miko.ai/pages/careers,company-field,,,,,,HIGH,current,yes,verified 2026-09-15
CL00278,S0061,Nua,official_website,https://nuawoman.com,company-field,,,,,SRC01137,HIGH,current,yes,verified live 2026-09-15: name match on own homepage
CL00279,S0061,Nua,description,"Digital-first, omnichannel women's wellness company offering products across period care, maternity care, skincare and everyday intimate care. Founded 2017 by Ravi Ramachandran.",company-field,,,,,SRC01124,HIGH,current,yes,VCCircle Sep 2026
CL00280,S0061,Nua,employee_estimate,254,company-field,,,2026-09-15,,SRC01125,MEDIUM,current,yes,Inc42 Datalabs shows 254 employees (+3.25% last 90d); existing enrich had 106 (older). Inc42 is more recent.
CL00281,S0061,Nua,public_private,Private,company-field,,,,,SRC01121,HIGH,current,yes,Unlisted private company per MCA/Tofler
CL00282,S0061,Nua,hq_type,registered,company-field,,,,,SRC01121,HIGH,current,yes,"Registered office at 17th Floor, VIOS Towers, Off Eastern Express Highway, Sewri-Chembur Road, New Mumbai"
CL00283,S0061,Nua,registered_office,"17th Floor, VIOS Towers, Off Eastern Express Highway, Sewri-Chembur Road, New Mumbai, Maharashtra - 400037",company-field,,,,,SRC01121,HIGH,current,yes,Tofler/MCA registered address
CL00284,S0062,Truemeds,official_website,https://www.truemeds.in,company-field,,,,,SRC01161,HIGH,current,yes,verified live 2026-09-15: name match on own homepage
CL00285,S0062,Truemeds,careers_website,https://www.truemeds.in/categories/health-conditions/bone-and-joint-care-138,company-field,,,,,SRC01161,HIGH,current,yes,playwright render 2026-09-15
CL00286,S0062,Truemeds,description,"Technology-driven e-pharmacy and telehealth platform recommending clinically equivalent generic substitutes for branded prescriptions, focused on chronic-care patients (diabetes, hypertension, cardiov",company-field,,,2026-09-15,,SRC01138,HIGH,current,yes,
CL00287,S0062,Truemeds,employee_estimate,318,company-field,,,2026-02-01,,SRC01152,MEDIUM,current,yes,Tracxn official employee count (Feb 2026); conflicts with ~3000 (VCCircle/Moneycontrol Aug 2025) and 1381 (Inc42). Likely headcount includes
CL00288,S0062,Truemeds,public_private,private,company-field,,,2026-09-15,,SRC01162,HIGH,current,yes,Unlisted private company per MCA/Tofler
CL00289,S0062,Truemeds,hq_type,registered_office,company-field,,,2026-09-15,,SRC01145,HIGH,current,yes,"Unit-301 & 304, Lightbridge Tunga Village, Saki Vihar Rd, Chandivali, Powai, Mumbai, Maharashtra, 400072"
CL00290,S0062,Truemeds,registered_office,"Unit-301 & 304, Lightbridge Tunga Village, Saki Vihar Rd, Chandivali, Powai, Mumbai, Maharashtra, India, 400072",company-field,,,2026-09-15,,SRC01145,HIGH,current,yes,
CL00291,S0062,Truemeds,dpiit_recognized,True,company-field,,,2026-09-15,,SRC01152,MEDIUM,current,yes,Tracxn tags include 'DPIIT Registered'; not independently verified on startupindia.gov.in
CL00292,S0063,Weaver Services,official_website,https://www.weaverhfc.com,company-field,,,,,SRC01178,HIGH,current,yes,verified live 2026-09-15: name match on own homepage
CL00293,S0063,Weaver Services,description,"Affordable housing finance platform serving self-employed, women borrowers, and tier-2/3 city residents; acquisition-led growth strategy",company-field,,,2026-09-15,,SRC01175,HIGH,current,yes,Per founder interview and ipoplatform profile
CL00294,S0063,Weaver Services,employee_estimate,UNKNOWN,company-field,,,2026-09-15,,,LOW,current,yes,No public employee count found; MCA filings behind paywall
CL00295,S0063,Weaver Services,public_private,Private,company-field,,,2026-09-15,,SRC01173,HIGH,current,yes,MCA classifies as Private UnListed Indian Non-Government Company
CL00296,S0063,Weaver Services,hq_type,registered_office,company-field,,,2026-09-15,,SRC01173,MEDIUM,current,yes,"Registered office at 701 Tower 3 Crescent Bay, Parel, Mumbai"
CL00297,S0063,Weaver Services,registered_office,"701 Tower 3 Crescent Bay, Jerbai Wadia, Bhoiwada, Parel, Mumbai, Maharashtra 400012",company-field,,,2026-09-15,,SRC01173,HIGH,current,yes,MCA registered address per Tracxn and CompanyCheck
CL00298,S0064,NoBroker,official_website,https://www.nobroker.in,company-field,,,,,SRC01199,HIGH,current,yes,verified live 2026-09-15: name match on own homepage
CL00299,S0064,NoBroker,careers_website,https://www.nobroker.in/careers,company-field,,,,,,HIGH,current,yes,verified 2026-09-15
CL00300,S0064,NoBroker,state,Karnataka,company-field,,,,,SRC01189,HIGH,current,yes,
CL00301,S0064,NoBroker,country,India,company-field,,,,,SRC01189,HIGH,current,yes,
CL00302,S0064,NoBroker,description,"India's first proptech unicorn; brokerage-free real estate platform connecting property owners with tenants/buyers directly. Expanded into financial services (home loan aggregation), home services (pa",company-field,,,,,SRC01189,HIGH,current,yes,
CL00303,S0064,NoBroker,hq_type,HQ,company-field,,,,,SRC01189,HIGH,current,yes,
CL00304,S0064,NoBroker,registered_office,"Bengaluru, Karnataka",company-field,,,,,SRC01187,HIGH,current,yes,
CL00305,S0065,Skyroot Aerospace,official_website,https://www.skyroot.in,company-field,,,,,SRC01208,HIGH,current,yes,verified live 2026-09-15: name match on own homepage
CL00306,S0065,Skyroot Aerospace,careers_website,https://www.skyroot.in/careers,company-field,,,,,SRC01208,HIGH,current,yes,"careers link found on official homepage, probed live"
CL00307,S0066,Digantara,official_website,https://www.digantara.co.in,company-field,,,,,,HIGH,current,yes,W-wave verified 2026-09-15
CL00308,S0066,Digantara,careers_website,https://digantara.co.in/careers,company-field,,,,,,HIGH,current,yes,Careers page confirmed via search
CL00309,S0066,Digantara,incorporation_date,19 Dec 2018,company-field,,,2026-09-15,,SRC01214,HIGH,current,yes,Both Digantara entities incorporated 19 Dec 2018; company narrative says founded 2018/2020
CL00310,S0066,Digantara,state,Karnataka,company-field,,,2026-09-15,,SRC01214,HIGH,current,yes,Registered office in Bengaluru
CL00311,S0066,Digantara,country,India,company-field,,,2026-09-15,,SRC01224,HIGH,current,yes,"Also has offices in Singapore and Colorado Springs, US"
CL00312,S0066,Digantara,description,"Space surveillance and intelligence company delivering advanced detection, tracking, and analytics for defence and commercial operators; India's first air and space surveillance company",company-field,,,2026-09-15,,SRC01215,HIGH,current,yes,"IISc SID incubated; now operates across India, Singapore, US"
CL00313,S0066,Digantara,hq_type,registered + operational,company-field,,,2026-09-15,,SRC01224,HIGH,current,yes,"HQ at Brigade Senate-2, Hebbal-Kempapura, Bengaluru 560094; also offices in Singapore and Colorado Springs"
CL00314,S0066,Digantara,registered_office,"9th Floor, Brigade Senate-2, Outer Ring Road, Hebbal, R.M.V. Extension II Stage, Bangalore, Karnataka - 560094",company-field,,,2026-09-15,,SRC01214,HIGH,current,yes,For Digantara Industries Pvt Ltd (U30304KA2018PTC207867); Digantara R&T registered address per VakilSearch is in Pauri Garhwal
CL00315,S0067,Games24x7,official_website,https://www.games24x7.com,company-field,,,,,SRC01253,HIGH,current,yes,verified live 2026-09-15: name match on own homepage
CL00316,S0067,Games24x7,careers_website,https://www.games24x7.com/life#join-us,company-field,,,,,,HIGH,current,yes,verified 2026-09-15
CL00317,S0067,Games24x7,description,"Indian online gaming company operating RummyCircle (rummy), My11Circle (fantasy sports), U Games (casual), and PokerCircle (poker). Founded 2006 by NYU-trained economists. Valued at $2.5B in 2022.",company-field,,,2026-09-15,,SRC01236,HIGH,current,yes,Company self-description; 100M+ users claimed as of 2022
CL00318,S0067,Games24x7,employee_estimate,777,company-field,,,2025-07-31,,SRC01240,MEDIUM,current,yes,Tracxn official count as of Jul 2025; down from ~951 pre-layoffs
CL00319,S0067,Games24x7,public_private,Private,company-field,,,2026-09-15,,SRC01254,HIGH,current,yes,Unlisted private limited company; no DRHP/IPO filed as of 2026-09-15
CL00320,S0067,Games24x7,hq_type,registered + operational,company-field,,,2026-09-15,,SRC01244,HIGH,current,yes,"HQ at 5th Floor, Central Wing(B), Tower-4, Nesco IT Park Nesco Centre, Western Express Highway, Goregaon(E), Mumbai, 400063"
CL00321,S0067,Games24x7,registered_office,"5th Floor, Central Wing(B), Tower-4, Nesco IT Park Nesco Centre, Western Express Highway, Goregaon(E), Mumbai, Maharashtra, 400063",company-field,,,2026-09-15,,SRC01245,HIGH,current,yes,MCA-registered office address
CL00322,S0068,Infra.Market,official_website,https://infra.market,company-field,,,,,,HIGH,current,yes,W-wave verified 2026-09-15
CL00323,S0068,Infra.Market,careers_website,https://infra.market/careers,company-field,,,,,,HIGH,current,yes,Careers page confirmed via search
CL00324,S0068,Infra.Market,cin,U46632MH2016PLC283737,company-field,,,2026-09-15,,SRC01262,HIGH,current,yes,MCA-registered CIN; entity type Public Limited
CL00325,S0068,Infra.Market,description,"Construction materials marketplace and private-label manufacturer; 2nd largest RMC player in India; 13 states RMC operations; 100+ RMC plants; categories: concrete, steel, chemicals, tiles, paints, el",company-field,,,2026-09-15,,SRC01260,HIGH,current,yes,From Inc42 deep-dive and infra.market site
CL00326,S0068,Infra.Market,employee_estimate,5929,company-field,,,2026-03,,SRC01264,MEDIUM,current,yes,"Revelio Labs: 5,929 employees as of March 2026, down 946 (-2.4%) YoY; Inc42 Datalabs shows 1,888 (different methodology)"
CL00327,S0068,Infra.Market,public_private,private,company-field,,,2026-09-15,,SRC01263,HIGH,current,yes,Private company; standalone IPO withdrawn; pursuing reverse listing via Shalimar Paints
CL00328,S0068,Infra.Market,hq_type,corporate headquarters,company-field,,,2026-09-15,,SRC01265,HIGH,current,yes,"Corporate HQ in Thane, Maharashtra"
CL00329,S0068,Infra.Market,registered_office,"Thane, Maharashtra (exact address not verified from primary source)",company-field,,,2026-09-15,,SRC01262,MEDIUM,current,yes,Registered office per MCA; exact address not independently verified
CL00330,S0069,Kinara AI,official_website,https://kinara.ai,company-field,,,,,,HIGH,current,yes,W-wave verified 2026-09-15; acquired by NXP in 2025
CL00331,S0069,Kinara AI,careers_website,https://kinara.ai/careers,company-field,,,,,,MEDIUM,current,yes,Careers page URL found but redirects; company acquired by NXP so may not be actively hiring
CL00332,S0070,Navi,official_website,https://navi.com,company-field,,,,,SRC01301,HIGH,current,yes,verified live 2026-09-15: name match on own homepage
CL00333,S0070,Navi,careers_website,https://navi.com/careers,company-field,,,,,SRC01301,HIGH,current,yes,"careers link found on official homepage, probed live"
CL00334,S0070,Navi,state,Karnataka,company-field,,,,,SRC01291,HIGH,current,yes,Karnataka
CL00335,S0070,Navi,country,India,company-field,,,,,SRC01291,HIGH,current,yes,India
CL00336,S0070,Navi,description,"Digital-first financial services holding company offering personal loans, home loans, LAP, UPI payments, health insurance, and mutual funds through a superapp. Promoted by Sachin Bansal (Flipkart co-f",company-field,,,,,SRC01291,HIGH,current,yes,Multi-entity ecosystem
CL00337,S0070,Navi,hq_type,HQ,company-field,,,,,SRC01291,HIGH,current,yes,Registered office and operational HQ in Bengaluru
CL00338,S0070,Navi,registered_office,"2nd Floor, Vaishnavi Tech Square, Iballur Village, Begur Hobli, Bengaluru, Karnataka 560102",company-field,,,,,SRC01290,HIGH,current,yes,Navi Finserv registered office per NSE filing
CL00339,S0070,Navi,official_website_status,verified,company-field,,,,,SRC01301,HIGH,current,yes,Company-owned domain verified
CL00340,S0070,Navi,official_website_careers,https://navi.com/careers,company-field,,,,,SRC01301,HIGH,current,yes,Careers page found on official homepage
CL00341,S0071,Ninjacart,official_website,https://ninjacart.com,company-field,,,,,SRC01316,HIGH,current,yes,verified live 2026-09-15: name match on own homepage
CL00342,S0071,Ninjacart,careers_website,https://ninjacart.com/careers,company-field,,,,,SRC01316,HIGH,current,yes,"careers link found on official homepage, probed live"
CL00343,S0071,Ninjacart,state,Karnataka,company-field,,,,,SRC01316,HIGH,current,yes,Bengaluru is in Karnataka
CL00344,S0071,Ninjacart,country,India,company-field,,,,,SRC01316,HIGH,current,yes,
CL00345,S0071,Ninjacart,description,"India's leading agritech platform connecting farmers to retailers, traders, and quick-commerce companies. Operates marketplace (Ninja Mandi), B2B retail app (Ninja Kirana), fulfillment supply chain, a",company-field,,,,,SRC01316,HIGH,current,yes,
CL00346,S0071,Ninjacart,hq_type,HQ,company-field,,,,,SRC01316,HIGH,current,yes,Bengaluru HQ with Malaysia office (Kuala Lumpur)
CL00347,S0071,Ninjacart,registered_office,"2nd floor Tower E, Helios Business Park, New Horizon College Bus stop, Service road, Chandana, Kadubeesanahalli, Bengaluru, 560103",company-field,,,,,SRC01316,HIGH,current,yes,
CL00348,S0072,Pine Labs,official_website,https://pinelabs.com,company-field,,,,,,HIGH,current,yes,W-wave verified 2026-09-15
CL00349,S0072,Pine Labs,careers_website,https://www.pinelabs.com/careers,company-field,,,,,,HIGH,current,yes,Careers page confirmed via search
CL00350,S0072,Pine Labs,description,"Indian multinational fintech providing POS systems, payment gateway, prepaid solutions, credit processing and AI-enabled fintech infrastructure for merchants across India, SE Asia and Middle East",company-field,,,,,,MEDIUM,current,yes,
CL00351,S0072,Pine Labs,employee_estimate,3535,company-field,,,,,,MEDIUM,current,yes,
CL00352,S0072,Pine Labs,public_private,Public,company-field,,,,,,MEDIUM,current,yes,
CL00353,S0073,River Mobility,official_website,https://www.rideriver.com,company-field,,,,,SRC01374,HIGH,current,yes,verified live 2026-09-15: name match on own homepage
CL00354,S0073,River Mobility,careers_website,https://www.rideriver.com/careers,company-field,,,,,SRC01374,HIGH,current,yes,"careers link found on official homepage, probed live"
CL00355,S0074,Rocketlane,official_website,https://www.rocketlane.com,company-field,,,,,SRC01389,HIGH,current,yes,verified live 2026-09-15: name match on own homepage
CL00356,S0074,Rocketlane,careers_website,https://careers.kula.ai/rocketlane,company-field,,,,,SRC01389,HIGH,current,yes,"careers link found on official homepage, probed live"
CL00357,S0075,Ultrahuman,official_website,https://www.ultrahuman.com,company-field,,,,,SRC01413,HIGH,current,yes,verified live 2026-09-15: name match on own homepage
CL00358,S0075,Ultrahuman,careers_website,https://ultrahuman.zohorecruit.in/jobs/Careers,company-field,,,,,,HIGH,current,yes,verified 2026-09-15
CL00359,S0075,Ultrahuman,state,Karnataka,company-field,,,,,SRC01406,HIGH,current,yes,KA = Karnataka
CL00360,S0075,Ultrahuman,country,India,company-field,,,,,SRC01406,HIGH,current,yes,Primary incorporation India; global subsidiaries in UAE/UK/USA
CL00361,S0075,Ultrahuman,description,"Global health technology company building wearable and ambient health ecosystem: smart rings, CGM, blood testing, home monitoring, all connected by Jade AI biointelligence platform",company-field,,,,,SRC01391,HIGH,current,yes,Company press release FY25
CL00362,S0075,Ultrahuman,hq_type,HQ,company-field,,,,,SRC01406,HIGH,current,yes,"UltraFactory, OM Towers, Kudlu Gate, Begur, Bengaluru"
CL00363,S0075,Ultrahuman,registered_office,"UltraFactory – Ultrahuman Manufacturing Facility, OM Towers, Kudlu Gate, Begur, Bengaluru - 560114, India",company-field,,,,,SRC01406,HIGH,current,yes,CIN U74999KA2019PTC129250
CL00364,S0076,Third Wave Coffee,cin,U15100KA2017PTC103079,company-field,,,2026-09-15,,SRC01447,HIGH,current,yes,"CIN confirmed across ZaubaCorp, Tofler, Tracxn, InstaFinancials, MCA"
CL00365,S0076,Third Wave Coffee,incorporation_date,2017-05-18,company-field,,,2026-09-15,,SRC01445,HIGH,current,yes,MCA records confirm incorporation on 18 May 2017; company website claims 'from one cafe in Bengaluru in 2016' — brand may predate incorporat
CL00366,S0076,Third Wave Coffee,official_website,https://www.thirdwavecoffeeroasters.com,company-field,,,,,,HIGH,current,yes,W-wave verified 2026-09-15
CL00367,S0076,Third Wave Coffee,careers_website,https://www.thirdwavecoffeeroasters.com/pages/career,company-field,,,,,,HIGH,current,yes,Careers page confirmed via search
CL00368,S0076,Third Wave Coffee,legal_name,Heisetasse Beverages Pvt. Ltd,company-field,,,2026-08-24,,SRC01438,HIGH,current,yes,Entity name per Mint article citing MCA/Tofler filings
CL00369,S0076,Third Wave Coffee,description,"India's homegrown coffee QSR chain operating 240+ cafes; sells packaged coffee beans, cold brew bags, merchandise; launched Third Rush Desserts; expanding pan-India into tier-II/III cities",company-field,,,2026-08-24,,SRC01438,HIGH,current,yes,Per Mint Aug 2026
CL00370,S0076,Third Wave Coffee,employee_estimate,2116,company-field,,,2026-05-01,,SRC01446,MEDIUM,current,yes,"Tracxn reports 2,116 employees as of May 1, 2026; MCA-based data"
CL00371,S0076,Third Wave Coffee,hq_type,HQ,company-field,,,2026-08-24,,SRC01438,HIGH,current,yes,Bengaluru HQ
CL00372,S0076,Third Wave Coffee,registered_office,"#492, 1st, 2nd & 3rd Floor, Above Third Wave Coffee, 17th Main, 2nd Sector, HSR Layout, Bangalore South, Karnataka - 560102",company-field,,,2026-09-15,,SRC01445,HIGH,current,yes,MCA registered address per Tofler/Tracxn
CL00373,S0077,Celcius Logistics,official_website,https://celcius.in,company-field,,,,,,HIGH,current,yes,W-wave verified 2026-09-15
CL00374,S0077,Celcius Logistics,careers_website,https://celcius.in/career,company-field,,,,,,HIGH,current,yes,Careers page confirmed via search
CL00375,S0078,Square Yards,official_website,https://www.squareyards.com,company-field,,,,,SRC01476,HIGH,current,yes,verified live 2026-09-15: name match on own homepage
CL00376,S0078,Square Yards,careers_website,https://www.squareyards.com/career,company-field,,,,,,HIGH,current,yes,verified 2026-09-15
CL00377,S0078,Square Yards,description,"Integrated real estate and mortgage platform facilitating property search, transactions, home loans, interiors, and property management across 100+ cities in 9 countries",company-field,,,2026-09-15,,SRC01469,HIGH,current,yes,"Serves 8M+ homebuyers, 80K+ agents"
CL00378,S0078,Square Yards,employee_estimate,5000,company-field,,,FY25,,SRC01469,MEDIUM,current,yes,"3,000+ sales professionals + 2,000+ mortgage agents per Inc42; total ~5000+"
CL00379,S0078,Square Yards,public_private,private,company-field,,,2026-09-15,,SRC01472,HIGH,current,yes,"Pre-IPO unicorn; IPO planned for Rs 2,000 cr"
CL00380,S0078,Square Yards,registered_office,"3-B, Rajindra Park, Pusa Road, near Rajendra Place Metro Station Gate no - 4, Old Rajinder Nagar, New Delhi, Delhi - 110060",company-field,,,2026-09-15,,SRC01471,HIGH,current,yes,"Tofler-registered address; Delhi, not Gurugram"
CL00381,S0079,Wint Wealth,official_website,https://www.wintwealth.com,company-field,,,,,,HIGH,current,yes,W-wave verified 2026-09-15
CL00382,S0080,Airbound,official_website,https://www.airbound.com,company-field,,,,,SRC01490,HIGH,current,yes,verified live 2026-09-15: name match on own homepage
CL00383,S0080,Airbound,careers_website,https://www.airbound.com/careers,company-field,,,,,SRC01490,HIGH,current,yes,"careers link found on official homepage, probed live"
CL00384,S0081,Ati Motors (now ATI Robotics per 2026 deploy.report note),official_website,https://www.prnewswire.com,company-field,,,,,SRC01497,HIGH,current,yes,verified live 2026-09-15: name match on own homepage
CL00385,S0082,Sapiom,official_website,https://www.sapiom.ai,company-field,,,,,SRC01502,HIGH,current,yes,verified live 2026-09-15: name match on own homepage
CL00386,S0082,Sapiom,careers_website,https://www.sapiom.ai/careers/,company-field,,,,,SRC01502,HIGH,current,yes,"careers link found on official homepage, probed live"
CL00387,S0083,boAt (Imagine Marketing Limited),official_website,https://www.boat-lifestyle.com,company-field,,,,,SRC01514,HIGH,current,yes,verified live 2026-09-15: name match on own homepage
CL00388,S0083,boAt (Imagine Marketing Limited),careers_website,https://www.boat-lifestyle.com/pages/boat-careers,company-field,,,,,,HIGH,current,yes,verified 2026-09-15
CL00389,S0084,One MobiKwik Systems Ltd (MobiKwik),official_website,https://www.mobikwik.com,company-field,,,,,SRC01528,HIGH,current,yes,verified live 2026-09-15: name match on own homepage
CL00390,S0084,One MobiKwik Systems Ltd (MobiKwik),careers_website,https://www.mobikwik.com/careers,company-field,,,,,SRC01528,HIGH,current,yes,playwright render 2026-09-15
CL00391,S0085,OfBusiness,official_website,https://www.ofbusiness.com,company-field,,,,,SRC01534,HIGH,current,yes,verified live 2026-09-15: name match on own homepage
CL00392,S0085,OfBusiness,careers_website,https://www.ofbcareers.com/,company-field,,,,,SRC01534,HIGH,current,yes,"careers link found on official homepage, probed live"
CL00393,S0085,OfBusiness,description,"India's leading B2B commerce and fintech platform aggregating raw material procurement (steel, chemicals, agri, apparel) for SMEs, paired with collateral-free working capital financing through NBFC ar",company-field,,,,,SRC01540,HIGH,current,yes,
CL00394,S0085,OfBusiness,employee_estimate,30000,company-field,,,2026,,SRC01567,MEDIUM,current,yes,"LinkedIn states 30,000+ as of 2026; Tracxn reports 1,385 (likely core); BuiltIn says 1,400; discrepancy likely includes contract/logistics w"
CL00395,S0085,OfBusiness,registered_office,"B-1102, Sankalp Iconic Tower, Opp. Vikramnagar Colony, Iscon Cross Road, S.G. Highway, Ahmedabad - 380054, Gujarat",company-field,,,,,SRC01540,HIGH,current,yes,
CL00396,S0086,Pristyn Care,official_website,https://www.pristyncare.com,company-field,,,,,SRC01581,HIGH,current,yes,verified live 2026-09-15: name match on own homepage
CL00397,S0086,Pristyn Care,careers_website,https://www.pristyncare.com/company/careers/,company-field,,,,,SRC01581,HIGH,current,yes,"careers link found on official homepage, probed live"
CL00398,S0087,Swish,cin,U47912KA2024PTC190629,company-field,,,2024-07-08,,SRC01601,HIGH,current,yes,MCA CIN; verified via multiple registry aggregators
CL00399,S0087,Swish,incorporation_date,2024-07-08,company-field,,,2024-07-08,,SRC01592,HIGH,current,yes,MCA incorporation date; ROC Bangalore
CL00400,S0087,Swish,official_website,https://justswish.in,company-field,,,,,SRC01598,HIGH,current,yes,verified live 2026-09-15: name match on own homepage
CL00401,S0087,Swish,careers_website,https://justswish.in/careers,company-field,,,,,SRC01598,HIGH,current,yes,playwright render 2026-09-15
CL00402,S0087,Swish,legal_name,Munchmart Technologies Private Limited,company-field,,,2024-07-08,,SRC01594,HIGH,current,yes,"MCA-registered legal entity name; confirmed across Tracxn, InstaFinancials, IndiaFilings, VakilSearch"
CL00403,S0087,Swish,description,"Swish is a 10-minute food delivery platform that owns its kitchens, technology, and last-mile delivery. Founded in Bengaluru in 2024, it operates a network of neighbourhood kitchens (Delight Centers) ",company-field,,,2026-09-10,,SRC01587,HIGH,current,yes,Company PR Sep 2026
CL00404,S0087,Swish,employee_estimate,697,company-field,,,2025-08-31,,SRC01596,MEDIUM,current,yes,"Tracxn official employee count as of Aug 31, 2025; LinkedIn shows 354; ZoomInfo 51-200; discrepancy across sources. Tracxn is most recent da"
CL00405,S0087,Swish,hq_type,registered_office,company-field,,,2024-07-08,,SRC01592,HIGH,current,yes,"Registered office doubles as HQ at HSR Layout, Bengaluru"
CL00406,S0087,Swish,registered_office,"40, Basement floor, 14th Main Road, Sector 7, HSR Layout, Bangalore, Bangalore South, Karnataka, 560102",company-field,,,2024-07-08,,SRC01592,HIGH,current,yes,MCA registered office address; also listed on Tracxn and VakilSearch
CL00407,S0088,Hang Ten Systems,official_website,https://hangten.ai,company-field,,,,,SRC01605,HIGH,current,yes,verified live 2026-09-15: name match on own homepage
CL00408,S0088,Hang Ten Systems,careers_website,https://hangten.ai/careers,company-field,,,,,SRC01605,HIGH,current,yes,"careers link found on official homepage, probed live"
CL00409,S0089,Moonrider,official_website,https://www.moonrider.ai,company-field,,,,,SRC01611,HIGH,current,yes,verified live 2026-09-15: name match on own homepage
CL00410,S0089,Moonrider,careers_website,https://www.moonrider.ai/careers,company-field,,,,,SRC01611,HIGH,current,yes,"careers link found on official homepage, probed live"
CL00411,S0090,Toddle,official_website,https://www.toddleapp.com,company-field,,,,,SRC01615,HIGH,current,yes,verified live 2026-09-15: name match on own homepage
CL00412,S0090,Toddle,careers_website,https://careers.toddleapp.com/,company-field,,,,,,HIGH,current,yes,Official careers subdomain confirmed via redirect from /careers path
CL00413,S0090,Toddle,description,"AI-powered teaching and learning platform for K-12 schools; provides curriculum planning, assessment, reporting, and family communication tools. Used by 1,500+ IB schools across 100+ countries.",company-field,,,2026-09-15,,SRC01615,HIGH,current,yes,From Toddle homepage and IB Global Conference sponsor page
CL00414,S0090,Toddle,employee_estimate,354,company-field,,,2025-08-01,,SRC01614,HIGH,current,yes,"354 employees as of Aug 1, 2025 per Tracxn"
CL00415,S0090,Toddle,hq_type,HQ,company-field,,,2026-09-15,,SRC01614,HIGH,current,yes,Registered office and HQ in Bengaluru
CL00416,S0090,Toddle,registered_office,"No. 590, 2nd Floor, Phoenix Primus, 1st Cross Road, 12th Main HAL II Stage, Indiranagar, Bengaluru, Karnataka, India, 560038",company-field,,,2026-07-04,,SRC01614,HIGH,current,yes,"Tracxn legal-entity page; also corporate office at Brigade Lakefront, EPIP Zone"
CL00417,S0091,Inito,official_website,https://www.inito.com,company-field,,,,,SRC01636,HIGH,current,yes,verified live 2026-09-15: name match on own homepage
CL00418,S0091,Inito,careers_website,https://www.inito.com/careers,company-field,,,,,SRC01636,HIGH,current,yes,"careers link found on official homepage, probed live"
CL00419,S0092,Akasa Air,official_website,https://safariindia.com,company-field,,,,,SRC01674,HIGH,current,yes,verified live 2026-09-15: name match on own homepage
CL00420,S0092,Akasa Air,legal_name,SNV Aviation Private Limited,company-field,,,2026-09-15,,SRC01640,HIGH,current,yes,Parent holding company of Akasa Air; CIN U63013MH2020PTC350653
CL00421,S0092,Akasa Air,description,India's fastest-growing low-cost airline operating an all-Boeing 737 MAX fleet,company-field,,,2026-09-15,,SRC01672,HIGH,current,yes,"Founded 2021, ops since Aug 2022; 40 aircraft, 36 destinations, 28M+ passengers"
CL00422,S0092,Akasa Air,employee_estimate,5314,company-field,,,2026-09-15,,SRC01675,MEDIUM,current,yes,Tracxn official employee count; LinkedIn also shows 1001-5000 range
CL00423,S0092,Akasa Air,hq_type,registered,company-field,,,2026-09-15,,SRC01640,HIGH,current,yes,Registered office and HQ both at Mumbai; operating bases at Bengaluru and Mumbai
CL00424,S0092,Akasa Air,registered_office,"12th Floor, Urmi Estate 95, Ganpatrao Kadam Marg, Lower Parel (West), Mumbai, Maharashtra, India, 400013",company-field,,,2026-09-15,,SRC01640,HIGH,current,yes,MCA21 registered address; also confirmed by PitchBook and LinkedIn
CL00425,S0093,EatClub Brands (formerly BOX8),official_website,https://www.eatclub.com,company-field,,,,,SRC01686,HIGH,current,yes,verified live 2026-09-15: name match on own homepage
CL00426,S0093,EatClub Brands (formerly BOX8),state,Maharashtra,company-field,,,,,SRC01685,MEDIUM,current,yes,HQ state; registered office is Karnataka
CL00427,S0093,EatClub Brands (formerly BOX8),country,India,company-field,,,,,SRC01678,HIGH,current,yes,Indian private limited company
CL00428,S0093,EatClub Brands (formerly BOX8),description,"EatClub Brands operates 16 cloud kitchen brands from 300+ outlets across 7 Indian cities, delivering 22,000+ meals daily. Full-stack model with own procurement, prep, and last-mile delivery.",company-field,,,,,SRC01680,MEDIUM,current,yes,"Company website claims 300+ outlets, 22K+ meals/day"
CL00429,S0093,EatClub Brands (formerly BOX8),employee_estimate,584,company-field,,,2025-07,,SRC01679,MEDIUM,current,yes,Inc42 Datalabs estimate; +4.1% last 90d
CL00430,S0093,EatClub Brands (formerly BOX8),hq_type,operational,company-field,,,,,SRC01685,MEDIUM,current,yes,"HQ at 55 Corporate Avenue, Saki Vihar Road, Powai, Mumbai"
CL00431,S0093,EatClub Brands (formerly BOX8),registered_office,"No. 171/1, Hullahali, Sakalavara Bannerghata, Bangalore, Karnataka - 560076",company-field,,,,,SRC01678,HIGH,current,yes,MCA registered office per Tofler
CL00432,S0094,Eruditus (Emeritus parent),official_website,https://eruditus.com,company-field,,,,,SRC01699,HIGH,current,yes,verified live 2026-09-15: name match on own homepage
CL00433,S0094,Eruditus (Emeritus parent),legal_name,Eruditus Education Private Limited,company-field,,,2026-09-15,,SRC01696,HIGH,current,yes,MCA-registered entity name
CL00434,S0094,Eruditus (Emeritus parent),cin,U80902TN2010PTC077828,company-field,,,2026-09-15,,SRC01697,HIGH,current,yes,MCA CIN; Tamil Nadu registration
CL00435,S0094,Eruditus (Emeritus parent),incorporation_date,2010-10-26,company-field,,,2026-09-15,,SRC01719,HIGH,current,yes,Incorporated 26 Oct 2010 per MCA records
CL00436,S0094,Eruditus (Emeritus parent),state,Maharashtra,company-field,,,2026-09-15,,SRC01714,HIGH,current,yes,Corporate office Mumbai
CL00437,S0094,Eruditus (Emeritus parent),country,India,company-field,,,2026-09-15,,SRC01699,HIGH,current,yes,HQ India; also Singapore entity Eruditus Learning Solutions Pte Ltd
CL00438,S0094,Eruditus (Emeritus parent),description,"Global edtech unicorn offering executive education programs in partnership with top universities (Columbia, Harvard, MIT Sloan, INSEAD, Wharton, Kellogg Northwestern, Cambridge, UC Berkeley, IIT, IIM,",company-field,,,2026-09-15,,SRC01699,HIGH,current,yes,Verified from own website
CL00439,S0094,Eruditus (Emeritus parent),employee_estimate,650,company-field,,,2025,,SRC01707,MEDIUM,current,yes,650+ employees per TalentEnterprise; Tracxn shows Emeritus entity at 109 (Singapore only)
CL00440,S0094,Eruditus (Emeritus parent),hq_type,HQ-India (Mumbai) with Singapore subsidiary,company-field,,,2026-09-15,,SRC01696,MEDIUM,current,yes,Registered office in Chennai (Regus); corporate office in Mumbai Bandra East; Singapore entity Eruditus Learning Solutions Pte Ltd
CL00441,S0094,Eruditus (Emeritus parent),registered_office,"Regus Chennai City Centre, Level 6, 10/11 Dr. Radhakrishnan Salai, Mylapore, Chennai, Tamil Nadu - 600004",company-field,,,2026-09-15,,SRC01698,HIGH,current,yes,MCA registered office address
CL00442,S0095,Innovist (Onesto Labs Private Limited),official_website,https://innovist.com,company-field,,,,,,HIGH,current,yes,W-wave verified 2026-09-15; acquired by L'Oréal
CL00443,S0095,Innovist (Onesto Labs Private Limited),careers_website,https://innovist.com/pages/careers,company-field,,,,,,HIGH,current,yes,Careers page confirmed via search
CL00444,S0095,Innovist (Onesto Labs Private Limited),state,Haryana,company-field,,,,,SRC01731,HIGH,current,yes,"Gurugram, Haryana"
CL00445,S0095,Innovist (Onesto Labs Private Limited),country,India,company-field,,,,,SRC01731,HIGH,current,yes,
CL00446,S0095,Innovist (Onesto Labs Private Limited),description,"Science-led digital-first personal care house of brands; owns Bare Anatomy, Chemist at Play, SunScoop, Vinci Botanicals; in-house R&D and manufacturing; EU-grade safety standards",company-field,,,,,SRC01726,HIGH,current,yes,
CL00447,S0095,Innovist (Onesto Labs Private Limited),employee_estimate,233,company-field,,,2026-05-28,,SRC01732,MEDIUM,current,yes,Inc42 reports 233 employees (+19.49% last 90d); Tracxn reports 198 as of Aug 2025
CL00448,S0095,Innovist (Onesto Labs Private Limited),hq_type,operational HQ,company-field,,,,,SRC01731,HIGH,current,yes,Gurugram operational HQ; registered office Delhi
CL00449,S0095,Innovist (Onesto Labs Private Limited),registered_office,"31, Ground Floor, Panchkuiyan Road, New Delhi, Delhi - 110001",company-field,,,,,SRC01725,HIGH,current,yes,MCA registered address
CL00450,S0096,Leap (LeapScholar / Leap Finance),city,Bengaluru,company-field,,,,,,HIGH,current,yes,
CL00451,S0096,Leap (LeapScholar / Leap Finance),official_website,https://leapscholar.com,company-field,,,,,SRC01755,HIGH,current,yes,verified live 2026-09-15: name match on own homepage
CL00452,S0096,Leap (LeapScholar / Leap Finance),careers_website,https://careers.leapfinance.com/,company-field,,,,,SRC01755,HIGH,current,yes,playwright render 2026-09-15
CL00453,S0096,Leap (LeapScholar / Leap Finance),state,Karnataka,company-field,,,2026-09-15,,SRC01746,HIGH,current,yes,MCA registered state
CL00454,S0096,Leap (LeapScholar / Leap Finance),country,India,company-field,,,2026-09-15,,SRC01746,HIGH,current,yes,MCA registered country
CL00455,S0096,Leap (LeapScholar / Leap Finance),description,"Study-abroad edtech platform offering IELTS/TOEFL/SAT prep, admissions and visa counselling, international student loans, and community features. Owns LeapScholar, LeapFinance, GeeBee, and Yocket bran",company-field,,,2026-09-15,,SRC01740,HIGH,current,yes,Per BS/ET/Mint coverage
CL00456,S0096,Leap (LeapScholar / Leap Finance),employee_estimate,848,company-field,,,2025-08-31,,SRC01747,MEDIUM,current,yes,"Tracxn: 848 as of Aug 31, 2025; Inc42: 1,341 (different methodology)"
CL00457,S0096,Leap (LeapScholar / Leap Finance),hq_type,registered,company-field,,,2026-09-15,,SRC01746,HIGH,current,yes,"Registered office at 49, 12th Main, HSR Sector 6, Bengaluru"
CL00458,S0096,Leap (LeapScholar / Leap Finance),registered_office,"49, 12th Main, HSR Sector 6, Behind HSR BDA Complex, Bengaluru-560102, Karnataka, India",company-field,,,2026-09-15,,SRC01746,HIGH,current,yes,MCA registered address
CL00459,S0096,Leap (LeapScholar / Leap Finance),website_status,verified,company-field,,,2026-09-15,,SRC01755,HIGH,current,yes,Company-owned domain verified
CL00460,S0097,Nazara Technologies Limited,official_website,https://investors.nazara.com,company-field,,,,,SRC01763,HIGH,current,yes,verified live 2026-09-15: name match on own homepage
CL00461,S0098,Neo (Neo Wealth / Neo Group),official_website,https://www.neo.group,company-field,,,,,SRC01773,HIGH,current,yes,verified live 2026-09-15: name match on own homepage
CL00462,S0098,Neo (Neo Wealth / Neo Group),careers_website,https://www.neo.group/careers,company-field,,,,,SRC01773,HIGH,current,yes,"careers link found on official homepage, probed live"
CL00463,S0098,Neo (Neo Wealth / Neo Group),description,"India's premier wealth and asset management platform offering bespoke wealth solutions for UHNIs and family offices, plus private market fund management across credit, infrastructure, and private equi",company-field,,,,,SRC01773,MEDIUM,current,yes,From company website
CL00464,S0098,Neo (Neo Wealth / Neo Group),employee_estimate,850,company-field,,,2026-07-17,,SRC01765,MEDIUM,current,yes,ET Jul 2026: 850+ employees across 30+ cities; Tracxn shows 337 as of Aug 2025 (likely different entity scope)
CL00465,S0098,Neo (Neo Wealth / Neo Group),hq_type,HQ,company-field,,,,,SRC01768,HIGH,current,yes,Mumbai HQ
CL00466,S0098,Neo (Neo Wealth / Neo Group),registered_office,"903, B-Wing, 9th Floor, Marathon Futurex, Mafatlal Mills Compound, N.M. Joshi Marg, Lower Parel, Mumbai City, Mumbai, Maharashtra, India, 400013",company-field,,,,,SRC01768,HIGH,current,yes,Tracxn-registered address
CL00467,S0099,Stellapps,official_website,https://www.stellapps.com,company-field,,,,,SRC01782,HIGH,current,yes,verified live 2026-09-15: name match on own homepage
CL00468,S0099,Stellapps,careers_website,https://www.stellapps.com/career/,company-field,,,,,SRC01782,HIGH,current,yes,"careers link found on official homepage, probed live"
CL00469,S0100,Purple Style Labs,official_website,https://www.purplestylelabs.com,company-field,,,,,SRC01790,HIGH,current,yes,verified live 2026-09-15: name match on own homepage
CL00470,S0100,Purple Style Labs,careers_website,https://www.purplestylelabs.com/careers,company-field,,,,,SRC01790,HIGH,current,yes,"careers link found on official homepage, probed live"
CL00471,S0100,Purple Style Labs,description,"Omni-channel luxury fashion company and parent of Pernia's Pop-Up Shop, one of India's leading multi-brand designer fashion platforms. Founded 2015, acquired Pernia's Pop-Up Shop in 2018. Offers luxur",company-field,,,2026-09-15,,SRC01786,HIGH,current,yes,From IPO listing article
CL00472,S0100,Purple Style Labs,employee_estimate,127,company-field,,,2026-05-01,,SRC01787,HIGH,current,yes,MCA employee count as of May 01 2026
CL00473,S0100,Purple Style Labs,hq_type,registered,company-field,,,2026-09-15,,SRC01787,HIGH,current,yes,"Registered office at Vile Parle East, Mumbai"
CL00474,S0100,Purple Style Labs,registered_office,"CTS No.1081, Plot No.110, TPS Village, Service Road, Western Express Highway, Vile Parle (East), Mumbai City, Mumbai, Maharashtra, India, 400057",company-field,,,2026-09-15,,SRC01787,HIGH,current,yes,MCA registered address
CL00475,S0101,Zypp Electric,official_website,https://zypp.app,company-field,,,,,SRC01799,HIGH,current,yes,verified live 2026-09-15: name match on own homepage
CL00476,S0101,Zypp Electric,careers_website,https://zypp.app/careers,company-field,,,,,SRC01799,HIGH,current,yes,"careers link found on official homepage, probed live"
CL00477,S0102,Business Nextgen Finance,official_website,https://bnfl.in,company-field,,,,,SRC01805,HIGH,current,yes,verified live 2026-09-15: name match on own homepage
CL00478,S0102,Business Nextgen Finance,careers_website,https://bnfl.in/career/,company-field,,,,,SRC01805,HIGH,current,yes,"careers link found on official homepage, probed live"
CL00479,S0103,EtherealX (Ethereal Exploration Guild),official_website,https://www.etherealx.space,company-field,,,,,SRC01813,HIGH,current,yes,verified live 2026-09-15: name match on own homepage
CL00480,S0104,QNu Labs,official_website,https://www.qnulabs.com,company-field,,,,,SRC01828,HIGH,current,yes,verified live 2026-09-15: name match on own homepage
CL00481,S0104,QNu Labs,careers_website,https://www.qnulabs.com/careers,company-field,,,,,,HIGH,current,yes,Official careers page confirmed with real job listings
CL00482,S0104,QNu Labs,description,"India's first and only full-stack quantum cybersecurity company; builds QKD hardware (Armos), QRNG (Tropos), PQC (Hodos), and the QShield platform; incubated at IIT Madras Research Park",company-field,,,2026-09-15,,SRC01816,HIGH,current,yes,Company self-description; verified via multiple sources
CL00483,S0104,QNu Labs,employee_estimate,118,company-field,,,2025-08-31,,SRC01817,MEDIUM,current,yes,Tracxn 118 as of Aug 2025; LinkedIn 176; company claims 160 engineers — unresolved
CL00484,S0104,QNu Labs,hq_type,HQ,company-field,,,2026-09-15,,SRC01816,HIGH,current,yes,Registered office and HQ in Bengaluru
CL00485,S0104,QNu Labs,registered_office,"Centenary Building, 2nd Floor, East Wing, 28 M.G. Road, Bengaluru, Karnataka - 560025",company-field,,,2026-09-15,,SRC01816,HIGH,current,yes,Verified registered office address
CL00486,S0105,Ultraviolette Automotive,official_website,https://www.ultraviolette.com,company-field,,,,,SRC01836,HIGH,current,yes,verified live 2026-09-15: name match on own homepage
CL00487,S0105,Ultraviolette Automotive,careers_website,https://www.ultraviolette.com/careers,company-field,,,,,SRC01836,HIGH,current,yes,"careers link found on official homepage, probed live"
CL00488,S0106,Curefoods,official_website,https://www.curefoods.in,company-field,,,,,SRC01841,HIGH,current,yes,verified live 2026-09-15: name match on own homepage
CL00489,S0106,Curefoods,careers_website,https://www.curefoods.in/pages/careers,company-field,,,,,SRC01841,HIGH,current,yes,"careers link found on official homepage, probed live"
CL00490,S0106,Curefoods,cin,U55209KA2020PLC139614,company-field,,,,,SRC01846,HIGH,current,yes,"MCA CIN; originally U55209KA2020PTC139614 (private), converted to PLC Jun 2025"
CL00491,S0106,Curefoods,incorporation_date,2020-10-10,company-field,,,,,SRC01846,HIGH,current,yes,"Certificate of incorporation dated Oct 10, 2020 from RoC Central Registration Centre"
CL00492,S0106,Curefoods,description,"Bengaluru-headquartered house of food brands founded in 2020 by Ankit Nagori. Builds and scales F&B brands (healthy meals, biryani, pizza, desserts, celebration cakes) from shared cloud kitchen and di",company-field,,,,,SRC01841,HIGH,current,yes,From company FAQ
CL00493,S0106,Curefoods,employee_estimate,3254,company-field,,,,,SRC01847,MEDIUM,current,yes,Tracxn official employee count; LinkedIn shows 501-1000 (likely different definition)
CL00494,S0106,Curefoods,hq_type,corporate_office,company-field,,,,,SRC01842,HIGH,current,yes,"Corporate office at Sparkplug Coworks, Koramangala; registered office at Madiwala"
CL00495,S0106,Curefoods,registered_office,"No. 72/4, Roopena Agrahara, Hosur Road, Madiwala Post, Bengaluru 560 068, Karnataka, India",company-field,,,,,SRC01842,HIGH,current,yes,From DRHP; RoC Bangalore
CL00496,S0106,Curefoods,official_website_asof,2026-09-15,company-field,,,,,SRC01841,HIGH,current,yes,Verified
CL00497,S0107,Dezerv,official_website,https://www.dezerv.in,company-field,,,,,SRC01871,HIGH,current,yes,verified live 2026-09-15: name match on own homepage
CL00498,S0107,Dezerv,careers_website,https://www.dezerv.in/careers/,company-field,,,,,SRC01871,HIGH,current,yes,playwright render 2026-09-15
CL00499,S0108,Edubuk,official_website,https://edubuk.com,company-field,,,,,SRC01876,HIGH,current,yes,verified live 2026-09-15: name match on own homepage
CL00500,S0108,Edubuk,careers_website,https://jobs.edubuk.com/,company-field,,,,,SRC01876,HIGH,current,yes,playwright render 2026-09-15
CL00501,S0108,Edubuk,description,"Provider of blockchain based AI-driven educational programs and verifiable career credentials connecting education, skill development, credential verification, and employment",company-field,,,,,SRC01872,HIGH,current,yes,Tracxn company description
CL00502,S0108,Edubuk,employee_estimate,17,company-field,,,2026-08-31,,SRC01872,MEDIUM,current,yes,Tracxn: 17 employees as of Aug 31 2026
CL00503,S0108,Edubuk,hq_type,registered,company-field,,,,,SRC01872,MEDIUM,current,yes,"Registered address in Rangareddy, Telangana; operating HQ city unverified"
CL00504,S0108,Edubuk,registered_office,"Door no. 505/B-508, SANDHYA TECHNO-1, Rangareddy, Rangareddy, Telangana, India, 500104",company-field,,,,,SRC01872,HIGH,current,yes,Tracxn registered address
CL00505,S0109,EloElo,official_website,https://eloelo.in,company-field,,,,,,HIGH,current,yes,W-wave verified 2026-09-15
CL00506,S0109,EloElo,careers_website,https://eloelo.keka.com/careers/,company-field,,,,,,HIGH,current,yes,Careers page linked from official site
CL00507,S0109,EloElo,cin,U63122KA2020PTC132881,company-field,,,2026-09-15,,SRC01882,HIGH,current,yes,"Confirmed by ZaubaCorp, Tofler, Tracxn, TheCompanyCheck. Note: InstaFinancials/VakilSearch show U92490KA2020PTC132881 — conflict recorded."
CL00508,S0109,EloElo,incorporation_date,2020-02-20,company-field,,,2026-09-15,,SRC01882,HIGH,current,yes,MCA incorporation date; confirmed across multiple registry aggregators
CL00509,S0109,EloElo,description,"EloElo is a multi-app consumer internet platform operating live social entertainment (Eloelo), micro-drama OTT (Story TV), voice chat (Connecto), and micro-learning (Master). Founded by ex-Flipkart ex",company-field,,,2026-09-15,,SRC01895,HIGH,current,yes,Company website; 100M+ downloads across apps
CL00510,S0109,EloElo,employee_estimate,300,company-field,,,2026-09,,SRC01908,MEDIUM,current,yes,14 open positions as of Sep 2026; estimate based on hiring scale and multiple product lines
CL00511,S0109,EloElo,hq_type,HQ,company-field,,,2026-09-15,,SRC01909,HIGH,current,yes,Registered office and operational HQ in Bengaluru
CL00512,S0109,EloElo,registered_office,"1257/37, 2nd & 3rd Floor, Hanto Orion Center, 14th Main St, Sector-7, HSR Layout, Bengaluru, Karnataka 560102",company-field,,,2026-09-15,,SRC01882,HIGH,current,yes,MCA registered office address
CL00513,S0110,GIVA,official_website,https://www.giva.co,company-field,,,,,,HIGH,current,yes,W-wave verified 2026-09-15
CL00514,S0110,GIVA,careers_website,https://www.giva.co/pages/careers,company-field,,,,,SRC01925,HIGH,current,yes,playwright render 2026-09-15
CL00515,S0110,GIVA,description,Largest D2C jewellery brand in India; founded 2019; silver-first expanding to gold and lab-grown diamonds,company-field,,,,,SRC01915,HIGH,current,yes,Company self-description
CL00516,S0110,GIVA,employee_estimate,3227,company-field,,,2026,,SRC01920,MEDIUM,current,yes,"Tracxn official count; PitchBook shows 1,305-1,607 range"
CL00517,S0110,GIVA,hq_type,operational,company-field,,,,,SRC01915,HIGH,current,yes,HQ in Bengaluru; registered office also in Bengaluru
CL00518,S0110,GIVA,registered_office,"Plot No. 60, 3rd Floor, Doddakallsandra, Kanakapura Main Road, Bangalore South, Bangalore - 560062, Karnataka",company-field,,,,,SRC01932,HIGH,current,yes,Indiejewel Fashions Pvt Ltd CIN U51909KA2019PTC218533
CL00519,S0111,Impetus Technologies,official_website,https://www.impetus.com,company-field,,,,,SRC01943,HIGH,current,yes,verified live 2026-09-15: name match on own homepage
CL00520,S0111,Impetus Technologies,careers_website,https://www.impetus.com/careers/,company-field,,,,,SRC01943,HIGH,current,yes,"careers link found on official homepage, probed live"
CL00521,S0112,Moglix,official_website,https://www.moglix.com,company-field,,,,,SRC01966,HIGH,current,yes,verified live 2026-09-15: name match on own homepage
CL00522,S0112,Moglix,careers_website,https://www.moglix.com/career,company-field,,,,,,HIGH,current,yes,"Careers page at /career (singular), not /careers. Confirmed via footer link and page content"
CL00523,S0114,PhysicsWallah,official_website,https://www.physicswallah.in,company-field,,,,,SRC01978,HIGH,current,yes,verified live 2026-09-15: name match on own homepage
CL00524,S0115,Popo Global,official_website,https://pop.global,company-field,,,,,,HIGH,current,yes,"W-wave verified 2026-09-15; Popo Global Private Limited operates The Pizza Bakery, Paris Panini, Smash Guys"
CL00525,S0116,Shadowfax,official_website,https://www.shadowfax.in,company-field,,,,,SRC01994,HIGH,current,yes,verified live 2026-09-15: name match on own homepage
CL00526,S0116,Shadowfax,careers_website,https://www.shadowfax.in/careers,company-field,,,,,SRC01994,HIGH,current,yes,"careers link found on official homepage, probed live"
CL00527,S0117,Smallcase,official_website,https://www.smallcase.com,company-field,,,,,SRC02001,HIGH,current,yes,verified live 2026-09-15: name match on own homepage
CL00528,S0117,Smallcase,careers_website,https://app.pyjamahr.com/careers?company=smallcase&company_uuid=2615584222,company-field,,,,,,HIGH,current,yes,Careers hosted on PyjamaHR ATS platform; real job listings confirmed
CL00529,S0118,StockGro,official_website,https://www.stockgro.club,company-field,,,,,SRC02006,HIGH,current,yes,verified live 2026-09-15: name match on own homepage
CL00530,S0118,StockGro,careers_website,https://www.stockgro.club/careers/,company-field,,,,,SRC02006,HIGH,current,yes,"careers link found on official homepage, probed live"
CL00531,S0119,Yulu,official_website,https://www.yulu.bike,company-field,,,,,SRC02032,HIGH,current,yes,verified live 2026-09-15: name match on own homepage
CL00532,S0119,Yulu,careers_website,https://www.yulu.bike/,company-field,,,,,SRC02032,HIGH,current,yes,playwright render 2026-09-15
CL00533,S0120,Zenoti,official_website,https://www.zenoti.com,company-field,,,,,SRC02040,HIGH,current,yes,verified live 2026-09-15: name match on own homepage
CL00534,S0120,Zenoti,careers_website,https://www.zenoti.com/company/careers,company-field,,,,,SRC02040,HIGH,current,yes,"careers link found on official homepage, probed live"
CL00535,S0120,Zenoti,description,"Provider of all-in-one cloud-based software for salons, spas, medspas, and fitness businesses",company-field,,,2026-09-15,,SRC02040,HIGH,current,yes,"AI-powered platform; 30,000+ customers across 50+ countries"
CL00536,S0121,Exxat,official_website,https://exxat.com,company-field,,,,,SRC02066,HIGH,current,yes,verified live 2026-09-15: name match on own homepage
CL00537,S0121,Exxat,careers_website,https://exxat.com/explore/company/careers-and-culture,company-field,,,,,SRC02066,HIGH,current,yes,"careers link found on official homepage, probed live"
CL00538,S0122,Bellatrix Aerospace,official_website,https://bellatrix.aero,company-field,,,,,SRC02073,HIGH,current,yes,verified live 2026-09-15: name match on own homepage
CL00539,S0123,Foxtale,official_website,https://foxtale.in,company-field,,,,,SRC02085,HIGH,current,yes,verified live 2026-09-15: name match on own homepage
CL00540,S0123,Foxtale,careers_website,https://careers.foxtale.in/,company-field,,,,,SRC02085,HIGH,current,yes,"careers link found on official homepage, probed live"
CL00541,S0124,GalaxEye,official_website,https://galaxeye.space/,company-field,,,,,SRC02093,HIGH,current,yes,Verified by hyperresearch fetch; GalaxEye Space page rendered.
CL00542,S0124,GalaxEye,careers_website,https://galaxeye.space/job-portal,company-field,,,,,SRC02094,HIGH,current,yes,Verified by hyperresearch fetch; official Careers at GalaxEye page rendered.
CL00543,S0125,HerSpace Manufacturing,official_website,https://herspace.co,company-field,,,,,,HIGH,current,yes,Company-branded domain confirmed. No careers page visible on site navigation.
CL00544,S0125,HerSpace Manufacturing,legal_name,HerSpace Manufacturing Pvt Ltd,company-field,,,2026-09-15,,SRC02101,HIGH,current,yes,"Two entities: HERSPACE PRIVATE LIMITED (CIN U74999KA2021PTC146084, inc 01/04/2021) and HERSPACE MANUFACTURING PRIVATE LIMITED (CIN U25129KA2"
CL00545,S0125,HerSpace Manufacturing,incorporation_date,2021-04-01,company-field,,,2026-09-15,,SRC02099,HIGH,current,yes,HERSPACE PRIVATE LIMITED incorporated 01/04/2021 per MCA. Press says 'Founded in 2023' (operational launch). HerSpace Manufacturing Pvt Ltd 
CL00546,S0125,HerSpace Manufacturing,status,Active,company-field,,,2026-09-15,,SRC02099,HIGH,current,yes,Company status Active per MCA. Last AGM 30/09/2024.
CL00547,S0125,HerSpace Manufacturing,state,Karnataka,company-field,,,2026-09-15,,SRC02099,HIGH,current,yes,Karnataka per MCA registry.
CL00548,S0125,HerSpace Manufacturing,country,India,company-field,,,2026-09-15,,SRC02097,HIGH,current,yes,Company website and MCA both confirm India.
CL00549,S0125,HerSpace Manufacturing,description,"HerSpace designs, manufactures, deploys and operates modular workforce housing for industrial workers near manufacturing clusters. Products include worker dormitories (50-1000+ beds), HerSpace Secure ",company-field,,,2026-09-15,,SRC02097,HIGH,current,yes,Company website confirms full product range. NOT aerospace composites/DFR.
CL00550,S0125,HerSpace Manufacturing,employee_estimate,UNKNOWN,company-field,,,2026-09-15,,,LOW,current,yes,No employee count found. Company website has no careers page visible.
CL00551,S0125,HerSpace Manufacturing,hq_type,HQ,company-field,,,2026-09-15,,SRC02097,HIGH,current,yes,"34th Cross Road, Jayanagar 4th T Block, Bengaluru, Karnataka 560041."
CL00552,S0125,HerSpace Manufacturing,registered_office,"No 17/1, 3rd Cross, Malleshwaram, Bangalore, Karnataka - 560003",company-field,,,2026-09-15,,SRC02099,HIGH,current,yes,MCA registered office.
CL00553,S0126,Snitch,official_website,https://www.snitch.com,company-field,,,,,,HIGH,current,yes,Company-branded domain confirmed. Careers page returned JUNK_CONTENT via hyperresearch; snitch.keka.com/careers exists per search results bu
CL00554,S0126,Snitch,careers_website,https://snitch.keka.com/careers,company-field,,,,,,MEDIUM,current,yes,Not verified via hyperresearch fetch; keka.com is third-party ATS. snitch.com/careers returned junk content.
CL00555,S0126,Snitch,legal_name,SNITCH APPARELS PRIVATE LIMITED,company-field,,,2026-09-15,,SRC02108,HIGH,current,yes,Legal entity name confirmed via ZaubaCorp and MCA registry aggregators
CL00556,S0126,Snitch,cin,U18109KA2022PTC163969,company-field,,,2026-09-15,,SRC02108,HIGH,current,yes,"CIN confirmed across ZaubaCorp, InstaFinancials, Tracxn, VakilSearch, Tofler"
CL00557,S0126,Snitch,incorporation_date,2022-07-19,company-field,,,2026-09-15,,SRC02108,HIGH,current,yes,"Date of incorporation per MCA registry; note: company claims founded 2019 per Entrackr, likely pre-dates incorporation"
CL00558,S0126,Snitch,status,Active,company-field,,,2026-09-15,,SRC02108,HIGH,current,yes,Company status Active per MCA registry
CL00559,S0126,Snitch,state,Karnataka,company-field,,,2026-09-15,,SRC02108,HIGH,current,yes,RoC-Bangalore registration
CL00560,S0126,Snitch,country,India,company-field,,,2026-09-15,,SRC02108,HIGH,current,yes,Indian private limited company
CL00561,S0126,Snitch,description,"India's leading D2C men's fast-fashion brand, founded 2019, pivoted online during COVID-19. Offers shirts, jeans, jackets, hoodies, co-ords, innerwear. Now expanding into womenswear (Berrylush), quick",company-field,,,2026-09-15,,SRC02106,HIGH,current,yes,Synthesis of Inc42 and Entrackr reporting
CL00562,S0126,Snitch,employee_estimate,500,company-field,,,2026-08-01,,SRC02107,MEDIUM,current,yes,"Estimate based on 115+ stores, omnichannel operations; not from audited filing"
CL00563,S0126,Snitch,hq_type,HQ,company-field,,,2026-09-15,,SRC02108,HIGH,current,yes,Registered office at RoC-Bangalore; operational HQ in Bengaluru
CL00564,S0126,Snitch,registered_office,"RoC-Bangalore, Karnataka",company-field,,,2026-09-15,,SRC02108,HIGH,current,yes,Registered office address per MCA registry
CL00565,S0127,OneCard (FPL Technologies),official_website,https://www.onecard.com,company-field,,,,,SRC02122,HIGH,current,yes,verified live 2026-09-15: name match on own homepage
CL00566,S0128,Rezolv,official_website,https://www.rezolv.com,company-field,,,,,SRC02131,HIGH,current,yes,verified live 2026-09-15: name match on own homepage
CL00567,S0128,Rezolv,legal_name,Rezolv AI Technology Solutions Private Limited,company-field,,,2026-09-15,,SRC02127,HIGH,current,yes,"MCA-registered entity name; confirmed by Tofler, InstaFinancials, ZaubaCorp, Tracxn"
CL00568,S0128,Rezolv,cin,U62099MH2024PTC435417,company-field,,,,,SRC02127,HIGH,current,yes,"MCA CIN; confirmed across Tofler, InstaFinancials, ZaubaCorp, Tracxn, Filesure"
CL00569,S0128,Rezolv,incorporation_date,2024-11-25,company-field,,,,,SRC02127,HIGH,current,yes,MCA registration date; company was operationally founded Oct 2024
CL00570,S0128,Rezolv,status,Active,company-field,,,,,SRC02127,HIGH,current,yes,MCA status Active; last AGM held 27 Sep 2025
CL00571,S0128,Rezolv,state,Maharashtra,company-field,,,,,SRC02127,HIGH,current,yes,MCA registered in Maharashtra
CL00572,S0128,Rezolv,country,India,company-field,,,,,SRC02127,HIGH,current,yes,Indian private limited company
CL00573,S0128,Rezolv,description,"AI-native lending technology platform enabling banks and NBFCs to automate, streamline and optimise lending workflows including collections, underwriting, and risk management via AI voice agents and s",company-field,,,,,SRC02124,HIGH,current,yes,From Vertex Ventures press release
CL00574,S0128,Rezolv,employee_estimate,78,company-field,,,2026-05-31,,SRC02128,MEDIUM,current,yes,Tracxn: 78 employees as of May 2026; up 189% from May 2025
CL00575,S0128,Rezolv,hq_type,HQ,company-field,,,,,SRC02127,HIGH,current,yes,Registered office serves as HQ; Mumbai
CL00576,S0128,Rezolv,registered_office,"No D-214, Kankia Zillion, LBS Marg, Off BKC, BandraE, Kurla, Mumbai, Maharashtra, India, 400070",company-field,,,,,SRC02127,HIGH,current,yes,"MCA registered address; confirmed by Tracxn, InstaFinancials, ZaubaCorp"
CL00577,S0129,JustAI,official_website,https://justai.in,company-field,,,,,SRC02138,HIGH,current,yes,verified live 2026-09-15: name match on own homepage
CL00578,S0129,JustAI,careers_website,https://justai.in/ai-governance-jobs/,company-field,,,,,SRC02138,HIGH,current,yes,"careers link found on official homepage, probed live"
CL00579,S0130,BGauss,official_website,https://www.bgauss.com,company-field,,,,,SRC02143,HIGH,current,yes,verified live 2026-09-15: name match on own homepage
CL00580,S0130,BGauss,legal_name,BGAUSS AUTO PRIVATE LIMITED,company-field,,,2026-09-15,,SRC02142,HIGH,current,yes,MCA-registered legal name; confirmed via ZaubaCorp and Tracxn
CL00581,S0130,BGauss,cin,U34300MH2020PTC343000,company-field,,,2026-09-15,,SRC02142,HIGH,current,yes,"CIN from MCA21 registry; confirmed across ZaubaCorp, Tofler, Tracxn, InstaFinancials"
CL00582,S0130,BGauss,incorporation_date,2020-07-31,company-field,,,2026-09-15,,SRC02142,HIGH,current,yes,Incorporated 31 Jul 2020 per MCA registry
CL00583,S0130,BGauss,state,Maharashtra,company-field,,,2026-09-15,,SRC02144,HIGH,current,yes,Registered office Worli Mumbai; factory Chakan Pune both in Maharashtra
CL00584,S0130,BGauss,country,India,company-field,,,2026-09-15,,SRC02143,HIGH,current,yes,Indian electric two-wheeler manufacturer
CL00585,S0130,BGauss,description,"Indian electric two-wheeler brand offering affordable and high-performance electric scooters; subsidiary of RR Global; manufactures at Chakan, Pune plant",company-field,,,2026-09-15,,SRC02143,HIGH,current,yes,Company self-description; RR Global parent confirmed via multiple sources
CL00586,S0130,BGauss,employee_estimate,633,company-field,,,2025-07-31,,SRC02156,MEDIUM,current,yes,"Tracxn reports 633 as of Jul 31, 2025; Inc42 says 525; LinkedIn says 201-500; conflicting data"
CL00587,S0130,BGauss,hq_type,registered_office,company-field,,,2026-09-15,,SRC02144,HIGH,current,yes,"Registered office at Ram Ratna House, Victoria Mill Compound, Worli, Mumbai"
CL00588,S0130,BGauss,registered_office,"Ram Ratna House, Victoria Mill Compound, Pandurang Budha Karm Marg, Worli, Mumbai, Maharashtra, India – 400013",company-field,,,2026-09-15,,SRC02144,HIGH,current,yes,Confirmed via company website contact page and ZaubaCorp
CL00589,S0131,EMO Energy,official_website,https://www.emoenergy.in,company-field,,,,,SRC02163,HIGH,current,yes,verified live 2026-09-15: name match on own homepage
CL00590,S0133,Piston,official_website,https://piston.com,company-field,,,,,SRC02171,HIGH,current,yes,verified live 2026-09-15: name match on own homepage
CL00591,S0133,Piston,careers_website,https://piston.com/careers,company-field,,,,,SRC02171,HIGH,current,yes,playwright render 2026-09-15
CL00592,S0134,Chargebee,official_website,https://www.chargebee.com,company-field,,,,,SRC02193,HIGH,current,yes,verified live 2026-09-15: name match on own homepage
CL00593,S0134,Chargebee,careers_website,https://www.chargebee.com/careers,company-field,,,,,,HIGH,current,yes,Official careers page confirmed with real job listings
CL00594,S0134,Chargebee,legal_name,"Chargebee, Inc.",company-field,,,2026-09-15,,SRC02186,HIGH,current,yes,Delaware C-Corp; SEC Form D filed as ChargeBee Inc.
CL00595,S0134,Chargebee,cin,U72900TN2012PTC084306,company-field,,,2026-09-15,,SRC02177,HIGH,current,yes,MCA21 CIN for India entity
CL00596,S0134,Chargebee,incorporation_date,2012-02-03,company-field,,,2026-09-15,,SRC02178,HIGH,current,yes,"MCA21 records: incorporated Feb 3, 2012"
CL00597,S0134,Chargebee,state,Tamil Nadu,company-field,,,2026-09-15,,SRC02177,HIGH,current,yes,India entity registered in Tamil Nadu
CL00598,S0134,Chargebee,country,United States,company-field,,,2026-09-15,,SRC02180,HIGH,current,yes,"US HQ: North Bethesda, MD"
CL00599,S0134,Chargebee,description,Revenue Growth Management (RGM) platform for subscription businesses,company-field,,,2026-09-15,,SRC02193,HIGH,current,yes,Trusted by 6500+ businesses serving 227 countries
CL00600,S0134,Chargebee,employee_estimate,1301,company-field,,,2025-09-30,,SRC02187,HIGH,current,yes,Tracxn official employee count
CL00601,S0134,Chargebee,hq_type,US HQ with India ops,company-field,,,2026-09-15,,SRC02180,HIGH,current,yes,HQ North Bethesda MD; India registered office Chennai
CL00602,S0134,Chargebee,registered_office,"10TH FLOOR, LITTLEWOOD TOWER, RAMANUJAN INTELLION PARK, RAJIV GANDHI SALAI, TARAMANI, Chennai, Tamil Nadu - 600113",company-field,,,2025-09-30,,SRC02178,HIGH,current,yes,MCA21 registered address
CL00603,S0135,Delhivery,official_website,https://www.delhivery.com,company-field,,,,,SRC02231,HIGH,current,yes,verified live 2026-09-15: name match on own homepage
CL00604,S0135,Delhivery,careers_website,https://www.delhivery.com/careers,company-field,,,,,,HIGH,current,yes,Official careers page confirmed with real job listings
CL00605,S0135,Delhivery,legal_name,Delhivery Limited,company-field,,,2026-09-15,,SRC02209,HIGH,current,yes,NSE/BSE listed entity; CIN L63090DL2011PLC221234
CL00606,S0135,Delhivery,state,Haryana,company-field,,,2026-09-15,,SRC02212,HIGH,current,yes,Gurugram is in Haryana
CL00607,S0135,Delhivery,country,India,company-field,,,2026-09-15,,SRC02209,HIGH,current,yes,Indian logistics company
CL00608,S0135,Delhivery,description,India's largest integrated logistics company; market leader in e-commerce logistics and fastest growing PTL company,company-field,,,2026-09-15,,SRC02214,HIGH,current,yes,"Self-described; FY26: 105Cr e-commerce parcels, 2M tonnes PTL"
CL00609,S0135,Delhivery,employee_estimate,45000,company-field,,,2026-09-15,,SRC02215,MEDIUM,current,yes,ESTIMATE based on industry reports
CL00610,S0135,Delhivery,hq_type,HQ,company-field,,,2026-09-15,,SRC02212,HIGH,current,yes,Gurugram headquarters
CL00611,S0135,Delhivery,registered_office,"Gurugram, Haryana",company-field,,,2026-09-15,,SRC02209,MEDIUM,current,yes,Registered office address not fully verified
CL00612,S0136,Erisha E Mobility,official_website,https://www.erishaev.com/,company-field,,,,,SRC02237,HIGH,current,yes,Verified by hyperresearch fetch; Erisha E Mobility company page rendered.
CL00613,S0136,Erisha E Mobility,careers_website,https://www.erishaev.com/career,company-field,,,,,SRC02238,HIGH,current,yes,Verified by hyperresearch fetch; official Career page rendered with a current hiring notice.
CL00614,S0137,Freshworks,official_website,https://www.freshworks.com/,company-field,,,,,SRC02244,HIGH,current,yes,Verified through TinyFish render; Freshworks homepage rendered with company product description.
CL00615,S0137,Freshworks,careers_website,https://www.freshworks.com/company/careers/,company-field,,,,,SRC02245,HIGH,current,yes,Verified by hyperresearch fetch; official Freshworks Careers page rendered.
CL00616,S0138,OYO,official_website,https://www.angelone.in/,company-field,,,,,SRC02270,HIGH,current,yes,playwright render-verified 2026-09-15
CL00617,S0138,OYO,careers_website,https://www.angelone.in/careers,company-field,,,,,SRC02270,HIGH,current,yes,"found in rendered nav, playwright 2026-09-15"
CL00618,S0138,OYO,legal_name,Oravel Stays Limited (rebranded to PRISM Life Limited),company-field,,,2025-09-01,,SRC02260,HIGH,current,yes,Oravel Stays rebranded to PRISM in Aug/Sep 2025
CL00619,S0138,OYO,cin,U63090DL2012PTC231770,company-field,,,,,SRC02259,HIGH,current,yes,Incorporated 21 Feb 2012 as Oravel Stays Pvt Ltd
CL00620,S0138,OYO,incorporation_date,2012-02-21,company-field,,,,,SRC02259,HIGH,current,yes,Oravel Stays incorporated; pivoted to OYO brand in 2013
CL00621,S0138,OYO,state,Haryana,company-field,,,,,SRC02259,HIGH,current,yes,
CL00622,S0138,OYO,country,India,company-field,,,,,SRC02252,HIGH,current,yes,Global operations across 35+ countries
CL00623,S0138,OYO,description,"Global hospitality platform operating budget to premium hotels, vacation rentals, US motels, and co-working spaces across 35+ countries",company-field,,,,,SRC02252,HIGH,current,yes,Rebranded from OYO to PRISM in 2025
CL00624,S0138,OYO,employee_estimate,Unknown,company-field,,,,,,LOW,current,yes,No verified headcount found for FY25/26
CL00625,S0138,OYO,hq_type,registered,company-field,,,,,SRC02259,MEDIUM,current,yes,DL-based CIN; operational HQ in Gurugram
CL00626,S0138,OYO,registered_office,Delhi (CIN prefix DL),company-field,,,,,SRC02259,MEDIUM,current,yes,CIN U63090DL2012PTC231770
CL00627,S0139,Policybazaar,official_website,https://www.policybazaar.com,company-field,,,,,SRC02274,HIGH,current,yes,verified live 2026-09-15: name match on own homepage
CL00628,S0139,Policybazaar,careers_website,https://www.policybazaar.com/careers/,company-field,,,,,SRC02274,HIGH,current,yes,"careers link found on official homepage, probed live"
CL00629,S0140,Uniphore,official_website,https://www.uniphore.com,company-field,,,,,SRC02282,HIGH,current,yes,verified live 2026-09-15: name match on own homepage
CL00630,S0140,Uniphore,careers_website,https://www.uniphore.com/careers/,company-field,,,,,SRC02282,HIGH,current,yes,"careers link found on official homepage, probed live"
CL00631,S0141,Urban Company,official_website,https://investorrelations.urbancompany.com,company-field,,,,,SRC02291,HIGH,current,yes,verified live 2026-09-15: name match on own homepage
CL00632,S0141,Urban Company,careers_website,https://careers.urbancompany.com/,company-field,,,,,SRC02291,HIGH,current,yes,"careers link found on official homepage, probed live"
CL00633,S0142,Zomato,official_website,https://www.zomato.com,company-field,,,,,SRC02297,HIGH,current,yes,verified live 2026-09-15: name match on own homepage
CL00634,S0143,Emversity,official_website,https://emversity.com,company-field,,,,,SRC02303,HIGH,current,yes,verified live 2026-09-15: name match on own homepage
CL00635,S0143,Emversity,careers_website,https://emversity.com/careers,company-field,,,,,SRC02303,HIGH,current,yes,"careers link found on official homepage, probed live"
CL00636,S0144,KGeN (Kratos Gamer Network),official_website,https://venture.com,company-field,,,,,SRC02323,HIGH,current,yes,verified live 2026-09-15: name match on own homepage
CL00637,S0144,KGeN (Kratos Gamer Network),careers_website,https://venture.com/joint_venture,company-field,,,,,SRC02323,HIGH,current,yes,playwright render 2026-09-15
CL00638,S0144,KGeN (Kratos Gamer Network),legal_name,White MarTech Solutions Private Limited,company-field,,,2026-09-15,,SRC02309,HIGH,current,yes,Tracxn 2026 profile; also Crunchbase lists Kratos Studios Ltd as legal name
CL00639,S0144,KGeN (Kratos Gamer Network),cin,U62099KA2023PTC178138,company-field,,,2026-09-15,,SRC02309,HIGH,current,yes,"MCA21-derived CIN from Tracxn; incorporated Sep 04, 2023"
CL00640,S0144,KGeN (Kratos Gamer Network),incorporation_date,2023-09-04,company-field,,,2026-09-15,,SRC02309,HIGH,current,yes,Tracxn company profile
CL00641,S0144,KGeN (Kratos Gamer Network),status,Active,company-field,,,2026-09-15,,SRC02309,HIGH,current,yes,Tracxn lists Active; Series A stage
CL00642,S0144,KGeN (Kratos Gamer Network),state,Karnataka,company-field,,,2026-09-15,,SRC02309,HIGH,current,yes,"Registered address: 1147 KP Icon, 4th Floor, 12th Main, HAL II Stage, Indiranagar, Bangalore, Karnataka, 560038"
CL00643,S0144,KGeN (Kratos Gamer Network),country,India,company-field,,,2026-09-15,,SRC02309,HIGH,current,yes,Registered entity in India; also has MENA HQ in Bahrain
CL00644,S0144,KGeN (Kratos Gamer Network),description,"KGeN is the world's largest verified human network with 61.9M users across 60+ countries, generating $85.8M ARR. It operates a verified distribution protocol (Proof of Gamer/VeriFi) for AI gaming, DeF",company-field,,,2026-06-05,,SRC02310,HIGH,current,yes,GlobeNewswire Jun 2026 + Accel + Tracxn
CL00645,S0144,KGeN (Kratos Gamer Network),employee_estimate,232,company-field,,,2026-07-01,,SRC02325,MEDIUM,current,yes,LeadIQ Jul 2026; Tracxn reported 70 as of Aug 2025; LinkedIn shows 253
CL00646,S0144,KGeN (Kratos Gamer Network),hq_type,registered_office,company-field,,,2026-09-15,,SRC02309,HIGH,current,yes,"Registered at Indiranagar, Bengaluru; MENA regional HQ in Bahrain"
CL00647,S0144,KGeN (Kratos Gamer Network),registered_office,"1147 KP Icon, 4th Floor, 12th Main, HAL II Stage, Indiranagar, Bangalore, Karnataka, India, 560038",company-field,,,2026-09-15,,SRC02309,HIGH,current,yes,Tracxn registered address
CL00648,S0145,Seekho,official_website,https://seekho.in,company-field,,,,,SRC02334,HIGH,current,yes,verified live 2026-09-15: name match on own homepage
CL00649,S0145,Seekho,careers_website,https://seekho.in/category/jobs-career/,company-field,,,,,SRC02334,HIGH,current,yes,"careers link found on official homepage, probed live"
CL00650,S0145,Seekho,legal_name,Keyaro Edutech Private Limited,company-field,,,2026-09-15,,SRC02331,HIGH,current,yes,MCA-registered entity; CIN U72900RJ2020PTC071142
CL00651,S0145,Seekho,cin,U72900RJ2020PTC071142,company-field,,,2026-09-15,,SRC02331,HIGH,current,yes,RoC-Jaipur; incorporated 21 Sep 2020
CL00652,S0145,Seekho,incorporation_date,2020-09-21,company-field,,,2026-09-15,,SRC02331,HIGH,current,yes,MCA registration date
CL00653,S0145,Seekho,status,Active,company-field,,,2026-09-15,,SRC02331,HIGH,current,yes,MCA data shows active; app live on Play/App Store
CL00654,S0145,Seekho,state,Karnataka,company-field,,,2026-09-15,,SRC02339,HIGH,current,yes,"Bellandur, Bengaluru"
CL00655,S0145,Seekho,country,India,company-field,,,2026-09-15,,SRC02334,HIGH,current,yes,Indian company
CL00656,S0145,Seekho,description,"India's first edutainment OTT platform offering 10,000+ bite-sized short learning videos across Technology, Money, Business, and 10+ categories in Hindi and regional languages. Known as 'Netflix for L",company-field,,,2026-09-15,,SRC02330,HIGH,current,yes,Bessemer thesis; also confirmed on seekho.in and Play Store
CL00657,S0145,Seekho,employee_estimate,140,company-field,,,2026-09-15,,SRC02345,MEDIUM,current,yes,PitchBook says 140; LinkedIn says 51-200; Ambitionbox says 60+
CL00658,S0145,Seekho,hq_type,office,company-field,,,2026-09-15,,SRC02329,HIGH,current,yes,"Bellandur, Bengaluru office; originally launched from Udaipur"
CL00659,S0145,Seekho,registered_office,"c/o W O Ashok Agarwal, 10 Ashirvad Colony, Opp. College Ground, Kesarganj, Sirohi, Rajasthan - 302001",company-field,,,2026-09-15,,SRC02332,MEDIUM,current,yes,Tofler shows Rajasthan registered address; operational HQ in Bengaluru
CL00660,S0146,Avammune Therapeutics,official_website,https://www.avammune.com,company-field,,,,,SRC02350,HIGH,current,yes,verified live 2026-09-15: name match on own homepage
CL00661,S0146,Avammune Therapeutics,legal_name,Avammune Lifesciences Private Limited,company-field,,,2024-11-08,,SRC02352,HIGH,current,yes,MCA-registered entity; CIN U21001KA2024PTC194702
CL00662,S0146,Avammune Therapeutics,incorporation_date,2024-11-08,company-field,,,,,SRC02352,HIGH,current,yes,Date of incorporation per MCA registry
CL00663,S0146,Avammune Therapeutics,status,Active,company-field,,,,,SRC02359,HIGH,current,yes,Active per Tracxn and company site
CL00664,S0146,Avammune Therapeutics,state,Karnataka,company-field,,,,,SRC02350,HIGH,current,yes,Registered office in Bengaluru
CL00665,S0146,Avammune Therapeutics,country,India,company-field,,,,,SRC02350,HIGH,current,yes,India operations; also US entity in Pennsylvania
CL00666,S0146,Avammune Therapeutics,description,"Avammune develops first-in-class and best-in-class small molecule immuno-oncology therapeutics targeting hard-to-treat solid tumors. Platform spans innate immune modulation (ENPP1, ADAR1 p150 inhibito",company-field,,,,,SRC02350,HIGH,current,yes,From company website
CL00667,S0146,Avammune Therapeutics,employee_estimate,40,company-field,,,2025-05-12,,SRC02346,MEDIUM,current,yes,Team of over 40 across global operations (Philadelphia + Bengaluru)
CL00668,S0146,Avammune Therapeutics,hq_type,HQ,company-field,,,,,SRC02350,HIGH,current,yes,India HQ in Bengaluru; US entity in Pennsylvania
CL00669,S0146,Avammune Therapeutics,registered_office,"#545/6, 1st Floor, Devarachikkanahalli Main Road, Bommanahalli, Bangalore 560068",company-field,,,,,SRC02350,HIGH,current,yes,India registered office per company website
CL00670,S0147,HexaHealth,official_website,https://www.hexahealth.com,company-field,,,,,SRC02367,HIGH,current,yes,verified live 2026-09-15: name match on own homepage
CL00671,S0147,HexaHealth,careers_website,https://www.hexahealth.com/careers,company-field,,,,,,HIGH,current,yes,Official careers page confirmed with real job listings
CL00672,S0148,Escape Plan (travel gear),official_website,https://myescplan.com,company-field,,,,,SRC02378,HIGH,current,yes,verified live 2026-09-15: name match on own homepage
CL00673,S0148,Escape Plan (travel gear),legal_name,ENCHANTE BRANDS PRIVATE LIMITED,company-field,,,2026-09-15,,SRC02371,HIGH,current,yes,Verified via Tracxn/MCA; also on company website footer
CL00674,S0148,Escape Plan (travel gear),incorporation_date,2024-11-27,company-field,,,2026-09-15,,SRC02371,HIGH,current,yes,MCA21 incorporation date per Tracxn
CL00675,S0148,Escape Plan (travel gear),status,Active,company-field,,,2026-09-15,,SRC02384,HIGH,current,yes,Active per MCA21; operating since May 2025
CL00676,S0148,Escape Plan (travel gear),state,Karnataka,company-field,,,2026-09-15,,SRC02371,HIGH,current,yes,Karnataka per MCA21
CL00677,S0148,Escape Plan (travel gear),country,India,company-field,,,2026-09-15,,SRC02384,HIGH,current,yes,India
CL00678,S0148,Escape Plan (travel gear),description,"Multi-brand travel gear platform aggregating HRX, Snitch, Rare Rabbit luggage and accessories; D2C website, marketplaces, and growing offline retail",company-field,,,2026-09-15,,SRC02373,HIGH,current,yes,"Platform-led, not single-brand"
CL00679,S0148,Escape Plan (travel gear),employee_estimate,Lean team (exact count not disclosed),company-field,,,2026-01-22,,SRC02373,LOW,current,yes,Pathak said 'we're still a very lean team'; no specific number found
CL00680,S0148,Escape Plan (travel gear),hq_type,registered_office,company-field,,,2026-09-15,,SRC02371,HIGH,current,yes,"Enzyme Octane, HSR Layout, Bangalore South, Karnataka"
CL00681,S0148,Escape Plan (travel gear),registered_office,"Enzyme Octane, No480/B, 5Fl, 18 Cross, 27 Main, HSR Layout, Bangalore, Bangalore South, Karnataka, India, 560102",company-field,,,2026-09-15,,SRC02371,HIGH,current,yes,MCA21 registered address
CL00682,S0149,"{'v': 'Lendingkart', 'src': 'Tracxn, IndiaFilings'}",company_name,Lendingkart,company-field,,,,,,MEDIUM,current,yes,
CL00683,S0149,"{'v': 'Lendingkart', 'src': 'Tracxn, IndiaFilings'}",startup_stage,Late Stage (Series E),company-field,,,,,,MEDIUM,current,yes,
CL00684,S0149,"{'v': 'Lendingkart', 'src': 'Tracxn, IndiaFilings'}",public_private,Private,company-field,,,,,,MEDIUM,current,yes,
CL00685,S0149,"{'v': 'Lendingkart', 'src': 'Tracxn, IndiaFilings'}",city,Ahmedabad,company-field,,,,,,MEDIUM,current,yes,
CL00686,S0149,"{'v': 'Lendingkart', 'src': 'Tracxn, IndiaFilings'}",primary_sector,fintech/sme lending,company-field,,,,,,MEDIUM,current,yes,
CL00687,S0149,"{'v': 'Lendingkart', 'src': 'Tracxn, IndiaFilings'}",founded_date,15-12-2014,company-field,,,,,,MEDIUM,current,yes,
CL00688,S0149,"{'v': 'Lendingkart', 'src': 'Tracxn, IndiaFilings'}",legal_name,Lendingkart Technologies Private Limited,company-field,,,,,,MEDIUM,current,yes,
CL00689,S0149,"{'v': 'Lendingkart', 'src': 'Tracxn, IndiaFilings'}",cin,U72900GJ2014PTC081539,company-field,,,,,,MEDIUM,current,yes,
CL00690,S0149,"{'v': 'Lendingkart', 'src': 'Tracxn, IndiaFilings'}",incorporation_date,15-12-2014,company-field,,,,,,MEDIUM,current,yes,
CL00691,S0149,"{'v': 'Lendingkart', 'src': 'Tracxn, IndiaFilings'}",status,"Active (distressed, Fullerton majority takeover)",company-field,,,,,,MEDIUM,current,yes,
CL00692,S0149,"{'v': 'Lendingkart', 'src': 'Tracxn, IndiaFilings'}",business_model,NBFC providing unsecured MSME loans and working capital financing,company-field,,,,,,MEDIUM,current,yes,
CL00693,S0149,"{'v': 'Lendingkart', 'src': 'Tracxn, IndiaFilings'}",official_website,https://www.lendingkart.com,company-field,,,,,SRC02395,HIGH,current,yes,verified live 2026-09-15: name match on own homepage
CL00694,S0149,"{'v': 'Lendingkart', 'src': 'Tracxn, IndiaFilings'}",careers_website,https://www.lendingkart.com/careers,company-field,,,,,SRC02395,HIGH,current,yes,"careers link found on official homepage, probed live"
CL00695,S0150,"{'v': 'PB Healthcare', 'src': 'Tracxn, Entrackr'}",company_name,PB Healthcare,company-field,,,,,,MEDIUM,current,yes,
CL00696,S0150,"{'v': 'PB Healthcare', 'src': 'Tracxn, Entrackr'}",startup_stage,Seed,company-field,,,,,,MEDIUM,current,yes,
CL00697,S0150,"{'v': 'PB Healthcare', 'src': 'Tracxn, Entrackr'}",public_private,Private,company-field,,,,,,MEDIUM,current,yes,
CL00698,S0150,"{'v': 'PB Healthcare', 'src': 'Tracxn, Entrackr'}",city,Gurugram,company-field,,,,,,MEDIUM,current,yes,
CL00699,S0150,"{'v': 'PB Healthcare', 'src': 'Tracxn, Entrackr'}",primary_sector,healthtech | healthtech integrated care,company-field,,,,,,MEDIUM,current,yes,
CL00700,S0150,"{'v': 'PB Healthcare', 'src': 'Tracxn, Entrackr'}",founded_date,01-01-2025,company-field,,,,,,MEDIUM,current,yes,
CL00701,S0150,"{'v': 'PB Healthcare', 'src': 'Tracxn, Entrackr'}",legal_name,PB Healthcare Services Private Limited,company-field,,,,,,MEDIUM,current,yes,
CL00702,S0150,"{'v': 'PB Healthcare', 'src': 'Tracxn, Entrackr'}",cin,U86100HR2025PTC127240,company-field,,,,,,MEDIUM,current,yes,
CL00703,S0150,"{'v': 'PB Healthcare', 'src': 'Tracxn, Entrackr'}",incorporation_date,01-01-2025,company-field,,,,,,MEDIUM,current,yes,
CL00704,S0150,"{'v': 'PB Healthcare', 'src': 'Tracxn, Entrackr'}",status,Active,company-field,,,,,,MEDIUM,current,yes,
CL00705,S0150,"{'v': 'PB Healthcare', 'src': 'Tracxn, Entrackr'}",business_model,Chain of multispecialty hospitals integrating care and insurance,company-field,,,,,,MEDIUM,current,yes,
CL00706,S0150,"{'v': 'PB Healthcare', 'src': 'Tracxn, Entrackr'}",official_website,https://www.pbhealth.com,company-field,,,,,,HIGH,current,yes,Company-branded domain confirmed. No /careers page (404). LinkedIn shows careers@pbhealth.com.
CL00707,S0151,"{'v': 'Augnito', 'src': 'Tracxn, LinkedIn'}",company_name,Augnito,company-field,,,,,,MEDIUM,current,yes,
CL00708,S0151,"{'v': 'Augnito', 'src': 'Tracxn, LinkedIn'}",startup_stage,Series A,company-field,,,,,,MEDIUM,current,yes,
CL00709,S0151,"{'v': 'Augnito', 'src': 'Tracxn, LinkedIn'}",public_private,Private,company-field,,,,,,MEDIUM,current,yes,
CL00710,S0151,"{'v': 'Augnito', 'src': 'Tracxn, LinkedIn'}",city,Mumbai,company-field,,,,,,MEDIUM,current,yes,
CL00711,S0151,"{'v': 'Augnito', 'src': 'Tracxn, LinkedIn'}",primary_sector,healthtech ai scribe,company-field,,,,,,MEDIUM,current,yes,
CL00712,S0151,"{'v': 'Augnito', 'src': 'Tracxn, LinkedIn'}",founded_date,18-02-2022,company-field,,,,,,MEDIUM,current,yes,
CL00713,S0151,"{'v': 'Augnito', 'src': 'Tracxn, LinkedIn'}",legal_name,Augnito India Private Limited,company-field,,,,,,MEDIUM,current,yes,
CL00714,S0151,"{'v': 'Augnito', 'src': 'Tracxn, LinkedIn'}",cin,U72900MH2022PTC377129,company-field,,,,,,MEDIUM,current,yes,
CL00715,S0151,"{'v': 'Augnito', 'src': 'Tracxn, LinkedIn'}",incorporation_date,18-02-2022,company-field,,,,,,MEDIUM,current,yes,
CL00716,S0151,"{'v': 'Augnito', 'src': 'Tracxn, LinkedIn'}",status,Active,company-field,,,,,,MEDIUM,current,yes,
CL00717,S0151,"{'v': 'Augnito', 'src': 'Tracxn, LinkedIn'}",business_model,AI-powered clinical documentation solutions (voice AI medical scribe),company-field,,,,,,MEDIUM,current,yes,
CL00718,S0151,"{'v': 'Augnito', 'src': 'Tracxn, LinkedIn'}",official_website,https://augnito.ai/,company-field,,,,,SRC02409,HIGH,current,yes,Verified through TinyFish render; Augnito homepage title rendered.
CL00719,S0151,"{'v': 'Augnito', 'src': 'Tracxn, LinkedIn'}",careers_website,https://augnito.ai/careers,company-field,,,,,SRC02410,HIGH,current,yes,Verified through TinyFish render; official Careers at Augnito page rendered with Join the Augnito Team content.
CL00720,S0152,"{'v': 'C2i Semiconductors', 'src': 'Tracxn, LinkedIn'}",company_name,C2i Semiconductors,company-field,,,,,,MEDIUM,current,yes,
CL00721,S0152,"{'v': 'C2i Semiconductors', 'src': 'Tracxn, LinkedIn'}",startup_stage,Series A (acquired by Infineon),company-field,,,,,,MEDIUM,current,yes,
CL00722,S0152,"{'v': 'C2i Semiconductors', 'src': 'Tracxn, LinkedIn'}",public_private,Private,company-field,,,,,,MEDIUM,current,yes,
CL00723,S0152,"{'v': 'C2i Semiconductors', 'src': 'Tracxn, LinkedIn'}",city,Bengaluru,company-field,,,,,,MEDIUM,current,yes,
CL00724,S0152,"{'v': 'C2i Semiconductors', 'src': 'Tracxn, LinkedIn'}",primary_sector,semiconductor power,company-field,,,,,,MEDIUM,current,yes,
CL00725,S0152,"{'v': 'C2i Semiconductors', 'src': 'Tracxn, LinkedIn'}",founded_date,05-06-2024,company-field,,,,,,MEDIUM,current,yes,
CL00726,S0152,"{'v': 'C2i Semiconductors', 'src': 'Tracxn, LinkedIn'}",legal_name,C2I Semiconductors Private Limited,company-field,,,,,,MEDIUM,current,yes,
CL00727,S0152,"{'v': 'C2i Semiconductors', 'src': 'Tracxn, LinkedIn'}",cin,U46521KA2024PTC189414,company-field,,,,,,MEDIUM,current,yes,
CL00728,S0152,"{'v': 'C2i Semiconductors', 'src': 'Tracxn, LinkedIn'}",incorporation_date,05-06-2024,company-field,,,,,,MEDIUM,current,yes,
CL00729,S0152,"{'v': 'C2i Semiconductors', 'src': 'Tracxn, LinkedIn'}",status,"Active (acquisition by Infineon announced Aug 24, 2026, expected to close Q3 2026)",company-field,,,,,,MEDIUM,current,yes,
CL00730,S0152,"{'v': 'C2i Semiconductors', 'src': 'Tracxn, LinkedIn'}",business_model,Software-defined multiphase controllers and smart power stages for AI data center applications,company-field,,,,,,MEDIUM,current,yes,
CL00731,S0152,"{'v': 'C2i Semiconductors', 'src': 'Tracxn, LinkedIn'}",official_website,https://c2isemiconductors.com,company-field,,,,,SRC02418,HIGH,current,yes,verified live 2026-09-15: name match on own homepage
CL00732,S0153,"{'v': 'CynLr', 'src': 'Tracxn, LinkedIn'}",company_name,CynLr,company-field,,,,,,MEDIUM,current,yes,
CL00733,S0153,"{'v': 'CynLr', 'src': 'Tracxn, LinkedIn'}",startup_stage,Series A,company-field,,,,,,MEDIUM,current,yes,
CL00734,S0153,"{'v': 'CynLr', 'src': 'Tracxn, LinkedIn'}",public_private,Private,company-field,,,,,,MEDIUM,current,yes,
CL00735,S0153,"{'v': 'CynLr', 'src': 'Tracxn, LinkedIn'}",city,Bengaluru,company-field,,,,,,MEDIUM,current,yes,
CL00736,S0153,"{'v': 'CynLr', 'src': 'Tracxn, LinkedIn'}",primary_sector,robotics vision,company-field,,,,,,MEDIUM,current,yes,
CL00737,S0153,"{'v': 'CynLr', 'src': 'Tracxn, LinkedIn'}",founded_date,2019,company-field,,,,,,MEDIUM,current,yes,
CL00738,S0153,"{'v': 'CynLr', 'src': 'Tracxn, LinkedIn'}",legal_name,Vyuti Systems Private Limited,company-field,,,,,,MEDIUM,current,yes,
CL00739,S0153,"{'v': 'CynLr', 'src': 'Tracxn, LinkedIn'}",cin,U72200KA2015PTC079783,company-field,,,,,,MEDIUM,current,yes,
CL00740,S0153,"{'v': 'CynLr', 'src': 'Tracxn, LinkedIn'}",incorporation_date,10-04-2015,company-field,,,,,,MEDIUM,current,yes,
CL00741,S0153,"{'v': 'CynLr', 'src': 'Tracxn, LinkedIn'}",status,Active,company-field,,,,,,MEDIUM,current,yes,
CL00742,S0153,"{'v': 'CynLr', 'src': 'Tracxn, LinkedIn'}",business_model,AI-based robotic vision solutions (Object Intelligence platform) for industrial robotics,company-field,,,,,,MEDIUM,current,yes,
CL00743,S0153,"{'v': 'CynLr', 'src': 'Tracxn, LinkedIn'}",official_website,https://www.cynlr.com,company-field,,,,,SRC02426,HIGH,current,yes,verified live 2026-09-15: name match on own homepage
CL00744,S0153,"{'v': 'CynLr', 'src': 'Tracxn, LinkedIn'}",careers_website,https://www.cynlr.com/careers,company-field,,,,,SRC02426,HIGH,current,yes,"careers link found on official homepage, probed live"
CL00745,S0153,"{'v': 'CynLr', 'src': 'Tracxn, LinkedIn'}",state,Karnataka,company-field,,,2026-09-15,,SRC02425,HIGH,current,yes,MCA registered in Karnataka
CL00746,S0153,"{'v': 'CynLr', 'src': 'Tracxn, LinkedIn'}",country,India / Switzerland,company-field,,,2026-09-15,,SRC02426,HIGH,current,yes,"Dual structure: legal entity India (Vyuti Systems), HQ operations in Prilly Switzerland"
CL00747,S0153,"{'v': 'CynLr', 'src': 'Tracxn, LinkedIn'}",description,"CynLr (Cybernetics Laboratory) builds Object Intelligence technology enabling industrial robots to see, grasp, and manipulate unknown objects without pre-training. Products include CyRo (dual-arm), Cy",company-field,,,2026-09-15,,SRC02426,HIGH,current,yes,"Form-factor agnostic; same intelligence layer powers arms, multi-arm, humanoids"
CL00748,S0153,"{'v': 'CynLr', 'src': 'Tracxn, LinkedIn'}",employee_estimate,51,company-field,,,2026-02-17,,SRC02420,MEDIUM,current,yes,LinkedIn shows 51-200 employees; Tracxn shows 38 official; Inc42 shows 53; CNBC Feb 2026 says ~60 core team expanding to 120
CL00749,S0153,"{'v': 'CynLr', 'src': 'Tracxn, LinkedIn'}",hq_type,Dual HQ: Switzerland (Prilly) + India (Bengaluru),company-field,,,2026-09-15,,SRC02420,HIGH,current,yes,HQ listed as Lausanne/Prilly Switzerland; registered office Bengaluru; Design & Research Centre at Unlimitrust Campus Prilly
CL00750,S0153,"{'v': 'CynLr', 'src': 'Tracxn, LinkedIn'}",registered_office,"No 156, Puttannachetty Road, 5th Main Road, Chamarajpet, Bengaluru, Karnataka, India, 560018",company-field,,,2026-09-15,,SRC02419,HIGH,current,yes,MCA registered address
CL00751,S0154,"{'v': 'Skydo', 'src': 'skydo.com'}",company_name,Skydo,company-field,,,,,,MEDIUM,current,yes,
CL00752,S0154,"{'v': 'Skydo', 'src': 'skydo.com'}",startup_stage,Series A,company-field,,,Dec 2025,,,MEDIUM,current,yes,
CL00753,S0154,"{'v': 'Skydo', 'src': 'skydo.com'}",public_private,private,company-field,,,,,,MEDIUM,current,yes,
CL00754,S0154,"{'v': 'Skydo', 'src': 'skydo.com'}",city,Bengaluru,company-field,,,,,,MEDIUM,current,yes,
CL00755,S0154,"{'v': 'Skydo', 'src': 'skydo.com'}",primary_sector,fintech cross-border payments,company-field,,,,,,MEDIUM,current,yes,
CL00756,S0154,"{'v': 'Skydo', 'src': 'skydo.com'}",founded_date,Feb 2022,company-field,,,,,,MEDIUM,current,yes,
CL00757,S0154,"{'v': 'Skydo', 'src': 'skydo.com'}",legal_name,Skydo Technologies Private Limited,company-field,,,,,,MEDIUM,current,yes,
CL00758,S0154,"{'v': 'Skydo', 'src': 'skydo.com'}",description,Cross-border B2B payments platform for Indian exporters and MSMEs,company-field,,,,,,MEDIUM,current,yes,
CL00759,S0154,"{'v': 'Skydo', 'src': 'skydo.com'}",employees,213,company-field,,,Jul 2026,,,MEDIUM,current,yes,
CL00760,S0154,"{'v': 'Skydo', 'src': 'skydo.com'}",valuation,$77.48M,company-field,,,Dec 10 202,,,MEDIUM,current,yes,
CL00761,S0154,"{'v': 'Skydo', 'src': 'skydo.com'}",official_website,https://www.skydo.com,company-field,,,,,SRC02457,HIGH,current,yes,verified live 2026-09-15: name match on own homepage
CL00762,S0154,"{'v': 'Skydo', 'src': 'skydo.com'}",cin,U72501KA2022PTC158593,company-field,,,2026-09-15,,,HIGH,current,yes,CIN from Tracxn company profile; MCA registry cross-check pending
CL00763,S0154,"{'v': 'Skydo', 'src': 'skydo.com'}",incorporation_date,Feb 2022,company-field,,,2026-09-15,,,HIGH,current,yes,Founded Feb 2022 per company about-us page
CL00764,S0154,"{'v': 'Skydo', 'src': 'skydo.com'}",status,ACTIVE,company-field,,,2026-09-15,,,HIGH,current,yes,"Active - Series A, RBI PA-CB licence, $1B payment volume as of Aug 2026"
CL00765,S0154,"{'v': 'Skydo', 'src': 'skydo.com'}",state,Karnataka,company-field,,,2026-09-15,,,HIGH,current,yes,Inferred from CIN prefix KA (Karnataka) and Bengaluru HQ
CL00766,S0154,"{'v': 'Skydo', 'src': 'skydo.com'}",country,India,company-field,,,2026-09-15,,,HIGH,current,yes,Indian private limited company
CL00767,S0154,"{'v': 'Skydo', 'src': 'skydo.com'}",business_model,"B2B cross-border payments platform; virtual accounts, flat fees, zero FX margin, instant FIRA",company-field,,,2026-09-15,,,HIGH,current,yes,Products from skydo.com/about-us and LinkedIn
CL00768,S0154,"{'v': 'Skydo', 'src': 'skydo.com'}",employee_estimate,213,company-field,,,2026-07-01,,,MEDIUM,current,yes,LinkedIn headcount 213 as of Jul 2026; range 187-213 across sources
CL00769,S0154,"{'v': 'Skydo', 'src': 'skydo.com'}",hq_type,HQ,company-field,,,2026-09-15,,,HIGH,current,yes,Bengaluru is HQ
CL00770,S0154,"{'v': 'Skydo', 'src': 'skydo.com'}",registered_office,"Bengaluru, Karnataka",company-field,,,2026-09-15,,,MEDIUM,current,yes,Inferred from CIN prefix KA and Bengaluru HQ; MCA registry not directly verified
CL00771,S0155,"{'v': 'Smart Joules', 'src': 'smartjoules.co.in'}",company_name,Smart Joules,company-field,,,,,,MEDIUM,current,yes,
CL00772,S0155,"{'v': 'Smart Joules', 'src': 'smartjoules.co.in'}",startup_stage,Series B,company-field,,,Nov 28 202,,,MEDIUM,current,yes,
CL00773,S0155,"{'v': 'Smart Joules', 'src': 'smartjoules.co.in'}",public_private,private,company-field,,,,,,MEDIUM,current,yes,
CL00774,S0155,"{'v': 'Smart Joules', 'src': 'smartjoules.co.in'}",city,Delhi (New Delhi),company-field,,,,,,MEDIUM,current,yes,
CL00775,S0155,"{'v': 'Smart Joules', 'src': 'smartjoules.co.in'}",primary_sector,climate energy efficiency,company-field,,,,,,MEDIUM,current,yes,
CL00776,S0155,"{'v': 'Smart Joules', 'src': 'smartjoules.co.in'}",founded_date,Dec 8 2014,company-field,,,,,,MEDIUM,current,yes,
CL00777,S0155,"{'v': 'Smart Joules', 'src': 'smartjoules.co.in'}",legal_name,Smart Joules Private Limited,company-field,,,,,,MEDIUM,current,yes,
CL00778,S0155,"{'v': 'Smart Joules', 'src': 'smartjoules.co.in'}",cin,U40300DL2014PTC273904,company-field,,,,,,MEDIUM,current,yes,
CL00779,S0155,"{'v': 'Smart Joules', 'src': 'smartjoules.co.in'}",incorporation_date,Dec 8 2014,company-field,,,,,,MEDIUM,current,yes,
CL00780,S0155,"{'v': 'Smart Joules', 'src': 'smartjoules.co.in'}",description,"AI-powered energy efficiency solutions for commercial buildings; JoulePays, JouleCool, DeJoule",company-field,,,,,,MEDIUM,current,yes,
CL00781,S0155,"{'v': 'Smart Joules', 'src': 'smartjoules.co.in'}",employees,204,company-field,,,Aug 31 202,,,MEDIUM,current,yes,
CL00782,S0155,"{'v': 'Smart Joules', 'src': 'smartjoules.co.in'}",dpiit_recognized,True,company-field,,,,,,MEDIUM,current,yes,
CL00783,S0155,"{'v': 'Smart Joules', 'src': 'smartjoules.co.in'}",official_website,https://smartjoules.co.in,company-field,,,,,SRC02459,HIGH,current,yes,verified live 2026-09-15: name match on own homepage
CL00784,S0155,"{'v': 'Smart Joules', 'src': 'smartjoules.co.in'}",careers_website,https://smartjoules.co.in/life-at-smartjoules,company-field,,,,,SRC02459,HIGH,current,yes,playwright render 2026-09-15
CL00785,S0156,"{'v': 'Vervesemi (VerveSemi)', 'src': 'vervesemi.com'}",company_name,Vervesemi (VerveSemi),company-field,,,,,,MEDIUM,current,yes,
CL00786,S0156,"{'v': 'Vervesemi (VerveSemi)', 'src': 'vervesemi.com'}",startup_stage,Series A,company-field,,,Feb 2026,,,MEDIUM,current,yes,
CL00787,S0156,"{'v': 'Vervesemi (VerveSemi)', 'src': 'vervesemi.com'}",public_private,private,company-field,,,,,,MEDIUM,current,yes,
CL00788,S0156,"{'v': 'Vervesemi (VerveSemi)', 'src': 'vervesemi.com'}",city,Greater Noida (Bengaluru R&D),company-field,,,,,,MEDIUM,current,yes,
CL00789,S0156,"{'v': 'Vervesemi (VerveSemi)', 'src': 'vervesemi.com'}",primary_sector,semiconductor motor control,company-field,,,,,,MEDIUM,current,yes,
CL00790,S0156,"{'v': 'Vervesemi (VerveSemi)', 'src': 'vervesemi.com'}",founded_date,Jun 8 2017,company-field,,,,,,MEDIUM,current,yes,
CL00791,S0156,"{'v': 'Vervesemi (VerveSemi)', 'src': 'vervesemi.com'}",legal_name,Vervesemi Microelectronics Private Limited,company-field,,,,,,MEDIUM,current,yes,
CL00792,S0156,"{'v': 'Vervesemi (VerveSemi)', 'src': 'vervesemi.com'}",cin,U74999UP2017PTC093961,company-field,,,,,,MEDIUM,current,yes,
CL00793,S0156,"{'v': 'Vervesemi (VerveSemi)', 'src': 'vervesemi.com'}",incorporation_date,Jun 8 2017,company-field,,,,,,MEDIUM,current,yes,
CL00794,S0156,"{'v': 'Vervesemi (VerveSemi)', 'src': 'vervesemi.com'}",description,"Fabless semiconductor company; ML-enhanced analog signal chain ICs for industrial, smart energy, motor control, avionics",company-field,,,,,,MEDIUM,current,yes,
CL00795,S0156,"{'v': 'Vervesemi (VerveSemi)', 'src': 'vervesemi.com'}",employees,46,company-field,,,2026,,,MEDIUM,current,yes,
CL00796,S0156,"{'v': 'Vervesemi (VerveSemi)', 'src': 'vervesemi.com'}",dpiit_recognized,True,company-field,,,,,,MEDIUM,current,yes,
CL00797,S0156,"{'v': 'Vervesemi (VerveSemi)', 'src': 'vervesemi.com'}",dl_scheme,True,company-field,,,,,,MEDIUM,current,yes,
CL00798,S0156,"{'v': 'Vervesemi (VerveSemi)', 'src': 'vervesemi.com'}",c2s_program,True,company-field,,,,,,MEDIUM,current,yes,
CL00799,S0156,"{'v': 'Vervesemi (VerveSemi)', 'src': 'vervesemi.com'}",official_website,https://vervesemi.com,company-field,,,,,SRC02480,HIGH,current,yes,verified live 2026-09-15: name match on own homepage
CL00800,S0156,"{'v': 'Vervesemi (VerveSemi)', 'src': 'vervesemi.com'}",status,Active,company-field,,,2026-09-15,,SRC02471,HIGH,current,yes,MCA status Active; AGM held Sep 30 2025
CL00801,S0156,"{'v': 'Vervesemi (VerveSemi)', 'src': 'vervesemi.com'}",state,Uttar Pradesh,company-field,,,2026-09-15,,SRC02471,HIGH,current,yes,Registered in UP; R&D centre also in Bengaluru per company website
CL00802,S0156,"{'v': 'Vervesemi (VerveSemi)', 'src': 'vervesemi.com'}",country,India,company-field,,,2026-09-15,,SRC02471,HIGH,current,yes,
CL00803,S0156,"{'v': 'Vervesemi (VerveSemi)', 'src': 'vervesemi.com'}",business_model,"Fabless semiconductor design; IP licensing, custom chip design services, own chip sales",company-field,,,2026-09-15,,SRC02472,HIGH,current,yes,"Three revenue streams: IP licensing with royalties, custom design services, standard product sales"
CL00804,S0156,"{'v': 'Vervesemi (VerveSemi)', 'src': 'vervesemi.com'}",employee_estimate,46,company-field,,,2026-09-15,,SRC02474,MEDIUM,current,yes,LinkedIn shows 46 employees; Tracxn shows 42 as of Aug 2025; Inc42 shows 46 (+2.22% last 90d)
CL00805,S0156,"{'v': 'Vervesemi (VerveSemi)', 'src': 'vervesemi.com'}",hq_type,registered_office,company-field,,,2026-09-15,,SRC02471,HIGH,current,yes,Registered office in Greater Noida; R&D centre in Bengaluru
CL00806,S0156,"{'v': 'Vervesemi (VerveSemi)', 'src': 'vervesemi.com'}",registered_office,"Tower-4, Plot No. 21, Sector Techzone-IV, Greater Noida(West), Gautam Buddha Nagar, Uttar Pradesh, India, 201306",company-field,,,2026-09-15,,SRC02471,HIGH,current,yes,
CL00807,S0157,"{'v': 'Butterfly Learnings', 'src': 'butterflylearnings.com'}",company_name,Butterfly Learnings,company-field,,,,,,MEDIUM,current,yes,
CL00808,S0157,"{'v': 'Butterfly Learnings', 'src': 'butterflylearnings.com'}",startup_stage,Pre-Series B,company-field,,,Aug 2026,,,MEDIUM,current,yes,
CL00809,S0157,"{'v': 'Butterfly Learnings', 'src': 'butterflylearnings.com'}",public_private,private,company-field,,,,,,MEDIUM,current,yes,
CL00810,S0157,"{'v': 'Butterfly Learnings', 'src': 'butterflylearnings.com'}",city,Mumbai,company-field,,,,,,MEDIUM,current,yes,
CL00811,S0157,"{'v': 'Butterfly Learnings', 'src': 'butterflylearnings.com'}",primary_sector,healthtech,company-field,,,,,,MEDIUM,current,yes,
CL00812,S0157,"{'v': 'Butterfly Learnings', 'src': 'butterflylearnings.com'}",founded_date,Unknown,company-field,,,,,,MEDIUM,current,yes,
CL00813,S0157,"{'v': 'Butterfly Learnings', 'src': 'butterflylearnings.com'}",legal_name,Bombay Autism Services Private Limited,company-field,,,,,,MEDIUM,current,yes,
CL00814,S0157,"{'v': 'Butterfly Learnings', 'src': 'butterflylearnings.com'}",description,"Full-stack paediatric behavioural health platform for neurodivergent children; clinical therapy, inclusive schooling, digital therapeutics, diagnostics",company-field,,,,,,MEDIUM,current,yes,
CL00815,S0157,"{'v': 'Butterfly Learnings', 'src': 'butterflylearnings.com'}",centres,90+,company-field,,,,,,MEDIUM,current,yes,
CL00816,S0157,"{'v': 'Butterfly Learnings', 'src': 'butterflylearnings.com'}",official_website,https://www.butterflylearnings.com,company-field,,,,,SRC02492,HIGH,current,yes,verified live 2026-09-15: name match on own homepage
CL00817,S0157,"{'v': 'Butterfly Learnings', 'src': 'butterflylearnings.com'}",careers_website,https://www.butterflylearnings.com/career,company-field,,,,,SRC02492,HIGH,current,yes,playwright render 2026-09-15
CL00818,S0157,"{'v': 'Butterfly Learnings', 'src': 'butterflylearnings.com'}",cin,U85300MH2022PTC378258,company-field,,,2026-09-15,,SRC00088,HIGH,current,yes,Corporate Identification Number from Tracxn profile
CL00819,S0157,"{'v': 'Butterfly Learnings', 'src': 'butterflylearnings.com'}",incorporation_date,2022-03-10,company-field,,,2026-09-15,,SRC02489,HIGH,current,yes,Incorporation date 10 March 2022 per healthtechdirectory.in
CL00820,S0157,"{'v': 'Butterfly Learnings', 'src': 'butterflylearnings.com'}",status,Active,company-field,,,2026-09-15,,SRC00088,HIGH,current,yes,Entity status Active as of Jul 2026 per Tracxn
CL00821,S0157,"{'v': 'Butterfly Learnings', 'src': 'butterflylearnings.com'}",state,Maharashtra,company-field,,,2026-09-15,,SRC00088,HIGH,current,yes,MH state code in CIN
CL00822,S0157,"{'v': 'Butterfly Learnings', 'src': 'butterflylearnings.com'}",country,India,company-field,,,2026-09-15,,SRC02493,HIGH,current,yes,India-based startup
CL00823,S0157,"{'v': 'Butterfly Learnings', 'src': 'butterflylearnings.com'}",business_model,"Full-stack paediatric behavioural health platform; clinical therapy, inclusive schooling, digital therapeutics, diagnostics, technology-enabled interventions; B2C + B2B (hospitals, insurance, corporat",company-field,,,2026-09-15,,SRC02494,MEDIUM,current,yes,BusinessToday describes integrated model; IPO Platform mentions services to businesses
CL00824,S0157,"{'v': 'Butterfly Learnings', 'src': 'butterflylearnings.com'}",employee_estimate,350,company-field,,,2026-08-19,,SRC00020,MEDIUM,current,yes,350+ therapists per Inc42 Aug 2026; AmbitionBox shows 80+ employee reviews suggesting ~100-200 total staff
CL00825,S0157,"{'v': 'Butterfly Learnings', 'src': 'butterflylearnings.com'}",hq_type,HQ,company-field,,,2026-09-15,,SRC02493,HIGH,current,yes,Mumbai-based headquarters
CL00826,S0157,"{'v': 'Butterfly Learnings', 'src': 'butterflylearnings.com'}",registered_office,"Bombay Autism Services Private Limited, Mumbai, Maharashtra",company-field,,,2026-09-15,,SRC00088,MEDIUM,current,yes,Inferred from CIN state code MH and business address
CL00827,S0158,"{'v': 'Sugar Cosmetics', 'src': 'sugarcosmetics.com'}",company_name,Sugar Cosmetics,company-field,,,,,,MEDIUM,current,yes,
CL00828,S0158,"{'v': 'Sugar Cosmetics', 'src': 'sugarcosmetics.com'}",startup_stage,Series D7,company-field,,,Sep 2026,,,MEDIUM,current,yes,
CL00829,S0158,"{'v': 'Sugar Cosmetics', 'src': 'sugarcosmetics.com'}",public_private,private,company-field,,,,,,MEDIUM,current,yes,
CL00830,S0158,"{'v': 'Sugar Cosmetics', 'src': 'sugarcosmetics.com'}",city,Mumbai,company-field,,,,,,MEDIUM,current,yes,
CL00831,S0158,"{'v': 'Sugar Cosmetics', 'src': 'sugarcosmetics.com'}",primary_sector,d2c beauty,company-field,,,,,,MEDIUM,current,yes,
CL00832,S0158,"{'v': 'Sugar Cosmetics', 'src': 'sugarcosmetics.com'}",founded_date,2015,company-field,,,,,,MEDIUM,current,yes,
CL00833,S0158,"{'v': 'Sugar Cosmetics', 'src': 'sugarcosmetics.com'}",legal_name,Sugar Cosmetics (private limited),company-field,,,,,,MEDIUM,current,yes,
CL00834,S0158,"{'v': 'Sugar Cosmetics', 'src': 'sugarcosmetics.com'}",description,"D2C beauty and personal care brand; makeup and personal-care products via own platform, marketplaces, and offline retail",company-field,,,,,,MEDIUM,current,yes,
CL00835,S0158,"{'v': 'Sugar Cosmetics', 'src': 'sugarcosmetics.com'}",retail_presence,"200+ exclusive outlets across 50 cities, ~50,000 retail touchpoints",company-field,,,,,,MEDIUM,current,yes,
CL00836,S0158,"{'v': 'Sugar Cosmetics', 'src': 'sugarcosmetics.com'}",official_website,https://www.sugarcosmetics.com,company-field,,,,,SRC02499,HIGH,current,yes,verified live 2026-09-15: name match on own homepage
CL00837,S0158,"{'v': 'Sugar Cosmetics', 'src': 'sugarcosmetics.com'}",cin,UNKNOWN,company-field,,,,,,LOW,current,yes,CIN not verified from registry; gaps list in existing DB confirms this
CL00838,S0158,"{'v': 'Sugar Cosmetics', 'src': 'sugarcosmetics.com'}",incorporation_date,2015,company-field,,,,,,MEDIUM,current,yes,Founded 2015 per multiple sources; incorporation date not separately confirmed
CL00839,S0158,"{'v': 'Sugar Cosmetics', 'src': 'sugarcosmetics.com'}",status,active,company-field,,,2026-09-15,,,HIGH,current,yes,Active - Series D7 raised Sep 2026; not shut down or acquired
CL00840,S0158,"{'v': 'Sugar Cosmetics', 'src': 'sugarcosmetics.com'}",state,Maharashtra,company-field,,,,,,HIGH,current,yes,
CL00841,S0158,"{'v': 'Sugar Cosmetics', 'src': 'sugarcosmetics.com'}",country,India,company-field,,,,,,HIGH,current,yes,
CL00842,S0158,"{'v': 'Sugar Cosmetics', 'src': 'sugarcosmetics.com'}",business_model,D2C beauty and personal care; online-first expanding to offline retail,company-field,,,2026-09-15,,,HIGH,current,yes,"Sells via own platform, marketplaces, and 200+ exclusive retail outlets"
CL00843,S0158,"{'v': 'Sugar Cosmetics', 'src': 'sugarcosmetics.com'}",employee_estimate,UNKNOWN,company-field,,,,,,LOW,current,yes,Employee count not confirmed; reports of founders settling salaries from personal accounts (unverified)
CL00844,S0158,"{'v': 'Sugar Cosmetics', 'src': 'sugarcosmetics.com'}",hq_type,HQ,company-field,,,,,,HIGH,current,yes,
CL00845,S0158,"{'v': 'Sugar Cosmetics', 'src': 'sugarcosmetics.com'}",registered_office,UNKNOWN,company-field,,,,,,LOW,current,yes,Not verified from registry
CL00846,S0159,Graas.ai (Graas),official_website,https://www.graas.ai,company-field,,,,,SRC02509,HIGH,current,yes,verified live 2026-09-15: name match on own homepage
CL00847,S0159,Graas.ai (Graas),legal_name,Solv Pte Ltd,company-field,,,2026-09-15,,SRC02521,HIGH,current,yes,DBA Graas; also known as Growth-as-a-Service
CL00848,S0159,Graas.ai (Graas),cin,202132066C,company-field,,,2026-09-15,,SRC02514,HIGH,current,yes,Singapore ACRA UEN/CIN
CL00849,S0159,Graas.ai (Graas),incorporation_date,2021-09-14,company-field,,,2026-09-15,,SRC02514,HIGH,current,yes,Incorporated in Singapore
CL00850,S0159,Graas.ai (Graas),status,Active,company-field,,,2026-09-15,,SRC02514,HIGH,current,yes,Live company per ACRA
CL00851,S0159,Graas.ai (Graas),country,Singapore,company-field,,,2026-09-15,,SRC02509,HIGH,current,yes,"HQ Singapore; operations in India, Indonesia, Australia, Malaysia, Philippines, Thailand, UAE, Vietnam"
CL00852,S0159,Graas.ai (Graas),business_model,SaaS subscription + data platform,company-field,,,2026-09-15,,SRC02509,HIGH,current,yes,Subscription fees for platform and data analytics/AI services
CL00853,S0159,Graas.ai (Graas),description,"AI-native commerce platform: Commerce Knowledge Graph + Agent Foundry for enterprise retail. Agents converse, recommend, sell across text, voice, vision. Processes $1B+ live commerce transactions.",company-field,,,2026-08-12,,SRC02508,HIGH,current,yes,From Graas official Series B press release
CL00854,S0159,Graas.ai (Graas),employee_estimate,263,company-field,,,2026-07-31,,SRC02505,MEDIUM,current,yes,Tracxn official count as of Jul 2026; LinkedIn shows 262-263
CL00855,S0159,Graas.ai (Graas),hq_type,hq,company-field,,,2026-09-15,,SRC02509,HIGH,current,yes,"8 Craig Road, Outram, Singapore 089668"
CL00856,S0159,Graas.ai (Graas),registered_office,"8 Craig Road, #02-01, Singapore 089668",company-field,,,2026-09-15,,SRC02514,HIGH,current,yes,ACRA registered office
CL00857,S0161,Agrani Labs,official_website,https://agrani.in,company-field,,,,,SRC02539,HIGH,current,yes,verified live 2026-09-15: name match on own homepage
CL00858,S0161,Agrani Labs,legal_name,AGRANI R&D INDIA PRIVATE LIMITED,company-field,,,2026-09-15,,SRC02533,HIGH,current,yes,Tofler/MCA registry confirms legal name
CL00859,S0161,Agrani Labs,cin,U62099KA2025FTC200908,company-field,,,2026-09-15,,SRC02533,HIGH,current,yes,MCA CIN from Tofler registry
CL00860,S0161,Agrani Labs,incorporation_date,2025-04-07,company-field,,,2026-09-15,,SRC02533,HIGH,current,yes,Incorporated 07 April 2025 per Tofler
CL00861,S0161,Agrani Labs,status,Active,company-field,,,2026-09-15,,SRC02533,HIGH,current,yes,Active per MCA/Tofler
CL00862,S0161,Agrani Labs,state,Karnataka,company-field,,,2026-09-15,,SRC02533,HIGH,current,yes,Karnataka per MCA registration
CL00863,S0161,Agrani Labs,country,India,company-field,,,2026-09-15,,SRC02532,HIGH,current,yes,"Headquartered in Bengaluru, India"
CL00864,S0161,Agrani Labs,business_model,fabless semiconductor design + AI software stack,company-field,,,2026-09-15,,SRC02535,MEDIUM,current,yes,Fabless startup designing NPUs/GPUs with proprietary compiler ecosystem
CL00865,S0161,Agrani Labs,description,"Building AI GPUs and end-to-end software for enterprise and datacenter compute. Proprietary NPU architecture with matrix math units, SRAM-dense near-memory compute, and unified compiler ecosystem supp",company-field,,,2026-09-15,,SRC02535,HIGH,current,yes,From StartupWire deep-dive on architecture
CL00866,S0161,Agrani Labs,employee_estimate,56,company-field,,,2026-07-31,,SRC02536,MEDIUM,current,yes,"Tracxn reports 56 employees as of Jul 31, 2026; LinkedIn says 11-50; PitchBook says 31. Conflicting."
CL00867,S0161,Agrani Labs,hq_type,office,company-field,,,2026-09-15,,SRC02532,HIGH,current,yes,"1st floor, WorkEZ Techshire, 145/131A, BS Tech Park, Block Main Road, Hobli, Varthur, Devarabisanahalli, Bengaluru, Karnataka 560037"
CL00868,S0161,Agrani Labs,registered_office,"456, 5th Main Road 17th Cross Road, Sector 6, HSR Layout, Bangalore, Bangalore South, Karnataka, India, 560102",company-field,,,2026-09-15,,SRC02533,HIGH,current,yes,Registered address per MCA/Tofler
CL00869,S0162,Mokobara,official_website,https://mokobara.com,company-field,,,,,SRC02550,HIGH,current,yes,verified live 2026-09-15: name match on own homepage
CL00870,S0162,Mokobara,careers_website,https://mokobara.com/jobs,company-field,,,,,SRC02550,HIGH,current,yes,playwright render 2026-09-15
CL00871,S0162,Mokobara,legal_name,Mokobara Lifestyle Private Limited,company-field,,,2019-04-19,,SRC02549,HIGH,current,yes,MCA registry via ZaubaCorp
CL00872,S0162,Mokobara,cin,U74999KA2019PTC123562,company-field,,,2019-04-19,,SRC02549,HIGH,current,yes,Verified from ZaubaCorp MCA registry
CL00873,S0162,Mokobara,incorporation_date,2019-04-19,company-field,,,2019-04-19,,SRC02549,HIGH,current,yes,MCA registration date
CL00874,S0162,Mokobara,status,Active,company-field,,,2026-09-15,,SRC02549,HIGH,current,yes,MCA status Active
CL00875,S0162,Mokobara,state,Karnataka,company-field,,,2026-09-15,,SRC02550,HIGH,current,yes,Registered in Karnataka
CL00876,S0162,Mokobara,country,India,company-field,,,2026-09-15,,SRC02550,HIGH,current,yes,India HQ
CL00877,S0162,Mokobara,business_model,D2C e-commerce + omnichannel retail,company-field,,,2026-09-15,,SRC02550,HIGH,current,yes,Online (own site + Amazon/Flipkart) + 52+ offline stores + marketplaces
CL00878,S0162,Mokobara,description,"D2C luggage and travel accessories brand designing and selling suitcases, backpacks, briefcases, totes, wallets, and accessories with an intelligent-design aesthetic",company-field,,,2026-09-15,,SRC02545,HIGH,current,yes,Peak XV portfolio description
CL00879,S0162,Mokobara,employee_estimate,236,company-field,,,2025-08-31,,SRC02561,MEDIUM,current,yes,Tracxn Aug 2025; earlier 324 per Tracxn profile
CL00880,S0162,Mokobara,hq_type,registered,company-field,,,2019-04-19,,SRC02549,HIGH,current,yes,"Registered office at CMH Road, Bengaluru"
CL00881,S0162,Mokobara,registered_office,"#198, CMH Road, 2nd Floor, Desk #275, Indira Nagar 1st Stage, Bengaluru, Karnataka 560038",company-field,,,2019-04-19,,SRC02549,HIGH,current,yes,MCA registered office
CL00882,S0163,XpressBees,official_website,https://www.xpressbees.com/,company-field,,,,,SRC02568,HIGH,current,yes,Verified through TinyFish render; XpressBees logistics homepage rendered.
CL00883,S0163,XpressBees,careers_website,https://www.xpressbees.com/career,company-field,,,,,SRC02569,HIGH,current,yes,Verified through TinyFish render; official Careers page rendered with dated job openings.
CL00884,S0163,XpressBees,legal_name,BUSYBEES LOGISTICS SOLUTIONS PRIVATE LIMITED,company-field,,,2026-09-11,,SRC02565,HIGH,current,yes,Legal entity name from Tracxn company profile
CL00885,S0163,XpressBees,cin,U74999PN2015PTC156176,company-field,,,2026-09-11,,SRC02565,HIGH,current,yes,CIN from Tracxn legal entity section
CL00886,S0163,XpressBees,incorporation_date,2015-08-13,company-field,,,2026-09-11,,SRC02565,HIGH,current,yes,Date of incorporation from Tracxn
CL00887,S0163,XpressBees,status,Active,company-field,,,2026-09-11,,SRC02565,HIGH,current,yes,Company status Active per Tracxn
CL00888,S0163,XpressBees,state,Maharashtra,company-field,,,2026-09-11,,SRC02565,HIGH,current,yes,State from registered address
CL00889,S0163,XpressBees,country,India,company-field,,,2026-09-11,,SRC02565,HIGH,current,yes,India
CL00890,S0163,XpressBees,business_model,"B2B/B2C express delivery, cross-border logistics, warehousing, 3PL",company-field,,,2020-11-22,,SRC02564,HIGH,current,yes,"Per Investcorp PR: first/last-mile, reverse logistics, express cargo, 3PL, cross-border"
CL00891,S0163,XpressBees,description,"Provider of end-to-end logistics delivery and courier solutions. Provides domestic supply chain and international logistics to e-commerce businesses, individuals, and enterprises. Offers real-time tra",company-field,,,2026-09-11,,SRC02565,HIGH,current,yes,From Tracxn company description
CL00892,S0163,XpressBees,employee_estimate,8641,company-field,,,2026-08-31,,SRC02565,HIGH,current,yes,"As of Aug 31, 2026 per Tracxn"
CL00893,S0163,XpressBees,hq_type,registered_office,company-field,,,2026-09-11,,SRC02565,HIGH,current,yes,"Registered at Unit 1A & 501A, Building B-1, Cerebrum IT Park, Kalyani Nagar, Vadgaonsheri, Pune"
CL00894,S0163,XpressBees,registered_office,"Unit 1A & 501A, Building B-1, Cerebrum IT Park, Kalyani Nagar, Vadgaonsheri, Pune, Maharashtra, India, 411014",company-field,,,2026-09-11,,SRC02565,HIGH,current,yes,Full registered address from Tracxn
CL00895,S0164,Fundly.ai,official_website,https://indianstartupnews.com/,company-field,,,,,SRC02584,HIGH,current,yes,playwright render-verified 2026-09-15
CL00896,S0164,Fundly.ai,legal_name,Ardour Analytics Private Limited,company-field,,,2025-07-31,,SRC02574,HIGH,current,yes,Self-declared on support/privacy pages
CL00897,S0164,Fundly.ai,cin,U74999MH2019PTC328994,company-field,,,,,SRC02574,MEDIUM,current,yes,CIN from fundly.ai support page; Tracxn lists U82990MH2019PTC328994 — conflict unresolved
CL00898,S0164,Fundly.ai,incorporation_date,2019-08-06,company-field,,,,,SRC02576,MEDIUM,current,yes,"Tracxn lists incorporation as Aug 06, 2019 for ARDOUR ANALYTICS PRIVATE LIMITED; company itself founded in 2021"
CL00899,S0164,Fundly.ai,state,Maharashtra,company-field,,,,,SRC02575,HIGH,current,yes,
CL00900,S0164,Fundly.ai,country,India,company-field,,,,,SRC02573,HIGH,current,yes,
CL00901,S0164,Fundly.ai,description,"Fundly.ai is a fintech platform embedded in the healthcare vertical providing integrated credit, commerce, and payment solutions to the pharma distribution tail — retailers, distributors, and specialt",company-field,,,,,SRC02573,HIGH,current,yes,
CL00902,S0164,Fundly.ai,employee_estimate,65,company-field,,,2025-08-31,,SRC02576,MEDIUM,current,yes,"Tracxn: 65 as of Aug 31, 2025; down 21% from Aug 2024"
CL00903,S0164,Fundly.ai,hq_type,WeWork co-working,company-field,,,,,SRC02574,MEDIUM,current,yes,
CL00904,S0164,Fundly.ai,registered_office,"07B108/109/110, 1st Floor, WeWork Raheja Platinum, Marol CHS Road, Off Andheri-Kurla Road, Marol, Andheri (E), Mumbai – 400 059",company-field,,,,,SRC02574,HIGH,current,yes,
CL00905,S0165,Mitigata,official_website,https://mitigata.com,company-field,,,,,SRC02598,HIGH,current,yes,verified live 2026-09-15: name match on own homepage
CL00906,S0165,Mitigata,careers_website,https://mitigata.com/company/careers,company-field,,,,,SRC02598,HIGH,current,yes,"careers link found on official homepage, probed live"
CL00907,S0165,Mitigata,legal_name,MITIGATA INSURANCE BROKERS PRIVATE LIMITED,company-field,,,2026-09-15,,SRC02592,HIGH,current,yes,MCA-registered legal entity name
CL00908,S0165,Mitigata,cin,U66220KA2024PTC186580,company-field,,,2026-09-15,,SRC02599,HIGH,current,yes,MCA CIN; registered at ROC Bangalore
CL00909,S0165,Mitigata,incorporation_date,2024-03-22,company-field,,,2026-09-15,,SRC02592,HIGH,current,yes,MCA incorporation date; company is 2.6 years old
CL00910,S0165,Mitigata,state,Karnataka,company-field,,,2026-09-15,,SRC02592,HIGH,current,yes,Registered at ROC Bangalore; Bellandur address
CL00911,S0165,Mitigata,country,India,company-field,,,2026-09-15,,SRC02588,HIGH,current,yes,Indian startup; Forbes Asia 100 to Watch 2026
CL00912,S0165,Mitigata,description,"Indias first AI-native full-stack cyber resilience platform combining security operations, cyber risk intelligence, compliance automation, incident response, and cyber insurance into a single decision",company-field,,,2026-09-15,,SRC02588,HIGH,current,yes,Company self-description at Series B
CL00913,S0165,Mitigata,employee_estimate,130,company-field,,,2026-06-23,,SRC02586,MEDIUM,current,yes,Around 130 people as of Jun 2026; plans to add 100 more
CL00914,S0165,Mitigata,hq_type,HQ,company-field,,,2026-09-15,,SRC02592,HIGH,current,yes,"Registered office at Bellandur, Bengaluru; also offices in Delhi and Mumbai"
CL00915,S0165,Mitigata,registered_office,"2nd Floor, Gayathri mansion, 80/3, Bellandur, Bangalore South, Karnataka 560103, India",company-field,,,2026-09-15,,SRC02592,HIGH,current,yes,MCA registered office address
CL00916,S0166,Refold AI,official_website,https://refold.com,company-field,,,,,SRC02603,HIGH,current,yes,verified live 2026-09-15: name match on own homepage
CL00917,S0167,RentoMojo,official_website,https://www.rentomojo.com,company-field,,,,,SRC02612,HIGH,current,yes,verified live 2026-09-15: name match on own homepage
CL00918,S0167,RentoMojo,legal_name,Rento Moore Services Pvt Ltd,company-field,,,2026-03-30,,SRC02610,MEDIUM,current,yes,Promoter name Geetansh Bamania; legal entity name inferred from DRHP/RHP context
CL00919,S0167,RentoMojo,cin,UNKNOWN,company-field,,,2026-09-15,,,LOW,current,yes,CIN not found in any fetched source; RHP PDF available but could not be parsed (JUNK_CONTENT)
CL00920,S0167,RentoMojo,incorporation_date,2014,company-field,,,2026-09-15,,SRC02606,HIGH,current,yes,Founded 2014 per multiple sources; exact incorporation date not available
CL00921,S0167,RentoMojo,state,Karnataka,company-field,,,2026-09-15,,SRC02607,HIGH,current,yes,Bengaluru is in Karnataka
CL00922,S0167,RentoMojo,country,India,company-field,,,2026-09-15,,SRC02605,HIGH,current,yes,Indian company listed on BSE and NSE
CL00923,S0167,RentoMojo,description,India-based direct-to-consumer rental and subscription platform providing flexible access to furniture and appliances without upfront ownership cost,company-field,,,2026-09-15,,SRC02605,HIGH,current,yes,Per Livemint IPO coverage
CL00924,S0167,RentoMojo,employee_estimate,UNKNOWN,company-field,,,2026-09-15,,,LOW,current,yes,No headcount data found in fetched sources
CL00925,S0167,RentoMojo,hq_type,registered,company-field,,,2026-09-15,,SRC02607,MEDIUM,current,yes,Bengaluru is registered office; operations across 22 cities
CL00926,S0167,RentoMojo,registered_office,"Bengaluru, Karnataka",company-field,,,2026-09-15,,SRC02607,MEDIUM,current,yes,DRHP indicates Bengaluru as registered office
CL00927,S0168,Blinkit,official_website,https://blinkit.com/,company-field,,,,,SRC02619,HIGH,current,yes,Verified through TinyFish render; Blinkit storefront rendered and identified Blink Commerce Private Limited.
CL00928,S0168,Blinkit,careers_website,https://blinkit.com/careers,company-field,,,,,SRC02620,HIGH,current,yes,Verified through TinyFish render; official endpoint redirected to Eternal careers and rendered hiring content.
CL00929,S0169,"{'v': 'Juniper Green Energy Ltd.', 'date': '2026', 'conf': 'high', 'src': 'Fortune India IPO coverage'}",company_name,Juniper Green Energy Ltd.,company-field,,,2026,,,HIGH,current,yes,
CL00930,S0169,"{'v': 'Juniper Green Energy Ltd.', 'date': '2026', 'conf': 'high', 'src': 'Fortune India IPO coverage'}",startup_stage,IPO/Public,company-field,,,2026-08-06,,,HIGH,current,yes,
CL00931,S0169,"{'v': 'Juniper Green Energy Ltd.', 'date': '2026', 'conf': 'high', 'src': 'Fortune India IPO coverage'}",public_private,Public,company-field,,,2026-08-06,,,HIGH,current,yes,
CL00932,S0169,"{'v': 'Juniper Green Energy Ltd.', 'date': '2026', 'conf': 'high', 'src': 'Fortune India IPO coverage'}",city,Gurugram,company-field,,,,,,HIGH,current,yes,
CL00933,S0169,"{'v': 'Juniper Green Energy Ltd.', 'date': '2026', 'conf': 'high', 'src': 'Fortune India IPO coverage'}",primary_sector,Renewable Energy / IPP,company-field,,,,,,HIGH,current,yes,
CL00934,S0169,"{'v': 'Juniper Green Energy Ltd.', 'date': '2026', 'conf': 'high', 'src': 'Fortune India IPO coverage'}",founded_date,2018,company-field,,,,,,MEDIUM,current,yes,
CL00935,S0169,"{'v': 'Juniper Green Energy Ltd.', 'date': '2026', 'conf': 'high', 'src': 'Fortune India IPO coverage'}",business_model,"Renewable Energy IPP - utility-scale solar, wind, WSH, FDRE with BESS",company-field,,,,,,HIGH,current,yes,
CL00936,S0169,"{'v': 'Juniper Green Energy Ltd.', 'date': '2026', 'conf': 'high', 'src': 'Fortune India IPO coverage'}",legal_name,Juniper Green Energy Ltd.,company-field,,,,,,MEDIUM,current,yes,
CL00937,S0169,"{'v': 'Juniper Green Energy Ltd.', 'date': '2026', 'conf': 'high', 'src': 'Fortune India IPO coverage'}",cin,UNKNOWN,company-field,,,,,,LOW,current,yes,
CL00938,S0169,"{'v': 'Juniper Green Energy Ltd.', 'date': '2026', 'conf': 'high', 'src': 'Fortune India IPO coverage'}",incorporation_date,UNKNOWN,company-field,,,,,,LOW,current,yes,
CL00939,S0169,"{'v': 'Juniper Green Energy Ltd.', 'date': '2026', 'conf': 'high', 'src': 'Fortune India IPO coverage'}",official_website,https://www.junipergreenenergy.com/,company-field,,,,,SRC02624,HIGH,current,yes,Verified by hyperresearch fetch; Juniper Green Energy Limited homepage rendered.
CL00940,S0169,"{'v': 'Juniper Green Energy Ltd.', 'date': '2026', 'conf': 'high', 'src': 'Fortune India IPO coverage'}",careers_website,https://www.junipergreenenergy.com/careers/,company-field,,,,,SRC02625,HIGH,current,yes,Verified by hyperresearch fetch; official Careers page rendered.
CL00941,S0170,"{'v': 'Serentica Renewables', 'date': '2026', 'conf': 'high', 'src': 'pv magazine India'}",company_name,Serentica Renewables,company-field,,,2026,,,HIGH,current,yes,
CL00942,S0170,"{'v': 'Serentica Renewables', 'date': '2026', 'conf': 'high', 'src': 'pv magazine India'}",startup_stage,Private (Pre-IPO),company-field,,,2026,,,HIGH,current,yes,
CL00943,S0170,"{'v': 'Serentica Renewables', 'date': '2026', 'conf': 'high', 'src': 'pv magazine India'}",public_private,Private,company-field,,,2026,,,HIGH,current,yes,
CL00944,S0170,"{'v': 'Serentica Renewables', 'date': '2026', 'conf': 'high', 'src': 'pv magazine India'}",city,Gurugram,company-field,,,,,,HIGH,current,yes,
CL00945,S0170,"{'v': 'Serentica Renewables', 'date': '2026', 'conf': 'high', 'src': 'pv magazine India'}",primary_sector,Renewable Energy / IPP,company-field,,,,,,HIGH,current,yes,
CL00946,S0170,"{'v': 'Serentica Renewables', 'date': '2026', 'conf': 'high', 'src': 'pv magazine India'}",founded_date,2022,company-field,,,,,,HIGH,current,yes,
CL00947,S0170,"{'v': 'Serentica Renewables', 'date': '2026', 'conf': 'high', 'src': 'pv magazine India'}",business_model,Renewable IPP focused on decarbonizing hard-to-abate industries via FDRE solutions,company-field,,,,,,HIGH,current,yes,
CL00948,S0170,"{'v': 'Serentica Renewables', 'date': '2026', 'conf': 'high', 'src': 'pv magazine India'}",legal_name,Serentica Renewables India Pvt Ltd,company-field,,,,,,MEDIUM,current,yes,
CL00949,S0170,"{'v': 'Serentica Renewables', 'date': '2026', 'conf': 'high', 'src': 'pv magazine India'}",cin,UNKNOWN,company-field,,,,,,LOW,current,yes,
CL00950,S0170,"{'v': 'Serentica Renewables', 'date': '2026', 'conf': 'high', 'src': 'pv magazine India'}",incorporation_date,2022,company-field,,,,,,MEDIUM,current,yes,
CL00951,S0170,"{'v': 'Serentica Renewables', 'date': '2026', 'conf': 'high', 'src': 'pv magazine India'}",official_website,https://www.serenticaglobal.com/,company-field,,,,,SRC02629,HIGH,current,yes,Verified by hyperresearch fetch; Serentica Renewables homepage rendered.
CL00952,S0170,"{'v': 'Serentica Renewables', 'date': '2026', 'conf': 'high', 'src': 'pv magazine India'}",careers_website,https://www.serenticaglobal.com/join-the-team/,company-field,,,,,SRC02630,HIGH,current,yes,Verified by hyperresearch fetch; official Join the Team page rendered.
CL00953,S0171,"{'v': 'Swiggy Ltd.', 'date': '2026', 'conf': 'high', 'src': 'Inventiva, TechCrunch'}",company_name,Swiggy Ltd.,company-field,,,2026,,,HIGH,current,yes,
CL00954,S0171,"{'v': 'Swiggy Ltd.', 'date': '2026', 'conf': 'high', 'src': 'Inventiva, TechCrunch'}",startup_stage,Public (Listed),company-field,,,2024-11-13,,,HIGH,current,yes,
CL00955,S0171,"{'v': 'Swiggy Ltd.', 'date': '2026', 'conf': 'high', 'src': 'Inventiva, TechCrunch'}",public_private,Public,company-field,,,2024-11-13,,,HIGH,current,yes,
CL00956,S0171,"{'v': 'Swiggy Ltd.', 'date': '2026', 'conf': 'high', 'src': 'Inventiva, TechCrunch'}",city,Bengaluru,company-field,,,,,,HIGH,current,yes,
CL00957,S0171,"{'v': 'Swiggy Ltd.', 'date': '2026', 'conf': 'high', 'src': 'Inventiva, TechCrunch'}",primary_sector,Food Delivery / Quick Commerce,company-field,,,,,,HIGH,current,yes,
CL00958,S0171,"{'v': 'Swiggy Ltd.', 'date': '2026', 'conf': 'high', 'src': 'Inventiva, TechCrunch'}",founded_date,2014,company-field,,,,,,HIGH,current,yes,
CL00959,S0171,"{'v': 'Swiggy Ltd.', 'date': '2026', 'conf': 'high', 'src': 'Inventiva, TechCrunch'}",business_model,"Food delivery platform, quick commerce (Instamart), Dineout, platform services",company-field,,,,,,HIGH,current,yes,
CL00960,S0171,"{'v': 'Swiggy Ltd.', 'date': '2026', 'conf': 'high', 'src': 'Inventiva, TechCrunch'}",legal_name,Swiggy Ltd.,company-field,,,,,,HIGH,current,yes,
CL00961,S0171,"{'v': 'Swiggy Ltd.', 'date': '2026', 'conf': 'high', 'src': 'Inventiva, TechCrunch'}",cin,UNKNOWN,company-field,,,,,,LOW,current,yes,
CL00962,S0171,"{'v': 'Swiggy Ltd.', 'date': '2026', 'conf': 'high', 'src': 'Inventiva, TechCrunch'}",incorporation_date,2014,company-field,,,,,,MEDIUM,current,yes,
CL00963,S0171,"{'v': 'Swiggy Ltd.', 'date': '2026', 'conf': 'high', 'src': 'Inventiva, TechCrunch'}",official_website,https://www.swiggy.com/corporate/,company-field,,,,,SRC02636,HIGH,current,yes,Verified through TinyFish render; official Swiggy About Us/corporate page rendered.
CL00964,S0171,"{'v': 'Swiggy Ltd.', 'date': '2026', 'conf': 'high', 'src': 'Inventiva, TechCrunch'}",careers_website,https://careers.swiggy.com/,company-field,,,,,SRC02637,HIGH,current,yes,Verified through TinyFish render; Swiggy Careers page rendered with job categories and featured jobs.
CL00965,S0172,"{'v': 'Bonkers Corner', 'date': '2026', 'conf': 'high', 'src': 'Entrackr, foundersday'}",company_name,Bonkers Corner,company-field,,,2026,,,HIGH,current,yes,
CL00966,S0172,"{'v': 'Bonkers Corner', 'date': '2026', 'conf': 'high', 'src': 'Entrackr, foundersday'}",startup_stage,Series A,company-field,,,2026-03-06,,,HIGH,current,yes,
CL00967,S0172,"{'v': 'Bonkers Corner', 'date': '2026', 'conf': 'high', 'src': 'Entrackr, foundersday'}",public_private,Private,company-field,,,2026,,,HIGH,current,yes,
CL00968,S0172,"{'v': 'Bonkers Corner', 'date': '2026', 'conf': 'high', 'src': 'Entrackr, foundersday'}",city,Mumbai,company-field,,,,,,HIGH,current,yes,
CL00969,S0172,"{'v': 'Bonkers Corner', 'date': '2026', 'conf': 'high', 'src': 'Entrackr, foundersday'}",primary_sector,D2C Streetwear / Fashion,company-field,,,,,,HIGH,current,yes,
CL00970,S0172,"{'v': 'Bonkers Corner', 'date': '2026', 'conf': 'high', 'src': 'Entrackr, foundersday'}",founded_date,2020,company-field,,,,,,MEDIUM,current,yes,
CL00971,S0172,"{'v': 'Bonkers Corner', 'date': '2026', 'conf': 'high', 'src': 'Entrackr, foundersday'}",business_model,"Omnichannel streetwear fashion brand; oversized graphic apparel, hoodies, co-ord sets",company-field,,,,,,HIGH,current,yes,
CL00972,S0172,"{'v': 'Bonkers Corner', 'date': '2026', 'conf': 'high', 'src': 'Entrackr, foundersday'}",legal_name,Bad Brains Streetstyle Pvt Ltd,company-field,,,,,,HIGH,current,yes,
CL00973,S0172,"{'v': 'Bonkers Corner', 'date': '2026', 'conf': 'high', 'src': 'Entrackr, foundersday'}",cin,UNKNOWN,company-field,,,,,,LOW,current,yes,
CL00974,S0172,"{'v': 'Bonkers Corner', 'date': '2026', 'conf': 'high', 'src': 'Entrackr, foundersday'}",incorporation_date,2020,company-field,,,,,,MEDIUM,current,yes,
CL00975,S0172,"{'v': 'Bonkers Corner', 'date': '2026', 'conf': 'high', 'src': 'Entrackr, foundersday'}",official_website,https://www.bonkerscorner.com,company-field,,,,,SRC02643,HIGH,current,yes,verified live 2026-09-15: name match on own homepage
CL00976,S0173,"{'v': 'immunitoAI', 'date': '2026', 'conf': 'high', 'src': 'Inc42, Medical Buyer'}",company_name,immunitoAI,company-field,,,2026,,,HIGH,current,yes,
CL00977,S0173,"{'v': 'immunitoAI', 'date': '2026', 'conf': 'high', 'src': 'Inc42, Medical Buyer'}",startup_stage,Series A,company-field,,,2025-11-25,,,HIGH,current,yes,
CL00978,S0173,"{'v': 'immunitoAI', 'date': '2026', 'conf': 'high', 'src': 'Inc42, Medical Buyer'}",public_private,Private,company-field,,,2026,,,HIGH,current,yes,
CL00979,S0173,"{'v': 'immunitoAI', 'date': '2026', 'conf': 'high', 'src': 'Inc42, Medical Buyer'}",city,Bengaluru,company-field,,,,,,HIGH,current,yes,
CL00980,S0173,"{'v': 'immunitoAI', 'date': '2026', 'conf': 'high', 'src': 'Inc42, Medical Buyer'}",primary_sector,AI Drug Discovery / Biotech,company-field,,,,,,HIGH,current,yes,
CL00981,S0173,"{'v': 'immunitoAI', 'date': '2026', 'conf': 'high', 'src': 'Inc42, Medical Buyer'}",founded_date,2020,company-field,,,,,,HIGH,current,yes,
CL00982,S0173,"{'v': 'immunitoAI', 'date': '2026', 'conf': 'high', 'src': 'Inc42, Medical Buyer'}",business_model,AI platform designing new antibody therapeutics from scratch using generative AI; pre-revenue,company-field,,,,,,HIGH,current,yes,
CL00983,S0173,"{'v': 'immunitoAI', 'date': '2026', 'conf': 'high', 'src': 'Inc42, Medical Buyer'}",legal_name,immunitoAI (exact legal name not confirmed),company-field,,,,,,LOW,current,yes,
CL00984,S0173,"{'v': 'immunitoAI', 'date': '2026', 'conf': 'high', 'src': 'Inc42, Medical Buyer'}",cin,UNKNOWN,company-field,,,,,,LOW,current,yes,
CL00985,S0173,"{'v': 'immunitoAI', 'date': '2026', 'conf': 'high', 'src': 'Inc42, Medical Buyer'}",incorporation_date,2020,company-field,,,,,,MEDIUM,current,yes,
CL00986,S0173,"{'v': 'immunitoAI', 'date': '2026', 'conf': 'high', 'src': 'Inc42, Medical Buyer'}",official_website,https://www.immunitoai.com,company-field,,,,,SRC02648,HIGH,current,yes,verified live 2026-09-15: name match on own homepage
CL00987,S0173,"{'v': 'immunitoAI', 'date': '2026', 'conf': 'high', 'src': 'Inc42, Medical Buyer'}",careers_website,https://www.immunitoai.com/job-openings,company-field,,,,,SRC02648,HIGH,current,yes,"careers link found on official homepage, probed live"
CL00988,S0174,"{'v': 'BigEndian Semiconductors', 'conf': 1.0}",company_name,BigEndian Semiconductors,company-field,,,,,,HIGH,current,yes,
CL00989,S0174,"{'v': 'BigEndian Semiconductors', 'conf': 1.0}",status,Active,company-field,,,2026-05-08,,,HIGH,current,yes,
CL00990,S0174,"{'v': 'BigEndian Semiconductors', 'conf': 1.0}",city,Bengaluru,company-field,,,,,,HIGH,current,yes,
CL00991,S0174,"{'v': 'BigEndian Semiconductors', 'conf': 1.0}",primary_sector,Semiconductors / Fabless chip design,company-field,,,,,,HIGH,current,yes,
CL00992,S0174,"{'v': 'BigEndian Semiconductors', 'conf': 1.0}",startup_stage,Growth (Pre-Series A),company-field,,,,,,HIGH,current,yes,
CL00993,S0174,"{'v': 'BigEndian Semiconductors', 'conf': 1.0}",public_private,Private,company-field,,,,,,HIGH,current,yes,
CL00994,S0174,"{'v': 'BigEndian Semiconductors', 'conf': 1.0}",founded_date,2024-03-16,company-field,,,,,,HIGH,current,yes,
CL00995,S0174,"{'v': 'BigEndian Semiconductors', 'conf': 1.0}",business_model,Fabless semiconductor design; builds secure Vision AI SoCs,company-field,,,,,,HIGH,current,yes,
CL00996,S0174,"{'v': 'BigEndian Semiconductors', 'conf': 1.0}",cin,U26109KA2024PTC186339,company-field,,,,,,HIGH,current,yes,
CL00997,S0174,"{'v': 'BigEndian Semiconductors', 'conf': 1.0}",incorporation_date,2024-03-16,company-field,,,,,,HIGH,current,yes,
CL00998,S0174,"{'v': 'BigEndian Semiconductors', 'conf': 1.0}",registered_office,"2nd Floor, Aviation Complex, 16-17, Road No 7EPIP, Whitefield, Bangalore South, Karnataka, 560066",company-field,,,,,,HIGH,current,yes,
CL00999,S0174,"{'v': 'BigEndian Semiconductors', 'conf': 1.0}",official_website,https://bigendiansemi.com,company-field,,,,,SRC02658,HIGH,current,yes,verified live 2026-09-15: name match on own homepage
CL01000,S0174,"{'v': 'BigEndian Semiconductors', 'conf': 1.0}",careers_website,https://bigendiansemi.com/career/,company-field,,,,,SRC02658,HIGH,current,yes,"careers link found on official homepage, probed live"
CL01001,S0175,"{'v': 'Mojro Technologies', 'conf': 1.0}",company_name,Mojro Technologies,company-field,,,,,,HIGH,current,yes,
CL01002,S0175,"{'v': 'Mojro Technologies', 'conf': 1.0}",status,Active,company-field,,,2026-04-28,,,HIGH,current,yes,
CL01003,S0175,"{'v': 'Mojro Technologies', 'conf': 1.0}",city,Bengaluru,company-field,,,,,,HIGH,current,yes,
CL01004,S0175,"{'v': 'Mojro Technologies', 'conf': 1.0}",primary_sector,Logistics SaaS / AI supply chain optimization,company-field,,,,,,HIGH,current,yes,
CL01005,S0175,"{'v': 'Mojro Technologies', 'conf': 1.0}",startup_stage,Growth (Series A),company-field,,,,,,HIGH,current,yes,
CL01006,S0175,"{'v': 'Mojro Technologies', 'conf': 1.0}",public_private,Private,company-field,,,,,,HIGH,current,yes,
CL01007,S0175,"{'v': 'Mojro Technologies', 'conf': 1.0}",founded_date,2016-05-23,company-field,,,,,,HIGH,current,yes,
CL01008,S0175,"{'v': 'Mojro Technologies', 'conf': 1.0}",business_model,B2B SaaS for enterprise logistics planning; products PlanWyse and ExecuteWyse,company-field,,,,,,HIGH,current,yes,
CL01009,S0175,"{'v': 'Mojro Technologies', 'conf': 1.0}",cin,U72900KA2016PTC093491,company-field,,,,,,HIGH,current,yes,
CL01010,S0175,"{'v': 'Mojro Technologies', 'conf': 1.0}",incorporation_date,2016-05-23,company-field,,,,,,HIGH,current,yes,
CL01011,S0175,"{'v': 'Mojro Technologies', 'conf': 1.0}",registered_office,"No.179, 03rd Floor, Floraison, Workspaces, 24th B Cross, Jayanagar III Block, Bangalore South, Karnataka, 560011",company-field,,,,,,HIGH,current,yes,
CL01012,S0175,"{'v': 'Mojro Technologies', 'conf': 1.0}",official_website,https://mojro.com,company-field,,,,,SRC02665,HIGH,current,yes,verified live 2026-09-15: name match on own homepage
CL01013,S0175,"{'v': 'Mojro Technologies', 'conf': 1.0}",careers_website,https://mojro.greythr.com/hire/jobs/,company-field,,,,,SRC02665,HIGH,current,yes,playwright render 2026-09-15
CL01014,S0176,"{'v': 'Neo (Neo Investment Value Advisors)', 'conf': 1.0}",company_name,Neo (Neo Investment Value Advisors),company-field,,,,,,HIGH,current,yes,
CL01015,S0176,"{'v': 'Neo (Neo Investment Value Advisors)', 'conf': 1.0}",status,Active,company-field,,,2026-03-25,,,HIGH,current,yes,
CL01016,S0176,"{'v': 'Neo (Neo Investment Value Advisors)', 'conf': 1.0}",city,Mumbai,company-field,,,,,,HIGH,current,yes,
CL01017,S0176,"{'v': 'Neo (Neo Investment Value Advisors)', 'conf': 1.0}",primary_sector,Wealth Management / Fintech,company-field,,,,,,HIGH,current,yes,
CL01018,S0176,"{'v': 'Neo (Neo Investment Value Advisors)', 'conf': 1.0}",startup_stage,Growth (Series B / Unicorn),company-field,,,,,,HIGH,current,yes,
CL01019,S0176,"{'v': 'Neo (Neo Investment Value Advisors)', 'conf': 1.0}",public_private,Private,company-field,,,,,,HIGH,current,yes,
CL01020,S0176,"{'v': 'Neo (Neo Investment Value Advisors)', 'conf': 1.0}",founded_date,2021-09-10,company-field,,,,,,HIGH,current,yes,
CL01021,S0176,"{'v': 'Neo (Neo Investment Value Advisors)', 'conf': 1.0}",business_model,"Wealth and asset management platform for HNIs, UHNIs, multi-family offices and institutional clients",company-field,,,,,,HIGH,current,yes,
CL01022,S0176,"{'v': 'Neo (Neo Investment Value Advisors)', 'conf': 1.0}",cin,U70200MH2021PTC367309,company-field,,,,,,HIGH,current,yes,
CL01023,S0176,"{'v': 'Neo (Neo Investment Value Advisors)', 'conf': 1.0}",incorporation_date,2021-09-10,company-field,,,,,,HIGH,current,yes,
CL01024,S0176,"{'v': 'Neo (Neo Investment Value Advisors)', 'conf': 1.0}",registered_office,"903, B-Wing, 9th Floor, Marathon Futurex, Mafatlal Mills Compound, N.M. Joshi Marg, Lower Parel, Mumbai, Maharashtra, 400013",company-field,,,,,,HIGH,current,yes,
CL01025,S0176,"{'v': 'Neo (Neo Investment Value Advisors)', 'conf': 1.0}",dpit_recognized,True,company-field,,,,,,HIGH,current,yes,
CL01026,S0176,"{'v': 'Neo (Neo Investment Value Advisors)', 'conf': 1.0}",official_website,https://neowealthpartners.com,company-field,,,,,SRC02675,HIGH,current,yes,verified live 2026-09-15: name match on own homepage
CL01027,S0177,"{'v': 'Capillary Technologies', 'conf': 1.0}",company_name,Capillary Technologies,company-field,,,,,,HIGH,current,yes,
CL01028,S0177,"{'v': 'Capillary Technologies', 'conf': 1.0}",status,Active (Publicly Listed),company-field,,,2025-11-21,,,HIGH,current,yes,
CL01029,S0177,"{'v': 'Capillary Technologies', 'conf': 1.0}",city,Bengaluru,company-field,,,,,,HIGH,current,yes,
CL01030,S0177,"{'v': 'Capillary Technologies', 'conf': 1.0}",primary_sector,SaaS / Customer Loyalty,company-field,,,,,,HIGH,current,yes,
CL01031,S0177,"{'v': 'Capillary Technologies', 'conf': 1.0}",startup_stage,Public (NSE/BSE),company-field,,,,,,HIGH,current,yes,
CL01032,S0177,"{'v': 'Capillary Technologies', 'conf': 1.0}",public_private,Public,company-field,,,,,,HIGH,current,yes,
CL01033,S0177,"{'v': 'Capillary Technologies', 'conf': 1.0}",founded_date,2012-03-15,company-field,,,,,,HIGH,current,yes,
CL01034,S0177,"{'v': 'Capillary Technologies', 'conf': 1.0}",business_model,"AI-powered cloud-native SaaS for enterprise customer loyalty; Loyalty+, Engage+, Insights+, Rewards+, CDP",company-field,,,,,,HIGH,current,yes,
CL01035,S0177,"{'v': 'Capillary Technologies', 'conf': 1.0}",cin,L72200KA2012PLC063060,company-field,,,,,,HIGH,current,yes,
CL01036,S0177,"{'v': 'Capillary Technologies', 'conf': 1.0}",incorporation_date,2012-03-15,company-field,,,,,,HIGH,current,yes,
CL01037,S0177,"{'v': 'Capillary Technologies', 'conf': 1.0}",ipo_date,2025-11-21,company-field,,,,,,HIGH,current,yes,
CL01038,S0177,"{'v': 'Capillary Technologies', 'conf': 1.0}",official_website,https://www.capillary.com,company-field,,,,,SRC02683,HIGH,current,yes,verified live 2026-09-15: name match on own homepage
CL01039,S0178,"{'v': 'PowerUp Money', 'conf': 1.0}",company_name,PowerUp Money,company-field,,,,,,HIGH,current,yes,
CL01040,S0178,"{'v': 'PowerUp Money', 'conf': 1.0}",status,Active,company-field,,,2025-12-22,,,HIGH,current,yes,
CL01041,S0178,"{'v': 'PowerUp Money', 'conf': 1.0}",city,Bengaluru,company-field,,,,,,HIGH,current,yes,
CL01042,S0178,"{'v': 'PowerUp Money', 'conf': 1.0}",primary_sector,Wealthtech / Mutual Fund Advisory,company-field,,,,,,HIGH,current,yes,
CL01043,S0178,"{'v': 'PowerUp Money', 'conf': 1.0}",startup_stage,Growth (Series A),company-field,,,,,,HIGH,current,yes,
CL01044,S0178,"{'v': 'PowerUp Money', 'conf': 1.0}",public_private,Private,company-field,,,,,,HIGH,current,yes,
CL01045,S0178,"{'v': 'PowerUp Money', 'conf': 1.0}",founded_date,2024-03-04,company-field,,,,,,HIGH,current,yes,
CL01046,S0178,"{'v': 'PowerUp Money', 'conf': 1.0}",business_model,"Mutual fund advisory app; SEBI-registered RIA; portfolio evaluation, selection, rebalancing tools",company-field,,,,,,HIGH,current,yes,
CL01047,S0178,"{'v': 'PowerUp Money', 'conf': 1.0}",cin,U62099KA2025PTC198235,company-field,,,,,,HIGH,current,yes,
CL01048,S0178,"{'v': 'PowerUp Money', 'conf': 1.0}",incorporation_date,2025-02-19,company-field,,,,,,HIGH,current,yes,
CL01049,S0178,"{'v': 'PowerUp Money', 'conf': 1.0}",registered_office,"Indiqube Sigma A Wing 3/B, F 3 Industrial Layout, Koramangala, Bangalore South, Karnataka, 560034",company-field,,,,,,HIGH,current,yes,
CL01050,S0178,"{'v': 'PowerUp Money', 'conf': 1.0}",official_website,https://www.powerup.money,company-field,,,,,SRC02691,HIGH,current,yes,verified live 2026-09-15: name match on own homepage
CL01051,S0179,"{'v': 'Truva', 'date': '2023', 'conf': 0.95, 'src': 'ET'}",company_name,Truva,company-field,,,2023,,,HIGH,current,yes,
CL01052,S0179,"{'v': 'Truva', 'date': '2023', 'conf': 0.95, 'src': 'ET'}",status,active,company-field,,,2026-09,,,HIGH,current,yes,
CL01053,S0179,"{'v': 'Truva', 'date': '2023', 'conf': 0.95, 'src': 'ET'}",city,Mumbai,company-field,,,,,,HIGH,current,yes,
CL01054,S0179,"{'v': 'Truva', 'date': '2023', 'conf': 0.95, 'src': 'ET'}",primary_sector,proptech listings,company-field,,,,,,HIGH,current,yes,
CL01055,S0179,"{'v': 'Truva', 'date': '2023', 'conf': 0.95, 'src': 'ET'}",startup_stage,Series A,company-field,,,2026-01,,,HIGH,current,yes,
CL01056,S0179,"{'v': 'Truva', 'date': '2023', 'conf': 0.95, 'src': 'ET'}",public_private,private,company-field,,,,,,HIGH,current,yes,
CL01057,S0179,"{'v': 'Truva', 'date': '2023', 'conf': 0.95, 'src': 'ET'}",founded_date,2023,company-field,,,,,,HIGH,current,yes,
CL01058,S0179,"{'v': 'Truva', 'date': '2023', 'conf': 0.95, 'src': 'ET'}",legal_name,Porch Technologies Private Limited,company-field,,,,,,MEDIUM,current,yes,
CL01059,S0179,"{'v': 'Truva', 'date': '2023', 'conf': 0.95, 'src': 'ET'}",cin,UNKNOWN,company-field,,,,,,LOW,current,yes,
CL01060,S0179,"{'v': 'Truva', 'date': '2023', 'conf': 0.95, 'src': 'ET'}",official_website,https://www.truva.in,company-field,,,,,SRC02696,HIGH,current,yes,verified live 2026-09-15: name match on own homepage
CL01061,S0179,"{'v': 'Truva', 'date': '2023', 'conf': 0.95, 'src': 'ET'}",careers_website,https://www.truva.in/about#careers,company-field,,,,,SRC02696,HIGH,current,yes,playwright render 2026-09-15
CL01062,S0180,"{'v': 'Tsavorite Scalable Intelligence', 'date': '2023', 'conf': 0.95, 'src': 'tsavoritesi.com'}",company_name,Tsavorite Scalable Intelligence,company-field,,,2023,,,HIGH,current,yes,
CL01063,S0180,"{'v': 'Tsavorite Scalable Intelligence', 'date': '2023', 'conf': 0.95, 'src': 'tsavoritesi.com'}",status,active,company-field,,,2026-09,,,HIGH,current,yes,
CL01064,S0180,"{'v': 'Tsavorite Scalable Intelligence', 'date': '2023', 'conf': 0.95, 'src': 'tsavoritesi.com'}",city,Bengaluru,company-field,,,,,,HIGH,current,yes,
CL01065,S0180,"{'v': 'Tsavorite Scalable Intelligence', 'date': '2023', 'conf': 0.95, 'src': 'tsavoritesi.com'}",primary_sector,AI infra / semiconductor,company-field,,,,,,HIGH,current,yes,
CL01066,S0180,"{'v': 'Tsavorite Scalable Intelligence', 'date': '2023', 'conf': 0.95, 'src': 'tsavoritesi.com'}",startup_stage,pre-revenue / product development,company-field,,,2026-05,,,HIGH,current,yes,
CL01067,S0180,"{'v': 'Tsavorite Scalable Intelligence', 'date': '2023', 'conf': 0.95, 'src': 'tsavoritesi.com'}",public_private,private,company-field,,,,,,HIGH,current,yes,
CL01068,S0180,"{'v': 'Tsavorite Scalable Intelligence', 'date': '2023', 'conf': 0.95, 'src': 'tsavoritesi.com'}",founded_date,2023,company-field,,,,,,HIGH,current,yes,
CL01069,S0180,"{'v': 'Tsavorite Scalable Intelligence', 'date': '2023', 'conf': 0.95, 'src': 'tsavoritesi.com'}",legal_name,"Tsavorite Scalable Intelligence, Inc.",company-field,,,,,,MEDIUM,current,yes,
CL01070,S0180,"{'v': 'Tsavorite Scalable Intelligence', 'date': '2023', 'conf': 0.95, 'src': 'tsavoritesi.com'}",cin,UNKNOWN,company-field,,,,,,LOW,current,yes,
CL01071,S0180,"{'v': 'Tsavorite Scalable Intelligence', 'date': '2023', 'conf': 0.95, 'src': 'tsavoritesi.com'}",official_website,https://tsavoritesi.com,company-field,,,,,SRC02699,HIGH,current,yes,verified live 2026-09-15: name match on own homepage
CL01072,S0181,"{'v': 'Inox Clean Energy', 'date': '2017-11-20', 'conf': 0.95, 'src': 'Tracxn'}",company_name,Inox Clean Energy,company-field,,,2017-11-20,,,HIGH,current,yes,
CL01073,S0181,"{'v': 'Inox Clean Energy', 'date': '2017-11-20', 'conf': 0.95, 'src': 'Tracxn'}",status,active,company-field,,,2026-09,,,HIGH,current,yes,
CL01074,S0181,"{'v': 'Inox Clean Energy', 'date': '2017-11-20', 'conf': 0.95, 'src': 'Tracxn'}",city,Noida,company-field,,,,,,MEDIUM,current,yes,
CL01075,S0181,"{'v': 'Inox Clean Energy', 'date': '2017-11-20', 'conf': 0.95, 'src': 'Tracxn'}",primary_sector,climate renewables,company-field,,,,,,HIGH,current,yes,
CL01076,S0181,"{'v': 'Inox Clean Energy', 'date': '2017-11-20', 'conf': 0.95, 'src': 'Tracxn'}",startup_stage,pre-IPO,company-field,,,2026-07,,,HIGH,current,yes,
CL01077,S0181,"{'v': 'Inox Clean Energy', 'date': '2017-11-20', 'conf': 0.95, 'src': 'Tracxn'}",public_private,private,company-field,,,2026-07,,,HIGH,current,yes,
CL01078,S0181,"{'v': 'Inox Clean Energy', 'date': '2017-11-20', 'conf': 0.95, 'src': 'Tracxn'}",founded_date,2017-11-20,company-field,,,,,,HIGH,current,yes,
CL01079,S0181,"{'v': 'Inox Clean Energy', 'date': '2017-11-20', 'conf': 0.95, 'src': 'Tracxn'}",legal_name,INOX CLEAN ENERGY LIMITED,company-field,,,,,,HIGH,current,yes,
CL01080,S0181,"{'v': 'Inox Clean Energy', 'date': '2017-11-20', 'conf': 0.95, 'src': 'Tracxn'}",cin,U40300GJ2017PLC099852,company-field,,,,,,HIGH,current,yes,
CL01081,S0181,"{'v': 'Inox Clean Energy', 'date': '2017-11-20', 'conf': 0.95, 'src': 'Tracxn'}",incorporation_date,2017-11-20,company-field,,,,,,HIGH,current,yes,
CL01082,S0181,"{'v': 'Inox Clean Energy', 'date': '2017-11-20', 'conf': 0.95, 'src': 'Tracxn'}",official_website,https://inoxclean.com,company-field,,,,,SRC02704,HIGH,current,yes,verified live 2026-09-15: name match on own homepage
CL01083,S0182,"{'v': 'Raphe mPhibr', 'date': '2017-07-21', 'conf': 0.95, 'src': 'Tracxn'}",company_name,Raphe mPhibr,company-field,,,2017-07-21,,,HIGH,current,yes,
CL01084,S0182,"{'v': 'Raphe mPhibr', 'date': '2017-07-21', 'conf': 0.95, 'src': 'Tracxn'}",status,active,company-field,,,2026-09,,,HIGH,current,yes,
CL01085,S0182,"{'v': 'Raphe mPhibr', 'date': '2017-07-21', 'conf': 0.95, 'src': 'Tracxn'}",city,Noida,company-field,,,,,,HIGH,current,yes,
CL01086,S0182,"{'v': 'Raphe mPhibr', 'date': '2017-07-21', 'conf': 0.95, 'src': 'Tracxn'}",primary_sector,defence drones,company-field,,,,,,HIGH,current,yes,
CL01087,S0182,"{'v': 'Raphe mPhibr', 'date': '2017-07-21', 'conf': 0.95, 'src': 'Tracxn'}",startup_stage,Series B / pre-IPO,company-field,,,2025-06,,,HIGH,current,yes,
CL01088,S0182,"{'v': 'Raphe mPhibr', 'date': '2017-07-21', 'conf': 0.95, 'src': 'Tracxn'}",public_private,private,company-field,,,,,,HIGH,current,yes,
CL01089,S0182,"{'v': 'Raphe mPhibr', 'date': '2017-07-21', 'conf': 0.95, 'src': 'Tracxn'}",founded_date,2017-07-21,company-field,,,,,,HIGH,current,yes,
CL01090,S0182,"{'v': 'Raphe mPhibr', 'date': '2017-07-21', 'conf': 0.95, 'src': 'Tracxn'}",legal_name,RAPHE MPHIB PRIVATE LIMITED,company-field,,,,,,HIGH,current,yes,
CL01091,S0182,"{'v': 'Raphe mPhibr', 'date': '2017-07-21', 'conf': 0.95, 'src': 'Tracxn'}",cin,U26990UP2017PTC095246,company-field,,,,,,HIGH,current,yes,
CL01092,S0182,"{'v': 'Raphe mPhibr', 'date': '2017-07-21', 'conf': 0.95, 'src': 'Tracxn'}",incorporation_date,2017-07-21,company-field,,,,,,HIGH,current,yes,
CL01093,S0182,"{'v': 'Raphe mPhibr', 'date': '2017-07-21', 'conf': 0.95, 'src': 'Tracxn'}",official_website,https://www.raphe.com/,company-field,,,,,SRC02712,HIGH,current,yes,W-wave verified 2026-09-15
CL01094,S0182,"{'v': 'Raphe mPhibr', 'date': '2017-07-21', 'conf': 0.95, 'src': 'Tracxn'}",careers_website,https://www.raphe.com/careers,company-field,,,,,SRC02713,HIGH,current,yes,W-wave verified 2026-09-15
CL01095,S0183,"{'v': 'Battery Smart', 'date': '2019-11', 'conf': 0.95, 'src': 'Wikipedia'}",company_name,Battery Smart,company-field,,,2019-11,,,HIGH,current,yes,
CL01096,S0183,"{'v': 'Battery Smart', 'date': '2019-11', 'conf': 0.95, 'src': 'Wikipedia'}",status,active,company-field,,,2026-09,,,HIGH,current,yes,
CL01097,S0183,"{'v': 'Battery Smart', 'date': '2019-11', 'conf': 0.95, 'src': 'Wikipedia'}",city,Gurugram,company-field,,,,,,HIGH,current,yes,
CL01098,S0183,"{'v': 'Battery Smart', 'date': '2019-11', 'conf': 0.95, 'src': 'Wikipedia'}",primary_sector,ev battery swapping,company-field,,,,,,HIGH,current,yes,
CL01099,S0183,"{'v': 'Battery Smart', 'date': '2019-11', 'conf': 0.95, 'src': 'Wikipedia'}",startup_stage,Series C / pre-IPO,company-field,,,2026-08,,,HIGH,current,yes,
CL01100,S0183,"{'v': 'Battery Smart', 'date': '2019-11', 'conf': 0.95, 'src': 'Wikipedia'}",public_private,private,company-field,,,2026-08,,,HIGH,current,yes,
CL01101,S0183,"{'v': 'Battery Smart', 'date': '2019-11', 'conf': 0.95, 'src': 'Wikipedia'}",founded_date,2019-11,company-field,,,,,,HIGH,current,yes,
CL01102,S0183,"{'v': 'Battery Smart', 'date': '2019-11', 'conf': 0.95, 'src': 'Wikipedia'}",legal_name,Ugrid Solutions Private Limited,company-field,,,,,,HIGH,current,yes,
CL01103,S0183,"{'v': 'Battery Smart', 'date': '2019-11', 'conf': 0.95, 'src': 'Wikipedia'}",cin,U31904DL2019PTC357706,company-field,,,,,,HIGH,current,yes,
CL01104,S0183,"{'v': 'Battery Smart', 'date': '2019-11', 'conf': 0.95, 'src': 'Wikipedia'}",incorporation_date,2019-11,company-field,,,,,,HIGH,current,yes,
CL01105,S0183,"{'v': 'Battery Smart', 'date': '2019-11', 'conf': 0.95, 'src': 'Wikipedia'}",official_website,https://www.batterysmart.in,company-field,,,,,SRC02720,HIGH,current,yes,verified live 2026-09-15: name match on own homepage
CL01106,S0183,"{'v': 'Battery Smart', 'date': '2019-11', 'conf': 0.95, 'src': 'Wikipedia'}",careers_website,https://www.batterysmart.in/careers,company-field,,,,,SRC02720,HIGH,current,yes,"careers link found on official homepage, probed live"
CL01107,S0184,Carrum Mobility,official_website,https://www.carrum.co.in,company-field,,,,,,HIGH,current,yes,Company-branded domain confirmed via search results. Hyperresearch fetch returned JUNK_CONTENT but search snippet clearly shows company bran
CL01108,S0185,Elivaas,official_website,https://www.elivaas.com,company-field,,,,,SRC02740,HIGH,current,yes,verified live 2026-09-15: name match on own homepage
CL01109,S0185,Elivaas,legal_name,ISHANEE VILLAS TECH PRIVATE LIMITED,company-field,,,2026-09-15,,SRC02730,HIGH,current,yes,Legal entity name from Elivaas privacy policy
CL01110,S0185,Elivaas,cin,U55101HR2023PTC108836,company-field,,,2026-09-15,,SRC02730,HIGH,current,yes,CIN confirmed via privacy policy and Tracxn
CL01111,S0185,Elivaas,incorporation_date,2023-01-02,company-field,,,2026-09-15,,SRC02729,HIGH,current,yes,MCA registration date per Tracxn and ZaubaCorp
CL01112,S0185,Elivaas,state,Haryana,company-field,,,2026-09-15,,SRC02741,HIGH,current,yes,Registered in Haryana per MCA
CL01113,S0185,Elivaas,country,India,company-field,,,2026-09-15,,SRC02729,HIGH,current,yes,Indian company
CL01114,S0185,Elivaas,description,Tech-driven luxury villa and apartment management platform enabling homeowners to monetize and manage vacation properties,company-field,,,2026-09-15,,SRC02725,HIGH,current,yes,Two brands: Elivaas (luxury villas) and Alaya Stays (premium apartments)
CL01115,S0185,Elivaas,employee_estimate,405,company-field,,,2026-03-01,,SRC02729,MEDIUM,current,yes,"Tracxn reports 405 as of Mar 01, 2026; 345 as of Aug 31, 2025"
CL01116,S0185,Elivaas,hq_type,registered_office,company-field,,,2026-09-15,,SRC02729,HIGH,current,yes,HQ at registered office address in Gurugram
CL01117,S0185,Elivaas,registered_office,"5TH FLOOR, VIPUL PLAZA, SUNCITY, GOLF COURSE ROAD, SECTOR-54, Gurgaon, Haryana, 122011",company-field,,,2026-09-15,,SRC02729,HIGH,current,yes,Per Tracxn company profile
CL01118,S0186,nCore Games,official_website,https://www.ncoreglobal.com,company-field,,,,,,HIGH,current,yes,Company-branded domain confirmed via search results. No /careers page visible.
CL01119,S0187,Stimuler AI,official_website,https://stimuler.tech/,company-field,,,,,SRC02746,HIGH,current,yes,W-wave verified 2026-09-15
CL01120,S0187,Stimuler AI,careers_website,https://stimuler.tech/careers,company-field,,,,,SRC02747,HIGH,current,yes,W-wave verified 2026-09-15
CL01121,S0188,Zerodha,official_website,https://zerodha.com,company-field,,,,,SRC02752,HIGH,current,yes,verified live 2026-09-15: name match on own homepage
CL01122,S0188,Zerodha,careers_website,https://careers.zerodha.com/,company-field,,,,,SRC02752,HIGH,current,yes,"careers link found on official homepage, probed live"
CL01123,S0189,{'v': 'General Autonomy'},company_name,General Autonomy,company-field,,,,,,MEDIUM,current,yes,
CL01124,S0189,{'v': 'General Autonomy'},legal_name,General Autonomy Private Limited,company-field,,,,,,MEDIUM,current,yes,
CL01125,S0189,{'v': 'General Autonomy'},city,Bengaluru,company-field,,,,,,MEDIUM,current,yes,
CL01126,S0189,{'v': 'General Autonomy'},state,Karnataka,company-field,,,,,,MEDIUM,current,yes,
CL01127,S0189,{'v': 'General Autonomy'},startup_stage,Seed,company-field,,,,,,MEDIUM,current,yes,
CL01128,S0189,{'v': 'General Autonomy'},public_private,Private,company-field,,,,,,MEDIUM,current,yes,
CL01129,S0189,{'v': 'General Autonomy'},primary_sector,Robotics / DeepTech,company-field,,,,,,MEDIUM,current,yes,
CL01130,S0189,{'v': 'General Autonomy'},founded_date,2023-05-10,company-field,,,,,,MEDIUM,current,yes,
CL01131,S0189,{'v': 'General Autonomy'},cin,U62099KA2023PTC173459,company-field,,,,,,MEDIUM,current,yes,
CL01132,S0189,{'v': 'General Autonomy'},incorporation_date,2023-05-10,company-field,,,,,,MEDIUM,current,yes,
CL01133,S0189,{'v': 'General Autonomy'},business_model,B2B industrial robotics; pre-revenue,company-field,,,,,,MEDIUM,current,yes,
CL01134,S0189,{'v': 'General Autonomy'},headcount,19,company-field,,,,,,MEDIUM,current,yes,
CL01135,S0189,{'v': 'General Autonomy'},status,Active,company-field,,,,,,MEDIUM,current,yes,
CL01136,S0189,{'v': 'General Autonomy'},official_website,https://generalautonomy.com,company-field,,,,,SRC02756,HIGH,current,yes,verified live 2026-09-15: name match on own homepage
CL01137,S0191,{'v': 'QOSMIC'},company_name,QOSMIC,company-field,,,,,,MEDIUM,current,yes,
CL01138,S0191,{'v': 'QOSMIC'},legal_name,QOSMIC Space Systems Pvt Ltd,company-field,,,,,,MEDIUM,current,yes,
CL01139,S0191,{'v': 'QOSMIC'},city,Bengaluru,company-field,,,,,,MEDIUM,current,yes,
CL01140,S0191,{'v': 'QOSMIC'},state,Karnataka,company-field,,,,,,MEDIUM,current,yes,
CL01141,S0191,{'v': 'QOSMIC'},startup_stage,Seed,company-field,,,,,,MEDIUM,current,yes,
CL01142,S0191,{'v': 'QOSMIC'},public_private,Private,company-field,,,,,,MEDIUM,current,yes,
CL01143,S0191,{'v': 'QOSMIC'},primary_sector,Spacetech / Laser Communications,company-field,,,,,,MEDIUM,current,yes,
CL01144,S0191,{'v': 'QOSMIC'},founded_date,2025,company-field,,,,,,MEDIUM,current,yes,
CL01145,S0191,{'v': 'QOSMIC'},business_model,Optical ground station infrastructure for satellite laser communication,company-field,,,,,,MEDIUM,current,yes,
CL01146,S0191,{'v': 'QOSMIC'},status,Active,company-field,,,,,,MEDIUM,current,yes,
CL01147,S0191,{'v': 'QOSMIC'},official_website,https://qosmic.space/,company-field,,,,,SRC02762,HIGH,current,yes,W-wave verified 2026-09-15
CL01148,S0191,{'v': 'QOSMIC'},careers_website,https://qosmic.zohorecruit.in/jobs/Careers,company-field,,,,,SRC02763,HIGH,current,yes,Official ATS subdomain linked to QOSMIC search results.
CL01149,S0192,{'v': 'Hachidori Robotics'},company_name,Hachidori Robotics,company-field,,,,,,MEDIUM,current,yes,
CL01150,S0192,{'v': 'Hachidori Robotics'},legal_name,Hachidori Robotics Private Limited,company-field,,,,,,MEDIUM,current,yes,
CL01151,S0192,{'v': 'Hachidori Robotics'},city,Bengaluru,company-field,,,,,,MEDIUM,current,yes,
CL01152,S0192,{'v': 'Hachidori Robotics'},state,Karnataka,company-field,,,,,,MEDIUM,current,yes,
CL01153,S0192,{'v': 'Hachidori Robotics'},startup_stage,Seed,company-field,,,,,,MEDIUM,current,yes,
CL01154,S0192,{'v': 'Hachidori Robotics'},public_private,Private,company-field,,,,,,MEDIUM,current,yes,
CL01155,S0192,{'v': 'Hachidori Robotics'},primary_sector,Robotics / AMR,company-field,,,,,,MEDIUM,current,yes,
CL01156,S0192,{'v': 'Hachidori Robotics'},founded_date,2019-08-16,company-field,,,,,,MEDIUM,current,yes,
CL01157,S0192,{'v': 'Hachidori Robotics'},cin,U72900KA2019PTC127120,company-field,,,,,,MEDIUM,current,yes,
CL01158,S0192,{'v': 'Hachidori Robotics'},incorporation_date,2019-08-16,company-field,,,,,,MEDIUM,current,yes,
CL01159,S0192,{'v': 'Hachidori Robotics'},business_model,Manufacturer of autonomous mobile robots for intralogistics,company-field,,,,,,MEDIUM,current,yes,
CL01160,S0192,{'v': 'Hachidori Robotics'},status,Active,company-field,,,,,,MEDIUM,current,yes,
CL01161,S0192,{'v': 'Hachidori Robotics'},official_website,https://hachidorirobotics.com,company-field,,,,,SRC02766,HIGH,current,yes,verified live 2026-09-15: name match on own homepage
CL01162,S0192,{'v': 'Hachidori Robotics'},careers_website,https://hachidorirobotics.com/careers/,company-field,,,,,SRC02766,HIGH,current,yes,"careers link found on official homepage, probed live"
CL01163,S0193,{'v': 'TransBnk'},company_name,TransBnk,company-field,,,,,,MEDIUM,current,yes,
CL01164,S0193,{'v': 'TransBnk'},legal_name,TransBnk (rebranded as TBX),company-field,,,,,,MEDIUM,current,yes,
CL01165,S0193,{'v': 'TransBnk'},city,Gurugram,company-field,,,,,,MEDIUM,current,yes,
CL01166,S0193,{'v': 'TransBnk'},state,Haryana,company-field,,,,,,MEDIUM,current,yes,
CL01167,S0193,{'v': 'TransBnk'},startup_stage,Series B,company-field,,,,,,MEDIUM,current,yes,
CL01168,S0193,{'v': 'TransBnk'},public_private,Private,company-field,,,,,,MEDIUM,current,yes,
CL01169,S0193,{'v': 'TransBnk'},primary_sector,Fintech / Banking Infrastructure,company-field,,,,,,MEDIUM,current,yes,
CL01170,S0193,{'v': 'TransBnk'},founded_date,2022,company-field,,,,,,MEDIUM,current,yes,
CL01171,S0193,{'v': 'TransBnk'},business_model,API-first transaction banking platform; operating system for fintechs to access banking ecosystem,company-field,,,,,,MEDIUM,current,yes,
CL01172,S0193,{'v': 'TransBnk'},status,Active,company-field,,,,,,MEDIUM,current,yes,
CL01173,S0193,{'v': 'TransBnk'},official_website,https://transbnk.com,company-field,,,,,SRC02771,HIGH,current,yes,verified live 2026-09-15: name match on own homepage
CL01174,S0194,Olee Space,official_website,https://olee.space,company-field,,,,,SRC02773,HIGH,current,yes,verified live 2026-09-15: name match on own homepage
CL01175,S0194,Olee Space,careers_website,https://olee.space/careers,company-field,,,,,SRC02773,HIGH,current,yes,playwright render 2026-09-15
CL01176,S0195,Atlys,official_website,https://www.atlys.com,company-field,,,,,SRC02784,HIGH,current,yes,verified live 2026-09-15: name match on own homepage
CL01177,S0195,Atlys,careers_website,https://careers.atlys.com/,company-field,,,,,SRC02784,HIGH,current,yes,playwright render 2026-09-15
CL01178,S0196,Goldi Solar,official_website,https://goldisolar.com,company-field,,,,,SRC02790,HIGH,current,yes,verified live 2026-09-15: name match on own homepage
CL01179,S0196,Goldi Solar,careers_website,https://goldisolar.com/career/,company-field,,,,,SRC02790,HIGH,current,yes,"careers link found on official homepage, probed live"
CL01180,S0197,Kiwi (Gokiwi Tech),official_website,https://gokiwi.in,company-field,,,,,SRC02809,HIGH,current,yes,verified live 2026-09-15: name match on own homepage
CL01181,S0197,Kiwi (Gokiwi Tech),legal_name,GOKIWI TECH PRIVATE LIMITED,company-field,,,2026-09-15,,SRC02795,HIGH,current,yes,CIN U67100MH2022PTC393679 per Tracxn/MCA
CL01182,S0197,Kiwi (Gokiwi Tech),cin,U67100MH2022PTC393679,company-field,,,2026-09-15,,SRC02795,HIGH,current,yes,MCA-registered CIN
CL01183,S0197,Kiwi (Gokiwi Tech),incorporation_date,2022-11-17,company-field,,,2026-09-15,,SRC02795,HIGH,current,yes,MCA incorporation date
CL01184,S0197,Kiwi (Gokiwi Tech),state,Karnataka,company-field,,,2026-09-15,,SRC02796,HIGH,current,yes,Registered office in Mumbai but operational HQ in Bengaluru
CL01185,S0197,Kiwi (Gokiwi Tech),country,India,company-field,,,2026-09-15,,SRC02796,HIGH,current,yes,
CL01186,S0197,Kiwi (Gokiwi Tech),description,"Credit-on-UPI fintech issuing virtual RuPay credit cards in partnership with banks, enabling UPI payments via credit",company-field,,,2026-09-15,,SRC02795,HIGH,current,yes,
CL01187,S0197,Kiwi (Gokiwi Tech),employee_estimate,58,company-field,,,2025-08-31,,SRC02795,MEDIUM,current,yes,"As of Aug 31, 2025; 29% YoY growth"
CL01188,S0197,Kiwi (Gokiwi Tech),hq_type,operational,company-field,,,2026-09-15,,SRC02796,HIGH,current,yes,"Office at HSR Layout, Bengaluru; registered office in Mumbai"
CL01189,S0197,Kiwi (Gokiwi Tech),registered_office,"A101,1st floor,Plot 8PT-T, T-5,Diero, Wadala Truck Terminal Road, Antop Hill, Mumbai City, Mumbai, Maharashtra, India, 400037",company-field,,,2026-09-15,,SRC02795,HIGH,current,yes,MCA registered address
CL01190,S0198,Circolife,official_website,https://circolife.com,company-field,,,,,SRC02818,HIGH,current,yes,verified live 2026-09-15: name match on own homepage
CL01191,S0198,Circolife,careers_website,https://circolife.com/careers/,company-field,,,,,SRC02818,HIGH,current,yes,"careers link found on official homepage, probed live"
CL01192,S0199,"{'v': 'AgniKul Cosmos', 'src': 'batch manifest'}",company_name,AgniKul Cosmos,company-field,,,,,,MEDIUM,current,yes,
CL01193,S0199,"{'v': 'AgniKul Cosmos', 'src': 'batch manifest'}",legal_name,AGNIKUL COSMOS PRIVATE LIMITED,company-field,,,,,,MEDIUM,current,yes,
CL01194,S0199,"{'v': 'AgniKul Cosmos', 'src': 'batch manifest'}",aliases,"['AgniKul', 'Agnikul Cosmos']",company-field,,,,,,MEDIUM,current,yes,
CL01195,S0199,"{'v': 'AgniKul Cosmos', 'src': 'batch manifest'}",website,https://agnikul.in/,company-field,,,,,,MEDIUM,current,yes,
CL01196,S0199,"{'v': 'AgniKul Cosmos', 'src': 'batch manifest'}",founded_date,2017,company-field,,,,,,MEDIUM,current,yes,
CL01197,S0199,"{'v': 'AgniKul Cosmos', 'src': 'batch manifest'}",incorporation_date,2017,company-field,,,,,,MEDIUM,current,yes,
CL01198,S0199,"{'v': 'AgniKul Cosmos', 'src': 'batch manifest'}",status,active,company-field,,,,,,MEDIUM,current,yes,
CL01199,S0199,"{'v': 'AgniKul Cosmos', 'src': 'batch manifest'}",startup_stage,late-stage,company-field,,,,,,MEDIUM,current,yes,
CL01200,S0199,"{'v': 'AgniKul Cosmos', 'src': 'batch manifest'}",primary_sector,spacetech launch,company-field,,,,,,MEDIUM,current,yes,
CL01201,S0199,"{'v': 'AgniKul Cosmos', 'src': 'batch manifest'}",secondary_sectors,"['aerospace', 'defence']",company-field,,,,,,MEDIUM,current,yes,
CL01202,S0199,"{'v': 'AgniKul Cosmos', 'src': 'batch manifest'}",business_model,B2B launch services,company-field,,,,,,MEDIUM,current,yes,
CL01203,S0199,"{'v': 'AgniKul Cosmos', 'src': 'batch manifest'}",customer_type,enterprise/government,company-field,,,,,,MEDIUM,current,yes,
CL01204,S0199,"{'v': 'AgniKul Cosmos', 'src': 'batch manifest'}",city,Chennai,company-field,,,,,,MEDIUM,current,yes,
CL01205,S0199,"{'v': 'AgniKul Cosmos', 'src': 'batch manifest'}",state,Tamil Nadu,company-field,,,,,,MEDIUM,current,yes,
CL01206,S0199,"{'v': 'AgniKul Cosmos', 'src': 'batch manifest'}",country,India,company-field,,,,,,MEDIUM,current,yes,
CL01207,S0199,"{'v': 'AgniKul Cosmos', 'src': 'batch manifest'}",hq_type,HQ,company-field,,,,,,MEDIUM,current,yes,
CL01208,S0199,"{'v': 'AgniKul Cosmos', 'src': 'batch manifest'}",registered_office,"910 Syndicate Bank Colony, Anna Nagar West Extn, Chennai, Tamil Nadu - 600101",company-field,,,,,,MEDIUM,current,yes,
CL01209,S0199,"{'v': 'AgniKul Cosmos', 'src': 'batch manifest'}",employee_estimate,UNKNOWN,company-field,,,,,,MEDIUM,current,yes,
CL01210,S0199,"{'v': 'AgniKul Cosmos', 'src': 'batch manifest'}",total_funding_disclosed,~M+,company-field,,,,,,MEDIUM,current,yes,
CL01211,S0199,"{'v': 'AgniKul Cosmos', 'src': 'batch manifest'}",last_funding_date,November 2025,company-field,,,,,,MEDIUM,current,yes,
CL01212,S0199,"{'v': 'AgniKul Cosmos', 'src': 'batch manifest'}",last_funding_round,Series C,company-field,,,,,,MEDIUM,current,yes,
CL01213,S0199,"{'v': 'AgniKul Cosmos', 'src': 'batch manifest'}",last_known_valuation,"{'v': ' million', 'date': 'November 2025', 'src': 'Moneycontrol'}",company-field,,,,,,MEDIUM,current,yes,
CL01214,S0199,"{'v': 'AgniKul Cosmos', 'src': 'batch manifest'}",dpiit_recognized,UNKNOWN,company-field,,,,,,MEDIUM,current,yes,
CL01215,S0199,"{'v': 'AgniKul Cosmos', 'src': 'batch manifest'}",cin,U74999TN2017PTC119779,company-field,,,,,,MEDIUM,current,yes,
CL01216,S0199,"{'v': 'AgniKul Cosmos', 'src': 'batch manifest'}",public_private,private,company-field,,,,,,MEDIUM,current,yes,
CL01217,S0199,"{'v': 'AgniKul Cosmos', 'src': 'batch manifest'}",website_status,active,company-field,,,,,,MEDIUM,current,yes,
CL01218,S0199,"{'v': 'AgniKul Cosmos', 'src': 'batch manifest'}",last_verified,2026-09-15,company-field,,,,,,MEDIUM,current,yes,
CL01219,S0199,"{'v': 'AgniKul Cosmos', 'src': 'batch manifest'}",confidence,HIGH,company-field,,,,,,MEDIUM,current,yes,
CL01220,S0199,"{'v': 'AgniKul Cosmos', 'src': 'batch manifest'}",official_website,https://agnikul.in/,company-field,,,,,SRC02823,HIGH,current,yes,playwright render-verified 2026-09-15
CL01221,S0199,"{'v': 'AgniKul Cosmos', 'src': 'batch manifest'}",careers_website,https://agnikul.in/careers/,company-field,,,,,SRC02823,HIGH,current,yes,"found in rendered nav, playwright 2026-09-15"
CL01222,S0200,Aurm,official_website,https://www.aurm.in/,company-field,,,,,SRC02831,HIGH,current,yes,W-wave verified 2026-09-15
CL01223,S0200,Aurm,careers_website,https://www.aurm.in/careers,company-field,,,,,SRC02832,HIGH,current,yes,W-wave verified 2026-09-15
CL01224,S0201,Syfe,official_website,https://www.syfe.com,company-field,,,,,SRC02838,HIGH,current,yes,verified live 2026-09-15: name match on own homepage
CL01225,S0201,Syfe,careers_website,https://www.syfe.com/careers,company-field,,,,,SRC02838,HIGH,current,yes,"careers link found on official homepage, probed live"
CL01226,S0202,Prozo,official_website,https://www.prozo.com,company-field,,,,,SRC02846,HIGH,current,yes,verified live 2026-09-15: name match on own homepage
CL01227,S0203,"{'v': 'Jurisphere.ai', 'src': 'batch manifest'}",company_name,Jurisphere.ai,company-field,,,,,,MEDIUM,current,yes,
CL01228,S0203,"{'v': 'Jurisphere.ai', 'src': 'batch manifest'}",legal_name,JURISPHERE PRIVATE LIMITED,company-field,,,,,,MEDIUM,current,yes,
CL01229,S0203,"{'v': 'Jurisphere.ai', 'src': 'batch manifest'}",aliases,['Jurisphere'],company-field,,,,,,MEDIUM,current,yes,
CL01230,S0203,"{'v': 'Jurisphere.ai', 'src': 'batch manifest'}",website,https://jurisphere.ai/,company-field,,,,,,MEDIUM,current,yes,
CL01231,S0203,"{'v': 'Jurisphere.ai', 'src': 'batch manifest'}",founded_date,2024,company-field,,,,,,MEDIUM,current,yes,
CL01232,S0203,"{'v': 'Jurisphere.ai', 'src': 'batch manifest'}",incorporation_date,2012 (CIN prefix 2012),company-field,,,,,,MEDIUM,current,yes,
CL01233,S0203,"{'v': 'Jurisphere.ai', 'src': 'batch manifest'}",status,active,company-field,,,,,,MEDIUM,current,yes,
CL01234,S0203,"{'v': 'Jurisphere.ai', 'src': 'batch manifest'}",startup_stage,early-stage,company-field,,,,,,MEDIUM,current,yes,
CL01235,S0203,"{'v': 'Jurisphere.ai', 'src': 'batch manifest'}",primary_sector,legaltech ai,company-field,,,,,,MEDIUM,current,yes,
CL01236,S0203,"{'v': 'Jurisphere.ai', 'src': 'batch manifest'}",secondary_sectors,"['legaltech', 'AI']",company-field,,,,,,MEDIUM,current,yes,
CL01237,S0203,"{'v': 'Jurisphere.ai', 'src': 'batch manifest'}",business_model,B2B AI platform,company-field,,,,,,MEDIUM,current,yes,
CL01238,S0203,"{'v': 'Jurisphere.ai', 'src': 'batch manifest'}",customer_type,enterprise/law firms,company-field,,,,,,MEDIUM,current,yes,
CL01239,S0203,"{'v': 'Jurisphere.ai', 'src': 'batch manifest'}",city,Bengaluru,company-field,,,,,,MEDIUM,current,yes,
CL01240,S0203,"{'v': 'Jurisphere.ai', 'src': 'batch manifest'}",state,Karnataka,company-field,,,,,,MEDIUM,current,yes,
CL01241,S0203,"{'v': 'Jurisphere.ai', 'src': 'batch manifest'}",country,India,company-field,,,,,,MEDIUM,current,yes,
CL01242,S0203,"{'v': 'Jurisphere.ai', 'src': 'batch manifest'}",hq_type,HQ,company-field,,,,,,MEDIUM,current,yes,
CL01243,S0203,"{'v': 'Jurisphere.ai', 'src': 'batch manifest'}",registered_office,"L-248, 2nd Floor, 17th Cross, Sector 6, HSR Layout, Bengaluru, Karnataka 560102",company-field,,,,,,MEDIUM,current,yes,
CL01244,S0203,"{'v': 'Jurisphere.ai', 'src': 'batch manifest'}",employee_estimate,UNKNOWN,company-field,,,,,,MEDIUM,current,yes,
CL01245,S0203,"{'v': 'Jurisphere.ai', 'src': 'batch manifest'}",total_funding_disclosed,.2 million,company-field,,,,,,MEDIUM,current,yes,
CL01246,S0203,"{'v': 'Jurisphere.ai', 'src': 'batch manifest'}",last_funding_date,May 2026,company-field,,,,,,MEDIUM,current,yes,
CL01247,S0203,"{'v': 'Jurisphere.ai', 'src': 'batch manifest'}",last_funding_round,Seed/Series A,company-field,,,,,,MEDIUM,current,yes,
CL01248,S0203,"{'v': 'Jurisphere.ai', 'src': 'batch manifest'}",last_known_valuation,UNKNOWN,company-field,,,,,,MEDIUM,current,yes,
CL01249,S0203,"{'v': 'Jurisphere.ai', 'src': 'batch manifest'}",dpiit_recognized,UNKNOWN,company-field,,,,,,MEDIUM,current,yes,
CL01250,S0203,"{'v': 'Jurisphere.ai', 'src': 'batch manifest'}",cin,L72200KA2012PLC065294,company-field,,,,,,MEDIUM,current,yes,
CL01251,S0203,"{'v': 'Jurisphere.ai', 'src': 'batch manifest'}",public_private,private,company-field,,,,,,MEDIUM,current,yes,
CL01252,S0203,"{'v': 'Jurisphere.ai', 'src': 'batch manifest'}",website_status,active,company-field,,,,,,MEDIUM,current,yes,
CL01253,S0203,"{'v': 'Jurisphere.ai', 'src': 'batch manifest'}",last_verified,2026-09-15,company-field,,,,,,MEDIUM,current,yes,
CL01254,S0203,"{'v': 'Jurisphere.ai', 'src': 'batch manifest'}",confidence,HIGH,company-field,,,,,,MEDIUM,current,yes,
CL01255,S0203,"{'v': 'Jurisphere.ai', 'src': 'batch manifest'}",official_website,https://www.jurisphere.ai/,company-field,,,,,SRC02853,HIGH,current,yes,W-wave verified 2026-09-15
CL01256,S0203,"{'v': 'Jurisphere.ai', 'src': 'batch manifest'}",careers_website,https://www.jurisphere.ai/careers,company-field,,,,,SRC02854,HIGH,current,yes,W-wave verified 2026-09-15
CL01257,S0204,The Energy Company,official_website,https://www.ipoplatform.com/,company-field,,,,,SRC02855,HIGH,current,yes,playwright render-verified 2026-09-15
CL01258,S0205,Spike AI,official_website,https://getspike.ai,company-field,,,,,SRC02856,HIGH,current,yes,W-wave verified 2026-09-15
CL01259,S0205,Spike AI,careers_website,https://getspike.ai/careers,company-field,,,,,SRC02857,HIGH,current,yes,W-wave verified 2026-09-15
CL01260,S0206,Physics Wallah,official_website,https://www.physicswallah.in/,company-field,,,,,SRC01978,HIGH,current,yes,playwright render-verified 2026-09-15
CL01261,S0207,"{'v': 'Arivihan', 'date': '2025', 'conf': 0.9, 'src': 'Moneycontrol'}",company_name,Arivihan,company-field,,,2025,,,HIGH,current,yes,
CL01262,S0207,"{'v': 'Arivihan', 'date': '2025', 'conf': 0.9, 'src': 'Moneycontrol'}",legal_name,UNKNOWN,company-field,,,,,,MEDIUM,current,yes,
CL01263,S0207,"{'v': 'Arivihan', 'date': '2025', 'conf': 0.9, 'src': 'Moneycontrol'}",startup_stage,early-stage,company-field,,,2025,,,MEDIUM,current,yes,
CL01264,S0207,"{'v': 'Arivihan', 'date': '2025', 'conf': 0.9, 'src': 'Moneycontrol'}",public_private,private,company-field,,,2025,,,HIGH,current,yes,
CL01265,S0207,"{'v': 'Arivihan', 'date': '2025', 'conf': 0.9, 'src': 'Moneycontrol'}",primary_sector,Edtech / AI,company-field,,,2025,,,HIGH,current,yes,
CL01266,S0207,"{'v': 'Arivihan', 'date': '2025', 'conf': 0.9, 'src': 'Moneycontrol'}",city,Bengaluru,company-field,,,2025,,,HIGH,current,yes,
CL01267,S0207,"{'v': 'Arivihan', 'date': '2025', 'conf': 0.9, 'src': 'Moneycontrol'}",founded_date,2024,company-field,,,2025,,,HIGH,current,yes,
CL01268,S0207,"{'v': 'Arivihan', 'date': '2025', 'conf': 0.9, 'src': 'Moneycontrol'}",business_model,AI-led automated coaching for Indian school students,company-field,,,2025,,,HIGH,current,yes,
CL01269,S0207,"{'v': 'Arivihan', 'date': '2025', 'conf': 0.9, 'src': 'Moneycontrol'}",cin,UNKNOWN,company-field,,,,,,MEDIUM,current,yes,
CL01270,S0207,"{'v': 'Arivihan', 'date': '2025', 'conf': 0.9, 'src': 'Moneycontrol'}",incorporation_date,UNKNOWN,company-field,,,,,,MEDIUM,current,yes,
CL01271,S0207,"{'v': 'Arivihan', 'date': '2025', 'conf': 0.9, 'src': 'Moneycontrol'}",official_website,https://arivihan.com,company-field,,,,,SRC02862,HIGH,current,yes,verified live 2026-09-15: name match on own homepage
CL01272,S0208,"{'v': 'Netrasemi (NetraSemi)', 'date': '2025', 'conf': 0.9, 'src': 'Inc42'}",company_name,Netrasemi (NetraSemi),company-field,,,2025,,,HIGH,current,yes,
CL01273,S0208,"{'v': 'Netrasemi (NetraSemi)', 'date': '2025', 'conf': 0.9, 'src': 'Inc42'}",legal_name,UNKNOWN,company-field,,,,,,MEDIUM,current,yes,
CL01274,S0208,"{'v': 'Netrasemi (NetraSemi)', 'date': '2025', 'conf': 0.9, 'src': 'Inc42'}",startup_stage,early-stage,company-field,,,2025,,,MEDIUM,current,yes,
CL01275,S0208,"{'v': 'Netrasemi (NetraSemi)', 'date': '2025', 'conf': 0.9, 'src': 'Inc42'}",public_private,private,company-field,,,2025,,,HIGH,current,yes,
CL01276,S0208,"{'v': 'Netrasemi (NetraSemi)', 'date': '2025', 'conf': 0.9, 'src': 'Inc42'}",primary_sector,Semiconductor / AI chip,company-field,,,2025,,,HIGH,current,yes,
CL01277,S0208,"{'v': 'Netrasemi (NetraSemi)', 'date': '2025', 'conf': 0.9, 'src': 'Inc42'}",city,Bengaluru,company-field,,,2025,,,MEDIUM,current,yes,
CL01278,S0208,"{'v': 'Netrasemi (NetraSemi)', 'date': '2025', 'conf': 0.9, 'src': 'Inc42'}",founded_date,2020,company-field,,,2025,,,MEDIUM,current,yes,
CL01279,S0208,"{'v': 'Netrasemi (NetraSemi)', 'date': '2025', 'conf': 0.9, 'src': 'Inc42'}",business_model,Edge AI semiconductor chip design (SoC),company-field,,,2025,,,HIGH,current,yes,
CL01280,S0208,"{'v': 'Netrasemi (NetraSemi)', 'date': '2025', 'conf': 0.9, 'src': 'Inc42'}",cin,UNKNOWN,company-field,,,,,,MEDIUM,current,yes,
CL01281,S0208,"{'v': 'Netrasemi (NetraSemi)', 'date': '2025', 'conf': 0.9, 'src': 'Inc42'}",incorporation_date,UNKNOWN,company-field,,,,,,MEDIUM,current,yes,
CL01282,S0208,"{'v': 'Netrasemi (NetraSemi)', 'date': '2025', 'conf': 0.9, 'src': 'Inc42'}",official_website,https://netrasemi.com,company-field,,,,,SRC02872,HIGH,current,yes,verified live 2026-09-15: name match on own homepage
CL01283,S0208,"{'v': 'Netrasemi (NetraSemi)', 'date': '2025', 'conf': 0.9, 'src': 'Inc42'}",careers_website,https://netrasemi.com/career.html,company-field,,,,,SRC02872,HIGH,current,yes,"careers link found on official homepage, probed live"
CL01284,S0209,"{'v': 'Arohan Financial Services Limited', 'conf': 'HIGH', 'src': 'ZaubaCorp'}",company_name,Arohan Financial Services Limited,company-field,,,,,,HIGH,current,yes,
CL01285,S0209,"{'v': 'Arohan Financial Services Limited', 'conf': 'HIGH', 'src': 'ZaubaCorp'}",legal_name,AROHAN FINANCIAL SERVICES LIMITED,company-field,,,,,,HIGH,current,yes,
CL01286,S0209,"{'v': 'Arohan Financial Services Limited', 'conf': 'HIGH', 'src': 'ZaubaCorp'}",founded_date,2006,company-field,,,,,,MEDIUM,current,yes,
CL01287,S0209,"{'v': 'Arohan Financial Services Limited', 'conf': 'HIGH', 'src': 'ZaubaCorp'}",incorporation_date,27 Sep 1991,company-field,,,,,,HIGH,current,yes,
CL01288,S0209,"{'v': 'Arohan Financial Services Limited', 'conf': 'HIGH', 'src': 'ZaubaCorp'}",status,ACTIVE - Pre-IPO,company-field,,,,,,HIGH,current,yes,
CL01289,S0209,"{'v': 'Arohan Financial Services Limited', 'conf': 'HIGH', 'src': 'ZaubaCorp'}",startup_stage,Late-stage / Pre-IPO,company-field,,,,,,HIGH,current,yes,
CL01290,S0209,"{'v': 'Arohan Financial Services Limited', 'conf': 'HIGH', 'src': 'ZaubaCorp'}",public_private,Private,company-field,,,,,,HIGH,current,yes,
CL01291,S0209,"{'v': 'Arohan Financial Services Limited', 'conf': 'HIGH', 'src': 'ZaubaCorp'}",primary_sector,fintech/microfinance,company-field,,,,,,HIGH,current,yes,
CL01292,S0209,"{'v': 'Arohan Financial Services Limited', 'conf': 'HIGH', 'src': 'ZaubaCorp'}",business_model,NBFC-MFI providing microfinance loans to low-income women entrepreneurs,company-field,,,,,,HIGH,current,yes,
CL01293,S0209,"{'v': 'Arohan Financial Services Limited', 'conf': 'HIGH', 'src': 'ZaubaCorp'}",city,Kolkata,company-field,,,,,,HIGH,current,yes,
CL01294,S0209,"{'v': 'Arohan Financial Services Limited', 'conf': 'HIGH', 'src': 'ZaubaCorp'}",state,West Bengal,company-field,,,,,,HIGH,current,yes,
CL01295,S0209,"{'v': 'Arohan Financial Services Limited', 'conf': 'HIGH', 'src': 'ZaubaCorp'}",cin,U74140WB1991PLC053189,company-field,,,,,,HIGH,current,yes,
CL01296,S0209,"{'v': 'Arohan Financial Services Limited', 'conf': 'HIGH', 'src': 'ZaubaCorp'}",parent_company,Aavishkaar Group,company-field,,,,,,HIGH,current,yes,
CL01297,S0209,"{'v': 'Arohan Financial Services Limited', 'conf': 'HIGH', 'src': 'ZaubaCorp'}",revenue_latest_fy,"₹1,000+ Cr",company-field,,,,,,MEDIUM,current,yes,
CL01298,S0209,"{'v': 'Arohan Financial Services Limited', 'conf': 'HIGH', 'src': 'ZaubaCorp'}",total_funding_disclosed,Rs 730 Cr PE share sale (2023),company-field,,,,,,MEDIUM,current,yes,
CL01299,S0209,"{'v': 'Arohan Financial Services Limited', 'conf': 'HIGH', 'src': 'ZaubaCorp'}",last_funding_round,IPO filing (DRHP),company-field,,,,,,HIGH,current,yes,
CL01300,S0209,"{'v': 'Arohan Financial Services Limited', 'conf': 'HIGH', 'src': 'ZaubaCorp'}",website,https://www.arohan.in,company-field,,,,,,HIGH,current,yes,
CL01301,S0209,"{'v': 'Arohan Financial Services Limited', 'conf': 'HIGH', 'src': 'ZaubaCorp'}",official_website,https://www.arohan.in,company-field,,,,,SRC02876,HIGH,current,yes,verified live 2026-09-15: name match on own homepage
CL01302,S0209,"{'v': 'Arohan Financial Services Limited', 'conf': 'HIGH', 'src': 'ZaubaCorp'}",careers_website,https://www.arohan.in/careers/work-at-arohan/,company-field,,,,,SRC02876,HIGH,current,yes,"careers link found on official homepage, probed live"
CL01303,S0209,"{'v': 'Arohan Financial Services Limited', 'conf': 'HIGH', 'src': 'ZaubaCorp'}",country,India,company-field,,,2026-09-15,,,HIGH,current,yes,
CL01304,S0209,"{'v': 'Arohan Financial Services Limited', 'conf': 'HIGH', 'src': 'ZaubaCorp'}",description,Technology-enabled NBFC-MFI offering income-generating loans and financial/non-financial products to underserved households across rural and semi-urban India. Part of Aavishkaar Group.,company-field,,,2026-09-15,,,HIGH,current,yes,
CL01305,S0209,"{'v': 'Arohan Financial Services Limited', 'conf': 'HIGH', 'src': 'ZaubaCorp'}",employee_estimate,9862,company-field,,,2026-05-01,,,MEDIUM,current,yes,"Tracxn reports 9862 employees as of May 2026; earlier 10,585 as of Apr 2025"
CL01306,S0209,"{'v': 'Arohan Financial Services Limited', 'conf': 'HIGH', 'src': 'ZaubaCorp'}",hq_type,registered,company-field,,,2026-09-15,,,HIGH,current,yes,"Registered office: PTI Building, 4th Floor, DP-9, Sector-5, Salt Lake, Parganas North, Kolkata, West Bengal, India, 700091"
CL01307,S0209,"{'v': 'Arohan Financial Services Limited', 'conf': 'HIGH', 'src': 'ZaubaCorp'}",registered_office,"PTI Building, 4th Floor, DP-9, Sector-5, Salt Lake, Parganas North, Kolkata, West Bengal, India, 700091",company-field,,,2026-09-15,,,HIGH,current,yes,
CL01308,S0210,"{'v': 'Ather Energy Limited', 'conf': 'HIGH', 'src': 'Multiple sources'}",company_name,Ather Energy Limited,company-field,,,,,,HIGH,current,yes,
CL01309,S0210,"{'v': 'Ather Energy Limited', 'conf': 'HIGH', 'src': 'Multiple sources'}",founded_date,2013,company-field,,,,,,HIGH,current,yes,
CL01310,S0210,"{'v': 'Ather Energy Limited', 'conf': 'HIGH', 'src': 'Multiple sources'}",incorporation_date,UNKNOWN,company-field,,,,,,LOW,current,yes,
CL01311,S0210,"{'v': 'Ather Energy Limited', 'conf': 'HIGH', 'src': 'Multiple sources'}",status,ACTIVE - Listed,company-field,,,,,,HIGH,current,yes,
CL01312,S0210,"{'v': 'Ather Energy Limited', 'conf': 'HIGH', 'src': 'Multiple sources'}",startup_stage,Public (Listed),company-field,,,,,,HIGH,current,yes,
CL01313,S0210,"{'v': 'Ather Energy Limited', 'conf': 'HIGH', 'src': 'Multiple sources'}",public_private,Public,company-field,,,,,,HIGH,current,yes,
CL01314,S0210,"{'v': 'Ather Energy Limited', 'conf': 'HIGH', 'src': 'Multiple sources'}",primary_sector,ev/2-wheeler,company-field,,,,,,HIGH,current,yes,
CL01315,S0210,"{'v': 'Ather Energy Limited', 'conf': 'HIGH', 'src': 'Multiple sources'}",business_model,Electric two-wheeler manufacturer,company-field,,,,,,HIGH,current,yes,
CL01316,S0210,"{'v': 'Ather Energy Limited', 'conf': 'HIGH', 'src': 'Multiple sources'}",city,Bengaluru,company-field,,,,,,HIGH,current,yes,
CL01317,S0210,"{'v': 'Ather Energy Limited', 'conf': 'HIGH', 'src': 'Multiple sources'}",state,Karnataka,company-field,,,,,,HIGH,current,yes,
CL01318,S0210,"{'v': 'Ather Energy Limited', 'conf': 'HIGH', 'src': 'Multiple sources'}",total_funding_disclosed,"Rs 2,626 Cr IPO",company-field,,,,,,MEDIUM,current,yes,
CL01319,S0210,"{'v': 'Ather Energy Limited', 'conf': 'HIGH', 'src': 'Multiple sources'}",last_funding_round,"Preferential Rs 1,200 Cr",company-field,,,,,,HIGH,current,yes,
CL01320,S0210,"{'v': 'Ather Energy Limited', 'conf': 'HIGH', 'src': 'Multiple sources'}",revenue_latest_fy,3671.76,company-field,,,,,,HIGH,current,yes,
CL01321,S0210,"{'v': 'Ather Energy Limited', 'conf': 'HIGH', 'src': 'Multiple sources'}",profit_loss_latest_fy,Net loss Rs 517 Cr (FY26),company-field,,,,,,HIGH,current,yes,
CL01322,S0210,"{'v': 'Ather Energy Limited', 'conf': 'HIGH', 'src': 'Multiple sources'}",official_website,https://www.atherenergy.com/,company-field,,,,,SRC02899,HIGH,current,yes,W-wave verified 2026-09-15
CL01323,S0210,"{'v': 'Ather Energy Limited', 'conf': 'HIGH', 'src': 'Multiple sources'}",careers_website,https://careers.atherenergy.com/jobs,company-field,,,,,SRC02900,HIGH,current,yes,W-wave verified 2026-09-15
CL01324,S0211,"{'v': 'Nexedge Capital', 'conf': 'HIGH', 'src': 'Entrackr, Inc42'}",company_name,Nexedge Capital,company-field,,,,,,HIGH,current,yes,
CL01325,S0211,"{'v': 'Nexedge Capital', 'conf': 'HIGH', 'src': 'Entrackr, Inc42'}",legal_name,UNKNOWN,company-field,,,,,,LOW,current,yes,
CL01326,S0211,"{'v': 'Nexedge Capital', 'conf': 'HIGH', 'src': 'Entrackr, Inc42'}",founded_date,UNKNOWN,company-field,,,,,,LOW,current,yes,
CL01327,S0211,"{'v': 'Nexedge Capital', 'conf': 'HIGH', 'src': 'Entrackr, Inc42'}",incorporation_date,UNKNOWN,company-field,,,,,,LOW,current,yes,
CL01328,S0211,"{'v': 'Nexedge Capital', 'conf': 'HIGH', 'src': 'Entrackr, Inc42'}",status,ACTIVE,company-field,,,,,,HIGH,current,yes,
CL01329,S0211,"{'v': 'Nexedge Capital', 'conf': 'HIGH', 'src': 'Entrackr, Inc42'}",startup_stage,Early-stage (maiden round),company-field,,,,,,HIGH,current,yes,
CL01330,S0211,"{'v': 'Nexedge Capital', 'conf': 'HIGH', 'src': 'Entrackr, Inc42'}",public_private,Private,company-field,,,,,,HIGH,current,yes,
CL01331,S0211,"{'v': 'Nexedge Capital', 'conf': 'HIGH', 'src': 'Entrackr, Inc42'}",primary_sector,wealthtech,company-field,,,,,,HIGH,current,yes,
CL01332,S0211,"{'v': 'Nexedge Capital', 'conf': 'HIGH', 'src': 'Entrackr, Inc42'}",business_model,Technology-led wealth management for HNIs/UHNIs,company-field,,,,,,HIGH,current,yes,
CL01333,S0211,"{'v': 'Nexedge Capital', 'conf': 'HIGH', 'src': 'Entrackr, Inc42'}",city,Delhi NCR,company-field,,,,,,HIGH,current,yes,
CL01334,S0211,"{'v': 'Nexedge Capital', 'conf': 'HIGH', 'src': 'Entrackr, Inc42'}",state,Delhi,company-field,,,,,,HIGH,current,yes,
CL01335,S0211,"{'v': 'Nexedge Capital', 'conf': 'HIGH', 'src': 'Entrackr, Inc42'}",employee_estimate,UNKNOWN,company-field,,,,,,LOW,current,yes,
CL01336,S0211,"{'v': 'Nexedge Capital', 'conf': 'HIGH', 'src': 'Entrackr, Inc42'}",total_funding_disclosed,USD 20 Mn (Rs 191.4 Cr),company-field,,,,,,HIGH,current,yes,
CL01337,S0211,"{'v': 'Nexedge Capital', 'conf': 'HIGH', 'src': 'Entrackr, Inc42'}",last_funding_date,Aug 2026,company-field,,,,,,HIGH,current,yes,
CL01338,S0211,"{'v': 'Nexedge Capital', 'conf': 'HIGH', 'src': 'Entrackr, Inc42'}",last_funding_round,Maiden funding round,company-field,,,,,,HIGH,current,yes,
CL01339,S0211,"{'v': 'Nexedge Capital', 'conf': 'HIGH', 'src': 'Entrackr, Inc42'}",website,UNKNOWN,company-field,,,,,,LOW,current,yes,
CL01340,S0211,"{'v': 'Nexedge Capital', 'conf': 'HIGH', 'src': 'Entrackr, Inc42'}",official_website,https://nexedge.capital/,company-field,,,,,SRC02913,HIGH,current,yes,W-wave verified 2026-09-15
CL01341,S0211,"{'v': 'Nexedge Capital', 'conf': 'HIGH', 'src': 'Entrackr, Inc42'}",careers_website,https://nexedge.capital/careers/,company-field,,,,,SRC02917,HIGH,current,yes,W-wave verified 2026-09-15
CL01342,S0211,"{'v': 'Nexedge Capital', 'conf': 'HIGH', 'src': 'Entrackr, Inc42'}",cin,U66301DL2024PTC438069,company-field,,,2024-10-23,,SRC02906,HIGH,current,yes,MCA registration
CL01343,S0211,"{'v': 'Nexedge Capital', 'conf': 'HIGH', 'src': 'Entrackr, Inc42'}",country,India,company-field,,,2026-09-15,,SRC02905,HIGH,current,yes,India
CL01344,S0211,"{'v': 'Nexedge Capital', 'conf': 'HIGH', 'src': 'Entrackr, Inc42'}",hq_type,registered,company-field,,,2026-09-15,,SRC02905,HIGH,current,yes,"Registered office at MGF Metropolitan Saket, New Delhi"
CL01345,S0211,"{'v': 'Nexedge Capital', 'conf': 'HIGH', 'src': 'Entrackr, Inc42'}",registered_office,"Unit No. OF-2(A), 4th Floor, MGF Metropolitan, Saket, Plot no. A-2 and P-2A, District Centre, New Delhi - 110017",company-field,,,2026-09-15,,SRC02905,HIGH,current,yes,SEBI RIA registered address
CL01346,S0211,"{'v': 'Nexedge Capital', 'conf': 'HIGH', 'src': 'Entrackr, Inc42'}",company_class,Startup,company-field,,,2026-08-25,,SRC02904,HIGH,current,yes,Founded Feb 2025; maiden funding Aug 2026; VC-backed
CL01347,S0211,"{'v': 'Nexedge Capital', 'conf': 'HIGH', 'src': 'Entrackr, Inc42'}",notes,"IMPORTANT: Prompt claims NexEdge is 'IIFCL+IFC joint PE arm, Mumbai' — this is NOT supported by any evidence found. All sources confirm it is a wealth management/multi-family office firm founded by An",company-field,,,2026-09-15,,,HIGH,current,yes,
CL01348,S0212,"{'v': 'Shiprocket Ltd', 'conf': 'HIGH', 'src': 'Multiple sources'}",company_name,Shiprocket Ltd,company-field,,,,,,HIGH,current,yes,
CL01349,S0212,"{'v': 'Shiprocket Ltd', 'conf': 'HIGH', 'src': 'Multiple sources'}",legal_name,Shiprocket Limited,company-field,,,,,,HIGH,current,yes,
CL01350,S0212,"{'v': 'Shiprocket Ltd', 'conf': 'HIGH', 'src': 'Multiple sources'}",status,ACTIVE - Listed,company-field,,,,,,HIGH,current,yes,
CL01351,S0212,"{'v': 'Shiprocket Ltd', 'conf': 'HIGH', 'src': 'Multiple sources'}",startup_stage,Public (Listed),company-field,,,,,,HIGH,current,yes,
CL01352,S0212,"{'v': 'Shiprocket Ltd', 'conf': 'HIGH', 'src': 'Multiple sources'}",public_private,Public,company-field,,,,,,HIGH,current,yes,
CL01353,S0212,"{'v': 'Shiprocket Ltd', 'conf': 'HIGH', 'src': 'Multiple sources'}",primary_sector,logistics tech,company-field,,,,,,HIGH,current,yes,
CL01354,S0212,"{'v': 'Shiprocket Ltd', 'conf': 'HIGH', 'src': 'Multiple sources'}",business_model,E-commerce logistics aggregator,company-field,,,,,,HIGH,current,yes,
CL01355,S0212,"{'v': 'Shiprocket Ltd', 'conf': 'HIGH', 'src': 'Multiple sources'}",city,Delhi NCR,company-field,,,,,,HIGH,current,yes,
CL01356,S0212,"{'v': 'Shiprocket Ltd', 'conf': 'HIGH', 'src': 'Multiple sources'}",state,Delhi,company-field,,,,,,HIGH,current,yes,
CL01357,S0212,"{'v': 'Shiprocket Ltd', 'conf': 'HIGH', 'src': 'Multiple sources'}",total_funding_disclosed,"Rs 1,617 Cr (IPO)",company-field,,,,,,HIGH,current,yes,
CL01358,S0212,"{'v': 'Shiprocket Ltd', 'conf': 'HIGH', 'src': 'Multiple sources'}",last_funding_round,IPO,company-field,,,,,,HIGH,current,yes,
CL01359,S0212,"{'v': 'Shiprocket Ltd', 'conf': 'HIGH', 'src': 'Multiple sources'}",website,https://www.shiprocket.in,company-field,,,,,,HIGH,current,yes,
CL01360,S0212,"{'v': 'Shiprocket Ltd', 'conf': 'HIGH', 'src': 'Multiple sources'}",official_website,https://www.shiprocket.in,company-field,,,,,SRC02923,HIGH,current,yes,verified live 2026-09-15: name match on own homepage
CL01361,S0212,"{'v': 'Shiprocket Ltd', 'conf': 'HIGH', 'src': 'Multiple sources'}",careers_website,https://careers.shiprocket.in/,company-field,,,,,SRC02923,HIGH,current,yes,"careers link found on official homepage, probed live"
CL01362,S0213,"{'v': 'Navana.ai', 'conf': 'HIGH', 'src': 'Entrackr, ET'}",company_name,Navana.ai,company-field,,,,,,HIGH,current,yes,
CL01363,S0213,"{'v': 'Navana.ai', 'conf': 'HIGH', 'src': 'Entrackr, ET'}",legal_name,Navana.ai (Navana Tech),company-field,,,,,,MEDIUM,current,yes,
CL01364,S0213,"{'v': 'Navana.ai', 'conf': 'HIGH', 'src': 'Entrackr, ET'}",founded_date,2018,company-field,,,,,,HIGH,current,yes,
CL01365,S0213,"{'v': 'Navana.ai', 'conf': 'HIGH', 'src': 'Entrackr, ET'}",incorporation_date,UNKNOWN,company-field,,,,,,LOW,current,yes,
CL01366,S0213,"{'v': 'Navana.ai', 'conf': 'HIGH', 'src': 'Entrackr, ET'}",status,ACTIVE,company-field,,,,,,HIGH,current,yes,
CL01367,S0213,"{'v': 'Navana.ai', 'conf': 'HIGH', 'src': 'Entrackr, ET'}",startup_stage,Series A,company-field,,,,,,HIGH,current,yes,
CL01368,S0213,"{'v': 'Navana.ai', 'conf': 'HIGH', 'src': 'Entrackr, ET'}",public_private,Private,company-field,,,,,,HIGH,current,yes,
CL01369,S0213,"{'v': 'Navana.ai', 'conf': 'HIGH', 'src': 'Entrackr, ET'}",primary_sector,ai / voice ai,company-field,,,,,,HIGH,current,yes,
CL01370,S0213,"{'v': 'Navana.ai', 'conf': 'HIGH', 'src': 'Entrackr, ET'}",business_model,Full-stack voice AI for regulated enterprises,company-field,,,,,,HIGH,current,yes,
CL01371,S0213,"{'v': 'Navana.ai', 'conf': 'HIGH', 'src': 'Entrackr, ET'}",city,Mumbai,company-field,,,,,,HIGH,current,yes,
CL01372,S0213,"{'v': 'Navana.ai', 'conf': 'HIGH', 'src': 'Entrackr, ET'}",state,Maharashtra,company-field,,,,,,HIGH,current,yes,
CL01373,S0213,"{'v': 'Navana.ai', 'conf': 'HIGH', 'src': 'Entrackr, ET'}",total_funding_disclosed,Rs 47 Cr (7 Cr + 40 Cr),company-field,,,,,,MEDIUM,current,yes,
CL01374,S0213,"{'v': 'Navana.ai', 'conf': 'HIGH', 'src': 'Entrackr, ET'}",last_funding_date,Sep 2026,company-field,,,,,,HIGH,current,yes,
CL01375,S0213,"{'v': 'Navana.ai', 'conf': 'HIGH', 'src': 'Entrackr, ET'}",last_funding_round,Series A,company-field,,,,,,HIGH,current,yes,
CL01376,S0213,"{'v': 'Navana.ai', 'conf': 'HIGH', 'src': 'Entrackr, ET'}",official_website,https://navana.com,company-field,,,,,SRC02942,HIGH,current,yes,verified live 2026-09-15: name match on own homepage
CL01377,S0213,"{'v': 'Navana.ai', 'conf': 'HIGH', 'src': 'Entrackr, ET'}",careers_website,https://navana.com/career/,company-field,,,,,SRC02942,HIGH,current,yes,"careers link found on official homepage, probed live"
CL01378,S0213,"{'v': 'Navana.ai', 'conf': 'HIGH', 'src': 'Entrackr, ET'}",cin,U72900MH2018PTC315075,company-field,,,2026-09-15,,SRC02932,HIGH,current,yes,MCA registration; RoC-Mumbai
CL01379,S0213,"{'v': 'Navana.ai', 'conf': 'HIGH', 'src': 'Entrackr, ET'}",country,India,company-field,,,2026-09-15,,SRC02930,HIGH,current,yes,Registered office in Mumbai
CL01380,S0213,"{'v': 'Navana.ai', 'conf': 'HIGH', 'src': 'Entrackr, ET'}",description,"Provider of voice artificial intelligence solutions for enterprise applications. Proprietary Bodhi speech models in 12 Indian languages and 40+ dialects. Full-stack platform for building, deploying, a",company-field,,,2026-09-15,,SRC02930,HIGH,current,yes,From company website and Tracxn profile
CL01381,S0213,"{'v': 'Navana.ai', 'conf': 'HIGH', 'src': 'Entrackr, ET'}",employee_estimate,22,company-field,,,2026-05-31,,SRC02927,MEDIUM,current,yes,"Tracxn reports 22 employees as of May 31, 2026; LinkedIn shows 36; company website says fully remote"
CL01382,S0213,"{'v': 'Navana.ai', 'conf': 'HIGH', 'src': 'Entrackr, ET'}",hq_type,registered,company-field,,,2026-09-15,,SRC02930,HIGH,current,yes,"Registered office at Nanavati Mahalaya, Fort, Mumbai"
CL01383,S0213,"{'v': 'Navana.ai', 'conf': 'HIGH', 'src': 'Entrackr, ET'}",registered_office,"7TH FLOOR, NANAVATI MAHALAYA 18, HOMI MODI STREET, FORT, MUMBAI, Maharashtra 400001",company-field,,,2026-09-15,,SRC02927,HIGH,current,yes,MCA registered address
CL01384,S0213,"{'v': 'Navana.ai', 'conf': 'HIGH', 'src': 'Entrackr, ET'}",employee_estimate_date,2026-05-31,company-field,,,2026-05-31,,SRC02927,MEDIUM,current,yes,Tracxn employee count
CL01385,S0214,Lickicious,official_website,https://www.lickicious.com,company-field,,,,,SRC02947,HIGH,current,yes,verified live 2026-09-15: name match on own homepage
CL01386,S0215,PumPumPum,official_website,https://pumpumpum.com,company-field,,,,,SRC02959,HIGH,current,yes,verified live 2026-09-15: name match on own homepage
CL01387,S0215,PumPumPum,careers_website,https://pumpumpum.com/careers,company-field,,,,,SRC02959,HIGH,current,yes,playwright render 2026-09-15
CL01388,S0215,PumPumPum,legal_name,Dream Road Technologies Private Limited,company-field,,,2026-01-12,,SRC02953,HIGH,current,yes,Confirmed legal entity name in Jan 2026 funding coverage
CL01389,S0215,PumPumPum,cin,UNKNOWN,company-field,,,2026-09-15,,,LOW,current,yes,MCA CIN not found in any public search; registry aggregator pages did not surface it
CL01390,S0215,PumPumPum,incorporation_date,2018,company-field,,,2026-01-12,,SRC02948,MEDIUM,current,yes,Founded 2018 per Inc42; exact incorporation date not verified
CL01391,S0215,PumPumPum,state,Haryana,company-field,,,2026-01-12,,SRC02956,MEDIUM,current,yes,Gurugram is in Haryana; inferred from city
CL01392,S0215,PumPumPum,country,India,company-field,,,2026-01-12,,SRC02960,HIGH,current,yes,Indian company
CL01393,S0215,PumPumPum,business_model,asset-light leasing fintech platform; monthly subscription for pre-owned and new cars (ICE + EV); B2B/B2B2C employee leasing,company-field,,,2026-01-12,,SRC02956,HIGH,current,yes,Fintech platform enables banks/NBFCs to deploy capital; company manages asset lifecycle end-to-end
CL01394,S0215,PumPumPum,description,"PumPumPum (Dream Road Technologies) is a corporate mobility platform offering structured leasing across new, used, and electric vehicles. It serves corporates, SMEs, MSMEs and fleet operators. Proprie",company-field,,,2026-01-12,,SRC02960,HIGH,current,yes,Per Autocar Professional Jan 2026
CL01395,S0215,PumPumPum,employee_estimate,1000,company-field,,,2026-01-12,,SRC02956,MEDIUM,current,yes,"Manages 1,000+ vehicles; employee count not directly stated but scaling tech/sales teams as of Jan 2026"
CL01396,S0215,PumPumPum,hq_type,operational HQ,company-field,,,2026-01-12,,SRC02956,MEDIUM,current,yes,Gurugram described as company base; registered office may differ
CL01397,S0215,PumPumPum,registered_office,UNKNOWN,company-field,,,2026-09-15,,,LOW,current,yes,MCA registered office not found in public searches
CL01398,S0216,BimaKavach,official_website,https://www.bimakavach.com,company-field,,,,,SRC02961,HIGH,current,yes,verified live 2026-09-15: name match on own homepage
CL01399,S0216,BimaKavach,careers_website,https://bimakavach.keka.com/careers,company-field,,,,,SRC02961,HIGH,current,yes,playwright render 2026-09-15
CL01400,S0217,CtrlS,official_website,https://www.ctrls.com,company-field,,,,,SRC02973,HIGH,current,yes,verified live 2026-09-15: name match on own homepage
CL01401,S0217,CtrlS,careers_website,https://www.ctrls.com/careers/,company-field,,,,,SRC02973,HIGH,current,yes,"careers link found on official homepage, probed live"
CL01402,S0218,Watch Your Health,official_website,https://watchyourhealth.com,company-field,,,,,SRC02979,HIGH,current,yes,verified live 2026-09-15: name match on own homepage
CL01403,S0219,"{'v': 'TrueFan AI', 'date': '2026-06-04', 'conf': 1.0, 'src': 'Inc42'}",company_name,TrueFan AI,company-field,,,2026-06-04,,,HIGH,current,yes,
CL01404,S0219,"{'v': 'TrueFan AI', 'date': '2026-06-04', 'conf': 1.0, 'src': 'Inc42'}",legal_name,Hogwarts E-Learning Universe Private Limited,company-field,,,2026-07-20,,,HIGH,current,yes,
CL01405,S0219,"{'v': 'TrueFan AI', 'date': '2026-06-04', 'conf': 1.0, 'src': 'Inc42'}",city,Gurugram,company-field,,,2026-06-04,,,HIGH,current,yes,
CL01406,S0219,"{'v': 'TrueFan AI', 'date': '2026-06-04', 'conf': 1.0, 'src': 'Inc42'}",state,Haryana,company-field,,,,,,HIGH,current,yes,
CL01407,S0219,"{'v': 'TrueFan AI', 'date': '2026-06-04', 'conf': 1.0, 'src': 'Inc42'}",primary_sector,enterprise AI video generation,company-field,,,,,,HIGH,current,yes,
CL01408,S0219,"{'v': 'TrueFan AI', 'date': '2026-06-04', 'conf': 1.0, 'src': 'Inc42'}",startup_stage,Series A,company-field,,,2026-06-04,,,HIGH,current,yes,
CL01409,S0219,"{'v': 'TrueFan AI', 'date': '2026-06-04', 'conf': 1.0, 'src': 'Inc42'}",public_private,private,company-field,,,,,,HIGH,current,yes,
CL01410,S0219,"{'v': 'TrueFan AI', 'date': '2026-06-04', 'conf': 1.0, 'src': 'Inc42'}",founded_date,2020,company-field,,,,,,HIGH,current,yes,
CL01411,S0219,"{'v': 'TrueFan AI', 'date': '2026-06-04', 'conf': 1.0, 'src': 'Inc42'}",cin,U80902DL2019PTC353293,company-field,,,2019-07-31,,,HIGH,current,yes,
CL01412,S0219,"{'v': 'TrueFan AI', 'date': '2026-06-04', 'conf': 1.0, 'src': 'Inc42'}",incorporation_date,31 July 2019,company-field,,,,,,HIGH,current,yes,
CL01413,S0219,"{'v': 'TrueFan AI', 'date': '2026-06-04', 'conf': 1.0, 'src': 'Inc42'}",employees,41-60,company-field,,,,,,MEDIUM,current,yes,
CL01414,S0219,"{'v': 'TrueFan AI', 'date': '2026-06-04', 'conf': 1.0, 'src': 'Inc42'}",valuation,$40 million,company-field,,,2026-06-04,,,HIGH,current,yes,
CL01415,S0219,"{'v': 'TrueFan AI', 'date': '2026-06-04', 'conf': 1.0, 'src': 'Inc42'}",official_website,https://truefan.com,company-field,,,,,SRC02986,HIGH,current,yes,verified live 2026-09-15: name match on own homepage
CL01416,S0220,"{'v': 'Coulomb Litech', 'date': '2026-02-23', 'conf': 1.0, 'src': 'ET'}",company_name,Coulomb Litech,company-field,,,2026-02-23,,,HIGH,current,yes,
CL01417,S0220,"{'v': 'Coulomb Litech', 'date': '2026-02-23', 'conf': 1.0, 'src': 'ET'}",legal_name,Coulomb Litech Private Limited,company-field,,,2026-02-23,,,HIGH,current,yes,
CL01418,S0220,"{'v': 'Coulomb Litech', 'date': '2026-02-23', 'conf': 1.0, 'src': 'ET'}",city,Mumbai,company-field,,,2026-02-23,,,HIGH,current,yes,
CL01419,S0220,"{'v': 'Coulomb Litech', 'date': '2026-02-23', 'conf': 1.0, 'src': 'ET'}",state,Maharashtra,company-field,,,,,,HIGH,current,yes,
CL01420,S0220,"{'v': 'Coulomb Litech', 'date': '2026-02-23', 'conf': 1.0, 'src': 'ET'}",primary_sector,EV battery technology,company-field,,,,,,HIGH,current,yes,
CL01421,S0220,"{'v': 'Coulomb Litech', 'date': '2026-02-23', 'conf': 1.0, 'src': 'ET'}",startup_stage,Seed,company-field,,,2026-02-23,,,HIGH,current,yes,
CL01422,S0220,"{'v': 'Coulomb Litech', 'date': '2026-02-23', 'conf': 1.0, 'src': 'ET'}",public_private,private,company-field,,,,,,HIGH,current,yes,
CL01423,S0220,"{'v': 'Coulomb Litech', 'date': '2026-02-23', 'conf': 1.0, 'src': 'ET'}",founded_date,2020,company-field,,,,,,HIGH,current,yes,
CL01424,S0220,"{'v': 'Coulomb Litech', 'date': '2026-02-23', 'conf': 1.0, 'src': 'ET'}",cin,U31909MH2020PTC346129,company-field,,,2020-09-16,,,HIGH,current,yes,
CL01425,S0220,"{'v': 'Coulomb Litech', 'date': '2026-02-23', 'conf': 1.0, 'src': 'ET'}",incorporation_date,16 Sep 2020,company-field,,,,,,HIGH,current,yes,
CL01426,S0220,"{'v': 'Coulomb Litech', 'date': '2026-02-23', 'conf': 1.0, 'src': 'ET'}",employees,UNKNOWN,company-field,,,,,,MEDIUM,current,yes,
CL01427,S0220,"{'v': 'Coulomb Litech', 'date': '2026-02-23', 'conf': 1.0, 'src': 'ET'}",official_website,https://coulomblitech.com,company-field,,,,,SRC02992,HIGH,current,yes,verified live 2026-09-15: name match on own homepage
CL01428,S0220,"{'v': 'Coulomb Litech', 'date': '2026-02-23', 'conf': 1.0, 'src': 'ET'}",careers_website,https://coulomblitech.com/careers,company-field,,,,,SRC02992,HIGH,current,yes,playwright render 2026-09-15
CL01429,S0221,"{'v': 'Fermionic Design', 'date': '2026-09-15', 'conf': 1.0, 'src': 'Inc42'}",company_name,Fermionic Design,company-field,,,2026-09-15,,,HIGH,current,yes,
CL01430,S0221,"{'v': 'Fermionic Design', 'date': '2026-09-15', 'conf': 1.0, 'src': 'Inc42'}",legal_name,Fermionic Design Private Limited,company-field,,,2026-09-15,,,HIGH,current,yes,
CL01431,S0221,"{'v': 'Fermionic Design', 'date': '2026-09-15', 'conf': 1.0, 'src': 'Inc42'}",city,Bengaluru,company-field,,,2026-09-15,,,HIGH,current,yes,
CL01432,S0221,"{'v': 'Fermionic Design', 'date': '2026-09-15', 'conf': 1.0, 'src': 'Inc42'}",state,Karnataka,company-field,,,,,,HIGH,current,yes,
CL01433,S0221,"{'v': 'Fermionic Design', 'date': '2026-09-15', 'conf': 1.0, 'src': 'Inc42'}",primary_sector,"semiconductor design (RF chips, GaN)",company-field,,,,,,HIGH,current,yes,
CL01434,S0221,"{'v': 'Fermionic Design', 'date': '2026-09-15', 'conf': 1.0, 'src': 'Inc42'}",startup_stage,Seed,company-field,,,2026-09-15,,,HIGH,current,yes,
CL01435,S0221,"{'v': 'Fermionic Design', 'date': '2026-09-15', 'conf': 1.0, 'src': 'Inc42'}",public_private,private,company-field,,,,,,HIGH,current,yes,
CL01436,S0221,"{'v': 'Fermionic Design', 'date': '2026-09-15', 'conf': 1.0, 'src': 'Inc42'}",founded_date,2020,company-field,,,,,,HIGH,current,yes,
CL01437,S0221,"{'v': 'Fermionic Design', 'date': '2026-09-15', 'conf': 1.0, 'src': 'Inc42'}",cin,U72900KA2020PTC135184,company-field,,,2020-06-23,,,HIGH,current,yes,
CL01438,S0221,"{'v': 'Fermionic Design', 'date': '2026-09-15', 'conf': 1.0, 'src': 'Inc42'}",incorporation_date,23 Jun 2020,company-field,,,,,,HIGH,current,yes,
CL01439,S0221,"{'v': 'Fermionic Design', 'date': '2026-09-15', 'conf': 1.0, 'src': 'Inc42'}",employees,UNKNOWN,company-field,,,,,,MEDIUM,current,yes,
CL01440,S0221,"{'v': 'Fermionic Design', 'date': '2026-09-15', 'conf': 1.0, 'src': 'Inc42'}",official_website,https://fermionicdesign.com/,company-field,,,,,SRC02999,HIGH,current,yes,W-wave verified 2026-09-15
CL01441,S0221,"{'v': 'Fermionic Design', 'date': '2026-09-15', 'conf': 1.0, 'src': 'Inc42'}",careers_website,https://fermionicdesign.com/career,company-field,,,,,SRC03000,HIGH,current,yes,W-wave verified 2026-09-15
CL01442,S0222,"{'v': 'ANSCER Robotics', 'date': '2026-05-20', 'conf': 1.0, 'src': 'YourStory'}",company_name,ANSCER Robotics,company-field,,,2026-05-20,,,HIGH,current,yes,
CL01443,S0222,"{'v': 'ANSCER Robotics', 'date': '2026-05-20', 'conf': 1.0, 'src': 'YourStory'}",legal_name,Anscer Robotics Private Limited,company-field,,,2026-05-20,,,HIGH,current,yes,
CL01444,S0222,"{'v': 'ANSCER Robotics', 'date': '2026-05-20', 'conf': 1.0, 'src': 'YourStory'}",city,Bengaluru,company-field,,,2026-05-20,,,HIGH,current,yes,
CL01445,S0222,"{'v': 'ANSCER Robotics', 'date': '2026-05-20', 'conf': 1.0, 'src': 'YourStory'}",state,Karnataka,company-field,,,,,,HIGH,current,yes,
CL01446,S0222,"{'v': 'ANSCER Robotics', 'date': '2026-05-20', 'conf': 1.0, 'src': 'YourStory'}",primary_sector,industrial robotics / autonomous mobile robots,company-field,,,,,,HIGH,current,yes,
CL01447,S0222,"{'v': 'ANSCER Robotics', 'date': '2026-05-20', 'conf': 1.0, 'src': 'YourStory'}",startup_stage,Series A,company-field,,,2026-05-20,,,HIGH,current,yes,
CL01448,S0222,"{'v': 'ANSCER Robotics', 'date': '2026-05-20', 'conf': 1.0, 'src': 'YourStory'}",public_private,private,company-field,,,,,,HIGH,current,yes,
CL01449,S0222,"{'v': 'ANSCER Robotics', 'date': '2026-05-20', 'conf': 1.0, 'src': 'YourStory'}",founded_date,2020,company-field,,,,,,HIGH,current,yes,
CL01450,S0222,"{'v': 'ANSCER Robotics', 'date': '2026-05-20', 'conf': 1.0, 'src': 'YourStory'}",cin,U72200KA2020PTC135762,company-field,,,2020-07-10,,,HIGH,current,yes,
CL01451,S0222,"{'v': 'ANSCER Robotics', 'date': '2026-05-20', 'conf': 1.0, 'src': 'YourStory'}",incorporation_date,10 Jul 2020,company-field,,,,,,HIGH,current,yes,
CL01452,S0222,"{'v': 'ANSCER Robotics', 'date': '2026-05-20', 'conf': 1.0, 'src': 'YourStory'}",employees,UNKNOWN,company-field,,,,,,MEDIUM,current,yes,
CL01453,S0222,"{'v': 'ANSCER Robotics', 'date': '2026-05-20', 'conf': 1.0, 'src': 'YourStory'}",official_website,https://www.anscer.com/,company-field,,,,,SRC03007,HIGH,current,yes,W-wave verified 2026-09-15
CL01454,S0222,"{'v': 'ANSCER Robotics', 'date': '2026-05-20', 'conf': 1.0, 'src': 'YourStory'}",careers_website,https://career.anscer.com/jobs/Careers,company-field,,,,,SRC03008,HIGH,current,yes,First-party careers subdomain lists current openings.
CL01455,S0223,"{'v': 'Superleap AI', 'date': '2026-08-04', 'conf': 1.0, 'src': 'BW Disrupt'}",company_name,Superleap AI,company-field,,,2026-08-04,,,HIGH,current,yes,
CL01456,S0223,"{'v': 'Superleap AI', 'date': '2026-08-04', 'conf': 1.0, 'src': 'BW Disrupt'}",legal_name,Superlabs AI Private Limited,company-field,,,2026-08-04,,,HIGH,current,yes,
CL01457,S0223,"{'v': 'Superleap AI', 'date': '2026-08-04', 'conf': 1.0, 'src': 'BW Disrupt'}",city,Bengaluru,company-field,,,2026-08-04,,,HIGH,current,yes,
CL01458,S0223,"{'v': 'Superleap AI', 'date': '2026-08-04', 'conf': 1.0, 'src': 'BW Disrupt'}",state,Karnataka,company-field,,,,,,HIGH,current,yes,
CL01459,S0223,"{'v': 'Superleap AI', 'date': '2026-08-04', 'conf': 1.0, 'src': 'BW Disrupt'}",primary_sector,enterprise AI CRM,company-field,,,,,,HIGH,current,yes,
CL01460,S0223,"{'v': 'Superleap AI', 'date': '2026-08-04', 'conf': 1.0, 'src': 'BW Disrupt'}",startup_stage,pre-Series A / Seed,company-field,,,2026-08-04,,,HIGH,current,yes,
CL01461,S0223,"{'v': 'Superleap AI', 'date': '2026-08-04', 'conf': 1.0, 'src': 'BW Disrupt'}",public_private,private,company-field,,,,,,HIGH,current,yes,
CL01462,S0223,"{'v': 'Superleap AI', 'date': '2026-08-04', 'conf': 1.0, 'src': 'BW Disrupt'}",founded_date,2024,company-field,,,,,,HIGH,current,yes,
CL01463,S0223,"{'v': 'Superleap AI', 'date': '2026-08-04', 'conf': 1.0, 'src': 'BW Disrupt'}",cin,U62099KA2025PTC210463,company-field,,,2025,,,HIGH,current,yes,
CL01464,S0223,"{'v': 'Superleap AI', 'date': '2026-08-04', 'conf': 1.0, 'src': 'BW Disrupt'}",incorporation_date,2025,company-field,,,,,,MEDIUM,current,yes,
CL01465,S0223,"{'v': 'Superleap AI', 'date': '2026-08-04', 'conf': 1.0, 'src': 'BW Disrupt'}",employees,UNKNOWN,company-field,,,,,,MEDIUM,current,yes,
CL01466,S0223,"{'v': 'Superleap AI', 'date': '2026-08-04', 'conf': 1.0, 'src': 'BW Disrupt'}",official_website,https://superleap.com,company-field,,,,,SRC03013,HIGH,current,yes,verified live 2026-09-15: name match on own homepage
CL01467,S0223,"{'v': 'Superleap AI', 'date': '2026-08-04', 'conf': 1.0, 'src': 'BW Disrupt'}",careers_website,https://superleap.com/careers,company-field,,,,,SRC03013,HIGH,current,yes,playwright render 2026-09-15
CL01468,S0224,Fire AI (FireAI),official_website,https://www.fire.com,company-field,,,,,SRC03015,HIGH,current,yes,verified live 2026-09-15: name match on own homepage
CL01469,S0224,Fire AI (FireAI),careers_website,https://www.fire.com/about/careers/,company-field,,,,,SRC03015,HIGH,current,yes,"careers link found on official homepage, probed live"
CL01470,S0225,Matter,official_website,https://www.matter.com,company-field,,,,,SRC03017,HIGH,current,yes,verified live 2026-09-15: name match on own homepage
CL01471,S0225,Matter,careers_website,https://www.matter.com/careers,company-field,,,,,SRC03017,HIGH,current,yes,playwright render 2026-09-15
CL01472,S0226,Comet,official_website,https://www.comet.com,company-field,,,,,SRC03030,HIGH,current,yes,verified live 2026-09-15: name match on own homepage
CL01473,S0226,Comet,careers_website,https://www.comet.com/site/about-us/careers/,company-field,,,,,SRC03030,HIGH,current,yes,"careers link found on official homepage, probed live"
CL01474,S0226,Comet,legal_name,Grails Marketing Private Limited,company-field,,,2026-09-15,,SRC03018,HIGH,current,yes,Tracxn confirms legal entity name
CL01475,S0226,Comet,cin,U18109KA2022PTC165258,company-field,,,2026-09-15,,SRC03018,HIGH,current,yes,CIN from Tracxn; KA = Karnataka; 2022 incorporation
CL01476,S0226,Comet,incorporation_date,2022,company-field,,,2026-09-15,,SRC03018,MEDIUM,current,yes,CIN prefix U18109KA2022PTC165258 indicates 2022 incorporation; brand launched July 2023
CL01477,S0226,Comet,state,Karnataka,company-field,,,2026-09-15,,SRC03018,HIGH,current,yes,CIN prefix KA = Karnataka
CL01478,S0226,Comet,description,"Homegrown D2C sneaker brand founded in 2023 by Utkarsh Gupta and Dishant Daryani, offering India-inspired, design-first sneakers at ₹4,299/pair. Operates D2C-first via wearcomet.com with growing offli",company-field,,,2026-09-15,,SRC03025,HIGH,current,yes,Brand launched July 2023 with debut drop Mango
CL01479,S0226,Comet,employee_estimate,UNKNOWN,company-field,,,2026-09-15,,,LOW,current,yes,Employee expenses Rs 5.1 crore in FY25 suggest ~50-100 employees but no verified headcount
CL01480,S0226,Comet,hq_type,registered,company-field,,,2026-09-15,,SRC03018,HIGH,current,yes,"Registered office at Koramangala, Bengaluru"
CL01481,S0226,Comet,registered_office,"3rd Floor, No.616, 15th Main Rd, 4th Block, Koramangala, Bengaluru, Karnataka, India, 560034",company-field,,,2026-09-15,,SRC03018,HIGH,current,yes,From Tracxn company profile
CL01482,S0227,Balaji Wafers,city,Rajkot,company-field,,,,,,HIGH,current,yes,
CL01483,S0227,Balaji Wafers,state,Gujarat,company-field,,,,,,HIGH,current,yes,
CL01484,S0227,Balaji Wafers,official_website,https://www.balajiwafers.com,company-field,,,,,SRC03033,HIGH,current,yes,verified live 2026-09-15: name match on own homepage
CL01485,S0227,Balaji Wafers,careers_website,https://www.balajiwafers.com/pages/careers,company-field,,,,,SRC03033,HIGH,current,yes,"careers link found on official homepage, probed live"
CL01486,S0228,CleverTap,official_website,https://clevertap.com,company-field,,,,,SRC03043,HIGH,current,yes,verified live 2026-09-15: name match on own homepage
CL01487,S0228,CleverTap,careers_website,https://clevertap.com/careers/,company-field,,,,,SRC03043,HIGH,current,yes,"careers link found on official homepage, probed live"
CL01488,S0228,CleverTap,legal_name,"CleverTap Private Limited (DBA: CleverTap), parent WizRocket, Inc.",company-field,,,2026-09-15,,SRC03043,MEDIUM,current,yes,"From clevertap.com footer: Legal name - CleverTap Private Limited | DBA Name - CleverTap, brought to you by WizRocket, Inc."
CL01489,S0228,CleverTap,cin,UNKNOWN,company-field,,,,,,LOW,current,yes,Not verified from registry sources
CL01490,S0228,CleverTap,incorporation_date,2013,company-field,,,2026-09-15,,SRC03038,MEDIUM,current,yes,Founded 2013 per multiple sources
CL01491,S0228,CleverTap,state,Maharashtra,company-field,,,2026-09-15,,SRC03038,MEDIUM,current,yes,Mumbai is in Maharashtra
CL01492,S0228,CleverTap,description,"All-in-one AI-powered customer engagement and retention platform. Offers analytics, personalization, campaign orchestration, and CleverAI decisioning engine. Trusted by 2000+ brands.",company-field,,,2026-09-15,,SRC03035,HIGH,current,yes,From Gartner MQ 2026 PR and clevertap.com
CL01493,S0228,CleverTap,hq_type,San Francisco (considering reverse flip to Mumbai),company-field,,,2026-09-15,,SRC03041,MEDIUM,current,yes,Headquartered in San Francisco per PR Newswire; reverse flip to India announced Oct 2024
CL01494,S0228,CleverTap,registered_office,UNKNOWN,company-field,,,,,,LOW,current,yes,Not verified from registry sources
CL01495,S0229,"{'v': 'Drip Capital', 'conf': 1.0}",company_name,Drip Capital,company-field,,,,,,HIGH,current,yes,
CL01496,S0229,"{'v': 'Drip Capital', 'conf': 1.0}",legal_name,Drip Capital Services India LLP,company-field,,,,,,HIGH,current,yes,
CL01497,S0229,"{'v': 'Drip Capital', 'conf': 1.0}",city,Mumbai,company-field,,,,,,HIGH,current,yes,
CL01498,S0229,"{'v': 'Drip Capital', 'conf': 1.0}",state,Maharashtra,company-field,,,,,,HIGH,current,yes,
CL01499,S0229,"{'v': 'Drip Capital', 'conf': 1.0}",primary_sector,fintech/trade finance,company-field,,,,,,HIGH,current,yes,
CL01500,S0229,"{'v': 'Drip Capital', 'conf': 1.0}",startup_stage,Series C,company-field,,,,,,HIGH,current,yes,
CL01501,S0229,"{'v': 'Drip Capital', 'conf': 1.0}",public_private,Private,company-field,,,,,,HIGH,current,yes,
CL01502,S0229,"{'v': 'Drip Capital', 'conf': 1.0}",founded_date,2016,company-field,,,,,,HIGH,current,yes,
CL01503,S0229,"{'v': 'Drip Capital', 'conf': 1.0}",incorporation_date,2016-12-02,company-field,,,,,,HIGH,current,yes,
CL01504,S0229,"{'v': 'Drip Capital', 'conf': 1.0}",cin,AAH-9299,company-field,,,,,,HIGH,current,yes,
CL01505,S0229,"{'v': 'Drip Capital', 'conf': 1.0}",employee_count,432,company-field,,,,,,HIGH,current,yes,
CL01506,S0229,"{'v': 'Drip Capital', 'conf': 1.0}",website,https://www.dripcapital.com,company-field,,,,,,HIGH,current,yes,
CL01507,S0229,"{'v': 'Drip Capital', 'conf': 1.0}",description,Digital trade finance and B2B commerce platform providing working capital to SMBs engaged in cross-border trade,company-field,,,,,,HIGH,current,yes,
CL01508,S0229,"{'v': 'Drip Capital', 'conf': 1.0}",official_website,https://www.dripcapital.com,company-field,,,,,SRC03052,HIGH,current,yes,verified live 2026-09-15: name match on own homepage
CL01509,S0229,"{'v': 'Drip Capital', 'conf': 1.0}",careers_website,https://www.dripcapital.com/en-us/careers,company-field,,,,,SRC03052,HIGH,current,yes,playwright render 2026-09-15
CL01510,S0230,"{'v': 'Kissht (OnEMI)', 'conf': 1.0}",company_name,Kissht (OnEMI),company-field,,,,,,HIGH,current,yes,
CL01511,S0230,"{'v': 'Kissht (OnEMI)', 'conf': 1.0}",legal_name,OnEMI Technology Solutions Limited,company-field,,,,,,HIGH,current,yes,
CL01512,S0230,"{'v': 'Kissht (OnEMI)', 'conf': 1.0}",city,Mumbai,company-field,,,,,,HIGH,current,yes,
CL01513,S0230,"{'v': 'Kissht (OnEMI)', 'conf': 1.0}",state,Maharashtra,company-field,,,,,,HIGH,current,yes,
CL01514,S0230,"{'v': 'Kissht (OnEMI)', 'conf': 1.0}",primary_sector,fintech lending,company-field,,,,,,HIGH,current,yes,
CL01515,S0230,"{'v': 'Kissht (OnEMI)', 'conf': 1.0}",startup_stage,Public (IPO May 2026),company-field,,,,,,HIGH,current,yes,
CL01516,S0230,"{'v': 'Kissht (OnEMI)', 'conf': 1.0}",public_private,Public,company-field,,,,,,HIGH,current,yes,
CL01517,S0230,"{'v': 'Kissht (OnEMI)', 'conf': 1.0}",founded_date,2016,company-field,,,,,,HIGH,current,yes,
CL01518,S0230,"{'v': 'Kissht (OnEMI)', 'conf': 1.0}",incorporation_date,2016-06-17,company-field,,,,,,HIGH,current,yes,
CL01519,S0230,"{'v': 'Kissht (OnEMI)', 'conf': 1.0}",cin,U62099MH2016PTC...,company-field,,,,,,MEDIUM,current,yes,
CL01520,S0230,"{'v': 'Kissht (OnEMI)', 'conf': 1.0}",stock_symbol,KISSHT,company-field,,,,,,HIGH,current,yes,
CL01521,S0230,"{'v': 'Kissht (OnEMI)', 'conf': 1.0}",employee_count,331,company-field,,,,,,HIGH,current,yes,
CL01522,S0230,"{'v': 'Kissht (OnEMI)', 'conf': 1.0}",website,https://www.kissht.com,company-field,,,,,,HIGH,current,yes,
CL01523,S0230,"{'v': 'Kissht (OnEMI)', 'conf': 1.0}",description,"Digital lending platform providing personal loans, business loans, and loans against property",company-field,,,,,,HIGH,current,yes,
CL01524,S0230,"{'v': 'Kissht (OnEMI)', 'conf': 1.0}",official_website,https://www.kissht.com,company-field,,,,,SRC03060,HIGH,current,yes,verified live 2026-09-15: name match on own homepage
CL01525,S0230,"{'v': 'Kissht (OnEMI)', 'conf': 1.0}",careers_website,https://www.kissht.com/career,company-field,,,,,SRC03060,HIGH,current,yes,"careers link found on official homepage, probed live"
CL01526,S0231,"{'v': 'Lenskart', 'conf': 1.0}",company_name,Lenskart,company-field,,,,,,HIGH,current,yes,
CL01527,S0231,"{'v': 'Lenskart', 'conf': 1.0}",legal_name,Lenskart Solutions Limited,company-field,,,,,,HIGH,current,yes,
CL01528,S0231,"{'v': 'Lenskart', 'conf': 1.0}",city,Gurugram,company-field,,,,,,HIGH,current,yes,
CL01529,S0231,"{'v': 'Lenskart', 'conf': 1.0}",state,Haryana,company-field,,,,,,HIGH,current,yes,
CL01530,S0231,"{'v': 'Lenskart', 'conf': 1.0}",primary_sector,ecommerce/eyewear,company-field,,,,,,HIGH,current,yes,
CL01531,S0231,"{'v': 'Lenskart', 'conf': 1.0}",startup_stage,Public (IPO Nov 2025),company-field,,,,,,HIGH,current,yes,
CL01532,S0231,"{'v': 'Lenskart', 'conf': 1.0}",public_private,Public,company-field,,,,,,HIGH,current,yes,
CL01533,S0231,"{'v': 'Lenskart', 'conf': 1.0}",founded_date,2008,company-field,,,,,,HIGH,current,yes,
CL01534,S0231,"{'v': 'Lenskart', 'conf': 1.0}",incorporation_date,2008,company-field,,,,,,HIGH,current,yes,
CL01535,S0231,"{'v': 'Lenskart', 'conf': 1.0}",cin,L33100DL2008PLC178355,company-field,,,,,,HIGH,current,yes,
CL01536,S0231,"{'v': 'Lenskart', 'conf': 1.0}",employee_count,18984,company-field,,,,,,HIGH,current,yes,
CL01537,S0231,"{'v': 'Lenskart', 'conf': 1.0}",website,https://www.lenskart.com,company-field,,,,,,HIGH,current,yes,
CL01538,S0231,"{'v': 'Lenskart', 'conf': 1.0}",description,"Online eyewear retailer offering eyeglasses, sunglasses, and contact lenses through e-commerce platform and physical stores",company-field,,,,,,HIGH,current,yes,
CL01539,S0231,"{'v': 'Lenskart', 'conf': 1.0}",official_website,https://www.lenskart.com,company-field,,,,,,HIGH,current,yes,Verified via web search and hyperresearch; main eyewear e-commerce site; NSE listed (LENSKART)
CL01540,S0231,"{'v': 'Lenskart', 'conf': 1.0}",careers_website,https://www.lenskart.com/careers-at-lenskart,company-field,,,,,,MEDIUM,current,yes,Careers page confirmed via tinyfish search showing company-specific job listings
CL01541,S0232,"{'v': 'Neoble', 'conf': 1.0}",company_name,Neoble,company-field,,,,,,HIGH,current,yes,
CL01542,S0232,"{'v': 'Neoble', 'conf': 1.0}",legal_name,Indiwealth Technologies Private Limited,company-field,,,,,,HIGH,current,yes,
CL01543,S0232,"{'v': 'Neoble', 'conf': 1.0}",city,Mumbai,company-field,,,,,,HIGH,current,yes,
CL01544,S0232,"{'v': 'Neoble', 'conf': 1.0}",state,Maharashtra,company-field,,,,,,HIGH,current,yes,
CL01545,S0232,"{'v': 'Neoble', 'conf': 1.0}",primary_sector,fintech lending,company-field,,,,,,HIGH,current,yes,
CL01546,S0232,"{'v': 'Neoble', 'conf': 1.0}",startup_stage,Seed,company-field,,,,,,HIGH,current,yes,
CL01547,S0232,"{'v': 'Neoble', 'conf': 1.0}",public_private,Private,company-field,,,,,,HIGH,current,yes,
CL01548,S0232,"{'v': 'Neoble', 'conf': 1.0}",founded_date,2023,company-field,,,,,,HIGH,current,yes,
CL01549,S0232,"{'v': 'Neoble', 'conf': 1.0}",incorporation_date,2023-09-26,company-field,,,,,,HIGH,current,yes,
CL01550,S0232,"{'v': 'Neoble', 'conf': 1.0}",cin,U62099MH2023PTC411182,company-field,,,,,,HIGH,current,yes,
CL01551,S0232,"{'v': 'Neoble', 'conf': 1.0}",employee_count,9,company-field,,,,,,HIGH,current,yes,
CL01552,S0232,"{'v': 'Neoble', 'conf': 1.0}",website,https://www.neoble.in,company-field,,,,,,HIGH,current,yes,
CL01553,S0232,"{'v': 'Neoble', 'conf': 1.0}",description,Digital lending platform providing loans against financial securities such as mutual funds and equities,company-field,,,,,,HIGH,current,yes,
CL01554,S0232,"{'v': 'Neoble', 'conf': 1.0}",official_website,https://www.neoble.in,company-field,,,,,SRC03075,HIGH,current,yes,verified live 2026-09-15: name match on own homepage
CL01555,S0233,"{'v': 'QubeHealth Pay (QubeHealth)', 'conf': 1.0}",company_name,QubeHealth Pay (QubeHealth),company-field,,,,,,HIGH,current,yes,
CL01556,S0233,"{'v': 'QubeHealth Pay (QubeHealth)', 'conf': 1.0}",legal_name,QB Health Technologies Private Limited,company-field,,,,,,HIGH,current,yes,
CL01557,S0233,"{'v': 'QubeHealth Pay (QubeHealth)', 'conf': 1.0}",city,Mumbai,company-field,,,,,,HIGH,current,yes,
CL01558,S0233,"{'v': 'QubeHealth Pay (QubeHealth)', 'conf': 1.0}",state,Maharashtra,company-field,,,,,,HIGH,current,yes,
CL01559,S0233,"{'v': 'QubeHealth Pay (QubeHealth)', 'conf': 1.0}",primary_sector,healthtech payments,company-field,,,,,,HIGH,current,yes,
CL01560,S0233,"{'v': 'QubeHealth Pay (QubeHealth)', 'conf': 1.0}",startup_stage,Series A,company-field,,,,,,HIGH,current,yes,
CL01561,S0233,"{'v': 'QubeHealth Pay (QubeHealth)', 'conf': 1.0}",public_private,Private,company-field,,,,,,HIGH,current,yes,
CL01562,S0233,"{'v': 'QubeHealth Pay (QubeHealth)', 'conf': 1.0}",founded_date,2019,company-field,,,,,,HIGH,current,yes,
CL01563,S0233,"{'v': 'QubeHealth Pay (QubeHealth)', 'conf': 1.0}",incorporation_date,2019-11-05,company-field,,,,,,HIGH,current,yes,
CL01564,S0233,"{'v': 'QubeHealth Pay (QubeHealth)', 'conf': 1.0}",cin,U73100MH2019PTC332590,company-field,,,,,,HIGH,current,yes,
CL01565,S0233,"{'v': 'QubeHealth Pay (QubeHealth)', 'conf': 1.0}",employee_count,63,company-field,,,,,,HIGH,current,yes,
CL01566,S0233,"{'v': 'QubeHealth Pay (QubeHealth)', 'conf': 1.0}",website,https://www.qubehealth.com,company-field,,,,,,HIGH,current,yes,
CL01567,S0233,"{'v': 'QubeHealth Pay (QubeHealth)', 'conf': 1.0}",description,"Healthcare payments platform providing credit line for employees healthcare expenses, integrating payments infrastructure with healthcare financing",company-field,,,,,,HIGH,current,yes,
CL01568,S0233,"{'v': 'QubeHealth Pay (QubeHealth)', 'conf': 1.0}",official_website,https://www.qubehealth.com,company-field,,,,,SRC03083,HIGH,current,yes,verified live 2026-09-15: name match on own homepage
CL01569,S0233,"{'v': 'QubeHealth Pay (QubeHealth)', 'conf': 1.0}",careers_website,https://www.qubehealth.com/careers.html,company-field,,,,,SRC03083,HIGH,current,yes,"careers link found on official homepage, probed live"
CL01570,S0234,Qure.ai,official_website,https://www.qure.ai,company-field,,,,,SRC03086,HIGH,current,yes,verified live 2026-09-15: name match on own homepage
CL01571,S0234,Qure.ai,careers_website,https://www.qure.ai/events/qurecareer,company-field,,,,,SRC03086,HIGH,current,yes,"careers link found on official homepage, probed live"
CL01572,S0235,Greenwave Circularity,official_website,https://green-wave.in,company-field,,,,,,HIGH,current,yes,Verified via hyperresearch fetch; PET recycling company in Odisha
CL01573,S0235,Greenwave Circularity,careers_website,https://green-wave.in/careers,company-field,,,,,,HIGH,current,yes,Careers page verified via hyperresearch fetch rendering company content
CL01574,S0236,Shortgun Games,official_website,https://www.shortgun.in,company-field,,,,,SRC03096,HIGH,current,yes,verified live 2026-09-15: name match on own homepage
CL01575,S0236,Shortgun Games,careers_website,https://www.shortgun.in/careers,company-field,,,,,SRC03096,HIGH,current,yes,"careers link found on official homepage, probed live"
CL01576,S0237,Uolo,official_website,https://uolo.com,company-field,,,,,SRC03100,HIGH,current,yes,verified live 2026-09-15: name match on own homepage
CL01577,S0237,Uolo,careers_website,https://in.linkedin.com/company/uolo,company-field,,,,,SRC03100,HIGH,current,yes,playwright render 2026-09-15
CL01578,S0238,AgroStar,official_website,https://corporate.agrostar.in,company-field,,,,,SRC03105,HIGH,current,yes,verified live 2026-09-15: name match on own homepage
CL01579,S0238,AgroStar,careers_website,https://corporate.agrostar.in/life-at-agrostar,company-field,,,,,SRC03105,HIGH,current,yes,playwright render 2026-09-15
CL01580,S0238,AgroStar,legal_name,ULink AgriTech Private Limited,company-field,,,2026-09-15,,SRC03121,HIGH,current,yes,MCA-registered entity operating as AgroStar brand; CIN U51900PN2008PTC157070
CL01581,S0238,AgroStar,cin,U51900PN2008PTC157070,company-field,,,2026-09-15,,SRC03110,HIGH,current,yes,MCA CIN; registered at ROC Pune; formerly ULINK BIOENERGY PRIVATE LIMITED (U5190
CL01582,S0238,AgroStar,incorporation_date,2008-10-20,company-field,,,2026-09-15,,SRC03110,HIGH,current,yes,MCA incorporation date for ULink AgriTech Pvt Ltd; brand AgroStar launched 2013
CL01583,S0238,AgroStar,state,Maharashtra,company-field,,,2026-09-15,,SRC03111,HIGH,current,yes,"Registered office in Pune, Maharashtra; regional offices in Gujarat and Mumbai"
CL01584,S0238,AgroStar,description,"India's leading AgriTech company building a connected ecosystem empowering farmers through technology, data, and expert guidance. Provides agronomy advisory, 200+ agri-input products, omnichannel acce",company-field,,,2026-08-11,,SRC03105,HIGH,current,yes,Verified from own website 2026-08-11
CL01585,S0238,AgroStar,employee_estimate,1456,company-field,,,2025-08-01,,SRC03112,MEDIUM,current,yes,"Tracxn official employee count as of Aug 2025; LinkedIn shows 1,001-5,000; Pitch"
CL01586,S0238,AgroStar,hq_type,registered,company-field,,,2026-09-15,,SRC03111,HIGH,current,yes,"Head Office: ULink AgriTech Pvt. Ltd., Nyati Tech Park, Wadgaon Sheri, Pune"
CL01587,S0238,AgroStar,registered_office,"Office Nos. 001-004, Ground Floor, Nyati Tech Park, Wadgaon Sheri, Pune - 411014, Maharashtra",company-field,,,2026-09-15,,SRC03111,HIGH,current,yes,"Also: S.No.677,582,581B,583,2621,2634 Parol Bhiw Vasai Palghar Tilher Thane Maha"
CL01588,S0239,30 Sundays,official_website,https://30sundays.club,company-field,,,,,SRC03142,HIGH,current,yes,verified live 2026-09-15: name match on own homepage
CL01589,S0240,Intellend Technologies Advisors,official_website,https://intellendtech.com,company-field,,,,,SRC03147,HIGH,current,yes,verified live 2026-09-15: name match on own homepage
CL01590,S0240,Intellend Technologies Advisors,careers_website,https://intellendtech.com/careers.html,company-field,,,,,SRC03147,HIGH,current,yes,"careers link found on official homepage, probed live"
CL01591,S0241,Arya.ag (Arya),official_website,https://www.arya.ag,company-field,,,,,SRC03164,HIGH,current,yes,verified live 2026-09-15: name match on own homepage
CL01592,S0241,Arya.ag (Arya),careers_website,https://www.arya.ag/career,company-field,,,,,SRC03164,HIGH,current,yes,playwright render 2026-09-15
CL01593,S0241,Arya.ag (Arya),cin,U51102MH1982PTC028030,company-field,,,2026-09-15,,SRC03152,HIGH,current,yes,Arya Collateral Warehousing Services Pvt Ltd CIN; incorporat
CL01594,S0241,Arya.ag (Arya),incorporation_date,1982-08-18,company-field,,,2026-09-15,,SRC03152,HIGH,current,yes,Arya Collateral established 1982; Arya.ag platform acquired/
CL01595,S0241,Arya.ag (Arya),description,"India's largest and only profitable grain commerce platform; operates 12,000 agri-warehouses across 60% of Indian districts, aggregates $3B grain annually, facilitates $1.5B loans",company-field,,,2026-09-15,,SRC03155,HIGH,current,yes,Per IFC press release March 2026
CL01596,S0241,Arya.ag (Arya),employee_estimate,875,company-field,,,2026-05-31,,SRC03152,MEDIUM,current,yes,"Tracxn reports 875 as of May 31, 2026; TechCrunch says 1,200"
CL01597,S0241,Arya.ag (Arya),hq_type,operating,company-field,,,2026-09-15,,SRC03164,HIGH,current,yes,Noida operational HQ; registered office at Mumbai
CL01598,S0241,Arya.ag (Arya),registered_office,"C Wing Office No: 301, Kailas Business Park, Veer Savarkar Marg, Parksite, Kailash Industrial Estate, Mumbai City, Vikhroli West, Maharashtra, India, 400079",company-field,,,2026-09-15,,SRC03152,HIGH,current,yes,Tracxn registered address
CL01599,S0242,Hubilo,official_website,https://hubilo.com,company-field,,,,,,MEDIUM,current,yes,Virtual event platform; acquired by Brandlive Inc. on 2025-09-16
CL01600,S0243,ProFound,official_website,https://www.profound.com,company-field,,,,,SRC03178,HIGH,current,yes,verified live 2026-09-15: name match on own homepage
CL01601,S0244,Renee Cosmetics,official_website,https://www.reneecosmetics.in,company-field,,,,,SRC03181,HIGH,current,yes,verified live 2026-09-15: name match on own homepage
CL01602,S0244,Renee Cosmetics,careers_website,https://reneecosmetics.keka.com/careers/,company-field,,,,,SRC03181,HIGH,current,yes,playwright render 2026-09-15
CL01603,S0246,Vecton AI,official_website,https://www.vecton.ai,company-field,,,,,,HIGH,current,yes,Verified via hyperresearch fetch; AI solutions for BFSI; Bengaluru-based
CL01604,S0246,Vecton AI,legal_name,Stagemind AI Solutions Private Limited,company-field,,,2026-09-15,,SRC03185,HIGH,current,yes,MCA-registered legal entity; formerly Graphik AI per vecton.ai Terms of Use
CL01605,S0246,Vecton AI,cin,U62091KA2024PTC188145,company-field,,,2026-09-15,,SRC03185,HIGH,current,yes,MCA CIN; incorporated 03 May 2024
CL01606,S0246,Vecton AI,incorporation_date,2024-05-03,company-field,,,2026-09-15,,SRC03185,HIGH,current,yes,MCA registration date
CL01607,S0246,Vecton AI,state,Karnataka,company-field,,,2026-09-15,,SRC03185,HIGH,current,yes,MCA registered state
CL01608,S0246,Vecton AI,country,India,company-field,,,2026-09-15,,SRC03185,HIGH,current,yes,MCA registered country
CL01609,S0246,Vecton AI,business_model,Forward Deployed Engineer (FDE) model; AI transformation partner for BFSI,company-field,,,2026-09-15,,SRC03187,HIGH,current,yes,Embeds AI engineers in client teams; builds production-ready AI for banks/NBFCs/insurers
CL01610,S0246,Vecton AI,description,AI transformation partner for financial institutions building production-ready AI and autonomous agent systems,company-field,,,2026-09-15,,SRC03187,HIGH,current,yes,From company website; formerly Graphik AI
CL01611,S0246,Vecton AI,employee_estimate,10,company-field,,,2026-09-15,,SRC03194,MEDIUM,current,yes,Datanyze estimates ~10 employees; company claims 10 BFSI customers
CL01612,S0246,Vecton AI,hq_type,registered,company-field,,,2026-09-15,,SRC03185,HIGH,current,yes,Registered office also serves as HQ
CL01613,S0246,Vecton AI,registered_office,"428, 80FT Road, 6th Block, Koramangala, Bangalore, Karnataka, India, 560095",company-field,,,2026-09-15,,SRC03185,HIGH,current,yes,MCA registered office address
CL01614,S0247,Dialflo,official_website,https://dialflo.ai,company-field,,,,,,HIGH,current,yes,Verified via web search and hyperresearch; AI voice agent startup
CL01615,S0247,Dialflo,careers_website,https://dialflo.ai/careers,company-field,,,,,SRC03197,HIGH,current,yes,playwright render 2026-09-15
CL01616,S0248,Ammunic Systems,official_website,https://ammunicsystems.com,company-field,,,,,,HIGH,current,yes,Verified via hyperresearch fetch; defence R&D firm; Bengaluru-based
CL01617,S0248,Ammunic Systems,legal_name,AMMUNIC SYSTEMS PRIVATE LIMITED,company-field,,,2026-03-20,,SRC03202,HIGH,current,yes,MCA-registered legal entity name
CL01618,S0248,Ammunic Systems,cin,U62013KA2024PTC193387,company-field,,,2026-03-20,,SRC03202,HIGH,current,yes,MCA CIN; industry classification per MCA: providing Software Support And Maintenance To The Clients
CL01619,S0248,Ammunic Systems,incorporation_date,2024-09-26,company-field,,,2024-09-26,,SRC03202,HIGH,current,yes,MCA incorporation date; brand originally founded 2019 as Tech Wave Solutions per YourStory
CL01620,S0248,Ammunic Systems,state,Karnataka,company-field,,,2026-03-20,,SRC03202,HIGH,current,yes,MCA registered address in Karnataka
CL01621,S0248,Ammunic Systems,country,India,company-field,,,2026-07-09,,SRC03204,HIGH,current,yes,Company website and all sources confirm India
CL01622,S0248,Ammunic Systems,business_model,B2B defence R&D and manufacturing; products sold to Indian Armed Forces via tenders and direct procurement,company-field,,,2024-09-29,,SRC03203,MEDIUM,current,yes,Contracts secured through tenders and direct procurements after product demonstration to user agencies
CL01623,S0248,Ammunic Systems,description,"Defence R&D firm focused on design and development of weapon systems with core competence in advanced electronic fuzes, warheads and munition integration technologies. Products span land, aerial, and ",company-field,,,2026-07-09,,SRC03204,HIGH,current,yes,From company website and multiple press sources
CL01624,S0248,Ammunic Systems,employee_estimate,36,company-field,,,2026-07-09,,SRC03206,MEDIUM,current,yes,Tracxn official employee count; PitchBook shows 24; LinkedIn suggests ~24-30
CL01625,S0248,Ammunic Systems,hq_type,registered_office,company-field,,,2026-03-20,,SRC03202,HIGH,current,yes,MCA registered address in Bangalore South; operational office at JP Nagar
CL01626,S0248,Ammunic Systems,registered_office,"184, 17th Main, II Floor, B Sk II Stage, Bangalore, Bangalore South, Karnataka, India, 560070",company-field,,,2026-03-20,,SRC03202,HIGH,current,yes,MCA registered address
CL01627,S0251,Cellogen Therapeutics,official_website,https://www.cellogentherapeutics.com,company-field,,,,,SRC03216,HIGH,current,yes,verified live 2026-09-15: name match on own homepage
CL01628,S0251,Cellogen Therapeutics,careers_website,https://www.cellogentherapeutics.com/careers.php,company-field,,,,,SRC03216,HIGH,current,yes,playwright render 2026-09-15
CL01629,S0252,Morphing Machines,official_website,https://www.morphing.in,company-field,,,,,SRC03219,HIGH,current,yes,verified live 2026-09-15: name match on own homepage
CL01630,S0255,Niyo,official_website,https://www.niyo.com,company-field,,,,,SRC03255,HIGH,current,yes,verified live 2026-09-15: name match on own homepage
CL01631,S0255,Niyo,legal_name,Finnew Solutions Private Limited,company-field,,,2026-09-15,,SRC03230,HIGH,current,yes,"Primary operating entity; incorporated Nov 23, 2015"
CL01632,S0255,Niyo,cin,U74900KA2015PTC084275,company-field,,,2026-09-15,,SRC03231,HIGH,current,yes,Finnew Solutions Pvt Ltd CIN; also associated with Finnew Captech (U72900KA2020PTC135559) and Kanji Forex (U67190MH1998PTC115072)
CL01633,S0255,Niyo,incorporation_date,2015-11-23,company-field,,,2026-09-15,,SRC03231,HIGH,current,yes,Finnew Solutions Pvt Ltd incorporation date
CL01634,S0255,Niyo,state,Karnataka,company-field,,,2026-09-15,,SRC03231,HIGH,current,yes,
CL01635,S0255,Niyo,country,India,company-field,,,2026-09-15,,SRC03230,HIGH,current,yes,
CL01636,S0255,Niyo,description,"India's leading travel banking fintech offering zero forex markup international debit and credit cards, forex services, and cross-border payment solutions",company-field,,,2026-09-15,,SRC03230,HIGH,current,yes,
CL01637,S0255,Niyo,employee_estimate,427,company-field,,,2025-08-31,,SRC03231,MEDIUM,current,yes,"As of Aug 31, 2025; LinkedIn shows 633-636 (2026)"
CL01638,S0255,Niyo,hq_type,registered_office,company-field,,,2026-09-15,,SRC03231,HIGH,current,yes,"8th Floor, Unit G-801 to G-824, Gamma Block, Sigma Soft Tech Park, Ramagondanahalli Village, Varthur Hobli, Whitefield, Bangalore South, Kar"
CL01639,S0255,Niyo,registered_office,"8th Floor, Gamma Block, Sigma Soft Tech Park, Ramagondanahalli Village, Varthur Hobli, Whitefield, Bangalore South, Karnataka, India - 560066",company-field,,,2026-09-15,,SRC03231,HIGH,current,yes,
CL01640,S0256,SatSure,official_website,https://satsure.in,company-field,,,,,SRC03278,HIGH,current,yes,verified live 2026-09-15: name match on own homepage
CL01641,S0256,SatSure,legal_name,SatSure Analytics India Private Limited,company-field,,,2026-09-15,,SRC03264,HIGH,current,yes,Verified via ZaubaCorp/Tofler/InstaFinancials registry aggregators
CL01642,S0256,SatSure,cin,U74999KA2017PTC165641,company-field,,,2026-09-15,,SRC03264,HIGH,current,yes,"CIN confirmed across multiple registry aggregators (ZaubaCorp, Tofler, InstaFina"
CL01643,S0256,SatSure,incorporation_date,2017-09-22,company-field,,,2026-09-15,,SRC03264,HIGH,current,yes,"Incorporated 22 Sep 2017 per ZaubaCorp; Tracxn says Sep 21, 2017 — minor discrep"
CL01644,S0256,SatSure,state,Karnataka,company-field,,,2026-09-15,,SRC03264,HIGH,current,yes,Registered at ROC Bangalore
CL01645,S0256,SatSure,country,India,company-field,,,2026-09-15,,SRC03261,HIGH,current,yes,HQ in India with global operations
CL01646,S0256,SatSure,description,"SatSure is a DeepTech Decision Intelligence company leveraging satellite imagery, AI, and big data analytics to provide insights for agriculture, banking, insurance, infrastructure, aviation, and fore",company-field,,,2026-09-15,,SRC03261,HIGH,current,yes,From official website and PR Newswire Series A announcement
CL01647,S0256,SatSure,employee_estimate,200-300,company-field,,,2026-09-15,,SRC03265,MEDIUM,current,yes,Estimate based on Tracxn profile and funding scale; not from official source
CL01648,S0256,SatSure,hq_type,HQ,company-field,,,2026-09-15,,SRC03261,HIGH,current,yes,Bengaluru is HQ; global offices including US (via Regrid acquisition)
CL01649,S0256,SatSure,registered_office,"202, 2nd Floor, Bengaluru, Karnataka",company-field,,,2026-09-15,,SRC03275,MEDIUM,current,yes,"Tofler indicates registered address at 202, 2nd Floor; full address not verified"
CL01650,S0258,VerSe Innovation,official_website,http://verse.in,company-field,,,,,,HIGH,current,yes,Verified via hyperresearch fetch; India's first tech unicorn
CL01651,S0258,VerSe Innovation,careers_website,https://jobs.careerswith-us.com/verse,company-field,,,,,SRC03306,HIGH,current,yes,playwright render 2026-09-15
CL01652,S0259,Wow! Momo,official_website,https://www.wowmomo.com,company-field,,,,,SRC03310,HIGH,current,yes,verified live 2026-09-15: name match on own homepage
CL01653,S0260,ARC,official_website,https://indianstartupnews.com,company-field,,,,,SRC02584,HIGH,current,yes,verified live 2026-09-15: name match on own homepage
CL01654,S0261,InstaAstro,official_website,https://instaastro.com,company-field,,,,,SRC03315,HIGH,current,yes,verified live 2026-09-15: name match on own homepage
CL01655,S0261,InstaAstro,careers_website,https://instaastro.com/shop/career,company-field,,,,,SRC03315,HIGH,current,yes,"careers link found on official homepage, probed live"
CL01656,S0262,Iztri,official_website,https://iztri.com,company-field,,,,,SRC03318,HIGH,current,yes,verified live 2026-09-15: name match on own homepage
CL01657,S0263,Qila Games,official_website,https://mobidictum.com,company-field,,,,,SRC03321,HIGH,current,yes,verified live 2026-09-15: name match on own homepage
CL01658,S0263,Qila Games,careers_website,https://jobs.mobidictum.com/,company-field,,,,,SRC03321,HIGH,current,yes,"careers link found on official homepage, probed live"
CL01659,S0264,Sasta Sundar,official_website,https://sastasundar.com,company-field,,,,,SRC03325,HIGH,current,yes,verified live 2026-09-15: name match on own homepage
CL01660,S0265,Astrotalk,official_website,https://astrotalk.com,company-field,,,,,SRC03328,HIGH,current,yes,verified live 2026-09-15: name match on own homepage
CL01661,S0266,CarDekho (GirnarSoft),official_website,https://www.cardekho.com,company-field,,,,,SRC03332,HIGH,current,yes,verified live 2026-09-15: name match on own homepage
CL01662,S0266,CarDekho (GirnarSoft),careers_website,https://careers.cardekho.com,company-field,,,,,SRC03332,HIGH,current,yes,"careers link found on official homepage, probed live"
CL01663,S0267,SagarDefence Engineering,official_website,https://www.sagardefence.com,company-field,,,,,,HIGH,current,yes,Verified via hyperresearch fetch; unmanned marine surface vehicle company
CL01664,S0267,SagarDefence Engineering,careers_website,https://www.sagardefence.com/careers,company-field,,,,,,HIGH,current,yes,Careers page verified via hyperresearch fetch rendering company content
CL01665,S0268,InRisk Labs (EarthRe),official_website,https://inrisk.com,company-field,,,,,SRC03338,HIGH,current,yes,verified live 2026-09-15: name match on own homepage
CL01666,S0269,Videonetics,official_website,https://www.videonetics.com,company-field,,,,,SRC03342,HIGH,current,yes,verified live 2026-09-15: name match on own homepage
CL01667,S0269,Videonetics,careers_website,https://www.videonetics.com/careers,company-field,,,,,SRC03342,HIGH,current,yes,"careers link found on official homepage, probed live"
CL01668,S0270,Drivn (DRIVN),official_website,https://www.drivn.co.in,company-field,,,,,,HIGH,current,yes,Verified via hyperresearch fetch; EV commercial vehicle leasing
CL01669,S0271,Turtlemint,official_website,https://www.turtlemint.com,company-field,,,,,SRC03347,HIGH,current,yes,verified live 2026-09-15: name match on own homepage
CL01670,S0271,Turtlemint,careers_website,https://www.turtlemint.com/careers/,company-field,,,,,SRC03347,HIGH,current,yes,"careers link found on official homepage, probed live"
CL01671,S0272,ValuEnable,official_website,https://www.valuenable.in,company-field,,,,,SRC03352,HIGH,current,yes,verified live 2026-09-15: name match on own homepage
CL01672,S0272,ValuEnable,careers_website,https://www.valuenable.in/careers,company-field,,,,,SRC03352,HIGH,current,yes,"careers link found on official homepage, probed live"
CL01673,S0273,Wellbeing Nutrition,official_website,https://wellbeingnutrition.com,company-field,,,,,SRC03356,HIGH,current,yes,verified live 2026-09-15: name match on own homepage
CL01674,S0273,Wellbeing Nutrition,careers_website,https://wellbeingnutrition.com/collections/bone-and-joint-health,company-field,,,,,SRC03356,HIGH,current,yes,playwright render 2026-09-15
CL01675,S0274,Alt Carbon,official_website,https://altcarbon.com,company-field,,,,,SRC03360,HIGH,current,yes,verified live 2026-09-15: name match on own homepage
CL01676,S0275,Alphadroid,official_website,https://www.alphadroid.io,company-field,,,,,SRC03363,HIGH,current,yes,verified live 2026-09-15: name match on own homepage
CL01677,S0276,Minfy Technologies,official_website,https://www.minfytech.com,company-field,,,,,,HIGH,current,yes,Verified via hyperresearch fetch; applied technology company
CL01678,S0276,Minfy Technologies,careers_website,https://www.minfytech.com/careers,company-field,,,,,,MEDIUM,current,yes,Careers page confirmed via tinyfish search showing company-specific job listings
CL01679,S0277,Celebal Technologies,official_website,https://celebaltech.com,company-field,,,,,SRC03368,HIGH,current,yes,verified live 2026-09-15: name match on own homepage
CL01680,S0277,Celebal Technologies,careers_website,https://celebaltech.com/careers,company-field,,,,,SRC03368,HIGH,current,yes,"careers link found on official homepage, probed live"
CL01681,S0278,Tonbo Imaging,official_website,https://tonboimaging.com,company-field,,,,,SRC03400,HIGH,current,yes,verified live 2026-09-15: name match on own homepage
CL01682,S0278,Tonbo Imaging,careers_website,https://tonboimaging.com/main/careers/india/,company-field,,,,,SRC03400,HIGH,current,yes,"careers link found on official homepage, probed live"
CL01683,S0278,Tonbo Imaging,legal_name,Tonbo Imaging India Limited,company-field,,,,,SRC03372,HIGH,current,yes,
CL01684,S0278,Tonbo Imaging,cin,U74140KA2003PLC033043,company-field,,,,,SRC03373,HIGH,current,yes,
CL01685,S0278,Tonbo Imaging,incorporation_date,1999-12-18,company-field,,,,,SRC03401,HIGH,current,yes,
CL01686,S0278,Tonbo Imaging,state,Karnataka,company-field,,,,,SRC03372,HIGH,current,yes,
CL01687,S0278,Tonbo Imaging,country,India,company-field,,,,,SRC03372,HIGH,current,yes,
CL01688,S0278,Tonbo Imaging,business_model,"Defence electronics OEM — designs, develops, manufactures EO/IR sensing, processing, communication and guidance systems for surveillance, reconnaissance, targeting, and control",company-field,,,,,SRC03387,HIGH,current,yes,
CL01689,S0278,Tonbo Imaging,description,"India's leading exporter of thermal imaging systems (FY25). Designs/manufactures EO/IR sensing systems including thermal imaging cores, weapon sights, missile seekers, fire control systems.",company-field,,,,,SRC03374,HIGH,current,yes,
CL01690,S0278,Tonbo Imaging,employee_estimate,342,company-field,,,,,SRC03381,MEDIUM,current,yes,"Tracxn official employee count; MCA shows 308 as of Aug 2025, EMIS shows 352 as of 2025"
CL01691,S0278,Tonbo Imaging,hq_type,registered_office + corporate_office,company-field,,,,,SRC03372,HIGH,current,yes,
CL01692,S0278,Tonbo Imaging,registered_office,"No.3 Chikkayellappa Tower-II, 1st C Main, Sarjapur Main Road, Jakkasandra Extension, Chikkayellappa Industrial Layout, Bengaluru 560 034, Karnataka",company-field,,,,,SRC03372,HIGH,current,yes,
CL01693,S0279,DigitalPaani,official_website,https://www.digitalpaani.com,company-field,,,,,SRC03404,HIGH,current,yes,verified live 2026-09-15: name match on own homepage
CL01694,S0280,Yuma Energy,official_website,https://yuma.energy,company-field,,,,,,HIGH,current,yes,Verified via hyperresearch fetch; India's leading battery-as-a-service company
CL01695,S0280,Yuma Energy,careers_website,https://yuma.energy/careers,company-field,,,,,,HIGH,current,yes,Careers page verified via hyperresearch fetch rendering company content
CL01696,S0280,Yuma Energy,legal_name,Magna Yuma Private Limited,company-field,,,2026-07-17,,SRC02014,HIGH,current,yes,MCA-registered JV entity; CIN U74996KA2022PTC158091
CL01697,S0280,Yuma Energy,cin,U74996KA2022PTC158091,company-field,,,,,SRC02014,HIGH,current,yes,MCA CIN for Magna Yuma Private Limited
CL01698,S0280,Yuma Energy,incorporation_date,2022,company-field,,,,,SRC02014,MEDIUM,current,yes,CIN prefix U74996KA2022PTC158091 indicates 2022 incorporation; Tracxn lists Yuma Energy brand founded 2023
CL01699,S0280,Yuma Energy,state,Karnataka,company-field,,,,,SRC02014,HIGH,current,yes,"ROC Bangalore; registered at Bellandur, Bengaluru"
CL01700,S0280,Yuma Energy,country,India,company-field,,,,,SRC03407,HIGH,current,yes,India's largest BaaS company per own website
CL01701,S0280,Yuma Energy,business_model,Battery-as-a-Service (BaaS) — battery swapping network for 2W and 3W EVs,company-field,,,,,SRC03407,HIGH,current,yes,"Swappable batteries, charging units, AI-driven tech stack; franchise-led ops"
CL01702,S0280,Yuma Energy,description,"Yuma Energy is a Magna-Yulu joint venture and one of India's largest Battery-as-a-Service companies, operating a dense battery-swapping ecosystem for electric two- and three-wheelers. The network span",company-field,,,,,SRC03407,HIGH,current,yes,From company website and Hindu BusinessLine
CL01703,S0280,Yuma Energy,employee_estimate,1405,company-field,,,,,SRC02014,MEDIUM,current,yes,"YULU BIKES PRIVATE LIMITED (parent) had 1,405 employees as of Apr 1 2026; Yuma Energy headcount not separately disclosed"
CL01704,S0280,Yuma Energy,hq_type,registered,company-field,,,,,SRC02014,HIGH,current,yes,"Registered at Exora Business Park/Prestige Tech Park II, Bellandur, Bengaluru"
CL01705,S0280,Yuma Energy,registered_office,"Exora Business Park/Prestige Tech Park II, 2nd Floor, Wing A, Bellandur Khane Village, Outer Ring Road, Bengaluru - 560103, Karnataka",company-field,,,,,SRC02014,HIGH,current,yes,Same registered address as parent YULU BIKES PRIVATE LIMITED
CL01706,S0281,Solinas Integrity,official_website,https://solinas.in,company-field,,,,,SRC03411,HIGH,current,yes,verified live 2026-09-15: name match on own homepage
CL01707,S0281,Solinas Integrity,careers_website,https://solinas.in/careers/,company-field,,,,,SRC03411,HIGH,current,yes,"careers link found on official homepage, probed live"
CL01708,S0283,IndiQube,official_website,https://indiqube.com,company-field,,,,,SRC03434,HIGH,current,yes,verified live 2026-09-15: name match on own homepage
CL01709,S0283,IndiQube,careers_website,https://indiqube.com/careers/,company-field,,,,,SRC03434,HIGH,current,yes,playwright render 2026-09-15
CL01710,S0283,IndiQube,legal_name,IndiQube Spaces Limited,company-field,,,2024-11-08,,SRC03419,HIGH,current,yes,"Formerly Innovent Spaces Private Limited; name changed Nov 8, 2024 per MCA certificate"
CL01711,S0283,IndiQube,cin,L45400KA2015PLC133523,company-field,,,,,SRC03419,HIGH,current,yes,MCA21 registry; ROC Bangalore
CL01712,S0283,IndiQube,incorporation_date,2015-01-14,company-field,,,,,SRC03419,HIGH,current,yes,MCA21 incorporation date
CL01713,S0283,IndiQube,state,Karnataka,company-field,,,,,SRC03434,HIGH,current,yes,
CL01714,S0283,IndiQube,country,India,company-field,,,,,SRC03434,HIGH,current,yes,
CL01715,S0283,IndiQube,business_model,Managed office and coworking space provider; enterprise-first flexible workspace platform,company-field,,,,,SRC03434,HIGH,current,yes,"Straight lease model; designs, builds, manages workspaces"
CL01716,S0283,IndiQube,description,"India's integrated managed spaces platform providing technology-enabled flexible workspace solutions for enterprises, GCCs, startups and solopreneurs across 17+ cities",company-field,,,,,SRC03421,HIGH,current,yes,From FY26 Annual Report
CL01717,S0283,IndiQube,employee_estimate,959,company-field,,,2026-05-01,,SRC03419,HIGH,current,yes,"As of May 1, 2026 per MCA/Tracxn"
CL01718,S0283,IndiQube,hq_type,registered + HQ,company-field,,,,,SRC03434,HIGH,current,yes,"Corporate office at Plot #53, Careernet Campus"
CL01719,S0283,IndiQube,registered_office,"Plot #53, Careernet Campus, Kariyammanna Agrahara Road, Devarabisanahalli, Outer Ring Road, Bellandur, Bangalore, Karnataka 560103",company-field,,,,,SRC03419,HIGH,current,yes,MCA21 registered address
CL01720,S0284,Smartworks,official_website,https://www.smartworksoffice.com,company-field,,,,,SRC03443,HIGH,current,yes,verified live 2026-09-15: name match on own homepage
CL01721,S0284,Smartworks,careers_website,https://www.smartworksoffice.com/careers/,company-field,,,,,SRC03443,HIGH,current,yes,playwright render 2026-09-15
CL01722,S0285,Amnex Infotechnologies (Amnex),official_website,https://amnex.com,company-field,,,,,SRC03449,HIGH,current,yes,verified live 2026-09-15: name match on own homepage
CL01723,S0285,Amnex Infotechnologies (Amnex),careers_website,https://amnex.com/career/,company-field,,,,,SRC03449,HIGH,current,yes,"careers link found on official homepage, probed live"
CL01724,S0286,MakeMyTrip,official_website,https://www.makemytrip.com,company-field,,,,,,HIGH,current,yes,Verified via web search and tinyfish; India's leading online travel company
CL01725,S0286,MakeMyTrip,careers_website,https://careers.makemytrip.com,company-field,,,,,,MEDIUM,current,yes,Careers page URL confirmed via web search; hyperresearch fetch returned junk content
CL01726,S0287,Spinny,official_website,https://www.spinny.com,company-field,,,,,SRC03460,HIGH,current,yes,verified live 2026-09-15: name match on own homepage
CL01727,S0287,Spinny,careers_website,https://www.spinny.com/careers/?referrer=/,company-field,,,,,SRC03460,HIGH,current,yes,playwright render 2026-09-15
CL01728,S0288,Traqo,official_website,https://traqo.ai,company-field,,,,,SRC03466,HIGH,current,yes,verified live 2026-09-15: name match on own homepage
CL01729,S0288,Traqo,careers_website,https://traqo.ai/careers,company-field,,,,,SRC03466,HIGH,current,yes,"careers link found on official homepage, probed live"
CL01730,S0289,Trevel,official_website,https://www.trevel.com,company-field,,,,,SRC03471,HIGH,current,yes,verified live 2026-09-15: name match on own homepage
CL01731,S0290,Runable,official_website,https://runable.com,company-field,,,,,SRC03485,HIGH,current,yes,verified live 2026-09-15: name match on own homepage
CL01732,S0290,Runable,careers_website,https://runable.com/careers,company-field,,,,,SRC03485,HIGH,current,yes,playwright render 2026-09-15
CL01733,S0290,Runable,cin,U62091KA2025PTC202345,company-field,,,2026-07-13,,SRC03477,HIGH,current,yes,MCA CIN; NIC code 62 (Computer Programming)
CL01734,S0290,Runable,incorporation_date,2025-05-05,company-field,,,2025-05-05,,SRC03478,HIGH,current,yes,MCA incorporation date; schema.org says 2025-04-22
CL01735,S0290,Runable,status,Active,company-field,,,2026-07-13,,SRC03477,HIGH,current,yes,MCA register shows Active; no defunct/insolvency signals
CL01736,S0290,Runable,state,Karnataka,company-field,,,2026-07-13,,SRC03477,HIGH,current,yes,ROC Bangalore; registered address Karnataka
CL01737,S0290,Runable,country,India,company-field,,,2026-08-26,,SRC03472,HIGH,current,yes,Indian startup; also has US users/markets
CL01738,S0290,Runable,business_model,SaaS subscription for AI agent platform; freemium with paid tiers,company-field,,,2026-08-26,,SRC03472,MEDIUM,current,yes,ARR-based; negative gross margins due to AI inference subsidies
CL01739,S0290,Runable,description,"Runable is an AI agent platform that helps small businesses build, run, and grow. It builds websites, apps, presentations, and marketing content from natural language prompts, then handles customer ac",company-field,,,2026-08-26,,SRC03472,HIGH,current,yes,Verified from TechCrunch exclusive interview with CEO
CL01740,S0290,Runable,employee_estimate,15,company-field,,,2026-08-26,,SRC03472,MEDIUM,current,yes,15-person team as of Aug 2026; PitchBook says 31 total employees
CL01741,S0290,Runable,hq_type,registered_office,company-field,,,2026-07-13,,SRC03477,HIGH,current,yes,Registered office doubles as HQ in Bengaluru
CL01742,S0290,Runable,registered_office,"No 17 Bommanahalli, Rajeev Gandhi Nagar, Begur, Bangalore South, Bangalore, Karnataka, 560068, India",company-field,,,2026-07-13,,SRC03477,HIGH,current,yes,MCA registered address; also shared with Acumen Machines LLP and Frontier Machines LLP
CL01743,S0291,GreenLine,official_website,https://greenline.in,company-field,,,,,SRC03492,HIGH,current,yes,verified live 2026-09-15: name match on own homepage
CL01744,S0291,GreenLine,careers_website,https://greenline.in/career,company-field,,,,,SRC03492,HIGH,current,yes,"careers link found on official homepage, probed live"
CL01745,S0292,IDfy,official_website,https://www.idfy.com,company-field,,,,,SRC03499,HIGH,current,yes,verified live 2026-09-15: name match on own homepage
CL01746,S0292,IDfy,careers_website,https://www.idfy.com/careers/,company-field,,,,,SRC03499,HIGH,current,yes,playwright render 2026-09-15
CL01747,S0293,QWEEN,official_website,https://www.qween.com,company-field,,,,,SRC03506,HIGH,current,yes,verified live 2026-09-15: name match on own homepage
CL01748,S0294,The Whole Truth,official_website,https://thewholetruthfoods.com,company-field,,,,,,HIGH,current,yes,Verified via hyperresearch fetch; clean-label food brand
CL01749,S0294,The Whole Truth,careers_website,https://thewholetruthfoods.com/pages/careers,company-field,,,,,SRC03508,HIGH,current,yes,playwright render 2026-09-15
CL01750,S0295,WinZO,official_website,https://www.winzogames.com,company-field,,,,,,HIGH,current,yes,Verified via hyperresearch fetch; India's leading gaming platform
CL01751,S0296,Nestasia,official_website,https://nestasia.in,company-field,,,,,,HIGH,current,yes,Verified via web search and tinyfish; home decor and lifestyle brand
CL01752,S0296,Nestasia,careers_website,https://nestasia.in/pages/careers,company-field,,,,,,MEDIUM,current,yes,Careers page confirmed via tinyfish search showing company-specific careers content
CL01753,S0296,Nestasia,legal_name,New Leaf Retail Technologies Private Limited,company-field,,,2026-09-15,,SRC03515,HIGH,current,yes,MCA-registered legal entity operating Nestasia brand
CL01754,S0296,Nestasia,cin,U52399WB2020PTC239927,company-field,,,2026-09-15,,SRC03515,HIGH,current,yes,MCA CIN from Tofler registry page
CL01755,S0296,Nestasia,incorporation_date,2020-09-21,company-field,,,2026-09-15,,SRC03515,HIGH,current,yes,MCA incorporation date per Tofler; brand founded 2019 per press
CL01756,S0296,Nestasia,country,India,company-field,,,2026-09-15,,SRC03515,HIGH,current,yes,India
CL01757,S0296,Nestasia,description,"Design-driven home decor and lifestyle brand offering curated products across ceramicware, glassware, soft furnishings, bath essentials, planters, faux florals, kitchenware, drinkware, cookware, appli",company-field,,,2026-06-17,,SRC03518,MEDIUM,current,yes,Product catalog per Indian Retailer interview; 8500+ SKUs in 8 categories
CL01758,S0296,Nestasia,employee_estimate,194,company-field,,,2026-05-01,,SRC03516,MEDIUM,current,yes,170 as of Aug 2025 per Tracxn; 194 as of May 2026 per Tracxn legal entity page
CL01759,S0296,Nestasia,hq_type,registered_office,company-field,,,2026-09-15,,SRC03515,HIGH,current,yes,"HQ co-located with registered office at 8 Sarat Banerjee Road, Kolkata"
CL01760,S0296,Nestasia,registered_office,"8 Sarat Banerjee Road, 3rd Floor, Meera Building, Kolkata - 700029",company-field,,,2026-09-15,,SRC03515,HIGH,current,yes,MCA registered address per Tofler
CL01761,S0297,Zettaone,official_website,https://www.zettaone.com,company-field,,,,,SRC03528,HIGH,current,yes,verified live 2026-09-15: name match on own homepage
CL01762,S0297,Zettaone,careers_website,https://www.zettaone.com/career,company-field,,,,,SRC03528,HIGH,current,yes,"careers link found on official homepage, probed live"
CL01763,S0298,Landeed,official_website,https://www.landeed.com,company-field,,,,,SRC03532,HIGH,current,yes,verified live 2026-09-15: name match on own homepage
CL01764,S0298,Landeed,careers_website,https://www.landeed.com/careers,company-field,,,,,SRC03532,HIGH,current,yes,"careers link found on official homepage, probed live"
CL01765,S0299,Milky Mist,official_website,https://www.milkymist.com,company-field,,,,,SRC03537,HIGH,current,yes,verified live 2026-09-15: name match on own homepage
CL01766,S0300,QuickShift,official_website,https://www.quickshift.in,company-field,,,,,SRC03540,HIGH,current,yes,verified live 2026-09-15: name match on own homepage
CL01767,S0301,Atlan,official_website,https://atlan.com,company-field,,,,,SRC03544,HIGH,current,yes,verified live 2026-09-15: name match on own homepage
CL01768,S0301,Atlan,careers_website,https://atlan.com/careers/,company-field,,,,,SRC03544,HIGH,current,yes,"careers link found on official homepage, probed live"
CL01769,S0302,CHOSEN (skin/hair),official_website,https://chosenfoods.com,company-field,,,,,SRC03547,HIGH,current,yes,verified live 2026-09-15: name match on own homepage
CL01770,S0303,Big Mishra,official_website,https://bigmishra.com/,company-field,,,,,SRC03550,HIGH,current,yes,Fetched successfully; page identifies Big Mishra Dharwad Pedha.
CL01771,S0304,Centricity,official_website,https://centricity.com,company-field,,,,,SRC03556,HIGH,current,yes,verified live 2026-09-15: name match on own homepage
CL01772,S0304,Centricity,careers_website,https://centricity.com/job-openings/,company-field,,,,,SRC03556,HIGH,current,yes,"careers link found on official homepage, probed live"
CL01773,S0305,Graph AI,legal_name,Graph AI,company-field,,,,,SRC03557,HIGH,current,yes,US-registered parent; no separate Indian legal entity name for the startup itself
CL01774,S0305,Graph AI,cin,U62099TS2024FTC190149,company-field,,,,,SRC03561,HIGH,current,yes,"GRAPH AI SERVICES INDIA PRIVATE LIMITED — Indian subsidiary, classified as 'subsidiary of company incorporated outside India'"
CL01775,S0305,Graph AI,incorporation_date,2024-10-14,company-field,,,,,SRC03562,HIGH,current,yes,Indian subsidiary incorporation date
CL01776,S0305,Graph AI,status,Active,company-field,,,,,SRC03557,HIGH,current,yes,"Company raised $13.3M Series A on Sep 10, 2026; no shutdown/pivot evidence found. Status is evidence-based: ACTIVE."
CL01777,S0305,Graph AI,state,California,company-field,,,,,SRC03557,HIGH,current,yes,
CL01778,S0305,Graph AI,country,United States,company-field,,,,,SRC03557,HIGH,current,yes,
CL01779,S0305,Graph AI,description,"AI-native pharmacovigilance platform (Graph Safety) automating adverse drug event monitoring, case processing, signal detection, and regulatory reporting for pharma/biotech companies.",company-field,,,,,SRC03557,HIGH,current,yes,
CL01780,S0305,Graph AI,employee_estimate,18,company-field,,,2025-10,,SRC03559,MEDIUM,current,yes,18 employees as of Oct 2025 seed round; engineering team in Hyderabad
CL01781,S0305,Graph AI,hq_type,US HQ with India engineering subsidiary,company-field,,,,,SRC03557,HIGH,current,yes,
CL01782,S0305,Graph AI,registered_office,"Rajapushpa Business Centre, Stoneridge Centre, Kondapur, Serilingampally, Telangana 500084",company-field,,,,,SRC03562,HIGH,current,yes,
CL01783,S0305,Graph AI,official_website,graphsafety.ai,company-field,,,,,SRC03557,HIGH,current,yes,
CL01784,S0306,GROWiT India,official_website,https://thegrowit.com/,company-field,,,,,SRC03566,HIGH,current,yes,Fetched successfully; page title is GROWiT Solutions and search results associate the domain with GROWiT India.
CL01785,S0307,Mindgrove Technologies,official_website,https://www.mindgrovetech.in/,company-field,,,,,SRC03570,HIGH,current,yes,Fetched successfully; page title identifies Mindgrove as an India-designed SoC company.
CL01786,S0307,Mindgrove Technologies,legal_name,Mindgrove Technologies Pvt Ltd,company-field,,,2024-12-22,,SRC03567,MEDIUM,current,yes,"Inferred from 'Pvt Ltd' pattern; not directly verified from MCA. Bar and Bench references cross-border transaction involving India, Singapor"
CL01787,S0307,Mindgrove Technologies,cin,UNKNOWN,company-field,,,,,,LOW,current,yes,CIN not found in any fetched source. MCA registry search not performed.
CL01788,S0307,Mindgrove Technologies,incorporation_date,2021,company-field,,,2023-02-24,,SRC03569,MEDIUM,current,yes,"Founded in 2021 per IndianWeb2, TOI, Business Standard. IndianStartupNews says 2022 — conflict noted."
CL01789,S0307,Mindgrove Technologies,status,Active,company-field,,,2026-06-29,,SRC03570,HIGH,current,yes,Company website operational; MoU signed June 2026 with Prama India confirms active operations.
CL01790,S0307,Mindgrove Technologies,state,Tamil Nadu,company-field,,,2024-12-22,,SRC03567,HIGH,current,yes,Chennai is in Tamil Nadu.
CL01791,S0307,Mindgrove Technologies,country,India,company-field,,,2026-09-15,,SRC03570,HIGH,current,yes,"India-designed SoCs; company based in Chennai, India."
CL01792,S0307,Mindgrove Technologies,description,"Mindgrove Technologies is a fabless semiconductor design startup building high-performance System-on-Chips (SoCs) in India. Products include Secure IoT (28nm microcontroller SoC), Vision SoC (edge com",company-field,,,2026-09-15,,SRC03570,HIGH,current,yes,Synthesized from website and multiple news sources.
CL01793,S0307,Mindgrove Technologies,employee_estimate,UNKNOWN,company-field,,,,,,LOW,current,yes,No employee count found in any fetched source. Company mentions expanding team across all departments.
CL01794,S0307,Mindgrove Technologies,hq_type,HQ,company-field,,,,,SRC03567,HIGH,current,yes,"Headquartered at IIT-Madras Research Park, Chennai."
CL01795,S0307,Mindgrove Technologies,registered_office,UNKNOWN,company-field,,,,,,LOW,current,yes,Registered office address not found in any fetched source. IIT Madras Research Park is operating HQ.
CL01796,S0308,NeoGeo,official_website,https://neogeo.com,company-field,,,,,SRC03581,HIGH,current,yes,verified live 2026-09-15: name match on own homepage
CL01797,S0309,Kepler Aerospace,official_website,https://kepleraero.com/,company-field,,,,,SRC03583,HIGH,current,yes,playwright render-verified 2026-09-15
CL01798,S0309,Kepler Aerospace,careers_website,https://kepleraero.com/careers.html,company-field,,,,,SRC03583,HIGH,current,yes,"found in rendered nav, playwright 2026-09-15"
CL01799,S0309,Kepler Aerospace,legal_name,KEPLER AEROSPACE PRIVATE LIMITED,company-field,,,2026-09-15,,SRC03586,HIGH,current,yes,"CIN U74999KA2018PTC114706, verified via Tracxn/MCA registry aggregators"
CL01800,S0309,Kepler Aerospace,cin,U74999KA2018PTC114706,company-field,,,2026-09-15,,SRC03591,HIGH,current,yes,"CIN from registry aggregators (Tracxn, ZaubaCorp, InstaFinancials, CompanyCheck)"
CL01801,S0309,Kepler Aerospace,incorporation_date,2018-07-11,company-field,,,2026-09-15,,SRC03586,HIGH,current,yes,Date of incorporation per MCA records via Tracxn
CL01802,S0309,Kepler Aerospace,status,Active,company-field,,,2026-09-15,,SRC03586,HIGH,current,yes,"MCA status: Active, Non-government company, Company limited by shares"
CL01803,S0309,Kepler Aerospace,state,Karnataka,company-field,,,2026-09-15,,SRC03586,HIGH,current,yes,"ROC Bangalore, Karnataka"
CL01804,S0309,Kepler Aerospace,country,India,company-field,,,2026-09-15,,SRC03583,HIGH,current,yes,Primary operations in India; no US entity found for kepleraero.com (kepleraerospace.com is a separate Texas-based company)
CL01805,S0309,Kepler Aerospace,description,Kepler Aerospace operates sovereign space infrastructure stack — from flight-proven satellite subsystem and global ground station network to real-time multi-sensor intelligence delivered as a service.,company-field,,,2026-09-15,,SRC03583,HIGH,current,yes,Company website + multiple funding articles
CL01806,S0309,Kepler Aerospace,employee_estimate,9,company-field,,,2026-07-31,,SRC03586,MEDIUM,current,yes,"Tracxn reports 9 employees as of Jul 31, 2026; LinkedIn shows 11 employees; plans to add 40 post-funding"
CL01807,S0309,Kepler Aerospace,hq_type,HQ,company-field,,,2026-09-15,,SRC03583,HIGH,current,yes,Bengaluru HQ with operations across 6 continents via 70+ ground stations
CL01808,S0309,Kepler Aerospace,registered_office,"NO.7, PARIJATHA GROUND FLOOR, SURYODAYA LAYOUT, DR. SHIVARAMA KARANTHA NAGAR, Bangalore, BENGALURU, Karnataka, India, 560077",company-field,,,2026-09-15,,SRC03586,HIGH,current,yes,Registered address per MCA/Tracxn
CL01809,S0310,CARS24,official_website,https://www.cars24.com,company-field,,,,,SRC03599,HIGH,current,yes,verified live 2026-09-15: name match on own homepage
CL01810,S0310,CARS24,careers_website,https://careers.cars24.com/,company-field,,,,,SRC03599,HIGH,current,yes,"careers link found on official homepage, probed live"
CL01811,S0310,CARS24,legal_name,Cars24 Services Private Limited,company-field,,,2026-09-15,,SRC03594,HIGH,current,yes,Primary operating entity; MCA-registered
CL01812,S0310,CARS24,cin,U74999HR2015FTC056386,company-field,,,2026-09-15,,SRC03594,HIGH,current,yes,MCA CIN for main operating entity
CL01813,S0310,CARS24,incorporation_date,2015-08-12,company-field,,,2026-09-15,,SRC03594,HIGH,current,yes,Date of incorporation per MCA
CL01814,S0310,CARS24,state,Haryana,company-field,,,2026-09-15,,SRC03612,HIGH,current,yes,Haryana state per MCA and Tracxn
CL01815,S0310,CARS24,country,India,company-field,,,2026-09-15,,SRC03599,HIGH,current,yes,India-headquartered; also operates in UAE and Australia
CL01816,S0310,CARS24,description,"Indian multinational online used car marketplace enabling buying, selling, and financing of pre-owned vehicles; expanded to UAE and Australia; operates NBFC arm (Cars24 Financial Services); building c",company-field,,,2026-09-15,,SRC03599,HIGH,current,yes,Company self-description and press coverage
CL01817,S0310,CARS24,employee_estimate,4585,company-field,,,2026-03-31,,SRC03612,HIGH,current,yes,"As of Mar 31, 2026 per Tracxn"
CL01818,S0310,CARS24,hq_type,HQ,company-field,,,2026-09-15,,SRC03599,HIGH,current,yes,"Corporate office at SAS Tower-C, Medicity Sector 38, Gurugram"
CL01819,S0310,CARS24,registered_office,"10th Floor, Tower-B, Unitech Cyber Park, Sector-39, Gurugram, Haryana-122001",company-field,,,2026-09-15,,SRC03594,HIGH,current,yes,MCA registered office address
CL01820,S0310,CARS24,parent_company,Global Car Group Limited (Singapore),company-field,,,2026-05-07,,SRC03612,HIGH,current,yes,Cars24 Services Pvt Ltd is subsidiary; company working on reverse flip from Singapore to India
CL01821,S0310,CARS24,subsidiary_of,Global Car Group Limited,company-field,,,2026-09-15,,SRC03605,HIGH,current,yes,Per MCA classification: subsidiary of company incorporated outside India
CL01822,S0312,Chakr Innovation,official_website,https://chakr.in,company-field,,,,,,HIGH,current,yes,Company-branded domain confirmed. Hyperresearch fetch was blocked by bot detection but search results clearly show company branding and CIN.
CL01823,S0312,Chakr Innovation,careers_website,https://chakr.in/careers,company-field,,,,,,HIGH,current,yes,Verified via search results showing career listings on company domain.
CL01824,S0313,Dhruva Space,official_website,https://indianstartupnews.com/,company-field,,,,,SRC02584,HIGH,current,yes,playwright render-verified 2026-09-15
CL01825,S0313,Dhruva Space,careers_website,https://www.dhruvaspace.com/careers,company-field,,,,,SRC03633,HIGH,current,yes,Fetched successfully; page title is Work with us | Dhruva Space.
CL01826,S0314,Nawgati,official_website,https://www.nawgati.com,company-field,,,,,SRC03639,HIGH,current,yes,verified live 2026-09-15: name match on own homepage
CL01827,S0314,Nawgati,careers_website,https://www.nawgati.com/careers,company-field,,,,,SRC03639,HIGH,current,yes,"careers link found on official homepage, probed live"
CL01828,S0315,Zaggle,official_website,https://zaggle.com,company-field,,,,,SRC03643,HIGH,current,yes,verified live 2026-09-15: name match on own homepage
CL01829,S0316,R for Rabbit,official_website,https://www.brandforce.com,company-field,,,,,SRC03661,HIGH,current,yes,verified live 2026-09-15: name match on own homepage
CL01830,S0316,R for Rabbit,legal_name,R for Rabbit Baby Products Private Limited,company-field,,,2026-09-15,,SRC03647,HIGH,current,yes,MCA-registered name per Tofler and ZaubaCorp
CL01831,S0316,R for Rabbit,cin,U36940GJ2014PTC078205,company-field,,,2026-09-15,,SRC03647,HIGH,current,yes,CIN from MCA21 via Tofler/ZaubaCorp
CL01832,S0316,R for Rabbit,incorporation_date,2014-01-08,company-field,,,2026-09-15,,SRC03647,HIGH,current,yes,Incorporated 08 January 2014 per MCA records
CL01833,S0316,R for Rabbit,state,Gujarat,company-field,,,2026-09-15,,SRC03647,HIGH,current,yes,Gujarat state per MCA registration
CL01834,S0316,R for Rabbit,country,India,company-field,,,2026-09-15,,SRC03647,HIGH,current,yes,India per MCA registration
CL01835,S0316,R for Rabbit,business_model,D2C e-commerce + omnichannel retail,company-field,,,2026-09-15,,SRC03648,HIGH,current,yes,"Online (own site, Amazon, Flipkart, FirstCry) + 2000+ offlin"
CL01836,S0316,R for Rabbit,description,"Premium D2C baby and kids' products brand offering strollers, car seats, high chairs, diapers, nursery products, and now BioMimic baby care range. Founded 2014 by Kunal and Kinjal Popat.",company-field,,,2026-09-15,,SRC03650,HIGH,current,yes,Comprehensive brand description from Livemint profile
CL01837,S0316,R for Rabbit,employee_estimate,147,company-field,,,2026-09-15,,SRC03657,MEDIUM,current,yes,PitchBook reports 147 total employees; LinkedIn shows 51-200
CL01838,S0316,R for Rabbit,hq_type,HQ,company-field,,,2026-09-15,,SRC03657,HIGH,current,yes,"Corporate HQ at Pinnacle Business Park, Ahmedabad"
CL01839,S0316,R for Rabbit,registered_office,"52, D Block, Palm Greens, Sur No. 4/1, 13/3/1, TP-84/A, Near Torrent Power, Makarba, Ahmedabad, Gujarat, India, 380051",company-field,,,2026-09-15,,SRC03647,HIGH,current,yes,MCA registered office address
CL01840,S0319,Yantra Packs,official_website,https://www.yantrapacks.com/,company-field,,,,,SRC03670,HIGH,current,yes,Fetched successfully; page title is Reusable Packaging Solutions.
CL01841,S0320,Cradlewise,official_website,https://cradlewise.com,company-field,,,,,SRC03687,HIGH,current,yes,verified live 2026-09-15: name match on own homepage
CL01842,S0320,Cradlewise,careers_website,https://cradlewise.com/en-IN/careers/,company-field,,,,,SRC03687,HIGH,current,yes,"careers link found on official homepage, probed live"
CL01843,S0320,Cradlewise,legal_name,Cradlewise Innovations Private Limited,company-field,,,2026-09-15,,SRC03677,HIGH,current,yes,Bengaluru entity; CIN U36999KA2019PTC123276
CL01844,S0320,Cradlewise,cin,U36999KA2019PTC123276,company-field,,,,,SRC03677,HIGH,current,yes,"Cradlewise Innovations Pvt Ltd, Bengaluru"
CL01845,S0320,Cradlewise,incorporation_date,2019-04-08,company-field,,,,,SRC03677,HIGH,current,yes,MCA registration date for Cradlewise Innovations Pvt Ltd
CL01846,S0320,Cradlewise,state,Karnataka,company-field,,,,,SRC03677,HIGH,current,yes,Karnataka state for Innovations entity; Maharashtra for Manufacturing entity
CL01847,S0320,Cradlewise,country,India / United States,company-field,,,,,SRC03675,HIGH,current,yes,HQ San Francisco; registered office Bengaluru; manufacturing Pune
CL01848,S0320,Cradlewise,business_model,D2C hardware + subscription,company-field,,,,,SRC03681,MEDIUM,current,yes,"One-time hardware purchase ($1,799) plus subscription plans introduced May 2025"
CL01849,S0320,Cradlewise,description,"AI-first consumer tech company making smart cribs with contactless sensing, predictive ML, and adaptive motion to soothe babies back to sleep. Converts from bassinet to crib for up to 24 months.",company-field,,,,,SRC03680,HIGH,current,yes,From 3one4 Capital portfolio page
CL01850,S0320,Cradlewise,employee_estimate,65,company-field,,,,,SRC00088,MEDIUM,current,yes,"Tracxn reports 65 employees as of May 31, 2026; Manufacturing entity alone has 24 as of Mar 2026"
CL01851,S0320,Cradlewise,employee_estimate_date,2026-05-31,company-field,,,,,SRC00088,MEDIUM,current,yes,Tracxn employee count
CL01852,S0320,Cradlewise,hq_type,HQ,company-field,,,,,SRC03675,HIGH,current,yes,San Francisco HQ; Bengaluru registered office; Pune manufacturing
CL01853,S0320,Cradlewise,registered_office,"A-102, Surakshaa Fairview, Near Sai Baba Ashram, Belathur, Kadugodi, Bengaluru, Karnataka, India",company-field,,,,,SRC03677,MEDIUM,current,yes,ZaubaCorp lists registered address for Cradlewise Innovations Pvt Ltd
CL01854,S0321,Jaipur Robotics,official_website,https://jaipurrobotics.com,company-field,,,,,SRC03692,HIGH,current,yes,verified live 2026-09-15: name match on own homepage
CL01855,S0321,Jaipur Robotics,careers_website,https://jaipurrobotics.com/careers/,company-field,,,,,SRC03692,HIGH,current,yes,"careers link found on official homepage, probed live"
CL01856,S0322,InsuranceDekho,official_website,https://www.insurancedekho.com,company-field,,,,,SRC03712,HIGH,current,yes,verified live 2026-09-15: name match on own homepage
CL01857,S0322,InsuranceDekho,careers_website,https://careers.insurancedekho.com/,company-field,,,,,SRC03712,HIGH,current,yes,"careers link found on official homepage, probed live"
CL01858,S0322,InsuranceDekho,legal_name,D2C Insurance Broking Private Limited,company-field,,,2026-09-15,,SRC03697,HIGH,current,yes,CSR policy preamble states incorporation on 02 May 2016; subsidiary of GirnarSoft Private Limited
CL01859,S0322,InsuranceDekho,cin,U66030DL2013PTC249265,company-field,,,2026-09-15,,SRC03719,HIGH,current,yes,CIN from company annual report page; registered office in Delhi
CL01860,S0322,InsuranceDekho,incorporation_date,2016-05-02,company-field,,,2026-09-15,,SRC03697,HIGH,current,yes,CSR preamble: incorporated on 02 May 2016
CL01861,S0322,InsuranceDekho,state,Haryana,company-field,,,2026-09-15,,SRC03698,HIGH,current,yes,"Gurugram, Haryana"
CL01862,S0322,InsuranceDekho,country,India,company-field,,,2026-09-15,,SRC03712,HIGH,current,yes,Indian company
CL01863,S0322,InsuranceDekho,business_model,B2B2C insurance aggregator via POSP agents; also D2C digital platform and corporate insurance broking,company-field,,,2026-09-15,,SRC03703,HIGH,current,yes,Operates as IRDAI-licensed composite insurance broker; POSP model for agents; corporate arm for enterprise clients
CL01864,S0322,InsuranceDekho,description,"InsuranceDekho is an Indian insurtech company that aggregates insurance products from multiple insurers and distributes via a network of POSP agents and its digital platform. It offers motor, health, ",company-field,,,2026-09-15,,SRC03712,HIGH,current,yes,Company self-description from website
CL01865,S0322,InsuranceDekho,employee_estimate,2362,company-field,,,2026-09-15,,SRC03711,MEDIUM,current,yes,"RocketReach estimate; LinkedIn shows 1,001-5,000 employees"
CL01866,S0322,InsuranceDekho,hq_type,Corporate Office,company-field,,,2026-09-15,,SRC03698,HIGH,current,yes,Gurugram is corporate HQ; registered office in Delhi
CL01867,S0322,InsuranceDekho,registered_office,"1st Floor, Plot No. 22, AG Block, Shalimar Bagh, North West Delhi, Delhi – 110088",company-field,,,2026-09-15,,SRC03698,HIGH,current,yes,From company contact page and CSR policy
CL01868,S0323,MOPP Foods (Moppfoods),official_website,https://www.moppfoods.com,company-field,,,,,SRC03724,HIGH,current,yes,verified live 2026-09-15: name match on own homepage
CL01869,S0324,RenewBuy,official_website,https://www.renewbuy.com/,company-field,,,,,SRC03726,HIGH,current,yes,Fetched successfully; page title identifies RenewBuy insurance platform.
CL01870,S0325,Yubi,official_website,https://yubi.com,company-field,,,,,SRC03731,HIGH,current,yes,verified live 2026-09-15: name match on own homepage
CL01871,S0326,Guickly,official_website,https://www.guickly.com,company-field,,,,,SRC03735,HIGH,current,yes,verified live 2026-09-15: name match on own homepage
CL01872,S0326,Guickly,careers_website,https://www.guickly.com/company/careers,company-field,,,,,SRC03735,HIGH,current,yes,"careers link found on official homepage, probed live"
CL01873,S0328,Navata Supply Chain Solutions,official_website,https://navatascs.com/,company-field,,,,,SRC03740,HIGH,current,yes,Fetched successfully; page title is Home - Navata SCS.
CL01874,S0328,Navata Supply Chain Solutions,careers_website,https://navatascs.com/careers/,company-field,,,,,SRC03741,HIGH,current,yes,Fetched successfully; page title is Careers - Navata SCS.
CL01875,S0330,mPokket,official_website,https://www.mpokket.in,company-field,,,,,SRC03745,HIGH,current,yes,verified live 2026-09-15: name match on own homepage
CL01876,S0330,mPokket,careers_website,https://www.mpokket.in/career,company-field,,,,,SRC03745,HIGH,current,yes,playwright render 2026-09-15
CL01877,S0331,StockEdge/Kredent,official_website,https://stockedge.com/,company-field,,,,,SRC03747,HIGH,current,yes,Fetched successfully; page title identifies StockEdge stock research platform.
CL01878,S0331,StockEdge/Kredent,careers_website,https://www.indiatoday.in/education-today/jobs-and-careers/story/career-in-stock-market-risks-myths-and-education-in-india-1826132-2021-07-09,company-field,,,,,SRC03747,HIGH,current,yes,playwright render 2026-09-15
CL01879,S0332,EyeROV,official_website,https://eyerov.com,company-field,,,,,SRC03753,HIGH,current,yes,verified live 2026-09-15: name match on own homepage
CL01880,S0332,EyeROV,careers_website,https://eyerov.com/company/careers/,company-field,,,,,SRC03753,HIGH,current,yes,"careers link found on official homepage, probed live"
CL01881,S0333,iHub Robotics,official_website,https://www.ihubrobotics.com,company-field,,,,,SRC03757,HIGH,current,yes,verified live 2026-09-15: name match on own homepage
CL01882,S0333,iHub Robotics,careers_website,https://www.ihubrobotics.com/careers,company-field,,,,,SRC03757,HIGH,current,yes,playwright render 2026-09-15
CL01883,S0334,AU Small Finance Bank,official_website,https://timesofindia.indiatimes.com/,company-field,,,,,SRC03759,HIGH,current,yes,playwright render-verified 2026-09-15
CL01884,S0334,AU Small Finance Bank,careers_website,https://timesofindia.indiatimes.com/education/from-mid-career-manager-to-senior-leadership-how-iim-kozhikodes-epgp-powers-the-transition/articleshow/134070201.cms,company-field,,,,,SRC03759,HIGH,current,yes,"found in rendered nav, playwright 2026-09-15"
CL01885,S0336,Finova Capital,official_website,https://finovacapital.com/,company-field,,,,,SRC03760,HIGH,current,yes,playwright render-verified 2026-09-15
CL01886,S0336,Finova Capital,careers_website,https://finova.in/jobs,company-field,,,,,SRC03761,HIGH,current,yes,Fetched successfully; page title is Jobs Openings - Finova Capital.
CL01887,S0337,Garuda Aerospace,official_website,https://www.garudaaerospace.com/,company-field,,,,,SRC03762,HIGH,current,yes,Fetched successfully; page title identifies Garuda Aerospace.
CL01888,S0338,Hisabkitab,official_website,https://hisabkitab.in,company-field,,,,,SRC03766,HIGH,current,yes,verified live 2026-09-15: name match on own homepage
CL01889,S0339,Pickkup,official_website,https://www.pickkup.io/,company-field,,,,,SRC03771,HIGH,current,yes,W-wave verified 2026-09-15
CL01890,S0340,ShopKirana,official_website,https://www.shopkirana.com,company-field,,,,,SRC03779,HIGH,current,yes,verified live 2026-09-15: name match on own homepage
CL01891,S0340,ShopKirana,careers_website,https://www.shopkirana.com/career,company-field,,,,,SRC03779,HIGH,current,yes,"careers link found on official homepage, probed live"
CL01892,S0341,Theater,official_website,https://www.theater.xyz,company-field,,,,,SRC03783,HIGH,current,yes,W-wave verified 2026-09-15
CL01893,S0342,Advaita Interactive,official_website,https://advaitainteractive.com/,company-field,,,,,SRC03784,HIGH,current,yes,playwright render-verified 2026-09-15
CL01894,S0343,{'v': 'Lissun'},company_name,Lissun,company-field,,,,,,MEDIUM,current,yes,
CL01895,S0343,{'v': 'Lissun'},city,Gurugram,company-field,,,,,,MEDIUM,current,yes,
CL01896,S0343,{'v': 'Lissun'},primary_sector,mental health / healthtech,company-field,,,,,,MEDIUM,current,yes,
CL01897,S0343,{'v': 'Lissun'},startup_stage,Series A,company-field,,,,,,MEDIUM,current,yes,
CL01898,S0343,{'v': 'Lissun'},public_private,Private,company-field,,,,,,MEDIUM,current,yes,
CL01899,S0343,{'v': 'Lissun'},founded_date,2021,company-field,,,,,,MEDIUM,current,yes,
CL01900,S0343,{'v': 'Lissun'},business_model,AI-powered mental health EAP platform,company-field,,,,,,MEDIUM,current,yes,
CL01901,S0343,{'v': 'Lissun'},status,ACTIVE,company-field,,,,,,MEDIUM,current,yes,
CL01902,S0343,{'v': 'Lissun'},description,"Gurugram-based mental health platform offering AI-powered EAP solutions, therapy, and counselling",company-field,,,,,,MEDIUM,current,yes,
CL01903,S0343,{'v': 'Lissun'},official_website,https://www.lissun.app/,company-field,,,,,SRC03789,HIGH,current,yes,W-wave verified 2026-09-15
CL01904,S0344,{'v': 'Aeron Systems'},company_name,Aeron Systems,company-field,,,,,,MEDIUM,current,yes,
CL01905,S0344,{'v': 'Aeron Systems'},city,Pune,company-field,,,,,,HIGH,current,yes,
CL01906,S0344,{'v': 'Aeron Systems'},primary_sector,aerospace / defence deeptech,company-field,,,,,,MEDIUM,current,yes,
CL01907,S0344,{'v': 'Aeron Systems'},startup_stage,Pre-Series B,company-field,,,,,,MEDIUM,current,yes,
CL01908,S0344,{'v': 'Aeron Systems'},public_private,Private,company-field,,,,,,MEDIUM,current,yes,
CL01909,S0344,{'v': 'Aeron Systems'},business_model,"Deep-tech navigation, weather sensing and intelligent monitoring solutions",company-field,,,,,,MEDIUM,current,yes,
CL01910,S0344,{'v': 'Aeron Systems'},status,ACTIVE,company-field,,,,,,MEDIUM,current,yes,
CL01911,S0344,{'v': 'Aeron Systems'},description,"Pune-based deeptech company developing advanced navigation, weather sensing and intelligent monitoring solutions",company-field,,,,,,MEDIUM,current,yes,
CL01912,S0344,{'v': 'Aeron Systems'},official_website,https://aeron.com,company-field,,,,,SRC03794,HIGH,current,yes,verified live 2026-09-15: name match on own homepage
CL01913,S0344,{'v': 'Aeron Systems'},careers_website,https://aeron.com/pages/career,company-field,,,,,SRC03794,HIGH,current,yes,"careers link found on official homepage, probed live"
CL01914,S0345,{'v': 'Alle'},company_name,Alle,company-field,,,,,,MEDIUM,current,yes,
CL01915,S0345,{'v': 'Alle'},city,Bengaluru,company-field,,,,,,MEDIUM,current,yes,
CL01916,S0345,{'v': 'Alle'},primary_sector,AI fashion / e-commerce,company-field,,,,,,MEDIUM,current,yes,
CL01917,S0345,{'v': 'Alle'},startup_stage,Shut down,company-field,,,,,,MEDIUM,current,yes,
CL01918,S0345,{'v': 'Alle'},public_private,Private,company-field,,,,,,MEDIUM,current,yes,
CL01919,S0345,{'v': 'Alle'},founded_date,2023,company-field,,,,,,MEDIUM,current,yes,
CL01920,S0345,{'v': 'Alle'},business_model,AI personal stylist platform for fashion discovery,company-field,,,,,,MEDIUM,current,yes,
CL01921,S0345,{'v': 'Alle'},description,"Bengaluru-based AI fashion stylist platform founded by ex-Meesho executives, shut down after six failed pivots",company-field,,,,,,MEDIUM,current,yes,
CL01922,S0346,{'v': 'Altigreen'},company_name,Altigreen,company-field,,,,,,MEDIUM,current,yes,
CL01923,S0346,{'v': 'Altigreen'},city,Bengaluru,company-field,,,,,,MEDIUM,current,yes,
CL01924,S0346,{'v': 'Altigreen'},primary_sector,electric mobility / EV powertrain,company-field,,,,,,MEDIUM,current,yes,
CL01925,S0346,{'v': 'Altigreen'},startup_stage,Growth,company-field,,,,,,MEDIUM,current,yes,
CL01926,S0346,{'v': 'Altigreen'},public_private,Private,company-field,,,,,,MEDIUM,current,yes,
CL01927,S0346,{'v': 'Altigreen'},business_model,Technology-enabled electric and hybrid powertrain solutions,company-field,,,,,,MEDIUM,current,yes,
CL01928,S0346,{'v': 'Altigreen'},description,Bengaluru-based deep-tech startup developing electric and hybrid powertrain solutions for commercial vehicles,company-field,,,,,,MEDIUM,current,yes,
CL01929,S0347,{'v': 'Clear'},company_name,Clear,company-field,,,,,,MEDIUM,current,yes,
CL01930,S0347,{'v': 'Clear'},city,Bengaluru,company-field,,,,,,HIGH,current,yes,
CL01931,S0347,{'v': 'Clear'},primary_sector,fintech saas,company-field,,,,,,MEDIUM,current,yes,
CL01932,S0347,{'v': 'Clear'},startup_stage,Late-stage / Unicorn,company-field,,,,,,MEDIUM,current,yes,
CL01933,S0347,{'v': 'Clear'},public_private,Private,company-field,,,,,,MEDIUM,current,yes,
CL01934,S0347,{'v': 'Clear'},founded_date,2011,company-field,,,,,,MEDIUM,current,yes,
CL01935,S0347,{'v': 'Clear'},business_model,Tax filing and financial services SaaS platform,company-field,,,,,,MEDIUM,current,yes,
CL01936,S0347,{'v': 'Clear'},status,ACTIVE,company-field,,,,,,MEDIUM,current,yes,
CL01937,S0347,{'v': 'Clear'},description,"Bengaluru-based fintech firm, formerly known as ClearTax, providing tax filing and financial services",company-field,,,,,,MEDIUM,current,yes,
CL01938,S0347,{'v': 'Clear'},official_website,https://mediaoptions.com,company-field,,,,,SRC03808,HIGH,current,yes,verified live 2026-09-15: name match on own homepage
CL01939,S0348,{'v': 'Gramophone'},company_name,Gramophone,company-field,,,,,,MEDIUM,current,yes,
CL01940,S0348,{'v': 'Gramophone'},city,Indore,company-field,,,,,,MEDIUM,current,yes,
CL01941,S0348,{'v': 'Gramophone'},primary_sector,agritech advisory,company-field,,,,,,MEDIUM,current,yes,
CL01942,S0348,{'v': 'Gramophone'},startup_stage,Merged,company-field,,,,,,MEDIUM,current,yes,
CL01943,S0348,{'v': 'Gramophone'},public_private,Private,company-field,,,,,,MEDIUM,current,yes,
CL01944,S0348,{'v': 'Gramophone'},business_model,Agritech advisory platform,company-field,,,,,,MEDIUM,current,yes,
CL01945,S0348,{'v': 'Gramophone'},status,ACTIVE (merged with Unnati Agri),company-field,,,,,,MEDIUM,current,yes,
CL01946,S0348,{'v': 'Gramophone'},description,Indore-based agritech startup that merged with Unnati Agri in a share-swap deal,company-field,,,,,,MEDIUM,current,yes,
CL01947,S0348,{'v': 'Gramophone'},official_website,https://gramophone.com,company-field,,,,,SRC03812,HIGH,current,yes,verified live 2026-09-15: name match on own homepage
CL01948,S0348,{'v': 'Gramophone'},careers_website,https://www.gramophone.com/careers,company-field,,,,,SRC03812,HIGH,current,yes,"careers link found on official homepage, probed live"
CL01949,S0349,{'v': 'Indrajaal'},company_name,Indrajaal,company-field,,,,,,MEDIUM,current,yes,
CL01950,S0349,{'v': 'Indrajaal'},city,Hyderabad,company-field,,,,,,HIGH,current,yes,
CL01951,S0349,{'v': 'Indrajaal'},primary_sector,defence/counter-drone ai,company-field,,,,,,MEDIUM,current,yes,
CL01952,S0349,{'v': 'Indrajaal'},startup_stage,Growth,company-field,,,,,,MEDIUM,current,yes,
CL01953,S0349,{'v': 'Indrajaal'},public_private,Private,company-field,,,,,,MEDIUM,current,yes,
CL01954,S0349,{'v': 'Indrajaal'},business_model,AI-enabled anti-drone and counter-drone defense systems,company-field,,,,,,MEDIUM,current,yes,
CL01955,S0349,{'v': 'Indrajaal'},status,ACTIVE,company-field,,,,,,MEDIUM,current,yes,
CL01956,S0349,{'v': 'Indrajaal'},description,Hyderabad-based deep-tech startup developing AI-enabled anti-drone patrol vehicles and counter-drone systems,company-field,,,,,,MEDIUM,current,yes,
CL01957,S0349,{'v': 'Indrajaal'},official_website,https://indrajaal.in,company-field,,,,,SRC03821,HIGH,current,yes,verified live 2026-09-15: name match on own homepage
CL01958,S0349,{'v': 'Indrajaal'},careers_website,https://indrajaal.in/careers/,company-field,,,,,SRC03821,HIGH,current,yes,playwright render 2026-09-15
CL01959,S0350,{'v': 'LEAP India'},company_name,LEAP India,company-field,,,,,,MEDIUM,current,yes,
CL01960,S0350,{'v': 'LEAP India'},city,Bengaluru,company-field,,,,,,MEDIUM,current,yes,
CL01961,S0350,{'v': 'LEAP India'},primary_sector,supply chain / pallets,company-field,,,,,,MEDIUM,current,yes,
CL01962,S0350,{'v': 'LEAP India'},startup_stage,Listed,company-field,,,,,,MEDIUM,current,yes,
CL01963,S0350,{'v': 'LEAP India'},public_private,Public (Listed),company-field,,,,,,MEDIUM,current,yes,
CL01964,S0350,{'v': 'LEAP India'},business_model,Pallet and container rental logistics company,company-field,,,,,,MEDIUM,current,yes,
CL01965,S0350,{'v': 'LEAP India'},status,ACTIVE (Listed),company-field,,,,,,MEDIUM,current,yes,
CL01966,S0350,{'v': 'LEAP India'},description,"KKR-backed logistics and supply chain company, leading pallet and container rental provider, IPO opened Aug 7 2026",company-field,,,,,,MEDIUM,current,yes,
CL01967,S0350,{'v': 'LEAP India'},official_website,https://leap.com,company-field,,,,,SRC03826,HIGH,current,yes,verified live 2026-09-15: name match on own homepage
CL01968,S0351,{'v': 'Ola Electric'},company_name,Ola Electric,company-field,,,,,,MEDIUM,current,yes,
CL01969,S0351,{'v': 'Ola Electric'},city,Bengaluru,company-field,,,,,,MEDIUM,current,yes,
CL01970,S0351,{'v': 'Ola Electric'},primary_sector,ev (listed),company-field,,,,,,MEDIUM,current,yes,
CL01971,S0351,{'v': 'Ola Electric'},startup_stage,Listed,company-field,,,,,,MEDIUM,current,yes,
CL01972,S0351,{'v': 'Ola Electric'},public_private,Public (Listed),company-field,,,,,,MEDIUM,current,yes,
CL01973,S0351,{'v': 'Ola Electric'},business_model,Electric vehicle manufacturer (scooters),company-field,,,,,,MEDIUM,current,yes,
CL01974,S0351,{'v': 'Ola Electric'},status,ACTIVE (Listed),company-field,,,,,,MEDIUM,current,yes,
CL01975,S0351,{'v': 'Ola Electric'},description,"Bengaluru-based electric vehicle firm founded by Bhavish Aggarwal, listed on stock exchanges",company-field,,,,,,MEDIUM,current,yes,
CL01976,S0351,{'v': 'Ola Electric'},official_website,https://www.olaelectric.com,company-field,,,,,SRC03830,HIGH,current,yes,verified live 2026-09-15: name match on own homepage
CL01977,S0351,{'v': 'Ola Electric'},careers_website,https://www.olaelectric.com/careers,company-field,,,,,SRC03830,HIGH,current,yes,playwright render 2026-09-15
CL01978,S0352,{'v': 'Rilo'},company_name,Rilo,company-field,,,,,,MEDIUM,current,yes,
CL01979,S0352,{'v': 'Rilo'},city,Mumbai,company-field,,,,,,HIGH,current,yes,
CL01980,S0352,{'v': 'Rilo'},primary_sector,martech / ai,company-field,,,,,,MEDIUM,current,yes,
CL01981,S0352,{'v': 'Rilo'},startup_stage,Acquired,company-field,,,,,,MEDIUM,current,yes,
CL01982,S0352,{'v': 'Rilo'},public_private,Private (Acquired),company-field,,,,,,MEDIUM,current,yes,
CL01983,S0352,{'v': 'Rilo'},business_model,AI-powered marketing intelligence platform,company-field,,,,,,MEDIUM,current,yes,
CL01984,S0352,{'v': 'Rilo'},status,ACTIVE (Acquired by Adobe Sep 2026),company-field,,,,,,MEDIUM,current,yes,
CL01985,S0352,{'v': 'Rilo'},description,Peak XV Partners-backed AI martech startup acquired by Adobe for technology licensing and team acqui-hire,company-field,,,,,,MEDIUM,current,yes,
CL01986,S0352,{'v': 'Rilo'},official_website,https://www.rilo.ai,company-field,,,,,SRC03837,HIGH,current,yes,W-wave verified 2026-09-15
CL01987,S0353,{'v': 'Sanlayan Technologies'},company_name,Sanlayan Technologies,company-field,,,,,,MEDIUM,current,yes,
CL01988,S0353,{'v': 'Sanlayan Technologies'},city,Bengaluru,company-field,,,,,,HIGH,current,yes,
CL01989,S0353,{'v': 'Sanlayan Technologies'},primary_sector,defence electronics,company-field,,,,,,MEDIUM,current,yes,
CL01990,S0353,{'v': 'Sanlayan Technologies'},startup_stage,Series A,company-field,,,,,,MEDIUM,current,yes,
CL01991,S0353,{'v': 'Sanlayan Technologies'},public_private,Private,company-field,,,,,,MEDIUM,current,yes,
CL01992,S0353,{'v': 'Sanlayan Technologies'},founded_date,2023-09,company-field,,,,,,MEDIUM,current,yes,
CL01993,S0353,{'v': 'Sanlayan Technologies'},business_model,AESA radar and electronic warfare systems for defence,company-field,,,,,,MEDIUM,current,yes,
CL01994,S0353,{'v': 'Sanlayan Technologies'},status,ACTIVE,company-field,,,,,,MEDIUM,current,yes,
CL01995,S0353,{'v': 'Sanlayan Technologies'},description,Bengaluru-based aerospace and defence electronics startup developing AESA radar and EW systems,company-field,,,,,,MEDIUM,current,yes,
CL01996,S0353,{'v': 'Sanlayan Technologies'},official_website,https://www.sanlayan.com,company-field,,,,,SRC03843,HIGH,current,yes,verified live 2026-09-15: name match on own homepage
CL01997,S0353,{'v': 'Sanlayan Technologies'},careers_website,https://www.sanlayan.com/career,company-field,,,,,SRC03843,HIGH,current,yes,"careers link found on official homepage, probed live"
CL01998,S0354,"{'v': 'Shopflo', 'src': 'https://www.pinelabs.com/media-analyst/pine-labs-acquires-shopflo-to-build-indias-leading-unified-commerce-and-payments-platform'}",company_name,Shopflo,company-field,,,,,SRC01351,MEDIUM,current,yes,
CL01999,S0354,"{'v': 'Shopflo', 'src': 'https://www.pinelabs.com/media-analyst/pine-labs-acquires-shopflo-to-build-indias-leading-unified-commerce-and-payments-platform'}",status,"ACTIVE — acquired by Pine Labs (listed, April 2026), still operating",company-field,,,2026-04-25,,SRC03844,HIGH,current,yes,
CL02000,S0354,"{'v': 'Shopflo', 'src': 'https://www.pinelabs.com/media-analyst/pine-labs-acquires-shopflo-to-build-indias-leading-unified-commerce-and-payments-platform'}",city,Bengaluru,company-field,,,,,,HIGH,current,yes,
CL02001,S0354,"{'v': 'Shopflo', 'src': 'https://www.pinelabs.com/media-analyst/pine-labs-acquires-shopflo-to-build-indias-leading-unified-commerce-and-payments-platform'}",primary_sector,fintech / checkout,company-field,,,,,,HIGH,current,yes,
CL02002,S0354,"{'v': 'Shopflo', 'src': 'https://www.pinelabs.com/media-analyst/pine-labs-acquires-shopflo-to-build-indias-leading-unified-commerce-and-payments-platform'}",startup_stage,acquired,company-field,,,,,,HIGH,current,yes,
CL02003,S0354,"{'v': 'Shopflo', 'src': 'https://www.pinelabs.com/media-analyst/pine-labs-acquires-shopflo-to-build-indias-leading-unified-commerce-and-payments-platform'}",public_private,private (acquired by public company Pine Labs),company-field,,,,,,HIGH,current,yes,
CL02004,S0354,"{'v': 'Shopflo', 'src': 'https://www.pinelabs.com/media-analyst/pine-labs-acquires-shopflo-to-build-indias-leading-unified-commerce-and-payments-platform'}",founded_date,2021,company-field,,,,,SRC03850,HIGH,current,yes,
CL02005,S0354,"{'v': 'Shopflo', 'src': 'https://www.pinelabs.com/media-analyst/pine-labs-acquires-shopflo-to-build-indias-leading-unified-commerce-and-payments-platform'}",legal_name,Shopflo Technologies Private Limited,company-field,,,,,SRC03847,HIGH,current,yes,
CL02006,S0354,"{'v': 'Shopflo', 'src': 'https://www.pinelabs.com/media-analyst/pine-labs-acquires-shopflo-to-build-indias-leading-unified-commerce-and-payments-platform'}",business_model,SaaS checkout optimization platform for D2C merchants,company-field,,,,,,HIGH,current,yes,
CL02007,S0354,"{'v': 'Shopflo', 'src': 'https://www.pinelabs.com/media-analyst/pine-labs-acquires-shopflo-to-build-indias-leading-unified-commerce-and-payments-platform'}",official_website,https://shopflo.com,company-field,,,,,SRC03851,HIGH,current,yes,verified live 2026-09-15: name match on own homepage
CL02008,S0354,"{'v': 'Shopflo', 'src': 'https://www.pinelabs.com/media-analyst/pine-labs-acquires-shopflo-to-build-indias-leading-unified-commerce-and-payments-platform'}",careers_website,https://shopflo.com/blog/shopflo-joins-pine-labs,company-field,,,,,SRC03851,HIGH,current,yes,playwright render 2026-09-15
CL02009,S0355,"{'v': 'smallest.ai', 'src': 'https://inc42.com/buzz/smallest-ai-bags-13-mn-to-build-next-gen-voice-ai-models/'}",company_name,smallest.ai,company-field,,,,,SRC03853,MEDIUM,current,yes,
CL02010,S0355,"{'v': 'smallest.ai', 'src': 'https://inc42.com/buzz/smallest-ai-bags-13-mn-to-build-next-gen-voice-ai-models/'}",status,ACTIVE — raised $13M Series A (2026),company-field,,,2026-07,,SRC03852,HIGH,current,yes,
CL02011,S0355,"{'v': 'smallest.ai', 'src': 'https://inc42.com/buzz/smallest-ai-bags-13-mn-to-build-next-gen-voice-ai-models/'}",city,San Francisco,company-field,,,,,,HIGH,current,yes,
CL02012,S0355,"{'v': 'smallest.ai', 'src': 'https://inc42.com/buzz/smallest-ai-bags-13-mn-to-build-next-gen-voice-ai-models/'}",primary_sector,ai/voice,company-field,,,,,,HIGH,current,yes,
CL02013,S0355,"{'v': 'smallest.ai', 'src': 'https://inc42.com/buzz/smallest-ai-bags-13-mn-to-build-next-gen-voice-ai-models/'}",startup_stage,Series A,company-field,,,,,,HIGH,current,yes,
CL02014,S0355,"{'v': 'smallest.ai', 'src': 'https://inc42.com/buzz/smallest-ai-bags-13-mn-to-build-next-gen-voice-ai-models/'}",public_private,private,company-field,,,,,,HIGH,current,yes,
CL02015,S0355,"{'v': 'smallest.ai', 'src': 'https://inc42.com/buzz/smallest-ai-bags-13-mn-to-build-next-gen-voice-ai-models/'}",founded_date,2023,company-field,,,,,SRC03855,HIGH,current,yes,
CL02016,S0355,"{'v': 'smallest.ai', 'src': 'https://inc42.com/buzz/smallest-ai-bags-13-mn-to-build-next-gen-voice-ai-models/'}",legal_name,smallest.ai,company-field,,,,,,MEDIUM,current,yes,
CL02017,S0355,"{'v': 'smallest.ai', 'src': 'https://inc42.com/buzz/smallest-ai-bags-13-mn-to-build-next-gen-voice-ai-models/'}",business_model,"Voice AI platform (TTS, STT, Voice Agents)",company-field,,,,,,HIGH,current,yes,
CL02018,S0355,"{'v': 'smallest.ai', 'src': 'https://inc42.com/buzz/smallest-ai-bags-13-mn-to-build-next-gen-voice-ai-models/'}",official_website,https://smallest.ai,company-field,,,,,SRC03858,HIGH,current,yes,verified live 2026-09-15: name match on own homepage
CL02019,S0355,"{'v': 'smallest.ai', 'src': 'https://inc42.com/buzz/smallest-ai-bags-13-mn-to-build-next-gen-voice-ai-models/'}",careers_website,https://jobs.ashbyhq.com/smallest,company-field,,,,,SRC03858,HIGH,current,yes,playwright render 2026-09-15
CL02020,S0356,"{'v': 'Dv2js Innovation', 'src': 'https://platform.tracxn.com/a/d/company/64343c2284d1d705080453ed/dv2js%20innovation'}",company_name,Dv2js Innovation,company-field,,,,,SRC03862,MEDIUM,current,yes,
CL02021,S0356,"{'v': 'Dv2js Innovation', 'src': 'https://platform.tracxn.com/a/d/company/64343c2284d1d705080453ed/dv2js%20innovation'}",status,ACTIVE — funded defence tech startup,company-field,,,2026-08,,SRC03859,MEDIUM,current,yes,
CL02022,S0356,"{'v': 'Dv2js Innovation', 'src': 'https://platform.tracxn.com/a/d/company/64343c2284d1d705080453ed/dv2js%20innovation'}",city,Delhi,company-field,,,,,,HIGH,current,yes,
CL02023,S0356,"{'v': 'Dv2js Innovation', 'src': 'https://platform.tracxn.com/a/d/company/64343c2284d1d705080453ed/dv2js%20innovation'}",primary_sector,defence tech,company-field,,,,,,HIGH,current,yes,
CL02024,S0356,"{'v': 'Dv2js Innovation', 'src': 'https://platform.tracxn.com/a/d/company/64343c2284d1d705080453ed/dv2js%20innovation'}",startup_stage,funded,company-field,,,,,,MEDIUM,current,yes,
CL02025,S0356,"{'v': 'Dv2js Innovation', 'src': 'https://platform.tracxn.com/a/d/company/64343c2284d1d705080453ed/dv2js%20innovation'}",public_private,private,company-field,,,,,,HIGH,current,yes,
CL02026,S0356,"{'v': 'Dv2js Innovation', 'src': 'https://platform.tracxn.com/a/d/company/64343c2284d1d705080453ed/dv2js%20innovation'}",founded_date,2018,company-field,,,,,SRC03859,HIGH,current,yes,
CL02027,S0356,"{'v': 'Dv2js Innovation', 'src': 'https://platform.tracxn.com/a/d/company/64343c2284d1d705080453ed/dv2js%20innovation'}",legal_name,Dv2js Innovation LLP (also known as 3rdiTech),company-field,,,,,SRC03860,HIGH,current,yes,
CL02028,S0356,"{'v': 'Dv2js Innovation', 'src': 'https://platform.tracxn.com/a/d/company/64343c2284d1d705080453ed/dv2js%20innovation'}",business_model,Defence and aerospace software provider,company-field,,,,,,MEDIUM,current,yes,
CL02029,S0356,"{'v': 'Dv2js Innovation', 'src': 'https://platform.tracxn.com/a/d/company/64343c2284d1d705080453ed/dv2js%20innovation'}",official_website,https://www.ynos.in/,company-field,,,,,SRC03369,HIGH,current,yes,playwright render-verified 2026-09-15
CL02030,S0357,"{'v': '4700BC', 'src': 'https://www.indianretailer.com/news/retail-india-news-marico-strengthens-food-portfolio-acquisition-4700bc'}",company_name,4700BC,company-field,,,,,SRC03864,MEDIUM,current,yes,
CL02031,S0357,"{'v': '4700BC', 'src': 'https://www.indianretailer.com/news/retail-india-news-marico-strengthens-food-portfolio-acquisition-4700bc'}",status,"ACTIVE — acquired by Marico (Jan 2026), still operating as brand",company-field,,,2026-01-27,,SRC03863,HIGH,current,yes,
CL02032,S0357,"{'v': '4700BC', 'src': 'https://www.indianretailer.com/news/retail-india-news-marico-strengthens-food-portfolio-acquisition-4700bc'}",city,Mumbai,company-field,,,,,,HIGH,current,yes,
CL02033,S0357,"{'v': '4700BC', 'src': 'https://www.indianretailer.com/news/retail-india-news-marico-strengthens-food-portfolio-acquisition-4700bc'}",primary_sector,d2c foods,company-field,,,,,,HIGH,current,yes,
CL02034,S0357,"{'v': '4700BC', 'src': 'https://www.indianretailer.com/news/retail-india-news-marico-strengthens-food-portfolio-acquisition-4700bc'}",startup_stage,acquired,company-field,,,,,,HIGH,current,yes,
CL02035,S0357,"{'v': '4700BC', 'src': 'https://www.indianretailer.com/news/retail-india-news-marico-strengthens-food-portfolio-acquisition-4700bc'}",public_private,private (acquired by public company Marico),company-field,,,,,,HIGH,current,yes,
CL02036,S0357,"{'v': '4700BC', 'src': 'https://www.indianretailer.com/news/retail-india-news-marico-strengthens-food-portfolio-acquisition-4700bc'}",founded_date,2012,company-field,,,,,SRC03865,HIGH,current,yes,
CL02037,S0357,"{'v': '4700BC', 'src': 'https://www.indianretailer.com/news/retail-india-news-marico-strengthens-food-portfolio-acquisition-4700bc'}",legal_name,Zea Maize Private Limited,company-field,,,,,SRC03866,HIGH,current,yes,
CL02038,S0357,"{'v': '4700BC', 'src': 'https://www.indianretailer.com/news/retail-india-news-marico-strengthens-food-portfolio-acquisition-4700bc'}",business_model,Premium snacking brand (popcorn),company-field,,,,,,HIGH,current,yes,
CL02039,S0357,"{'v': '4700BC', 'src': 'https://www.indianretailer.com/news/retail-india-news-marico-strengthens-food-portfolio-acquisition-4700bc'}",official_website,https://4700bc.com,company-field,,,,,SRC03870,HIGH,current,yes,verified live 2026-09-15: name match on own homepage
CL02040,S0358,Dunzo,city,Bengaluru,company-field,,,,,,HIGH,current,yes,
CL02041,S0359,"{'v': 'GamesKraft', 'src': 'https://www.moneycontrol.com/news/india/ed-files-pmla-complaint-against-gameskraft-rummyculture-founders-in-rs-19-984-crore-money-laundering-case-13983454.html'}",company_name,GamesKraft,company-field,,,,,SRC03875,MEDIUM,current,yes,
CL02042,S0359,"{'v': 'GamesKraft', 'src': 'https://www.moneycontrol.com/news/india/ed-files-pmla-complaint-against-gameskraft-rummyculture-founders-in-rs-19-984-crore-money-laundering-case-13983454.html'}",status,ACTIVE — operating despite RMG ban and ED probe; 400+ layoffs Nov 2025,company-field,,,2025-11,,SRC03874,HIGH,current,yes,
CL02043,S0359,"{'v': 'GamesKraft', 'src': 'https://www.moneycontrol.com/news/india/ed-files-pmla-complaint-against-gameskraft-rummyculture-founders-in-rs-19-984-crore-money-laundering-case-13983454.html'}",city,Bengaluru,company-field,,,,,,HIGH,current,yes,
CL02044,S0359,"{'v': 'GamesKraft', 'src': 'https://www.moneycontrol.com/news/india/ed-files-pmla-complaint-against-gameskraft-rummyculture-founders-in-rs-19-984-crore-money-laundering-case-13983454.html'}",primary_sector,gaming rmg,company-field,,,,,,HIGH,current,yes,
CL02045,S0359,"{'v': 'GamesKraft', 'src': 'https://www.moneycontrol.com/news/india/ed-files-pmla-complaint-against-gameskraft-rummyculture-founders-in-rs-19-984-crore-money-laundering-case-13983454.html'}",startup_stage,late stage,company-field,,,,,,MEDIUM,current,yes,
CL02046,S0359,"{'v': 'GamesKraft', 'src': 'https://www.moneycontrol.com/news/india/ed-files-pmla-complaint-against-gameskraft-rummyculture-founders-in-rs-19-984-crore-money-laundering-case-13983454.html'}",public_private,private,company-field,,,,,,HIGH,current,yes,
CL02047,S0359,"{'v': 'GamesKraft', 'src': 'https://www.moneycontrol.com/news/india/ed-files-pmla-complaint-against-gameskraft-rummyculture-founders-in-rs-19-984-crore-money-laundering-case-13983454.html'}",founded_date,2017,company-field,,,,,,MEDIUM,current,yes,
CL02048,S0359,"{'v': 'GamesKraft', 'src': 'https://www.moneycontrol.com/news/india/ed-files-pmla-complaint-against-gameskraft-rummyculture-founders-in-rs-19-984-crore-money-laundering-case-13983454.html'}",legal_name,Gameskraft Technologies Private Limited,company-field,,,,,,HIGH,current,yes,
CL02049,S0359,"{'v': 'GamesKraft', 'src': 'https://www.moneycontrol.com/news/india/ed-files-pmla-complaint-against-gameskraft-rummyculture-founders-in-rs-19-984-crore-money-laundering-case-13983454.html'}",business_model,Real-money gaming (RummyCulture),company-field,,,,,,HIGH,current,yes,
CL02050,S0359,"{'v': 'GamesKraft', 'src': 'https://www.moneycontrol.com/news/india/ed-files-pmla-complaint-against-gameskraft-rummyculture-founders-in-rs-19-984-crore-money-laundering-case-13983454.html'}",official_website,https://www.gameskraft.com/,company-field,,,,,SRC03881,HIGH,current,yes,W-wave verified 2026-09-15
CL02051,S0360,Good Glamm Group,city,Mumbai,company-field,,,,,,HIGH,current,yes,
CL02052,S0361,"{'v': 'Head Digital Works', 'src': 'https://www.moneycontrol.com/news/business/startup/a23-owner-head-digital-works-to-cut-around-500-jobs-after-govt-s-real-money-gaming-ban-13521656.html'}",company_name,Head Digital Works,company-field,,,,,SRC03885,MEDIUM,current,yes,
CL02053,S0361,"{'v': 'Head Digital Works', 'src': 'https://www.moneycontrol.com/news/business/startup/a23-owner-head-digital-works-to-cut-around-500-jobs-after-govt-s-real-money-gaming-ban-13521656.html'}",status,ACTIVE — operating despite RMG ban; ~500 layoffs Sep 2025; challenged law in Karnataka HC,company-field,,,2025-09,,SRC03894,HIGH,current,yes,
CL02054,S0361,"{'v': 'Head Digital Works', 'src': 'https://www.moneycontrol.com/news/business/startup/a23-owner-head-digital-works-to-cut-around-500-jobs-after-govt-s-real-money-gaming-ban-13521656.html'}",city,Hyderabad,company-field,,,,,,HIGH,current,yes,
CL02055,S0361,"{'v': 'Head Digital Works', 'src': 'https://www.moneycontrol.com/news/business/startup/a23-owner-head-digital-works-to-cut-around-500-jobs-after-govt-s-real-money-gaming-ban-13521656.html'}",primary_sector,gaming rmg (a23),company-field,,,,,,HIGH,current,yes,
CL02056,S0361,"{'v': 'Head Digital Works', 'src': 'https://www.moneycontrol.com/news/business/startup/a23-owner-head-digital-works-to-cut-around-500-jobs-after-govt-s-real-money-gaming-ban-13521656.html'}",startup_stage,late stage,company-field,,,,,,MEDIUM,current,yes,
CL02057,S0361,"{'v': 'Head Digital Works', 'src': 'https://www.moneycontrol.com/news/business/startup/a23-owner-head-digital-works-to-cut-around-500-jobs-after-govt-s-real-money-gaming-ban-13521656.html'}",public_private,private,company-field,,,,,,HIGH,current,yes,
CL02058,S0361,"{'v': 'Head Digital Works', 'src': 'https://www.moneycontrol.com/news/business/startup/a23-owner-head-digital-works-to-cut-around-500-jobs-after-govt-s-real-money-gaming-ban-13521656.html'}",founded_date,2005,company-field,,,,,SRC03886,HIGH,current,yes,
CL02059,S0361,"{'v': 'Head Digital Works', 'src': 'https://www.moneycontrol.com/news/business/startup/a23-owner-head-digital-works-to-cut-around-500-jobs-after-govt-s-real-money-gaming-ban-13521656.html'}",legal_name,Head Digital Works Private Limited,company-field,,,,,,HIGH,current,yes,
CL02060,S0361,"{'v': 'Head Digital Works', 'src': 'https://www.moneycontrol.com/news/business/startup/a23-owner-head-digital-works-to-cut-around-500-jobs-after-govt-s-real-money-gaming-ban-13521656.html'}",business_model,"Online skill-based gaming (A23 Rummy, A23 Poker, Adda52)",company-field,,,,,,HIGH,current,yes,
CL02061,S0361,"{'v': 'Head Digital Works', 'src': 'https://www.moneycontrol.com/news/business/startup/a23-owner-head-digital-works-to-cut-around-500-jobs-after-govt-s-real-money-gaming-ban-13521656.html'}",official_website,https://getlatka.com,company-field,,,,,SRC03895,HIGH,current,yes,verified live 2026-09-15: name match on own homepage
CL02062,S0362,Hike,city,Bengaluru,company-field,,,,,,HIGH,current,yes,
CL02063,S0363,"{'v': 'KiranaClub', 'src': 'https://inc42.com/buzz/meesho-to-acquire-gsf-backed-kirana-club-for-%E2%82%B9202-cr/'}",company_name,KiranaClub,company-field,,,,,SRC03899,MEDIUM,current,yes,
CL02064,S0363,"{'v': 'KiranaClub', 'src': 'https://inc42.com/buzz/meesho-to-acquire-gsf-backed-kirana-club-for-%E2%82%B9202-cr/'}",status,"ACTIVE — acquired by Meesho (June 2026), continues to operate independently within Meesho group",company-field,,,2026-06-12,,SRC03898,HIGH,current,yes,
CL02065,S0363,"{'v': 'KiranaClub', 'src': 'https://inc42.com/buzz/meesho-to-acquire-gsf-backed-kirana-club-for-%E2%82%B9202-cr/'}",city,Bengaluru,company-field,,,,,,HIGH,current,yes,
CL02066,S0363,"{'v': 'KiranaClub', 'src': 'https://inc42.com/buzz/meesho-to-acquire-gsf-backed-kirana-club-for-%E2%82%B9202-cr/'}",primary_sector,b2b commerce,company-field,,,,,,HIGH,current,yes,
CL02067,S0363,"{'v': 'KiranaClub', 'src': 'https://inc42.com/buzz/meesho-to-acquire-gsf-backed-kirana-club-for-%E2%82%B9202-cr/'}",startup_stage,acquired,company-field,,,,,,HIGH,current,yes,
CL02068,S0363,"{'v': 'KiranaClub', 'src': 'https://inc42.com/buzz/meesho-to-acquire-gsf-backed-kirana-club-for-%E2%82%B9202-cr/'}",public_private,private (acquired by public company Meesho),company-field,,,,,,HIGH,current,yes,
CL02069,S0363,"{'v': 'KiranaClub', 'src': 'https://inc42.com/buzz/meesho-to-acquire-gsf-backed-kirana-club-for-%E2%82%B9202-cr/'}",founded_date,unknown,company-field,,,,,,LOW,current,yes,
CL02070,S0363,"{'v': 'KiranaClub', 'src': 'https://inc42.com/buzz/meesho-to-acquire-gsf-backed-kirana-club-for-%E2%82%B9202-cr/'}",legal_name,Kirana Club Pte. Ltd. (Singapore) / Retail Pulse Labs Private Limited (India),company-field,,,,,SRC03903,HIGH,current,yes,
CL02071,S0363,"{'v': 'KiranaClub', 'src': 'https://inc42.com/buzz/meesho-to-acquire-gsf-backed-kirana-club-for-%E2%82%B9202-cr/'}",business_model,B2B commerce platform serving kirana retailers,company-field,,,,,,HIGH,current,yes,
CL02072,S0363,"{'v': 'KiranaClub', 'src': 'https://inc42.com/buzz/meesho-to-acquire-gsf-backed-kirana-club-for-%E2%82%B9202-cr/'}",official_website,https://kirana.club/,company-field,,,,,SRC03905,HIGH,current,yes,W-wave verified 2026-09-15
CL02073,S0363,"{'v': 'KiranaClub', 'src': 'https://inc42.com/buzz/meesho-to-acquire-gsf-backed-kirana-club-for-%E2%82%B9202-cr/'}",careers_website,https://kirana.club/careers,company-field,,,,,SRC03906,HIGH,current,yes,W-wave verified 2026-09-15
CL02074,S0364,{'v': 'Log9 Materials'},company_name,Log9 Materials,company-field,,,,,,MEDIUM,current,yes,
CL02075,S0364,{'v': 'Log9 Materials'},city,Bengaluru,company-field,,,,,,MEDIUM,current,yes,
CL02076,S0364,{'v': 'Log9 Materials'},primary_sector,battery tech / deep-tech,company-field,,,,,,MEDIUM,current,yes,
CL02077,S0364,{'v': 'Log9 Materials'},startup_stage,Insolvency (2025),company-field,,,,,,MEDIUM,current,yes,
CL02078,S0364,{'v': 'Log9 Materials'},public_private,Private,company-field,,,,,,MEDIUM,current,yes,
CL02079,S0364,{'v': 'Log9 Materials'},business_model,Lithium-ion battery cell manufacturing and deep-tech battery solutions,company-field,,,,,,MEDIUM,current,yes,
CL02080,S0364,{'v': 'Log9 Materials'},description,Bengaluru-based deep-tech battery startup that opened India's first commercial lithium-ion cell manufacturing facility; admitted to NCLT insolvency after INR 6.7 Cr default,company-field,,,,,,MEDIUM,current,yes,
CL02081,S0365,{'v': 'PokerBaazi'},company_name,PokerBaazi,company-field,,,,,,MEDIUM,current,yes,
CL02082,S0365,{'v': 'PokerBaazi'},city,Kolkata,company-field,,,,,,MEDIUM,current,yes,
CL02083,S0365,{'v': 'PokerBaazi'},primary_sector,online gaming / RMG,company-field,,,,,,MEDIUM,current,yes,
CL02084,S0365,{'v': 'PokerBaazi'},startup_stage,Late stage,company-field,,,,,,MEDIUM,current,yes,
CL02085,S0365,{'v': 'PokerBaazi'},public_private,Private,company-field,,,,,,MEDIUM,current,yes,
CL02086,S0365,{'v': 'PokerBaazi'},founded_date,2014,company-field,,,,,,MEDIUM,current,yes,
CL02087,S0365,{'v': 'PokerBaazi'},business_model,Online poker and real-money gaming platform,company-field,,,,,,MEDIUM,current,yes,
CL02088,S0365,{'v': 'PokerBaazi'},description,"Kolkata-based online poker platform, founded in 2014 by Navkiran Singh; registered as Baazi Networks Private Limited",company-field,,,,,,MEDIUM,current,yes,
CL02089,S0366,{'v': 'Pync'},company_name,Pync,company-field,,,,,,MEDIUM,current,yes,
CL02090,S0366,{'v': 'Pync'},city,Bengaluru,company-field,,,,,,MEDIUM,current,yes,
CL02091,S0366,{'v': 'Pync'},primary_sector,quick home services,company-field,,,,,,MEDIUM,current,yes,
CL02092,S0366,{'v': 'Pync'},startup_stage,Shut down (2026),company-field,,,,,,MEDIUM,current,yes,
CL02093,S0366,{'v': 'Pync'},public_private,Private,company-field,,,,,,MEDIUM,current,yes,
CL02094,S0366,{'v': 'Pync'},founded_date,2023,company-field,,,,,,MEDIUM,current,yes,
CL02095,S0366,{'v': 'Pync'},business_model,Quick home services platform connecting households with trained professionals,company-field,,,,,,MEDIUM,current,yes,
CL02096,S0366,{'v': 'Pync'},description,"Bengaluru-based quick home services startup founded in 2023, pivoted from car-cleaning subscriptions to home services; shut down Jan 2026 with founders joining rival Snabbit",company-field,,,,,,MEDIUM,current,yes,
CL02097,S0367,"{'v': 'Zupee', 'date': '2018', 'conf': 1.0, 'src': 'Tracxn, Ambitionbox'}",company_name,Zupee,company-field,,,2018,,,HIGH,current,yes,
CL02098,S0367,"{'v': 'Zupee', 'date': '2018', 'conf': 1.0, 'src': 'Tracxn, Ambitionbox'}",legal_name,Zupee Games Private Limited,company-field,,,,,,MEDIUM,current,yes,
CL02099,S0367,"{'v': 'Zupee', 'date': '2018', 'conf': 1.0, 'src': 'Tracxn, Ambitionbox'}",cin,L72200KA2012PLC065294,company-field,,,2012,,,HIGH,current,yes,
CL02100,S0367,"{'v': 'Zupee', 'date': '2018', 'conf': 1.0, 'src': 'Tracxn, Ambitionbox'}",incorporation_date,2012,company-field,,,,,,MEDIUM,current,yes,
CL02101,S0367,"{'v': 'Zupee', 'date': '2018', 'conf': 1.0, 'src': 'Tracxn, Ambitionbox'}",city,Bengaluru,company-field,,,,,,HIGH,current,yes,
CL02102,S0367,"{'v': 'Zupee', 'date': '2018', 'conf': 1.0, 'src': 'Tracxn, Ambitionbox'}",state,Karnataka,company-field,,,,,,HIGH,current,yes,
CL02103,S0367,"{'v': 'Zupee', 'date': '2018', 'conf': 1.0, 'src': 'Tracxn, Ambitionbox'}",hq_city,Gurugram,company-field,,,,,,MEDIUM,current,yes,
CL02104,S0367,"{'v': 'Zupee', 'date': '2018', 'conf': 1.0, 'src': 'Tracxn, Ambitionbox'}",primary_sector,gaming rmg,company-field,,,,,,HIGH,current,yes,
CL02105,S0367,"{'v': 'Zupee', 'date': '2018', 'conf': 1.0, 'src': 'Tracxn, Ambitionbox'}",startup_stage,late-stage,company-field,,,,,,MEDIUM,current,yes,
CL02106,S0367,"{'v': 'Zupee', 'date': '2018', 'conf': 1.0, 'src': 'Tracxn, Ambitionbox'}",public_private,private,company-field,,,,,,HIGH,current,yes,
CL02107,S0367,"{'v': 'Zupee', 'date': '2018', 'conf': 1.0, 'src': 'Tracxn, Ambitionbox'}",founded_date,2018,company-field,,,,,,HIGH,current,yes,
CL02108,S0367,"{'v': 'Zupee', 'date': '2018', 'conf': 1.0, 'src': 'Tracxn, Ambitionbox'}",business_model,Online skill-based gaming platform; pivoted to free-to-play social games and micro-dramas after RMG ban,company-field,,,,,,MEDIUM,current,yes,
CL02109,S0367,"{'v': 'Zupee', 'date': '2018', 'conf': 1.0, 'src': 'Tracxn, Ambitionbox'}",status,ACTIVE,company-field,,,,,,HIGH,current,yes,
CL02110,S0367,"{'v': 'Zupee', 'date': '2018', 'conf': 1.0, 'src': 'Tracxn, Ambitionbox'}",official_website,https://www.zupee.com,company-field,,,,,SRC03945,HIGH,current,yes,verified live 2026-09-15: name match on own homepage
CL02111,S0367,"{'v': 'Zupee', 'date': '2018', 'conf': 1.0, 'src': 'Tracxn, Ambitionbox'}",country,India,company-field,,,2025-08-21,,SRC03933,HIGH,current,yes,
CL02112,S0367,"{'v': 'Zupee', 'date': '2018', 'conf': 1.0, 'src': 'Tracxn, Ambitionbox'}",description,"Skill-based gaming platform offering Ludo, Snakes & Ladders, Tombola, trivia quizzes; pivoted to free-to-play social games and micro-dramas after 2025 Online Gaming Act banned real-money gaming",company-field,,,2025-08-22,,SRC03937,HIGH,current,yes,
CL02113,S0367,"{'v': 'Zupee', 'date': '2018', 'conf': 1.0, 'src': 'Tracxn, Ambitionbox'}",employee_estimate,296,company-field,,,2026-02-01,,SRC03934,MEDIUM,current,yes,466 employees as of May 2025 (Business Today); ~170 laid off Sep 2025 and ~200 laid off Jan 2026; estimate ~296 remaining
CL02114,S0367,"{'v': 'Zupee', 'date': '2018', 'conf': 1.0, 'src': 'Tracxn, Ambitionbox'}",hq_type,HQ,company-field,,,2025-08-21,,SRC03933,HIGH,current,yes,"Gurugram, Haryana"
CL02115,S0367,"{'v': 'Zupee', 'date': '2018', 'conf': 1.0, 'src': 'Tracxn, Ambitionbox'}",registered_office,"L-248, 2nd Floor, 17th Cross, Sector 6, HSR Layout, Bengaluru, Karnataka",company-field,,,2026-09-15,,SRC03927,MEDIUM,current,yes,Tracxn registered office; company operates from Gurugram per Business Today
CL02116,S0368,Vicharak,cin,U46593GJ2023PTC146695,company-field,,,,,SRC03950,MEDIUM,current,yes,
CL02117,S0368,Vicharak,official_website,https://vicharak.in,company-field,,,,,SRC03956,HIGH,current,yes,verified live 2026-09-15: name match on own homepage
CL02118,S0368,Vicharak,careers_website,https://vicharak.in/careers/,company-field,,,,,SRC03956,HIGH,current,yes,playwright render 2026-09-15
CL02119,S0001,Juspay Series D,round_amount,60.0,money,million,USD,2025-04-07,,SRC00001,HIGH,current,yes,
CL02120,S0001,Juspay Series D,valuation,900.0,money,million,USD,2025-04-07,,SRC00001,HIGH,current,yes,post-money reported
CL02121,S0001,Juspay Series D follow-on,round_amount,50.0,money,million,USD,2026-01-23,,SRC00002,HIGH,current,yes,
CL02122,S0001,Juspay Series D follow-on,valuation,1200.0,money,million,USD,2026-01-23,,SRC00002,HIGH,current,yes,post-money reported
CL02123,S0001,Juspay Series C,round_amount,60.0,money,million,USD,2021-12-15,,SRC00013,HIGH,current,yes,"technology and product development, scale payments globally"
CL02124,S0001,Juspay Series C,valuation,460.0,money,million,USD,2021-12-15,,SRC00013,HIGH,current,yes,post-money reported
CL02125,S0002,KreditBee Series E,round_amount,280.0,money,million,USD,2026-04-08,,SRC00031,HIGH,current,yes,"Strengthen lending book/balance sheet, debt-to-equity leverage, lower cost of funds"
CL02126,S0002,KreditBee Series D extension,round_amount,200.0,money,million,USD,2023-01-01,,SRC00032,MEDIUM,current,yes,
CL02127,S0002,KreditBee Series D extension,round_amount,9.4,money,million,USD,2024-03-27,,SRC00041,MEDIUM,current,yes,Pre-IPO round
CL02128,S0002,KreditBee Series D,round_amount,200.0,money,million,USD,2023-01-06,,SRC00032,MEDIUM,current,yes,Growth capital
CL02129,S0002,KreditBee Series C (tranche 2),round_amount,70.0,money,million,USD,2021-03-22,,SRC00042,HIGH,current,yes,"Exit for Chinese investors (Xiaomi, Shunwei, Kunlun); expand lending portfolio"
CL02130,S0002,KreditBee Series C (tranche 1),round_amount,75.0,money,million,USD,2021-02-15,,SRC00043,HIGH,current,yes,"Diversify product offering; venture into secured loans, home loans, credit line"
CL02131,S0003,PhonePe growth/secondary mix,round_amount,100.0,money,million,USD,2023-01-01,,SRC00080,HIGH,current,yes,
CL02132,S0003,PhonePe secondary,round_amount,430.0,money,million,USD,2025-09-01,,SRC00073,HIGH,current,yes,
CL02133,S0003,PhonePe Growth equity,valuation,12000.0,money,million,USD,2023-01,,SRC00074,MEDIUM,current,yes,pre-money
CL02134,S0003,PhonePe growth/secondary,round_amount,350.0,money,million,USD,2023-01-01,,SRC00074,MEDIUM,current,yes,Growth capital post-redomiciling
CL02135,S0004,Razorpay Series F,round_amount,375.0,money,million,USD,2021-12-20,,SRC00099,HIGH,current,yes,
CL02136,S0004,Razorpay Series E,round_amount,160.0,money,million,USD,2021-04-18,,SRC00093,HIGH,current,yes,
CL02137,S0004,Razorpay Series D,round_amount,100.0,money,million,USD,2020-10-12,,SRC00093,HIGH,current,yes,
CL02138,S0004,Razorpay Series C,round_amount,75.0,money,million,USD,2019-06-18,,SRC00093,MEDIUM,current,yes,
CL02139,S0005,Zepto pre-IPO,round_amount,450.0,money,million,USD,2025-10-16,,SRC00104,HIGH,current,yes,
CL02140,S0005,Zepto pre-IPO placement,round_amount,105.0,money,million,USD,2026-08-01,,SRC00108,LOW,current,yes,
CL02141,S0005,Zepto Series A,round_amount,60.0,money,million,USD,2022-01,,SRC00110,MEDIUM,current,yes,
CL02142,S0005,Zepto Series B,round_amount,100.0,money,million,USD,2022-11,,SRC00110,MEDIUM,current,yes,
CL02143,S0005,Zepto Series C,round_amount,200.0,money,million,USD,2023-08,,SRC00104,MEDIUM,current,yes,
CL02144,S0005,Zepto Series D,round_amount,665.0,money,million,USD,2024-06,,SRC00110,HIGH,current,yes,
CL02145,S0005,Zepto Series E,round_amount,340.0,money,million,USD,2024-08,,SRC00110,MEDIUM,current,yes,
CL02146,S0005,Zepto Series F,round_amount,350.0,money,million,USD,2024-11,,SRC00110,MEDIUM,current,yes,
CL02147,S0006,Neysa Seed,round_amount,20.0,money,million,USD,2024-04-10,,SRC00117,HIGH,current,yes,
CL02148,S0006,Neysa Series A,round_amount,30.0,money,million,USD,2024-10-22,,SRC00118,HIGH,current,yes,
CL02149,S0006,Neysa Growth equity,round_amount,600.0,money,million,USD,2026-02-16,,SRC00115,HIGH,current,yes,"Deploy 20,000+ GPUs, R&D, orchestration/observability/security platforms"
CL02150,S0006,Neysa Growth equity,valuation,1400.0,money,million,USD,2026-02-16,,SRC00115,HIGH,current,yes,enterprise value (press-reported)
CL02151,S0006,Neysa Growth equity (planned debt),round_amount,600.0,money,million,USD,2026-02-16,,SRC00114,MEDIUM,current,yes,Additional debt financing subject to documentation
CL02152,S0007,Amagi Series F-II,round_amount,100.0,money,million,USD,2022-11-01,,SRC00136,HIGH,current,yes,
CL02153,S0007,Amagi Series F-II,valuation,1400.0,money,million,USD,2022-11-01,,SRC00136,HIGH,current,yes,post-money
CL02154,S0007,Amagi IPO,round_amount,195.05,money,million,USD,2026-01-21,,SRC00137,HIGH,current,yes,"technology/cloud infra Rs 550 cr, acquisitions, general corporate"
CL02155,S0007,Amagi IPO,valuation,821.0,money,million,USD,2026-01-21,,SRC00137,HIGH,current,yes,market-cap
CL02156,S0008,CRED Series E (reported Oct 2021),round_amount,251.0,money,million,USD,2021-10-01,,SRC00145,MEDIUM,current,yes,
CL02157,S0008,CRED Series E (reported Oct 2021),valuation,4010.0,money,million,USD,2021-10-01,,SRC00145,MEDIUM,current,yes,post-money
CL02158,S0008,CRED Series F,round_amount,140.0,money,million,USD,2022-06-09,,SRC00146,HIGH,current,yes,
CL02159,S0008,CRED Series F,valuation,6400.0,money,million,USD,2022-06-09,,SRC00146,HIGH,current,yes,post-money
CL02160,S0009,Darwinbox Series D,round_amount,72.0,money,million,USD,2022-01-25,,SRC00162,HIGH,current,yes,
CL02161,S0009,Darwinbox Series D,valuation,1000.0,money,million,USD,2022-01-25,,SRC00162,HIGH,current,yes,post-money
CL02162,S0009,Darwinbox growth,round_amount,140.0,money,million,USD,2025-03-05,,SRC00154,HIGH,current,yes,
CL02163,S0009,Darwinbox growth,valuation,950.0,money,million,USD,2025-03-05,,SRC00154,HIGH,current,yes,blended
CL02164,S0009,Darwinbox growth,round_amount,40.0,money,million,USD,2025-08-14,,SRC00156,HIGH,current,yes,
CL02165,S0009,Darwinbox growth,valuation,1000.0,money,million,USD,2025-08-14,,SRC00156,HIGH,current,yes,blended
CL02166,S0010,Emergent Seed,round_amount,7.0,money,million,USD,2024-01-01,,SRC00168,MEDIUM,current,yes,
CL02167,S0010,Emergent Series A,round_amount,23.0,money,million,USD,2025-09-01,,SRC00170,HIGH,current,yes,
CL02168,S0010,Emergent Series B,round_amount,70.0,money,million,USD,2026-01-01,,SRC00167,HIGH,current,yes,
CL02169,S0010,Emergent Series B,valuation,300.0,money,million,USD,2026-01-01,,SRC00167,HIGH,current,yes,post-money
CL02170,S0010,Emergent Series C,round_amount,130.0,money,million,USD,2026-07-15,,SRC00167,HIGH,current,yes,
CL02171,S0010,Emergent Series C,valuation,1500.0,money,million,USD,2026-07-15,,SRC00167,HIGH,current,yes,post-money
CL02172,S0011,Groww Series A,round_amount,6.2,money,million,USD,2019-01-23,,SRC00180,HIGH,current,yes,
CL02173,S0011,Groww Series D,round_amount,83.0,money,million,USD,2021-04-07,,SRC00179,HIGH,current,yes,
CL02174,S0011,Groww Series D,valuation,1000.0,money,million,USD,2021-04-07,,SRC00179,HIGH,current,yes,
CL02175,S0011,Groww Series E,round_amount,251.0,money,million,USD,2021-10-24,,SRC00178,HIGH,current,yes,
CL02176,S0011,Groww Series E,valuation,3000.0,money,million,USD,2021-10-24,,SRC00178,HIGH,current,yes,
CL02177,S0011,Groww Series F,round_amount,202.3,money,million,USD,2025-06-13,,SRC00176,HIGH,current,yes,Pre-IPO funding round
CL02178,S0011,Groww Series F,valuation,7000.0,money,million,USD,2025-06-13,,SRC00176,HIGH,current,yes,pre-money
CL02179,S0011,Groww IPO,round_amount,6632.3,money,million,INR,2025-11-12,,SRC00175,HIGH,current,yes,Public listing
CL02180,S0011,Groww IPO,valuation,7000.0,money,million,USD,2025-11-12,,SRC00175,HIGH,current,yes,market_cap
CL02181,S0012,Gupshup Series F,round_amount,100.0,money,million,USD,2021-04-08,,SRC00230,HIGH,current,yes,
CL02182,S0012,Gupshup Series F,valuation,1400.0,money,million,USD,2021-04-08,,SRC00230,HIGH,current,yes,
CL02183,S0012,Gupshup Series F extension,round_amount,240.0,money,million,USD,2021-07-28,,SRC00220,HIGH,current,yes,
CL02184,S0012,Gupshup Series F extension,valuation,1400.0,money,million,USD,2021-07-28,,SRC00220,HIGH,current,yes,
CL02185,S0012,"Gupshup Series F extension (equity+debt, unpriced)",round_amount,60.0,money,million,USD,2025-07-22,,SRC00217,HIGH,current,yes,
CL02186,S0012,Gupshup Series F follow-on,valuation,1400.0,money,million,USD,2021-07-28,,SRC00224,HIGH,current,yes,post-money
CL02187,S0013,Krutrim Debt,round_amount,24.0,money,million,USD,2023-10,,SRC00242,MEDIUM,current,yes,
CL02188,S0013,Krutrim Series B (first equity round),round_amount,50.0,money,million,USD,2024-01-26,,SRC00239,HIGH,current,yes,
CL02189,S0013,Krutrim Series B (first equity round),valuation,1000.0,money,million,USD,2024-01-26,,SRC00239,HIGH,current,yes,
CL02190,S0013,Krutrim Founder commitment,round_amount,230.0,money,million,USD,2025-02-04,,SRC00240,HIGH,current,yes,"Krutrim AI Labs, Rs 2000 crore investment plan"
CL02191,S0014,Sarvam AI Seed (disclosed within $41M announcement),round_amount,12.0,money,million,USD,2023-12-07,,SRC00273,HIGH,current,yes,
CL02192,S0014,Sarvam AI Series A ($41M total incl. seed),round_amount,29.0,money,million,USD,2023-12-07,,SRC00264,HIGH,current,yes,
CL02193,S0014,Sarvam AI Series B first close (of $300M),round_amount,234.0,money,million,USD,2026-06-15,,SRC00262,HIGH,current,yes,
CL02194,S0014,Sarvam AI Series B first close (of $300M),valuation,1500.0,money,million,USD,2026-06-15,,SRC00262,HIGH,current,yes,
CL02195,S0014,Sarvam AI Series B second tranche,round_amount,75.0,money,million,USD,2026-08-04,,SRC00265,MEDIUM,current,yes,
CL02196,S0014,Sarvam AI Series B second tranche,valuation,1500.0,money,million,USD,2026-08-04,,SRC00265,MEDIUM,current,yes,
CL02197,S0015,Slice Series B,round_amount,220.0,money,million,USD,2021-11-28,,SRC00282,HIGH,current,yes,growth
CL02198,S0015,Slice Series B,valuation,1000.0,money,million,USD,2021-11-28,,SRC00282,HIGH,current,yes,post-money
CL02199,S0015,Slice Insider equity (partly paid shares),round_amount,8.53,money,million,USD,2024-10-17,,SRC00279,HIGH,current,yes,
CL02200,S0015,Slice Later-stage (negotiations),round_amount,100.0,money,million,USD,2026-04-23,,SRC00276,MEDIUM,current,yes,
CL02201,S0015,Slice Later-stage (negotiations),valuation,1000.0,money,million,USD,2026-04-23,,SRC00276,MEDIUM,current,yes,
CL02202,S0015,Slice Later-stage,round_amount,100.0,money,million,USD,2026-09-03,,SRC00278,MEDIUM,current,yes,
CL02203,S0015,Slice Later-stage,valuation,450.0,money,million,USD,2026-09-03,,SRC00278,MEDIUM,current,yes,post-money
CL02204,S0016,upGrad Equity,round_amount,185.0,money,million,USD,2021-08,,SRC00292,MEDIUM,current,yes,
CL02205,S0016,upGrad Equity,valuation,1200.0,money,million,USD,2021-08,,SRC00292,MEDIUM,current,yes,priced round (secondary-reported)
CL02206,S0016,upGrad Equity,round_amount,60.0,money,million,USD,2024-10,,SRC00292,MEDIUM,current,yes,
CL02207,S0016,upGrad Equity,valuation,2250.0,money,million,USD,2024-10,,SRC00292,MEDIUM,current,yes,priced round (secondary-reported)
CL02208,S0016,upGrad Equity,round_amount,206.0,money,million,USD,2026-09,,SRC00288,HIGH,current,yes,Entry into test-prep/K-12; consolidation
CL02209,S0017,BrowserStack Series A,round_amount,50.0,money,million,USD,2018-01,,SRC00347,HIGH,current,yes,
CL02210,S0017,BrowserStack Series A,valuation,500.0,money,million,USD,2018-01,,SRC00347,HIGH,current,yes,press-reported
CL02211,S0017,BrowserStack Series B,round_amount,200.0,money,million,USD,2021-06-16,,SRC00332,HIGH,current,yes,
CL02212,S0017,BrowserStack Series B,valuation,4000.0,money,million,USD,2021-06-16,,SRC00332,HIGH,current,yes,priced round
CL02213,S0018,Dhan Series B,round_amount,120.0,money,million,USD,October 20,,SRC00352,HIGH,current,yes,"Growth, AI investing products, financial-services distribution expansion"
CL02214,S0018,Dhan Series B,valuation,1200.0,money,million,USD,October 20,,SRC00352,HIGH,current,yes,post-money (per sources)
CL02215,S0018,Dhan Series A,round_amount,22.0,money,million,USD,January 20,,SRC00354,HIGH,current,yes,
CL02216,S0018,Dhan Series A,valuation,125.0,money,million,USD,January 20,,SRC00354,HIGH,current,yes,post-money (per Inc42)
CL02217,S0019,"PharmEasy Growth (rights issue, down round)",round_amount,216.0,money,million,USD,April 2024,,SRC00369,HIGH,current,yes,Recapitalization / down round
CL02218,S0019,"PharmEasy Growth (rights issue, down round)",valuation,710.0,money,million,USD,April 2024,,SRC00369,HIGH,current,yes,post-money
CL02219,S0019,"PharmEasy Debt (NCD, Thyrocare-pledge)",round_amount,1700.0,money,million,INR,September ,,SRC00370,HIGH,current,yes,Refinance earlier NCDs
CL02220,S0020,Snapmint Series B,round_amount,125.0,money,million,USD,2025-10-31,,SRC00407,HIGH,current,yes,Expand EMI-on-UPI offering; grow merchant network
CL02221,S0020,Snapmint Series B,valuation,141.0,money,million,USD,2025-10-31,,SRC00407,HIGH,current,yes,pre-money estimate (Tracxn)
CL02222,S0020,Snapmint debt+equity (unlettered),round_amount,18.0,money,million,USD,2024-12-12,,SRC00409,MEDIUM,current,yes,Launch new BNPL products
CL02223,S0020,Snapmint debt+equity (unlettered),round_amount,21.0,money,million,USD,2022-10-17,,SRC00410,MEDIUM,current,yes,UNKNOWN
CL02224,S0021,Upstox Series C (extension tranche; part of ~$200M round context),round_amount,25.0,money,million,USD,November 2,,SRC00429,HIGH,current,yes,Growth; take on Groww/Zerodha
CL02225,S0021,Upstox Series C (extension tranche; part of ~$200M round context),valuation,3000.0,money,million,USD,November 2,,SRC00429,HIGH,current,yes,post-money (reported)
CL02226,S0021,Upstox Series B,round_amount,25.0,money,million,USD,2019-09-24,,SRC00428,HIGH,current,yes,"Discount-broking growth, tech"
CL02227,S0022,Udaan Series G,round_amount,75.0,money,million,USD,2025-02-17,,SRC00443,HIGH,current,yes,
CL02228,S0022,Udaan Series G,valuation,1800.0,money,million,USD,2025-02-17,,SRC00443,HIGH,current,yes,post-money
CL02229,S0022,Udaan Series G,round_amount,114.0,money,million,USD,2025-06-02,,SRC00444,HIGH,current,yes,
CL02230,S0022,Udaan Series G,valuation,1800.0,money,million,USD,2025-06-02,,SRC00444,HIGH,current,yes,post-money
CL02231,S0022,Udaan Series H / structured,round_amount,160.0,money,million,USD,2026-07-14,,SRC00445,HIGH,current,yes,
CL02232,S0022,Udaan Series H / structured,valuation,1800.0,money,million,USD,2026-07-14,,SRC00445,HIGH,current,yes,
CL02233,S0023,ACKO Series D,round_amount,255.0,money,million,USD,2021-10-27,,SRC00457,HIGH,current,yes,growth/expansion
CL02234,S0023,ACKO Series D,valuation,1100.0,money,million,USD,2021-10-27,,SRC00457,HIGH,current,yes,post-money
CL02235,S0023,ACKO Series D,round_amount,60.0,money,million,USD,2020-09-14,,SRC00460,MEDIUM,current,yes,
CL02236,S0023,ACKO Series C,round_amount,65.0,money,million,USD,2019-03-12,,SRC00460,MEDIUM,current,yes,
CL02237,S0023,ACKO Series B,round_amount,12.0,money,million,USD,2018-05-26,,SRC00460,MEDIUM,current,yes,
CL02238,S0023,ACKO Seed,round_amount,30.0,money,million,USD,2017-05-22,,SRC00460,MEDIUM,current,yes,
CL02239,S0024,CoinSwitch Kuber Series A,round_amount,15.0,money,million,USD,2021-01-13,,SRC00483,HIGH,current,yes,
CL02240,S0024,CoinSwitch Kuber Series B,round_amount,25.0,money,million,USD,2021-04-22,,SRC00473,HIGH,current,yes,
CL02241,S0024,CoinSwitch Kuber Series B,valuation,500.0,money,million,USD,2021-04-22,,SRC00473,HIGH,current,yes,post-money
CL02242,S0024,CoinSwitch Kuber Series C,round_amount,260.0,money,million,USD,2021-10-06,,SRC00472,HIGH,current,yes,Growth; a16z first India investment
CL02243,S0024,CoinSwitch Kuber Series C,valuation,1900.0,money,million,USD,2021-10-06,,SRC00472,HIGH,current,yes,post-money
CL02244,S0025,Cult.fit (CureFit) Series A,round_amount,15.0,money,million,USD,2016-07-04,,SRC00506,MEDIUM,current,yes,
CL02245,S0025,Cult.fit (CureFit) Series E,round_amount,75.0,money,million,USD,2021-06-07,,SRC00492,HIGH,current,yes,Growth
CL02246,S0025,Cult.fit (CureFit) Series F,round_amount,145.0,money,million,USD,2021-11-10,,SRC00491,HIGH,current,yes,
CL02247,S0025,Cult.fit (CureFit) Series F,valuation,1560.0,money,million,USD,2021-11-10,,SRC00491,HIGH,current,yes,post-money
CL02248,S0025,Cult.fit (CureFit) Series G,round_amount,47.6,money,million,USD,2026-03-17,,SRC00507,MEDIUM,current,yes,Growth and IPO preparation
CL02249,S0025,Cult.fit (CureFit) Series G,valuation,126000.0,money,million,INR,2026-03-17,,SRC00507,MEDIUM,current,yes,post-money
CL02250,S0026,Fireflies AI Series A,round_amount,14.0,money,million,USD,2021-05-24,,SRC00516,HIGH,current,yes,growth
CL02251,S0026,Fireflies AI Tender Offer,valuation,1000.0,money,million,USD,2025-06-12,,SRC00514,HIGH,current,yes,tender offer (secondary)
CL02252,S0027,Hasura Seed,round_amount,1.6,money,million,USD,2017-08-02,,SRC00533,MEDIUM,current,yes,
CL02253,S0027,Hasura Series A,round_amount,9.9,money,million,USD,2020-02-26,,SRC00533,HIGH,current,yes,
CL02254,S0027,Hasura Series B,round_amount,25.0,money,million,USD,2020-09-08,,SRC00532,HIGH,current,yes,
CL02255,S0027,Hasura Series C,round_amount,100.0,money,million,USD,2022-02-22,,SRC00531,HIGH,current,yes,R&D + global GTM for GraphQL Engine/Hasura Cloud
CL02256,S0027,Hasura Series C,valuation,1000.0,money,million,USD,2022-02-22,,SRC00531,HIGH,current,yes,post-money
CL02257,S0028,Icertis Series E,round_amount,115.0,money,million,USD,2019-07-17,,SRC00547,HIGH,current,yes,
CL02258,S0028,Icertis Series F,round_amount,80.0,money,million,USD,2021-03-11,,SRC00553,HIGH,current,yes,
CL02259,S0028,Icertis Series F,valuation,2800.0,money,million,USD,2021-03-11,,SRC00553,HIGH,current,yes,post-money
CL02260,S0028,Icertis Series F/G (label conflicts),round_amount,50.0,money,million,USD,2025-03-18,,SRC00547,HIGH,current,yes,
CL02261,S0029,LeadSquared Series A,round_amount,3.0,money,million,USD,2019-05-17,,SRC00561,MEDIUM,current,yes,
CL02262,S0029,LeadSquared Series B,round_amount,32.6,money,million,USD,2020-12-14,,SRC00576,HIGH,current,yes,
CL02263,S0029,LeadSquared Series B extension,round_amount,12.5,money,million,USD,2021-08-05,,SRC00576,MEDIUM,current,yes,
CL02264,S0029,LeadSquared Series C,round_amount,153.0,money,million,USD,2022-06-21,,SRC00558,HIGH,current,yes,India + North America growth; APAC/EMEA build; product + acquisitions; double headcount
CL02265,S0029,LeadSquared Series C,valuation,1000.0,money,million,USD,2022-06-21,,SRC00558,HIGH,current,yes,post-money
CL02266,S0030,MoEngage Series F (tranche 1),round_amount,100.0,money,million,USD,2025-11-05,,SRC00582,HIGH,current,yes,"Merlin AI innovation, North America/EMEA GTM expansion"
CL02267,S0030,MoEngage Series F (follow-on),round_amount,180.0,money,million,USD,2025-12-17,,SRC00580,HIGH,current,yes,"Merlin AI agents, North America/EMEA GTM, strategic acquisitions"
CL02268,S0030,MoEngage Series F (follow-on),valuation,900.0,money,million,USD,2025-12-17,,SRC00580,HIGH,current,yes,post-money (source-close person)
CL02269,S0030,MoEngage Series E,round_amount,77.0,money,million,USD,2022-06-01,,SRC00581,HIGH,current,yes,"US/Europe/Asia/MEA footprint, LatAm/Australia expansion, acquisitions"
CL02270,S0031,Moneyview Series E,round_amount,75.0,money,million,USD,2022-12-26,,SRC00589,HIGH,current,yes,
CL02271,S0031,Moneyview Series E,valuation,900.0,money,million,USD,2022-12-26,,SRC00589,HIGH,current,yes,post-money
CL02272,S0031,Moneyview Series E-II,round_amount,4.65,money,million,USD,2024-09-12,,SRC00596,MEDIUM,current,yes,
CL02273,S0031,Moneyview Series E-II,valuation,1200.0,money,million,USD,2024-09-12,,SRC00596,MEDIUM,current,yes,post-money
CL02274,S0031,Moneyview Debt (conventional),round_amount,11.4,money,million,USD,2025-11-27,,SRC00596,MEDIUM,current,yes,
CL02275,S0032,Mu Sigma Series A / growth,round_amount,30.0,money,million,USD,2008-09-25,,SRC00598,HIGH,current,yes,
CL02276,S0032,Mu Sigma Growth,round_amount,25.0,money,million,USD,2011-04-01,,SRC00598,HIGH,current,yes,
CL02277,S0032,Mu Sigma Growth,round_amount,108.0,money,million,USD,2011-12-28,,SRC00598,HIGH,current,yes,
CL02278,S0032,Mu Sigma Corporate minority,round_amount,45.0,money,million,USD,2013-02-20,,SRC00598,HIGH,current,yes,
CL02279,S0032,Mu Sigma Corporate minority,valuation,1000.0,money,million,USD,2013-02-20,,SRC00598,HIGH,current,yes,post-money
CL02280,S0032,Mu Sigma Unattributed,round_amount,2.01,money,million,USD,2024-05-06,,SRC00600,MEDIUM,current,yes,
CL02281,S0032,Mu Sigma Series B,round_amount,25.0,money,million,USD,2011-04-01,,SRC00598,HIGH,current,yes,growth
CL02282,S0032,Mu Sigma Series C / D,round_amount,108.0,money,million,USD,2011-12-28,,SRC00598,HIGH,current,yes,growth
CL02283,S0033,Netradyne Series A,round_amount,18.12,money,million,USD,2016-07-15,,SRC00607,MEDIUM,current,yes,
CL02284,S0033,Netradyne Series B,round_amount,21.0,money,million,USD,2018-09-27,,SRC00607,MEDIUM,current,yes,
CL02285,S0033,Netradyne Series C,round_amount,150.0,money,million,USD,2021-07-15,,SRC00607,HIGH,current,yes,
CL02286,S0033,Netradyne Series C,valuation,786.68,money,million,USD,2021-07-15,,SRC00607,HIGH,current,yes,
CL02287,S0033,Netradyne Debt/mezzanine,round_amount,65.0,money,million,USD,2022-01-01,,SRC00607,MEDIUM,current,yes,
CL02288,S0033,Netradyne Series D,round_amount,90.0,money,million,USD,2025-01-16,,SRC00605,HIGH,current,yes,"R&D, GTM, global expansion (Japan/Spain/Ireland/France/Italy)"
CL02289,S0033,Netradyne Series D,valuation,1340.0,money,million,USD,2025-01-16,,SRC00605,HIGH,current,yes,post-money
CL02290,S0034,Postman Series D,round_amount,225.0,money,million,USD,2021-08-18,,SRC00613,HIGH,current,yes,
CL02291,S0034,Postman Series D,valuation,5600.0,money,million,USD,2021-08-18,,SRC00613,HIGH,current,yes,post-money
CL02292,S0034,Postman Series C,round_amount,150.0,money,million,USD,2020-06-11,,SRC00615,HIGH,current,yes,
CL02293,S0034,Postman Series C,valuation,2000.0,money,million,USD,2020-06-11,,SRC00615,HIGH,current,yes,post-money
CL02294,S0034,Postman Series B,round_amount,50.0,money,million,USD,2019-06-19,,SRC00615,HIGH,current,yes,
CL02295,S0034,Postman Series A,round_amount,7.0,money,million,USD,2016-10-13,,SRC00620,MEDIUM,current,yes,
CL02296,S0034,Postman Seed,round_amount,1.0,money,million,USD,2015-05-01,,SRC00620,MEDIUM,current,yes,
CL02297,S0034,Postman Seed,round_amount,0.977,money,million,USD,2014-10-31,,SRC00615,MEDIUM,current,yes,
CL02298,S0034,Postman Secondary,valuation,3360.0,money,million,USD,2024-08,,SRC00614,MEDIUM,current,yes,secondary-market
CL02299,S0035,Zeta Series D (unicorn),round_amount,250.0,money,million,USD,May 2021,,SRC00636,MEDIUM,current,yes,
CL02300,S0035,Zeta Series D (unicorn),valuation,1450.0,money,million,USD,May 2021,,SRC00636,MEDIUM,current,yes,
CL02301,S0035,Zeta Strategic,round_amount,50.0,money,million,USD,Feb 2025,,SRC00623,HIGH,current,yes,
CL02302,S0035,Zeta Strategic,valuation,2000.0,money,million,USD,Feb 2025,,SRC00623,HIGH,current,yes,
CL02303,S0035,Zeta Series D,round_amount,50.0,money,million,USD,2025-02-11,,SRC00623,HIGH,current,yes,Cash reserves for operational resilience and unforeseen expenses
CL02304,S0035,Zeta Series C,round_amount,30.0,money,million,USD,2022-03-07,,SRC00637,MEDIUM,current,yes,Unknown
CL02305,S0035,Zeta Series C,round_amount,250.0,money,million,USD,2021-05-24,,SRC00635,HIGH,current,yes,"Accelerate growth in US, Europe, India; scale operations, team, platform"
CL02306,S0036,Flipkart Acquisition (majority),round_amount,16000.0,money,million,USD,May 2018,,SRC00651,MEDIUM,current,yes,
CL02307,S0036,Flipkart Acquisition (majority),valuation,21000.0,money,million,USD,May 2018,,SRC00651,MEDIUM,current,yes,
CL02308,S0036,Flipkart Acquisition (majority stake),round_amount,16000.0,money,million,USD,2018-05,,SRC00651,HIGH,current,yes,Walmart acquires 77% stake; includes $2Bn fresh equity
CL02309,S0036,Flipkart Acquisition (majority stake),valuation,20800.0,money,million,USD,2018-05,,SRC00651,HIGH,current,yes,transaction
CL02310,S0036,Flipkart primary,round_amount,3600.0,money,million,USD,2021-07,,SRC00650,MEDIUM,current,yes,Funding round at $37.6Bn valuation
CL02311,S0036,Flipkart primary,round_amount,600.0,money,million,USD,2023-12,,SRC00650,HIGH,current,yes,Walmart parent infusion; round kicked off Dec 2023
CL02312,S0036,Flipkart primary,round_amount,950.0,money,million,USD,2024-05,,SRC00650,HIGH,current,yes,"Double down on quick commerce, travel (Cleartrip), Shopsy, financial services; pre-IPO domicile shift"
CL02313,S0036,Flipkart ESOP buyback,round_amount,25.0,money,million,USD,2025-07,,SRC00646,MEDIUM,current,yes,Employee liquidity; first tranche of two-part buyback
CL02314,S0036,Flipkart ESOP buyback,round_amount,25.0,money,million,USD,2026-07,,SRC00646,MEDIUM,current,yes,Second tranche contingent on performance milestones; achieved per Group CEO memo Jul 6 2026
CL02315,S0037,Porter Series F,round_amount,200.0,money,million,USD,May 2025,,SRC00656,HIGH,current,yes,
CL02316,S0037,Porter Series F,valuation,1200.0,money,million,USD,May 2025,,SRC00656,HIGH,current,yes,
CL02317,S0037,Porter Seed,round_amount,0.481,money,million,USD,2015-02-20,,SRC00662,MEDIUM,current,yes,early-stage funding
CL02318,S0037,Porter Series A,round_amount,5.5,money,million,USD,2015-06-10,,SRC00662,MEDIUM,current,yes,early-stage funding
CL02319,S0037,Porter Series B,round_amount,2.53,money,million,USD,2016-07-12,,SRC00662,MEDIUM,current,yes,early-stage funding
CL02320,S0037,Porter Series B,round_amount,1.47,money,million,USD,2016-12-13,,SRC00662,MEDIUM,current,yes,early-stage funding
CL02321,S0037,Porter Series B,round_amount,1.34,money,million,USD,2017-05-02,,SRC00662,MEDIUM,current,yes,early-stage funding
CL02322,S0037,Porter Series B,round_amount,2.01,money,million,USD,2017-08-30,,SRC00662,MEDIUM,current,yes,early-stage funding
CL02323,S0037,Porter Series C,round_amount,7.7,money,million,USD,2018-03-28,,SRC00662,MEDIUM,current,yes,early-stage funding
CL02324,S0037,Porter Series C,round_amount,10.0,money,million,USD,2019-08-06,,SRC00662,MEDIUM,current,yes,early-stage funding
CL02325,S0037,Porter Series D,round_amount,18.5,money,million,USD,2020-04-10,,SRC00662,MEDIUM,current,yes,early-stage funding
CL02326,S0037,Porter Series E,round_amount,101.0,money,million,USD,2021-09-01,,SRC00663,HIGH,current,yes,"consolidate position, acquire talent, expand to top 35 cities"
CL02327,S0037,Porter Series F (extended),round_amount,100.0,money,million,USD,2025-09-09,,SRC00666,MEDIUM,current,yes,"additional capital; ~$50M primary, ~$250-260M secondary"
CL02328,S0037,Porter Series F (tranche),round_amount,46.5,money,million,USD,2026-01-15,,SRC00662,MEDIUM,current,yes,continued Series F funding
CL02329,S0038,Unacademy Acquisition,round_amount,206.0,money,million,USD,Sep 2026,,SRC00288,HIGH,current,yes,
CL02330,S0038,Unacademy Acquisition,valuation,19000.0,money,million,INR,Sep 2026,,SRC00288,HIGH,current,yes,
CL02331,S0038,Unacademy Series H,round_amount,440.0,money,million,USD,2021-08,,SRC00288,HIGH,current,yes,Pandemic-era edtech expansion
CL02332,S0038,Unacademy Series H,valuation,3440.0,money,million,USD,2021-08,,SRC00288,HIGH,current,yes,peak
CL02333,S0038,Unacademy internal_funding,round_amount,360.0,money,million,USD,2026-03,,SRC00687,MEDIUM,current,yes,upGrad internal round ahead of Unacademy acquisition
CL02334,S0039,Vedantu Series D,round_amount,100.0,money,million,USD,2020-07-17,,SRC00701,MEDIUM,current,yes,Growth
CL02335,S0039,Vedantu Series D,valuation,600.0,money,million,USD,2020-07-17,,SRC00701,MEDIUM,current,yes,post-money
CL02336,S0039,Vedantu Series E (unicorn),round_amount,100.0,money,million,USD,2021-09-29,,SRC00696,HIGH,current,yes,Growth and expansion
CL02337,S0039,Vedantu Series E (unicorn),valuation,1000.0,money,million,USD,2021-09-29,,SRC00696,HIGH,current,yes,post-money
CL02338,S0039,Vedantu Internal/bridge,round_amount,11.0,money,million,USD,Sep 2025,,SRC00707,MEDIUM,current,yes,
CL02339,S0039,Vedantu Series F,valuation,868.0,money,million,USD,2025-09-26,,SRC00699,HIGH,current,yes,post-money (Tracxn)
CL02340,S0040,Zetwerk Venture round,round_amount,90.0,money,million,USD,Dec 2024,,SRC00729,LOW,current,yes,
CL02341,S0040,Zetwerk Venture round,valuation,3000.0,money,million,USD,Dec 2024,,SRC00729,LOW,current,yes,
CL02342,S0040,Zetwerk Series E,round_amount,150.0,money,million,USD,2021-08-20,,SRC00723,HIGH,current,yes,International expansion
CL02343,S0040,Zetwerk Series E,valuation,1330.0,money,million,USD,2021-08-20,,SRC00723,HIGH,current,yes,post-money
CL02344,S0040,Zetwerk Series F,round_amount,210.0,money,million,USD,2021-12-29,,SRC00721,MEDIUM,current,yes,Growth and acquisitions
CL02345,S0040,Zetwerk Series F,valuation,2700.0,money,million,USD,2021-12-29,,SRC00721,MEDIUM,current,yes,post-money
CL02346,S0040,Zetwerk Venture round,round_amount,100.0,money,million,USD,2024-12-19,,SRC00726,MEDIUM,current,yes,Growth capital
CL02347,S0040,Zetwerk Venture round,valuation,3000.0,money,million,USD,2024-12-19,,SRC00726,MEDIUM,current,yes,post-money
CL02348,S0040,Zetwerk Pre-IPO,round_amount,500.0,money,million,USD,2026-03-30,,SRC00724,MEDIUM,current,yes,Pre-IPO balance sheet strengthening
CL02349,S0040,Zetwerk Pre-IPO,valuation,3000.0,money,million,USD,2026-03-30,,SRC00724,MEDIUM,current,yes,post-money
CL02350,S0040,Zetwerk Total raised,round_amount,931.0,money,million,USD,2026-09-15,,SRC00727,MEDIUM,current,yes,Cumulative across 20 rounds
CL02351,S0041,Dream11 (Dream Sports) Series C,round_amount,2.17,money,million,USD,2017-01-17,,SRC00747,LOW,current,yes,
CL02352,S0041,Dream11 (Dream Sports) Series D,round_amount,100.0,money,million,USD,2018-09-06,,SRC00735,MEDIUM,current,yes,
CL02353,S0041,Dream11 (Dream Sports) Series E,round_amount,225.0,money,million,USD,2020-09-14,,SRC00735,HIGH,current,yes,
CL02354,S0041,Dream11 (Dream Sports) Series E,valuation,2500.0,money,million,USD,2020-09-14,,SRC00735,HIGH,current,yes,post-money
CL02355,S0041,Dream11 (Dream Sports) Secondary,round_amount,400.0,money,million,USD,2021-03-25,,SRC00736,HIGH,current,yes,"secondary (early investors Multiples, Kalaari sold)"
CL02356,S0041,Dream11 (Dream Sports) Secondary,valuation,5000.0,money,million,USD,2021-03-25,,SRC00736,HIGH,current,yes,post-money
CL02357,S0041,Dream11 (Dream Sports) Series F,round_amount,840.0,money,million,USD,2021-11-24,,SRC00737,HIGH,current,yes,
CL02358,S0041,Dream11 (Dream Sports) Series F,valuation,8000.0,money,million,USD,2021-11-24,,SRC00737,HIGH,current,yes,post-money
CL02359,S0042,InMobi Debt,round_amount,100.0,money,million,USD,2024-09-10,,SRC00752,MEDIUM,current,yes,
CL02360,S0042,"InMobi Loan (2 tranches, 13-14%, secured on founders' stake)",round_amount,350.0,money,million,USD,2025-12-04,,SRC00751,HIGH,current,yes,share buyback from SoftBank/PE holders ahead of IPO
CL02361,S0042,"InMobi Loan (2 tranches, 13-14%, secured on founders' stake)",valuation,1000.0,money,million,USD,2025-12-04,,SRC00751,HIGH,current,yes,transaction
CL02362,S0042,InMobi Series A,round_amount,830.0,money,million,INR,2024-07,,SRC00755,MEDIUM,current,yes,
CL02363,S0042,InMobi Debt,round_amount,350.0,money,million,USD,2025-12-04,,SRC00751,HIGH,current,yes,Share buyback from SoftBank/PE holders ahead of IPO
CL02364,S0042,InMobi Pre-IPO (talks),round_amount,150.0,money,million,USD,None,,SRC00755,MEDIUM,current,yes,Realign cap table ahead of FY27 IPO
CL02365,S0042,InMobi Series E (talks),round_amount,400.0,money,million,USD,None,,SRC00753,MEDIUM,current,yes,GenAI advertising; DRHP filing
CL02366,S0042,InMobi Total PE raised,round_amount,216.0,money,million,USD,None,,SRC00753,HIGH,current,yes,
CL02367,S0043,Nykaa Primary (unicorn round),valuation,1200.0,money,million,USD,2019-03,,SRC00777,MEDIUM,current,yes,post-money
CL02368,S0043,Nykaa Secondary,valuation,1800.0,money,million,USD,2020-11,,SRC00777,LOW,current,yes,post-money
CL02369,S0043,Nykaa IPO,round_amount,53520.0,money,million,INR,2021-11-10,,SRC00774,HIGH,current,yes,"new stores/warehouses, debt retirement, marketing/owned brands"
CL02370,S0043,Nykaa IPO,valuation,7100.0,money,million,USD,2021-11-10,,SRC00774,HIGH,current,yes,post-money
CL02371,S0044,Rebel Foods Series G,round_amount,210.0,money,million,USD,2024-12-12,,SRC00786,HIGH,current,yes,
CL02372,S0044,Rebel Foods Series G,valuation,750.0,money,million,USD,2024-12-12,,SRC00786,HIGH,current,yes,post-money (primary)
CL02373,S0044,Rebel Foods Secondary,valuation,750.0,money,million,USD,2024-12-19,,SRC00785,HIGH,current,yes,secondary transaction valuation
CL02374,S0044,Rebel Foods Unattributed top-up,round_amount,25.0,money,million,USD,2025-04-22,,SRC00787,MEDIUM,current,yes,
CL02375,S0044,Rebel Foods Unattributed top-up,valuation,1400.0,money,million,USD,2025-04-22,,SRC00787,MEDIUM,current,yes,reported post-money
CL02376,S0044,Rebel Foods Series F,round_amount,175.0,money,million,USD,2021-10-07,,SRC00789,MEDIUM,current,yes,
CL02377,S0044,Rebel Foods Series F,valuation,1400.0,money,million,USD,2021-10-07,,SRC00789,MEDIUM,current,yes,post-money
CL02378,S0044,Rebel Foods Top-up (unattributed),round_amount,25.0,money,million,USD,2025-04-22,,SRC00787,MEDIUM,current,yes,Omnichannel/food-court expansion
CL02379,S0045,Drools Private Equity minority,round_amount,60.0,money,million,USD,2023-06-20,,SRC00797,,current,yes,
CL02380,S0045,Drools Private Equity minority,valuation,600.0,money,million,USD,2023-06-20,,SRC00797,,current,yes,
CL02381,S0045,Drools Corporate minority,valuation,1000.0,money,million,USD,2025-05-26,,SRC00798,,current,yes,
CL02382,S0046,Fractal Analytics Series C,round_amount,100.0,money,million,USD,2016-05-10,,SRC00824,MEDIUM,current,yes,
CL02383,S0046,Fractal Analytics Series C,valuation,300.0,money,million,USD,2016-05-10,,SRC00824,MEDIUM,current,yes,post-money
CL02384,S0046,Fractal Analytics Series D (Apax),round_amount,200.0,money,million,USD,2019-01-01,,SRC00825,MEDIUM,current,yes,
CL02385,S0046,Fractal Analytics Series D (TPG),round_amount,360.0,money,million,USD,2022-01-05,,SRC00825,HIGH,current,yes,
CL02386,S0046,Fractal Analytics Series D (TPG),valuation,1550.0,money,million,USD,2022-01-05,,SRC00825,HIGH,current,yes,post-money
CL02387,S0046,Fractal Analytics Secondary,round_amount,170.0,money,million,USD,2025-07-15,,SRC00816,HIGH,current,yes,
CL02388,S0046,Fractal Analytics Secondary,valuation,2440.0,money,million,USD,2025-07-15,,SRC00816,HIGH,current,yes,secondary transaction valuation
CL02389,S0047,Jumbotail Series C,round_amount,85.0,money,million,USD,2021-12-20,,SRC00844,,current,yes,
CL02390,S0047,Jumbotail Series D,round_amount,120.0,money,million,USD,2025-06-30,,SRC00829,,current,yes,"scale, Solv merger completion"
CL02391,S0047,Jumbotail Series D,valuation,1000.0,money,million,USD,2025-06-30,,SRC00829,,current,yes,post-money
CL02392,S0047,Jumbotail Seed,round_amount,1.97,money,million,USD,2015-12-16,,SRC00837,HIGH,current,yes,Initial funding
CL02393,S0047,Jumbotail Series A,round_amount,11.4,money,million,USD,2017-05-15,,SRC00837,HIGH,current,yes,Marketplace expansion
CL02394,S0047,Jumbotail Series B,round_amount,15.8,money,million,USD,2019-01-04,,SRC00837,HIGH,current,yes,Scale kirana network
CL02395,S0047,Jumbotail Series B,round_amount,25.1,money,million,USD,2020-10-20,,SRC00837,HIGH,current,yes,Pan-India kirana expansion
CL02396,S0047,Jumbotail Series C,round_amount,69.8,money,million,USD,2021-12-20,,SRC00837,HIGH,current,yes,"Scale kirana network, expand cities"
CL02397,S0047,Jumbotail Venture Debt,round_amount,4.79,money,million,USD,2021-06-04,,SRC00837,HIGH,current,yes,Working capital
CL02398,S0047,Jumbotail Venture Debt,round_amount,9.13,money,million,USD,2023-03-14,,SRC00837,HIGH,current,yes,Working capital
CL02399,S0047,Jumbotail Series C3,round_amount,18.2,money,million,USD,2024-03-18,,SRC00840,HIGH,current,yes,"Scale GTM products for brands, kirana expansion"
CL02400,S0047,Jumbotail Series C,round_amount,0.459,money,million,USD,2023-05-26,,SRC00837,MEDIUM,current,yes,Debt-related
CL02401,S0048,Livspace Series C,round_amount,70.0,money,million,USD,2018-09-19,,SRC00868,,current,yes,
CL02402,S0048,Livspace Series F,round_amount,180.0,money,million,USD,2022-02-08,,SRC00851,,current,yes,
CL02403,S0048,Livspace Series F,valuation,1200.0,money,million,USD,2022-02-08,,SRC00851,,current,yes,
CL02404,S0048,Livspace Series A,round_amount,4.6,money,million,USD,2014-12-17,,SRC00867,HIGH,current,yes,
CL02405,S0048,Livspace Series A (second tranche),round_amount,8.6,money,million,USD,2015-08-11,,SRC00867,HIGH,current,yes,
CL02406,S0048,Livspace Series B,round_amount,15.0,money,million,USD,2016-05-13,,SRC00870,HIGH,current,yes,
CL02407,S0048,Livspace Series D (second tranche),round_amount,60.0,money,million,USD,2020-01-28,,SRC00867,HIGH,current,yes,
CL02408,S0048,Livspace Series D (third tranche),round_amount,90.0,money,million,USD,2020-09-03,,SRC00867,HIGH,current,yes,
CL02409,S0048,Livspace Series F (first tranche),round_amount,57.8,money,million,USD,2021-10-07,,SRC00861,HIGH,current,yes,
CL02410,S0048,Livspace Series F (first tranche),valuation,647.0,money,million,USD,2021-10-07,,SRC00861,HIGH,current,yes,post-money
CL02411,S0048,Livspace Series F (second tranche),round_amount,180.0,money,million,USD,2022-02-07,,SRC00857,HIGH,current,yes,"Global expansion, brand building, M&A"
CL02412,S0048,Livspace Series F (second tranche),valuation,1200.0,money,million,USD,2022-02-07,,SRC00857,HIGH,current,yes,post-money
CL02413,S0048,Livspace Late VC,round_amount,427.21,money,million,INR,2025-04-28,,SRC00864,HIGH,current,yes,Reverse flip to India; IPO preparation
CL02414,S0048,Livspace Late VC,round_amount,42.0,money,million,USD,2025-07-24,,SRC00872,MEDIUM,current,yes,
CL02415,S0049,Meesho Series F,round_amount,570.0,money,million,USD,2021-09,,SRC00894,,current,yes,
CL02416,S0049,Meesho Series F,valuation,4900.0,money,million,USD,2021-09,,SRC00894,,current,yes,
CL02417,S0049,Meesho Series F (late private),round_amount,270.0,money,million,USD,2025-01-27,,SRC00902,,current,yes,
CL02418,S0049,Meesho Series F (late private),valuation,3900.0,money,million,USD,2025-01-27,,SRC00902,,current,yes,
CL02419,S0049,Meesho IPO,round_amount,606.0,money,million,USD,2025-12-03,,SRC00889,,current,yes,
CL02420,S0049,Meesho IPO,valuation,5600.0,money,million,USD,2025-12-03,,SRC00889,,current,yes,
CL02421,S0049,Meesho Seed,round_amount,0.3,money,million,USD,2015,,SRC00894,MEDIUM,current,yes,Initial funding
CL02422,S0049,Meesho Seed,valuation,0.07,money,million,USD,2015,,SRC00894,MEDIUM,current,yes,post-money
CL02423,S0049,Meesho Series A,round_amount,125.0,money,million,USD,2019,,SRC00894,HIGH,current,yes,Growth
CL02424,S0049,Meesho Series A,valuation,700.0,money,million,USD,2019,,SRC00894,HIGH,current,yes,post-money
CL02425,S0049,Meesho Series B,round_amount,300.0,money,million,USD,2021-04,,SRC00894,HIGH,current,yes,Unicorn round
CL02426,S0049,Meesho Series B,valuation,2100.0,money,million,USD,2021-04,,SRC00894,HIGH,current,yes,post-money
CL02427,S0050,Ola (ANI Technologies) Pre-IPO (ANI Technologies),round_amount,500.0,money,million,USD,2021-07-09,,SRC00908,,current,yes,
CL02428,S0050,Ola (ANI Technologies) Series J,round_amount,139.0,money,million,USD,2021-12-08,,SRC00920,,current,yes,Growth
CL02429,S0050,Ola (ANI Technologies) Series J,valuation,6600.0,money,million,USD,2021-12-08,,SRC00920,,current,yes,post-money
CL02430,S0050,Ola (ANI Technologies) Series J,valuation,7300.0,money,million,USD,2022-02-22,,SRC00912,HIGH,current,yes,post-money (peak)
CL02431,S0050,Ola (ANI Technologies) Series F,valuation,5000.0,money,million,USD,2015-12-11,,SRC00494,HIGH,current,yes,post-money
CL02432,S0051,Rapido Series D,round_amount,180.0,money,million,USD,2022-04,,SRC00926,,current,yes,
CL02433,S0051,Rapido Series D,valuation,830.0,money,million,USD,2022-04,,SRC00926,,current,yes,
CL02434,S0051,Rapido Series E,round_amount,120.0,money,million,USD,2024-07-29,,SRC00926,,current,yes,
CL02435,S0051,Rapido Series E,valuation,1100.0,money,million,USD,2024-07-29,,SRC00926,,current,yes,
CL02436,S0051,Rapido Series F (primary; part of $730M primary+secondary),round_amount,240.0,money,million,USD,2026-05-15,,SRC00925,,current,yes,
CL02437,S0051,Rapido Series F (primary; part of $730M primary+secondary),valuation,3000.0,money,million,USD,2026-05-15,,SRC00925,,current,yes,
CL02438,S0051,Rapido Series A,round_amount,11.2,money,million,USD,2019-01-10,,SRC00939,HIGH,current,yes,Expansion
CL02439,S0051,Rapido Series B,round_amount,54.6,money,million,USD,2019-08-14,,SRC00939,HIGH,current,yes,Expansion
CL02440,S0051,Rapido Series C,round_amount,52.0,money,million,USD,2021-08-16,,SRC00940,HIGH,current,yes,"Hiring, strategic investments, technology"
CL02441,S0051,Rapido Series E (secondary),round_amount,30.0,money,million,USD,2025-02-11,,SRC00941,MEDIUM,current,yes,Secondary share purchase
CL02442,S0051,Rapido Series F (primary),round_amount,240.0,money,million,USD,2026-05-15,,SRC00925,HIGH,current,yes,"Expand footprint, grow captain network, invest in "
CL02443,S0051,Rapido Series F (primary),valuation,3000.0,money,million,USD,2026-05-15,,SRC00925,HIGH,current,yes,
CL02444,S0051,Rapido Series F (secondary),round_amount,270.0,money,million,USD,2025-09-23,,SRC00933,HIGH,current,yes,Swiggy full exit (12% stake)
CL02445,S0051,Rapido Series F (secondary),valuation,2300.0,money,million,USD,2025-09-23,,SRC00933,HIGH,current,yes,
CL02446,S0051,Rapido Series F (secondary - ongoing),round_amount,100.0,money,million,INR,2026-06-18,,SRC00936,MEDIUM,current,yes,Early backers liquidity; part of larger $730M roun
CL02447,S0051,Rapido Series F (secondary - ongoing),valuation,3000.0,money,million,USD,2026-06-18,,SRC00936,MEDIUM,current,yes,
CL02448,S0052,ShareChat Series E,round_amount,502.0,money,million,USD,Apr 2021,,SRC00978,,current,yes,
CL02449,S0052,ShareChat Series H,round_amount,255.0,money,million,USD,2022-06,,SRC00978,,current,yes,Growth; Google + Temasek participation
CL02450,S0052,ShareChat Series H,valuation,4900.0,money,million,USD,2022-06,,SRC00978,,current,yes,post-money
CL02451,S0052,ShareChat debt/convertible,round_amount,49.0,money,million,USD,Apr 2024,,SRC00979,,current,yes,
CL02452,S0052,ShareChat Seed,round_amount,0.7,money,million,USD,2015-10-03,,SRC00980,MEDIUM,current,yes,
CL02453,S0052,ShareChat Series A,round_amount,4.0,money,million,USD,2016-11-12,,SRC00980,MEDIUM,current,yes,
CL02454,S0052,ShareChat Series B,round_amount,8.0,money,million,USD,2017-12-06,,SRC00980,MEDIUM,current,yes,
CL02455,S0052,ShareChat Series C,round_amount,50.0,money,million,USD,2018-09-14,,SRC00980,MEDIUM,current,yes,
CL02456,S0052,ShareChat Series D,round_amount,100.0,money,million,USD,2019-08-22,,SRC00981,HIGH,current,yes,
CL02457,S0052,ShareChat Series G,round_amount,266.0,money,million,USD,2021-12-16,,SRC00980,MEDIUM,current,yes,
CL02458,S0052,ShareChat Series H (add-on),round_amount,78.0,money,million,USD,2022-06,,SRC00967,MEDIUM,current,yes,
CL02459,S0052,ShareChat Series H (add-on),valuation,4900.0,money,million,USD,2022-06,,SRC00967,MEDIUM,current,yes,post-money
CL02460,S0052,ShareChat Venture Debt / Convertible,round_amount,50.0,money,million,USD,2023-07,,SRC00982,MEDIUM,current,yes,Bridge round at ~$2.2B valuation (55% drop from $5B)
CL02461,S0052,ShareChat Convertible Note,round_amount,49.0,money,million,USD,2024-03-27,,SRC00983,HIGH,current,yes,Convertible debt; valuation below $2B per TechCrunch source
CL02462,S0052,ShareChat Conventional Debt,round_amount,16.0,money,million,USD,2024-08-03,,SRC00980,MEDIUM,current,yes,
CL02463,S0052,ShareChat Tencent convertible debt,round_amount,225.0,money,million,USD,2021,,SRC00984,HIGH,current,yes,Convertible debt via European entities; 19.74% if converted
CL02464,S0052,ShareChat Sequoia Capital talks,round_amount,200.0,money,million,USD,2020-08,,SRC00976,MEDIUM,current,yes,Early-stage talks to raise up to $200M; could value at over $1Bn
CL02465,S0053,Apna Series C,round_amount,100.0,money,million,USD,Sep 2021,,SRC00998,,current,yes,"product, hiring, expansion"
CL02466,S0053,Apna Series B,round_amount,70.0,money,million,USD,Jun 2021,,SRC00998,,current,yes,
CL02467,S0053,Apna Series A,round_amount,12.5,money,million,USD,Mar 2021,,SRC00998,,current,yes,
CL02468,S0053,Apna Seed,round_amount,3.0,money,million,USD,2019-07-01,,SRC00998,MEDIUM,current,yes,early-stage product development
CL02469,S0054,BharatPe Series E,round_amount,370.0,money,million,USD,2021-08-03,,SRC01015,HIGH,current,yes,
CL02470,S0054,BharatPe Series E,valuation,2850.0,money,million,USD,2021-08-03,,SRC01015,HIGH,current,yes,post-money
CL02471,S0054,BharatPe Series D,round_amount,108.0,money,million,USD,2021-02-10,,SRC01015,HIGH,current,yes,
CL02472,S0054,BharatPe Series D,valuation,900.0,money,million,USD,2021-02-10,,SRC01015,HIGH,current,yes,post-money
CL02473,S0054,BharatPe Series C,round_amount,75.0,money,million,USD,2020-02-01,,SRC01019,MEDIUM,current,yes,
CL02474,S0054,BharatPe Debt,round_amount,15.0,money,million,USD,2025-05-05,,SRC01015,HIGH,current,yes,
CL02475,S0054,BharatPe Secondary,valuation,2850.0,money,million,USD,,,SRC01011,MEDIUM,current,yes,secondary-implied
CL02476,S0055,Euler Motors Series E,round_amount,4375.0,money,million,INR,Mar 2026,,SRC01025,,current,yes,"Expand product line, manufacturing, R&D and network"
CL02477,S0055,Euler Motors Series D,round_amount,6380.0,money,million,INR,May 2025,,SRC01033,,current,yes,
CL02478,S0055,Euler Motors Series C,round_amount,5250.0,money,million,INR,Mar 2024,,SRC01027,,current,yes,
CL02479,S0055,Euler Motors Series C,round_amount,60.0,money,million,USD,2022-10-03,,SRC01031,HIGH,current,yes,"Scale manufacturing capacity, expand distribution, strengthen team"
CL02480,S0055,Euler Motors Series C (additional),round_amount,200.0,money,million,INR,2024-05-29,,SRC01034,MEDIUM,current,yes,Production capacity and R&D
CL02481,S0055,Euler Motors Series C,round_amount,525.0,money,million,INR,2024-03,,SRC01027,HIGH,current,yes,"Expand product line, manufacturing, R&D"
CL02482,S0055,Euler Motors Series D,round_amount,638.0,money,million,INR,2025-05,,SRC01033,HIGH,current,yes,"Boost production capacity, R&D, distribution to 80 cities"
CL02483,S0055,Euler Motors Series E (equity),round_amount,437.5,money,million,INR,2026-03-24,,SRC01025,HIGH,current,yes,"Expand manufacturing, scale network, R&D"
CL02484,S0055,Euler Motors Series E (debt),round_amount,250.0,money,million,INR,2026-03-24,,SRC01025,HIGH,current,yes,"Manufacturing expansion, network scaling"
CL02485,S0055,Euler Motors Debt,round_amount,20.0,money,million,USD,2025-01,,SRC01026,MEDIUM,current,yes,Working capital
CL02486,S0056,Fibe (EarlySalary) Series D,round_amount,110.0,money,million,USD,Aug 2022,,SRC01046,,current,yes,
CL02487,S0057,Innovaccer Series F,round_amount,275.0,money,million,USD,2025-01-09,,SRC01052,HIGH,current,yes,
CL02488,S0057,Innovaccer Series F,valuation,3450.0,money,million,USD,2025-01-09,,SRC01052,HIGH,current,yes,post-money (primary)
CL02489,S0057,Innovaccer Series E,round_amount,150.0,money,million,USD,2021-12-14,,SRC01054,HIGH,current,yes,
CL02490,S0057,Innovaccer Series E,valuation,3200.0,money,million,USD,2021-12-14,,SRC01054,HIGH,current,yes,post-money
CL02491,S0057,Innovaccer Series D,round_amount,105.0,money,million,USD,2021-02-04,,SRC01054,MEDIUM,current,yes,
CL02492,S0058,Pixxel Seed,round_amount,7.3,money,million,USD,2021-03-17,,SRC01066,HIGH,current,yes,Build hyperspectral constellation
CL02493,S0058,Pixxel Series A,round_amount,25.0,money,million,USD,2022-03-29,,SRC01065,HIGH,current,yes,Constellation + Aurora platform
CL02494,S0058,Pixxel Series B,round_amount,36.0,money,million,USD,2023-06-01,,SRC01059,HIGH,current,yes,"Hyperspectral constellation + Aurora analytics platform; 6 sats 2024, 18 more by 2025"
CL02495,S0058,Pixxel Series B extension,round_amount,24.0,money,million,USD,2024-12-09,,SRC01076,HIGH,current,yes,Series B extension
CL02496,S0058,Pixxel Series C,round_amount,100.0,money,million,USD,2026-09-06,,SRC01058,HIGH,current,yes,Expand satellite production across India and US; next-gen sats; US government business
CL02497,S0058,Pixxel Series C,valuation,350.0,money,million,USD,2026-09-06,,SRC01058,HIGH,current,yes,press-quoted
CL02498,S0059,Ecofy Finance (Ecofy) Series B,round_amount,900.0,money,million,INR,2024-01-12,,SRC01092,MEDIUM,current,yes,
CL02499,S0059,Ecofy Finance (Ecofy) Series B extension / growth equity,round_amount,3805.0,money,million,INR,2026-03-16,,SRC01094,HIGH,current,yes,
CL02500,S0059,Ecofy Finance (Ecofy) Debt,round_amount,15.0,money,million,USD,2026-05-06,,SRC01093,HIGH,current,yes,
CL02501,S0060,Miko Technologies Series B,round_amount,29.0,money,million,USD,2021-08-11,,SRC01113,MEDIUM,current,yes,
CL02502,S0060,Miko Technologies Series B,valuation,87.0,money,million,USD,2021-08-11,,SRC01113,MEDIUM,current,yes,post-money
CL02503,S0060,Miko Technologies Series D,round_amount,15.8,money,million,USD,2024-10-28,,SRC01106,MEDIUM,current,yes,
CL02504,S0060,Miko Technologies Series D (pending),round_amount,155.0,money,million,USD,2025-08-25,,SRC01104,MEDIUM,current,yes,
CL02505,S0060,Miko Technologies Series D (pending),valuation,550.0,money,million,USD,2025-08-25,,SRC01104,MEDIUM,current,yes,estimated post-money
CL02506,S0060,Miko Technologies Corporate Minority (Series D extension),round_amount,10.5,money,million,USD,2025-11-07,,SRC01103,HIGH,current,yes,
CL02507,S0060,Miko Technologies Series D,valuation,550.0,money,million,USD,2025-08-25,,SRC01107,MEDIUM,current,yes,post-money
CL02508,S0060,Miko Technologies Series C,valuation,207.0,money,million,USD,2024-08-22,,SRC01108,MEDIUM,current,yes,post-money
CL02509,S0060,Miko Technologies Series C,valuation,200.0,money,million,USD,2023-03-30,,SRC01107,MEDIUM,current,yes,post-money
CL02510,S0061,Nua Series A,round_amount,4.0,money,million,USD,2019,,SRC01118,MEDIUM,current,yes,
CL02511,S0061,Nua pre-Series B,round_amount,7.1,money,million,USD,2021-06,,SRC01132,MEDIUM,current,yes,
CL02512,S0061,Nua pre-Series C,round_amount,35.0,money,million,INR,2025-02,,SRC01118,MEDIUM,current,yes,
CL02513,S0061,Nua Series C,round_amount,50.0,money,million,USD,2026-09-07,,SRC01118,HIGH,current,yes,"Brand building, distribution expansion, R&D"
CL02514,S0062,Truemeds Series B,round_amount,22.0,money,million,USD,2022-04,,SRC01147,MEDIUM,current,yes,
CL02515,S0062,Truemeds Series C (tranche 1),round_amount,44.0,money,million,USD,2025-03,,SRC01154,HIGH,current,yes,
CL02516,S0062,Truemeds Series C (tranche 2),round_amount,20.0,money,million,USD,2025-07,,SRC01141,HIGH,current,yes,
CL02517,S0062,Truemeds Series C (total),round_amount,85.0,money,million,USD,2025-08-11,,SRC01139,HIGH,current,yes,
CL02518,S0062,Truemeds Seed,round_amount,0.497776,money,million,USD,2020-05-16,,SRC01155,HIGH,current,yes,Business operations expansion
CL02519,S0062,Truemeds Series A,round_amount,5.0,money,million,USD,2021-06-08,,SRC01156,HIGH,current,yes,Expand to three new cities; product/technology; supply chain
CL02520,S0063,Weaver Services Growth equity,round_amount,170.0,money,million,USD,2025-08-19,,SRC01163,HIGH,current,yes,"Asset acquisitions, tech development, tier-2/3 expansion"
CL02521,S0063,Weaver Services Growth equity (two tranches),round_amount,1450.0,money,million,INR,2026-03-18,,SRC01165,HIGH,current,yes,scale affordable housing finance book
CL02522,S0064,NoBroker Series E,round_amount,210.0,money,million,USD,Nov 2021,,SRC01192,,current,yes,
CL02523,S0064,NoBroker Series D,round_amount,80.0,money,million,USD,Oct 2019,,SRC01192,,current,yes,
CL02524,S0064,NoBroker Series E extension,round_amount,5.0,money,million,USD,Mar 2023,,SRC01192,,current,yes,
CL02525,S0064,NoBroker Series C,round_amount,51.0,money,million,USD,2019-06-22,,SRC01193,MEDIUM,current,yes,Series C funding
CL02526,S0064,NoBroker Series D,round_amount,50.0,money,million,USD,2019-10-01,,SRC01194,MEDIUM,current,yes,Series D funding
CL02527,S0064,NoBroker Total funding,round_amount,361.0,money,million,USD,2021-11-23,,SRC01189,HIGH,current,yes,Total funding raised to date
CL02528,S0065,Skyroot Aerospace pre-Series C (second),round_amount,60.0,money,million,USD,2026-05-07,,SRC01200,HIGH,current,yes,
CL02529,S0065,Skyroot Aerospace pre-Series C (second),valuation,1100.0,money,million,USD,2026-05-07,,SRC01200,HIGH,current,yes,pre-money
CL02530,S0065,Skyroot Aerospace pre-Series C (first),round_amount,27.5,money,million,USD,2023-11,,SRC01202,HIGH,current,yes,
CL02531,S0065,Skyroot Aerospace pre-Series C (first),valuation,550.0,money,million,USD,2023-11,,SRC01202,HIGH,current,yes,post-money (reported)
CL02532,S0065,Skyroot Aerospace Series B,round_amount,51.0,money,million,USD,2022-09,,SRC01207,HIGH,current,yes,
CL02533,S0065,Skyroot Aerospace Series B (early tranche; Sherpalo participated),round_amount,4.5,money,million,USD,2022-01,,SRC01204,MEDIUM,current,yes,
CL02534,S0066,Digantara Seed,round_amount,2.5,money,million,USD,Jul 2021,,SRC01211,,current,yes,
CL02535,S0066,Digantara Series B,round_amount,50.0,money,million,USD,Dec 2025,,SRC01210,,current,yes,Scale global operations; defence customers and missile-tracking expansion
CL02536,S0066,Digantara Series A1,round_amount,10.0,money,million,USD,2023-06-01,,SRC01216,HIGH,current,yes,Deploy first phase of space surveillance constellation; launch satellites
CL02537,S0066,Digantara Series A1 (extension),round_amount,2.0,money,million,USD,2024-02-01,,SRC01223,HIGH,current,yes,Extended Series A1 close at $12M total
CL02538,S0066,Digantara Grant (prize money),round_amount,0.25,money,million,INR,2020-08-20,,SRC01215,HIGH,current,yes,Pre-seed grant for space debris monitoring R&D
CL02539,S0067,Games24x7 Venture round (unicorn),round_amount,75.0,money,million,USD,2022-03-30,,SRC01229,HIGH,current,yes,growth
CL02540,S0067,Games24x7 UNKNOWN,round_amount,48.0,money,million,USD,2022,,SRC01247,LOW,current,yes,
CL02541,S0067,Games24x7 Series C (unicorn),round_amount,75.0,money,million,USD,2022-03-30,,SRC01237,HIGH,current,yes,growth + investment arm
CL02542,S0067,Games24x7 Angel,round_amount,0.0366,money,million,USD,2021-11-03,,SRC01240,LOW,current,yes,
CL02543,S0067,Games24x7 Total disclosed,round_amount,98.1,money,million,USD,,,SRC01240,HIGH,current,yes,
CL02544,S0068,Infra.Market Series G,round_amount,731.5,money,million,USD,2025-09-18,,SRC01255,HIGH,current,yes,Pre-IPO; founders raise stake to ~30% promoter status
CL02545,S0068,Infra.Market Series G,valuation,2800.0,money,million,USD,2025-09-18,,SRC01255,HIGH,current,yes,post-money reported
CL02546,S0068,Infra.Market Seed/Series A,round_amount,10.0,money,million,USD,2019,,SRC01259,MEDIUM,current,yes,early-stage growth
CL02547,S0068,Infra.Market Series B,round_amount,100.0,money,million,USD,2021-02,,SRC01259,HIGH,current,yes,growth capital
CL02548,S0068,Infra.Market Series B,valuation,1000.0,money,million,USD,2021-02,,SRC01259,HIGH,current,yes,post-money
CL02549,S0068,Infra.Market debt,round_amount,50.0,money,million,USD,2024,,SRC01261,MEDIUM,current,yes,growth capital
CL02550,S0068,Infra.Market Series F,round_amount,121.0,money,million,USD,2025-01,,SRC01266,MEDIUM,current,yes,pre-IPO growth
CL02551,S0068,Infra.Market Series F,valuation,2800.0,money,million,USD,2025-01,,SRC01266,MEDIUM,current,yes,post-money
CL02552,S0068,Infra.Market debt,round_amount,150.0,money,million,USD,2025,,SRC01255,HIGH,current,yes,growth capital
CL02553,S0068,Infra.Market debt,round_amount,1250.0,money,million,INR,2025-02,,SRC01260,MEDIUM,current,yes,growth capital
CL02554,S0068,Infra.Market debt,round_amount,1250.0,money,million,INR,2026,,SRC01260,MEDIUM,current,yes,growth capital
CL02555,S0069,Kinara AI Series B,round_amount,35.0,money,million,USD,2021-09-14,,,,current,yes,
CL02556,S0070,Navi Series C (first institutional equity),round_amount,100.0,money,million,USD,2026-08-19,,SRC01281,,current,yes,
CL02557,S0070,Navi debt (NCD),round_amount,20.0,money,million,USD,2025-07-28,,SRC01299,,current,yes,
CL02558,S0070,Navi Conventional Debt (NCD),round_amount,20.0,money,million,USD,2025-07-28,,SRC01299,MEDIUM,current,yes,NBFC capital raising
CL02559,S0070,Navi Convertible Debt,round_amount,18.01215,money,million,USD,2024-05-23,,SRC01292,MEDIUM,current,yes,
CL02560,S0070,Navi IPO (planned),round_amount,3000.0,money,million,INR,2026-08-13,,SRC01289,MEDIUM,current,yes,Public listing
CL02561,S0070,Navi Preferential shares (NBFC capital),round_amount,5000.0,money,million,INR,2025,,SRC00082,MEDIUM,current,yes,NBFC equity capital
CL02562,S0071,Ninjacart Series E (tranche 1),round_amount,6.0,money,million,USD,2026-07-02,,SRC01308,,current,yes,
CL02563,S0071,Ninjacart Series D-II,round_amount,145.0,money,million,USD,2021-12-13,,SRC01314,,current,yes,
CL02564,S0071,Ninjacart Series C,round_amount,90.0,money,million,USD,2019-04-24,,SRC01318,,current,yes,
CL02565,S0071,Ninjacart Series B,round_amount,3100.0,money,million,INR,2018-12-12,,SRC01317,HIGH,current,yes,"Expand to new geographies, strengthen product/tech, build supply chain infrastructure"
CL02566,S0071,Ninjacart Growth (STIC Investments),round_amount,9.2,money,million,USD,2022-05,,SRC01310,MEDIUM,current,yes,
CL02567,S0071,Ninjacart Growth (Flipkart/Walmart-led $145M),round_amount,145.0,money,million,USD,2021-12-13,,SRC01311,HIGH,current,yes,
CL02568,S0072,Pine Labs Private,round_amount,125.0,money,million,USD,2018-05,,SRC01324,MEDIUM,current,yes,
CL02569,S0072,Pine Labs Private,valuation,1000.0,money,million,USD,2018-05,,SRC01324,MEDIUM,current,yes,
CL02570,S0072,Pine Labs Private,valuation,1000.0,money,million,USD,2020-01,,SRC01324,MEDIUM,current,yes,
CL02571,S0072,Pine Labs Private,round_amount,325.0,money,million,USD,2021-07,,SRC01324,MEDIUM,current,yes,
CL02572,S0072,Pine Labs Private,valuation,3500.0,money,million,USD,2021-07,,SRC01324,MEDIUM,current,yes,
CL02573,S0072,Pine Labs Series F,round_amount,150.0,money,million,USD,2022-01,,SRC01324,MEDIUM,current,yes,
CL02574,S0072,Pine Labs Series F,valuation,5000.0,money,million,USD,2022-01,,SRC01324,MEDIUM,current,yes,
CL02575,S0072,Pine Labs Series F,round_amount,50.0,money,million,USD,2022-03-04,,SRC01332,MEDIUM,current,yes,
CL02576,S0072,Pine Labs Series F,valuation,5050.0,money,million,USD,2022-03-04,,SRC01332,MEDIUM,current,yes,
CL02577,S0072,Pine Labs IPO,round_amount,3900.0,money,million,USD,2025-11-03,,SRC01321,HIGH,current,yes,
CL02578,S0072,Pine Labs IPO,valuation,2900.0,money,million,USD,2025-11-03,,SRC01321,HIGH,current,yes,
CL02579,S0072,Pine Labs Series B,round_amount,82.0,money,million,USD,2018-01-12,,SRC01324,MEDIUM,current,yes,
CL02580,S0072,Pine Labs Series C,round_amount,125.0,money,million,USD,2018-05-31,,SRC01324,MEDIUM,current,yes,
CL02581,S0072,Pine Labs Series D,round_amount,41.0,money,million,USD,2020-12-21,,SRC01334,MEDIUM,current,yes,
CL02582,S0072,Pine Labs Series D,round_amount,5.5,money,million,USD,2021-04-20,,SRC01334,MEDIUM,current,yes,
CL02583,S0072,Pine Labs Series E,round_amount,285.0,money,million,USD,2021-05-17,,SRC01336,HIGH,current,yes,
CL02584,S0072,Pine Labs Series E,round_amount,315.0,money,million,USD,2021-07-06,,SRC01324,MEDIUM,current,yes,
CL02585,S0072,Pine Labs Series F,round_amount,100.0,money,million,USD,2021-09-16,,SRC01334,MEDIUM,current,yes,
CL02586,S0072,Pine Labs Corporate,round_amount,20.0,money,million,USD,2022-01-04,,SRC01337,MEDIUM,current,yes,
CL02587,S0072,Pine Labs IPO,round_amount,2600.0,money,million,USD,2025-06-26,,SRC01323,HIGH,current,yes,
CL02588,S0072,Pine Labs Secondary,round_amount,197.88,money,million,USD,2025-11-06,,SRC01338,LOW,current,yes,
CL02589,S0073,River Mobility Series C (equity+debt),round_amount,120.0,money,million,USD,2026-08-05,,SRC01362,,current,yes,
CL02590,S0073,River Mobility Series B,round_amount,40.0,money,million,USD,2024-02-05,,SRC01373,,current,yes,"Ramp up production, expand distribution, launch second product"
CL02591,S0073,River Mobility Series A,round_amount,15.0,money,million,USD,2023-06,,SRC01371,,current,yes,Initial product development and launch
CL02592,S0074,Rocketlane Series C,round_amount,60.0,money,million,USD,2026-03-25,,SRC01387,,current,yes,"Nitro agentic platform, enterprise GTM, global expansion"
CL02593,S0074,Rocketlane Series C,valuation,300.0,money,million,USD,2026-03-25,,SRC01387,,current,yes,post-money
CL02594,S0074,Rocketlane Series B,round_amount,24.0,money,million,USD,2024-06-25,,SRC01388,,current,yes,"New products, customer portal, AI roadmap"
CL02595,S0074,Rocketlane Series B,valuation,100.0,money,million,USD,2024-06-25,,SRC01388,,current,yes,post-money
CL02596,S0074,Rocketlane Series A,round_amount,18.0,money,million,USD,2022-01-19,,SRC01381,,current,yes,Initial PSA platform development
CL02597,S0075,Ultrahuman Series C extension,round_amount,70.0,money,million,USD,2026-09-03,,SRC01390,,current,yes,"Ring as computer, AI interactions, gaming"
CL02598,S0075,Ultrahuman Series C extension,valuation,365.0,money,million,USD,2026-09-03,,SRC01390,,current,yes,post-money
CL02599,S0075,Ultrahuman Series C,round_amount,48.0,money,million,USD,2026-03-17,,SRC01417,,current,yes,"Return to US market, expand geographies, new wearable categories"
CL02600,S0075,Ultrahuman venture debt,round_amount,100.0,money,million,INR,2025-11-20,,SRC01395,,current,yes,Working capital
CL02601,S0075,Ultrahuman Series A,round_amount,17.5,money,million,USD,2021-08-14,,SRC01418,HIGH,current,yes,"geographical expansion, product development"
CL02602,S0075,Ultrahuman Series B,round_amount,35.0,money,million,USD,2024-03-20,,SRC01403,HIGH,current,yes,"manufacturing capacity, health tracking research"
CL02603,S0075,Ultrahuman Reported (unclosed),round_amount,120.0,money,million,USD,None,,SRC01399,MEDIUM,current,yes,"growth, international expansion"
CL02604,S0076,Third Wave Coffee Private growth round (primary + small secondary),round_amount,408.0,money,million,INR,2026-08-24,,SRC01438,HIGH,current,yes,"Geographic expansion (9 new cities), scale Third Rush Desserts"
CL02605,S0076,Third Wave Coffee Private growth round (primary + small secondary),valuation,20000.0,money,million,INR,2026-08-24,,SRC01438,HIGH,current,yes,reported post-money
CL02606,S0076,Third Wave Coffee Series C,round_amount,35.0,money,million,USD,2023-09,,SRC01441,HIGH,current,yes,
CL02607,S0076,Third Wave Coffee Series B,round_amount,21.0,money,million,USD,2022,,SRC01440,MEDIUM,current,yes,
CL02608,S0076,Third Wave Coffee Series A,round_amount,6.0,money,million,USD,2021,,SRC01440,MEDIUM,current,yes,
CL02609,S0076,Third Wave Coffee Series D,round_amount,408.0,money,million,INR,2026-08-24,,SRC01449,HIGH,current,yes,"Geographic expansion (9 new cities), scale Third Rush Desserts, F&B innovation"
CL02610,S0076,Third Wave Coffee Series D,valuation,2000.0,money,million,INR,2026-08-24,,SRC01449,HIGH,current,yes,reported post-money
CL02611,S0077,Celcius Logistics Series B (equity + debt + secondary),round_amount,250.0,money,million,USD,2025-05-06,,SRC01457,HIGH,current,yes,"Expand to 1000+ cities/tiers III-IV, pharma vertical, TMS/WMS tech stack; debt for working capital"
CL02612,S0078,Square Yards Private,round_amount,35.0,money,million,USD,2025-11-28,,SRC01467,MEDIUM,current,yes,
CL02613,S0078,Square Yards Private,valuation,900.0,money,million,USD,2025-11-28,,SRC01467,MEDIUM,current,yes,
CL02614,S0078,Square Yards Private,round_amount,900.0,money,million,USD,2026-06-23,,SRC01467,HIGH,current,yes,
CL02615,S0078,Square Yards Private,valuation,1000.0,money,million,USD,2026-06-23,,SRC01467,HIGH,current,yes,
CL02616,S0078,Square Yards Private,round_amount,95.0,money,million,USD,2026-06,,SRC01472,HIGH,current,yes,"market expansion, technology, IPO prep"
CL02617,S0078,Square Yards Private,valuation,1000.0,money,million,USD,2026-06,,SRC01472,HIGH,current,yes,post-money
CL02618,S0078,Square Yards Private,round_amount,112.0,money,million,INR,2023-03,,SRC01470,MEDIUM,current,yes,purchase of 1 lakh sq ft office space in Hyderabad
CL02619,S0079,Wint Wealth Series B,round_amount,250.0,money,million,USD,2026-01,,SRC01477,HIGH,current,yes,"Grow bond business, strengthen NBFC credit offerings"
CL02620,S0079,Wint Wealth Series A,round_amount,17.0,money,million,USD,2022-05,,SRC01482,MEDIUM,current,yes,
CL02621,S0080,Airbound Series A,round_amount,37.0,money,million,USD,2026-08-24,,SRC01485,HIGH,current,yes,"Scale engineering, commercial-scale manufacturing, go-to-market"
CL02622,S0080,Airbound Seed,round_amount,8.65,money,million,USD,2025-10-14,,SRC01487,HIGH,current,yes,"Pilot with Narayana Health, expand beyond medical deliveries"
CL02623,S0081,Ati Motors Series B,round_amount,20.0,money,million,USD,2025-01-23,,SRC01491,HIGH,current,yes,"Product development, North America + APAC expansion"
CL02624,S0081,Ati Motors Series A,round_amount,10.9,money,million,USD,2023-07-21,,SRC01492,MEDIUM,current,yes,
CL02625,S0081,Ati Motors Undisclosed,round_amount,6.9,money,million,USD,2023-10-10,,SRC01492,MEDIUM,current,yes,
CL02626,S0082,Sapiom Series A,round_amount,35.0,money,million,USD,2026-08-05,,SRC01499,MEDIUM,current,yes,Scale model-routing / agent cost-optimization infra
CL02627,S0082,Sapiom Seed,round_amount,15.0,money,million,USD,2026-02-05,,SRC01498,HIGH,current,yes,Build financial infrastructure layer for AI agents
CL02628,S0083,boAt Series B,round_amount,100.0,money,million,USD,2021-01-05,,SRC01506,HIGH,current,yes,
CL02629,S0083,boAt Series B,valuation,300.0,money,million,USD,2021-01-05,,SRC01506,HIGH,current,yes,
CL02630,S0083,boAt Private placement,round_amount,500.0,money,million,USD,2022,,SRC01505,MEDIUM,current,yes,
CL02631,S0083,boAt IPO-UDRHP,round_amount,1500.0,money,million,USD,2025-10-29,,SRC01504,HIGH,current,yes,
CL02632,S0084,MobiKwik Series C,round_amount,50.0,money,million,USD,2016-05,,SRC01518,MEDIUM,current,yes,
CL02633,S0084,MobiKwik IPO,round_amount,572.0,money,million,USD,2024-12,,SRC01515,HIGH,current,yes,public listing on BSE/NSE (listed 18 Dec 2024)
CL02634,S0085,OfBusiness Series G,round_amount,325.0,money,million,USD,2021-12-20,,SRC01531,MEDIUM,current,yes,Growth
CL02635,S0085,OfBusiness Series G extension (Unattributed VC per CB Insights),round_amount,11.7,money,million,USD,2025-04-16,,SRC01532,MEDIUM,current,yes,UNKNOWN
CL02636,S0085,OfBusiness IPO (planned/rumored),round_amount,800.0,money,million,USD,None,,SRC01529,MEDIUM,current,yes,$200M fresh issue + remainder OFS
CL02637,S0085,OfBusiness Series A,round_amount,4.3,money,million,USD,2015-09-26,,SRC01545,MEDIUM,current,yes,Seed/Series A - prove procurement model
CL02638,S0085,OfBusiness Series B,round_amount,11.12,money,million,USD,2016-11-21,,SRC01545,MEDIUM,current,yes,Category expansion beyond steel
CL02639,S0085,OfBusiness Series C,round_amount,29.3,money,million,USD,2018-06-26,,SRC01545,MEDIUM,current,yes,"Expansion into polymers, chemicals"
CL02640,S0085,OfBusiness Series D,round_amount,34.15,money,million,USD,2019-09-18,,SRC01545,MEDIUM,current,yes,COVID-era expansion; PPE pivot
CL02641,S0085,OfBusiness Series E,round_amount,160.0,money,million,USD,2021-07-31,,SRC01546,HIGH,current,yes,Unicorn milestone; acquisitions
CL02642,S0085,OfBusiness Series F,round_amount,194.0,money,million,USD,2021-09-30,,SRC01544,HIGH,current,yes,Expansion; valuation to $3B
CL02643,S0085,OfBusiness Series G extension,round_amount,11.7,money,million,USD,2025-04-16,,SRC01532,MEDIUM,current,yes,Pre-IPO growth capital
CL02644,S0085,OfBusiness IPO (planned),round_amount,800.0,money,million,USD,None,,SRC01529,MEDIUM,current,yes,"$200M fresh issue + ~$600M OFS; bankers: Axis, Morgan Stanley, JPMorgan, Citi, BofA"
CL02645,S0085,OfBusiness Oxyzo Series A,round_amount,200.0,money,million,USD,2022-03-24,,SRC01547,HIGH,current,yes,Oxyzo standalone unicorn round; ~75% retained by OfBusiness
CL02646,S0085,OfBusiness Oxyzo debt (NCD),round_amount,1000.0,money,million,INR,2025-02-24,,SRC01548,HIGH,current,yes,Augment long-term resources; working capital
CL02647,S0085,OfBusiness Oxyzo debt (NCD),round_amount,5330.0,money,million,INR,2025-05-21,,SRC01549,HIGH,current,yes,Day-to-day business operations including lending to SMEs
CL02648,S0085,OfBusiness Oxyzo debt (NCD),round_amount,3500.0,money,million,INR,2025-03-19,,SRC01538,HIGH,current,yes,"Fresh debt; total borrowings closed at Rs 6,028 Cr"
CL02649,S0085,OfBusiness Oxyzo equity raise (planned),round_amount,150.0,money,million,USD,None,,SRC01550,MEDIUM,current,yes,Primary capital; 20% reserved for internal investors; IPO prep in 2.5-3 years
CL02650,S0086,Pristyn Care Series A,round_amount,4.0,money,million,USD,2019-06-02,,SRC01574,MEDIUM,current,yes,UNKNOWN
CL02651,S0086,Pristyn Care Series B,round_amount,12.0,money,million,USD,2019-12-17,,SRC01574,MEDIUM,current,yes,UNKNOWN
CL02652,S0086,Pristyn Care Series C,round_amount,12.0,money,million,USD,2020-09-26,,SRC01574,MEDIUM,current,yes,UNKNOWN
CL02653,S0086,Pristyn Care Series D,round_amount,53.0,money,million,USD,2021-04-19,,SRC01574,MEDIUM,current,yes,UNKNOWN
CL02654,S0086,Pristyn Care Series E,round_amount,100.0,money,million,USD,2021-12-07,,SRC01569,HIGH,current,yes,Growth
CL02655,S0086,Pristyn Care Series E extension,round_amount,4.0,money,million,USD,2025-07-22,,SRC01573,HIGH,current,yes,Scale owned hospitals; bridge to larger round
CL02656,S0087,Swish Private round (series unspecified),round_amount,24.0,money,million,USD,2026-09-10,,SRC01583,HIGH,current,yes,Expand kitchen network + supply chain infrastructure
CL02657,S0087,Swish Private round (series unspecified),valuation,175.0,money,million,USD,2026-09-10,,SRC01583,HIGH,current,yes,reported post-money (unverified)
CL02658,S0087,Swish Series B,round_amount,38.0,money,million,USD,2026-03-24,,SRC01582,HIGH,current,yes,"Multi-city expansion, kitchen automation + supply chain, team"
CL02659,S0087,Swish Series A,round_amount,14.0,money,million,USD,2025-03,,SRC01585,MEDIUM,current,yes,
CL02660,S0087,Swish Seed,round_amount,2.0,money,million,USD,2024-11-19,,SRC01584,HIGH,current,yes,
CL02661,S0087,Swish Private round (reported),round_amount,20.0,money,million,USD,2026-06-30,,SRC01595,LOW,current,yes,
CL02662,S0088,Hang Ten Systems seed,round_amount,32.0,money,million,USD,2026-06-24,,SRC01602,HIGH,current,yes,Team build-out and expanding work with global enterprises
CL02663,S0089,Moonrider seed,round_amount,2.2,money,million,USD,2025-01-07,,SRC01607,HIGH,current,yes,"Vehicle engineering, software, battery technology"
CL02664,S0089,Moonrider series-a,round_amount,6.0,money,million,USD,2025-12-10,,SRC01606,HIGH,current,yes,"Deliver first 100 tractors, manufacturing scale-up, field validation, supply chain"
CL02665,S0090,Toddle series-a,round_amount,17.0,money,million,USD,2023-01-10,,SRC01613,HIGH,current,yes,
CL02666,S0090,Toddle series-a,valuation,136.0,money,million,USD,2023-01-10,,SRC01613,HIGH,current,yes,
CL02667,S0090,Toddle later-stage vc,round_amount,16.5,money,million,USD,2024-11-12,,SRC01622,MEDIUM,current,yes,Later-stage VC round
CL02668,S0090,Toddle series-a,round_amount,6.06,money,million,USD,2025-01-24,,SRC01623,MEDIUM,current,yes,Series A extension
CL02669,S0090,Toddle series-a,valuation,135.78,money,million,USD,2025-01-24,,SRC01623,MEDIUM,current,yes,post-money
CL02670,S0091,Inito series-b,round_amount,29.0,money,million,USD,2025-12-11,,SRC01632,HIGH,current,yes,"AI-engineered antibodies R&D, scale manufacturing, global expansion"
CL02671,S0091,Inito venture,round_amount,6.0,money,million,USD,2023,,SRC01633,MEDIUM,current,yes,
CL02672,S0091,Inito venture,round_amount,9.0,money,million,USD,UNKNOWN pr,,SRC01633,MEDIUM,current,yes,
CL02673,S0092,Akasa Air seed,round_amount,35.0,money,million,USD,2021,,SRC01648,MEDIUM,current,yes,
CL02674,S0092,Akasa Air growth-equity,round_amount,135.0,money,million,USD,2025-02-06,,SRC01637,HIGH,current,yes,"Fleet growth, international operations, aircraft payments"
CL02675,S0092,Akasa Air growth-equity,valuation,350.0,money,million,USD,2025-02-06,,SRC01637,HIGH,current,yes,
CL02676,S0092,Akasa Air growth-equity,round_amount,125.0,money,million,USD,2025-08-20,,SRC01649,HIGH,current,yes,"Fleet expansion, international operations, customer experience"
CL02677,S0092,Akasa Air planned,round_amount,400.0,money,million,USD,2023-09-27,,SRC01645,MEDIUM,current,yes,Capital expansion; multiple tranches planned
CL02678,S0092,Akasa Air planned,valuation,1000.0,money,million,USD,2023-09-27,,SRC01645,MEDIUM,current,yes,target
CL02679,S0093,EatClub (BOX8) Series D-II (Later Stage VC),round_amount,185.0,money,million,USD,2025-07-25,,SRC01676,HIGH,current,yes,growth and expansion
CL02680,S0093,EatClub (BOX8) Series D-II (Later Stage VC),valuation,540.0,money,million,USD,2025-07-25,,SRC01676,HIGH,current,yes,reported-estimate
CL02681,S0093,EatClub (BOX8) Series D,round_amount,40.0,money,million,USD,2021-11-30,,SRC01677,HIGH,current,yes,
CL02682,S0093,EatClub (BOX8) Series D,valuation,300.0,money,million,USD,2021-11-30,,SRC01677,HIGH,current,yes,
CL02683,S0093,EatClub (BOX8) Secondary,round_amount,30.0,money,million,USD,2022-03-09,,SRC01681,MEDIUM,current,yes,secondary transaction
CL02684,S0093,EatClub (BOX8) Series D-II,round_amount,185.0,money,million,USD,2025-07-25,,SRC01682,HIGH,current,yes,growth and expansion
CL02685,S0093,EatClub (BOX8) Series D-II,valuation,4585.0,money,million,USD,2025-07-25,,SRC01682,HIGH,current,yes,reported-estimate
CL02686,S0094,Eruditus Series F,round_amount,150.0,money,million,USD,2024-10-18,,SRC01687,HIGH,current,yes,"expansion, AI products, enterprise/govt, India/APAC"
CL02687,S0094,Eruditus Series F,valuation,3200.0,money,million,USD,2024-10-18,,SRC01687,HIGH,current,yes,post-money
CL02688,S0094,Eruditus Series E,round_amount,650.0,money,million,USD,2021-08,,SRC01691,HIGH,current,yes,"courses, products, geos, acquisitions"
CL02689,S0094,Eruditus Series E,valuation,3200.0,money,million,USD,2021-08,,SRC01691,HIGH,current,yes,post-money
CL02690,S0094,Eruditus Debt refinancing,round_amount,150.0,money,million,USD,2025-09-11,,SRC01688,HIGH,current,yes,"4-year renewal; $130M loan + $20M credit line (HSBC up to $50M, MARS up to $100M)"
CL02691,S0094,Eruditus Debt financing,round_amount,350.0,money,million,USD,2022-03-08,,SRC01700,HIGH,current,yes,Fund mergers and acquisitions globally
CL02692,S0095,Innovist Series B,round_amount,136.0,money,million,USD,2025-04-07,,SRC01723,HIGH,current,yes,"product innovation, market reach, team"
CL02693,S0095,Innovist Series A,round_amount,7.0,money,million,USD,2023-05-09,,SRC01724,MEDIUM,current,yes,
CL02694,S0095,Innovist Series A,valuation,42.5,money,million,USD,2023-05-09,,SRC01724,MEDIUM,current,yes,post-money-reported
CL02695,S0095,Innovist majority acquisition,valuation,4100.0,money,million,USD,2026-06-18,,SRC01720,HIGH,current,yes,press-reported-estimate
CL02696,S0096,Leap (LeapScholar) Series E,round_amount,65.0,money,million,USD,2025-01-29,,SRC01740,HIGH,current,yes,"AI product, global expansion, M&A"
CL02697,S0096,Leap (LeapScholar) Series E,valuation,700.0,money,million,USD,2025-01-29,,SRC01740,HIGH,current,yes,reported
CL02698,S0096,Leap (LeapScholar) Debt,round_amount,100.0,money,million,USD,2025-03-05,,SRC01743,HIGH,current,yes,student loans via Leap Finance
CL02699,S0096,Leap (LeapScholar) Series D,round_amount,75.0,money,million,USD,2022-06-22,,SRC01742,HIGH,current,yes,
CL02700,S0096,Leap (LeapScholar) Series C,round_amount,55.0,money,million,USD,2021-07-15,,SRC01749,MEDIUM,current,yes,
CL02701,S0096,Leap (LeapScholar) Series A,round_amount,5.5,money,million,USD,2020-03-01,,SRC01748,MEDIUM,current,yes,initial product development
CL02702,S0096,Leap (LeapScholar) Series B,round_amount,17.0,money,million,USD,2021-03-16,,SRC01748,HIGH,current,yes,"expand geographical footprint, ramp up tech and business teams"
CL02703,S0097,Nazara Technologies Post-IPO,round_amount,12.0883,money,million,USD,2023-09-04,,SRC01760,MEDIUM,current,yes,
CL02704,S0097,Nazara Technologies Post-IPO,round_amount,42.2797,money,million,USD,2021-10-06,,SRC01760,MEDIUM,current,yes,
CL02705,S0097,Nazara Technologies Series C (pre-IPO),round_amount,13.6947,money,million,USD,2021-02-04,,SRC01760,MEDIUM,current,yes,
CL02706,S0097,Nazara Technologies Series C (pre-IPO),valuation,383.0,money,million,USD,2021-02-04,,SRC01760,MEDIUM,current,yes,post-money
CL02707,S0098,Neo (Neo Wealth) Series A,round_amount,3000.0,money,million,INR,2023-10-01,,SRC01764,,current,yes,
CL02708,S0098,Neo (Neo Wealth) Series B,round_amount,4000.0,money,million,INR,2024-08-01,,SRC01764,,current,yes,
CL02709,S0098,Neo (Neo Wealth) PE growth,round_amount,5000.0,money,million,INR,2026-03-20,,SRC01764,,current,yes,
CL02710,S0098,Neo (Neo Wealth) growth,round_amount,3500.0,money,million,INR,2026-07-16,,SRC01765,,current,yes,
CL02711,S0098,Neo (Neo Wealth) angel/seed,round_amount,40.0,money,million,USD,2021-12-15,,SRC01770,MEDIUM,current,yes,
CL02712,S0098,Neo (Neo Wealth) Series A,round_amount,35.0,money,million,USD,2023-10-01,,SRC01770,HIGH,current,yes,
CL02713,S0098,Neo (Neo Wealth) Series B,round_amount,47.6,money,million,USD,2024-08-12,,SRC01774,HIGH,current,yes,
CL02714,S0098,Neo (Neo Wealth) PE growth,round_amount,5500.0,money,million,INR,2026-03-20,,SRC01764,HIGH,current,yes,
CL02715,S0098,Neo (Neo Wealth) PE growth,valuation,100000000000.0,money,million,INR,2026-03-20,,SRC01764,HIGH,current,yes,pre-money
CL02716,S0098,Neo (Neo Wealth) Series B follow-on,round_amount,2210.0,money,million,INR,2025-11-25,,SRC01769,MEDIUM,current,yes,
CL02717,S0098,Neo (Neo Wealth) Series C,round_amount,3500.0,money,million,INR,2026-07-16,,SRC01765,HIGH,current,yes,
CL02718,S0098,Neo (Neo Wealth) follow-on,round_amount,19.0,money,million,USD,2025-08-21,,SRC01769,MEDIUM,current,yes,
CL02719,S0098,Neo (Neo Wealth) debt,round_amount,30.0,money,million,USD,2025-03-13,,SRC01769,LOW,current,yes,
CL02720,S0099,Stellapps Series C,round_amount,26.0,money,million,USD,2024-10-21,,SRC01777,,current,yes,scale mooMark VADP + exports
CL02721,S0099,Stellapps Series C,round_amount,18.0,money,million,USD,2021-10-29,,SRC01781,,current,yes,
CL02722,S0099,Stellapps Series B,round_amount,14.0,money,million,USD,2018-05-30,,SRC01781,,current,yes,
CL02723,S0100,Purple Style Labs Series D,round_amount,8.0,money,million,USD,2023-11-20,,SRC01784,,current,yes,
CL02724,S0100,Purple Style Labs Series D,valuation,352.0,money,million,USD,2023-11-20,,SRC01784,,current,yes,company-claimed
CL02725,S0100,Purple Style Labs Series E,round_amount,40.0,money,million,USD,2025-03-13,,SRC01783,,current,yes,
CL02726,S0100,Purple Style Labs IPO (fresh issue),round_amount,6800.0,money,million,INR,2026-08-31,,SRC01786,,current,yes,
CL02727,S0100,Purple Style Labs Pre-Series D,round_amount,10.0,money,million,USD,2022-06-01,,SRC01784,MEDIUM,current,yes,
CL02728,S0101,Zypp Electric Series B ($20M equity + $5M debt),round_amount,25.0,money,million,USD,2023-02-08,,SRC01791,,current,yes,
CL02729,S0101,Zypp Electric Series B ($20M equity + $5M debt),valuation,13000.0,money,million,INR,2023-02-08,,SRC01791,,current,yes,company-claimed
CL02730,S0101,Zypp Electric Series C (C1 equity close; $50M round: $40M eq + $10M debt),round_amount,15.0,money,million,USD,2024-05-27,,SRC01792,,current,yes,"fleet 21k→200k scooters, 15 cities by 2026"
CL02731,S0102,Business Nextgen Finance equity (first institutional),round_amount,2150.0,money,million,INR,2026-09-03,,SRC01800,,current,yes,"capital base, tech-led secured lending platform scale, underserved MSME expansion"
CL02732,S0103,EtherealX (Ethereal Exploration) Seed,round_amount,5.0,money,million,USD,2024-08,,SRC01808,HIGH,current,yes,
CL02733,S0103,EtherealX (Ethereal Exploration) Series A,round_amount,20.5,money,million,USD,2026-01,,SRC01807,HIGH,current,yes,
CL02734,S0104,QNu Labs Series A1,round_amount,200.0,money,million,INR,2026-09-09,,SRC01814,HIGH,current,yes,
CL02735,S0104,QNu Labs Series A,round_amount,9.106583,money,million,USD,2025-04-24,,SRC01817,MEDIUM,current,yes,
CL02736,S0104,QNu Labs Grant (prize money),round_amount,7.942464,money,million,USD,2024-11-26,,SRC01817,MEDIUM,current,yes,
CL02737,S0104,QNu Labs Series A (cumulative),round_amount,375.0,money,million,INR,2026-09-09,,SRC01814,HIGH,current,yes,Total capital raised including Series A1
CL02738,S0104,QNu Labs Convertible debt,round_amount,150.0,money,million,INR,2026-09-09,,SRC01815,MEDIUM,current,yes,Contribution to IQSN project under RDI
CL02739,S0105,Ultraviolette Series E (tranche),round_amount,21.0,money,million,USD,2025-08,,SRC01829,MEDIUM,current,yes,
CL02740,S0105,Ultraviolette Series E (tranche),round_amount,45.0,money,million,USD,2025-12-04,,SRC01830,HIGH,current,yes,
CL02741,S0106,Curefoods Series D,round_amount,40.0,money,million,USD,2024-12,,SRC01839,HIGH,current,yes,
CL02742,S0106,Curefoods Pre-IPO,round_amount,160.0,money,million,INR,2025-09-26,,SRC01838,HIGH,current,yes,
CL02743,S0106,Curefoods Pre-IPO,valuation,4000.0,money,million,INR,2025-09-26,,SRC01838,HIGH,current,yes,post-money (press-quoted)
CL02744,S0106,Curefoods Series A,round_amount,13.0,money,million,USD,2021-08-25,,SRC01853,HIGH,current,yes,Acquire more digital food brands across geographies; expand across multiple cities
CL02745,S0106,Curefoods Series B,round_amount,62.0,money,million,USD,2022-01-12,,SRC01849,HIGH,current,yes,Continue acquiring cloud kitchen brands; build D2C platform
CL02746,S0106,Curefoods Series B,valuation,280.0,money,million,USD,2022-01-12,,SRC01849,HIGH,current,yes,press-quoted (industry source)
CL02747,S0106,Curefoods Series C,round_amount,50.0,money,million,USD,2022-06-01,,SRC01848,HIGH,current,yes,Expansion of existing brands into newer geographies; acquisition of newer brands
CL02748,S0106,Curefoods Series C (continued),round_amount,300.0,money,million,INR,2023-04-06,,SRC01852,HIGH,current,yes,Expand geographical reach; diversify brands into offline formats; open 50 new locations
CL02749,S0106,Curefoods Conventional Debt,round_amount,6.6,money,million,USD,2025-03-24,,SRC01847,MEDIUM,current,yes,Working capital
CL02750,S0107,Dezerv Series B,round_amount,265.0,money,million,INR,2024-07-05,,SRC01863,HIGH,current,yes,
CL02751,S0107,Dezerv Series C,round_amount,350.0,money,million,INR,2025-10-07,,SRC01862,HIGH,current,yes,
CL02752,S0108,Edubuk Series B,round_amount,50.0,money,million,USD,2026-03-16,,SRC01873,MEDIUM,current,yes,Global hiring infrastructure: credential verification and job matching
CL02753,S0108,Edubuk Series A,round_amount,0.25,money,million,USD,2025-06-16,,SRC01874,LOW,current,yes,
CL02754,S0109,EloElo Series B,round_amount,13.5,money,million,USD,2025-04-10,,SRC01879,HIGH,current,yes,"Gen-AI use cases, intl expansion (diaspora), revenue scale-up"
CL02755,S0109,EloElo Pre-Series B,round_amount,22.0,money,million,USD,2023-09-01,,SRC01897,MEDIUM,current,yes,
CL02756,S0109,EloElo Seed,round_amount,2.1,money,million,USD,2021-07-27,,SRC01890,HIGH,current,yes,Creator partnerships and platform development
CL02757,S0109,EloElo Series A,round_amount,13.0,money,million,USD,2022-06-02,,SRC01888,HIGH,current,yes,Platform expansion and creator ecosystem
CL02758,S0109,EloElo Series B (upcoming),round_amount,50.0,money,million,USD,2026-03-31,,SRC01877,MEDIUM,current,yes,Growth and expansion
CL02759,S0110,GIVA Series C,round_amount,5300.0,money,million,INR,2025-06-25,,SRC01910,HIGH,current,yes,
CL02760,S0110,GIVA Series C,valuation,40000.0,money,million,INR,2025-06-25,,SRC01910,HIGH,current,yes,
CL02761,S0110,GIVA Series C extension,round_amount,1100.0,money,million,INR,2026-02-19,,SRC01911,HIGH,current,yes,
CL02762,S0110,GIVA Series C extension,valuation,49000.0,money,million,INR,2026-02-19,,SRC01911,HIGH,current,yes,
CL02763,S0110,GIVA Series B extended,round_amount,2550.0,money,million,INR,2024-10-01,,SRC01921,MEDIUM,current,yes,
CL02764,S0110,GIVA Series B,round_amount,2000.0,money,million,INR,2023-07-05,,SRC01923,HIGH,current,yes,Product innovation and category expansion
CL02765,S0110,GIVA Series B extended,round_amount,1000.0,money,million,INR,2024-09-25,,SRC01924,HIGH,current,yes,Continued expansion; partial exit for A91 Partners and India Quotient
CL02766,S0110,GIVA Series B extended,valuation,20000000000.0,money,million,INR,2024-09-25,,SRC01924,HIGH,current,yes,estimated
CL02767,S0110,GIVA Debt,round_amount,2700.0,money,million,INR,2026-05-21,,SRC01914,MEDIUM,current,yes,Working capital and store capex
CL02768,S0110,GIVA PE Growth (rumor),round_amount,80.0,money,million,USD,2026-07-14,,SRC01918,MEDIUM,current,yes,Growth capital
CL02769,S0110,GIVA PE Growth (rumor),valuation,60000000000.0,money,million,INR,2026-07-14,,SRC01918,MEDIUM,current,yes,estimated
CL02770,S0111,Impetus Technologies strategic/PE growth,round_amount,350.0,money,million,USD,2025-01-01,,SRC01940,MEDIUM,current,yes,
CL02771,S0112,Moglix Series E,round_amount,120.0,money,million,USD,"May 17, 20",,SRC01945,HIGH,current,yes,
CL02772,S0112,Moglix Series E,valuation,1000.0,money,million,USD,"May 17, 20",,SRC01945,HIGH,current,yes,post-money (press)
CL02773,S0112,Moglix Series D,round_amount,60.0,money,million,USD,July 2019,,SRC01961,MEDIUM,current,yes,
CL02774,S0112,Moglix Series F,round_amount,250.0,money,million,USD,January 28,,SRC01944,HIGH,current,yes,
CL02775,S0112,Moglix Series F,valuation,2600.0,money,million,USD,January 28,,SRC01944,HIGH,current,yes,post-money (company-stated)
CL02776,S0112,Moglix Series F (extension/secondary per VI label),round_amount,12.3,money,million,USD,February 2,,SRC01949,LOW,current,yes,
CL02777,S0113,MPL (Mobile Premier League) Series E,round_amount,150.0,money,million,USD,2021-09-15,,SRC01967,HIGH,current,yes,
CL02778,S0113,MPL (Mobile Premier League) Series E,valuation,2300.0,money,million,USD,2021-09-15,,SRC01967,HIGH,current,yes,
CL02779,S0114,PhysicsWallah Series A,round_amount,100.0,money,million,USD,"Jun 07, 20",,SRC01973,HIGH,current,yes,"Expansion, inorganic growth"
CL02780,S0114,PhysicsWallah Series A,valuation,1100.0,money,million,USD,"Jun 07, 20",,SRC01973,HIGH,current,yes,post-money
CL02781,S0114,PhysicsWallah Series B,round_amount,210.0,money,million,USD,"Sep 20, 20",,SRC01975,HIGH,current,yes,"Consolidation in education market, inorganic growth, K-12 entry"
CL02782,S0114,PhysicsWallah Series B,valuation,2800.0,money,million,USD,"Sep 20, 20",,SRC01975,HIGH,current,yes,post-money
CL02783,S0115,Popo Global Strategic Investment (Significant Minority),round_amount,5320.0,money,million,INR,Sep 2026,,SRC01979,HIGH,current,yes,Expansion beyond Bengaluru across India
CL02784,S0115,Popo Global Strategic Investment (Significant Minority),valuation,12500.0,money,million,INR,Sep 2026,,SRC01979,HIGH,current,yes,post-money
CL02785,S0116,Shadowfax Series A,round_amount,18.5,money,million,USD,2015,,SRC01988,MEDIUM,current,yes,Initial expansion
CL02786,S0116,Shadowfax Series D,round_amount,60.0,money,million,USD,"Dec 05, 20",,SRC01989,HIGH,current,yes,Logistics network expansion
CL02787,S0116,Shadowfax Series D,valuation,250.0,money,million,USD,"Dec 05, 20",,SRC01989,HIGH,current,yes,post-money
CL02788,S0116,Shadowfax Series E,round_amount,100.0,money,million,USD,"Feb 27, 20",,SRC01986,HIGH,current,yes,"Middle-mile network, last-mile delivery expansion to 20,000 pin codes"
CL02789,S0116,Shadowfax Series E,valuation,500.0,money,million,USD,"Feb 27, 20",,SRC01986,HIGH,current,yes,post-money
CL02790,S0116,Shadowfax Series F,round_amount,342.40000000000003,money,million,INR,"Feb 03, 20",,SRC01990,HIGH,current,yes,Pre-IPO funding
CL02791,S0116,Shadowfax Series F,valuation,708.0,money,million,USD,"Feb 03, 20",,SRC01990,HIGH,current,yes,post-money
CL02792,S0116,Shadowfax IPO,round_amount,19070.0,money,million,INR,"Jan 28, 20",,SRC01984,HIGH,current,yes,Public listing
CL02793,S0116,Shadowfax IPO,valuation,717.0,money,million,USD,"Jan 28, 20",,SRC01984,HIGH,current,yes,market cap
CL02794,S0117,Smallcase Series C,round_amount,40.0,money,million,USD,"Aug 18, 20",,SRC01996,HIGH,current,yes,Ecosystem expansion
CL02795,S0117,Smallcase Series C,valuation,159.0,money,million,USD,"Aug 18, 20",,SRC01996,HIGH,current,yes,post-money
CL02796,S0117,Smallcase Series D,round_amount,50.0,money,million,USD,"Mar 28, 20",,SRC01995,HIGH,current,yes,Expand investment product offerings across asset classes
CL02797,S0118,StockGro Seed,round_amount,1.0,money,million,USD,"Jun 24, 20",,SRC02002,MEDIUM,current,yes,Initial product development
CL02798,S0118,StockGro Series A,round_amount,32.0,money,million,USD,"Jan 20, 20",,SRC02003,HIGH,current,yes,"Market expansion, product development, hiring"
CL02799,S0118,StockGro Series B,round_amount,41.9,money,million,USD,"Nov 26, 20",,SRC02004,HIGH,current,yes,"Geographic expansion, product features, asset classes"
CL02800,S0118,StockGro Series B,valuation,379.7,money,million,USD,"Nov 26, 20",,SRC02004,HIGH,current,yes,post-money
CL02801,S0118,StockGro Series B1,round_amount,13.0,money,million,USD,"Dec 19, 20",,SRC02005,HIGH,current,yes,"Geographic expansion, advisory capabilities"
CL02802,S0118,StockGro Series B (Extended),round_amount,11.6,money,million,USD,"Jun 13, 20",,SRC02002,MEDIUM,current,yes,Continued growth
CL02803,S0118,StockGro Series B (Extended),valuation,377.9,money,million,USD,"Jun 13, 20",,SRC02002,MEDIUM,current,yes,post-money
CL02804,S0118,StockGro Pre-Series A / Angel,round_amount,1.0,money,million,USD,2020-12-01,,SRC02008,HIGH,current,yes,"User base growth, tech hiring"
CL02805,S0118,StockGro Pre-Series A,round_amount,5.0,money,million,USD,2021-08-04,,SRC02008,HIGH,current,yes,"Grow user base, hire tech talent, build new features"
CL02806,S0118,StockGro Debt,round_amount,50.0,money,million,INR,2025-09-01,,SRC02002,MEDIUM,current,yes,Working capital
CL02807,S0118,StockGro Series B,round_amount,150.0,money,million,INR,2025-12-02,,SRC02004,HIGH,current,yes,"Geographic expansion, product features, asset classes"
CL02808,S0119,Yulu Seed,round_amount,1.5,money,million,USD,Dec 2017,,SRC02025,HIGH,current,yes,
CL02809,S0119,Yulu Series A,round_amount,12.0,money,million,USD,Nov 2019,,SRC02025,HIGH,current,yes,
CL02810,S0119,Yulu Series B,round_amount,6530.0,money,million,INR,Sep 2022,,SRC02018,HIGH,current,yes,
CL02811,S0119,Yulu Post-Series B (equity),round_amount,1600.0,money,million,INR,Feb 2024,,SRC02026,HIGH,current,yes,
CL02812,S0119,Yulu Post-Series B (tranche),round_amount,11.3,money,million,USD,Jul 2025,,SRC02013,MEDIUM,current,yes,
CL02813,S0119,Yulu Series C,round_amount,93.0,money,million,USD,Aug 2026,,SRC02012,HIGH,current,yes,"Fleet expansion, entry into hyperlocal mobility use-cases, path to public listing"
CL02814,S0119,Yulu Series B,round_amount,82.0,money,million,USD,2022-09-11,,SRC02018,HIGH,current,yes,
CL02815,S0119,Yulu Post-Series B (equity),round_amount,19.25,money,million,USD,2024-02-23,,SRC02026,HIGH,current,yes,
CL02816,S0119,Yulu Debt,round_amount,25.0,money,million,INR,2024-01,,SRC02022,HIGH,current,yes,
CL02817,S0119,Yulu Debt,round_amount,12.0,money,million,USD,2022,,SRC02013,MEDIUM,current,yes,
CL02818,S0120,Zenoti Series D,round_amount,80.0,money,million,USD,Jun 2021,,SRC02036,HIGH,current,yes,"Expansion, acquisitions"
CL02819,S0120,Zenoti PE Growth,round_amount,331.0,money,million,USD,2021,,SRC02037,MEDIUM,current,yes,
CL02820,S0120,Zenoti Series A,round_amount,6.0,money,million,USD,2015-07-27,,SRC02036,HIGH,current,yes,Early-stage growth
CL02821,S0120,Zenoti Series B,round_amount,15.0,money,million,USD,2016-08-11,,SRC02049,HIGH,current,yes,Market expansion
CL02822,S0120,Zenoti Series C,round_amount,50.0,money,million,USD,2019-05-01,,SRC02036,HIGH,current,yes,Growth
CL02823,S0120,Zenoti Series C,round_amount,20.0,money,million,USD,2019-08-22,,SRC02036,HIGH,current,yes,Growth
CL02824,S0120,Zenoti Series D,round_amount,160.0,money,million,USD,2020-12-15,,SRC02047,HIGH,current,yes,"Growth, M&A, ESOP liquidity"
CL02825,S0120,Zenoti Series D - II,round_amount,80.0,money,million,USD,2021-06-02,,SRC02046,HIGH,current,yes,"Expansion, M&A, ESOP liquidation"
CL02826,S0121,Exxat Series C,round_amount,45.0,money,million,USD,2026-01-14,,SRC02061,MEDIUM,current,yes,
CL02827,S0122,Bellatrix Aerospace Pre-Series B,round_amount,20.0,money,million,USD,2026-03-27,,SRC02067,HIGH,current,yes,"Expansion of production facilities, high-throughput manufacturing lines, customer programs"
CL02828,S0122,Bellatrix Aerospace Series A,round_amount,14.4,money,million,USD,UNKNOWN,,SRC02068,MEDIUM,current,yes,
CL02829,S0123,Foxtale Seed,round_amount,0.7296,money,million,USD,Dec 2021,,SRC02074,HIGH,current,yes,
CL02830,S0123,Foxtale Seed,round_amount,4.0,money,million,USD,Jun 2022,,SRC02074,HIGH,current,yes,
CL02831,S0123,Foxtale Series A,round_amount,14.45,money,million,USD,Mar 2024,,SRC02074,HIGH,current,yes,
CL02832,S0123,Foxtale Series B,round_amount,17.95,money,million,USD,Jun 2024,,SRC02075,HIGH,current,yes,
CL02833,S0123,Foxtale Series C,round_amount,30.0,money,million,USD,"Jan 14, 20",,SRC02075,HIGH,current,yes,"Deepen footprint in existing markets, strengthen R&D capabilities"
CL02834,S0124,GalaxEye Series A extension,round_amount,4.8,money,million,USD,2026-03-12,,SRC02089,HIGH,current,yes,Ongoing Series A extension; satellite development
CL02835,S0125,HerSpace Manufacturing Seed/early,round_amount,10.0,money,million,USD,2025,,SRC02095,HIGH,current,yes,Initial backing
CL02836,S0125,HerSpace Manufacturing Growth commitment (debt + quasi-equity + equity over 30 months),round_amount,40.0,money,million,USD,2026-09-07,,SRC02095,MEDIUM,current,yes,Expand housing network in KA/TN/AP manufacturing hubs; people and systems
CL02837,S0125,HerSpace Manufacturing Growth commitment,round_amount,40.0,money,million,USD,2026-09-07,,SRC02095,HIGH,current,yes,"Expand housing network in Greater Bengaluru/Hosur, Chennai, Andhra Pradesh; people and systems"
CL02838,S0126,Snitch Series A (Rs 110 Cr),round_amount,13.1,money,million,USD,2023-12,,SRC02104,HIGH,current,yes,Growth
CL02839,S0126,Snitch Series B,round_amount,40.0,money,million,USD,2025-06-02,,SRC02103,HIGH,current,yes,100+ offline stores; quick commerce; new categories; international pilot
CL02840,S0126,Snitch Series B,valuation,25000.0,money,million,INR,2025-06-02,,SRC02103,HIGH,current,yes,post-money (press)
CL02841,S0126,Snitch Series A,round_amount,13.1,money,million,USD,2023-12,,SRC02109,HIGH,current,yes,Growth
CL02842,S0126,Snitch Series A,valuation,500.0,money,million,INR,2023-12,,SRC02109,HIGH,current,yes,post-money (press)
CL02843,S0126,Snitch Series B,round_amount,39.6,money,million,USD,2025-06-02,,SRC02109,HIGH,current,yes,100+ offline stores; quick commerce; new categories; international pilot
CL02844,S0126,Snitch Series B,valuation,2500.0,money,million,INR,2025-06-02,,SRC02109,HIGH,current,yes,post-money (press)
CL02845,S0126,Snitch Series B (close confirmation),round_amount,40.0,money,million,USD,2025-06-02,,SRC02106,HIGH,current,yes,100+ offline stores; quick commerce; new categories; international pilot
CL02846,S0126,Snitch Series B (close confirmation),valuation,2500.0,money,million,INR,2025-06-02,,SRC02106,HIGH,current,yes,post-money (press)
CL02847,S0127,OneCard (FPL Technologies) Series D tranche,round_amount,25.5,money,million,USD,2024-12-13,,SRC02116,HIGH,current,yes,Enhancing product
CL02848,S0127,OneCard (FPL Technologies) Series D extension (Rs 72 Cr),round_amount,7.6,money,million,USD,2026-07-13,,SRC02115,MEDIUM,current,yes,Ongoing Series D
CL02849,S0128,Rezolv Seed,round_amount,3.5,money,million,USD,2025,,SRC02125,HIGH,current,yes,Build AI-native collections product
CL02850,S0128,Rezolv Series A,round_amount,12.5,money,million,USD,2026-08,,SRC02123,HIGH,current,yes,Expand AI tools; standardise AI-native collections
CL02851,S0129,JustAI Seed,round_amount,1.7,money,million,USD,2024-08,,SRC02134,,current,yes,
CL02852,S0129,JustAI Series A,round_amount,17.0,money,million,USD,2026-06-24,,SRC02133,,current,yes,"Scale engineering and GTM teams, strengthen agentic AI infra, expand to ecommerce/B2B, India hiring/opportunities"
CL02853,S0130,BGauss Series A,round_amount,52.0,money,million,INR,2022-04,,SRC02139,,current,yes,
CL02854,S0130,BGauss Series B,round_amount,1610.0,money,million,INR,2025-01,,SRC02139,,current,yes,
CL02855,S0130,BGauss Series D,round_amount,1100.0,money,million,INR,2026-08-20,,SRC02139,,current,yes,"Scale operations, strengthen product portfolio, expansion"
CL02856,S0130,BGauss Series D,valuation,10000.0,money,million,INR,2026-08-20,,SRC02139,,current,yes,post-money (press-reported)
CL02857,S0131,Emo Energy Seed,round_amount,1.2,money,million,USD,2024-05,,SRC02159,,current,yes,
CL02858,S0131,Emo Energy Series A,round_amount,6.2,money,million,USD,2025-01-07,,SRC02159,,current,yes,"Scale to 1 lakh vehicles, 1 GWh storage, R&D battery-health software, team"
CL02859,S0131,Emo Energy pre-Series B,round_amount,6.2,money,million,USD,2026-06,,SRC02160,,current,yes,
CL02860,S0131,Emo Energy pre-Series B,valuation,90.0,money,million,USD,2026-06,,SRC02160,,current,yes,post-money (press-reported)
CL02861,S0132,Baaz Bikes Series A,round_amount,8.0,money,million,USD,2023-11-21,,SRC02164,,current,yes,
CL02862,S0133,Piston Series A,round_amount,15.0,money,million,USD,2026-09-10,,SRC02168,,current,yes,"Expand payments network, product development, hiring"
CL02863,S0134,Chargebee Series H,round_amount,250.0,money,million,USD,2022-02-01,,SRC02173,HIGH,current,yes,
CL02864,S0134,Chargebee Series H,valuation,3500.0,money,million,USD,2022-02-01,,SRC02173,HIGH,current,yes,post-money
CL02865,S0134,Chargebee Series G,round_amount,125.0,money,million,USD,2021-04-20,,SRC02174,HIGH,current,yes,
CL02866,S0134,Chargebee Series G,valuation,1400.0,money,million,USD,2021-04-20,,SRC02174,HIGH,current,yes,post-money
CL02867,S0134,Chargebee Series F,round_amount,55.0,money,million,USD,2020-10-06,,SRC02190,HIGH,current,yes,product enhancement
CL02868,S0134,Chargebee Series C,round_amount,18.3644,money,million,USD,2018-03-20,,SRC02191,HIGH,current,yes,product development
CL02869,S0134,Chargebee Series B,round_amount,5.0,money,million,USD,2015-03-10,,SRC02188,MEDIUM,current,yes,growth stage
CL02870,S0134,Chargebee Series A,round_amount,0.8,money,million,USD,2014-01-12,,SRC02188,MEDIUM,current,yes,early growth
CL02871,S0134,Chargebee Seed,round_amount,1.20822,money,million,USD,2013-10-03,,SRC02187,MEDIUM,current,yes,seed funding
CL02872,S0134,Chargebee Angel,round_amount,0.37,money,million,USD,2012-09-30,,SRC02188,MEDIUM,current,yes,angel funding
CL02873,S0135,Delhivery Series H,round_amount,277.0,money,million,USD,2021-05-30,,SRC02219,HIGH,current,yes,
CL02874,S0135,Delhivery IPO,round_amount,52350.0,money,million,INR,2022-05-11,,SRC02211,HIGH,current,yes,
CL02875,S0135,Delhivery IPO,valuation,352830.0,money,million,INR,2022-05-11,,SRC02211,HIGH,current,yes,IPO valuation
CL02876,S0135,Delhivery IPO,round_amount,5235.0,money,million,INR,2022-05-24,,SRC02211,HIGH,current,yes,Public listing on NSE/BSE
CL02877,S0135,Delhivery IPO,valuation,35283.0,money,million,INR,2022-05-24,,SRC02211,HIGH,current,yes,IPO valuation
CL02878,S0135,Delhivery Acquisition (Spoton),round_amount,1600.0,money,million,INR,2021-08-25,,SRC02220,HIGH,current,yes,Acquired Spoton Logistics for B2B PTL expansion
CL02879,S0135,Delhivery Acquisition (Ecom Express),round_amount,1407.0,money,million,INR,2025-07-01,,SRC02210,HIGH,current,yes,Acquired controlling stake in Ecom Express; CCI approval required
CL02880,S0136,Erisha E Mobility Series D,round_amount,1000.0,money,million,USD,2025-03-17,,SRC02233,HIGH,current,yes,
CL02881,S0137,Freshworks Series H,round_amount,150.0,money,million,USD,2019-11-04,,SRC02239,HIGH,current,yes,
CL02882,S0137,Freshworks Series H,valuation,3500.0,money,million,USD,2019-11-04,,SRC02239,HIGH,current,yes,post-money
CL02883,S0137,Freshworks IPO,round_amount,1030.0,money,million,USD,2021-09-22,,SRC02240,HIGH,current,yes,
CL02884,S0137,Freshworks IPO,valuation,10130.0,money,million,USD,2021-09-22,,SRC02240,HIGH,current,yes,IPO valuation
CL02885,S0138,OYO IPO (pending),round_amount,66500.0,money,million,INR,2025-12-20,,SRC02246,HIGH,current,yes,
CL02886,S0138,OYO IPO (pending),valuation,7000.0,money,million,USD,2025-12-20,,SRC02246,HIGH,current,yes,target
CL02887,S0138,OYO IPO (pending),round_amount,6650.0,money,million,INR,2025-12-31,,SRC02253,HIGH,current,yes,"Rs 4,987.5 Cr debt repayment; general corporate purposes"
CL02888,S0138,OYO IPO (pending),valuation,7000.0,money,million,USD,2025-12-31,,SRC02253,HIGH,current,yes,target
CL02889,S0138,OYO Secondary,round_amount,100.0,money,million,INR,2024-12-13,,SRC02262,HIGH,current,yes,Share acquisition at Rs 53/share
CL02890,S0138,OYO Secondary,valuation,4600.0,money,million,USD,2024-12-13,,SRC02262,HIGH,current,yes,implied
CL02891,S0138,OYO Equity (Sunday PropTech),round_amount,50.0,money,million,INR,2025-09-23,,SRC02263,HIGH,current,yes,Premium hotels expansion
CL02892,S0138,OYO Equity (Sunday PropTech),round_amount,125.0,money,million,INR,2025-11-23,,SRC02264,HIGH,current,yes,Premium hotel acquisition and development
CL02893,S0138,OYO Equity (Innov8),round_amount,110.0,money,million,INR,2025-01-28,,SRC02265,HIGH,current,yes,Co-working expansion
CL02894,S0138,OYO Equity (Innov8),valuation,1000.0,money,million,INR,2025-01-28,,SRC02265,HIGH,current,yes,implied
CL02895,S0140,Uniphore Series F,valuation,2500.0,money,million,USD,2025-10-22,,SRC02275,HIGH,current,yes,post-money
CL02896,S0140,Uniphore Series E,valuation,2500.0,money,million,USD,2022-02-16,,SRC02277,HIGH,current,yes,post-money
CL02897,S0144,KGeN (Kratos Gamer Network) Seed,round_amount,20.0,money,million,USD,2023-02-23,,SRC02304,,current,yes,
CL02898,S0144,KGeN (Kratos Gamer Network) Ecosystem,round_amount,10.0,money,million,USD,2024-11-20,,SRC02304,,current,yes,
CL02899,S0144,KGeN (Kratos Gamer Network) Ecosystem,valuation,500.0,money,million,USD,2024-11-20,,SRC02304,,current,yes,
CL02900,S0144,KGeN (Kratos Gamer Network) Strategic,round_amount,13.5,money,million,USD,2025-09-30,,SRC02305,,current,yes,
CL02901,S0144,KGeN (Kratos Gamer Network) Seed,round_amount,4.909074,money,million,USD,2023-02-08,,SRC02309,MEDIUM,current,yes,Initial platform build and gamer network expansion
CL02902,S0144,KGeN (Kratos Gamer Network) Seed,round_amount,1.628864,money,million,USD,2024-11-20,,SRC02304,MEDIUM,current,yes,Developer partnerships and ecosystem expansion
CL02903,S0144,KGeN (Kratos Gamer Network) Seed,round_amount,0.95,money,million,USD,2024-11-28,,SRC02315,MEDIUM,current,yes,Decentralize gamer data ownership
CL02904,S0144,KGeN (Kratos Gamer Network) Series A,round_amount,13.5,money,million,USD,2025-10-04,,SRC02305,HIGH,current,yes,"Platform growth, operational expansion, strategic initiatives"
CL02905,S0145,Seekho Seed,round_amount,3.0,money,million,USD,2023-03-01,,SRC02326,,current,yes,
CL02906,S0145,Seekho Series A,round_amount,8.0,money,million,USD,2024-12-01,,SRC02326,,current,yes,
CL02907,S0145,Seekho Series B,round_amount,28.0,money,million,USD,2025-09-03,,SRC02326,,current,yes,
CL02908,S0145,Seekho Series B,valuation,180.0,money,million,USD,2025-09-03,,SRC02326,,current,yes,
CL02909,S0146,Avammune Therapeutics Series A,round_amount,12.0,money,million,USD,2025-05-12,,SRC02346,,current,yes,
CL02910,S0147,HexaHealth Seed,round_amount,4.6,money,million,USD,2021-09-14,,SRC02365,,current,yes,
CL02911,S0147,HexaHealth Series A,round_amount,12.0,money,million,USD,2025-04-30,,SRC02362,,current,yes,
CL02912,S0148,Escape Plan (travel gear) Seed,round_amount,5.0,money,million,USD,2025-07-22,,SRC02368,,current,yes,
CL02913,S0148,Escape Plan (travel gear) Series A,round_amount,25.0,money,million,USD,2026-01-22,,SRC02369,,current,yes,
CL02914,S0149,Lendingkart Series E3,round_amount,29.5,money,million,USD,"Mar 27, 20",,SRC02386,HIGH,current,yes,Capital infusion post Fullerton majority acquisition
CL02915,S0149,Lendingkart Venture Debt,round_amount,11.7,money,million,USD,"May 27, 20",,SRC02392,MEDIUM,current,yes,Venture debt financing
CL02916,S0150,PB Healthcare Seed,round_amount,218.0,money,million,USD,"May 08, 20",,SRC02396,HIGH,current,yes,"Set up PB Health hospital network in Delhi NCR, product development"
CL02917,S0150,PB Healthcare Seed (extension),round_amount,5394.0,money,million,INR,"Jun 30, 20",,SRC02402,HIGH,current,yes,Continued investment in PB Healthcare subsidiary
CL02918,S0151,Augnito Series A,round_amount,7.2,money,million,USD,"Dec 02, 20",,SRC02404,HIGH,current,yes,Accelerate digital health innovation
CL02919,S0152,C2i Semiconductors Series A (extension),round_amount,16.7,money,million,USD,"May 27, 20",,SRC02412,HIGH,current,yes,Power delivery network bottleneck solutions for AI/HPC
CL02920,S0152,C2i Semiconductors Series A,round_amount,15.0,money,million,USD,Feb 2026,,SRC02413,HIGH,current,yes,System-level power delivery solutions for AI data centers
CL02921,S0152,C2i Semiconductors Seed,round_amount,4.0,money,million,USD,Nov 2024,,SRC02412,HIGH,current,yes,Initial development
CL02922,S0153,CynLr Series A,round_amount,10.0,money,million,USD,"Nov 05, 20",,SRC02420,HIGH,current,yes,"Scaling CyRo robotic platform, expanding Bengaluru lab"
CL02923,S0153,CynLr Pre-Series A,round_amount,4.5,money,million,USD,"Apr 05, 20",,SRC02423,HIGH,current,yes,Pre-Series A funding
CL02924,S0153,CynLr Seed,round_amount,0.775,money,million,USD,"Aug 06, 20",,SRC02424,HIGH,current,yes,Initial seed funding
CL02925,S0154,Skydo Seed,round_amount,5.2,money,million,USD,Jun 28 202,,SRC02454,HIGH,current,yes,
CL02926,S0154,Skydo Seed VC - II (Pre-Series A),round_amount,5.0,money,million,USD,Aug 13 202,,SRC02455,HIGH,current,yes,
CL02927,S0154,Skydo Series A,round_amount,10.0,money,million,USD,Dec 10 202,,SRC02443,HIGH,current,yes,"Geographic expansion to 20+ countries, global licensing, card acceptance (InstaLinks), compliance automation, developer APIs"
CL02928,S0154,Skydo Series A,valuation,77.48,money,million,USD,Dec 10 202,,SRC02443,HIGH,current,yes,post-money
CL02929,S0154,Skydo Series A (reported by Tracxn),round_amount,5.72,money,million,USD,Dec 10 202,,SRC02446,MEDIUM,current,yes,
CL02930,S0154,Skydo Pre-Series A,round_amount,5.0,money,million,USD,2024-08-13,,SRC02455,HIGH,current,yes,Pre-Series A funding
CL02931,S0154,Skydo Series A (Tracxn variant),round_amount,5.72,money,million,USD,2025-12-10,,SRC02446,MEDIUM,current,yes,
CL02932,S0155,Smart Joules Series A,round_amount,4.1,money,million,USD,Mar 17 202,,SRC02464,MEDIUM,current,yes,
CL02933,S0155,Smart Joules Debt,round_amount,8.0,money,million,USD,Feb 29 202,,SRC02466,HIGH,current,yes,
CL02934,S0155,Smart Joules Series B,round_amount,10.0,money,million,USD,Nov 28 202,,SRC02461,HIGH,current,yes,"Expansion into manufacturing, building automation, district cooling; enhance DeJoule analytics"
CL02935,S0156,VerveSemi (Vervesemi) Seed,round_amount,0.5,money,million,USD,Pre-2026,,SRC02479,MEDIUM,current,yes,
CL02936,S0156,VerveSemi (Vervesemi) Series A,round_amount,10.0,money,million,USD,Feb 18 202,,SRC00059,HIGH,current,yes,"Accelerate commercialization of ML-enabled analog signal-chain ICs, initiate silicon chip production, expand global market presence"
CL02937,S0156,VerveSemi (Vervesemi) Series A (reported by ET),round_amount,900.0,money,million,INR,Feb 18 202,,SRC02473,HIGH,current,yes,
CL02938,S0156,VerveSemi (Vervesemi) Series A (INR equivalent),round_amount,90.5,money,million,INR,2026-02-18,,SRC02473,HIGH,current,yes,
CL02939,S0157,Butterfly Learnings Series A,round_amount,320.0,money,million,INR,2024,,,HIGH,current,yes,
CL02940,S0157,Butterfly Learnings Pre-Series B,round_amount,650.0,money,million,INR,Aug 19 202,,SRC02481,HIGH,current,yes,"Expand centre network beyond Maharashtra, strengthen technology platform and AI capabilities, scale Get SET Early through hospitals and paed"
CL02941,S0157,Butterfly Learnings Seed,round_amount,2.0,money,million,USD,2022,,SRC02488,HIGH,current,yes,Initial operations and therapy programme development
CL02942,S0158,Sugar Cosmetics Series D,round_amount,50.0,money,million,USD,2022,,,HIGH,current,yes,Offline retail expansion
CL02943,S0158,Sugar Cosmetics Series D,valuation,30000.0,money,million,INR,2022,,,HIGH,current,yes,post-money
CL02944,S0158,Sugar Cosmetics Series D7,round_amount,1445.0,money,million,INR,Sep 1 2026,,SRC02495,HIGH,current,yes,Fresh capital amid revenue decline and widening losses
CL02945,S0158,Sugar Cosmetics Series D7,valuation,7550.0,money,million,INR,Sep 1 2026,,SRC02495,HIGH,current,yes,post-money
CL02946,S0158,Sugar Cosmetics Series D7 (MCA filing details),round_amount,1444.7,money,million,INR,Sep 1 2026,,SRC02496,HIGH,current,yes,
CL02947,S0158,Sugar Cosmetics Series D7,round_amount,144.5,money,million,INR,2026-09-01,,SRC02495,HIGH,current,yes,Fresh capital amid revenue decline and widening losses
CL02948,S0158,Sugar Cosmetics Series D7,valuation,7550000000.0,money,million,INR,2026-09-01,,SRC02495,HIGH,current,yes,post-money
CL02949,S0158,Sugar Cosmetics Series D7 (MCA filing details),round_amount,144.47,money,million,INR,2026-09-01,,SRC02497,HIGH,current,yes,Fresh capital
CL02950,S0158,Sugar Cosmetics Series D7 (MCA filing details),valuation,5500000000.0,money,million,INR,2026-09-01,,SRC02497,HIGH,current,yes,post-money
CL02951,S0158,Sugar Cosmetics Series D (secondary),valuation,2650000000.0,money,million,INR,2024-11,,SRC02497,MEDIUM,current,yes,post-money
CL02952,S0159,Graas.ai (Graas) Series B,round_amount,17.0,money,million,USD,Aug 2026,,SRC02503,,current,yes,
CL02953,S0159,Graas.ai (Graas) Seed,round_amount,7.14,money,million,USD,2022-04-01,,SRC02522,MEDIUM,current,yes,Initial product development
CL02954,S0159,Graas.ai (Graas) Series A,round_amount,40.0,money,million,USD,2022-08-16,,SRC02513,HIGH,current,yes,Launch Growth-as-a-Service; acquire Shoptimize and SELLinALL
CL02955,S0159,Graas.ai (Graas) Pre-Series B,round_amount,9.0,money,million,USD,2025-08-11,,SRC02512,HIGH,current,yes,Expand Agent Foundry in India
CL02956,S0161,Agrani Labs Seed,round_amount,8.0,money,million,USD,Jan 2026,,SRC02529,,current,yes,
CL02957,S0161,Agrani Labs Series A (ongoing/negotiating),round_amount,50.0,money,million,USD,2026-09-01,,SRC02534,MEDIUM,current,yes,"Silicon prototyping, MPW runs at foundries, compiler development, hardware emulation"
CL02958,S0162,Mokobara Series B,round_amount,12.0,money,million,USD,Feb 2024,,SRC02544,,current,yes,
CL02959,S0162,Mokobara Series C,round_amount,1700.0,money,million,INR,Sep 2026,,SRC02542,,current,yes,
CL02960,S0162,Mokobara Seed,round_amount,0.32,money,million,USD,2020-03-09,,SRC02553,MEDIUM,current,yes,early-stage product development
CL02961,S0162,Mokobara Series A,round_amount,4.961002,money,million,USD,2022-03-31,,SRC02553,MEDIUM,current,yes,scaling product and team
CL02962,S0162,Mokobara Series A-2,round_amount,3.749322,money,million,USD,2023-08-23,,SRC02553,MEDIUM,current,yes,pre-Series B bridge
CL02963,S0162,Mokobara Series C,round_amount,170.0,money,million,INR,2026-09-01,,SRC02542,HIGH,current,yes,"growth acceleration, ESOP secondaries"
CL02964,S0162,Mokobara Series C,valuation,19300000000.0,money,million,INR,2026-09-01,,SRC02542,HIGH,current,yes,post-money
CL02965,S0162,Mokobara Series C (primary tranche),round_amount,90.66,money,million,INR,2026-09-02,,SRC02543,HIGH,current,yes,"growth, financial position, long-term resources"
CL02966,S0162,Mokobara Series C (primary tranche),valuation,19300000000.0,money,million,INR,2026-09-02,,SRC02543,HIGH,current,yes,post-money
CL02967,S0163,XpressBees Total disclosed (Tracxn),round_amount,356.0,money,million,USD,,,SRC02565,,current,yes,
CL02968,S0163,XpressBees Series A,round_amount,12.5,money,million,USD,2015-11-05,,SRC02565,MEDIUM,current,yes,
CL02969,S0163,XpressBees Series E,round_amount,110.0,money,million,USD,2020-11-08,,SRC02565,HIGH,current,yes,"Automating hubs and sort centres, technology investment, expanding delivery footprint"
CL02970,S0163,XpressBees Series E,valuation,396.0,money,million,USD,2020-11-08,,SRC02565,HIGH,current,yes,post-money
CL02971,S0163,XpressBees Series F,round_amount,100.0,money,million,USD,2022-02-09,,SRC02565,HIGH,current,yes,
CL02972,S0163,XpressBees Series F,valuation,1140.0,money,million,USD,2022-02-09,,SRC02565,HIGH,current,yes,post-money
CL02973,S0163,XpressBees Series G,round_amount,80.0,money,million,USD,2023-11-07,,SRC02565,HIGH,current,yes,
CL02974,S0163,XpressBees Series G,valuation,1440.0,money,million,USD,2023-11-07,,SRC02565,HIGH,current,yes,post-money
CL02975,S0164,Fundly.ai venture (extension),round_amount,4.0,money,million,USD,,,SRC02570,,current,yes,
CL02976,S0164,Fundly.ai seed,round_amount,3.0,money,million,USD,2023-05,,SRC02581,HIGH,current,yes,Initial seed funding for pharma supply-chain financing platform
CL02977,S0164,Fundly.ai pre-Series A,round_amount,4.0,money,million,USD,2026-09-08,,SRC02570,HIGH,current,yes,"Expand commerce, payments, and credit operations across India's pharma supply chain"
CL02978,S0164,Fundly.ai venture debt,round_amount,0.9,money,million,USD,2026-09-08,,SRC02571,HIGH,current,yes,Working capital for expansion
CL02979,S0165,Mitigata Series B,round_amount,15.0,money,million,USD,,,SRC02585,,current,yes,
CL02980,S0165,Mitigata Series A,round_amount,5.9,money,million,USD,2025-08-04,,SRC02591,HIGH,current,yes,"Scale AI-powered cyber platform, build three Global SOCs in Bengaluru/Delhi/Mumbai, expand service suite, hire talent"
CL02981,S0165,Mitigata Series B,round_amount,15.0,money,million,USD,2026-06-23,,SRC02588,HIGH,current,yes,"Expand AI-native products, scale SOC capabilities, enter Middle East and Southeast Asia, double team"
CL02982,S0166,Refold AI seed,round_amount,6.5,money,million,USD,,,SRC02600,,current,yes,
CL02983,S0167,RentoMojo Series D/D1,round_amount,25.0,money,million,USD,,,SRC02606,,current,yes,
CL02984,S0167,RentoMojo IPO,round_amount,1255.57,money,million,INR,2026-09-09,,SRC02605,HIGH,current,yes,"debt repayment, lease payments, general corporate"
CL02985,S0167,RentoMojo IPO,valuation,4206.0,money,million,INR,2026-09-09,,SRC02605,HIGH,current,yes,market_cap
CL02986,S0167,RentoMojo debt,round_amount,179.5,money,million,INR,,,SRC02608,MEDIUM,current,yes,working capital
CL02987,S0168,Blinkit acquisition by Zomato (all-stock),round_amount,568.0,money,million,USD,,,SRC02617,,current,yes,
CL02988,S0169,Juniper Green Energy IPO,valuation,1800.0,money,million,USD,2026-07-30,,SRC02621,HIGH,current,yes,IPO price band 214-225
CL02989,S0171,Swiggy IPO,valuation,11300.0,money,million,USD,2024-11-06,,SRC02631,HIGH,current,yes,IPO price 390/share
CL02990,S0171,Swiggy Pre-IPO,valuation,10700.0,money,million,USD,2022,,SRC02632,HIGH,current,yes,
CL02991,S0172,Bonkers Corner Shark Tank India Deal,round_amount,3000.0,money,million,INR,2026-01,,SRC02641,MEDIUM,current,yes,
CL02992,S0181,Inox Clean Energy private_equity,round_amount,31000.0,money,million,INR,2026-01,,SRC02700,HIGH,current,yes,
CL02993,S0181,Inox Clean Energy private_equity,round_amount,7000.0,money,million,INR,2026-07,,SRC02701,HIGH,current,yes,
CL02994,S0181,Inox Clean Energy equity,round_amount,55000.0,money,million,INR,2026-05,,SRC02700,HIGH,current,yes,
CL02995,S0182,Raphe mPhibr ccps,round_amount,4850.0,money,million,INR,2025-2026,,SRC02707,HIGH,current,yes,
CL02996,S0183,Battery Smart pre_series_c,round_amount,660.0,money,million,INR,2026-03,,SRC02714,HIGH,current,yes,
CL02997,S0183,Battery Smart series_c,round_amount,1855.0,money,million,INR,2026-08-30,,SRC02714,HIGH,current,yes,
CL02998,S0184,Carrum Mobility Series B,round_amount,10.0,money,million,USD,Sep 2026,,SRC02721,HIGH,current,yes,
CL02999,S0184,Carrum Mobility Series B,valuation,168.0,money,million,USD,Sep 2026,,SRC02721,HIGH,current,yes,
CL03000,S0185,Elivaas Seed/Series A,round_amount,5.0,money,million,USD,Sep 2024,,SRC02725,MEDIUM,current,yes,
CL03001,S0185,Elivaas Series B,round_amount,10.4,money,million,USD,Aug 2025,,SRC02726,HIGH,current,yes,
CL03002,S0185,Elivaas Seed,round_amount,2.5,money,million,USD,2023-11-27,,SRC02734,MEDIUM,current,yes,
CL03003,S0185,Elivaas Seed,round_amount,2.5,money,million,USD,2024-04-15,,SRC02729,MEDIUM,current,yes,
CL03004,S0185,Elivaas Series A,round_amount,5.0,money,million,USD,2024-09-20,,SRC02725,HIGH,current,yes,Expansion to every major leisure destination in India
CL03005,S0186,nCore Games Series A,round_amount,10.0,money,million,USD,Jan 2022,,SRC02742,HIGH,current,yes,
CL03006,S0187,Stimuler AI pre-Series A,round_amount,3.75,money,million,USD,May 2025,,SRC02744,HIGH,current,yes,
CL03007,S0194,Olee Space seed,round_amount,3.0,money,million,USD,2025-08,,SRC02772,HIGH,current,yes,Scale production of laser-based communication and directed energy weapon systems
CL03008,S0195,Atlys Series C,round_amount,36.0,money,million,USD,2026-03,,SRC02778,HIGH,current,yes,Expand visa platform globally and invest in AI tools
CL03009,S0196,Goldi Solar pre-IPO,round_amount,14220.0,money,million,INR,2025-10,,SRC02787,HIGH,current,yes,Expand production capacity and strengthen global renewable energy presence
CL03010,S0197,Kiwi (Gokiwi Tech) Series B,round_amount,24.0,money,million,USD,2025-08,,SRC02794,HIGH,current,yes,"Expand Credit-on-UPI innovation, product expansion, deepen rewards"
CL03011,S0197,Kiwi (Gokiwi Tech) Seed,round_amount,8.847392,money,million,USD,2022-12-30,,SRC02795,HIGH,current,yes,Product development and launch
CL03012,S0197,Kiwi (Gokiwi Tech) Series A,round_amount,10.37456,money,million,USD,2023-11-10,,SRC02795,HIGH,current,yes,Expand Credit-on-UPI innovation
CL03013,S0198,Circolife pre-Series A,round_amount,4.5,money,million,USD,2026-09,,SRC02810,HIGH,current,yes,Expand cooling-as-a-service business across India
CL03014,S0199,Agnikul Cosmos (AgniKul) Series C,round_amount,1500.0,money,million,INR,November 2,,SRC02820,HIGH,current,yes,UNKNOWN
CL03015,S0208,Netrasemi (NetraSemi) Pre-Series A,round_amount,100.0,money,million,INR,Dec 2024,,SRC02868,MEDIUM,current,yes,Build Edge AI for IoT products
CL03016,S0208,Netrasemi (NetraSemi) Series A,round_amount,1070.0,money,million,INR,Jul 2025,,SRC02863,HIGH,current,yes,"Accelerate R&D, manufacturing"
CL03017,S0209,Arohan Financial Services Equity Raise,round_amount,168.0,money,million,USD,2021-02,,SRC02877,MEDIUM,current,yes,Capital expansion
CL03018,S0209,Arohan Financial Services PE Share Sale (CCPS),round_amount,730.0,money,million,USD,2023-04-09,,SRC02877,HIGH,current,yes,Capital expansion; promoter Aavishkaar Group retains ~33% without dilution until conversion
CL03019,S0209,Arohan Financial Services IPO (DRHP filed),round_amount,600.0,money,million,USD,2026-05-15,,SRC02874,HIGH,current,yes,Boost capital base and general corporate purposes
CL03020,S0211,Nexedge Capital Maiden Round,round_amount,20.0,money,million,USD,2026-08-25,,SRC02904,HIGH,current,yes,"Strengthen technology platform, expand senior banker network, extend footprint across India including Tier-II and Tier-III cities, build NRI"
CL03021,S0211,Nexedge Capital Pre-seed / Talks,round_amount,25.0,money,million,USD,2026-06-09,,SRC02903,MEDIUM,current,yes,First institutional funding round (in talks as of Jun 2026)
CL03022,S0213,Navana.ai Series A,round_amount,40.0,money,million,INR,2026-09-07,,SRC02924,HIGH,current,yes,"Expand BFSI deployments, advance speech models across 12 Indian languages, develop AI Contact Centre and automated evaluation platform"
CL03023,S0213,Navana.ai Pre-Series A,round_amount,7.0,money,million,INR,2025-07-15,,SRC02925,HIGH,current,yes,"Scale Indic speech tech, R&D, product scale"
CL03024,S0214,Lickicious Growth capital,round_amount,19.0,money,million,INR,2026-09,,SRC02943,HIGH,current,yes,"manufacturing capacity, product development, distribution"
CL03025,S0215,PumPumPum Seed,round_amount,0.292702,money,million,USD,2020-07,,SRC02951,HIGH,current,yes,business expansion
CL03026,S0215,PumPumPum Pre-Series A,round_amount,55.0,money,million,INR,2021-04,,SRC02954,HIGH,current,yes,category disruption and consumer awareness
CL03027,S0215,PumPumPum Equity,round_amount,2.0,money,million,USD,2022-06,,SRC02950,HIGH,current,yes,growth
CL03028,S0215,PumPumPum Pre-Series A,round_amount,180.0,money,million,INR,2026-01,,SRC02948,HIGH,current,yes,scale used-car leasing services
CL03029,S0215,PumPumPum Bridge Round,round_amount,20.0,money,million,INR,2021-09-30,,SRC02955,MEDIUM,current,yes,expansion
CL03030,S0215,PumPumPum Pre-Series A,round_amount,20.0,money,million,INR,2024-03,,SRC02956,MEDIUM,current,yes,expansion
CL03031,S0216,BimaKavach Seed,round_amount,2.0,money,million,USD,2022-10,,SRC02963,HIGH,current,yes,develop bespoke insurance products and risk-management technology
CL03032,S0217,CtrlS Growth capital,round_amount,2500.0,money,million,INR,2026-08,,SRC02968,HIGH,current,yes,India expansion
CL03033,S0218,Watch Your Health Undisclosed,round_amount,5.0,money,million,USD,2024-07,,SRC02976,HIGH,current,yes,growth and platform expansion
CL03034,S0224,Fire AI (FireAI) pre-seed,round_amount,0.5,money,million,USD,2026,,SRC03014,LOW,current,yes,
CL03035,S0225,Matter growth equity,round_amount,25.0,money,million,USD,August 202,,SRC03016,HIGH,current,yes,
CL03036,S0226,Comet Series B,round_amount,1000.0,money,million,INR,September ,,SRC01075,MEDIUM,current,yes,
CL03037,S0226,Comet Series A,round_amount,42.3,money,million,INR,2024-07-01,,SRC03024,HIGH,current,yes,"Product development, marketing, distribution"
CL03038,S0226,Comet Series A,valuation,1670000000.0,money,million,INR,2024-07-01,,SRC03024,HIGH,current,yes,post-money
CL03039,S0226,Comet Series B,round_amount,98.75,money,million,INR,2026-08-28,,SRC03020,HIGH,current,yes,"Working capital, capex, general corporate purposes"
CL03040,S0226,Comet Series B,valuation,5350000000.0,money,million,INR,2026-08-28,,SRC03020,HIGH,current,yes,post-money
CL03041,S0226,Comet Series B,round_amount,100.0,money,million,INR,2026-08-28,,SRC03019,MEDIUM,current,yes,"Retail expansion, product innovation, technology development"
CL03042,S0226,Comet Series B,valuation,5350000000.0,money,million,INR,2026-08-28,,SRC03019,MEDIUM,current,yes,post-money
CL03043,S0227,Balaji Wafers secondary,valuation,346.85,money,million,USD,January 20,,SRC03031,MEDIUM,current,yes,reported unicorn valuation
CL03044,S0228,CleverTap Series D,round_amount,105.0,money,million,USD,August 202,,SRC03034,MEDIUM,current,yes,
CL03045,S0228,CleverTap Series C,round_amount,35.0,money,million,USD,2019-10,,SRC03039,HIGH,current,yes,
CL03046,S0228,CleverTap Series C,valuation,385.0,money,million,USD,2019-10,,SRC03039,HIGH,current,yes,post-money
CL03047,S0228,CleverTap CPEF (Conflict/Unverified),round_amount,125.0,money,million,USD,2022,,,LOW,current,yes,
CL03048,S0228,CleverTap CPEF (Conflict/Unverified),valuation,1500.0,money,million,USD,2022,,,LOW,current,yes,post-money
CL03049,S0234,Qure.ai Series D,round_amount,65.0,money,million,USD,2024-09-24,,SRC03084,HIGH,current,yes,Expand healthcare globally and invest in AI models
CL03050,S0235,Greenwave Circularity Credit line / project financing,round_amount,31.5,money,million,USD,2026-03,,SRC03087,HIGH,current,yes,"Build integrated PET recycling facility in Odisha producing rPET flakes, pellets and food-grade output"
CL03051,S0236,Shortgun Games Seed,round_amount,1.0,money,million,USD,2025-08-05,,SRC03092,HIGH,current,yes,Develop a cinematic third-person shooter for global audiences; support MVP and hiring
CL03052,S0237,Uolo Pre-Series B,round_amount,7.0,money,million,USD,2025-12-10,,SRC03097,HIGH,current,yes,Expand AI adoption in Indian schools
CL03053,S0237,Uolo Series A / debt mix,round_amount,22.5,money,million,USD,2022-12-07,,SRC03099,MEDIUM,current,yes,Scale school-learning platform
CL03054,S0238,AgroStar Series E / equity,round_amount,30.0,money,million,USD,2025-11-20,,SRC03101,HIGH,current,yes,Enhance digital farming and farmer access
CL03055,S0238,AgroStar Series E / equity,valuation,293.0,money,million,USD,2025-11-20,,SRC03101,HIGH,current,yes,reported post-money
CL03056,S0238,AgroStar Equity funding,round_amount,57.65,money,million,USD,2025-04-09,,SRC03104,MEDIUM,current,yes,Not reported
CL03057,S0238,AgroStar Equity funding,valuation,293.0,money,million,USD,2025-04-09,,SRC03104,MEDIUM,current,yes,reported
CL03058,S0238,AgroStar Seed,round_amount,0.734,money,million,USD,2013-04-04,,SRC03122,MEDIUM,current,yes,Seed funding
CL03059,S0238,AgroStar Seed,round_amount,0.645,money,million,USD,2014-11-29,,SRC03122,MEDIUM,current,yes,Seed funding
CL03060,S0238,AgroStar Series A,round_amount,4.0,money,million,USD,2015-06-15,,SRC03122,MEDIUM,current,yes,Series A
CL03061,S0238,AgroStar Series B,round_amount,10.0,money,million,USD,2017-03-07,,SRC03123,MEDIUM,current,yes,Series B
CL03062,S0238,AgroStar Series C,round_amount,27.0,money,million,USD,2019-03-07,,SRC03124,MEDIUM,current,yes,Series C
CL03063,S0238,AgroStar Series D,round_amount,70.0,money,million,USD,2021-12-07,,SRC03116,HIGH,current,yes,"Strengthen tech platform, hire senior talent, scale omnichannel strategy, expand to 5,000 branded retail stores"
CL03064,S0238,AgroStar Series E,round_amount,40.0,money,million,USD,2022-05-13,,SRC03117,HIGH,current,yes,"Omnichannel expansion, market linkages"
CL03065,S0238,AgroStar Equity funding,round_amount,6.7,money,million,USD,2025-04-09,,SRC03108,HIGH,current,yes,Not reported
CL03066,S0238,AgroStar Equity funding,valuation,293.0,money,million,USD,2025-04-09,,SRC03108,HIGH,current,yes,reported post-money
CL03067,S0239,30 Sundays pre-seed,round_amount,0.77,money,million,USD,2024-11-08,,SRC03138,MEDIUM,current,yes,
CL03068,S0239,30 Sundays Series A,round_amount,610.0,money,million,INR,2026-07-21,,SRC03136,HIGH,current,yes,Scale AI-native travel platform
CL03069,S0240,Intellend Technologies Advisors seed,round_amount,1.2,money,million,USD,2026-01-20,,SRC03145,HIGH,current,yes,Expand digital lending for small businesses and partnerships
CL03070,S0241,Arya.ag (Arya) Series D,round_amount,7250.0,money,million,INR,2026-01-01,,SRC03160,HIGH,current,yes,"Expand climate-smart agriculture, farmgate infrastructure and storage-linked finance"
CL03071,S0241,Arya.ag (Arya) Pre-Series B,round_amount,6.0,money,million,USD,2020-03,,SRC03157,MEDIUM,current,yes,Pre-Series B funding
CL03072,S0241,Arya.ag (Arya) Series B,round_amount,21.0,money,million,USD,2020-12,,SRC03157,MEDIUM,current,yes,Series B funding
CL03073,S0241,Arya.ag (Arya) Series C,round_amount,60.0,money,million,USD,2022-01-18,,SRC03157,HIGH,current,yes,"Enhance technology, hire tech staff, penetrate deeper into domestic geographies"
CL03074,S0241,Arya.ag (Arya) Series C,valuation,300.0,money,million,USD,2022-01-18,,SRC03157,HIGH,current,yes,post-money
CL03075,S0241,Arya.ag (Arya) Conventional Debt,round_amount,29.2,money,million,USD,2024-07-04,,SRC03158,HIGH,current,yes,Pre-Series D equity funding
CL03076,S0241,Arya.ag (Arya) Conventional Debt,valuation,325.0,money,million,USD,2024-07-04,,SRC03158,HIGH,current,yes,post-money
CL03077,S0241,Arya.ag (Arya) Conventional Debt,round_amount,19.8,money,million,USD,2024-10-28,,SRC03161,HIGH,current,yes,Boost agri-commerce platform
CL03078,S0241,Arya.ag (Arya) Conventional Debt,round_amount,30.0,money,million,USD,2025-01-23,,SRC03162,MEDIUM,current,yes,Working capital and growth
CL03079,S0241,Arya.ag (Arya) Series D,round_amount,81.0,money,million,USD,2026-01-02,,SRC03156,HIGH,current,yes,"Expand climate-smart agriculture, farmgate infrastructure, storage-linked finance; IPO readiness"
CL03080,S0241,Arya.ag (Arya) Co-investment,round_amount,12.8,money,million,USD,2026-03-09,,SRC03155,HIGH,current,yes,"Reduce post-harvest losses, expand formal finance for smallholder farmers, scale sustainable storage and logistics"
CL03081,S0241,Arya.ag (Arya) Conventional Debt,round_amount,250.0,money,million,INR,2025-01-23,,SRC03162,MEDIUM,current,yes,Working capital
CL03082,S0242,Hubilo Series B,round_amount,125.0,money,million,USD,2021-10-11,,SRC03169,HIGH,current,yes,Build and expand virtual and live events platform
CL03083,S0243,ProFound (profound) seed,round_amount,1.5,money,million,USD,2026-08-04,,SRC03176,MEDIUM,current,yes,
CL03084,S0244,Renee Cosmetics Series C,round_amount,30.0,money,million,USD,Aug 2025,,SRC03179,,current,yes,
CL03085,S0246,Vecton AI pre-seed,round_amount,60.0,money,million,INR,~Aug 2026,,SRC03183,,current,yes,
CL03086,S0246,Vecton AI pre-seed,round_amount,6.0,money,million,INR,2026-08-11,,SRC03183,HIGH,current,yes,"Accelerate enterprise-ready AI solutions, strengthen FDE model, expand BFSI presence"
CL03087,S0247,Dialflo first round (pre-seed),round_amount,17.0,money,million,INR,Sep 10 202,,SRC03195,,current,yes,
CL03088,S0248,Ammunic Systems seed,round_amount,1.1,money,million,USD,Jul 25 202,,SRC03198,,current,yes,
CL03089,S0251,Cellogen Therapeutics undisclosed (life-sciences investment),round_amount,200.0,money,million,INR,May 18 202,,SRC03214,,current,yes,
CL03090,S0252,Morphing Machines Series A (2nd tranche),round_amount,420.0,money,million,INR,Apr 27 202,,SRC03217,,current,yes,
CL03091,S0255,Niyo Series C,round_amount,100.0,money,million,USD,2022,,SRC03225,,current,yes,
CL03092,S0255,Niyo Seed,round_amount,0.15,money,million,USD,2016-01-20,,SRC03229,MEDIUM,current,yes,
CL03093,S0255,Niyo Seed,round_amount,1.0,money,million,USD,2016-07-19,,SRC03229,MEDIUM,current,yes,
CL03094,S0255,Niyo Series A,round_amount,13.200648,money,million,USD,2018-01-09,,SRC03229,HIGH,current,yes,
CL03095,S0255,Niyo Series B,round_amount,35.0,money,million,USD,2019-07-09,,SRC03236,HIGH,current,yes,
CL03096,S0255,Niyo Series C,round_amount,30.0,money,million,USD,2022-07-19,,SRC03229,HIGH,current,yes,
CL03097,S0256,SatSure Series A,round_amount,15.0,money,million,USD,UNKNOWN (S,,SRC03269,,current,yes,
CL03098,S0256,SatSure aggregate,round_amount,5120.0,money,million,INR,2026,,SRC03258,,current,yes,
CL03099,S0256,SatSure Pre-Series A,round_amount,5.0,money,million,USD,2022-02-07,,SRC03267,HIGH,current,yes,Expand footprint in Southeast Asia and accelerate product development
CL03100,S0256,SatSure Series A,round_amount,15.0,money,million,USD,2023-08-30,,SRC03259,HIGH,current,yes,Launch fleet of four high resolution optical and multispectral satellites by Q4 2025; accelerate pro
CL03101,S0256,SatSure Grant (Technology Adoption Fund),round_amount,246.0,money,million,INR,2026-06-11,,SRC03257,HIGH,current,yes,Develop AI-powered Earth observation models using satellite and drone data
CL03102,S0256,SatSure Aggregate,round_amount,28.9,money,million,USD,2026-08-21,,SRC03265,MEDIUM,current,yes,Total funding across all rounds
CL03103,S0258,VerSe Innovation late-stage (widely reported tranche),round_amount,805.0,money,million,USD,,,SRC03284,,current,yes,
CL03104,S0258,VerSe Innovation Series J,round_amount,805.0,money,million,USD,2022-04,,SRC03284,HIGH,current,yes,Deepen AI/ML and data science capabilities; expand local language platform
CL03105,S0258,VerSe Innovation Series J,valuation,5000.0,money,million,USD,2022-04,,SRC03284,HIGH,current,yes,post-money
CL03106,S0258,VerSe Innovation Series I,round_amount,450.0,money,million,USD,2022-01,,SRC03293,MEDIUM,current,yes,Growth and platform expansion
CL03107,S0258,VerSe Innovation Series I,valuation,3100.0,money,million,USD,2022-01,,SRC03293,MEDIUM,current,yes,post-money
CL03108,S0258,VerSe Innovation Series I (CPPIB tranche),round_amount,28.0,money,million,USD,2022-01,,SRC03293,HIGH,current,yes,General corporate purposes
CL03109,S0258,VerSe Innovation Series I (CPPIB tranche),valuation,3100.0,money,million,USD,2022-01,,SRC03293,HIGH,current,yes,post-money
CL03110,S0258,VerSe Innovation Venture Debt,round_amount,6.0,money,million,USD,2024-02-07,,SRC03301,MEDIUM,current,yes,Working capital
CL03111,S0258,VerSe Innovation Series H,round_amount,100.0,money,million,USD,2021-02,,SRC03302,MEDIUM,current,yes,Short video app Josh growth; creator ecosystem
CL03112,S0258,VerSe Innovation Series F,round_amount,25.0,money,million,USD,2019-07,,SRC03301,MEDIUM,current,yes,Growth
CL03113,S0259,Wow! Momo debt,round_amount,1850.0,money,million,INR,Jul 2026,,SRC03307,,current,yes,
CL03114,S0259,Wow! Momo bridge,round_amount,8.4,money,million,USD,Dec 2025,,SRC03309,,current,yes,
CL03115,S0260,ARC pre-seed,round_amount,105.0,money,million,INR,Sep 2026,,SRC03311,,current,yes,
CL03116,S0261,InstaAstro Series A,round_amount,12.0,money,million,USD,Aug 2026,,SRC03313,,current,yes,
CL03117,S0262,Iztri seed,round_amount,1.05,money,million,INR,Sep 2026,,SRC03316,,current,yes,
CL03118,S0263,Qila Games pre-seed,round_amount,1.0,money,million,USD,2025 (Apr-,,SRC03319,,current,yes,
CL03119,S0274,Alt Carbon seed,round_amount,12.0,money,million,USD,May 2025,,SRC03358,,current,yes,
CL03120,S0275,Alphadroid pre-Series A,round_amount,3.8,money,million,USD,May 2026,,SRC03361,,current,yes,
CL03121,S0277,Celebal Technologies Series B (ESTIMATE — reported as $15M raise; series label per Tracxn snippet),round_amount,15.0,money,million,USD,June 2025,,SRC03367,,current,yes,
CL03122,S0277,Celebal Technologies debt,round_amount,5.2,money,million,USD,June 2026,,SRC03366,,current,yes,
CL03123,S0278,Tonbo Imaging Series D (pre-IPO),round_amount,175.0,money,million,INR,April 2025,,SRC03371,,current,yes,
CL03124,S0278,Tonbo Imaging Series D (pre-IPO),valuation,15000.0,money,million,INR,April 2025,,SRC03371,,current,yes,
CL03125,S0278,Tonbo Imaging Seed,round_amount,0.5,money,million,USD,2011-10-16,,SRC03385,HIGH,current,yes,
CL03126,S0278,Tonbo Imaging Series A,round_amount,6.4,money,million,USD,2012-10-16,,SRC03385,HIGH,current,yes,
CL03127,S0278,Tonbo Imaging Series B,round_amount,17.0,money,million,USD,2017-09-11,,SRC03386,HIGH,current,yes,
CL03128,S0278,Tonbo Imaging Venture Debt,round_amount,8.0,money,million,USD,2022-09-13,,SRC03385,HIGH,current,yes,
CL03129,S0278,Tonbo Imaging Series C,round_amount,9.057855,money,million,USD,2023-01-31,,SRC03381,MEDIUM,current,yes,
CL03130,S0278,Tonbo Imaging Series D (pre-IPO),round_amount,1750.0,money,million,INR,2025-04-03,,SRC03371,HIGH,current,yes,"Accelerate development of next-generation infrared sensors, commercial deployment of high-power microwave technologies, working capital for "
CL03131,S0278,Tonbo Imaging Series D (pre-IPO),valuation,15000000000.0,money,million,INR,2025-04-03,,SRC03371,HIGH,current,yes,post-money
CL03132,S0279,DigitalPaani UNKNOWN (reported as Rs 22 Cr raise; $2.3M per discovery hint),round_amount,22.0,money,million,INR,September ,,SRC03402,,current,yes,
CL03133,S0280,Yuma Energy Series A,round_amount,35.0,money,million,USD,September ,,SRC03405,,current,yes,
CL03134,S0283,IndiQube IPO (fresh Rs 650 Cr + Rs 50 Cr OFS = Rs 700 Cr total),round_amount,650.0,money,million,INR,July 2025,,SRC03413,,current,yes,
CL03135,S0283,IndiQube Angel,round_amount,0.312,money,million,USD,2017-09-11,,SRC03431,MEDIUM,current,yes,Early-stage workspace platform development
CL03136,S0283,IndiQube Series A,round_amount,15.0,money,million,USD,2018-06-05,,SRC03423,HIGH,current,yes,"Strengthen execution capabilities and expand to Pune, Hyderabad, Mumbai, Chennai"
CL03137,S0283,IndiQube Series B,round_amount,30.000648,money,million,USD,2022-04-04,,SRC03431,MEDIUM,current,yes,Expansion and scale
CL03138,S0283,IndiQube IPO (fresh issue),round_amount,650.0,money,million,INR,2025-07-23,,SRC03422,HIGH,current,yes,Capex for new centers Rs 462.6 Cr; debt repayment Rs 93 Cr; general corporate
CL03139,S0283,IndiQube IPO (OFS),round_amount,50.0,money,million,INR,2025-07-23,,SRC03422,HIGH,current,yes,Promoter offer for sale
CL03140,S0284,Smartworks IPO,round_amount,5825.5,money,million,INR,2025-07-17,,SRC03437,HIGH,current,yes,
CL03141,S0284,Smartworks IPO,valuation,46450.0,money,million,INR,2025-07-17,,SRC03437,HIGH,current,yes,IPO price band upper
CL03142,S0284,Smartworks Series B-II,round_amount,1680.0,money,million,INR,2024-06-11,,SRC03439,HIGH,current,yes,
CL03143,S0284,Smartworks Series B-II,valuation,333.26,money,million,USD,2024-06-11,,SRC03439,HIGH,current,yes,post-money
CL03144,S0284,Smartworks Series A,round_amount,25.0,money,million,USD,2019-10-31,,SRC03438,HIGH,current,yes,
CL03145,S0285,Amnex Infotechnologies (Amnex) Growth Capital,round_amount,4600.0,money,million,INR,2025-08-18,,SRC03445,HIGH,current,yes,Scale AI and smart infrastructure solutions
CL03146,S0286,MakeMyTrip IPO,round_amount,80.5,money,million,USD,2010-09-17,,SRC03450,HIGH,current,yes,
CL03147,S0286,MakeMyTrip IPO,valuation,478.0,money,million,USD,2010-09-17,,SRC03450,HIGH,current,yes,IPO
CL03148,S0286,MakeMyTrip Post-IPO Equity,round_amount,1400.0,money,million,USD,2025-07-17,,SRC03451,HIGH,current,yes,
CL03149,S0287,Spinny Series G,round_amount,90.0,money,million,USD,2025-12-12,,SRC03457,HIGH,current,yes,
CL03150,S0287,Spinny Series G,valuation,1240.0,money,million,USD,2025-12-12,,SRC03457,HIGH,current,yes,post-money
CL03151,S0287,Spinny Series F,round_amount,130.0,money,million,USD,2025-03-13,,SRC03456,HIGH,current,yes,
CL03152,S0287,Spinny Series F,valuation,1120.0,money,million,USD,2025-03-13,,SRC03456,HIGH,current,yes,post-money
CL03153,S0287,Spinny Series E,round_amount,250.0,money,million,USD,2021-11-24,,SRC03457,HIGH,current,yes,
CL03154,S0287,Spinny Series E,valuation,1700.0,money,million,USD,2021-11-24,,SRC03457,HIGH,current,yes,post-money
CL03155,S0287,Spinny Series F (extended),round_amount,161.0,money,million,USD,2025-06,,SRC03455,HIGH,current,yes,
CL03156,S0287,Spinny Series F (extended),valuation,1500.0,money,million,USD,2025-06,,SRC03455,HIGH,current,yes,post-money
CL03157,S0288,Traqo Seed,round_amount,0.998,money,million,USD,2025-11-11,,SRC03461,HIGH,current,yes,
CL03158,S0288,Traqo Seed,valuation,6.0,money,million,USD,2025-11-11,,SRC03461,HIGH,current,yes,current
CL03159,S0289,Trevel Seed,round_amount,1.0,money,million,USD,2026-06-12,,SRC03467,HIGH,current,yes,"Fleet expansion, technology development, marketing, operations"
CL03160,S0290,Runable Series A,round_amount,21.0,money,million,USD,2026-08-26,,SRC03472,HIGH,current,yes,"Expand growth capabilities, scale Runable Academy, hiring"
CL03161,S0290,Runable Series A,valuation,65.0,money,million,USD,2026-08-26,,SRC03472,HIGH,current,yes,post-money
CL03162,S0291,GreenLine Equity Investment,round_amount,275.0,money,million,USD,2025-04-10,,SRC03488,HIGH,current,yes,"Deploy 10,000 LNG and EV trucks; establish 100 LNG refuelling stations"
CL03163,S0291,GreenLine Series A,round_amount,32.0,money,million,USD,UNKNOWN,,SRC03489,HIGH,current,yes,
CL03164,S0292,IDfy Series F,round_amount,4760.0,money,million,INR,2026-02-13,,SRC03494,HIGH,current,yes,"Strategic acquisitions, international expansion, product development"
CL03165,S0292,IDfy Series F (earlier),round_amount,17.0,money,million,USD,2024,,SRC03448,HIGH,current,yes,
CL03166,S0292,IDfy Series F (later),round_amount,73.0,money,million,USD,2026-06-22,,SRC03496,HIGH,current,yes,
CL03167,S0293,QWEEN Corporate Round,round_amount,10000.0,money,million,INR,2025-12-04,,SRC03500,HIGH,current,yes,Scale Qween as India's first self-discovery experiential jewellery brand
CL03168,S0296,Nestasia venture (unspecified),round_amount,8.35,money,million,USD,2024-09-11,,SRC03523,MEDIUM,current,yes,"offline expansion, brand building"
CL03169,S0296,Nestasia Series A,round_amount,4.0,money,million,USD,2021-12-15,,SRC03521,HIGH,current,yes,"brand growth, product expansion"
CL03170,S0296,Nestasia Series A,round_amount,7.52,money,million,USD,2024-08-27,,SRC03516,MEDIUM,current,yes,"offline expansion, brand building"
CL03171,S0296,Nestasia Angel,round_amount,7.88,money,million,USD,2024-09-10,,SRC03513,HIGH,current,yes,"offline expansion, new categories, team growth"
CL03172,S0298,Landeed Series X,round_amount,5.0,money,million,USD,2025-01-23,,SRC03530,MEDIUM,current,yes,expand AI/ML capabilities via Landeed Labs
CL03173,S0298,Landeed pre-seed,round_amount,19.5,money,million,INR,2022-08-10,,SRC03531,LOW,current,yes,property documentation retrieval system
CL03174,S0299,Milky Mist IPO,round_amount,163.0,money,million,USD,2026-08-18,,SRC03534,HIGH,current,yes,capex incl Rs 469.24 cr plant; growth
CL03175,S0299,Milky Mist IPO,valuation,1500.0,money,million,USD,2026-08-18,,SRC03534,HIGH,current,yes,market-cap at listing
CL03176,S0300,QuickShift pre-Series A,round_amount,22.0,money,million,INR,2025-11-11,,SRC03539,MEDIUM,current,yes,"AI-led fulfilment platform, teams, N/S India expansion"
CL03177,S0301,Atlan Series C,round_amount,105.0,money,million,USD,2024-05-08,,SRC03542,MEDIUM,current,yes,data control plane; LLM-era data importance
CL03178,S0302,CHOSEN (skin/hair) Series A,round_amount,5.0,money,million,USD,2026-05-04,,SRC03546,MEDIUM,current,yes,"expand science-led skincare, India + global"
CL03179,S0303,"Big Mishra private equity (minority, undisclosed stake)",round_amount,300.0,money,million,INR,2026-08-01,,SRC03549,MEDIUM,current,yes,growth (unstated)
CL03180,S0304,Centricity Series A,round_amount,2800.0,money,million,INR,2026-04,,SRC03551,HIGH,current,yes,"scale B2B2C distribution, expand technology"
CL03181,S0304,Centricity Series A,valuation,18000.0,money,million,INR,2026-04,,SRC03551,HIGH,current,yes,post-money
CL03182,S0305,Graph AI Series A,round_amount,13.3,money,million,USD,2026-09-10,,SRC03557,HIGH,current,yes,
CL03183,S0305,Graph AI Seed,round_amount,3.0,money,million,USD,2025-10,,SRC03558,HIGH,current,yes,
CL03184,S0306,GROWiT India Series A,round_amount,3.0,money,million,USD,2025-05-28,,SRC03564,HIGH,current,yes,
CL03185,S0307,Mindgrove Technologies Seed,round_amount,2.325,money,million,USD,UNKNOWN-20,,SRC03568,MEDIUM,current,yes,
CL03186,S0307,Mindgrove Technologies Series A,round_amount,8.0,money,million,USD,UNKNOWN-20,,SRC03567,MEDIUM,current,yes,
CL03187,S0308,NeoGeo Series A,round_amount,20.0,money,million,USD,2026-08-18,,SRC03579,HIGH,current,yes,"expand in Europe and US, strengthen India business, shift from services to product"
CL03188,S0309,Kepler Aerospace Seed,round_amount,8.0,money,million,USD,2026-09,,SRC03582,HIGH,current,yes,
CL03189,S0310,CARS24 Series F (unicorn),round_amount,200.0,money,million,USD,2020-11,,SRC03607,HIGH,current,yes,
CL03190,S0310,CARS24 Series E,round_amount,200.0,money,million,USD,2020-11-24,,SRC03607,HIGH,current,yes,growth; became unicorn
CL03191,S0310,CARS24 Series F,round_amount,340.0,money,million,USD,2021-09-08,,SRC03603,HIGH,current,yes,growth; international expansion
CL03192,S0310,CARS24 Series G,round_amount,300.0,money,million,USD,2021-12-20,,SRC03595,HIGH,current,yes,international expansion; mega refurbishment labs
CL03193,S0310,CARS24 Series G (debt),round_amount,100.0,money,million,USD,2021-11-30,,SRC03595,HIGH,current,yes,international expansion
CL03194,S0310,CARS24 Corporate Round,round_amount,29.86,money,million,USD,2024-07-27,,SRC03609,MEDIUM,current,yes,corporate round
CL03195,S0312,Chakr Innovation Series C,round_amount,23.0,money,million,USD,2025-09-22,,SRC03627,HIGH,current,yes,
CL03196,S0313,Dhruva Space UNKNOWN (fund investment; round type unverified),round_amount,60.0,money,million,USD,UNKNOWN-20,,SRC03632,MEDIUM,current,yes,
CL03197,S0314,Nawgati Pre-Series A,round_amount,2.5,money,million,USD,May 2025,,SRC03634,HIGH,current,yes,
CL03198,S0314,Nawgati Series A,round_amount,5.2,money,million,USD,Apr 2026,,SRC03635,MEDIUM,current,yes,
CL03199,S0314,Nawgati Series A,valuation,70.0,money,million,USD,Apr 2026,,SRC03635,MEDIUM,current,yes,reported
CL03200,S0315,Zaggle Post-IPO,round_amount,13.7,money,million,USD,Jan 2023,,SRC03641,MEDIUM,current,yes,
CL03201,S0316,R for Rabbit Primary-Secondary,round_amount,27.0,money,million,USD,"Aug 19, 20",,SRC03644,HIGH,current,yes,
CL03202,S0316,R for Rabbit Seed,round_amount,40.0,money,million,INR,2014,,SRC03650,HIGH,current,yes,Initial capital from personal savings
CL03203,S0316,R for Rabbit Series A,round_amount,40.0,money,million,INR,2021-10-27,,SRC03659,HIGH,current,yes,"Strengthen brand, scale distribution and operations"
CL03204,S0316,R for Rabbit Series B,round_amount,27.0,money,million,USD,2025-08-19,,SRC03648,HIGH,current,yes,"Fuel growth, strengthen omnichannel distribution, enhance product innovation, expand digital initiatives"
CL03205,S0316,R for Rabbit Series B,valuation,850.0,money,million,INR,2025-08-19,,SRC03648,HIGH,current,yes,post-money
CL03206,S0316,R for Rabbit Series B,round_amount,110.0,money,million,INR,2025-08-19,,SRC03649,HIGH,current,yes,Primary capital infusion
CL03207,S0316,R for Rabbit Series B,valuation,850.0,money,million,INR,2025-08-19,,SRC03649,HIGH,current,yes,post-money
CL03208,S0316,R for Rabbit Secondary,round_amount,120.0,money,million,INR,2025-08-19,,SRC03649,HIGH,current,yes,Xponentia Capital full exit
CL03209,S0319,Yantra Packs Seed,round_amount,120.0,money,million,INR,Aug 2026,,SRC03666,HIGH,current,yes,
CL03210,S0320,Cradlewise Series A,round_amount,12.0,money,million,USD,Sep 2026,,SRC03671,HIGH,current,yes,
CL03211,S0320,Cradlewise Angel,round_amount,3.897905,money,million,USD,2018-02-06,,SRC03686,MEDIUM,current,yes,early product development
CL03212,S0320,Cradlewise Seed,round_amount,1.0,money,million,USD,2019-01-01,,SRC03675,MEDIUM,current,yes,product development and HAX accelerator
CL03213,S0320,Cradlewise Seed,round_amount,7.0,money,million,USD,2021-07-14,,SRC03678,MEDIUM,current,yes,scaling operations and market expansion
CL03214,S0320,Cradlewise Conventional Debt,round_amount,1.844936,money,million,USD,2021-07-14,,SRC03686,MEDIUM,current,yes,
CL03215,S0322,InsuranceDekho Series,round_amount,70.0,money,million,USD,Mar 2025,,SRC03696,HIGH,current,yes,
CL03216,S0322,InsuranceDekho Corporate,round_amount,385.0,money,million,INR,Jan 2026,,SRC03707,HIGH,current,yes,
CL03217,S0322,InsuranceDekho Merger,round_amount,74000.0,money,million,INR,Sep 2025,,SRC03694,HIGH,current,yes,
CL03218,S0322,InsuranceDekho Series A,round_amount,150.0,money,million,USD,2023-02-09,,SRC03708,HIGH,current,yes,"Strengthen tech stack, expand distribution, grow agent network"
CL03219,S0322,InsuranceDekho Series A,valuation,1100000000.0,money,million,INR,2023-02-09,,SRC03708,HIGH,current,yes,post-money
CL03220,S0322,InsuranceDekho Series B,round_amount,60.0,money,million,USD,2023-10-06,,SRC03699,HIGH,current,yes,"Expand distribution, technology enhancement"
CL03221,S0322,InsuranceDekho Series C,round_amount,70.0,money,million,USD,2025-03-04,,SRC03699,HIGH,current,yes,"Expand footprint, enhance tech stack, strengthen position in Indian insurance market"
CL03222,S0322,InsuranceDekho Corporate Restructuring,round_amount,38.5,money,million,INR,2026-01-22,,SRC03707,MEDIUM,current,yes,Corporate restructuring within Cardekho group
CL03223,S0322,InsuranceDekho Series C (additional),round_amount,5.920627,money,million,USD,2025-12-04,,SRC03704,MEDIUM,current,yes,Additional Series C capital
CL03224,S0367,Zupee Series A,round_amount,700.9000000000001,money,million,INR,{'v': 'Jan,,SRC03928,HIGH,current,yes,
CL03225,S0367,Zupee Series A,valuation,7400.0,money,million,INR,{'v': 'Jan,,SRC03928,HIGH,current,yes,
CL03226,S0367,Zupee Series B,round_amount,30.0,money,million,USD,{'v': 'Aug,,SRC03929,HIGH,current,yes,
CL03227,S0367,Zupee Series B,valuation,500.0,money,million,USD,{'v': 'Aug,,SRC03929,HIGH,current,yes,
CL03228,S0367,Zupee Seed,round_amount,1.0,money,million,USD,2019,,SRC03935,MEDIUM,current,yes,Initial product development
CL03229,S0367,Zupee Series A,round_amount,8.0,money,million,USD,2020,,SRC03941,HIGH,current,yes,"Technology, team, marketing"
CL03230,S0367,Zupee Series A (second tranche),round_amount,10.0,money,million,USD,2021,,SRC03930,MEDIUM,current,yes,Expansion
CL03231,S0367,Zupee Series B (extension),round_amount,72.0,money,million,USD,2022-01-01,,SRC03935,HIGH,current,yes,"New products, immersive design, geographic expansion, marketing, hiring"
CL03232,S0367,Zupee Series B (total),round_amount,102.0,money,million,USD,2022-01-01,,SRC03936,HIGH,current,yes,"Product development, expansion"
CL03233,S0368,Vicharak Seed,round_amount,0.119764,money,million,USD,2024-06-25,,SRC03947,MEDIUM,current,yes,Product development
CL03234,S0001,Juspay,revenue_operations,319.32,press-quoted-filing,crore,INR,,,SRC00018,HIGH,current,yes,FY FY24 | basis  | cons 
CL03235,S0001,Juspay,revenue_operations,514.31,press-quoted-filing,crore,INR,,,SRC00018,HIGH,current,yes,FY FY25 | basis  | cons 
CL03236,S0001,Juspay,pat,62.0,press-quoted-filing,crore,INR,,,SRC00003,HIGH,current,yes,FY FY25 | basis  | cons 
CL03237,S0001,Juspay,revenue_operations,319.32,press-quoted-filing,crore,INR,,,SRC00018,HIGH,current,yes,FY FY24 | basis standalone | cons no
CL03238,S0001,Juspay,pat,-97,press-quoted-filing,crore,INR,,,SRC00003,HIGH,current,yes,FY FY24 | basis standalone | cons no
CL03239,S0001,Juspay,revenue_operations,514.31,press-quoted-filing,crore,INR,,,SRC00018,HIGH,current,yes,FY FY25 | basis standalone | cons no
CL03240,S0001,Juspay,pat,62,press-quoted-filing,crore,INR,,,SRC00003,HIGH,current,yes,FY FY25 | basis standalone | cons no
CL03241,S0001,Juspay,net_profit_usd,14,press-quoted-filing,million,USD,,,SRC00019,MEDIUM,current,yes,FY FY25 | basis standalone | cons no
CL03242,S0001,Juspay,total_revenue_alt,539.5,press-quoted-filing,crore,INR,,,SRC00020,MEDIUM,current,yes,FY FY25 | basis standalone | cons no
CL03243,S0002,KreditBee,"revenue (krazybee nbfc standalone, operating)",1399.0,press-quoted-filing,crore,INR,,,SRC00034,HIGH,current,yes,FY FY24 | basis  | cons 
CL03244,S0002,KreditBee,pat (krazybee nbfc standalone),200.0,press-quoted-filing,crore,INR,,,SRC00034,HIGH,current,yes,FY FY24 | basis  | cons 
CL03245,S0002,KreditBee,"pat (consolidated group, care/unaudited)",285.0,press-quoted-filing,crore,INR,,,SRC00046,HIGH,current,yes,FY FY24 | basis  | cons 
CL03246,S0002,KreditBee,"revenue (consolidated, press-quoted pre-audit)",2712.0,management,crore,INR,,,SRC00033,MEDIUM,current,yes,FY FY25 | basis  | cons 
CL03247,S0002,KreditBee,"pat (consolidated, press-quoted pre-audit)",473.0,management,crore,INR,,,SRC00033,MEDIUM,current,yes,FY FY25 | basis  | cons 
CL03248,S0002,KreditBee,operating revenue q3 (dec 2025 quarter),805.0,management,crore,INR,,,SRC00032,MEDIUM,current,yes,FY FY25 | basis  | cons 
CL03249,S0002,KreditBee,operating_revenue,3025.0,press-quoted-filing,crore,INR,,,SRC00047,MEDIUM,current,yes,FY FY26 | basis consolidated | cons yes
CL03250,S0002,KreditBee,net_profit,478.0,press-quoted-filing,crore,INR,,,SRC00047,MEDIUM,current,yes,FY FY26 | basis consolidated | cons yes
CL03251,S0002,KreditBee,total_revenue,2712.0,press-quoted-filing,crore,INR,,,SRC00033,MEDIUM,current,yes,FY FY25 | basis consolidated | cons yes
CL03252,S0002,KreditBee,net_profit,473.0,press-quoted-filing,crore,INR,,,SRC00033,MEDIUM,current,yes,FY FY25 | basis consolidated | cons yes
CL03253,S0002,KreditBee,revenue_from_operations,589.7,audited,crore,INR,,,SRC00048,HIGH,current,yes,FY FY25 | basis standalone | cons no
CL03254,S0002,KreditBee,net_profit,237.0,audited,crore,INR,,,SRC00048,HIGH,current,yes,FY FY25 | basis standalone | cons no
CL03255,S0002,KreditBee,total_income,2712.0,press-quoted-filing,crore,INR,,,SRC00038,HIGH,current,yes,FY FY25 | basis consolidated | cons yes
CL03256,S0002,KreditBee,revenue_from_operations,1399.26,audited,crore,INR,,,SRC00034,HIGH,current,yes,FY FY24 | basis standalone | cons no
CL03257,S0002,KreditBee,net_profit,200.36,audited,crore,INR,,,SRC00049,HIGH,current,yes,FY FY24 | basis standalone | cons no
CL03258,S0002,KreditBee,net_profit,285.0,press-quoted-filing,crore,INR,,,SRC00050,HIGH,current,yes,FY FY24 | basis consolidated | cons yes
CL03259,S0002,KreditBee,total_income,1948.0,press-quoted-filing,crore,INR,,,SRC00038,HIGH,current,yes,FY FY24 | basis consolidated | cons yes
CL03260,S0002,KreditBee,net_profit,341.0,press-quoted-filing,crore,INR,,,SRC00038,MEDIUM,current,yes,FY 9MFY26 | basis standalone | cons no
CL03261,S0002,KreditBee,net_profit,125.0,press-quoted-filing,crore,INR,,,SRC00038,MEDIUM,current,yes,FY 9MFY25 | basis standalone | cons no
CL03262,S0003,PhonePe,revenue from operations,7115.0,press-quoted-filing,crore,INR,,,SRC00071,HIGH,current,yes,FY FY25 | basis  | cons 
CL03263,S0003,PhonePe,net loss (consolidated),-1727.0,press-quoted-filing,crore,INR,,,SRC00080,HIGH,current,yes,FY FY25 | basis  | cons 
CL03264,S0003,PhonePe,adjusted pat (ex-esop),630.0,management,crore,INR,,,SRC00071,MEDIUM,current,yes,FY FY25 | basis  | cons 
CL03265,S0003,PhonePe,revenue from operations,5064.0,press-quoted-filing,crore,INR,,,SRC00071,MEDIUM,current,yes,FY FY24 | basis  | cons 
CL03266,S0003,PhonePe,"revenue (6 months to sep 2025, +22% yoy)",3918.0,press-quoted-filing,crore,INR,,,SRC00073,HIGH,current,yes,FY H1-FY26 | basis  | cons 
CL03267,S0003,PhonePe,revenue from operations,7115.0,press-quoted-filing,crore,INR,,,SRC00071,HIGH,current,yes,FY FY25 | basis standalone | cons no
CL03268,S0003,PhonePe,net loss (consolidated),-1727.0,press-quoted-filing,crore,INR,,,SRC00080,HIGH,current,yes,FY FY25 | basis consolidated | cons yes
CL03269,S0003,PhonePe,adjusted pat (ex-esop),630.0,management,crore,INR,,,SRC00071,MEDIUM,current,yes,FY FY25 | basis standalone | cons no
CL03270,S0003,PhonePe,revenue from operations,5064.0,press-quoted-filing,crore,INR,,,SRC00071,HIGH,current,yes,FY FY24 | basis standalone | cons no
CL03271,S0003,PhonePe,"revenue (6 months to sep 2025, +22% yoy)",3918.0,press-quoted-filing,crore,INR,,,SRC00073,MEDIUM,current,yes,FY H1-FY26 | basis consolidated | cons yes
CL03272,S0004,Razorpay,consolidated revenue,3783.0,management,crore,INR,,,SRC00090,HIGH,current,yes,FY FY25 | basis  | cons 
CL03273,S0004,Razorpay,gross profit,1277.0,management,crore,INR,,,SRC00090,HIGH,current,yes,FY FY25 | basis  | cons 
CL03274,S0004,Razorpay,esop expense (reverse-flip linked),1209.0,management,crore,INR,,,SRC00091,HIGH,current,yes,FY FY25 | basis  | cons 
CL03275,S0004,Razorpay,consolidated revenue,2296.0,management,crore,INR,,,SRC00090,HIGH,current,yes,FY FY24 | basis  | cons 
CL03276,S0004,Razorpay,gross profit,906.0,management,crore,INR,,,SRC00090,HIGH,current,yes,FY FY24 | basis  | cons 
CL03277,S0005,Zepto,"revenue (roc, +129% yoy)",9669.0,press-quoted-filing,crore,INR,,,SRC00106,HIGH,current,yes,FY FY25 | basis  | cons 
CL03278,S0005,Zepto,"net loss (roc, ~3x yoy)",-3367.0,press-quoted-filing,crore,INR,,,SRC00106,HIGH,current,yes,FY FY25 | basis  | cons 
CL03279,S0005,Zepto,"cash on books (mar 31, 2026 company release via forbes)",5681.0,management,crore,INR,,,SRC00108,MEDIUM,current,yes,FY FY26-Q1 | basis  | cons 
CL03280,S0005,Zepto,total_revenue,4455.0,DRHP,crore,INR,,,SRC00108,HIGH,current,yes,FY FY24 | basis consolidated | cons yes
CL03281,S0005,Zepto,net_loss,1214.79,DRHP,crore,INR,,,SRC00108,HIGH,current,yes,FY FY24 | basis consolidated | cons yes
CL03282,S0005,Zepto,total_revenue,11110.0,DRHP,crore,INR,,,SRC00108,HIGH,current,yes,FY FY25 | basis consolidated | cons yes
CL03283,S0005,Zepto,net_loss,4699.71,DRHP,crore,INR,,,SRC00108,HIGH,current,yes,FY FY25 | basis consolidated | cons yes
CL03284,S0005,Zepto,total_revenue,22624.0,DRHP,crore,INR,,,SRC00108,HIGH,current,yes,FY FY26 | basis consolidated | cons yes
CL03285,S0005,Zepto,net_loss,5905.19,DRHP,crore,INR,,,SRC00108,HIGH,current,yes,FY FY26 | basis consolidated | cons yes
CL03286,S0005,Zepto,cash_balance,1688.0,DRHP,crore,INR,,,SRC00108,HIGH,current,yes,FY FY24 | basis consolidated | cons yes
CL03287,S0005,Zepto,cash_balance,7441.0,DRHP,crore,INR,,,SRC00108,HIGH,current,yes,FY FY25 | basis consolidated | cons yes
CL03288,S0005,Zepto,cash_balance,5681.0,management,crore,INR,,,SRC00108,HIGH,current,yes,FY FY26 | basis consolidated | cons yes
CL03289,S0005,Zepto,operating_cash_flow,-3462.0,DRHP,crore,INR,,,SRC00108,HIGH,current,yes,FY FY26 | basis consolidated | cons yes
CL03290,S0005,Zepto,free_cash_flow,-4330.0,DRHP,crore,INR,,,SRC00108,HIGH,current,yes,FY FY26 | basis consolidated | cons yes
CL03291,S0005,Zepto,advertising_revenue,651.2,DRHP,crore,INR,,,SRC00108,HIGH,current,yes,FY FY25 | basis consolidated | cons yes
CL03292,S0005,Zepto,advertising_revenue,1635.7,DRHP,crore,INR,,,SRC00108,HIGH,current,yes,FY FY26 | basis consolidated | cons yes
CL03293,S0005,Zepto,advertising_revenue,49.2,DRHP,crore,INR,,,SRC00108,HIGH,current,yes,FY FY24 | basis consolidated | cons yes
CL03294,S0006,Neysa,revenue,3,management,x,USD,,,SRC00123,MEDIUM,current,yes,FY FY27 (PROJECTED) | basis standalone | cons 
CL03295,S0007,Amagi,revenue_from_operations,1163,press-quoted-filing,crore,INR,,,SRC00140,HIGH,current,yes,FY FY25 | basis  | cons 
CL03296,S0007,Amagi,pat,-69,press-quoted-filing,crore,INR,,,SRC00140,HIGH,current,yes,FY FY25 | basis  | cons 
CL03297,S0007,Amagi,revenue_from_operations,1506,management,crore,INR,,,SRC00139,HIGH,current,yes,FY FY26 | basis  | cons 
CL03298,S0007,Amagi,pat,72,management,crore,INR,,,SRC00139,HIGH,current,yes,FY FY26 | basis  | cons 
CL03299,S0007,Amagi,revenue_from_operations,879,press-quoted-filing,crore,INR,,,SRC00140,MEDIUM,current,yes,FY FY24 | basis  | cons 
CL03300,S0008,CRED,operating_revenue,2735,management,crore,INR,,,SRC00147,HIGH,current,yes,FY FY25 | basis  | cons 
CL03301,S0008,CRED,operating_loss,298,management,crore,INR,,,SRC00147,HIGH,current,yes,FY FY25 | basis  | cons 
CL03302,S0008,CRED,net_loss,1457,management,crore,INR,,,SRC00147,HIGH,current,yes,FY FY25 | basis  | cons 
CL03303,S0008,CRED,operating_revenue,2473,press-quoted-filing,crore,INR,,,SRC00148,HIGH,current,yes,FY FY24 | basis  | cons 
CL03304,S0008,CRED,net_loss,1644,press-quoted-filing,crore,INR,,,SRC00148,HIGH,current,yes,FY FY24 | basis  | cons 
CL03305,S0009,Darwinbox,total_revenue,392,press-quoted-filing,crore,INR,,,SRC00155,MEDIUM,current,yes,FY FY24 | basis  | cons 
CL03306,S0009,Darwinbox,arr_target,100,management,million,USD,,,SRC00165,MEDIUM,current,yes,FY FY25 | basis  | cons 
CL03307,S0010,Emergent,arr_run_rate,100,management,million,USD,,,SRC00173,MEDIUM,current,yes,FY FY26 | basis  | cons 
CL03308,S0010,Emergent,arr,120,management,million,USD,,,SRC00169,MEDIUM,current,yes,FY FY26 | basis  | cons 
CL03309,S0011,Groww,total_revenue,4056.0,press-quoted-filing,crore,INR,,,SRC00176,MEDIUM,current,yes,FY FY25 | basis  | cons 
CL03310,S0011,Groww,net_profit,1819.0,press-quoted-filing,crore,INR,,,SRC00176,MEDIUM,current,yes,FY FY25 | basis  | cons 
CL03311,S0011,Groww,net_profit,-805.0,press-quoted-filing,crore,INR,,,SRC00176,MEDIUM,current,yes,FY FY24 | basis  | cons 
CL03312,S0011,Groww,revenue,3145.0,press-quoted-filing,crore,INR,,,SRC00176,MEDIUM,current,yes,FY FY24 | basis  | cons 
CL03313,S0011,Groww,operating_revenue_q3fy26,1216.0,management,crore,INR,,,SRC00204,HIGH,current,yes,FY FY25 | basis  | cons 
CL03314,S0011,Groww,fy25 net profit,1819.0,press-quoted-filing,crore,INR,,,SRC00181,HIGH,current,yes,FY FY25 | basis  | cons 
CL03315,S0011,Groww,fy25 revenue,4056.0,press-quoted-filing,crore,INR,,,SRC00181,HIGH,current,yes,FY FY25 | basis  | cons 
CL03316,S0011,Groww,ipo proceeds,6632.3,press-quoted-filing,crore,INR,,,SRC00182,HIGH,current,yes,FY FY26 | basis  | cons 
CL03317,S0011,Groww,fy25 net profit,1819.0,press-quoted-filing,crore,INR,,,SRC00181,HIGH,current,yes,FY FY25 | basis  | cons 
CL03318,S0011,Groww,fy25 revenue,4056.0,press-quoted-filing,crore,INR,,,SRC00181,HIGH,current,yes,FY FY25 | basis  | cons 
CL03319,S0011,Groww,ipo proceeds,6632.3,press-quoted-filing,crore,INR,,,SRC00182,HIGH,current,yes,FY FY26 | basis  | cons 
CL03320,S0011,Groww,operating_revenue,3901.72,DRHP,crore,INR,,,SRC00205,HIGH,current,yes,FY FY25 | basis  | cons 
CL03321,S0011,Groww,total_income,9485,press-quoted-filing,million,INR,,,SRC00194,MEDIUM,current,yes,FY Q1 FY26 | basis  | cons 
CL03322,S0011,Groww,revenue_from_operations,904,press-quoted-filing,crore,INR,,,SRC00193,HIGH,current,yes,FY Q1 FY26 | basis  | cons 
CL03323,S0011,Groww,net_profit,378,press-quoted-filing,crore,INR,,,SRC00193,HIGH,current,yes,FY Q1 FY26 | basis  | cons 
CL03324,S0011,Groww,revenue_from_operations,1018.7,press-quoted-filing,crore,INR,,,SRC00193,HIGH,current,yes,FY Q2 FY26 | basis  | cons 
CL03325,S0011,Groww,net_profit,471.3,press-quoted-filing,crore,INR,,,SRC00193,HIGH,current,yes,FY Q2 FY26 | basis  | cons 
CL03326,S0011,Groww,total_income,10708,press-quoted-filing,million,INR,,,SRC00195,MEDIUM,current,yes,FY Q2 FY26 | basis  | cons 
CL03327,S0011,Groww,revenue_from_operations,1923,press-quoted-filing,crore,INR,,,SRC00193,HIGH,current,yes,FY H1 FY26 | basis  | cons 
CL03328,S0011,Groww,net_profit,850,press-quoted-filing,crore,INR,,,SRC00193,HIGH,current,yes,FY H1 FY26 | basis  | cons 
CL03329,S0011,Groww,total_income,12611,press-quoted-filing,million,INR,,,SRC00194,MEDIUM,current,yes,FY Q3 FY26 | basis  | cons 
CL03330,S0011,Groww,net_profit,5469,press-quoted-filing,million,INR,,,SRC00194,MEDIUM,current,yes,FY Q3 FY26 | basis  | cons 
CL03331,S0011,Groww,total_income,15355,press-quoted-filing,million,INR,,,SRC00194,MEDIUM,current,yes,FY Q4 FY26 | basis  | cons 
CL03332,S0011,Groww,revenue_from_operations,14684,press-quoted-filing,million,INR,,,SRC00194,MEDIUM,current,yes,FY Q4 FY26 | basis  | cons 
CL03333,S0011,Groww,net_profit,6864,press-quoted-filing,million,INR,,,SRC00194,MEDIUM,current,yes,FY Q4 FY26 | basis  | cons 
CL03334,S0011,Groww,revenue_from_operations,1501,press-quoted-filing,crore,INR,,,SRC00197,HIGH,current,yes,FY Q1 FY27 | basis  | cons 
CL03335,S0011,Groww,net_profit,735,press-quoted-filing,crore,INR,,,SRC00197,HIGH,current,yes,FY Q1 FY27 | basis  | cons 
CL03336,S0012,Gupshup,revenue (india unit),1943.0,press-quoted-filing,crore,INR,,,SRC00218,MEDIUM,current,yes,FY FY25 | basis  | cons 
CL03337,S0012,Gupshup,net_profit (india unit),26.0,press-quoted-filing,crore,INR,,,SRC00218,MEDIUM,current,yes,FY FY25 | basis  | cons 
CL03338,S0012,Gupshup,revenue (india entity),1618.6,press-quoted-filing,crore,INR,,,SRC00219,MEDIUM,current,yes,FY FY23 | basis  | cons 
CL03339,S0012,Gupshup,india unit fy25 revenue,1943.0,press-quoted-filing,crore,INR,,,SRC00222,HIGH,current,yes,FY FY25 | basis  | cons 
CL03340,S0012,Gupshup,india unit fy25 net profit,26.0,press-quoted-filing,crore,INR,,,SRC00222,HIGH,current,yes,FY FY25 | basis  | cons 
CL03341,S0012,Gupshup,india unit fy25 revenue,1943.0,press-quoted-filing,crore,INR,,,SRC00222,HIGH,current,yes,FY FY25 | basis  | cons 
CL03342,S0012,Gupshup,india unit fy25 net profit,26.0,press-quoted-filing,crore,INR,,,SRC00222,HIGH,current,yes,FY FY25 | basis  | cons 
CL03343,S0013,Krutrim,revenue,300.0,management,crore,INR,,,SRC00241,MEDIUM,current,yes,FY FY26 | basis  | cons 
CL03344,S0013,Krutrim,pat margin,10.0,management,percent,INR,,,SRC00241,MEDIUM,current,yes,FY FY26 | basis  | cons 
CL03345,S0013,Krutrim,revenue (legal entity),3.09,press-quoted-filing,crore,INR,,,SRC00259,LOW,current,yes,FY FY24 | basis  | cons 
CL03346,S0013,Krutrim,revenue,3.09,press-quoted-filing,crore,INR,,,SRC00259,LOW,current,yes,FY FY24 | basis standalone | cons 
CL03347,S0013,Krutrim,revenue,100.0,estimate,crore,INR,,,SRC00241,LOW,current,yes,FY FY25 | basis standalone | cons 
CL03348,S0013,Krutrim,total_revenue,300.0,management,crore,INR,,,SRC00241,MEDIUM,current,yes,FY FY26 | basis standalone | cons 
CL03349,S0013,Krutrim,net_profit,0,management,crore,INR,,,SRC00241,MEDIUM,current,yes,FY FY26 | basis standalone | cons 
CL03350,S0013,Krutrim,pat_margin,10.0,management,percent,INR,,,SRC00241,MEDIUM,current,yes,FY FY26 | basis standalone | cons 
CL03351,S0014,Sarvam AI,"turnover (unaudited, per hcltech reg-30 filing)",45.1,management,crore,INR,,,SRC00266,MEDIUM,current,yes,FY FY26 | basis  | cons 
CL03352,S0015,Slice,total_income,1402.7,audited,crore,INR,,,SRC00277,HIGH,current,yes,FY FY26 | basis  | cons 
CL03353,S0015,Slice,pat,48.4,audited,crore,INR,,,SRC00277,HIGH,current,yes,FY FY26 | basis  | cons 
CL03354,S0015,Slice,pat,-216.7,audited,crore,INR,,,SRC00277,HIGH,current,yes,FY FY25 | basis  | cons 
CL03355,S0015,Slice,total_income,603.8,audited,crore,INR,,,SRC00277,HIGH,current,yes,FY FY25 | basis  | cons 
CL03356,S0015,Slice,total_income,413.8,press-quoted-filing,crore,INR,,,SRC00285,MEDIUM,current,yes,FY FY27-Q1 | basis  | cons 
CL03357,S0016,upGrad,operating revenue,1569.3,audited,crore,INR,,,SRC00289,HIGH,current,yes,FY FY25 | basis  | cons 
CL03358,S0016,upGrad,net loss (pat),-273.7,audited,crore,INR,,,SRC00289,HIGH,current,yes,FY FY25 | basis  | cons 
CL03359,S0016,upGrad,"ebitda (ind-as, incl. one-offs)",15,management,crore,INR,,,SRC00317,MEDIUM,current,yes,FY FY25 | basis  | cons 
CL03360,S0016,upGrad,"revenue (11-mo provisional, unaudited)",1532,management,crore,INR,,,SRC00291,LOW,current,yes,FY FY26 | basis  | cons 
CL03361,S0016,upGrad,total_revenue,1569.3,audited,crore,INR,,,SRC00289,HIGH,current,yes,FY FY25 | basis standalone | cons no
CL03362,S0016,upGrad,net_profit,-273.7,audited,crore,INR,,,SRC00289,HIGH,current,yes,FY FY25 | basis standalone | cons no
CL03363,S0016,upGrad,ebitda,15,management,crore,INR,,,SRC00317,MEDIUM,current,yes,FY FY25 | basis standalone | cons no
CL03364,S0016,upGrad,gross_revenue,1943,press-quoted-filing,crore,INR,,,SRC00317,MEDIUM,current,yes,FY FY25 | basis standalone | cons no
CL03365,S0016,upGrad,revenue_11mo_provisional,1532,management,crore,INR,,,SRC00291,LOW,current,yes,FY FY26 | basis standalone | cons no
CL03366,S0016,upGrad,pat_provisional,38,management,crore,INR,,,SRC00291,LOW,current,yes,FY FY26 | basis standalone | cons no
CL03367,S0016,upGrad,deferred_revenue,530,press-quoted-filing,crore,INR,,,SRC00318,LOW,current,yes,FY FY25 | basis standalone | cons no
CL03368,S0017,BrowserStack,indian entity standalone revenue,771,press-quoted-filing,crore,INR,,,SRC00334,HIGH,current,yes,FY FY25 | basis  | cons 
CL03369,S0017,BrowserStack,indian entity revenue / pat,682.0,press-quoted-filing,crore,INR,,,SRC00333,MEDIUM,current,yes,FY FY24 | basis  | cons 
CL03370,S0017,BrowserStack,ireland-filings pat on turnover ~$170m,125.0,press-quoted-filing,million,USD,,,SRC00333,MEDIUM,current,yes,FY FY23 | basis  | cons 
CL03371,S0017,BrowserStack,indian entity standalone revenue,771,press-quoted-filing,crore,INR,,,SRC00334,HIGH,current,yes,FY FY25 | basis standalone | cons no
CL03372,S0017,BrowserStack,indian entity revenue,682,press-quoted-filing,crore,INR,,,SRC00333,MEDIUM,current,yes,FY FY24 | basis standalone | cons no
CL03373,S0017,BrowserStack,indian entity pat,129,press-quoted-filing,crore,INR,,,SRC00333,MEDIUM,current,yes,FY FY24 | basis standalone | cons no
CL03374,S0017,BrowserStack,ireland-filings pat on turnover,125,press-quoted-filing,million,USD,,,SRC00333,MEDIUM,current,yes,FY FY23 | basis consolidated | cons yes
CL03375,S0017,BrowserStack,group revenue (estimated),235,estimate,million,USD,,,SRC00342,MEDIUM,current,yes,FY  | basis consolidated | cons yes
CL03376,S0017,BrowserStack,revenue guidance,300,management,million,USD,,,SRC00334,MEDIUM,current,yes,FY  | basis consolidated | cons yes
CL03377,S0018,Dhan,profit_after_tax,408,press-quoted-filing,crore,INR,,,SRC00353,HIGH,current,yes,FY FY25 | basis  | cons 
CL03378,S0018,Dhan,revenue,900,press-quoted-filing,crore,INR,,,SRC00352,HIGH,current,yes,FY FY25 | basis  | cons 
CL03379,S0018,Dhan,profit_after_tax,325.8,press-quoted-filing,crore,INR,,,SRC00355,MEDIUM,current,yes,FY FY26 | basis  | cons 
CL03380,S0018,Dhan,total_revenue,373,press-quoted-filing,crore,INR,,,SRC00352,HIGH,current,yes,FY FY24 | basis standalone | cons no
CL03381,S0018,Dhan,net_profit,177,press-quoted-filing,crore,INR,,,SRC00352,HIGH,current,yes,FY FY24 | basis standalone | cons no
CL03382,S0018,Dhan,total_revenue,876,press-quoted-filing,crore,INR,,,SRC00353,HIGH,current,yes,FY FY25 | basis standalone | cons no
CL03383,S0018,Dhan,net_profit,408,press-quoted-filing,crore,INR,,,SRC00353,HIGH,current,yes,FY FY25 | basis standalone | cons no
CL03384,S0018,Dhan,total_revenue,904.9,press-quoted-filing,crore,INR,,,SRC00355,HIGH,current,yes,FY FY26 | basis standalone | cons no
CL03385,S0018,Dhan,net_profit,325.8,press-quoted-filing,crore,INR,,,SRC00355,HIGH,current,yes,FY FY26 | basis standalone | cons no
CL03386,S0018,Dhan,net_worth,916.1,press-quoted-filing,crore,INR,,,SRC00355,HIGH,current,yes,FY FY26 | basis standalone | cons no
CL03387,S0019,PharmEasy,revenue_from_operations,5664,press-quoted-filing,crore,INR,,,SRC00369,MEDIUM,current,yes,FY FY24 | basis  | cons 
CL03388,S0019,PharmEasy,total_revenue,5729,audited,crore,INR,,,SRC00387,HIGH,current,yes,FY FY22 | basis consolidated | cons yes
CL03389,S0019,PharmEasy,total_revenue,6869,press-quoted-filing,crore,INR,,,SRC00386,MEDIUM,current,yes,FY FY26 | basis consolidated | cons yes
CL03390,S0019,PharmEasy,pat,-3993,audited,crore,INR,,,SRC00387,HIGH,current,yes,FY FY22 | basis consolidated | cons yes
CL03391,S0019,PharmEasy,total_revenue,6644,audited,crore,INR,,,SRC00394,HIGH,current,yes,FY FY23 | basis consolidated | cons yes
CL03392,S0019,PharmEasy,pat,-5211,audited,crore,INR,,,SRC00394,HIGH,current,yes,FY FY23 | basis consolidated | cons yes
CL03393,S0019,PharmEasy,total_revenue,5664,audited,crore,INR,,,SRC00382,HIGH,current,yes,FY FY24 | basis consolidated | cons yes
CL03394,S0019,PharmEasy,pat,-2533,audited,crore,INR,,,SRC00382,HIGH,current,yes,FY FY24 | basis consolidated | cons yes
CL03395,S0019,PharmEasy,total_revenue,5872,audited,crore,INR,,,SRC00383,HIGH,current,yes,FY FY25 | basis consolidated | cons yes
CL03396,S0019,PharmEasy,pat,-1572,audited,crore,INR,,,SRC00387,HIGH,current,yes,FY FY25 | basis consolidated | cons yes
CL03397,S0019,PharmEasy,ebitda,62.5,press-quoted-filing,crore,INR,,,SRC00386,MEDIUM,current,yes,FY FY26 | basis consolidated | cons yes
CL03398,S0019,PharmEasy,gmv,14351,press-quoted-filing,crore,INR,,,SRC00395,MEDIUM,current,yes,FY FY24 | basis consolidated | cons yes
CL03399,S0020,Snapmint,revenue from operations,158.5,press-quoted-filing,crore,INR,,,SRC00411,HIGH,current,yes,FY FY25 | basis  | cons 
CL03400,S0020,Snapmint,revenue from operations,88.5,press-quoted-filing,crore,INR,,,SRC00411,HIGH,current,yes,FY FY24 | basis  | cons 
CL03401,S0020,Snapmint,revenue target fy26,300.0,management,INR crore,INR,,,SRC00413,MEDIUM,current,yes,FY FY26 | basis  | cons 
CL03402,S0021,Upstox,operating_revenue,1000,press-quoted-filing,crore,INR,,,SRC00430,MEDIUM,current,yes,FY FY23 | basis  | cons 
CL03403,S0021,Upstox,operating_revenue,1000,press-quoted-filing,crore,INR,,,SRC00430,MEDIUM,current,yes,FY FY23 | basis standalone | cons no
CL03404,S0021,Upstox,total_revenue,1208,press-quoted-filing,crore,INR,,,SRC00431,HIGH,current,yes,FY FY25 | basis standalone | cons no
CL03405,S0021,Upstox,net_profit,215,press-quoted-filing,crore,INR,,,SRC00431,HIGH,current,yes,FY FY25 | basis standalone | cons no
CL03406,S0021,Upstox,ebitda_growth,120,management,percent,INR,,,SRC00431,MEDIUM,current,yes,FY FY26 | basis standalone | cons no
CL03407,S0021,Upstox,net_profit_multiple,2.25,management,x,INR,,,SRC00431,MEDIUM,current,yes,FY FY26 | basis standalone | cons no
CL03408,S0021,Upstox,revenue_growth_yoy,9,management,percent,INR,,,SRC00431,HIGH,current,yes,FY FY25 | basis standalone | cons no
CL03409,S0022,Udaan,operating_revenue,4561,press-quoted-filing,crore,INR,,,SRC00446,HIGH,current,yes,FY FY25 | basis  | cons 
CL03410,S0022,Udaan,pat,-1055,press-quoted-filing,crore,INR,,,SRC00446,HIGH,current,yes,FY FY25 | basis  | cons 
CL03411,S0022,Udaan,operating_revenue,5706.6,press-quoted-filing,crore,INR,,,SRC00447,MEDIUM,current,yes,FY FY24 | basis  | cons 
CL03412,S0022,Udaan,pat,-1674.1,press-quoted-filing,crore,INR,,,SRC00447,MEDIUM,current,yes,FY FY24 | basis  | cons 
CL03413,S0023,ACKO,operating_revenue,2836.8,press-quoted-filing,crore,INR,,,SRC00459,HIGH,current,yes,FY FY25 | basis  | cons 
CL03414,S0023,ACKO,net_loss,-424.4,press-quoted-filing,crore,INR,,,SRC00459,HIGH,current,yes,FY FY25 | basis  | cons 
CL03415,S0023,ACKO,operating_revenue,2106.3,press-quoted-filing,crore,INR,,,SRC00459,HIGH,current,yes,FY FY24 | basis  | cons 
CL03416,S0023,ACKO,net_loss,-669.9,press-quoted-filing,crore,INR,,,SRC00459,HIGH,current,yes,FY FY24 | basis  | cons 
CL03417,S0023,ACKO,fy25 operating revenue,2837.0,press-quoted-filing,crore,INR,,,SRC00463,HIGH,current,yes,FY FY25 | basis  | cons 
CL03418,S0023,ACKO,fy25 total income,2887.0,press-quoted-filing,crore,INR,,,SRC00459,HIGH,current,yes,FY FY25 | basis  | cons 
CL03419,S0023,ACKO,fy25 net loss,424.0,press-quoted-filing,crore,INR,,,SRC00459,HIGH,current,yes,FY FY25 | basis  | cons 
CL03420,S0023,ACKO,fy24 operating revenue,2106.0,press-quoted-filing,crore,INR,,,SRC00463,HIGH,current,yes,FY FY24 | basis  | cons 
CL03421,S0023,ACKO,fy25 operating revenue,2837.0,press-quoted-filing,crore,INR,,,SRC00463,HIGH,current,yes,FY FY25 | basis  | cons 
CL03422,S0023,ACKO,fy25 total income,2887.0,press-quoted-filing,crore,INR,,,SRC00459,HIGH,current,yes,FY FY25 | basis  | cons 
CL03423,S0023,ACKO,fy25 net loss,424.0,press-quoted-filing,crore,INR,,,SRC00459,HIGH,current,yes,FY FY25 | basis  | cons 
CL03424,S0023,ACKO,fy24 operating revenue,2106.0,press-quoted-filing,crore,INR,,,SRC00463,HIGH,current,yes,FY FY24 | basis  | cons 
CL03425,S0024,CoinSwitch Kuber,operating_revenue,45.6,press-quoted-filing,crore,INR,,,SRC00476,HIGH,current,yes,FY FY23 | basis  | cons 
CL03426,S0024,CoinSwitch Kuber,operating_revenue,248.6,press-quoted-filing,crore,INR,,,SRC00476,HIGH,current,yes,FY FY22 | basis  | cons 
CL03427,S0024,CoinSwitch Kuber,operating_revenue (singapore parent chain labs),14.6,press-quoted-filing,million,USD,,,SRC00475,MEDIUM,current,yes,FY FY25 | basis  | cons 
CL03428,S0024,CoinSwitch Kuber,pat (parent),-37.6,press-quoted-filing,million,USD,,,SRC00475,MEDIUM,current,yes,FY FY25 | basis  | cons 
CL03429,S0024,CoinSwitch Kuber,standalone revenue (venture intelligence),90.81,press-quoted-filing,crore,INR,,,SRC00484,MEDIUM,current,yes,FY FY25 | basis  | cons 
CL03430,S0025,Cult.fit (CureFit),operating_revenue (drhp),1720.6,audited,crore,INR,,,SRC00490,HIGH,current,yes,FY FY26 | basis  | cons 
CL03431,S0025,Cult.fit (CureFit),operating_revenue,1215.5,press-quoted-filing,crore,INR,,,SRC00509,HIGH,current,yes,FY FY25 | basis  | cons 
CL03432,S0025,Cult.fit (CureFit),pat,-480.8,press-quoted-filing,crore,INR,,,SRC00509,HIGH,current,yes,FY FY25 | basis  | cons 
CL03433,S0025,Cult.fit (CureFit),pat,-252,press-quoted-filing,crore,INR,,,SRC00510,MEDIUM,current,yes,FY FY26 | basis  | cons 
CL03434,S0025,Cult.fit (CureFit),adjusted ebitda margin,8.41,press-quoted-filing,percent,INR,,,SRC00490,HIGH,current,yes,FY FY26 | basis  | cons 
CL03435,S0025,Cult.fit (CureFit),revenue from operations,1720.6,press-quoted-filing,crore,INR,,,SRC00490,HIGH,current,yes,FY FY26 | basis  | cons 
CL03436,S0025,Cult.fit (CureFit),revenue from operations,1262.9,press-quoted-filing,crore,INR,,,SRC00490,HIGH,current,yes,FY FY25 | basis  | cons 
CL03437,S0025,Cult.fit (CureFit),adjusted ebitda margin,8.41,press-quoted-filing,percent,INR,,,SRC00490,HIGH,current,yes,FY FY26 | basis  | cons 
CL03438,S0025,Cult.fit (CureFit),revenue from operations,927.0,press-quoted-filing,crore,INR,,,SRC00494,HIGH,current,yes,FY FY24 | basis  | cons 
CL03439,S0025,Cult.fit (CureFit),revenue (tracxn/cin u74999ka2016ptc093524),1270.0,database,crore,INR,,,SRC00495,MEDIUM,current,yes,FY FY25 | basis  | cons 
CL03440,S0025,Cult.fit (CureFit),revenue (cultfit healthcare entity),582.38,database,crore,INR,,,SRC00496,MEDIUM,current,yes,FY FY25 | basis  | cons 
CL03441,S0026,Fireflies AI,revenue_arr,10.9,estimate,,USD,,,SRC00527,LOW,current,yes,FY FY24 | basis  | cons 
CL03442,S0026,Fireflies AI,revenue,3.7,database,crore,INR,,,SRC00519,LOW,current,yes,FY FY24 | basis  | cons 
CL03443,S0029,LeadSquared,operating_revenue,279.2,audited,crore,INR,,,SRC00559,HIGH,current,yes,FY FY24 | basis  | cons 
CL03444,S0029,LeadSquared,net_loss,162.2,audited,crore,INR,,,SRC00559,HIGH,current,yes,FY FY24 | basis  | cons 
CL03445,S0029,LeadSquared,operating_revenue,326.2,audited,crore,INR,,,SRC00559,HIGH,current,yes,FY FY25 | basis  | cons 
CL03446,S0029,LeadSquared,total_income,366.3,audited,crore,INR,,,SRC00560,HIGH,current,yes,FY FY25 | basis  | cons 
CL03447,S0029,LeadSquared,net_loss,89.2,audited,crore,INR,,,SRC00560,HIGH,current,yes,FY FY25 | basis  | cons 
CL03448,S0029,LeadSquared,operating_revenue,200,press-quoted-filing,crore,INR,,,SRC00569,MEDIUM,current,yes,FY FY23 | basis standalone | cons no
CL03449,S0029,LeadSquared,operating_revenue,279.2,audited,crore,INR,,,SRC00559,HIGH,current,yes,FY FY24 | basis standalone | cons no
CL03450,S0029,LeadSquared,net_loss,162.2,audited,crore,INR,,,SRC00559,HIGH,current,yes,FY FY24 | basis standalone | cons no
CL03451,S0029,LeadSquared,total_income,325.2,audited,crore,INR,,,SRC00571,HIGH,current,yes,FY FY24 | basis standalone | cons no
CL03452,S0029,LeadSquared,operating_revenue,326.2,audited,crore,INR,,,SRC00559,HIGH,current,yes,FY FY25 | basis standalone | cons no
CL03453,S0029,LeadSquared,total_income,366.3,audited,crore,INR,,,SRC00571,HIGH,current,yes,FY FY25 | basis standalone | cons no
CL03454,S0029,LeadSquared,net_loss,89.2,audited,crore,INR,,,SRC00571,HIGH,current,yes,FY FY25 | basis standalone | cons no
CL03455,S0029,LeadSquared,total_expenses,454.6,audited,crore,INR,,,SRC00571,HIGH,current,yes,FY FY25 | basis standalone | cons no
CL03456,S0029,LeadSquared,cash_and_bank_balances,362,audited,crore,INR,,,SRC00559,HIGH,current,yes,FY FY25 | basis standalone | cons no
CL03457,S0029,LeadSquared,employee_benefits_expense,280.2,audited,crore,INR,,,SRC00571,HIGH,current,yes,FY FY25 | basis standalone | cons no
CL03458,S0029,LeadSquared,arr_estimate,279.3,estimate,million,USD,,,SRC00574,LOW,current,yes,FY FY25 | basis standalone | cons no
CL03459,S0031,Moneyview,revenue_from_operations,2339.1,audited,crore,INR,,,SRC00591,HIGH,current,yes,FY FY25 | basis  | cons 
CL03460,S0031,Moneyview,pat,240.3,audited,crore,INR,,,SRC00591,HIGH,current,yes,FY FY25 | basis  | cons 
CL03461,S0031,Moneyview,loan_disbursals,17621,management,crore,INR,,,SRC00592,MEDIUM,current,yes,FY FY25 | basis  | cons 
CL03462,S0031,Moneyview,aum (dec 2025),19814,management,crore,INR,,,SRC00592,MEDIUM,current,yes,FY FY25 | basis  | cons 
CL03463,S0032,Mu Sigma,revenue (estimate),739.7,estimate,M,USD,,,SRC00598,LOW,current,yes,FY FY25 | basis  | cons 
CL03464,S0032,Mu Sigma,total_revenue,500,press-quoted-filing,crore,INR,,,SRC00602,MEDIUM,current,yes,FY FY25 | basis standalone | cons no
CL03465,S0032,Mu Sigma,revenue_range_high,750,press-quoted-filing,crore,INR,,,SRC00602,MEDIUM,current,yes,FY FY25 | basis standalone | cons no
CL03466,S0032,Mu Sigma,ebitda_change,-5.33,press-quoted-filing,percent,INR,,,SRC00602,MEDIUM,current,yes,FY FY25 | basis standalone | cons no
CL03467,S0032,Mu Sigma,net_profit_change,-33.6,press-quoted-filing,percent,INR,,,SRC00602,MEDIUM,current,yes,FY FY25 | basis standalone | cons no
CL03468,S0032,Mu Sigma,networth,910.5,press-quoted-filing,crore,INR,,,SRC00602,MEDIUM,current,yes,FY FY25 | basis standalone | cons no
CL03469,S0032,Mu Sigma,total_assets,1341.7,press-quoted-filing,crore,INR,,,SRC00602,MEDIUM,current,yes,FY FY25 | basis standalone | cons no
CL03470,S0032,Mu Sigma,total_liabilities,1341.7,press-quoted-filing,crore,INR,,,SRC00602,MEDIUM,current,yes,FY FY25 | basis standalone | cons no
CL03471,S0032,Mu Sigma,borrowings,261.3,press-quoted-filing,crore,INR,,,SRC00602,MEDIUM,current,yes,FY FY25 | basis standalone | cons no
CL03472,S0032,Mu Sigma,trade_receivables,199.6,press-quoted-filing,crore,INR,,,SRC00602,MEDIUM,current,yes,FY FY25 | basis standalone | cons no
CL03473,S0032,Mu Sigma,cash_and_equivalents,104.9,press-quoted-filing,crore,INR,,,SRC00602,MEDIUM,current,yes,FY FY25 | basis standalone | cons no
CL03474,S0032,Mu Sigma,reserves,498.6,press-quoted-filing,crore,INR,,,SRC00602,MEDIUM,current,yes,FY FY21 | basis standalone | cons no
CL03475,S0032,Mu Sigma,reserves,830.6,press-quoted-filing,crore,INR,,,SRC00602,MEDIUM,current,yes,FY FY22 | basis standalone | cons no
CL03476,S0032,Mu Sigma,reserves,788.2,press-quoted-filing,crore,INR,,,SRC00602,MEDIUM,current,yes,FY FY23 | basis standalone | cons no
CL03477,S0032,Mu Sigma,reserves,859.8,press-quoted-filing,crore,INR,,,SRC00602,MEDIUM,current,yes,FY FY24 | basis standalone | cons no
CL03478,S0033,Netradyne,"revenue (india entity, press-quoted mca)",293.5,press-quoted-filing,crore,INR,,,SRC00607,LOW,current,yes,FY FY25 | basis  | cons 
CL03479,S0033,Netradyne,"pat (india entity, press-quoted mca)",13.8,press-quoted-filing,crore,INR,,,SRC00607,LOW,current,yes,FY FY25 | basis  | cons 
CL03480,S0034,Postman,revenue,185.7,press-quoted-filing,Cr,USD,,,SRC00616,MEDIUM,current,yes,FY FY24 | basis  | cons 
CL03481,S0034,Postman,total_revenue,185.7,press-quoted-filing,crore,INR,,,SRC00616,MEDIUM,current,yes,FY FY24 | basis standalone | cons no
CL03482,S0034,Postman,revenue_growth,7.26,press-quoted-filing,percent,INR,,,SRC00616,MEDIUM,current,yes,FY FY24 | basis standalone | cons no
CL03483,S0034,Postman,revenue_range,100,MCA-aggregator,crore,INR,,,SRC00615,LOW,current,yes,FY FY25 | basis standalone | cons no
CL03484,S0034,Postman,arr_estimate,135,estimate,million,USD,,,SRC00614,MEDIUM,current,yes,FY FY24 | basis consolidated | cons yes
CL03485,S0035,Zeta,total_revenue,615.05,press-quoted-filing,crore,INR,,,SRC00630,HIGH,current,yes,FY FY22 | basis standalone | cons no
CL03486,S0035,Zeta,total_revenue,816.2,press-quoted-filing,crore,INR,,,SRC00641,MEDIUM,current,yes,FY FY23 | basis standalone | cons no
CL03487,S0035,Zeta,net_profit,-20.71,press-quoted-filing,crore,INR,,,SRC00630,HIGH,current,yes,FY FY22 | basis standalone | cons no
CL03488,S0035,Zeta,net_profit,21.94,press-quoted-filing,crore,INR,,,SRC00641,MEDIUM,current,yes,FY FY23 | basis standalone | cons no
CL03489,S0035,Zeta,total_revenue,893.12,press-quoted-filing,crore,INR,,,SRC00629,HIGH,current,yes,FY FY24 | basis standalone | cons no
CL03490,S0035,Zeta,net_profit,119.82,press-quoted-filing,crore,INR,,,SRC00629,HIGH,current,yes,FY FY24 | basis standalone | cons no
CL03491,S0036,Flipkart,total_revenue,7840.4,press-quoted-filing,crore,INR,,,SRC00649,HIGH,current,yes,FY FY21 | basis standalone | cons no
CL03492,S0036,Flipkart,total_revenue,10476.7,press-quoted-filing,crore,INR,,,SRC00649,HIGH,current,yes,FY FY22 | basis standalone | cons no
CL03493,S0036,Flipkart,total_revenue,14797.5,press-quoted-filing,crore,INR,,,SRC00649,HIGH,current,yes,FY FY23 | basis standalone | cons no
CL03494,S0036,Flipkart,total_revenue,17855.1,press-quoted-filing,crore,INR,,,SRC00649,HIGH,current,yes,FY FY24 | basis standalone | cons no
CL03495,S0036,Flipkart,total_revenue,20433.9,press-quoted-filing,crore,INR,,,SRC00649,HIGH,current,yes,FY FY25 | basis standalone | cons no
CL03496,S0036,Flipkart,ebitda,-2501.3,press-quoted-filing,crore,INR,,,SRC00649,HIGH,current,yes,FY FY21 | basis standalone | cons no
CL03497,S0036,Flipkart,ebitda,-1472.0,press-quoted-filing,crore,INR,,,SRC00649,HIGH,current,yes,FY FY25 | basis standalone | cons no
CL03498,S0036,Flipkart,net_profit,-1568.6,press-quoted-filing,crore,INR,,,SRC00649,HIGH,current,yes,FY FY25 | basis standalone | cons no
CL03499,S0036,Flipkart,net_worth,1221.2,press-quoted-filing,crore,INR,,,SRC00649,HIGH,current,yes,FY FY25 | basis standalone | cons no
CL03500,S0036,Flipkart,total_assets,12958.0,press-quoted-filing,crore,INR,,,SRC00649,HIGH,current,yes,FY FY25 | basis standalone | cons no
CL03501,S0036,Flipkart,borrowings,1604.2,press-quoted-filing,crore,INR,,,SRC00649,HIGH,current,yes,FY FY25 | basis standalone | cons no
CL03502,S0037,Porter,revenue_from_operations,4306,press-quoted-filing,Rs crore,INR,,,SRC00657,MEDIUM,current,yes,FY FY25 | basis  | cons 
CL03503,S0037,Porter,total_revenue,1737.4,press-quoted-filing,crore,INR,,,SRC00665,MEDIUM,current,yes,FY FY23 | basis standalone | cons no
CL03504,S0037,Porter,total_revenue,2733.7,press-quoted-filing,crore,INR,,,SRC00661,HIGH,current,yes,FY FY24 | basis standalone | cons no
CL03505,S0037,Porter,net_profit,55.2,press-quoted-filing,crore,INR,,,SRC00658,HIGH,current,yes,FY FY25 | basis consolidated | cons yes
CL03506,S0037,Porter,net_loss,174.6,press-quoted-filing,crore,INR,,,SRC00660,MEDIUM,current,yes,FY FY23 | basis standalone | cons no
CL03507,S0037,Porter,net_loss,95.7,press-quoted-filing,crore,INR,,,SRC00661,HIGH,current,yes,FY FY24 | basis standalone | cons no
CL03508,S0037,Porter,total_revenue,4306.2,press-quoted-filing,crore,INR,,,SRC00661,HIGH,current,yes,FY FY25 | basis standalone | cons no
CL03509,S0037,Porter,revenue_growth,58,press-quoted-filing,percent,INR,,,SRC00661,HIGH,current,yes,FY FY25 | basis standalone | cons no
CL03510,S0038,Unacademy,total_income,826,press-quoted-filing,Cr,INR,,,SRC00673,MEDIUM,current,yes,FY FY25 | basis  | cons 
CL03511,S0038,Unacademy,total_revenue,988.4,press-quoted-filing,Cr,INR,,,SRC00674,MEDIUM,current,yes,FY FY24 | basis  | cons 
CL03512,S0038,Unacademy,total_revenue,826.3,press-quoted-filing,crore,INR,,,SRC00673,MEDIUM,current,yes,FY FY25 | basis standalone | cons no
CL03513,S0038,Unacademy,net_loss,436,press-quoted-filing,crore,INR,,,SRC00673,MEDIUM,current,yes,FY FY25 | basis standalone | cons no
CL03514,S0038,Unacademy,ebitda_loss,305,press-quoted-filing,crore,INR,,,SRC00673,MEDIUM,current,yes,FY FY25 | basis standalone | cons no
CL03515,S0038,Unacademy,cash_and_equivalents,1238,press-quoted-filing,crore,INR,,,SRC00673,MEDIUM,current,yes,FY FY25 | basis standalone | cons no
CL03516,S0038,Unacademy,total_revenue,455.1,press-quoted-filing,crore,INR,,,SRC00688,MEDIUM,current,yes,FY FY25 | basis standalone | cons no
CL03517,S0038,Unacademy,net_profit,-49.5,press-quoted-filing,crore,INR,,,SRC00688,MEDIUM,current,yes,FY FY25 | basis standalone | cons no
CL03518,S0038,Unacademy,ebitda,-127.9,press-quoted-filing,crore,INR,,,SRC00688,MEDIUM,current,yes,FY FY25 | basis standalone | cons no
CL03519,S0038,Unacademy,networth,2518.3,press-quoted-filing,crore,INR,,,SRC00688,MEDIUM,current,yes,FY FY25 | basis standalone | cons no
CL03520,S0038,Unacademy,total_revenue,988.4,press-quoted-filing,crore,INR,,,SRC00674,MEDIUM,current,yes,FY FY24 | basis standalone | cons no
CL03521,S0038,Unacademy,net_loss,631,press-quoted-filing,crore,INR,,,SRC00674,MEDIUM,current,yes,FY FY24 | basis standalone | cons no
CL03522,S0038,Unacademy,ebitda_loss,489,press-quoted-filing,crore,INR,,,SRC00674,MEDIUM,current,yes,FY FY24 | basis standalone | cons no
CL03523,S0038,Unacademy,cash_and_equivalents,1573,press-quoted-filing,crore,INR,,,SRC00674,MEDIUM,current,yes,FY FY24 | basis standalone | cons no
CL03524,S0038,Unacademy,total_revenue,1044,press-quoted-filing,crore,INR,,,SRC00674,MEDIUM,current,yes,FY FY23 | basis standalone | cons no
CL03525,S0038,Unacademy,net_loss,1678,press-quoted-filing,crore,INR,,,SRC00674,MEDIUM,current,yes,FY FY23 | basis standalone | cons no
CL03526,S0038,Unacademy,ebitda_loss,1553,press-quoted-filing,crore,INR,,,SRC00674,MEDIUM,current,yes,FY FY23 | basis standalone | cons no
CL03527,S0039,Vedantu,revenue_from_operations,227,press-quoted-filing,Rs crore,INR,,,SRC00697,MEDIUM,current,yes,FY FY25 | basis  | cons 
CL03528,S0039,Vedantu,revenue (mca filing),233.64,press-quoted-filing,crore,INR,,,SRC00698,HIGH,current,yes,FY FY25 | basis  | cons 
CL03529,S0039,Vedantu,operating revenue,185.0,press-quoted-filing,crore,INR,,,SRC00699,HIGH,current,yes,FY FY24 | basis  | cons 
CL03530,S0039,Vedantu,collections,284.0,press-quoted-filing,crore,INR,,,SRC00699,HIGH,current,yes,FY FY25 | basis  | cons 
CL03531,S0039,Vedantu,net loss,157.0,press-quoted-filing,crore,INR,,,SRC00699,HIGH,current,yes,FY FY24 | basis  | cons 
CL03532,S0040,Zetwerk,gmv,17564,press-quoted-filing,Rs crore,INR,,,SRC00730,MEDIUM,current,yes,FY FY24 | basis  | cons 
CL03533,S0040,Zetwerk,total_revenue,14443,press-quoted-filing,Rs crore,INR,,,SRC00720,MEDIUM,current,yes,FY FY24 | basis consolidated | cons 
CL03534,S0040,Zetwerk,net_loss,918,press-quoted-filing,Rs crore,INR,,,SRC00720,MEDIUM,current,yes,FY FY24 | basis consolidated | cons 
CL03535,S0040,Zetwerk,total_revenue,11332,DRHP,Rs crore,INR,,,SRC00718,HIGH,current,yes,FY FY25 | basis consolidated | cons 
CL03536,S0040,Zetwerk,gmv,12798,press-quoted-filing,Rs crore,INR,,,SRC00720,MEDIUM,current,yes,FY FY25 | basis consolidated | cons 
CL03537,S0040,Zetwerk,net_loss,371,press-quoted-filing,Rs crore,INR,,,SRC00720,MEDIUM,current,yes,FY FY25 | basis consolidated | cons 
CL03538,S0040,Zetwerk,ebitda,145,press-quoted-filing,Rs crore,INR,,,SRC00720,MEDIUM,current,yes,FY FY25 | basis consolidated | cons 
CL03539,S0040,Zetwerk,total_revenue,15913,DRHP,Rs crore,INR,,,SRC00717,HIGH,current,yes,FY FY26 | basis consolidated | cons 
CL03540,S0040,Zetwerk,manufacturing_revenue,9375,DRHP,Rs crore,INR,,,SRC00719,HIGH,current,yes,FY FY26 | basis consolidated | cons 
CL03541,S0040,Zetwerk,adjusted_ebitda,421,DRHP,Rs crore,INR,,,SRC00718,HIGH,current,yes,FY FY26 | basis consolidated | cons 
CL03542,S0040,Zetwerk,adjusted_pbt,46,DRHP,Rs crore,INR,,,SRC00718,HIGH,current,yes,FY FY26 | basis consolidated | cons 
CL03543,S0040,Zetwerk,reported_loss,1606,DRHP,Rs crore,INR,,,SRC00719,HIGH,current,yes,FY FY26 | basis consolidated | cons 
CL03544,S0040,Zetwerk,order_book,12370,DRHP,Rs crore,INR,,,SRC00719,HIGH,current,yes,FY FY26 | basis consolidated | cons 
CL03545,S0040,Zetwerk,gmv,17564,press-quoted-filing,Rs crore,INR,,,SRC00730,MEDIUM,current,yes,FY FY24 | basis  | cons 
CL03546,S0041,Dream11 (Dream Sports),operating_revenue,6759.3,press-quoted-filing,crore,INR,,,SRC00741,HIGH,current,yes,FY FY25 | basis  | cons 
CL03547,S0041,Dream11 (Dream Sports),net_loss,-478.9,press-quoted-filing,crore,INR,,,SRC00741,HIGH,current,yes,FY FY25 | basis  | cons 
CL03548,S0041,Dream11 (Dream Sports),operating_revenue,7933.8,press-quoted-filing,crore,INR,,,SRC00741,MEDIUM,current,yes,FY FY24 | basis  | cons 
CL03549,S0041,Dream11 (Dream Sports),net_profit,1295,press-quoted-filing,crore,INR,,,SRC00741,MEDIUM,current,yes,FY FY24 | basis  | cons 
CL03550,S0042,InMobi,revenue,281,press-quoted-filing,million,USD,,,SRC00755,MEDIUM,current,yes,FY FY23 | basis  | cons 
CL03551,S0042,InMobi,profit,41,press-quoted-filing,million,USD,,,SRC00755,MEDIUM,current,yes,FY FY23 | basis  | cons 
CL03552,S0042,InMobi,"total_revenue (group, press-quoted)",600,press-quoted-filing,million,USD,,,SRC00755,MEDIUM,current,yes,FY FY24 | basis  | cons 
CL03553,S0042,InMobi,glance operating revenue,614,press-quoted-filing,crore,INR,,,SRC00753,MEDIUM,current,yes,FY FY24 | basis  | cons 
CL03554,S0042,InMobi,total_revenue,470.9,audited,crore,INR,,,SRC00757,HIGH,current,yes,FY FY25 | basis standalone | cons no
CL03555,S0042,InMobi,net_profit,-6.9,audited,crore,INR,,,SRC00757,HIGH,current,yes,FY FY25 | basis standalone | cons no
CL03556,S0042,InMobi,total_revenue,462.1,audited,crore,INR,,,SRC00757,HIGH,current,yes,FY FY24 | basis standalone | cons no
CL03557,S0042,InMobi,"total_revenue (group, press-quoted)",600,press-quoted-filing,million,USD,,,SRC00755,MEDIUM,current,yes,FY FY24 | basis consolidated | cons yes
CL03558,S0042,InMobi,glance revenue,73.1,press-quoted-filing,million,USD,,,SRC00753,MEDIUM,current,yes,FY FY24 | basis standalone | cons no
CL03559,S0042,InMobi,total_revenue,281,press-quoted-filing,million,USD,,,SRC00753,MEDIUM,current,yes,FY FY23 | basis consolidated | cons yes
CL03560,S0042,InMobi,net_profit,41,press-quoted-filing,million,USD,,,SRC00753,MEDIUM,current,yes,FY FY23 | basis consolidated | cons yes
CL03561,S0042,InMobi,glance operating revenue,614,press-quoted-filing,crore,INR,,,SRC00753,MEDIUM,current,yes,FY FY24 | basis standalone | cons no
CL03562,S0042,InMobi,ebitda,24.3,audited,crore,INR,,,SRC00757,HIGH,current,yes,FY FY25 | basis standalone | cons no
CL03563,S0042,InMobi,total_assets,711.3,audited,crore,INR,,,SRC00757,HIGH,current,yes,FY FY25 | basis standalone | cons no
CL03564,S0043,Nykaa,net_profit,61.94,audited,crore,INR,,,SRC00774,HIGH,current,yes,FY FY21 | basis  | cons 
CL03565,S0043,Nykaa,operating_revenue,7950,press-quoted-filing,crore,INR,,,SRC00778,HIGH,current,yes,FY FY25 | basis  | cons 
CL03566,S0043,Nykaa,net_profit,72,press-quoted-filing,crore,INR,,,SRC00778,HIGH,current,yes,FY FY25 | basis  | cons 
CL03567,S0043,Nykaa,operating_revenue,10022,press-quoted-filing,crore,INR,,,SRC00784,MEDIUM,current,yes,FY FY26 | basis  | cons 
CL03568,S0043,Nykaa,revenue_from_operations,2782,management,crore,INR,,,SRC00779,HIGH,current,yes,FY Q1 FY27 | basis  | cons 
CL03569,S0043,Nykaa,net_profit,80,management,crore,INR,,,SRC00779,HIGH,current,yes,FY Q1 FY27 | basis  | cons 
CL03570,S0044,Rebel Foods,operating_revenue,1617.0,press-quoted-filing,crore,INR,,,SRC00788,HIGH,current,yes,FY FY25 | basis  | cons 
CL03571,S0044,Rebel Foods,net_loss,336.0,press-quoted-filing,crore,INR,,,SRC00788,HIGH,current,yes,FY FY25 | basis  | cons 
CL03572,S0044,Rebel Foods,operating_revenue,1420.0,press-quoted-filing,crore,INR,,,SRC00789,HIGH,current,yes,FY FY24 | basis  | cons 
CL03573,S0044,Rebel Foods,net_loss,378.0,press-quoted-filing,crore,INR,,,SRC00789,HIGH,current,yes,FY FY24 | basis  | cons 
CL03574,S0044,Rebel Foods,total_revenue,1195,press-quoted-filing,crore,INR,,,SRC00789,HIGH,current,yes,FY FY23 | basis consolidated | cons yes
CL03575,S0044,Rebel Foods,net_loss,656,press-quoted-filing,crore,INR,,,SRC00789,HIGH,current,yes,FY FY23 | basis consolidated | cons yes
CL03576,S0044,Rebel Foods,total_revenue,1420,press-quoted-filing,crore,INR,,,SRC00789,HIGH,current,yes,FY FY24 | basis consolidated | cons yes
CL03577,S0044,Rebel Foods,net_loss,378,press-quoted-filing,crore,INR,,,SRC00789,HIGH,current,yes,FY FY24 | basis consolidated | cons yes
CL03578,S0044,Rebel Foods,total_revenue,1617,press-quoted-filing,crore,INR,,,SRC00788,HIGH,current,yes,FY FY25 | basis consolidated | cons yes
CL03579,S0044,Rebel Foods,net_loss,336,press-quoted-filing,crore,INR,,,SRC00788,HIGH,current,yes,FY FY25 | basis consolidated | cons yes
CL03580,S0044,Rebel Foods,total_income,1658,press-quoted-filing,crore,INR,,,SRC00788,HIGH,current,yes,FY FY25 | basis consolidated | cons yes
CL03581,S0044,Rebel Foods,net_loss,282,press-quoted-filing,crore,INR,,,SRC00792,MEDIUM,current,yes,FY FY26 | basis consolidated | cons yes
CL03582,S0044,Rebel Foods,total_revenue,1957,estimate,crore,INR,,,SRC00792,MEDIUM,current,yes,FY FY26 | basis consolidated | cons yes
CL03583,S0045,Drools,revenue,932.0,press-quoted-filing,crore,INR,,,SRC00799,,current,yes,FY FY25 | basis  | cons 
CL03584,S0045,Drools,total_revenue,932,press-quoted-filing,crore,INR,,,SRC00799,MEDIUM,current,yes,FY FY25 | basis standalone | cons no
CL03585,S0045,Drools,net_profit,-14,press-quoted-filing,crore,INR,,,SRC00804,MEDIUM,current,yes,FY FY24 | basis standalone | cons no
CL03586,S0045,Drools,total_revenue,360,press-quoted-filing,crore,INR,,,SRC00797,MEDIUM,current,yes,FY FY22 | basis standalone | cons no
CL03587,S0046,Fractal Analytics,operating_revenue,2765.0,press-quoted-filing,crore,INR,,,SRC00817,HIGH,current,yes,FY FY25 | basis  | cons 
CL03588,S0046,Fractal Analytics,pat,220.0,press-quoted-filing,,INR,,,SRC00817,HIGH,current,yes,FY FY25 | basis  | cons 
CL03589,S0046,Fractal Analytics,operating_revenue,3299.7,press-quoted-filing,crore,INR,,,SRC00818,HIGH,current,yes,FY FY26 | basis  | cons 
CL03590,S0046,Fractal Analytics,pat,287.0,press-quoted-filing,crore,INR,,,SRC00818,HIGH,current,yes,FY FY26 | basis  | cons 
CL03591,S0047,Jumbotail,revenue,914.0,press-quoted-filing,crore,INR,,,SRC00831,,current,yes,FY FY24 | basis  | cons 
CL03592,S0047,Jumbotail,operating revenue (press),819.0,management,crore,INR,,,SRC00830,,current,yes,FY FY23 | basis  | cons 
CL03593,S0047,Jumbotail,total_revenue,819,press-quoted-filing,crore,INR,,,SRC00830,MEDIUM,current,yes,FY FY23 | basis standalone | cons 
CL03594,S0047,Jumbotail,net_profit,-264,management,crore,INR,,,SRC00830,MEDIUM,current,yes,FY FY23 | basis standalone | cons 
CL03595,S0047,Jumbotail,gmv,2262,company-reported,crore,INR,,,SRC00843,HIGH,current,yes,FY FY23 | basis standalone | cons 
CL03596,S0047,Jumbotail,total_revenue,914,press-quoted-filing,crore,INR,,,SRC00831,MEDIUM,current,yes,FY FY24 | basis standalone | cons 
CL03597,S0047,Jumbotail,total_revenue,725.1,press-quoted-filing,crore,INR,,,SRC00841,MEDIUM,current,yes,FY FY25 | basis standalone | cons 
CL03598,S0047,Jumbotail,net_profit,-161.0,press-quoted-filing,crore,INR,,,SRC00841,MEDIUM,current,yes,FY FY25 | basis standalone | cons 
CL03599,S0047,Jumbotail,total_expenses,264.3,press-quoted-filing,crore,INR,,,SRC00841,MEDIUM,current,yes,FY FY25 | basis standalone | cons 
CL03600,S0047,Jumbotail,ebitda,-128.0,estimate,crore,INR,,,SRC00841,LOW,current,yes,FY FY25 | basis standalone | cons 
CL03601,S0047,Jumbotail,total_assets,449.4,audited,crore,INR,,,SRC00833,HIGH,current,yes,FY FY24 | basis standalone | cons 
CL03602,S0048,Livspace,"operating revenue (singapore consolidated filing, press-quoted)",1460.0,press-quoted-filing,crore,INR,,,SRC00853,,current,yes,FY FY25 | basis  | cons 
CL03603,S0048,Livspace,total_revenue,1148,press-quoted-filing,crore,INR,,,SRC00878,MEDIUM,current,yes,FY FY23 | basis consolidated | cons yes
CL03604,S0048,Livspace,ebitda_loss_before_esops,581,management,crore,INR,,,SRC00865,HIGH,current,yes,FY FY23 | basis consolidated | cons yes
CL03605,S0048,Livspace,operating_revenue,1185,press-quoted-filing,crore,INR,,,SRC00853,HIGH,current,yes,FY FY24 | basis consolidated | cons yes
CL03606,S0048,Livspace,net_loss,416,press-quoted-filing,crore,INR,,,SRC00858,HIGH,current,yes,FY FY24 | basis consolidated | cons yes
CL03607,S0048,Livspace,operating_revenue,1460,press-quoted-filing,crore,INR,,,SRC00852,HIGH,current,yes,FY FY25 | basis consolidated | cons yes
CL03608,S0048,Livspace,standalone_revenue,1276.5,press-quoted-filing,crore,INR,,,SRC00879,MEDIUM,current,yes,FY FY25 | basis standalone | cons no
CL03609,S0048,Livspace,net_loss,242,press-quoted-filing,crore,INR,,,SRC00858,HIGH,current,yes,FY FY25 | basis consolidated | cons yes
CL03610,S0048,Livspace,adjusted_ebitda_loss_before_esops,131,management,crore,INR,,,SRC00852,HIGH,current,yes,FY FY25 | basis consolidated | cons yes
CL03611,S0048,Livspace,gross_profit,752,management,crore,INR,,,SRC00852,HIGH,current,yes,FY FY25 | basis consolidated | cons yes
CL03612,S0048,Livspace,total_revenue_singapore_sgd,231,press-quoted-filing,million,SGD,,,SRC00880,MEDIUM,current,yes,FY FY25 | basis consolidated | cons yes
CL03613,S0049,Meesho,"operating revenue (audited, press-quoted)",7615.0,press-quoted-filing,crore,INR,,,SRC00890,,current,yes,FY FY24 | basis  | cons 
CL03614,S0049,Meesho,"revenue (prospectus, press-quoted)",5578.0,press-quoted-filing,crore,INR,,,SRC00889,,current,yes,FY H1FY26 (6MO TO SEP 30 2025) | basis  | cons 
CL03615,S0049,Meesho,total_revenue,792.8,audited,crore,INR,,,SRC00893,HIGH,current,yes,FY FY21 | basis standalone | cons 
CL03616,S0049,Meesho,net_profit,-498.7,audited,crore,INR,,,SRC00893,HIGH,current,yes,FY FY21 | basis standalone | cons 
CL03617,S0049,Meesho,total_revenue,3232.3,audited,crore,INR,,,SRC00893,HIGH,current,yes,FY FY22 | basis standalone | cons 
CL03618,S0049,Meesho,net_profit,-3247.8,audited,crore,INR,,,SRC00893,HIGH,current,yes,FY FY22 | basis standalone | cons 
CL03619,S0049,Meesho,total_revenue,5734.5,audited,crore,INR,,,SRC00893,HIGH,current,yes,FY FY23 | basis standalone | cons 
CL03620,S0049,Meesho,net_profit,-1675.0,audited,crore,INR,,,SRC00893,HIGH,current,yes,FY FY23 | basis standalone | cons 
CL03621,S0049,Meesho,total_revenue,7614.9,audited,crore,INR,,,SRC00893,HIGH,current,yes,FY FY24 | basis standalone | cons 
CL03622,S0049,Meesho,net_profit,-305.0,audited,crore,INR,,,SRC00893,HIGH,current,yes,FY FY24 | basis standalone | cons 
CL03623,S0049,Meesho,adjusted_loss,53,press-quoted-filing,crore,INR,,,SRC00894,HIGH,current,yes,FY FY24 | basis standalone | cons 
CL03624,S0049,Meesho,total_revenue,9387.5,audited,crore,INR,,,SRC00893,HIGH,current,yes,FY FY25 | basis standalone | cons 
CL03625,S0049,Meesho,net_profit,-3883.4,audited,crore,INR,,,SRC00893,HIGH,current,yes,FY FY25 | basis standalone | cons 
CL03626,S0049,Meesho,ebitda,-555.2,audited,crore,INR,,,SRC00893,HIGH,current,yes,FY FY25 | basis standalone | cons 
CL03627,S0049,Meesho,revenue_from_operations,5578,DRHP,crore,INR,,,SRC00888,HIGH,current,yes,FY H1FY26 | basis standalone | cons 
CL03628,S0049,Meesho,net_merchandise_value,19194,DRHP,crore,INR,,,SRC00888,HIGH,current,yes,FY H1FY26 | basis standalone | cons 
CL03629,S0049,Meesho,loss_before_tax,433,DRHP,crore,INR,,,SRC00888,HIGH,current,yes,FY H1FY26 | basis standalone | cons 
CL03630,S0049,Meesho,orders,843,press-quoted-filing,million,INR,,,SRC00894,HIGH,current,yes,FY FY24 | basis standalone | cons 
CL03631,S0049,Meesho,operating_revenue,7615,press-quoted-filing,crore,INR,,,SRC00890,HIGH,current,yes,FY FY24 | basis standalone | cons 
CL03632,S0049,Meesho,free_cash_flow,197,press-quoted-filing,crore,INR,,,SRC00890,HIGH,current,yes,FY FY24 | basis standalone | cons 
CL03633,S0050,Ola (ANI Technologies),revenue (press-quoted mca filing),2200.0,press-quoted-filing,crore,INR,,,SRC00910,,current,yes,FY FY24 | basis  | cons 
CL03634,S0050,Ola (ANI Technologies),revenue from operations (consolidated),1171.0,press-quoted-filing,crore,INR,,,SRC00494,HIGH,current,yes,FY FY25 | basis  | cons 
CL03635,S0050,Ola (ANI Technologies),revenue from operations (consolidated),2012.0,press-quoted-filing,crore,INR,,,SRC00494,HIGH,current,yes,FY FY24 | basis  | cons 
CL03636,S0050,Ola (ANI Technologies),net loss,1974.7,press-quoted-filing,crore,INR,,,SRC00494,HIGH,current,yes,FY FY25 | basis  | cons 
CL03637,S0050,Ola (ANI Technologies),core mobility revenue,925.0,press-quoted-filing,crore,INR,,,SRC00494,HIGH,current,yes,FY FY25 | basis  | cons 
CL03638,S0050,Ola (ANI Technologies),employee count,3724.0,database,count,N/A,,,SRC00911,MEDIUM,current,yes,FY  | basis  | cons 
CL03639,S0051,Rapido,"operating revenue (roc filings, press-quoted)",934.44,press-quoted-filing,crore,INR,,,SRC00927,,current,yes,FY FY25 | basis  | cons 
CL03640,S0051,Rapido,operating revenue,648.0,press-quoted-filing,crore,INR,,,SRC00945,,current,yes,FY FY24 | basis  | cons 
CL03641,S0051,Rapido,operating revenue,648,press-quoted-filing,crore,INR,,,SRC00945,HIGH,current,yes,FY FY24 | basis standalone | cons 
CL03642,S0051,Rapido,total revenue (incl other income),1002.87,press-quoted-filing,crore,INR,,,SRC00944,MEDIUM,current,yes,FY FY25 | basis standalone | cons 
CL03643,S0051,Rapido,revenue (usd),118630766.09,database,USD,USD,,,SRC00929,MEDIUM,current,yes,FY FY25 | basis standalone | cons 
CL03644,S0051,Rapido,operating revenue,934.44,press-quoted-filing,crore,INR,,,SRC00927,HIGH,current,yes,FY FY25 | basis standalone | cons 
CL03645,S0051,Rapido,net loss,258,press-quoted-filing,crore,INR,,,SRC00927,HIGH,current,yes,FY FY25 | basis standalone | cons 
CL03646,S0052,ShareChat,operating revenue,723.4,press-quoted-filing,crore,INR,,,SRC00966,,current,yes,FY FY25 | basis  | cons 
CL03647,S0052,ShareChat,operating_revenue,723.4,press-quoted-filing,crore,INR,,,SRC00966,HIGH,current,yes,FY FY25 | basis standalone | cons 
CL03648,S0052,ShareChat,operating_revenue,718.1,press-quoted-filing,crore,INR,,,SRC00966,HIGH,current,yes,FY FY24 | basis standalone | cons 
CL03649,S0052,ShareChat,adjusted_ebitda_loss,-219,press-quoted-filing,crore,INR,,,SRC00966,HIGH,current,yes,FY FY25 | basis standalone | cons 
CL03650,S0052,ShareChat,advertising_revenue,290,press-quoted-filing,crore,INR,,,SRC00987,HIGH,current,yes,FY FY25 | basis standalone | cons 
CL03651,S0052,ShareChat,streaming_revenue,434,press-quoted-filing,crore,INR,,,SRC00988,HIGH,current,yes,FY FY25 | basis standalone | cons 
CL03652,S0052,ShareChat,adjusted_ebitda_loss,-793,press-quoted-filing,crore,INR,,,SRC00966,HIGH,current,yes,FY FY24 | basis standalone | cons 
CL03653,S0052,ShareChat,annualized_revenue_run_rate,1000,management,crore,INR,,,SRC00975,HIGH,current,yes,FY FY26_H1 | basis standalone | cons 
CL03654,S0053,Apna,operating revenue,122.0,press-quoted-filing,crore,INR,,,SRC00999,,current,yes,FY FY25 | basis  | cons 
CL03655,S0053,Apna,operating_revenue,122,press-quoted-filing,crore,INR,,,SRC00999,HIGH,current,yes,FY FY25 | basis consolidated | cons yes
CL03656,S0053,Apna,net_loss,50.1,press-quoted-filing,crore,INR,,,SRC00999,HIGH,current,yes,FY FY25 | basis consolidated | cons yes
CL03657,S0053,Apna,revenue_recruitment_solutions,57.1,press-quoted-filing,crore,INR,,,SRC00999,HIGH,current,yes,FY FY25 | basis consolidated | cons yes
CL03658,S0053,Apna,revenue_software_dev_support,63,press-quoted-filing,crore,INR,,,SRC00999,HIGH,current,yes,FY FY25 | basis consolidated | cons yes
CL03659,S0053,Apna,total_expenses,194,press-quoted-filing,crore,INR,,,SRC00999,HIGH,current,yes,FY FY25 | basis consolidated | cons yes
CL03660,S0053,Apna,operating_revenue,127.7,press-quoted-filing,crore,INR,,,SRC00999,HIGH,current,yes,FY FY24 | basis consolidated | cons yes
CL03661,S0053,Apna,net_loss,51.3,press-quoted-filing,crore,INR,,,SRC00999,HIGH,current,yes,FY FY24 | basis consolidated | cons yes
CL03662,S0053,Apna,employee_benefit_expenses,177.3,press-quoted-filing,crore,INR,,,SRC00999,HIGH,current,yes,FY FY25 | basis consolidated | cons yes
CL03663,S0053,Apna,net_worth_change,-37.45,press-quoted-filing,percent,INR,,,SRC01003,MEDIUM,current,yes,FY FY25 | basis  | cons 
CL03664,S0053,Apna,revenue_range,100,press-quoted-filing,crore,INR,,,SRC01003,MEDIUM,current,yes,FY FY25 | basis  | cons 
CL03665,S0053,Apna,revenue_target,150,management,crore,INR,,,SRC01000,MEDIUM,current,yes,FY FY27 | basis  | cons 
CL03666,S0054,BharatPe,operating revenue,1667.0,press-quoted-filing,Cr,INR,,,SRC01011,HIGH,current,yes,FY FY25 | basis  | cons 
CL03667,S0054,BharatPe,operating revenue,1486.0,press-quoted-filing,Cr,INR,,,SRC01013,MEDIUM,current,yes,FY FY24 | basis  | cons 
CL03668,S0055,Euler Motors,operating revenue,191.3,press-quoted-filing,crore,INR,,,SRC01026,,current,yes,FY FY25 | basis  | cons 
CL03669,S0055,Euler Motors,operating_revenue,191.3,press-quoted-filing,crore,INR,,,SRC01026,HIGH,current,yes,FY FY25 | basis standalone | cons no
CL03670,S0055,Euler Motors,net_profit,-200.2,press-quoted-filing,crore,INR,,,SRC01026,HIGH,current,yes,FY FY25 | basis standalone | cons no
CL03671,S0055,Euler Motors,operating_revenue,170.8,press-quoted-filing,crore,INR,,,SRC01025,HIGH,current,yes,FY FY24 | basis standalone | cons no
CL03672,S0055,Euler Motors,net_profit,-227,press-quoted-filing,crore,INR,,,SRC01026,HIGH,current,yes,FY FY24 | basis standalone | cons no
CL03673,S0055,Euler Motors,operating_revenue,433,press-quoted-filing,crore,INR,,,SRC01039,HIGH,current,yes,FY FY26 | basis standalone | cons no
CL03674,S0055,Euler Motors,net_profit,-315,press-quoted-filing,crore,INR,,,SRC01039,HIGH,current,yes,FY FY26 | basis standalone | cons no
CL03675,S0055,Euler Motors,total_revenue,206,press-quoted-filing,crore,INR,,,SRC01026,HIGH,current,yes,FY FY25 | basis standalone | cons no
CL03676,S0055,Euler Motors,total_expenses,404.1,press-quoted-filing,crore,INR,,,SRC01026,HIGH,current,yes,FY FY25 | basis standalone | cons no
CL03677,S0055,Euler Motors,authorized_share_capital,30.5,MCA,crore,INR,,,SRC01029,HIGH,current,yes,FY FY25 | basis standalone | cons no
CL03678,S0055,Euler Motors,paidup_capital,20.1,MCA,crore,INR,,,SRC01029,HIGH,current,yes,FY FY25 | basis standalone | cons no
CL03679,S0055,Euler Motors,borrowings,209.9,MCA,crore,INR,,,SRC01029,HIGH,current,yes,FY FY25 | basis standalone | cons no
CL03680,S0055,Euler Motors,reserves,80.9,MCA,crore,INR,,,SRC01029,HIGH,current,yes,FY FY25 | basis standalone | cons no
CL03681,S0055,Euler Motors,total_assets,410.2,MCA,crore,INR,,,SRC01029,HIGH,current,yes,FY FY25 | basis standalone | cons no
CL03682,S0058,Pixxel,operating_revenue,30.6,press-quoted-filing,Cr,INR,,,SRC01067,HIGH,current,yes,FY FY24 | basis  | cons 
CL03683,S0058,Pixxel,pat,-20.4,press-quoted-filing,Cr,INR,,,SRC01067,HIGH,current,yes,FY FY24 | basis  | cons 
CL03684,S0058,Pixxel,operating_revenue,39.3,press-quoted-filing,Cr,INR,,,SRC01078,HIGH,current,yes,FY FY25 | basis  | cons 
CL03685,S0058,Pixxel,pat,-30.8,press-quoted-filing,Cr,INR,,,SRC01060,HIGH,current,yes,FY FY25 | basis  | cons 
CL03686,S0058,Pixxel,total_expenses,67.1,press-quoted-filing,Cr,INR,,,SRC01060,MEDIUM,current,yes,FY FY25 | basis  | cons 
CL03687,S0058,Pixxel,total_assets,321.8,press-quoted-filing,Cr,INR,,,SRC01060,MEDIUM,current,yes,FY FY25 | basis  | cons 
CL03688,S0059,Ecofy Finance (Ecofy),aum,14.0,management,billion,INR,,,SRC01092,MEDIUM,current,yes,FY FY26 | basis  | cons 
CL03689,S0060,Miko Technologies,operating_revenue,358.0,press-quoted-filing,crore,INR,,,SRC01105,HIGH,current,yes,FY FY24 | basis  | cons 
CL03690,S0060,Miko Technologies,net_loss,120.6,press-quoted-filing,crore,INR,,,SRC01115,MEDIUM,current,yes,FY FY24 | basis  | cons 
CL03691,S0061,Nua,operating_revenue,96.1,press-quoted-filing,Cr,INR,,,SRC01120,MEDIUM,current,yes,FY FY25 | basis  | cons 
CL03692,S0061,Nua,operating_revenue,48.02,press-quoted-filing,Cr,INR,,,SRC01134,MEDIUM,current,yes,FY FY24 | basis  | cons 
CL03693,S0061,Nua,pat,-14.94,press-quoted-filing,Cr,INR,,,SRC01134,MEDIUM,current,yes,FY FY24 | basis  | cons 
CL03694,S0061,Nua,annualised_revenue_run_rate_claim,500,management,Cr,INR,,,SRC01118,LOW,current,yes,FY FY26-RUN-RATE | basis  | cons 
CL03695,S0061,Nua,total_revenue,96.1,press-quoted-filing,crore,INR,,,SRC01120,MEDIUM,current,yes,FY FY25 | basis standalone | cons no
CL03696,S0061,Nua,net_profit,-7.0,press-quoted-filing,crore,INR,,,SRC01120,MEDIUM,current,yes,FY FY25 | basis standalone | cons no
CL03697,S0061,Nua,total_expenses,103.1,press-quoted-filing,crore,INR,,,SRC01120,MEDIUM,current,yes,FY FY25 | basis standalone | cons no
CL03698,S0061,Nua,total_assets,61.3,press-quoted-filing,crore,INR,,,SRC01120,MEDIUM,current,yes,FY FY25 | basis standalone | cons no
CL03699,S0061,Nua,total_revenue,48.02,press-quoted-filing,crore,INR,,,SRC01134,MEDIUM,current,yes,FY FY24 | basis standalone | cons no
CL03700,S0061,Nua,pat,-14.94,press-quoted-filing,crore,INR,,,SRC01134,MEDIUM,current,yes,FY FY24 | basis standalone | cons no
CL03701,S0061,Nua,annualised_revenue_run_rate,500,management,crore,INR,,,SRC01124,LOW,current,yes,FY FY26-RUN-RATE | basis  | cons 
CL03702,S0061,Nua,operating_revenue,96.1,press-quoted-filing,crore,INR,,,SRC01120,MEDIUM,current,yes,FY FY25 | basis  | cons 
CL03703,S0062,Truemeds,operating_revenue,315,press-quoted-filing,Cr,INR,,,SRC01140,HIGH,current,yes,FY FY24 | basis  | cons 
CL03704,S0062,Truemeds,net_loss,61,press-quoted-filing,Cr,INR,,,SRC01140,HIGH,current,yes,FY FY24 | basis  | cons 
CL03705,S0062,Truemeds,revenue_management_claim,500,management,Cr,INR,,,SRC01138,LOW,current,yes,FY FY25 | basis  | cons 
CL03706,S0062,Truemeds,gross_revenue,315,press-quoted-filing,crore,INR,,,SRC01140,HIGH,current,yes,FY FY24 | basis standalone | cons no
CL03707,S0062,Truemeds,net_loss,61,press-quoted-filing,crore,INR,,,SRC01140,HIGH,current,yes,FY FY24 | basis standalone | cons no
CL03708,S0062,Truemeds,operating_revenue,310,press-quoted-filing,crore,INR,,,SRC01140,HIGH,current,yes,FY FY24 | basis standalone | cons no
CL03709,S0062,Truemeds,net_revenue,510,press-quoted-filing,crore,INR,,,SRC01146,MEDIUM,current,yes,FY FY25 | basis standalone | cons no
CL03710,S0062,Truemeds,revenue_management_claim,500,management,crore,INR,,,SRC01138,LOW,current,yes,FY FY25 | basis standalone | cons no
CL03711,S0062,Truemeds,net_loss,120,press-quoted-filing,crore,INR,,,SRC01158,LOW,current,yes,FY FY25 | basis standalone | cons no
CL03712,S0062,Truemeds,gross_revenue,154,press-quoted-filing,crore,INR,,,SRC01140,HIGH,current,yes,FY FY23 | basis standalone | cons no
CL03713,S0062,Truemeds,net_loss,67,press-quoted-filing,crore,INR,,,SRC01140,HIGH,current,yes,FY FY23 | basis standalone | cons no
CL03714,S0063,Weaver Services,revenue,10.0,press-quoted-filing,Lakh,INR,,,SRC01172,LOW,current,yes,FY FY25 | basis  | cons 
CL03715,S0063,Weaver Services,total_revenue,3886,press-quoted-filing,lakh,INR,,,SRC01169,MEDIUM,current,yes,FY FY25 | basis standalone | cons no
CL03716,S0063,Weaver Services,net_profit,2582,press-quoted-filing,lakh,INR,,,SRC01169,MEDIUM,current,yes,FY FY25 | basis standalone | cons no
CL03717,S0063,Weaver Services,ebitda,7588,press-quoted-filing,lakh,INR,,,SRC01169,MEDIUM,current,yes,FY FY25 | basis standalone | cons no
CL03718,S0063,Weaver Services,total_expenses,9360,press-quoted-filing,lakh,INR,,,SRC01169,MEDIUM,current,yes,FY FY25 | basis standalone | cons no
CL03719,S0063,Weaver Services,employee_expenses,8711,press-quoted-filing,lakh,INR,,,SRC01169,MEDIUM,current,yes,FY FY25 | basis standalone | cons no
CL03720,S0063,Weaver Services,total_debt,4013,press-quoted-filing,lakh,INR,,,SRC01169,MEDIUM,current,yes,FY FY25 | basis standalone | cons no
CL03721,S0063,Weaver Services,paid_up_capital,6626836,audited,rupee,INR,,,SRC01173,HIGH,current,yes,FY FY25 | basis standalone | cons no
CL03722,S0063,Weaver Services,authorised_capital,780000000,audited,rupee,INR,,,SRC01173,HIGH,current,yes,FY FY25 | basis standalone | cons no
CL03723,S0064,NoBroker,operating revenue,803.0,press-quoted-filing,crore,INR,,,SRC01182,,current,yes,FY FY24 | basis  | cons 
CL03724,S0064,NoBroker,operating_revenue,803,press-quoted-filing,crore,INR,,,SRC01182,HIGH,current,yes,FY FY24 | basis standalone | cons no
CL03725,S0064,NoBroker,net_loss,-500,press-quoted-filing,crore,INR,,,SRC01183,MEDIUM,current,yes,FY FY23 | basis standalone | cons no
CL03726,S0064,NoBroker,net_loss,-411,press-quoted-filing,crore,INR,,,SRC01182,HIGH,current,yes,FY FY24 | basis standalone | cons no
CL03727,S0064,NoBroker,operating_revenue,965,press-quoted-filing,crore,INR,,,SRC01188,HIGH,current,yes,FY FY25 | basis standalone | cons no
CL03728,S0066,Digantara,total_revenue,4.7,press-quoted-filing,crore,INR,,,SRC01222,MEDIUM,current,yes,FY FY25 | basis standalone | cons no
CL03729,S0066,Digantara,net_profit,-24.0,press-quoted-filing,crore,INR,,,SRC01222,MEDIUM,current,yes,FY FY25 | basis standalone | cons no
CL03730,S0067,Games24x7,operating_revenue,2236.1,press-quoted-filing,Cr,INR,,,SRC01230,MEDIUM,current,yes,FY FY25 | basis  | cons 
CL03731,S0067,Games24x7,pat,-64.0,press-quoted-filing,Cr,INR,,,SRC01230,MEDIUM,current,yes,FY FY25 | basis  | cons 
CL03732,S0067,Games24x7,operating_revenue,2273.5,press-quoted-filing,Cr,INR,,,SRC01249,MEDIUM,current,yes,FY FY24 | basis  | cons 
CL03733,S0067,Games24x7,operating_revenue,1556.7,press-quoted-filing,Cr,INR,,,SRC01250,MEDIUM,current,yes,FY FY21 | basis  | cons 
CL03734,S0067,Games24x7,pat,110.0,press-quoted-filing,Cr,INR,,,SRC01250,MEDIUM,current,yes,FY FY21 | basis  | cons 
CL03735,S0067,Games24x7,operating_revenue,1169,press-quoted-filing,crore,INR,,,SRC01238,HIGH,current,yes,FY FY22 | basis standalone | cons no
CL03736,S0067,Games24x7,pat,-282.4,press-quoted-filing,crore,INR,,,SRC01238,HIGH,current,yes,FY FY22 | basis standalone | cons no
CL03737,S0067,Games24x7,operating_revenue,1988,press-quoted-filing,crore,INR,,,SRC01238,HIGH,current,yes,FY FY23 | basis standalone | cons no
CL03738,S0067,Games24x7,total_revenue,2023,press-quoted-filing,crore,INR,,,SRC01238,HIGH,current,yes,FY FY23 | basis standalone | cons no
CL03739,S0067,Games24x7,pat,-199.5,press-quoted-filing,crore,INR,,,SRC01238,HIGH,current,yes,FY FY23 | basis standalone | cons no
CL03740,S0067,Games24x7,advertising_promotion_expense,1421,press-quoted-filing,crore,INR,,,SRC01238,HIGH,current,yes,FY FY23 | basis standalone | cons no
CL03741,S0067,Games24x7,employee_benefit_expense,445.6,press-quoted-filing,crore,INR,,,SRC01238,HIGH,current,yes,FY FY23 | basis standalone | cons no
CL03742,S0067,Games24x7,operating_revenue,2273.5,press-quoted-filing,crore,INR,,,SRC01230,MEDIUM,current,yes,FY FY24 | basis standalone | cons no
CL03743,S0067,Games24x7,operating_revenue,2236.1,press-quoted-filing,crore,INR,,,SRC01230,MEDIUM,current,yes,FY FY25 | basis standalone | cons no
CL03744,S0067,Games24x7,pat,-64.0,press-quoted-filing,crore,INR,,,SRC01230,MEDIUM,current,yes,FY FY25 | basis standalone | cons no
CL03745,S0067,Games24x7,ebitda,-41.5,estimate,crore,INR,,,SRC01230,LOW,current,yes,FY FY25 | basis standalone | cons no
CL03746,S0067,Games24x7,total_assets,1292.4,press-quoted-filing,crore,INR,,,SRC01230,MEDIUM,current,yes,FY FY25 | basis standalone | cons no
CL03747,S0067,Games24x7,revenue_tracxn,2270,press-quoted-filing,crore,INR,,,SRC01242,MEDIUM,current,yes,FY FY24 | basis standalone | cons no
CL03748,S0068,Infra.Market,revenue_operations,14530.0,press-quoted-filing,crore,INR,,,SRC01257,HIGH,current,yes,FY FY24 | basis  | cons 
CL03749,S0068,Infra.Market,pat,378.0,press-quoted-filing,crore,INR,,,SRC01257,HIGH,current,yes,FY FY24 | basis  | cons 
CL03750,S0068,Infra.Market,revenue_operations,18472.0,press-quoted-filing,crore,INR,,,SRC01256,HIGH,current,yes,FY FY25 | basis  | cons 
CL03751,S0068,Infra.Market,pat,219.7,press-quoted-filing,crore,INR,,,SRC01256,HIGH,current,yes,FY FY25 | basis  | cons 
CL03752,S0068,Infra.Market,total_revenue,11846,press-quoted-filing,crore,INR,,,SRC01268,HIGH,current,yes,FY FY23 | basis consolidated | cons yes
CL03753,S0068,Infra.Market,pat,155,press-quoted-filing,crore,INR,,,SRC01257,HIGH,current,yes,FY FY23 | basis consolidated | cons yes
CL03754,S0068,Infra.Market,revenue_operations,14530,press-quoted-filing,crore,INR,,,SRC01256,HIGH,current,yes,FY FY24 | basis consolidated | cons yes
CL03755,S0068,Infra.Market,total_income,14743.4,press-quoted-filing,crore,INR,,,SRC01257,HIGH,current,yes,FY FY24 | basis consolidated | cons yes
CL03756,S0068,Infra.Market,pat,378,press-quoted-filing,crore,INR,,,SRC01256,HIGH,current,yes,FY FY24 | basis consolidated | cons yes
CL03757,S0068,Infra.Market,revenue_operations,18472,press-quoted-filing,crore,INR,,,SRC01256,HIGH,current,yes,FY FY25 | basis consolidated | cons yes
CL03758,S0068,Infra.Market,total_income,18556,press-quoted-filing,crore,INR,,,SRC01269,HIGH,current,yes,FY FY25 | basis consolidated | cons yes
CL03759,S0068,Infra.Market,pat,219.7,press-quoted-filing,crore,INR,,,SRC01256,HIGH,current,yes,FY FY25 | basis consolidated | cons yes
CL03760,S0068,Infra.Market,total_expenditure,18249.6,press-quoted-filing,crore,INR,,,SRC01256,HIGH,current,yes,FY FY25 | basis consolidated | cons yes
CL03761,S0068,Infra.Market,cash_and_equivalents,1557,press-quoted-filing,crore,INR,,,SRC01260,HIGH,current,yes,FY FY25 | basis consolidated | cons yes
CL03762,S0068,Infra.Market,debt,6057,press-quoted-filing,crore,INR,,,SRC01260,HIGH,current,yes,FY FY25 | basis consolidated | cons yes
CL03763,S0068,Infra.Market,total_revenue,20000,press-quoted-filing,crore,INR,,,SRC01260,MEDIUM,current,yes,FY FY26 | basis consolidated | cons yes
CL03764,S0068,Infra.Market,pat,312.5,press-quoted-filing,crore,INR,,,SRC01260,MEDIUM,current,yes,FY FY26 | basis consolidated | cons yes
CL03765,S0068,Infra.Market,ebitda,1775,press-quoted-filing,crore,INR,,,SRC01260,MEDIUM,current,yes,FY FY26 | basis consolidated | cons yes
CL03766,S0068,Infra.Market,enterprise_value,28124,management,crore,INR,,,SRC01260,HIGH,current,yes,FY FY26 | basis consolidated | cons yes
CL03767,S0068,Infra.Market,equity_value,24620,management,crore,INR,,,SRC01260,HIGH,current,yes,FY FY26 | basis consolidated | cons yes
CL03768,S0069,Kinara AI,revenue,10.0,press-quoted-filing,,INR,,,SRC01280,,current,yes,FY FY25 | basis  | cons 
CL03769,S0070,Navi,operating revenue,2565.0,press-quoted-filing,crore,INR,,,SRC01282,,current,yes,FY FY25 | basis  | cons 
CL03770,S0070,Navi,net loss,126.0,press-quoted-filing,crore,INR,,,SRC01282,,current,yes,FY FY25 | basis  | cons 
CL03771,S0070,Navi,operating_revenue,2565,press-quoted-filing,crore,INR,,,SRC01293,HIGH,current,yes,FY FY25 | basis consolidated | cons yes
CL03772,S0070,Navi,net_profit,93.3,press-quoted-filing,crore,INR,,,SRC01298,MEDIUM,current,yes,FY FY26 | basis consolidated | cons yes
CL03773,S0070,Navi,personal_loans_disbursed,130206,DRHP,crore,INR,,,SRC01290,HIGH,current,yes,FY FY25 | basis standalone | cons no
CL03774,S0070,Navi,operating_revenue,2565,press-quoted-filing,crore,INR,,,SRC01293,HIGH,current,yes,FY FY25 | basis  | cons 
CL03775,S0070,Navi,net_loss,126,press-quoted-filing,crore,INR,,,SRC01293,HIGH,current,yes,FY FY25 | basis  | cons 
CL03776,S0070,Navi,total_revenue,3091,press-quoted-filing,crore,INR,,,SRC01286,HIGH,current,yes,FY FY26 | basis  | cons 
CL03777,S0070,Navi,net_loss,466,press-quoted-filing,crore,INR,,,SRC01286,HIGH,current,yes,FY FY26 | basis  | cons 
CL03778,S0070,Navi,net_profit,93.3,press-quoted-filing,crore,INR,,,SRC01298,MEDIUM,current,yes,FY FY26 | basis  | cons 
CL03779,S0070,Navi,operating_revenue,2691.5,press-quoted-filing,crore,INR,,,SRC01298,MEDIUM,current,yes,FY FY26 | basis  | cons 
CL03780,S0070,Navi,personal_loans_disbursed,130206,DRHP,crore,INR,,,SRC01290,HIGH,current,yes,FY FY25 | basis  | cons 
CL03781,S0070,Navi,home_loans_disbursed,4230,DRHP,crore,INR,,,SRC01290,HIGH,current,yes,FY FY25 | basis  | cons 
CL03782,S0070,Navi,total_disbursements,134436,DRHP,crore,INR,,,SRC01290,HIGH,current,yes,FY FY25 | basis  | cons 
CL03783,S0070,Navi,aum,116949.31,DRHP,crore,INR,,,SRC01290,HIGH,current,yes,FY FY25 | basis  | cons 
CL03784,S0070,Navi,pat,2219.6,DRHP,crore,INR,,,SRC01290,HIGH,current,yes,FY FY25 | basis  | cons 
CL03785,S0070,Navi,loan_book_outstanding,13000,management,crore,INR,,,SRC00082,HIGH,current,yes,FY FY26 | basis  | cons 
CL03786,S0070,Navi,home_loan_portfolio,1500,management,crore,INR,,,SRC00082,HIGH,current,yes,FY FY26 | basis  | cons 
CL03787,S0070,Navi,equity_capital,4000,management,crore,INR,,,SRC00082,HIGH,current,yes,FY FY26 | basis  | cons 
CL03788,S0070,Navi,aum,130000000000,press-quoted-filing,INR,INR,,,SRC01286,HIGH,current,yes,FY FY26 | basis  | cons 
CL03789,S0070,Navi,net_worth,31626.94,DRHP,crore,INR,,,SRC01290,HIGH,current,yes,FY FY25 | basis  | cons 
CL03790,S0070,Navi,total_disbursements,23287,management,crore,INR,,,SRC00082,HIGH,current,yes,FY FY26 | basis  | cons 
CL03791,S0071,Ninjacart,operating revenue,1634.0,press-quoted-filing,crore,INR,,,SRC01309,,current,yes,FY FY25 | basis  | cons 
CL03792,S0071,Ninjacart,net loss,256.0,press-quoted-filing,crore,INR,,,SRC01309,,current,yes,FY FY25 | basis  | cons 
CL03793,S0071,Ninjacart,operating_revenue,2000.0,press-quoted-filing,crore,INR,,,SRC01310,MEDIUM,current,yes,FY FY24 | basis  | cons 
CL03794,S0071,Ninjacart,total_revenue,1634,press-quoted-filing,crore,INR,,,SRC01309,HIGH,current,yes,FY FY25 | basis standalone | cons no
CL03795,S0071,Ninjacart,net_loss,256,press-quoted-filing,crore,INR,,,SRC01309,HIGH,current,yes,FY FY25 | basis standalone | cons no
CL03796,S0071,Ninjacart,total_revenue,2002.7,press-quoted-filing,crore,INR,,,SRC01310,HIGH,current,yes,FY FY24 | basis standalone | cons no
CL03797,S0071,Ninjacart,net_loss,259.6,press-quoted-filing,crore,INR,,,SRC01310,HIGH,current,yes,FY FY24 | basis standalone | cons no
CL03798,S0071,Ninjacart,total_revenue,1153.4,press-quoted-filing,crore,INR,,,SRC01310,HIGH,current,yes,FY FY23 | basis standalone | cons no
CL03799,S0071,Ninjacart,net_loss,326.3,press-quoted-filing,crore,INR,,,SRC01310,HIGH,current,yes,FY FY23 | basis standalone | cons no
CL03800,S0071,Ninjacart,operating_revenue,2007,press-quoted-filing,crore,INR,,,SRC01309,HIGH,current,yes,FY FY24 | basis standalone | cons no
CL03801,S0072,Pine Labs,revenue,2274,press-quoted-filing,,INR,,,SRC01324,MEDIUM,current,yes,FY FY25 | basis  | cons 
CL03802,S0072,Pine Labs,total_revenue,128054,press-quoted-filing,lakh,INR,,,SRC01342,MEDIUM,current,yes,FY FY21 | basis  | cons 
CL03803,S0072,Pine Labs,total_revenue,13537120,press-quoted-filing,thousand,INR,,,SRC01343,MEDIUM,current,yes,FY FY23 | basis  | cons 
CL03804,S0072,Pine Labs,net_income,-2651450,press-quoted-filing,thousand,INR,,,SRC01343,MEDIUM,current,yes,FY FY23 | basis  | cons 
CL03805,S0072,Pine Labs,total_revenue,14331190,press-quoted-filing,thousand,INR,,,SRC01343,MEDIUM,current,yes,FY FY24 | basis  | cons 
CL03806,S0072,Pine Labs,net_income,-3419030,press-quoted-filing,thousand,INR,,,SRC01343,MEDIUM,current,yes,FY FY24 | basis  | cons 
CL03807,S0072,Pine Labs,total_revenue,130962,press-quoted-filing,lakh,INR,,,SRC01342,MEDIUM,current,yes,FY FY24 | basis  | cons 
CL03808,S0072,Pine Labs,total_revenue,19048060,press-quoted-filing,thousand,INR,,,SRC01343,MEDIUM,current,yes,FY FY25 | basis  | cons 
CL03809,S0072,Pine Labs,total_revenue,2274,press-quoted-filing,crore,INR,,,SRC01324,MEDIUM,current,yes,FY FY25 | basis  | cons 
CL03810,S0072,Pine Labs,net_income,-1454870,press-quoted-filing,thousand,INR,,,SRC01343,MEDIUM,current,yes,FY FY25 | basis  | cons 
CL03811,S0072,Pine Labs,net_income,-145,press-quoted-filing,crore,INR,,,SRC01324,MEDIUM,current,yes,FY FY25 | basis  | cons 
CL03812,S0072,Pine Labs,total_revenue,306754,press-quoted-filing,thousand,USD,,,SRC01344,MEDIUM,current,yes,FY FY26 | basis  | cons 
CL03813,S0072,Pine Labs,net_income,12733,press-quoted-filing,thousand,USD,,,SRC01344,MEDIUM,current,yes,FY FY26 | basis  | cons 
CL03814,S0072,Pine Labs,total_revenue,744,press-quoted-filing,crore,INR,,,SRC01345,MEDIUM,current,yes,FY FY26 | basis  | cons 
CL03815,S0072,Pine Labs,net_income,42.4,press-quoted-filing,crore,INR,,,SRC01345,MEDIUM,current,yes,FY FY26 | basis  | cons 
CL03816,S0073,River Mobility,fy25 revenue,104.0,press-quoted-filing,crore,INR,,,SRC01368,HIGH,current,yes,FY FY25 | basis  | cons 
CL03817,S0073,River Mobility,fy25 net loss,176.0,press-quoted-filing,crore,INR,,,SRC01368,HIGH,current,yes,FY FY25 | basis  | cons 
CL03818,S0073,River Mobility,fy26 revenue (approx),416.0,estimate,INR,INR,,,SRC01369,MEDIUM,current,yes,FY FY26 | basis  | cons 
CL03819,S0073,River Mobility,fy25 revenue,104.0,press-quoted-filing,crore,INR,,,SRC01368,HIGH,current,yes,FY FY25 | basis  | cons 
CL03820,S0073,River Mobility,fy25 net loss,176.0,press-quoted-filing,crore,INR,,,SRC01368,HIGH,current,yes,FY FY25 | basis  | cons 
CL03821,S0073,River Mobility,fy26 revenue (approx),416.0,estimate,INR,INR,,,SRC01369,MEDIUM,current,yes,FY FY26 | basis  | cons 
CL03822,S0074,Rocketlane,average deal size growth,4.5,management,USD,USD,,,SRC01377,HIGH,current,yes,FY  | basis  | cons 
CL03823,S0074,Rocketlane,average deal size growth,4.5,management,USD,USD,,,SRC01377,HIGH,current,yes,FY  | basis  | cons 
CL03824,S0075,Ultrahuman,operating revenue,565.0,press-quoted-filing,crore,INR,,,SRC01392,,current,yes,FY FY25 | basis  | cons 
CL03825,S0075,Ultrahuman,net profit,73.0,management,crore,INR,,,SRC01391,,current,yes,FY FY25 | basis  | cons 
CL03826,S0075,Ultrahuman,fy25 operating revenue,565.0,press-quoted-filing,crore,INR,,,SRC01392,HIGH,current,yes,FY FY25 | basis  | cons 
CL03827,S0075,Ultrahuman,fy25 net profit,73.0,management,crore,INR,,,SRC01391,HIGH,current,yes,FY FY25 | basis  | cons 
CL03828,S0075,Ultrahuman,fy26 revenue,651.0,press-quoted-filing,crore,INR,,,SRC01393,HIGH,current,yes,FY FY26 | basis  | cons 
CL03829,S0075,Ultrahuman,fy26 net loss,176.0,press-quoted-filing,crore,INR,,,SRC01393,HIGH,current,yes,FY FY26 | basis  | cons 
CL03830,S0075,Ultrahuman,fy25 operating revenue,565.0,press-quoted-filing,crore,INR,,,SRC01392,HIGH,current,yes,FY FY25 | basis  | cons 
CL03831,S0075,Ultrahuman,fy25 net profit,73.0,management,crore,INR,,,SRC01391,HIGH,current,yes,FY FY25 | basis  | cons 
CL03832,S0075,Ultrahuman,fy26 revenue,651.0,press-quoted-filing,crore,INR,,,SRC01393,HIGH,current,yes,FY FY26 | basis  | cons 
CL03833,S0075,Ultrahuman,fy26 net loss,176.0,press-quoted-filing,crore,INR,,,SRC01393,HIGH,current,yes,FY FY26 | basis  | cons 
CL03834,S0075,Ultrahuman,operating_revenue,105,press-quoted-filing,crore,INR,,,SRC01419,HIGH,current,yes,FY FY24 | basis standalone | cons 
CL03835,S0075,Ultrahuman,net_loss,39,press-quoted-filing,crore,INR,,,SRC01419,HIGH,current,yes,FY FY24 | basis standalone | cons 
CL03836,S0075,Ultrahuman,operating_revenue,565,press-quoted-filing,crore,INR,,,SRC01392,HIGH,current,yes,FY FY25 | basis standalone | cons 
CL03837,S0075,Ultrahuman,net_profit,73,management,crore,INR,,,SRC01391,HIGH,current,yes,FY FY25 | basis standalone | cons 
CL03838,S0075,Ultrahuman,net_profit_usd,8.2,management,million,USD,,,SRC01391,HIGH,current,yes,FY FY25 | basis standalone | cons 
CL03839,S0075,Ultrahuman,ebitda_margin,8.76,management,percent,INR,,,SRC01391,HIGH,current,yes,FY FY25 | basis standalone | cons 
CL03840,S0075,Ultrahuman,roce,12.9,management,percent,INR,,,SRC01391,HIGH,current,yes,FY FY25 | basis standalone | cons 
CL03841,S0075,Ultrahuman,smart_ring_revenue,516,press-quoted-filing,crore,INR,,,SRC01419,HIGH,current,yes,FY FY25 | basis standalone | cons 
CL03842,S0075,Ultrahuman,subscription_revenue,29,press-quoted-filing,crore,INR,,,SRC01419,HIGH,current,yes,FY FY25 | basis standalone | cons 
CL03843,S0075,Ultrahuman,operating_revenue,651,press-quoted-filing,crore,INR,,,SRC01393,HIGH,current,yes,FY FY26 | basis standalone | cons 
CL03844,S0075,Ultrahuman,net_loss,176,press-quoted-filing,crore,INR,,,SRC01393,HIGH,current,yes,FY FY26 | basis standalone | cons 
CL03845,S0075,Ultrahuman,revenue_run_rate,150,management,million,USD,,,SRC01402,MEDIUM,current,yes,FY  | basis annualized | cons 
CL03846,S0075,Ultrahuman,revenue_run_rate,150,management,million,USD,,,SRC01390,HIGH,current,yes,FY  | basis annualized | cons 
CL03847,S0075,Ultrahuman,operating_revenue_usd,64,management,million,USD,,,SRC01420,HIGH,current,yes,FY FY25 | basis standalone | cons 
CL03848,S0075,Ultrahuman,total_income,65.8,management,million,USD,,,SRC01420,HIGH,current,yes,FY FY25 | basis standalone | cons 
CL03849,S0076,Third Wave Coffee,revenue,325.0,press-quoted-filing,crore,INR,,,SRC01454,MEDIUM,current,yes,FY FY25 | basis  | cons 
CL03850,S0076,Third Wave Coffee,total_revenue,268.6,DRHP,crore,INR,,,SRC01438,HIGH,current,yes,FY FY25 | basis standalone | cons no
CL03851,S0076,Third Wave Coffee,net_loss,94.4,DRHP,crore,INR,,,SRC01438,HIGH,current,yes,FY FY25 | basis standalone | cons no
CL03852,S0076,Third Wave Coffee,total_revenue,241.3,DRHP,crore,INR,,,SRC01438,HIGH,current,yes,FY FY24 | basis standalone | cons no
CL03853,S0076,Third Wave Coffee,net_loss,152.4,DRHP,crore,INR,,,SRC01438,HIGH,current,yes,FY FY24 | basis standalone | cons no
CL03854,S0076,Third Wave Coffee,total_revenue,337,management,crore,INR,,,SRC01438,MEDIUM,current,yes,FY FY26 | basis standalone | cons no
CL03855,S0076,Third Wave Coffee,total_revenue,31.75,press-quoted-filing,crore,INR,,,SRC01441,MEDIUM,current,yes,FY FY22 | basis standalone | cons no
CL03856,S0076,Third Wave Coffee,total_revenue,31.75,press-quoted-filing,crore,INR,,,SRC01441,MEDIUM,current,yes,FY FY23 | basis standalone | cons no
CL03857,S0076,Third Wave Coffee,revenue_range,100,registry,crore,INR,,,SRC01445,MEDIUM,current,yes,FY FY25 | basis standalone | cons no
CL03858,S0077,Celcius Logistics,revenue,90.9,press-quoted-filing,crore,INR,,,SRC01463,MEDIUM,current,yes,FY FY24 | basis  | cons 
CL03859,S0077,Celcius Logistics,arr guidance (company-claimed),300.0,management,crore,INR,,,SRC01464,MEDIUM,current,yes,FY FY25 | basis  | cons 
CL03860,S0078,Square Yards,revenue,1410,management,cr,INR,,,SRC01470,MEDIUM,current,yes,FY FY25 | basis  | cons 
CL03861,S0078,Square Yards,ebitda,46,management,cr,INR,,,SRC01473,MEDIUM,current,yes,FY FY25 | basis  | cons 
CL03862,S0078,Square Yards,revenue,2086,management,cr,INR,,,SRC01475,MEDIUM,current,yes,FY FY26 | basis  | cons 
CL03863,S0078,Square Yards,ebitda,176,management,cr,INR,,,SRC01475,MEDIUM,current,yes,FY FY26 | basis  | cons 
CL03864,S0078,Square Yards,total_revenue,1001,press-quoted-filing,crore,INR,,,SRC01470,MEDIUM,current,yes,FY FY24 | basis standalone | cons no
CL03865,S0078,Square Yards,total_revenue,1410,management,crore,INR,,,SRC01470,MEDIUM,current,yes,FY FY25 | basis standalone | cons no
CL03866,S0078,Square Yards,ebitda,46,management,crore,INR,,,SRC01473,MEDIUM,current,yes,FY FY25 | basis standalone | cons no
CL03867,S0078,Square Yards,gross_profit,316,management,crore,INR,,,SRC01473,MEDIUM,current,yes,FY FY25 | basis standalone | cons no
CL03868,S0078,Square Yards,gtv,59093,management,crore,INR,,,SRC01473,MEDIUM,current,yes,FY FY25 | basis standalone | cons no
CL03869,S0078,Square Yards,transactions,186108,management,count,,,,SRC01473,MEDIUM,current,yes,FY FY25 | basis standalone | cons no
CL03870,S0078,Square Yards,total_revenue,2086,management,crore,INR,,,SRC01468,MEDIUM,current,yes,FY FY26 | basis standalone | cons no
CL03871,S0078,Square Yards,ebitda,176,management,crore,INR,,,SRC01468,MEDIUM,current,yes,FY FY26 | basis standalone | cons no
CL03872,S0078,Square Yards,loan_disbursal,87831,management,crore,INR,,,SRC01468,MEDIUM,current,yes,FY FY26 | basis standalone | cons no
CL03873,S0078,Square Yards,loan_disbursal,61000,management,crore,INR,,,SRC01469,MEDIUM,current,yes,FY FY25 | basis standalone | cons no
CL03874,S0079,Wint Wealth,revenue,9.66,press-quoted-filing,crore,INR,,,SRC01484,MEDIUM,current,yes,FY FY23 | basis  | cons 
CL03875,S0081,Ati Motors,revenue,8.9,estimate,million,USD,,,SRC01495,LOW,current,yes,FY FY25 | basis  | cons 
CL03876,S0083,boAt,revenue_from_operations,3070,press-quoted-filing,cr,INR,,,SRC01505,HIGH,current,yes,FY FY25 | basis  | cons 
CL03877,S0083,boAt,pat,61.1,press-quoted-filing,cr,INR,,,SRC01505,HIGH,current,yes,FY FY25 | basis  | cons 
CL03878,S0084,MobiKwik,revenue_from_operations,875.0,audited,cr,INR,,,SRC01525,HIGH,current,yes,FY FY24 | basis  | cons 
CL03879,S0084,MobiKwik,pat,14.1,audited,cr,INR,,,SRC01525,HIGH,current,yes,FY FY24 | basis  | cons 
CL03880,S0084,MobiKwik,revenue_from_operations,1170.2,audited,cr,INR,,,SRC01525,HIGH,current,yes,FY FY25 | basis  | cons 
CL03881,S0084,MobiKwik,pat,-121.3,audited,cr,INR,,,SRC01525,HIGH,current,yes,FY FY25 | basis  | cons 
CL03882,S0084,MobiKwik,revenue_from_operations,1106.5,audited,cr,INR,,,SRC01526,HIGH,current,yes,FY FY26 | basis  | cons 
CL03883,S0085,OfBusiness,consolidated_revenue,20645,management,crore,INR,,,SRC01530,HIGH,current,yes,FY FY26 | basis  | cons 
CL03884,S0085,OfBusiness,pat,724,management,crore,INR,,,SRC01530,HIGH,current,yes,FY FY26 | basis  | cons 
CL03885,S0085,OfBusiness,pat,597,management,crore,INR,,,SRC01530,MEDIUM,current,yes,FY FY25 | basis  | cons 
CL03886,S0085,OfBusiness,consolidated_revenue,22241,estimate,crore,INR,,,SRC01531,LOW,current,yes,FY FY25 | basis  | cons 
CL03887,S0085,OfBusiness,consolidated_revenue,15342,audited,crore,INR,,,SRC01555,HIGH,current,yes,FY FY23 | basis consolidated | cons yes
CL03888,S0085,OfBusiness,gmv,15342,audited,crore,INR,,,SRC01555,HIGH,current,yes,FY FY23 | basis consolidated | cons yes
CL03889,S0085,OfBusiness,pat,463,audited,crore,INR,,,SRC01555,HIGH,current,yes,FY FY23 | basis consolidated | cons yes
CL03890,S0085,OfBusiness,consolidated_revenue,19296,audited,crore,INR,,,SRC01556,HIGH,current,yes,FY FY24 | basis consolidated | cons yes
CL03891,S0085,OfBusiness,pat,603,audited,crore,INR,,,SRC01556,HIGH,current,yes,FY FY24 | basis consolidated | cons yes
CL03892,S0085,OfBusiness,total_assets,7460,audited,crore,INR,,,SRC01557,MEDIUM,current,yes,FY FY24 | basis standalone | cons no
CL03893,S0085,OfBusiness,consolidated_revenue,22241,press-quoted-filing,crore,INR,,,SRC01531,MEDIUM,current,yes,FY FY25 | basis consolidated | cons yes
CL03894,S0085,OfBusiness,consolidated_revenue,20645,management,crore,INR,,,SRC01530,HIGH,current,yes,FY FY26 | basis consolidated | cons yes
CL03895,S0085,OfBusiness,pat,724,management,crore,INR,,,SRC01530,HIGH,current,yes,FY FY26 | basis consolidated | cons yes
CL03896,S0085,OfBusiness,pat,597,management,crore,INR,,,SRC01530,MEDIUM,current,yes,FY FY25 | basis consolidated | cons yes
CL03897,S0085,OfBusiness,oxyzo_pat,290,audited,crore,INR,,,SRC01558,HIGH,current,yes,FY FY24 | basis standalone | cons no
CL03898,S0085,OfBusiness,oxyzo_revenue,903,audited,crore,INR,,,SRC01558,HIGH,current,yes,FY FY24 | basis standalone | cons no
CL03899,S0085,OfBusiness,oxyzo_aum,8341,audited,crore,INR,,,SRC01538,HIGH,current,yes,FY FY25 | basis standalone | cons no
CL03900,S0085,OfBusiness,oxyzo_borrowings,6028,audited,crore,INR,,,SRC01538,HIGH,current,yes,FY FY25 | basis standalone | cons no
CL03901,S0085,OfBusiness,oxyzo_net_worth,2855,audited,crore,INR,,,SRC01538,HIGH,current,yes,FY FY25 | basis standalone | cons no
CL03902,S0085,OfBusiness,oxyzo_total_revenue,1129,audited,crore,INR,,,SRC01538,HIGH,current,yes,FY FY25 | basis standalone | cons no
CL03903,S0085,OfBusiness,oxyzo_loan_book,6667,audited,crore,INR,,,SRC01558,HIGH,current,yes,FY FY24 | basis standalone | cons no
CL03904,S0085,OfBusiness,oxyzo_loan_book,8342,audited,crore,INR,,,SRC01538,HIGH,current,yes,FY FY25 | basis standalone | cons no
CL03905,S0085,OfBusiness,oxyzo_gross_npa,1.2,audited,percent,INR,,,SRC01537,HIGH,current,yes,FY FY25 | basis standalone | cons no
CL03906,S0085,OfBusiness,oxyzo_pat,197,audited,crore,INR,,,SRC01537,HIGH,current,yes,FY FY23 | basis standalone | cons no
CL03907,S0085,OfBusiness,oxyzo_pat,286,audited,crore,INR,,,SRC01537,HIGH,current,yes,FY FY24 | basis standalone | cons no
CL03908,S0085,OfBusiness,oxyzo_total_income,1129,audited,crore,INR,,,SRC01538,HIGH,current,yes,FY FY25 | basis standalone | cons no
CL03909,S0086,Pristyn Care,operating_revenue,600.5,press-quoted-filing,crore,INR,,,SRC01570,HIGH,current,yes,FY FY24 | basis  | cons 
CL03910,S0086,Pristyn Care,net_loss,-381,press-quoted-filing,crore,INR,,,SRC01570,HIGH,current,yes,FY FY24 | basis  | cons 
CL03911,S0086,Pristyn Care,operating_revenue,452.8,press-quoted-filing,crore,INR,,,SRC01571,HIGH,current,yes,FY FY23 | basis  | cons 
CL03912,S0086,Pristyn Care,consolidated_revenue,442,management,crore,INR,,,SRC01569,MEDIUM,current,yes,FY FY25 | basis  | cons 
CL03913,S0086,Pristyn Care,consolidated_loss,-168,management,crore,INR,,,SRC01569,MEDIUM,current,yes,FY FY25 | basis  | cons 
CL03914,S0087,Swish,total_revenue,4.17,press-quoted-filing,crore,INR,,,SRC01593,MEDIUM,current,yes,FY FY25 | basis standalone | cons no
CL03915,S0087,Swish,net_loss,19.1,press-quoted-filing,crore,INR,,,SRC01589,MEDIUM,current,yes,FY FY25 | basis standalone | cons no
CL03916,S0087,Swish,total_revenue,490529.82,estimate,USD,USD,,,SRC01596,LOW,current,yes,FY FY26 | basis standalone | cons no
CL03917,S0087,Swish,authorised_capital,25,audited,lakh,INR,,,SRC01592,HIGH,current,yes,FY FY25 | basis standalone | cons no
CL03918,S0087,Swish,paid_up_capital,15.31,audited,lakh,INR,,,SRC01592,HIGH,current,yes,FY FY25 | basis standalone | cons no
CL03919,S0090,Toddle,revenue from operations,114.4,press-quoted-filing,crore,INR,,,SRC01612,MEDIUM,current,yes,FY FY25 | basis  | cons 
CL03920,S0090,Toddle,net loss,-42.2,press-quoted-filing,crore,INR,,,SRC01612,MEDIUM,current,yes,FY FY25 | basis  | cons 
CL03921,S0090,Toddle,revenue from operations,114.4,press-quoted-filing,crore,INR,,,SRC01612,MEDIUM,current,yes,FY FY25 | basis standalone | cons no
CL03922,S0090,Toddle,net loss,-42.2,press-quoted-filing,crore,INR,,,SRC01612,MEDIUM,current,yes,FY FY25 | basis standalone | cons no
CL03923,S0090,Toddle,revenue from operations,71.4,press-quoted-filing,crore,INR,,,SRC01612,MEDIUM,current,yes,FY FY24 | basis standalone | cons no
CL03924,S0092,Akasa Air,total income,3144.38,press-quoted-filing,crore,INR,,,SRC01637,MEDIUM,current,yes,FY FY24 | basis  | cons 
CL03925,S0092,Akasa Air,net loss,-1670.06,press-quoted-filing,crore,INR,,,SRC01637,MEDIUM,current,yes,FY FY24 | basis  | cons 
CL03926,S0092,Akasa Air,total_income,3144.38,press-quoted-filing,crore,INR,,,SRC01637,MEDIUM,current,yes,FY FY24 | basis standalone | cons no
CL03927,S0092,Akasa Air,net_loss,-1670.06,press-quoted-filing,crore,INR,,,SRC01637,MEDIUM,current,yes,FY FY24 | basis standalone | cons no
CL03928,S0092,Akasa Air,total_revenue,4635.7,press-quoted-filing,crore,INR,,,SRC01654,MEDIUM,current,yes,FY FY25 | basis standalone | cons no
CL03929,S0092,Akasa Air,net_loss,-1983,press-quoted-filing,crore,INR,,,SRC01655,HIGH,current,yes,FY FY25 | basis standalone | cons no
CL03930,S0092,Akasa Air,total_revenue,4636,press-quoted-filing,crore,INR,,,SRC01646,HIGH,current,yes,FY FY26 | basis consolidated | cons yes
CL03931,S0092,Akasa Air,net_loss,-2716,press-quoted-filing,crore,INR,,,SRC01656,HIGH,current,yes,FY FY26 | basis consolidated | cons yes
CL03932,S0092,Akasa Air,total_income,777.84,press-quoted-filing,crore,INR,,,SRC01637,MEDIUM,current,yes,FY FY23 | basis standalone | cons no
CL03933,S0093,EatClub (BOX8),revenue,515.5,press-quoted-filing,crore,INR,,,SRC01679,HIGH,current,yes,FY FY24 | basis  | cons 
CL03934,S0093,EatClub (BOX8),profit_after_tax,-15.8,press-quoted-filing,crore,INR,,,SRC01679,HIGH,current,yes,FY FY24 | basis  | cons 
CL03935,S0093,EatClub (BOX8),total_revenue,322,estimate,crore,INR,,,SRC01682,MEDIUM,current,yes,FY FY23 | basis standalone | cons no
CL03936,S0093,EatClub (BOX8),net_profit,-69,press-quoted-filing,crore,INR,,,SRC01682,HIGH,current,yes,FY FY23 | basis standalone | cons no
CL03937,S0093,EatClub (BOX8),total_revenue,515.5,press-quoted-filing,crore,INR,,,SRC01679,HIGH,current,yes,FY FY24 | basis standalone | cons no
CL03938,S0093,EatClub (BOX8),net_profit,-15.77,press-quoted-filing,crore,INR,,,SRC01682,HIGH,current,yes,FY FY24 | basis standalone | cons no
CL03939,S0093,EatClub (BOX8),total_revenue,749.5,press-quoted-filing,crore,INR,,,SRC01679,MEDIUM,current,yes,FY FY25 | basis standalone | cons no
CL03940,S0093,EatClub (BOX8),net_profit,-14.6,press-quoted-filing,crore,INR,,,SRC01679,MEDIUM,current,yes,FY FY25 | basis standalone | cons no
CL03941,S0093,EatClub (BOX8),ebitda,17.5,estimate,crore,INR,,,SRC01679,LOW,current,yes,FY FY25 | basis standalone | cons no
CL03942,S0093,EatClub (BOX8),total_assets,237.7,press-quoted-filing,crore,INR,,,SRC01679,MEDIUM,current,yes,FY FY25 | basis standalone | cons no
CL03943,S0093,EatClub (BOX8),total_expenses,531.3,press-quoted-filing,crore,INR,,,SRC01679,MEDIUM,current,yes,FY FY24 | basis standalone | cons no
CL03944,S0093,EatClub (BOX8),total_expenses,764.1,press-quoted-filing,crore,INR,,,SRC01679,MEDIUM,current,yes,FY FY25 | basis standalone | cons no
CL03945,S0094,Eruditus,revenue,3733,press-quoted-filing,crore,INR,,,SRC01690,HIGH,current,yes,FY FY24 | basis  | cons 
CL03946,S0094,Eruditus,ebitda_loss_adj,-69,press-quoted-filing,crore,INR,,,SRC01690,HIGH,current,yes,FY FY24 | basis  | cons 
CL03947,S0094,Eruditus,total_revenue,3733,press-quoted-filing,crore,INR,,,SRC01690,HIGH,current,yes,FY FY24 | basis standalone | cons no
CL03948,S0094,Eruditus,ebitda_loss_adj,-69,press-quoted-filing,crore,INR,,,SRC01690,HIGH,current,yes,FY FY24 | basis standalone | cons no
CL03949,S0094,Eruditus,total_revenue_target,520,management,million,USD,,,SRC01701,MEDIUM,current,yes,FY FY25 | basis consolidated | cons yes
CL03950,S0094,Eruditus,total_revenue_estimate,450,estimate,million,USD,,,SRC01711,LOW,current,yes,FY FY25 | basis consolidated | cons yes
CL03951,S0094,Eruditus,deferred_revenue,800,estimate,crore,INR,,,SRC01709,LOW,current,yes,FY FY25 | basis consolidated | cons yes
CL03952,S0094,Eruditus,revenue_indian_entity,10,press-quoted-filing,crore,INR,,,SRC01706,MEDIUM,current,yes,FY FY25 | basis standalone | cons no
CL03953,S0095,Innovist,revenue,301.4,press-quoted-filing,crore,INR,,,SRC01722,HIGH,current,yes,FY FY25 | basis  | cons 
CL03954,S0095,Innovist,net_profit,12.1,press-quoted-filing,crore,INR,,,SRC01722,HIGH,current,yes,FY FY25 | basis  | cons 
CL03955,S0095,Innovist,total_revenue,301.4,press-quoted-filing,crore,INR,,,SRC01729,HIGH,current,yes,FY FY25 | basis consolidated | cons yes
CL03956,S0095,Innovist,net_profit,12.1,press-quoted-filing,crore,INR,,,SRC01722,HIGH,current,yes,FY FY25 | basis consolidated | cons yes
CL03957,S0095,Innovist,ebitda,3.6,press-quoted-filing,crore,INR,,,SRC01722,HIGH,current,yes,FY FY25 | basis consolidated | cons yes
CL03958,S0095,Innovist,marketing_expenditure,136.54,press-quoted-filing,crore,INR,,,SRC01729,HIGH,current,yes,FY FY25 | basis consolidated | cons yes
CL03959,S0095,Innovist,total_revenue,106.8,press-quoted-filing,crore,INR,,,SRC01722,HIGH,current,yes,FY FY24 | basis consolidated | cons yes
CL03960,S0095,Innovist,operating_revenue,36.53,press-quoted-filing,crore,INR,,,SRC01723,HIGH,current,yes,FY FY23 | basis standalone | cons 
CL03961,S0095,Innovist,employee_expense,15,press-quoted-filing,crore,INR,,,SRC01729,HIGH,current,yes,FY FY25 | basis consolidated | cons yes
CL03962,S0095,Innovist,total_expenses,301,press-quoted-filing,crore,INR,,,SRC01729,HIGH,current,yes,FY FY25 | basis consolidated | cons yes
CL03963,S0096,Leap (LeapScholar),revenue,175.3,press-quoted-filing,crore,INR,,,SRC01745,HIGH,current,yes,FY FY24 | basis  | cons 
CL03964,S0096,Leap (LeapScholar),revenue_growth_yoy,112.25,press-quoted-filing,percent,INR,,,SRC01745,MEDIUM,current,yes,FY FY24 | basis  | cons 
CL03965,S0096,Leap (LeapScholar),revenue,175.3,press-quoted-filing,crore,INR,,,SRC01745,MEDIUM,current,yes,FY FY24 | basis standalone | cons no
CL03966,S0096,Leap (LeapScholar),revenue,202.6,press-quoted-filing,crore,INR,,,SRC01745,MEDIUM,current,yes,FY FY24 | basis standalone | cons no
CL03967,S0096,Leap (LeapScholar),revenue_growth_yoy,112.25,press-quoted-filing,percent,INR,,,SRC01745,MEDIUM,current,yes,FY FY24 | basis standalone | cons no
CL03968,S0096,Leap (LeapScholar),ebitda_status,1,press-quoted-filing,boolean,INR,,,SRC01751,MEDIUM,current,yes,FY FY25 | basis standalone | cons no
CL03969,S0096,Leap (LeapScholar),annual_revenue_range,10,estimate,million,USD,,,SRC01747,LOW,current,yes,FY FY25 | basis standalone | cons no
CL03970,S0097,Nazara Technologies,revenue,1623.9,audited,crore,INR,,,SRC01758,HIGH,current,yes,FY FY25 | basis  | cons 
CL03971,S0097,Nazara Technologies,ebitda,153.5,audited,crore,INR,,,SRC01758,HIGH,current,yes,FY FY25 | basis  | cons 
CL03972,S0098,Neo (Neo Wealth),annual revenue (tracxn band),50.0,estimate,,INR,,,SRC01768,,current,yes,FY FY25 | basis  | cons 
CL03973,S0098,Neo (Neo Wealth),annual_revenue,75,estimate,crore,INR,,,SRC01768,LOW,current,yes,FY FY25 | basis standalone | cons 
CL03974,S0098,Neo (Neo Wealth),employee_count,337,press-quoted-filing,count,INR,,,SRC01768,MEDIUM,current,yes,FY FY25 | basis standalone | cons 
CL03975,S0098,Neo (Neo Wealth),total_client_assets,130000,management,crore,INR,,,SRC01765,MEDIUM,current,yes,FY FY26 | basis standalone | cons 
CL03976,S0098,Neo (Neo Wealth),arr_aum,50000,management,crore,INR,,,SRC01765,MEDIUM,current,yes,FY FY26 | basis standalone | cons 
CL03977,S0098,Neo (Neo Wealth),equity_capital_raised,3000,press-quoted-filing,crore,INR,,,SRC01765,MEDIUM,current,yes,FY FY26 | basis standalone | cons 
CL03978,S0099,Stellapps,revenue (inc42 company profile),35.6,press-quoted-filing,crore,INR,,,SRC01781,,current,yes,FY FY24 | basis  | cons 
CL03979,S0100,Purple Style Labs,revenue from operations,504.37,press-quoted-filing,crore,INR,,,SRC01786,,current,yes,FY FY24 | basis  | cons 
CL03980,S0100,Purple Style Labs,revenue from operations,489.9,press-quoted-filing,crore,INR,,,SRC01786,,current,yes,FY FY25 | basis  | cons 
CL03981,S0100,Purple Style Labs,revenue from operations,557.83,press-quoted-filing,crore,INR,,,SRC01786,,current,yes,FY FY26 | basis  | cons 
CL03982,S0100,Purple Style Labs,revenue_from_operations,93.08,press-quoted-filing,crore,INR,,,SRC01787,MEDIUM,current,yes,FY FY23 | basis consolidated | cons yes
CL03983,S0100,Purple Style Labs,revenue_from_operations,504.37,press-quoted-filing,crore,INR,,,SRC01786,HIGH,current,yes,FY FY24 | basis consolidated | cons yes
CL03984,S0100,Purple Style Labs,ebitda,31.63,press-quoted-filing,crore,INR,,,SRC01786,HIGH,current,yes,FY FY24 | basis consolidated | cons yes
CL03985,S0100,Purple Style Labs,pat,-47.71,press-quoted-filing,crore,INR,,,SRC01786,HIGH,current,yes,FY FY24 | basis consolidated | cons yes
CL03986,S0100,Purple Style Labs,revenue_from_operations,489.9,press-quoted-filing,crore,INR,,,SRC01786,HIGH,current,yes,FY FY25 | basis consolidated | cons yes
CL03987,S0100,Purple Style Labs,ebitda,41.98,press-quoted-filing,crore,INR,,,SRC01786,HIGH,current,yes,FY FY25 | basis consolidated | cons yes
CL03988,S0100,Purple Style Labs,pat,-188.38,press-quoted-filing,crore,INR,,,SRC01786,HIGH,current,yes,FY FY25 | basis consolidated | cons yes
CL03989,S0100,Purple Style Labs,net_loss,188.6,press-quoted-filing,crore,INR,,,SRC01788,HIGH,current,yes,FY FY25 | basis consolidated | cons yes
CL03990,S0100,Purple Style Labs,revenue_from_operations,557.83,press-quoted-filing,crore,INR,,,SRC01786,HIGH,current,yes,FY FY26 | basis consolidated | cons yes
CL03991,S0100,Purple Style Labs,ebitda,30.37,press-quoted-filing,crore,INR,,,SRC01786,HIGH,current,yes,FY FY26 | basis consolidated | cons yes
CL03992,S0100,Purple Style Labs,pat,-285.39,press-quoted-filing,crore,INR,,,SRC01786,HIGH,current,yes,FY FY26 | basis consolidated | cons yes
CL03993,S0100,Purple Style Labs,revenue_range,4659,press-quoted-filing,lakh,INR,,,SRC01787,LOW,current,yes,FY FY25 | basis standalone | cons no
CL03994,S0101,Zypp Electric,revenue (management-quoted),325.0,management,crore,INR,,,SRC01797,,current,yes,FY FY24 | basis  | cons 
CL03995,S0101,Zypp Electric,operating revenue (mca-cited),461.0,press-quoted-filing,crore,INR,,,SRC01794,,current,yes,FY FY26 | basis  | cons 
CL03996,S0102,Business Nextgen Finance,paid-up capital (pre-raise snapshot),34.95,press-quoted-filing,crore,INR,,,SRC01803,,current,yes,FY FY25 | basis  | cons 
CL03997,S0103,EtherealX (Ethereal Exploration),revenue,1.1,press-quoted-filing,crore,INR,,,SRC01809,MEDIUM,current,yes,FY FY25 | basis  | cons 
CL03998,S0104,QNu Labs,revenue,4794409.82,press-quoted-filing,USD,USD,,,SRC01826,MEDIUM,current,yes,FY FY25 | basis  | cons 
CL03999,S0104,QNu Labs,total_revenue,4794409.82,press-quoted-filing,USD,USD,,,SRC01817,MEDIUM,current,yes,FY FY25 | basis standalone | cons no
CL04000,S0104,QNu Labs,revenue_range,10,press-quoted-filing,crore,INR,,,SRC01817,MEDIUM,current,yes,FY FY25 | basis standalone | cons no
CL04001,S0105,Ultraviolette,revenue,36.1,press-quoted-filing,crore,INR,,,SRC01829,HIGH,current,yes,FY FY25 | basis  | cons 
CL04002,S0105,Ultraviolette,net_loss,116.3,press-quoted-filing,crore,INR,,,SRC01829,HIGH,current,yes,FY FY25 | basis  | cons 
CL04003,S0106,Curefoods,operating_revenue,746,press-quoted-filing,crore,INR,,,SRC01840,HIGH,current,yes,FY FY25 | basis  | cons 
CL04004,S0106,Curefoods,net_loss,170,press-quoted-filing,crore,INR,,,SRC01840,HIGH,current,yes,FY FY25 | basis  | cons 
CL04005,S0106,Curefoods,total_revenue,411.5,press-quoted-filing,crore,INR,,,SRC01845,HIGH,current,yes,FY FY23 | basis standalone | cons 
CL04006,S0106,Curefoods,net_loss,342.7,press-quoted-filing,crore,INR,,,SRC01845,HIGH,current,yes,FY FY23 | basis standalone | cons 
CL04007,S0106,Curefoods,operating_revenue,585.1,press-quoted-filing,crore,INR,,,SRC01844,HIGH,current,yes,FY FY24 | basis standalone | cons 
CL04008,S0106,Curefoods,total_income,635.09,press-quoted-filing,crore,INR,,,SRC01845,HIGH,current,yes,FY FY24 | basis standalone | cons 
CL04009,S0106,Curefoods,net_loss,172.6,press-quoted-filing,crore,INR,,,SRC01844,HIGH,current,yes,FY FY24 | basis standalone | cons 
CL04010,S0106,Curefoods,operating_revenue,745.8,DRHP,crore,INR,,,SRC01843,HIGH,current,yes,FY FY25 | basis standalone | cons 
CL04011,S0106,Curefoods,net_loss,169.9,DRHP,crore,INR,,,SRC01843,HIGH,current,yes,FY FY25 | basis standalone | cons 
CL04012,S0106,Curefoods,total_revenue,775.49,press-quoted-filing,crore,INR,,,SRC01856,MEDIUM,current,yes,FY FY25 | basis standalone | cons 
CL04013,S0107,Dezerv,net_revenue (range across wealthtech peer reporting),30,press-quoted-filing,crore,INR,,,SRC01868,MEDIUM,current,yes,FY FY25 | basis  | cons 
CL04014,S0108,Edubuk,annual_revenue_band,0.0,press-quoted-filing,INR Cr,INR,,,SRC01872,LOW,current,yes,FY FY25 | basis  | cons 
CL04015,S0108,Edubuk,annual_revenue_band,10,press-quoted-filing,crore,INR,,,SRC01872,LOW,current,yes,FY FY25 | basis standalone | cons no
CL04016,S0109,EloElo,operating_revenue,69.5,press-quoted-filing,INR Cr,INR,,,SRC01878,HIGH,current,yes,FY FY25 | basis  | cons 
CL04017,S0109,EloElo,operating_revenue,4.8,press-quoted-filing,crore,INR,,,SRC01899,MEDIUM,current,yes,FY FY24 | basis standalone | cons no
CL04018,S0109,EloElo,net_loss,99.1,press-quoted-filing,crore,INR,,,SRC01899,MEDIUM,current,yes,FY FY24 | basis standalone | cons no
CL04019,S0109,EloElo,operating_revenue,69.5,press-quoted-filing,crore,INR,,,SRC01878,HIGH,current,yes,FY FY25 | basis standalone | cons no
CL04020,S0109,EloElo,total_revenue,75.8,press-quoted-filing,crore,INR,,,SRC01878,HIGH,current,yes,FY FY25 | basis standalone | cons no
CL04021,S0109,EloElo,net_loss,98.5,press-quoted-filing,crore,INR,,,SRC01878,HIGH,current,yes,FY FY25 | basis standalone | cons no
CL04022,S0109,EloElo,marketing_expense,59,press-quoted-filing,crore,INR,,,SRC01887,HIGH,current,yes,FY FY25 | basis standalone | cons no
CL04023,S0109,EloElo,arr,230,press-quoted-filing,million,USD,,,SRC01877,MEDIUM,current,yes,FY FY26 | basis consolidated | cons yes
CL04024,S0110,GIVA,operating_revenue,518.0,press-quoted-filing,INR Cr,INR,,,SRC01912,HIGH,current,yes,FY FY25 | basis  | cons 
CL04025,S0110,GIVA,total_revenue,1650000000,press-quoted-filing,INR,INR,,,SRC01929,HIGH,current,yes,FY FY23 | basis standalone | cons no
CL04026,S0110,GIVA,net_loss,-4500000000,press-quoted-filing,INR,INR,,,SRC01929,HIGH,current,yes,FY FY23 | basis standalone | cons no
CL04027,S0110,GIVA,operating_revenue,2736000000,press-quoted-filing,INR,INR,,,SRC01916,HIGH,current,yes,FY FY24 | basis standalone | cons no
CL04028,S0110,GIVA,net_loss,-5860000000,press-quoted-filing,INR,INR,,,SRC01916,HIGH,current,yes,FY FY24 | basis standalone | cons no
CL04029,S0110,GIVA,operating_revenue,5180000000,press-quoted-filing,INR,INR,,,SRC01912,HIGH,current,yes,FY FY25 | basis standalone | cons no
CL04030,S0110,GIVA,total_income,5230000000,press-quoted-filing,INR,INR,,,SRC01930,HIGH,current,yes,FY FY25 | basis standalone | cons no
CL04031,S0110,GIVA,net_loss,-7200000000,press-quoted-filing,INR,INR,,,SRC01912,HIGH,current,yes,FY FY25 | basis standalone | cons no
CL04032,S0110,GIVA,current_assets,2910000000,press-quoted-filing,INR,INR,,,SRC01930,HIGH,current,yes,FY FY25 | basis standalone | cons no
CL04033,S0110,GIVA,revenue_guidance,8500000000,management,INR,INR,,,SRC01919,MEDIUM,current,yes,FY FY26 | basis standalone | cons no
CL04034,S0112,Moglix,total_revenue,4232.0,press-quoted-filing,crore,INR,,,SRC01948,MEDIUM,current,yes,FY FY24 | basis  | cons 
CL04035,S0112,Moglix,pat,-217.1,press-quoted-filing,crore,INR,,,SRC01948,MEDIUM,current,yes,FY FY24 | basis  | cons 
CL04036,S0112,Moglix,operating_revenue,681.5,press-quoted-filing,million,USD,,,SRC01947,MEDIUM,current,yes,FY FY25 | basis  | cons 
CL04037,S0112,Moglix,total_revenue,692.8,press-quoted-filing,million,USD,,,SRC01947,MEDIUM,current,yes,FY FY25 | basis  | cons 
CL04038,S0112,Moglix,loss,-11.3,press-quoted-filing,million,USD,,,SRC01947,MEDIUM,current,yes,FY FY25 | basis  | cons 
CL04039,S0112,Moglix,revenue_standalone,4946.6,press-quoted-filing,crore,INR,,,SRC01949,MEDIUM,current,yes,FY FY25 | basis  | cons 
CL04040,S0112,Moglix,pat_standalone,-127.0,press-quoted-filing,crore,INR,,,SRC01949,MEDIUM,current,yes,FY FY25 | basis  | cons 
CL04041,S0114,PhysicsWallah,revenue from operations,3900.0,audited,crore,INR,,,SRC01972,HIGH,current,yes,FY FY26 | basis  | cons 
CL04042,S0114,PhysicsWallah,net loss,22.0,press-quoted-filing,crore,INR,,,SRC01974,HIGH,current,yes,FY FY26 | basis  | cons 
CL04043,S0114,PhysicsWallah,revenue from operations,2886.0,press-quoted-filing,crore,INR,,,SRC01976,HIGH,current,yes,FY FY25 | basis  | cons 
CL04044,S0116,Shadowfax,revenue from operations,4755.0,press-quoted-filing,crore,INR,,,SRC01987,HIGH,current,yes,FY FY26 | basis  | cons 
CL04045,S0116,Shadowfax,pat (profit after tax),126.0,press-quoted-filing,crore,INR,,,SRC01987,HIGH,current,yes,FY FY26 | basis  | cons 
CL04046,S0116,Shadowfax,revenue from operations,2938.0,press-quoted-filing,crore,INR,,,SRC01992,HIGH,current,yes,FY FY25 | basis  | cons 
CL04047,S0116,Shadowfax,revenue from operations (q1 fy27),1358.0,press-quoted-filing,crore,INR,,,SRC01983,HIGH,current,yes,FY FY25 | basis  | cons 
CL04048,S0118,StockGro,revenue,126.0,press-quoted-filing,crore,INR,,,SRC02002,HIGH,current,yes,FY FY25 | basis  | cons 
CL04049,S0118,StockGro,net profit,4.1,press-quoted-filing,INR,INR,,,SRC02002,MEDIUM,current,yes,FY FY25 | basis  | cons 
CL04050,S0118,StockGro,revenue,134.9,press-quoted-filing,crore,INR,,,SRC02010,MEDIUM,current,yes,FY FY23 | basis  | cons 
CL04051,S0118,StockGro,total_revenue,1310000000,press-quoted-filing,INR,INR,,,SRC02005,MEDIUM,current,yes,FY FY23 | basis standalone | cons no
CL04052,S0118,StockGro,total_revenue,865000000,press-quoted-filing,INR,INR,,,SRC02005,MEDIUM,current,yes,FY FY24 | basis standalone | cons no
CL04053,S0118,StockGro,total_revenue,993000000,press-quoted-filing,INR,INR,,,SRC02009,MEDIUM,current,yes,FY FY24 | basis standalone | cons no
CL04054,S0118,StockGro,net_profit,-1010000000,press-quoted-filing,INR,INR,,,SRC02005,MEDIUM,current,yes,FY FY24 | basis standalone | cons no
CL04055,S0118,StockGro,total_revenue,1255000000,press-quoted-filing,INR,INR,,,SRC02009,MEDIUM,current,yes,FY FY25 | basis standalone | cons no
CL04056,S0118,StockGro,net_profit,346000000,press-quoted-filing,INR,INR,,,SRC02009,MEDIUM,current,yes,FY FY25 | basis standalone | cons no
CL04057,S0118,StockGro,total_expenses,896000000,press-quoted-filing,INR,INR,,,SRC02009,MEDIUM,current,yes,FY FY25 | basis standalone | cons no
CL04058,S0118,StockGro,total_assets,5962000000,press-quoted-filing,INR,INR,,,SRC02009,MEDIUM,current,yes,FY FY25 | basis standalone | cons no
CL04059,S0118,StockGro,ebitda,595000000,press-quoted-filing,INR,INR,,,SRC02009,MEDIUM,current,yes,FY FY25 | basis standalone | cons no
CL04060,S0119,Yulu,operating revenue,237.4,press-quoted-filing,crore,INR,,,SRC02029,HIGH,current,yes,FY FY25 | basis  | cons 
CL04061,S0119,Yulu,total revenue (incl other income),241.9,press-quoted-filing,crore,INR,,,SRC02014,HIGH,current,yes,FY FY25 | basis  | cons 
CL04062,S0119,Yulu,revenue,122.8,press-quoted-filing,crore,INR,,,SRC02012,HIGH,current,yes,FY FY24 | basis  | cons 
CL04063,S0119,Yulu,operating revenue,237.4,financial,crore,INR,,,SRC02020,HIGH,current,yes,FY FY25 | basis  | cons 
CL04064,S0119,Yulu,total revenue (incl other income),241.9,financial,crore,INR,,,SRC02014,HIGH,current,yes,FY FY25 | basis  | cons 
CL04065,S0119,Yulu,net loss,-126,financial,crore,INR,,,SRC02015,HIGH,current,yes,FY FY25 | basis  | cons 
CL04066,S0119,Yulu,ebitda,-36,financial,crore,INR,,,SRC02020,HIGH,current,yes,FY FY25 | basis  | cons 
CL04067,S0119,Yulu,total expenses,350.6,financial,crore,INR,,,SRC02020,HIGH,current,yes,FY FY25 | basis  | cons 
CL04068,S0119,Yulu,revenue from rental,201,financial,crore,INR,,,SRC02020,HIGH,current,yes,FY FY25 | basis  | cons 
CL04069,S0119,Yulu,revenue from bike sales,22.67,financial,crore,INR,,,SRC02020,HIGH,current,yes,FY FY25 | basis  | cons 
CL04070,S0119,Yulu,revenue from manpower services,13.24,financial,crore,INR,,,SRC02020,HIGH,current,yes,FY FY25 | basis  | cons 
CL04071,S0119,Yulu,operating revenue,122.79,financial,crore,INR,,,SRC02022,HIGH,current,yes,FY FY24 | basis  | cons 
CL04072,S0119,Yulu,net loss,-142.83,financial,crore,INR,,,SRC02022,HIGH,current,yes,FY FY24 | basis  | cons 
CL04073,S0119,Yulu,operating revenue,46.58,financial,crore,INR,,,SRC02012,HIGH,current,yes,FY FY23 | basis  | cons 
CL04074,S0119,Yulu,operating revenue,13.7,financial,crore,INR,,,SRC02018,HIGH,current,yes,FY FY21 | basis  | cons 
CL04075,S0120,Zenoti,total_revenue,336,press-quoted-filing,crore,INR,,,SRC02036,MEDIUM,current,yes,FY FY25 | basis standalone | cons no
CL04076,S0120,Zenoti,total_revenue,39.77,press-quoted-filing,million,USD,,,SRC02036,MEDIUM,current,yes,FY FY25 | basis standalone | cons no
CL04077,S0120,Zenoti,total_revenue,1100,estimate,crore,INR,,,SRC02051,LOW,current,yes,FY FY24 | basis standalone | cons no
CL04078,S0120,Zenoti,arr,174.3,estimate,million,USD,,,SRC02050,LOW,current,yes,FY  | basis standalone | cons no
CL04079,S0123,Foxtale,revenue,206.0,press-quoted-filing,crore,INR,,,SRC02076,HIGH,current,yes,FY FY25 | basis  | cons 
CL04080,S0123,Foxtale,revenue,83.0,press-quoted-filing,INR Cr,INR,,,SRC02074,HIGH,current,yes,FY FY24 | basis  | cons 
CL04081,S0123,Foxtale,loss,73.0,press-quoted-filing,crore,INR,,,SRC02076,HIGH,current,yes,FY FY25 | basis  | cons 
CL04082,S0123,Foxtale,revenue_from_operations,199,press-quoted-filing,crore,INR,,,SRC02082,HIGH,current,yes,FY FY25 | basis standalone | cons no
CL04083,S0123,Foxtale,total_income,206,press-quoted-filing,crore,INR,,,SRC02082,HIGH,current,yes,FY FY25 | basis standalone | cons no
CL04084,S0123,Foxtale,net_loss,73,press-quoted-filing,crore,INR,,,SRC02082,HIGH,current,yes,FY FY25 | basis standalone | cons no
CL04085,S0123,Foxtale,total_expenses,279,press-quoted-filing,crore,INR,,,SRC02082,HIGH,current,yes,FY FY25 | basis standalone | cons no
CL04086,S0123,Foxtale,revenue_from_operations,83,press-quoted-filing,crore,INR,,,SRC02082,HIGH,current,yes,FY FY24 | basis standalone | cons no
CL04087,S0123,Foxtale,net_loss,55,press-quoted-filing,crore,INR,,,SRC02082,HIGH,current,yes,FY FY24 | basis standalone | cons no
CL04088,S0123,Foxtale,cash_and_bank_balances,166,press-quoted-filing,crore,INR,,,SRC02082,HIGH,current,yes,FY FY25 | basis standalone | cons no
CL04089,S0123,Foxtale,marketing_expense,106,press-quoted-filing,crore,INR,,,SRC02082,HIGH,current,yes,FY FY25 | basis standalone | cons no
CL04090,S0123,Foxtale,employee_benefit_expenses,31,press-quoted-filing,crore,INR,,,SRC02082,HIGH,current,yes,FY FY25 | basis standalone | cons no
CL04091,S0126,Snitch,operating revenue,243,press-quoted-filing,crore,INR,,,SRC02113,MEDIUM,current,yes,FY FY24 | basis  | cons 
CL04092,S0126,Snitch,operating revenue (management-quoted),520,management,crore,INR,,,SRC02103,MEDIUM,current,yes,FY FY25 | basis  | cons 
CL04093,S0126,Snitch,operating revenue,243,press-quoted-filing,crore,INR,,,SRC02113,MEDIUM,current,yes,FY FY24 | basis standalone | cons no
CL04094,S0126,Snitch,operating revenue,498,press-quoted-filing,crore,INR,,,SRC02106,MEDIUM,current,yes,FY FY25 | basis standalone | cons no
CL04095,S0126,Snitch,net profit,-1.7,management,crore,INR,,,SRC02106,MEDIUM,current,yes,FY FY25 | basis standalone | cons no
CL04096,S0126,Snitch,operating revenue,900,management,crore,INR,,,SRC02106,MEDIUM,current,yes,FY FY26 | basis standalone | cons no
CL04097,S0126,Snitch,ebitda,22.5,management,crore,INR,,,SRC02106,MEDIUM,current,yes,FY FY26 | basis standalone | cons no
CL04098,S0126,Snitch,revenue target,1400,management,crore,INR,,,SRC02106,MEDIUM,current,yes,FY FY27 | basis standalone | cons no
CL04099,S0128,Rezolv,total_revenue,10,press-quoted-filing,crore,INR,,,SRC02127,MEDIUM,current,yes,FY FY25 | basis standalone | cons no
CL04100,S0128,Rezolv,authorized_share_capital,1.15,press-quoted-filing,crore,INR,,,SRC02127,HIGH,current,yes,FY FY25 | basis standalone | cons no
CL04101,S0128,Rezolv,paidup_capital,1.14,press-quoted-filing,crore,INR,,,SRC02127,HIGH,current,yes,FY FY25 | basis standalone | cons no
CL04102,S0130,BGauss,operating_revenue,238.9,press-quoted-filing,crore,INR,,,SRC02140,MEDIUM,current,yes,FY FY25 | basis  | cons 
CL04103,S0130,BGauss,total_revenue,238.9,press-quoted-filing,crore,INR,,,SRC02146,HIGH,current,yes,FY FY25 | basis standalone | cons no
CL04104,S0130,BGauss,net_profit,-68.3,press-quoted-filing,crore,INR,,,SRC02146,HIGH,current,yes,FY FY25 | basis standalone | cons no
CL04105,S0130,BGauss,total_expenses,307.2,press-quoted-filing,crore,INR,,,SRC02146,MEDIUM,current,yes,FY FY25 | basis standalone | cons no
CL04106,S0130,BGauss,ebitda,-57.7,estimate,crore,INR,,,SRC02146,MEDIUM,current,yes,FY FY25 | basis standalone | cons no
CL04107,S0130,BGauss,total_revenue,177.0,press-quoted-filing,crore,INR,,,SRC02145,HIGH,current,yes,FY FY24 | basis standalone | cons no
CL04108,S0130,BGauss,net_profit,-49.65,press-quoted-filing,crore,INR,,,SRC02145,HIGH,current,yes,FY FY24 | basis standalone | cons no
CL04109,S0130,BGauss,total_revenue,110.0,press-quoted-filing,crore,INR,,,SRC02145,HIGH,current,yes,FY FY23 | basis standalone | cons no
CL04110,S0130,BGauss,total_assets,203.2,press-quoted-filing,crore,INR,,,SRC02146,MEDIUM,current,yes,FY FY25 | basis standalone | cons no
CL04111,S0130,BGauss,net_profit_margin,-28.6,estimate,percent,INR,,,SRC02146,MEDIUM,current,yes,FY FY25 | basis standalone | cons no
CL04112,S0131,Emo Energy,operating_revenue,14.42,press-quoted-filing,crore,INR,,,SRC02160,MEDIUM,current,yes,FY FY25 | basis  | cons 
CL04113,S0131,Emo Energy,net_loss,7.17,press-quoted-filing,crore,INR,,,SRC02160,MEDIUM,current,yes,FY FY25 | basis  | cons 
CL04114,S0134,Chargebee,revenue,202.6,estimate,USD,USD,,,SRC02192,LOW,current,yes,FY  | basis  | cons 
CL04115,S0134,Chargebee,total_revenue,372.9,press-quoted-filing,crore,INR,,,SRC02184,MEDIUM,current,yes,FY FY25 | basis standalone | cons no
CL04116,S0134,Chargebee,total_revenue,100,estimate,crore,INR,,,SRC02178,MEDIUM,current,yes,FY FY25 | basis standalone | cons no
CL04117,S0134,Chargebee,arr,202.6,estimate,million,USD,,,SRC02181,LOW,current,yes,FY  | basis consolidated | cons yes
CL04118,S0134,Chargebee,arr,124.4,estimate,million,USD,,,SRC02181,LOW,current,yes,FY  | basis consolidated | cons yes
CL04119,S0134,Chargebee,arr,115.4,estimate,million,USD,,,SRC02181,LOW,current,yes,FY  | basis consolidated | cons yes
CL04120,S0134,Chargebee,arr,33.7,estimate,million,USD,,,SRC02181,LOW,current,yes,FY  | basis consolidated | cons yes
CL04121,S0134,Chargebee,arr,24,estimate,million,USD,,,SRC02181,LOW,current,yes,FY  | basis consolidated | cons yes
CL04122,S0135,Delhivery,revenue,8932.0,press-quoted-filing,INR Cr,INR,,,SRC02212,HIGH,current,yes,FY FY25 | basis  | cons 
CL04123,S0135,Delhivery,pat,162.0,press-quoted-filing,INR Cr,INR,,,SRC02212,HIGH,current,yes,FY FY25 | basis  | cons 
CL04124,S0135,Delhivery,revenue,2931.0,audited,INR Cr,INR,,,SRC02213,HIGH,current,yes,FY Q1FY27 | basis  | cons 
CL04125,S0135,Delhivery,total_revenue,8142,press-quoted-filing,crore,INR,,,SRC02212,HIGH,current,yes,FY FY24 | basis consolidated | cons yes
CL04126,S0135,Delhivery,net_profit,-249,press-quoted-filing,crore,INR,,,SRC02212,HIGH,current,yes,FY FY24 | basis consolidated | cons yes
CL04127,S0135,Delhivery,ebitda,127,press-quoted-filing,crore,INR,,,SRC02212,HIGH,current,yes,FY FY24 | basis consolidated | cons yes
CL04128,S0135,Delhivery,total_revenue,8932,press-quoted-filing,crore,INR,,,SRC02212,HIGH,current,yes,FY FY25 | basis consolidated | cons yes
CL04129,S0135,Delhivery,net_profit,162,press-quoted-filing,crore,INR,,,SRC02212,HIGH,current,yes,FY FY25 | basis consolidated | cons yes
CL04130,S0135,Delhivery,ebitda,376,press-quoted-filing,crore,INR,,,SRC02212,HIGH,current,yes,FY FY25 | basis consolidated | cons yes
CL04131,S0135,Delhivery,total_revenue,10508,audited,crore,INR,,,SRC02214,HIGH,current,yes,FY FY26 | basis consolidated | cons yes
CL04132,S0135,Delhivery,net_profit,153,audited,crore,INR,,,SRC02214,HIGH,current,yes,FY FY26 | basis consolidated | cons yes
CL04133,S0135,Delhivery,ebitda,640,audited,crore,INR,,,SRC02214,HIGH,current,yes,FY FY26 | basis consolidated | cons yes
CL04134,S0135,Delhivery,total_revenue,2294,press-quoted-filing,crore,INR,,,SRC02226,HIGH,current,yes,FY Q1FY26 | basis consolidated | cons yes
CL04135,S0135,Delhivery,net_profit,91,press-quoted-filing,crore,INR,,,SRC02226,HIGH,current,yes,FY Q1FY26 | basis consolidated | cons yes
CL04136,S0135,Delhivery,total_revenue,2559,press-quoted-filing,crore,INR,,,SRC02222,HIGH,current,yes,FY Q2FY26 | basis consolidated | cons yes
CL04137,S0135,Delhivery,net_profit,-50,press-quoted-filing,crore,INR,,,SRC02222,HIGH,current,yes,FY Q2FY26 | basis consolidated | cons yes
CL04138,S0135,Delhivery,total_revenue,2798,press-quoted-filing,crore,INR,,,SRC02216,HIGH,current,yes,FY Q3FY26 | basis consolidated | cons yes
CL04139,S0135,Delhivery,net_profit,40,press-quoted-filing,crore,INR,,,SRC02216,HIGH,current,yes,FY Q3FY26 | basis consolidated | cons yes
CL04140,S0135,Delhivery,ebitda,234,press-quoted-filing,crore,INR,,,SRC02216,HIGH,current,yes,FY Q3FY26 | basis consolidated | cons yes
CL04141,S0135,Delhivery,total_revenue,2850,audited,crore,INR,,,SRC02214,HIGH,current,yes,FY Q4FY26 | basis consolidated | cons yes
CL04142,S0135,Delhivery,net_profit,72,audited,crore,INR,,,SRC02214,HIGH,current,yes,FY Q4FY26 | basis consolidated | cons yes
CL04143,S0135,Delhivery,ebitda,214,audited,crore,INR,,,SRC02214,HIGH,current,yes,FY Q4FY26 | basis consolidated | cons yes
CL04144,S0135,Delhivery,total_revenue,2931,audited,crore,INR,,,SRC02213,HIGH,current,yes,FY Q1FY27 | basis consolidated | cons yes
CL04145,S0135,Delhivery,net_profit,32,audited,crore,INR,,,SRC02213,HIGH,current,yes,FY Q1FY27 | basis consolidated | cons yes
CL04146,S0136,Erisha E Mobility,revenue,4.73,press-quoted-filing,INR Cr,INR,,,SRC02232,MEDIUM,current,yes,FY FY23 | basis  | cons 
CL04147,S0137,Freshworks,revenue,838.8,audited,USD M,USD,,,SRC02241,HIGH,current,yes,FY  | basis  | cons 
CL04148,S0137,Freshworks,revenue,222.7,audited,USD M,USD,,,SRC02241,HIGH,current,yes,FY  | basis  | cons 
CL04149,S0138,OYO,revenue,6463.0,management,INR Cr,INR,,,SRC02249,HIGH,current,yes,FY FY25 | basis  | cons 
CL04150,S0138,OYO,pat,623.0,management,INR Cr,INR,,,SRC02249,HIGH,current,yes,FY FY25 | basis  | cons 
CL04151,S0138,OYO,adjusted ebitda,1132.0,management,INR Cr,INR,,,SRC02249,HIGH,current,yes,FY FY25 | basis  | cons 
CL04152,S0138,OYO,total_revenue,6253,press-quoted-filing,crore,INR,,,SRC02251,HIGH,current,yes,FY FY25 | basis consolidated | cons yes
CL04153,S0138,OYO,pat,245,press-quoted-filing,crore,INR,,,SRC02251,HIGH,current,yes,FY FY25 | basis consolidated | cons yes
CL04154,S0138,OYO,adjusted_ebitda,1132,management,crore,INR,,,SRC02257,MEDIUM,current,yes,FY FY25 | basis consolidated | cons yes
CL04155,S0138,OYO,total_expenses,6660,press-quoted-filing,crore,INR,,,SRC02251,HIGH,current,yes,FY FY25 | basis consolidated | cons yes
CL04156,S0138,OYO,finance_costs,959,press-quoted-filing,crore,INR,,,SRC02251,HIGH,current,yes,FY FY25 | basis consolidated | cons yes
CL04157,S0138,OYO,depreciation_amortisation,484,press-quoted-filing,crore,INR,,,SRC02251,HIGH,current,yes,FY FY25 | basis consolidated | cons yes
CL04158,S0138,OYO,deferred_tax_gain,767,press-quoted-filing,crore,INR,,,SRC02251,HIGH,current,yes,FY FY25 | basis consolidated | cons yes
CL04159,S0138,OYO,gross_booking_value,16436,management,crore,INR,,,SRC02257,MEDIUM,current,yes,FY FY25 | basis consolidated | cons yes
CL04160,S0138,OYO,pat,229.6,press-quoted-filing,crore,INR,,,SRC02256,HIGH,current,yes,FY FY24 | basis consolidated | cons yes
CL04161,S0138,OYO,adjusted_ebitda,889,management,crore,INR,,,SRC02257,MEDIUM,current,yes,FY FY24 | basis consolidated | cons yes
CL04162,S0138,OYO,india_gbv,2731.7,DRHP,crore,INR,,,SRC02258,HIGH,current,yes,FY FY26 (9M) | basis consolidated | cons yes
CL04163,S0138,OYO,us_gbv,12022.5,DRHP,crore,INR,,,SRC02258,HIGH,current,yes,FY FY26 (9M) | basis consolidated | cons yes
CL04164,S0138,OYO,europe_gbv_share,18,DRHP,percent,INR,,,SRC02258,HIGH,current,yes,FY FY26 (9M) | basis consolidated | cons yes
CL04165,S0139,Policybazaar,operating revenue,6794,audited,INR Cr,INR,,,SRC02272,HIGH,current,yes,FY FY26 | basis  | cons 
CL04166,S0139,Policybazaar,pat,670,audited,INR Cr,INR,,,SRC02272,HIGH,current,yes,FY FY26 | basis  | cons 
CL04167,S0139,Policybazaar,total insurance premium,29934,press-quoted-filing,INR Cr,INR,,,SRC02272,HIGH,current,yes,FY FY26 | basis  | cons 
CL04168,S0140,Uniphore,total funding raised,898,press-quoted-filing,USD M,USD,,,SRC02278,HIGH,current,yes,FY  | basis  | cons 
CL04169,S0141,Urban Company,revenue from operations,528,press-quoted-filing,INR Cr (Q1 FY27),INR,,,SRC02287,HIGH,current,yes,FY FY26 | basis  | cons 
CL04170,S0141,Urban Company,net loss (q4 fy26),161.2,press-quoted-filing,INR Cr,INR,,,SRC02288,HIGH,current,yes,FY FY26 | basis  | cons 
CL04171,S0141,Urban Company,"adjusted ebitda (ex instahelp, fy26)",106,press-quoted-filing,INR Cr,INR,,,SRC02286,HIGH,current,yes,FY FY26 | basis  | cons 
CL04172,S0142,Zomato,consolidated revenue from operations,54364,audited,INR Cr,INR,,,SRC02293,HIGH,current,yes,FY FY26 | basis  | cons 
CL04173,S0142,Zomato,consolidated ebitda,1208,audited,INR Cr,INR,,,SRC02293,HIGH,current,yes,FY FY26 | basis  | cons 
CL04174,S0142,Zomato,consolidated pat,366,audited,INR Cr,INR,,,SRC02293,HIGH,current,yes,FY FY26 | basis  | cons 
CL04175,S0142,Zomato,b2c nov,95959,press-quoted-filing,INR Cr,INR,,,SRC02293,HIGH,current,yes,FY FY26 | basis  | cons 
CL04176,S0143,Emversity,revenue,7.1,press-quoted-filing,INR Cr,INR,,,SRC02300,MEDIUM,current,yes,FY FY25 | basis  | cons 
CL04177,S0143,Emversity,revenue,0.018,press-quoted-filing,INR Cr,INR,,,SRC02300,MEDIUM,current,yes,FY FY24 | basis  | cons 
CL04178,S0144,KGeN (Kratos Gamer Network),annualized_revenue,48.3,management,,USD,,,SRC02306,,current,yes,FY  | basis  | cons 
CL04179,S0144,KGeN (Kratos Gamer Network),annualized_revenue,26.5,management,million,USD,,,SRC02316,MEDIUM,current,yes,FY FY25 | basis standalone | cons 
CL04180,S0144,KGeN (Kratos Gamer Network),annualized_revenue,48.3,management,million,USD,,,SRC02306,MEDIUM,current,yes,FY FY25 | basis standalone | cons 
CL04181,S0144,KGeN (Kratos Gamer Network),annualized_revenue,85.8,management,million,USD,,,SRC02310,HIGH,current,yes,FY FY26 | basis standalone | cons 
CL04182,S0144,KGeN (Kratos Gamer Network),annualized_revenue,50,estimate,crore,INR,,,SRC02309,LOW,current,yes,FY FY25 | basis standalone | cons 
CL04183,S0145,Seekho,operating_revenue,141.5,press-quoted-filing,crore,INR,,,SRC02327,,current,yes,FY FY25 | basis  | cons 
CL04184,S0145,Seekho,net_loss,38.8,press-quoted-filing,crore,INR,,,SRC02327,,current,yes,FY FY25 | basis  | cons 
CL04185,S0145,Seekho,operating_revenue,1150000000,press-quoted-filing,lakh,INR,,,SRC02327,HIGH,current,yes,FY FY24 | basis standalone | cons no
CL04186,S0145,Seekho,net_loss,485000000,press-quoted-filing,lakh,INR,,,SRC02327,MEDIUM,current,yes,FY FY24 | basis standalone | cons no
CL04187,S0145,Seekho,operating_revenue,1415000000,press-quoted-filing,lakh,INR,,,SRC02327,HIGH,current,yes,FY FY25 | basis standalone | cons no
CL04188,S0145,Seekho,net_loss,388000000,press-quoted-filing,lakh,INR,,,SRC02327,HIGH,current,yes,FY FY25 | basis standalone | cons no
CL04189,S0145,Seekho,marketing_expense,1342000000,press-quoted-filing,lakh,INR,,,SRC02327,HIGH,current,yes,FY FY25 | basis standalone | cons no
CL04190,S0145,Seekho,total_expenses,1792000000,press-quoted-filing,lakh,INR,,,SRC02327,HIGH,current,yes,FY FY25 | basis standalone | cons no
CL04191,S0145,Seekho,employee_benefits,234000000,press-quoted-filing,lakh,INR,,,SRC02327,HIGH,current,yes,FY FY25 | basis standalone | cons no
CL04192,S0145,Seekho,content_creation_expense,104000000,press-quoted-filing,lakh,INR,,,SRC02327,HIGH,current,yes,FY FY25 | basis standalone | cons no
CL04193,S0145,Seekho,cash_and_bank_balance,402000000,press-quoted-filing,lakh,INR,,,SRC02327,HIGH,current,yes,FY FY25 | basis standalone | cons no
CL04194,S0145,Seekho,current_assets,933000000,press-quoted-filing,lakh,INR,,,SRC02327,HIGH,current,yes,FY FY25 | basis standalone | cons no
CL04195,S0145,Seekho,total_income,1435000000,press-quoted-filing,lakh,INR,,,SRC02327,HIGH,current,yes,FY FY25 | basis standalone | cons no
CL04196,S0147,HexaHealth,surgeries facilitated value,150.0,management,crore,INR,,,SRC02363,,current,yes,FY FY25 | basis  | cons 
CL04197,S0148,Escape Plan (travel gear),annualized revenue run-rate,300.0,management,crore,INR,,,SRC02370,,current,yes,FY  | basis  | cons 
CL04198,S0148,Escape Plan (travel gear),total_revenue,10,press-quoted-filing,crore,INR,,,SRC02384,MEDIUM,current,yes,FY FY25 | basis standalone | cons no
CL04199,S0148,Escape Plan (travel gear),annualized_revenue_run_rate,300,management,crore,INR,,,SRC02373,MEDIUM,current,yes,FY FY26 | basis standalone | cons no
CL04200,S0148,Escape Plan (travel gear),annualized_revenue_run_rate,400,management,crore,INR,,,SRC02374,MEDIUM,current,yes,FY FY26 | basis standalone | cons no
CL04201,S0153,CynLr,total_revenue,3100000,audited,INR,INR,,,SRC02425,HIGH,current,yes,FY FY2024 | basis standalone | cons no
CL04202,S0153,CynLr,annual_revenue,1100000,press-quoted-filing,USD,USD,,,SRC02420,MEDIUM,current,yes,FY FY2025 | basis standalone | cons no
CL04203,S0153,CynLr,arr,5800000,estimate,USD,USD,,,SRC02420,MEDIUM,current,yes,FY FY2026 | basis standalone | cons no
CL04204,S0153,CynLr,annual_revenue_usd,650119,press-quoted-filing,USD,USD,,,SRC02431,MEDIUM,current,yes,FY FY2025 | basis standalone | cons no
CL04205,S0153,CynLr,revenue_range,2000000,estimate,USD,USD,,,SRC02438,MEDIUM,current,yes,FY FY2025 | basis standalone | cons no
CL04206,S0154,Skydo,revenue,9.1,press-quoted-filing,crore,INR,,,SRC02445,HIGH,current,yes,FY FY25 (APR 2024-MAR 2025) | basis  | cons 
CL04207,S0154,Skydo,net loss,22.3,press-quoted-filing,crore,INR,,,SRC02445,HIGH,current,yes,FY FY25 | basis  | cons 
CL04208,S0154,Skydo,revenue,2.3,press-quoted-filing,crore,INR,,,SRC02445,HIGH,current,yes,FY FY24 | basis  | cons 
CL04209,S0154,Skydo,total_revenue,9.1,press-quoted-filing,crore,INR,,,SRC02445,HIGH,current,yes,FY FY25 | basis standalone | cons no
CL04210,S0154,Skydo,net_profit,-22.3,press-quoted-filing,crore,INR,,,SRC02445,HIGH,current,yes,FY FY25 | basis standalone | cons no
CL04211,S0154,Skydo,total_revenue,2.3,press-quoted-filing,crore,INR,,,SRC02445,HIGH,current,yes,FY FY24 | basis standalone | cons no
CL04212,S0155,Smart Joules,revenue from operations,67.02,audited,crore,INR,,,SRC02462,HIGH,current,yes,FY FY25 (APR 2024-MAR 2025) | basis  | cons 
CL04213,S0155,Smart Joules,total income,69.14,audited,crore,INR,,,SRC02462,HIGH,current,yes,FY FY25 | basis  | cons 
CL04214,S0155,Smart Joules,revenue from operations,45.89,audited,crore,INR,,,SRC02462,HIGH,current,yes,FY FY24 | basis  | cons 
CL04215,S0156,VerveSemi (Vervesemi),revenue,13.7,audited,crore,INR,,,SRC02472,HIGH,current,yes,FY FY25 (APR 2024-MAR 2025) | basis  | cons 
CL04216,S0156,VerveSemi (Vervesemi),pat (net profit),3.39,audited,crore,INR,,,SRC02472,HIGH,current,yes,FY FY25 | basis  | cons 
CL04217,S0156,VerveSemi (Vervesemi),revenue,14.67,audited,crore,INR,,,SRC02472,HIGH,current,yes,FY FY24 | basis  | cons 
CL04218,S0156,VerveSemi (Vervesemi),revenue,16.4,press-quoted-filing,crore,INR,,,SRC02477,MEDIUM,current,yes,FY FY25 | basis  | cons 
CL04219,S0156,VerveSemi (Vervesemi),total_revenue,13.7,audited,crore,INR,,,SRC02472,HIGH,current,yes,FY FY25 | basis standalone | cons no
CL04220,S0156,VerveSemi (Vervesemi),net_profit,3.39,audited,crore,INR,,,SRC02472,HIGH,current,yes,FY FY25 | basis standalone | cons no
CL04221,S0156,VerveSemi (Vervesemi),total_revenue,14.67,audited,crore,INR,,,SRC02472,HIGH,current,yes,FY FY24 | basis standalone | cons no
CL04222,S0156,VerveSemi (Vervesemi),total_revenue,16.4,press-quoted-filing,crore,INR,,,SRC02477,MEDIUM,current,yes,FY FY25 | basis standalone | cons no
CL04223,S0156,VerveSemi (Vervesemi),total_expenses,11.8,press-quoted-filing,crore,INR,,,SRC02477,MEDIUM,current,yes,FY FY25 | basis standalone | cons no
CL04224,S0156,VerveSemi (Vervesemi),net_profit,3.4,press-quoted-filing,crore,INR,,,SRC02477,MEDIUM,current,yes,FY FY25 | basis standalone | cons no
CL04225,S0156,VerveSemi (Vervesemi),total_assets,15.6,press-quoted-filing,crore,INR,,,SRC02477,MEDIUM,current,yes,FY FY25 | basis standalone | cons no
CL04226,S0156,VerveSemi (Vervesemi),net_profit_margin,20.7,press-quoted-filing,percent,INR,,,SRC02477,MEDIUM,current,yes,FY FY25 | basis standalone | cons no
CL04227,S0156,VerveSemi (Vervesemi),total_revenue,8.614,audited,crore,INR,,,SRC02471,MEDIUM,current,yes,FY FY24 | basis standalone | cons no
CL04228,S0157,Butterfly Learnings,total_revenue,63000000,press-quoted-filing,rupees,INR,,,SRC02483,HIGH,current,yes,FY FY24 | basis standalone | cons no
CL04229,S0157,Butterfly Learnings,net_profit,-63000000,press-quoted-filing,rupees,INR,,,SRC02483,HIGH,current,yes,FY FY24 | basis standalone | cons no
CL04230,S0157,Butterfly Learnings,total_revenue,155000000,press-quoted-filing,rupees,INR,,,SRC02483,HIGH,current,yes,FY FY25 | basis standalone | cons no
CL04231,S0157,Butterfly Learnings,net_profit,-133000000,press-quoted-filing,rupees,INR,,,SRC02483,HIGH,current,yes,FY FY25 | basis standalone | cons no
CL04232,S0158,Sugar Cosmetics,operating revenue,404.0,press-quoted-filing,crore,INR,,,SRC02495,HIGH,current,yes,FY FY25 (APR 2024-MAR 2025) | basis  | cons 
CL04233,S0158,Sugar Cosmetics,net loss,135.0,press-quoted-filing,crore,INR,,,SRC02495,HIGH,current,yes,FY FY25 | basis  | cons 
CL04234,S0158,Sugar Cosmetics,operating revenue,505.0,press-quoted-filing,crore,INR,,,SRC02495,HIGH,current,yes,FY FY24 | basis  | cons 
CL04235,S0158,Sugar Cosmetics,net loss,68.0,press-quoted-filing,crore,INR,,,SRC02495,HIGH,current,yes,FY FY24 | basis  | cons 
CL04236,S0158,Sugar Cosmetics,total_revenue,4040000000,press-quoted-filing,INR,INR,,,SRC02495,HIGH,current,yes,FY FY25 | basis standalone | cons no
CL04237,S0158,Sugar Cosmetics,net_loss,1350000000,press-quoted-filing,INR,INR,,,SRC02495,HIGH,current,yes,FY FY25 | basis standalone | cons no
CL04238,S0158,Sugar Cosmetics,ebitda_loss,1160000000,press-quoted-filing,INR,INR,,,SRC02497,HIGH,current,yes,FY FY25 | basis standalone | cons no
CL04239,S0158,Sugar Cosmetics,total_revenue,5050000000,press-quoted-filing,INR,INR,,,SRC02495,HIGH,current,yes,FY FY24 | basis standalone | cons no
CL04240,S0158,Sugar Cosmetics,net_loss,680000000,press-quoted-filing,INR,INR,,,SRC02495,HIGH,current,yes,FY FY24 | basis standalone | cons no
CL04241,S0158,Sugar Cosmetics,ebitda_loss,485000000,press-quoted-filing,INR,INR,,,SRC02497,HIGH,current,yes,FY FY24 | basis standalone | cons no
CL04242,S0158,Sugar Cosmetics,total_revenue,3800000000,press-quoted-filing,INR,INR,,,SRC02498,MEDIUM,current,yes,FY FY26 | basis standalone | cons no
CL04243,S0158,Sugar Cosmetics,cumulative_losses,3750000000,press-quoted-filing,INR,INR,,,SRC02498,MEDIUM,current,yes,FY FY22-FY26 | basis standalone | cons no
CL04244,S0158,Sugar Cosmetics,valuation_report_date,2026.0,filing,date,,,,SRC02497,HIGH,current,yes,FY FY25 | basis standalone | cons no
CL04245,S0159,Graas.ai (Graas),revenue_est,31.0,estimate,,USD,,,SRC02518,,current,yes,FY  | basis  | cons 
CL04246,S0159,Graas.ai (Graas),total_revenue,31,estimate,million,USD,,,SRC02518,MEDIUM,current,yes,FY FY25 | basis standalone | cons no
CL04247,S0159,Graas.ai (Graas),gmv_processed,1000,press-quoted-filing,million,USD,,,SRC02508,HIGH,current,yes,FY FY25 | basis standalone | cons no
CL04248,S0161,Agrani Labs,authorized_share_capital,100000,audited,INR,INR,,,SRC02533,HIGH,current,yes,FY FY26 | basis standalone | cons no
CL04249,S0161,Agrani Labs,paid_up_capital,10000,audited,INR,INR,,,SRC02533,HIGH,current,yes,FY FY26 | basis standalone | cons no
CL04250,S0162,Mokobara,operating_revenue,119.0,press-quoted-filing,crore,INR,,,SRC02557,,current,yes,FY FY24 | basis  | cons 
CL04251,S0162,Mokobara,operating_revenue,121800000,press-quoted-filing,INR,INR,,,SRC02558,MEDIUM,current,yes,FY FY22 | basis standalone | cons no
CL04252,S0162,Mokobara,operating_revenue,1174400000,press-quoted-filing,INR,INR,,,SRC02551,HIGH,current,yes,FY FY24 | basis standalone | cons no
CL04253,S0162,Mokobara,operating_revenue,532700000,press-quoted-filing,INR,INR,,,SRC02558,MEDIUM,current,yes,FY FY23 | basis standalone | cons no
CL04254,S0162,Mokobara,net_loss,82100000,press-quoted-filing,INR,INR,,,SRC02558,MEDIUM,current,yes,FY FY23 | basis standalone | cons no
CL04255,S0162,Mokobara,net_loss,42400000,press-quoted-filing,INR,INR,,,SRC02543,HIGH,current,yes,FY FY24 | basis standalone | cons no
CL04256,S0162,Mokobara,total_income,1190000000,press-quoted-filing,INR,INR,,,SRC02551,MEDIUM,current,yes,FY FY24 | basis standalone | cons no
CL04257,S0162,Mokobara,operating_revenue,2301500000,press-quoted-filing,INR,INR,,,SRC02551,HIGH,current,yes,FY FY25 | basis standalone | cons no
CL04258,S0162,Mokobara,total_income,2400000000,press-quoted-filing,INR,INR,,,SRC02551,HIGH,current,yes,FY FY25 | basis standalone | cons no
CL04259,S0162,Mokobara,net_loss,101800000,press-quoted-filing,INR,INR,,,SRC02543,HIGH,current,yes,FY FY25 | basis standalone | cons no
CL04260,S0162,Mokobara,total_expenses,2510000000,press-quoted-filing,INR,INR,,,SRC02551,HIGH,current,yes,FY FY25 | basis standalone | cons no
CL04261,S0162,Mokobara,cost_of_procurement,1090000000,press-quoted-filing,INR,INR,,,SRC02551,HIGH,current,yes,FY FY25 | basis standalone | cons no
CL04262,S0162,Mokobara,advertising_expense,460000000,press-quoted-filing,INR,INR,,,SRC02551,HIGH,current,yes,FY FY25 | basis standalone | cons no
CL04263,S0162,Mokobara,employee_expense,250000000,press-quoted-filing,INR,INR,,,SRC02551,HIGH,current,yes,FY FY25 | basis standalone | cons no
CL04264,S0162,Mokobara,cash_and_bank,725000000,press-quoted-filing,INR,INR,,,SRC02551,HIGH,current,yes,FY FY25 | basis standalone | cons no
CL04265,S0162,Mokobara,current_assets,2040000000,press-quoted-filing,INR,INR,,,SRC02551,HIGH,current,yes,FY FY25 | basis standalone | cons no
CL04266,S0162,Mokobara,roce,-11.61,press-quoted-filing,percent,INR,,,SRC02551,HIGH,current,yes,FY FY25 | basis standalone | cons no
CL04267,S0162,Mokobara,ebitda_margin,-6.52,press-quoted-filing,percent,INR,,,SRC02551,HIGH,current,yes,FY FY25 | basis standalone | cons no
CL04268,S0163,XpressBees,operating_revenue,2531.0,press-quoted-filing,crore,INR,,,SRC02562,,current,yes,FY FY24 | basis  | cons 
CL04269,S0163,XpressBees,net_loss,370.0,press-quoted-filing,crore,INR,,,SRC02563,,current,yes,FY FY25 | basis  | cons 
CL04270,S0163,XpressBees,operating_revenue,2531,press-quoted-filing,crore,INR,,,SRC02562,HIGH,current,yes,FY FY23 | basis consolidated | cons yes
CL04271,S0163,XpressBees,operating_revenue,2831,press-quoted-filing,crore,INR,,,SRC02562,HIGH,current,yes,FY FY24 | basis consolidated | cons yes
CL04272,S0163,XpressBees,net_loss,200,press-quoted-filing,crore,INR,,,SRC02562,HIGH,current,yes,FY FY24 | basis consolidated | cons yes
CL04273,S0163,XpressBees,ebitda,5,press-quoted-filing,crore,INR,,,SRC02562,HIGH,current,yes,FY FY24 | basis consolidated | cons yes
CL04274,S0163,XpressBees,warehousing_revenue,48,press-quoted-filing,crore,INR,,,SRC02562,HIGH,current,yes,FY FY24 | basis consolidated | cons yes
CL04275,S0163,XpressBees,net_loss,370,press-quoted-filing,crore,INR,,,SRC02563,MEDIUM,current,yes,FY FY25 | basis consolidated | cons yes
CL04276,S0163,XpressBees,total_revenue,1000,press-quoted-filing,crore,INR,,,SRC02565,LOW,current,yes,FY FY25 | basis standalone | cons no
CL04277,S0163,XpressBees,total_income,2940,press-quoted-filing,crore,INR,,,SRC02562,HIGH,current,yes,FY FY24 | basis consolidated | cons yes
CL04278,S0164,Fundly.ai,total_revenue,30.1,press-quoted-filing,crore,INR,,,SRC02571,MEDIUM,current,yes,FY FY25 | basis standalone | cons no
CL04279,S0164,Fundly.ai,total_revenue,6.6,press-quoted-filing,crore,INR,,,SRC02571,MEDIUM,current,yes,FY FY24 | basis standalone | cons no
CL04280,S0164,Fundly.ai,net_loss,11,press-quoted-filing,crore,INR,,,SRC02571,MEDIUM,current,yes,FY FY25 | basis standalone | cons no
CL04281,S0164,Fundly.ai,net_loss,5.8,press-quoted-filing,crore,INR,,,SRC02571,MEDIUM,current,yes,FY FY24 | basis standalone | cons no
CL04282,S0164,Fundly.ai,annual_revenue_range,10,estimate,crore,INR,,,SRC02576,LOW,current,yes,FY FY25 | basis standalone | cons no
CL04283,S0165,Mitigata,total_revenue,40,management,crore,INR,,,SRC02587,MEDIUM,current,yes,FY FY25 | basis standalone | cons no
CL04284,S0167,RentoMojo,revenue,2660000000,press-quoted-filing,,INR,,,SRC02606,,current,yes,FY FY25 | basis  | cons 
CL04285,S0167,RentoMojo,pat,431000000,press-quoted-filing,,INR,,,SRC02606,,current,yes,FY FY25 | basis  | cons 
CL04286,S0167,RentoMojo,total_revenue,1201.02,press-quoted-filing,million,INR,,,SRC02607,HIGH,current,yes,FY FY23 | basis standalone | cons no
CL04287,S0167,RentoMojo,pat,44.1,press-quoted-filing,million,INR,,,SRC02607,HIGH,current,yes,FY FY23 | basis standalone | cons no
CL04288,S0167,RentoMojo,ebitda_margin,42.73,press-quoted-filing,percent,INR,,,SRC02607,HIGH,current,yes,FY FY23 | basis standalone | cons no
CL04289,S0167,RentoMojo,total_revenue,1927.01,press-quoted-filing,million,INR,,,SRC02607,HIGH,current,yes,FY FY24 | basis standalone | cons no
CL04290,S0167,RentoMojo,pat,224.12,press-quoted-filing,million,INR,,,SRC02607,HIGH,current,yes,FY FY24 | basis standalone | cons no
CL04291,S0167,RentoMojo,ebitda_margin,39.92,press-quoted-filing,percent,INR,,,SRC02607,HIGH,current,yes,FY FY24 | basis standalone | cons no
CL04292,S0167,RentoMojo,ebitda,78.23,press-quoted-filing,crore,INR,,,SRC02606,HIGH,current,yes,FY FY24 | basis standalone | cons no
CL04293,S0167,RentoMojo,total_revenue,2659.59,press-quoted-filing,million,INR,,,SRC02607,HIGH,current,yes,FY FY25 | basis standalone | cons no
CL04294,S0167,RentoMojo,pat,431.06,press-quoted-filing,million,INR,,,SRC02607,HIGH,current,yes,FY FY25 | basis standalone | cons no
CL04295,S0167,RentoMojo,ebitda,118.41,press-quoted-filing,crore,INR,,,SRC02606,HIGH,current,yes,FY FY25 | basis standalone | cons no
CL04296,S0167,RentoMojo,ebitda_margin,43.55,press-quoted-filing,percent,INR,,,SRC02607,HIGH,current,yes,FY FY25 | basis standalone | cons no
CL04297,S0167,RentoMojo,roce,25.1,press-quoted-filing,percent,INR,,,SRC02606,HIGH,current,yes,FY FY25 | basis standalone | cons no
CL04298,S0167,RentoMojo,total_revenue,1766.1,press-quoted-filing,million,INR,,,SRC02608,HIGH,current,yes,FY H1-FY26 | basis standalone | cons no
CL04299,S0167,RentoMojo,pat,613.8,press-quoted-filing,million,INR,,,SRC02608,HIGH,current,yes,FY H1-FY26 | basis standalone | cons no
CL04300,S0167,RentoMojo,total_revenue,3870,press-quoted-filing,million,INR,,,SRC02609,MEDIUM,current,yes,FY FY26 | basis standalone | cons no
CL04301,S0167,RentoMojo,pat,1043,press-quoted-filing,million,INR,,,SRC02609,MEDIUM,current,yes,FY FY26 | basis standalone | cons no
CL04302,S0168,Blinkit,adjusted ebitda,370000000,management,,INR,,,SRC02615,,current,yes,FY Q4 FY26 | basis  | cons 
CL04303,S0168,Blinkit,revenue (reported 674% yoy on inventory-model transition),132320000000,management,,INR,,,SRC02616,,current,yes,FY Q4 FY26 | basis  | cons 
CL04304,S0169,Juniper Green Energy,total income,804.93,press-quoted-filing,INR Cr,INR,,,SRC02621,HIGH,current,yes,FY FY26 | basis  | cons 
CL04305,S0169,Juniper Green Energy,total income,569.78,press-quoted-filing,INR Cr,INR,,,SRC02621,HIGH,current,yes,FY FY25 | basis  | cons 
CL04306,S0169,Juniper Green Energy,profit after tax,40.46,press-quoted-filing,INR Cr,INR,,,SRC02621,HIGH,current,yes,FY FY26 | basis  | cons 
CL04307,S0169,Juniper Green Energy,ebitda,692.18,press-quoted-filing,INR Cr,INR,,,SRC02621,HIGH,current,yes,FY FY26 | basis  | cons 
CL04308,S0169,Juniper Green Energy,total borrowings,12920.54,press-quoted-filing,INR Cr,INR,,,SRC02621,HIGH,current,yes,FY FY26 | basis  | cons 
CL04309,S0170,Serentica Renewables,renewable energy capacity,2900,management,MW,N/A,,,SRC02623,HIGH,current,yes,FY  | basis  | cons 
CL04310,S0170,Serentica Renewables,planned investment rajasthan,100000,management,INR Cr,INR,,,SRC02628,MEDIUM,current,yes,FY  | basis  | cons 
CL04311,S0170,Serentica Renewables,target annual clean energy,50,management,billion units,N/A,,,SRC02623,MEDIUM,current,yes,FY  | basis  | cons 
CL04312,S0171,Swiggy,revenue,15226.76,press-quoted-filing,INR Cr,INR,,,SRC02632,HIGH,current,yes,FY FY25 | basis  | cons 
CL04313,S0171,Swiggy,revenue,11247.39,press-quoted-filing,INR Cr,INR,,,SRC02632,HIGH,current,yes,FY FY24 | basis  | cons 
CL04314,S0171,Swiggy,revenue,8264.6,press-quoted-filing,INR Cr,INR,,,SRC02632,HIGH,current,yes,FY FY23 | basis  | cons 
CL04315,S0171,Swiggy,revenue,5704.9,press-quoted-filing,INR Cr,INR,,,SRC02632,HIGH,current,yes,FY FY22 | basis  | cons 
CL04316,S0171,Swiggy,net loss,3114.23,press-quoted-filing,INR Cr,INR,,,SRC02632,HIGH,current,yes,FY FY25 | basis  | cons 
CL04317,S0171,Swiggy,net loss,2343.63,press-quoted-filing,INR Cr,INR,,,SRC02632,HIGH,current,yes,FY FY24 | basis  | cons 
CL04318,S0171,Swiggy,instamart loss,3835,press-quoted-filing,INR Cr,INR,,,SRC02632,HIGH,current,yes,FY FY26 | basis  | cons 
CL04319,S0171,Swiggy,platform business profit (ex-instamart),416,press-quoted-filing,INR Cr,INR,,,SRC02632,HIGH,current,yes,FY FY26 | basis  | cons 
CL04320,S0171,Swiggy,consolidated net loss,1092,press-quoted-filing,INR Cr,INR,,,SRC02632,HIGH,current,yes,FY Q2 FY26 | basis  | cons 
CL04321,S0172,Bonkers Corner,operating revenue,123,press-quoted-filing,INR Cr,INR,,,SRC02638,HIGH,current,yes,FY FY25 | basis  | cons 
CL04322,S0172,Bonkers Corner,profit,4.3,press-quoted-filing,INR Cr,INR,,,SRC02638,HIGH,current,yes,FY FY25 | basis  | cons 
CL04323,S0172,Bonkers Corner,revenue growth,23,press-quoted-filing,% YoY,INR,,,SRC02638,HIGH,current,yes,FY FY25 | basis  | cons 
CL04324,S0173,immunitoAI,funding raised,6.1,press-quoted-filing,USD Mn,USD,,,SRC02644,HIGH,current,yes,FY  | basis  | cons 
CL04325,S0173,immunitoAI,seed/bridge funding,1.8,press-quoted-filing,USD Mn,USD,,,SRC02644,HIGH,current,yes,FY  | basis  | cons 
CL04326,S0174,BigEndian Semiconductors,paid-up capital,312300,audited,INR,INR,,,SRC02651,HIGH,current,yes,FY FY25 | basis  | cons 
CL04327,S0174,BigEndian Semiconductors,total funding raised,9000000,press-quoted-filing,USD,USD,,,SRC02657,HIGH,current,yes,FY FY26 | basis  | cons 
CL04328,S0175,Mojro Technologies,revenue,10.6,press-quoted-filing,Cr INR,INR,,,SRC02664,HIGH,current,yes,FY FY25 | basis  | cons 
CL04329,S0175,Mojro Technologies,net loss,983000,press-quoted-filing,INR,INR,,,SRC02664,HIGH,current,yes,FY FY25 | basis  | cons 
CL04330,S0175,Mojro Technologies,total funding raised,6150000,press-quoted-filing,USD,USD,,,SRC02662,HIGH,current,yes,FY FY25 | basis  | cons 
CL04331,S0176,Neo (Neo Investment Value Advisors),operating revenue range,1.0,press-quoted-filing,crore,INR,,,SRC02667,MEDIUM,current,yes,FY FY24 | basis  | cons 
CL04332,S0176,Neo (Neo Investment Value Advisors),authorized share capital,5260400000,audited,INR,INR,,,SRC02673,HIGH,current,yes,FY FY24 | basis  | cons 
CL04333,S0176,Neo (Neo Investment Value Advisors),paid-up capital,5111000000,audited,INR,INR,,,SRC02673,HIGH,current,yes,FY FY24 | basis  | cons 
CL04334,S0176,Neo (Neo Investment Value Advisors),total funding raised,997.46,press-quoted-filing,Cr INR,INR,,,SRC02668,HIGH,current,yes,FY  | basis  | cons 
CL04335,S0177,Capillary Technologies,consolidated revenue,7345.99,audited,Mn INR,INR,,,SRC02676,HIGH,current,yes,FY FY26 | basis  | cons 
CL04336,S0177,Capillary Technologies,profit after tax,523.88,audited,Mn INR,INR,,,SRC02676,HIGH,current,yes,FY FY26 | basis  | cons 
CL04337,S0177,Capillary Technologies,consolidated revenue,5982.59,audited,Mn INR,INR,,,SRC02676,HIGH,current,yes,FY FY25 | basis  | cons 
CL04338,S0177,Capillary Technologies,arr,765,management,Cr INR,INR,,,SRC02676,HIGH,current,yes,FY FY26 | basis  | cons 
CL04339,S0177,Capillary Technologies,revenue guidance,1065,management,Cr INR,INR,,,SRC02681,HIGH,current,yes,FY FY27 | basis  | cons 
CL04340,S0178,PowerUp Money,total funding raised,19085999,press-quoted-filing,USD,USD,,,SRC02689,HIGH,current,yes,FY  | basis  | cons 
CL04341,S0178,PowerUp Money,aum,12500,management,Cr INR,INR,,,SRC02684,HIGH,current,yes,FY  | basis  | cons 
CL04342,S0178,PowerUp Money,paid subscribers,25000,management,count,INR,,,SRC02686,HIGH,current,yes,FY  | basis  | cons 
CL04343,S0178,PowerUp Money,total customers,500000,management,count,INR,,,SRC02684,MEDIUM,current,yes,FY  | basis  | cons 
CL04344,S0185,Elivaas,revenue_target,120,management,crore,INR,,,SRC02737,MEDIUM,current,yes,FY FY26E | basis  | cons 
CL04345,S0185,Elivaas,total_revenue,17.96,press-quoted-filing,crore,INR,,,SRC02729,MEDIUM,current,yes,FY FY25 | basis standalone | cons no
CL04346,S0185,Elivaas,annualized_revenue_run_rate,200,management,crore,INR,,,SRC02728,MEDIUM,current,yes,FY FY26E | basis standalone | cons no
CL04347,S0185,Elivaas,revenue_target,120,management,crore,INR,,,SRC02737,LOW,current,yes,FY FY26E | basis standalone | cons no
CL04348,S0188,Zerodha,revenue,8500,press-quoted-filing,crore,INR,,,SRC02749,MEDIUM,current,yes,FY FY26 | basis  | cons 
CL04349,S0188,Zerodha,net profit,4300,press-quoted-filing,crore,INR,,,SRC02749,MEDIUM,current,yes,FY FY26 | basis  | cons 
CL04350,S0196,Goldi Solar,manufacturing capacity,15.2,press-quoted-filing,GW,USD,,,SRC02790,MEDIUM,current,yes,FY FY25 | basis  | cons 
CL04351,S0197,Kiwi (Gokiwi Tech),total_revenue,3.83,press-quoted-filing,crore,INR,,,SRC02797,HIGH,current,yes,FY FY25 | basis standalone | cons no
CL04352,S0197,Kiwi (Gokiwi Tech),net_profit,-64.2,press-quoted-filing,crore,INR,,,SRC02797,HIGH,current,yes,FY FY25 | basis standalone | cons no
CL04353,S0197,Kiwi (Gokiwi Tech),total_income,9.6,press-quoted-filing,crore,INR,,,SRC02797,HIGH,current,yes,FY FY25 | basis standalone | cons no
CL04354,S0197,Kiwi (Gokiwi Tech),total_expenses,73.8,press-quoted-filing,crore,INR,,,SRC02797,HIGH,current,yes,FY FY25 | basis standalone | cons no
CL04355,S0197,Kiwi (Gokiwi Tech),total_revenue,3.6,press-quoted-filing,crore,INR,,,SRC02797,HIGH,current,yes,FY FY24 | basis standalone | cons no
CL04356,S0197,Kiwi (Gokiwi Tech),net_profit,-24.8,press-quoted-filing,crore,INR,,,SRC02797,HIGH,current,yes,FY FY24 | basis standalone | cons no
CL04357,S0200,Aurm,revenue,285,press-quoted-filing,INR,INR,,,SRC02828,HIGH,current,yes,FY FY25 | basis  | cons 
CL04358,S0200,Aurm,net_loss,33.37,press-quoted-filing,INR,INR,,,SRC02828,HIGH,current,yes,FY FY25 | basis  | cons 
CL04359,S0200,Aurm,net_profit,0.72,press-quoted-filing,INR,INR,,,SRC02826,HIGH,current,yes,FY FY26 | basis  | cons 
CL04360,S0202,Prozo,revenue_from_operations,128,press-quoted-filing,INR,INR,,,SRC02844,HIGH,current,yes,FY FY23 | basis  | cons 
CL04361,S0202,Prozo,revenue_from_operations,166,press-quoted-filing,INR,INR,,,SRC02844,HIGH,current,yes,FY FY24 | basis  | cons 
CL04362,S0202,Prozo,revenue,174,press-quoted-filing,INR,INR,,,SRC02841,HIGH,current,yes,FY FY25 | basis  | cons 
CL04363,S0202,Prozo,revenue,275,management,INR,INR,,,SRC02845,MEDIUM,current,yes,FY FY26 | basis  | cons 
CL04364,S0209,Arohan Financial Services,revenue,1000,press-quoted-filing,INR Cr,INR,,,SRC02875,MEDIUM,current,yes,FY FY25 | basis  | cons 
CL04365,S0209,Arohan Financial Services,aum,5357,management,crore,INR,,,SRC02877,MEDIUM,current,yes,FY FY23 | basis standalone | cons no
CL04366,S0209,Arohan Financial Services,gross_npa,3,management,percent,INR,,,SRC02877,MEDIUM,current,yes,FY FY23 | basis standalone | cons no
CL04367,S0209,Arohan Financial Services,net_npa,0.25,management,percent,INR,,,SRC02877,MEDIUM,current,yes,FY FY23 | basis standalone | cons no
CL04368,S0209,Arohan Financial Services,total_revenue,1000,press-quoted-filing,crore,INR,,,SRC02875,MEDIUM,current,yes,FY FY25 | basis standalone | cons no
CL04369,S0209,Arohan Financial Services,aum,6308,DRHP,crore,INR,,,SRC02874,HIGH,current,yes,FY FY25 | basis standalone | cons no
CL04370,S0210,Ather Energy,revenue from operations,3671.76,audited,INR Cr,INR,,,SRC02892,HIGH,current,yes,FY FY26 | basis  | cons 
CL04371,S0210,Ather Energy,net loss,517,audited,INR Cr,INR,,,SRC02897,HIGH,current,yes,FY FY26 | basis  | cons 
CL04372,S0211,Nexedge Capital,total_revenue,994667.64,estimate,USD,USD,,,SRC02910,LOW,current,yes,FY FY25 | basis standalone | cons no
CL04373,S0211,Nexedge Capital,aum,23000,press-quoted-filing,crore,INR,,,SRC02903,MEDIUM,current,yes,FY FY25 | basis standalone | cons no
CL04374,S0211,Nexedge Capital,aum,3000000000,press-quoted-filing,USD,USD,,,SRC02904,MEDIUM,current,yes,FY FY25 | basis standalone | cons no
CL04375,S0211,Nexedge Capital,assets_under_advice,5000000000,press-quoted-filing,USD,USD,,,SRC02912,MEDIUM,current,yes,FY FY25 | basis standalone | cons no
CL04376,S0212,Shiprocket,revenue growth,34,press-quoted-filing,% YoY,INR,,,SRC02920,MEDIUM,current,yes,FY Q1 FY27 | basis  | cons 
CL04377,S0213,Navana.ai,total_revenue,2130000,press-quoted-filing,INR,INR,,,SRC02927,MEDIUM,current,yes,FY FY25 | basis standalone | cons no
CL04378,S0213,Navana.ai,employee_expense,285000,press-quoted-filing,INR,INR,,,SRC02937,LOW,current,yes,FY FY25 | basis standalone | cons no
CL04379,S0213,Navana.ai,net_profit,-616000,press-quoted-filing,INR,INR,,,SRC02938,MEDIUM,current,yes,FY FY25 | basis standalone | cons no
CL04380,S0215,PumPumPum,assets_under_management,100,company_reported,crore,INR,,,SRC02956,MEDIUM,current,yes,FY FY26 | basis standalone | cons no
CL04381,S0215,PumPumPum,vehicle_count,1000,company_reported,vehicles,,,,SRC02956,MEDIUM,current,yes,FY FY26 | basis standalone | cons no
CL04382,S0215,PumPumPum,revenue_growth_rate,70,company_reported,percent,,,,SRC02956,MEDIUM,current,yes,FY FY26 | basis standalone | cons no
CL04383,S0226,Comet,total_revenue,7300000,press-quoted-filing,crore,INR,,,SRC03022,HIGH,current,yes,FY FY24 | basis standalone | cons no
CL04384,S0226,Comet,total_revenue,29100000,press-quoted-filing,crore,INR,,,SRC03022,HIGH,current,yes,FY FY25 | basis standalone | cons no
CL04385,S0226,Comet,other_income,2700000,press-quoted-filing,crore,INR,,,SRC03022,HIGH,current,yes,FY FY25 | basis standalone | cons no
CL04386,S0226,Comet,net_profit,-4400000,press-quoted-filing,crore,INR,,,SRC03022,HIGH,current,yes,FY FY25 | basis standalone | cons no
CL04387,S0226,Comet,total_expenses,36100000,press-quoted-filing,crore,INR,,,SRC03022,HIGH,current,yes,FY FY25 | basis standalone | cons no
CL04388,S0227,Balaji Wafers,revenue,65.48,press-quoted,billion,INR,,,SRC03031,MEDIUM,current,yes,FY FY25 | basis  | cons 
CL04389,S0228,CleverTap,net_profit,52.22,press-quoted-filing,crore,INR,,,SRC03038,MEDIUM,current,yes,FY FY22 | basis standalone | cons no
CL04390,S0228,CleverTap,net_profit,30.45,press-quoted-filing,crore,INR,,,SRC03038,MEDIUM,current,yes,FY FY23 | basis standalone | cons no
CL04391,S0228,CleverTap,revenue_growth,46.3,press-quoted-filing,percent,INR,,,SRC03038,MEDIUM,current,yes,FY FY23 | basis standalone | cons no
CL04392,S0228,CleverTap,total_revenue,430.55,press-quoted-filing,crore,INR,,,SRC03038,MEDIUM,current,yes,FY FY24 | basis standalone | cons no
CL04393,S0228,CleverTap,net_profit,30.41,press-quoted-filing,crore,INR,,,SRC03038,MEDIUM,current,yes,FY FY24 | basis standalone | cons no
CL04394,S0228,CleverTap,total_revenue,523.1,estimate,crore,INR,,,SRC03042,MEDIUM,current,yes,FY FY25 | basis standalone | cons no
CL04395,S0228,CleverTap,revenue_growth,17.91,estimate,percent,INR,,,SRC03042,MEDIUM,current,yes,FY FY25 | basis standalone | cons no
CL04396,S0237,Uolo,revenue,88.12,press-quoted-filing,lakh,INR,,,SRC00693,MEDIUM,current,yes,FY FY20 | basis  | cons 
CL04397,S0238,AgroStar,operating revenue,747,press-quoted-filing,crore,INR,,,SRC03102,HIGH,current,yes,FY FY24 | basis  | cons 
CL04398,S0238,AgroStar,operating_revenue,747,press-quoted-filing,crore,INR,,,SRC03102,HIGH,current,yes,FY FY24 | basis consolidated | cons yes
CL04399,S0238,AgroStar,operating_revenue,853,press-quoted-filing,crore,INR,,,SRC03107,HIGH,current,yes,FY FY25 | basis consolidated | cons yes
CL04400,S0238,AgroStar,total_income,864,press-quoted-filing,crore,INR,,,SRC03107,HIGH,current,yes,FY FY25 | basis consolidated | cons yes
CL04401,S0238,AgroStar,net_loss,143.5,press-quoted-filing,crore,INR,,,SRC03107,HIGH,current,yes,FY FY25 | basis consolidated | cons yes
CL04402,S0238,AgroStar,total_expenses,1008,press-quoted-filing,crore,INR,,,SRC03107,HIGH,current,yes,FY FY25 | basis consolidated | cons yes
CL04403,S0238,AgroStar,net_loss,327,press-quoted-filing,crore,INR,,,SRC03107,HIGH,current,yes,FY FY24 | basis consolidated | cons yes
CL04404,S0238,AgroStar,operating_revenue,260,press-quoted-filing,crore,INR,,,SRC03109,MEDIUM,current,yes,FY FY22 | basis consolidated | cons yes
CL04405,S0238,AgroStar,revenue,762,press-quoted-filing,crore,INR,,,SRC03126,MEDIUM,current,yes,FY FY24 | basis standalone | cons no
CL04406,S0241,Arya.ag (Arya),revenue,447.0,press-quoted-filing,crore,INR,,,SRC03163,MEDIUM,current,yes,FY FY25 | basis  | cons 
CL04407,S0241,Arya.ag (Arya),net_profit,7.58,press-quoted-filing,crore,INR,,,SRC03158,MEDIUM,current,yes,FY FY23 | basis  | cons 
CL04408,S0241,Arya.ag (Arya),net_revenue,360,press-quoted-filing,crore,INR,,,SRC03158,MEDIUM,current,yes,FY FY24 | basis  | cons 
CL04409,S0241,Arya.ag (Arya),net_profit,17,press-quoted-filing,crore,INR,,,SRC03158,MEDIUM,current,yes,FY FY24 | basis  | cons 
CL04410,S0241,Arya.ag (Arya),net_revenue,450,press-quoted-filing,crore,INR,,,SRC03150,HIGH,current,yes,FY FY25 | basis  | cons 
CL04411,S0241,Arya.ag (Arya),net_profit,340,press-quoted-filing,million,INR,,,SRC03150,HIGH,current,yes,FY FY25 | basis  | cons 
CL04412,S0241,Arya.ag (Arya),total_revenue,447,press-quoted-filing,crore,INR,,,SRC03163,MEDIUM,current,yes,FY FY25 | basis  | cons 
CL04413,S0241,Arya.ag (Arya),net_revenue,300,press-quoted-filing,crore,INR,,,SRC03156,HIGH,current,yes,FY H1-FY26 | basis  | cons 
CL04414,S0241,Arya.ag (Arya),net_profit,31.5,press-quoted-filing,crore,INR,,,SRC03156,HIGH,current,yes,FY H1-FY26 | basis  | cons 
CL04415,S0241,Arya.ag (Arya),aum,506,DRHP,crore,INR,,,SRC03159,HIGH,current,yes,FY FY24 | basis  | cons 
CL04416,S0241,Arya.ag (Arya),cumulative_disbursement,1400,DRHP,crore,INR,,,SRC03159,HIGH,current,yes,FY FY24 | basis  | cons 
CL04417,S0241,Arya.ag (Arya),nbfc_disbursement,2000,press-quoted-filing,crore,INR,,,SRC03153,HIGH,current,yes,FY FY25 | basis  | cons 
CL04418,S0241,Arya.ag (Arya),total_facilitated_financing,12000,press-quoted-filing,crore,INR,,,SRC03153,HIGH,current,yes,FY FY25 | basis  | cons 
CL04419,S0242,Hubilo,revenue,10.0,press-quoted-filing,crore,INR,,,SRC00088,LOW,current,yes,FY FY25 | basis  | cons 
CL04420,S0246,Vecton AI,total_revenue,100000,press-quoted-filing,lakh,INR,,,SRC03185,MEDIUM,current,yes,FY FY25 | basis standalone | cons no
CL04421,S0248,Ammunic Systems,total_revenue,100,audited,INR,INR,,,SRC03202,LOW,current,yes,FY FY25 | basis standalone | cons no
CL04422,S0248,Ammunic Systems,total_revenue,40,press-quoted-filing,crore,INR,,,SRC03200,MEDIUM,current,yes,FY FY24-25 | basis standalone | cons no
CL04423,S0248,Ammunic Systems,total_revenue,1.18,estimate,million,USD,,,SRC03206,LOW,current,yes,FY FY25 | basis standalone | cons no
CL04424,S0255,Niyo,total_revenue,123.4,press-quoted-filing,crore,INR,,,SRC03234,HIGH,current,yes,FY FY25 | basis standalone | cons no
CL04425,S0255,Niyo,total_expenses,214,press-quoted-filing,crore,INR,,,SRC03234,MEDIUM,current,yes,FY FY25 | basis standalone | cons no
CL04426,S0255,Niyo,net_profit,-77.8,press-quoted-filing,crore,INR,,,SRC03234,HIGH,current,yes,FY FY25 | basis standalone | cons no
CL04427,S0255,Niyo,total_revenue,93.84,press-quoted-filing,crore,INR,,,SRC03242,HIGH,current,yes,FY FY24 | basis standalone | cons no
CL04428,S0255,Niyo,net_profit,-143.47,press-quoted-filing,crore,INR,,,SRC03242,HIGH,current,yes,FY FY24 | basis standalone | cons no
CL04429,S0256,SatSure,total_revenue,35,press-quoted-filing,crore,INR,,,SRC03265,MEDIUM,current,yes,FY FY25 | basis standalone | cons no
CL04430,S0256,SatSure,total_revenue,13.3,estimate,million,USD,,,SRC03271,LOW,current,yes,FY FY24 | basis standalone | cons no
CL04431,S0256,SatSure,total_revenue,21.1,estimate,million,USD,,,SRC03271,LOW,current,yes,FY FY25 | basis standalone | cons no
CL04432,S0258,VerSe Innovation,revenue_from_operations,1930,press-quoted-filing,,INR,,,,HIGH,current,yes,FY FY25 | basis  | cons 
CL04433,S0258,VerSe Innovation,revenue_from_operations,1261,press-quoted-filing,,INR,,,,HIGH,current,yes,FY FY24 | basis  | cons 
CL04434,S0258,VerSe Innovation,revenue_from_operations,1457,press-quoted-filing,,INR,,,,HIGH,current,yes,FY FY23 | basis  | cons 
CL04435,S0258,VerSe Innovation,total_disclosed_funding,1906,T3 database,,USD,,,,MEDIUM,current,yes,FY FY25 | basis  | cons 
CL04436,S0258,VerSe Innovation,total_revenue,2071,press-quoted-filing,,INR,,,,HIGH,current,yes,FY FY25 | basis  | cons 
CL04437,S0258,VerSe Innovation,ebitda_burn_excl_non_cash,-738,press-quoted-filing,,INR,,,,HIGH,current,yes,FY FY25 | basis  | cons 
CL04438,S0258,VerSe Innovation,total_revenue,1261,press-quoted-filing,,INR,,,,HIGH,current,yes,FY FY24 | basis  | cons 
CL04439,S0258,VerSe Innovation,ebitda_burn_excl_non_cash,-710,press-quoted-filing,,INR,,,,HIGH,current,yes,FY FY24 | basis  | cons 
CL04440,S0258,VerSe Innovation,net_loss,-1909,press-quoted-filing,,INR,,,,HIGH,current,yes,FY FY23 | basis  | cons 
CL04441,S0258,VerSe Innovation,revenue_from_operations,964.7,press-quoted-filing,,INR,,,,HIGH,current,yes,FY FY22 | basis  | cons 
CL04442,S0258,VerSe Innovation,revenue_from_operations,1930,audited,crore,INR,,,SRC03295,HIGH,current,yes,FY FY25 | basis  | cons 
CL04443,S0258,VerSe Innovation,total_revenue,2071,audited,crore,INR,,,SRC03296,HIGH,current,yes,FY FY25 | basis  | cons 
CL04444,S0258,VerSe Innovation,net_loss,-963,audited,crore,INR,,,SRC03296,HIGH,current,yes,FY FY25 | basis  | cons 
CL04445,S0258,VerSe Innovation,ebitda_burn_excl_non_cash,-738,press-quoted-filing,crore,INR,,,SRC03295,HIGH,current,yes,FY FY25 | basis  | cons 
CL04446,S0258,VerSe Innovation,advertising_revenue,1548,audited,crore,INR,,,SRC03296,HIGH,current,yes,FY FY25 | basis  | cons 
CL04447,S0258,VerSe Innovation,subscription_revenue,190,audited,crore,INR,,,SRC03296,HIGH,current,yes,FY FY25 | basis  | cons 
CL04448,S0258,VerSe Innovation,virtual_assets_revenue,161,audited,crore,INR,,,SRC03296,HIGH,current,yes,FY FY25 | basis  | cons 
CL04449,S0258,VerSe Innovation,revenue_from_operations,1029,audited,crore,INR,,,SRC03298,HIGH,current,yes,FY FY24 | basis  | cons 
CL04450,S0258,VerSe Innovation,total_revenue,1261,press-quoted-filing,crore,INR,,,SRC03296,HIGH,current,yes,FY FY24 | basis  | cons 
CL04451,S0258,VerSe Innovation,net_loss,-896,audited,crore,INR,,,SRC03296,HIGH,current,yes,FY FY24 | basis  | cons 
CL04452,S0258,VerSe Innovation,ebitda_burn_excl_non_cash,-920,press-quoted-filing,crore,INR,,,SRC03295,HIGH,current,yes,FY FY24 | basis  | cons 
CL04453,S0258,VerSe Innovation,total_expenses,2148.5,audited,crore,INR,,,SRC03296,HIGH,current,yes,FY FY24 | basis  | cons 
CL04454,S0258,VerSe Innovation,revenue_from_operations,1046.8,audited,crore,INR,,,SRC03304,HIGH,current,yes,FY FY23 | basis  | cons 
CL04455,S0258,VerSe Innovation,net_loss,-1878.4,audited,crore,INR,,,SRC03304,HIGH,current,yes,FY FY23 | basis  | cons 
CL04456,S0258,VerSe Innovation,revenue_from_operations,964.7,press-quoted-filing,crore,INR,,,SRC03293,HIGH,current,yes,FY FY22 | basis  | cons 
CL04457,S0278,Tonbo Imaging,total_revenue,97,press-quoted-filing,crore,INR,,,SRC03377,HIGH,current,yes,FY FY23 | basis  | cons 
CL04458,S0278,Tonbo Imaging,total_revenue,428,press-quoted-filing,crore,INR,,,SRC03376,HIGH,current,yes,FY FY24 | basis  | cons 
CL04459,S0278,Tonbo Imaging,total_revenue,469,press-quoted-filing,crore,INR,,,SRC03376,HIGH,current,yes,FY FY25 | basis  | cons 
CL04460,S0278,Tonbo Imaging,net_profit,72.8,press-quoted-filing,crore,INR,,,SRC03376,HIGH,current,yes,FY FY25 | basis  | cons 
CL04461,S0278,Tonbo Imaging,net_profit_margin,15.5,press-quoted-filing,percent,INR,,,SRC03377,HIGH,current,yes,FY FY25 | basis  | cons 
CL04462,S0278,Tonbo Imaging,total_revenue,367.9,press-quoted-filing,crore,INR,,,SRC03389,MEDIUM,current,yes,FY FY26 | basis  | cons 
CL04463,S0278,Tonbo Imaging,net_profit,362.6,press-quoted-filing,crore,INR,,,SRC03390,MEDIUM,current,yes,FY FY26 | basis  | cons 
CL04464,S0278,Tonbo Imaging,operating_revenue,299.9,press-quoted-filing,crore,INR,,,SRC03390,MEDIUM,current,yes,FY FY26 | basis  | cons 
CL04465,S0278,Tonbo Imaging,domestic_sales,337.4,press-quoted-filing,crore,INR,,,SRC03390,MEDIUM,current,yes,FY FY26 | basis  | cons 
CL04466,S0278,Tonbo Imaging,export_sales,20.2,press-quoted-filing,crore,INR,,,SRC03390,MEDIUM,current,yes,FY FY26 | basis  | cons 
CL04467,S0280,Yuma Energy,revenue_range,5768,press-quoted-filing,crore,INR,,,SRC02014,MEDIUM,current,yes,FY FY25 | basis consolidated | cons yes
CL04468,S0280,Yuma Energy,net_profit,8284,press-quoted-filing,crore,INR,,,SRC02014,LOW,current,yes,FY FY25 | basis consolidated | cons yes
CL04469,S0283,IndiQube,total_revenue,1103,press-quoted-filing,crore,INR,,,SRC03422,HIGH,current,yes,FY FY25 | basis consolidated | cons yes
CL04470,S0283,IndiQube,ebitda,660,press-quoted-filing,crore,INR,,,SRC03422,HIGH,current,yes,FY FY25 | basis consolidated | cons yes
CL04471,S0283,IndiQube,pat,7.7,press-quoted-filing,crore,INR,,,SRC03422,HIGH,current,yes,FY FY25 | basis consolidated | cons yes
CL04472,S0283,IndiQube,total_revenue,1469,press-quoted-filing,crore,INR,,,SRC03420,HIGH,current,yes,FY FY26 | basis consolidated | cons yes
CL04473,S0283,IndiQube,pat,125,press-quoted-filing,crore,INR,,,SRC03420,HIGH,current,yes,FY FY26 | basis consolidated | cons yes
CL04474,S0283,IndiQube,operating_cash_flow,304,press-quoted-filing,crore,INR,,,SRC03420,HIGH,current,yes,FY FY26 | basis consolidated | cons yes
CL04475,S0283,IndiQube,total_revenue,867.6,press-quoted-filing,crore,INR,,,SRC03425,HIGH,current,yes,FY FY24 | basis consolidated | cons yes
CL04476,S0283,IndiQube,net_loss,341.5,press-quoted-filing,crore,INR,,,SRC03424,HIGH,current,yes,FY FY24 | basis consolidated | cons yes
CL04477,S0283,IndiQube,employee_expense,93,press-quoted-filing,crore,INR,,,SRC03420,HIGH,current,yes,FY FY26 | basis consolidated | cons yes
CL04478,S0284,Smartworks,revenue from operations,1374.0,press-quoted-filing,crore,INR,,,SRC03441,HIGH,current,yes,FY FY25 | basis  | cons 
CL04479,S0284,Smartworks,net loss,63.18,press-quoted-filing,crore,INR,,,SRC03441,HIGH,current,yes,FY FY25 | basis  | cons 
CL04480,S0284,Smartworks,revenue,5462.0,press-quoted-filing,million,INR,,,SRC03436,HIGH,current,yes,FY FY26 Q4 | basis  | cons 
CL04481,S0285,Amnex Infotechnologies (Amnex),revenue growth cagr,75.0,press-quoted-filing,%,INR,,,SRC03447,HIGH,current,yes,FY FY25 | basis  | cons 
CL04482,S0287,Spinny,operating revenue,4656.1,press-quoted-filing,crore,INR,,,SRC03455,HIGH,current,yes,FY FY25 | basis  | cons 
CL04483,S0287,Spinny,net loss,423.8,press-quoted-filing,crore,INR,,,SRC03456,HIGH,current,yes,FY FY25 | basis  | cons 
CL04484,S0287,Spinny,revenue (estimated),6000.0,estimate,crore,INR,,,SRC03455,MEDIUM,current,yes,FY FY26 | basis  | cons 
CL04485,S0288,Traqo,revenue,1.9,press-quoted-filing,crore,INR,,,SRC03463,MEDIUM,current,yes,FY FY25 | basis  | cons 
CL04486,S0288,Traqo,profit after tax,1.6,press-quoted-filing,lakh,INR,,,SRC03463,MEDIUM,current,yes,FY FY25 | basis  | cons 
CL04487,S0288,Traqo,monthly freight spend under management,120.0,company_reported,crore,INR,,,SRC03462,HIGH,current,yes,FY  | basis  | cons 
CL04488,S0289,Trevel,fleet size,50.0,company_reported,vehicles,INR,,,SRC03467,HIGH,current,yes,FY  | basis  | cons 
CL04489,S0289,Trevel,rides completed,5000.0,company_reported,rides,INR,,,SRC03467,HIGH,current,yes,FY  | basis  | cons 
CL04490,S0290,Runable,users,1.5,company_reported,users,INR,,,SRC03473,HIGH,current,yes,FY  | basis  | cons 
CL04491,S0290,Runable,annualized_revenue_run_rate,2000000,company_reported,USD,USD,,,SRC03472,HIGH,current,yes,FY FY26 | basis standalone | cons no
CL04492,S0290,Runable,registered_users,1700000,company_reported,users,,,,SRC03472,HIGH,current,yes,FY FY26 | basis standalone | cons no
CL04493,S0290,Runable,token_usage_90d,1000000000000,company_reported,tokens,,,,SRC03472,MEDIUM,current,yes,FY FY26 | basis standalone | cons no
CL04494,S0290,Runable,authorized_share_capital,1000000,audited,INR,INR,,,SRC03477,HIGH,current,yes,FY  | basis standalone | cons no
CL04495,S0290,Runable,paid_up_capital,10000,audited,INR,INR,,,SRC03477,HIGH,current,yes,FY  | basis standalone | cons no
CL04496,S0291,GreenLine,planned investment,1500.0,company_reported,crore,INR,,,SRC03490,HIGH,current,yes,FY  | basis  | cons 
CL04497,S0292,IDfy,operating revenue,188.5,press-quoted-filing,crore,INR,,,SRC03495,HIGH,current,yes,FY FY25 | basis  | cons 
CL04498,S0292,IDfy,net profit,7.8,press-quoted-filing,crore,INR,,,SRC03495,HIGH,current,yes,FY FY25 | basis  | cons 
CL04499,S0292,IDfy,net loss,8.8,press-quoted-filing,crore,INR,,,SRC03495,HIGH,current,yes,FY FY24 | basis  | cons 
CL04500,S0293,QWEEN,employees,100.0,company_reported,employees,INR,,,SRC03505,HIGH,current,yes,FY  | basis  | cons 
CL04501,S0296,Nestasia,revenue/brand scale,177,press-quoted-filing,crore INR,INR,,,SRC03514,MEDIUM,current,yes,FY  | basis  | cons 
CL04502,S0296,Nestasia,total_revenue,27,press-quoted-filing,crore,INR,,,SRC03512,MEDIUM,current,yes,FY FY23 | basis standalone | cons no
CL04503,S0296,Nestasia,total_revenue,62.8,press-quoted-filing,crore,INR,,,SRC03517,MEDIUM,current,yes,FY FY24 | basis standalone | cons no
CL04504,S0296,Nestasia,total_revenue,115.0,press-quoted-filing,crore,INR,,,SRC03517,MEDIUM,current,yes,FY FY25 | basis standalone | cons no
CL04505,S0296,Nestasia,net_profit,-7.7,press-quoted-filing,crore,INR,,,SRC03517,MEDIUM,current,yes,FY FY25 | basis standalone | cons no
CL04506,S0296,Nestasia,total_revenue,177,press-quoted-filing,crore,INR,,,SRC03514,MEDIUM,current,yes,FY FY26 | basis standalone | cons no
CL04507,S0296,Nestasia,total_assets,131.6,press-quoted-filing,crore,INR,,,SRC03517,MEDIUM,current,yes,FY FY25 | basis standalone | cons no
CL04508,S0296,Nestasia,total_expenses,122.8,press-quoted-filing,crore,INR,,,SRC03517,MEDIUM,current,yes,FY FY25 | basis standalone | cons no
CL04509,S0303,Big Mishra,revenue,300,management,crore INR,INR,,,SRC03549,LOW,current,yes,FY FY26 | basis  | cons 
CL04510,S0303,Big Mishra,revenue,142,management,crore INR,INR,,,SRC03549,LOW,current,yes,FY FY22 | basis  | cons 
CL04511,S0305,Graph AI,revenue,1.08,press-quoted-filing,crore,INR,,,SRC03561,MEDIUM,current,yes,FY FY25 | basis standalone | cons no
CL04512,S0306,GROWiT India,revenue,47.5,press-quoted-filing,INR Cr,INR,,,SRC03565,MEDIUM,current,yes,FY FY25 | basis  | cons 
CL04513,S0309,Kepler Aerospace,total_revenue,10,estimate,crore,INR,,,SRC03586,LOW,current,yes,FY FY25 | basis standalone | cons no
CL04514,S0310,CARS24,loss,543.0,press-quoted-filing,crore,INR,,,SRC03593,HIGH,current,yes,FY FY25 | basis  | cons 
CL04515,S0310,CARS24,total_revenue,6917,press-quoted-filing,crore,INR,,,SRC03598,HIGH,current,yes,FY FY24 | basis standalone | cons no
CL04516,S0310,CARS24,net_profit_loss,-498,press-quoted-filing,crore,INR,,,SRC03598,HIGH,current,yes,FY FY24 | basis standalone | cons no
CL04517,S0310,CARS24,total_revenue,6233,press-quoted-filing,crore,INR,,,SRC03593,HIGH,current,yes,FY FY25 | basis consolidated | cons yes
CL04518,S0310,CARS24,net_profit_loss,-543,press-quoted-filing,crore,INR,,,SRC03593,HIGH,current,yes,FY FY25 | basis consolidated | cons yes
CL04519,S0310,CARS24,adjusted_net_revenue,651,management,crore,INR,,,SRC03596,HIGH,current,yes,FY FY26_H1 | basis consolidated | cons yes
CL04520,S0310,CARS24,adjusted_net_revenue,760,management,crore,INR,,,SRC03614,HIGH,current,yes,FY FY26_H2 | basis consolidated | cons yes
CL04521,S0310,CARS24,adjusted_ebitda_loss,-38,management,crore,INR,,,SRC03614,HIGH,current,yes,FY FY26_H2 | basis consolidated | cons yes
CL04522,S0310,CARS24,adjusted_net_revenue,1411,management,crore,INR,,,SRC03597,HIGH,current,yes,FY FY26 | basis consolidated | cons yes
CL04523,S0310,CARS24,adjusted_ebitda_loss,-357,management,crore,INR,,,SRC03597,HIGH,current,yes,FY FY26 | basis consolidated | cons yes
CL04524,S0310,CARS24,adjusted_ebitda_profit,20,management,crore,INR,,,SRC03600,HIGH,current,yes,FY FY26_Q4 | basis consolidated | cons yes
CL04525,S0315,Zaggle,net profit,26.1,press-quoted-filing,crore,INR,,,SRC03640,HIGH,current,yes,FY FY25 | basis  | cons 
CL04526,S0316,R for Rabbit,total_revenue,170,press-quoted-filing,crore,INR,,,SRC03648,HIGH,current,yes,FY FY24 | basis standalone | cons no
CL04527,S0316,R for Rabbit,net_profit,2.21,press-quoted-filing,crore,INR,,,SRC03648,HIGH,current,yes,FY FY24 | basis standalone | cons no
CL04528,S0316,R for Rabbit,annual_run_rate,30,management,million,USD,,,SRC03648,MEDIUM,current,yes,FY FY25 | basis standalone | cons no
CL04529,S0316,R for Rabbit,reserves,49.8,audited,crore,INR,,,SRC03647,MEDIUM,current,yes,FY FY24 | basis standalone | cons no
CL04530,S0316,R for Rabbit,trade_payables,19.1,audited,crore,INR,,,SRC03647,MEDIUM,current,yes,FY FY24 | basis standalone | cons no
CL04531,S0320,Cradlewise,total_revenue,10,press-quoted-filing,crore,INR,,,SRC03676,MEDIUM,current,yes,FY FY25 | basis standalone | cons no
CL04532,S0322,InsuranceDekho,total_revenue,743.6,audited,crore,INR,,,SRC03700,HIGH,current,yes,FY FY24 | basis standalone | cons no
CL04533,S0322,InsuranceDekho,net_profit,85.71,audited,crore,INR,,,SRC03700,HIGH,current,yes,FY FY24 | basis standalone | cons no
CL04534,S0322,InsuranceDekho,net_profit,-51.59,audited,crore,INR,,,SRC03700,HIGH,current,yes,FY FY23 | basis standalone | cons no
CL04535,S0322,InsuranceDekho,total_revenue,1290,press-quoted-filing,crore,INR,,,SRC03701,HIGH,current,yes,FY FY25 | basis standalone | cons no
CL04536,S0322,InsuranceDekho,net_profit,-47.5,press-quoted-filing,crore,INR,,,SRC03701,HIGH,current,yes,FY FY25 | basis standalone | cons no
CL04537,S0322,InsuranceDekho,ebitda,-31.9,press-quoted-filing,crore,INR,,,SRC03701,HIGH,current,yes,FY FY25 | basis standalone | cons no
CL04538,S0322,InsuranceDekho,total_expenditure,1352,press-quoted-filing,crore,INR,,,SRC03701,HIGH,current,yes,FY FY25 | basis standalone | cons no
CL04539,S0322,InsuranceDekho,employee_expense,153.7,press-quoted-filing,crore,INR,,,SRC03701,HIGH,current,yes,FY FY25 | basis standalone | cons no
CL04540,S0322,InsuranceDekho,advertisement_expense,258.8,press-quoted-filing,crore,INR,,,SRC03701,HIGH,current,yes,FY FY25 | basis standalone | cons no
CL04541,S0322,InsuranceDekho,point_of_sales_charges,836.8,press-quoted-filing,crore,INR,,,SRC03701,HIGH,current,yes,FY FY25 | basis standalone | cons no
CL04542,S0322,InsuranceDekho,annual_premium_run_rate,3300,management,crore,INR,,,SRC03702,MEDIUM,current,yes,FY FY24 | basis standalone | cons no
CL04543,S0347,Clear (ClearTax),revenue,19.8,estimate,USD,USD,,,SRC03805,MEDIUM,current,yes,FY  | basis  | cons 
CL04544,S0367,Zupee,total_revenue,832,press-quoted-filing,crore,INR,,,SRC03936,HIGH,current,yes,FY FY23 | basis standalone | cons no
CL04545,S0367,Zupee,net_profit,-36,press-quoted-filing,crore,INR,,,SRC03936,HIGH,current,yes,FY FY23 | basis standalone | cons no
CL04546,S0367,Zupee,total_revenue,1123,press-quoted-filing,crore,INR,,,SRC03936,HIGH,current,yes,FY FY24 | basis standalone | cons no
CL04547,S0367,Zupee,net_profit,146,press-quoted-filing,crore,INR,,,SRC03936,HIGH,current,yes,FY FY24 | basis standalone | cons no
CL04548,S0368,Vicharak,funding raised,119764,press-quoted-filing,USD,USD,,,SRC03947,HIGH,current,yes,FY FY2024 | basis  | cons 
CL04549,S0001,Juspay,traction:payment volume,$1Tn annualised TPV; ~300Mn txns/day; 500+ enterprises,traction-metric,,,2025-11,,SRC00003,MEDIUM,current,yes,annualised
CL04550,S0001,Juspay,traction:daily_transactions,300,traction-metric,million,,2025-11-12,,SRC00009,HIGH,current,yes,FY25
CL04551,S0001,Juspay,traction:annualised_tpv,1000,traction-metric,billion,,2025-11-12,,SRC00009,HIGH,current,yes,FY25
CL04552,S0001,Juspay,traction:enterprise_count,500,traction-metric,count,,2025-11-12,,SRC00019,HIGH,current,yes,FY25
CL04553,S0001,Juspay,traction:daily_transactions_historical,125,traction-metric,million,,2024-08,,SRC00029,MEDIUM,current,yes,FY24
CL04554,S0001,Juspay,traction:daily_transactions_historical,175,traction-metric,million,,2024-04,,SRC00009,HIGH,current,yes,FY25 start
CL04555,S0002,KreditBee,traction:app downloads,230M+,traction-metric,,,Mar 2026,,SRC00031,HIGH,current,yes,cumulative
CL04556,S0002,KreditBee,traction:AUM,"$1.5B / Rs 15,000cr",traction-metric,,,Mar 2026,,SRC00031,HIGH,current,yes,point-in-time
CL04557,S0002,KreditBee,traction:unique loan customers,18M+,traction-metric,,,Mar 2026,,SRC00031,MEDIUM,current,yes,cumulative
CL04558,S0002,KreditBee,traction:AUM,13141.0,traction-metric,crore,,2025-12-31,,SRC00038,HIGH,current,yes,As-of-2025-12-31
CL04559,S0002,KreditBee,traction:AUM,10102.0,traction-metric,crore,,2025-03-31,,SRC00039,HIGH,current,yes,FY25 (As-of-2025-03-31)
CL04560,S0002,KreditBee,traction:AUM,15000.0,traction-metric,crore,,2026-03-31,,SRC00031,MEDIUM,current,yes,FY26 (As-of-2026-03-31)
CL04561,S0002,KreditBee,traction:total_disbursals,30000.0,traction-metric,crore,,2026-03-31,,SRC00032,HIGH,current,yes,FY26 (Apr-2025..Mar-2026)
CL04562,S0002,KreditBee,traction:total_disbursals,24647.0,traction-metric,crore,,2025-03-31,,SRC00039,HIGH,current,yes,FY25
CL04563,S0002,KreditBee,traction:unique_loan_customers,18000000,traction-metric,count,,2026-03-31,,SRC00031,HIGH,current,yes,cumulative
CL04564,S0002,KreditBee,traction:app_downloads,230000000,traction-metric,count,,2026-03-31,,SRC00031,HIGH,current,yes,cumulative
CL04565,S0002,KreditBee,traction:registered_customers,80000000,traction-metric,count,,2026-04-08,,SRC00065,MEDIUM,current,yes,cumulative
CL04566,S0002,KreditBee,traction:co_lending_book_share,42.0,traction-metric,percent,,2025-03-31,,SRC00039,HIGH,current,yes,FY25 (As-of-2025-03-31)
CL04567,S0002,KreditBee,traction:non_metro_customer_share,77.0,traction-metric,percent,,2026-04-08,,SRC00066,MEDIUM,current,yes,point-in-time
CL04568,S0002,KreditBee,traction:repeat_borrower_share,80.0,traction-metric,percent,,2025-07-14,,SRC00039,HIGH,current,yes,point-in-time
CL04569,S0002,KreditBee,traction:cibil_above_700_share,90.0,traction-metric,percent,,2025-07-14,,SRC00039,HIGH,current,yes,Since-Apr-2022
CL04570,S0003,PhonePe,traction:UPI market share,~half of UPI payments,traction-metric,,,2026-03-01,,SRC00070,MEDIUM,current,yes,Jan 2026
CL04571,S0003,PhonePe,traction:lifetime registered users,718,traction-metric,million,,2026-07-01,,SRC00078,HIGH,current,yes,As-of-July-2026
CL04572,S0003,PhonePe,traction:lifetime registered merchants,50,traction-metric,million,,2026-07-01,,SRC00078,HIGH,current,yes,As-of-July-2026
CL04573,S0003,PhonePe,traction:customer transactions in month,11,traction-metric,billion,,2026-07-01,,SRC00078,HIGH,current,yes,July 2026
CL04574,S0003,PhonePe,traction:daily transactions,400,traction-metric,million,,2026-08-01,,SRC00078,HIGH,current,yes,As-of-August-2026
CL04575,S0003,PhonePe,traction:UPI market share,50,traction-metric,percent,,2026-01-01,,SRC00070,MEDIUM,current,yes,Jan 2026
CL04576,S0003,PhonePe,traction:daily SIP base,500000,traction-metric,count,,2026-08-03,,SRC00087,MEDIUM,current,yes,As-of-August-2026
CL04577,S0004,Razorpay,traction:merchants served,8M+,traction-metric,,,2025-01-01,,SRC00100,MEDIUM,current,yes,point-in-time
CL04578,S0004,Razorpay,traction:quarterly TPV,~$45B / ~1B txns,traction-metric,,,2025-01-01,,SRC00100,MEDIUM,current,yes,quarterly
CL04579,S0005,Zepto,traction:daily orders,1.6-1.7M/day (from 0.5M 5 quarters prior),traction-metric,,,2025-10-16,,SRC00104,HIGH,current,yes,point-in-time
CL04580,S0005,Zepto,traction:dark stores,"~1,000",traction-metric,,,2025-10-16,,SRC00104,HIGH,current,yes,point-in-time
CL04581,S0005,Zepto,traction:ad vertical ARR,"Rs 2,000cr",traction-metric,,,2025-10-16,,SRC00110,MEDIUM,current,yes,annualised
CL04582,S0005,Zepto,traction:daily_orders,2330000,traction-metric,orders/day,,2026-03-31,,SRC00108,HIGH,current,yes,As-of-2026-03
CL04583,S0005,Zepto,traction:annual_transacting_users,48000000,traction-metric,users,,2026-03-31,,SRC00108,HIGH,current,yes,FY26
CL04584,S0005,Zepto,traction:dark_stores,1139,traction-metric,stores,,2026-03-31,,SRC00108,HIGH,current,yes,FY26
CL04585,S0005,Zepto,traction:dark_stores_added_net,110,traction-metric,stores,,2026-03-31,,SRC00108,HIGH,current,yes,FY26
CL04586,S0005,Zepto,traction:daily_orders,1600000,traction-metric,orders/day,,2025-10-16,,SRC00104,HIGH,current,yes,point-in-time
CL04587,S0005,Zepto,traction:dark_stores,1000,traction-metric,stores,,2025-10-16,,SRC00104,HIGH,current,yes,point-in-time
CL04588,S0005,Zepto,traction:cities,80,traction-metric,cities,,2025-10-16,,SRC00110,MEDIUM,current,yes,point-in-time
CL04589,S0005,Zepto,traction:cities,66,traction-metric,cities,,2026-03-31,,SRC00108,HIGH,current,yes,FY26
CL04590,S0005,Zepto,traction:ad_vertical_arr,2000.0,traction-metric,crore,,2025-10-16,,SRC00110,MEDIUM,current,yes,annualised
CL04591,S0005,Zepto,traction:order_volume_cagr,119.5,traction-metric,percent,,2026-08-03,,SRC00108,HIGH,current,yes,FY24-FY26
CL04592,S0005,Zepto,traction:market_share_orders,35.0,traction-metric,percent,,2026-08-03,,SRC00108,HIGH,current,yes,FY26
CL04593,S0005,Zepto,traction:mature_store_ebitda_margin,6.5,traction-metric,percent,,2025-09-01,,SRC00108,MEDIUM,current,yes,point-in-time
CL04594,S0006,Neysa,traction:GPUs live,"~1,200 live; target 20,000+",traction-metric,,,2026-02,,SRC00115,MEDIUM,current,yes,2026-02
CL04595,S0006,Neysa,traction:GPUs live,1200,traction-metric,GPUs,,2026-02-15,,SRC00115,MEDIUM,current,yes,As-of-2026-02
CL04596,S0006,Neysa,traction:GPU deployment target,20000,traction-metric,GPUs,,2026-02-16,,SRC00114,HIGH,current,yes,FY27 target
CL04597,S0006,Neysa,traction:Hyderabad data center cluster,400,traction-metric,MW,,2025-04-18,,SRC00124,HIGH,current,yes,Announced Apr 2025
CL04598,S0006,Neysa,traction:Revenue growth expectation,3,traction-metric,x,,2026-02-17,,SRC00132,MEDIUM,current,yes,FY27
CL04599,S0007,Amagi,traction:net_revenue_retention,125.9%,traction-metric,,,2026-03-31,,SRC00139,,current,yes,2026-03-31
CL04600,S0008,CRED,traction:total_payment_value,Rs 8.5 lakh cr (+23% YoY),traction-metric,,,FY25,,SRC00147,,current,yes,FY25
CL04601,S0008,CRED,traction:lending_AUM,"Rs 22,000 cr",traction-metric,,,FY25,,SRC00147,,current,yes,FY25
CL04602,S0009,Darwinbox,traction:enterprise_customers,"1000+ enterprises, 4M+ employees, 130 countries",traction-metric,,,2025-08-01,,SRC00157,,current,yes,2025-08-01
CL04603,S0010,Emergent,traction:apps_built,12M+,traction-metric,,,2026-07-01,,SRC00168,,current,yes,2026-07-01
CL04604,S0010,Emergent,traction:ARR_run_rate,$100M (8 months post-launch),traction-metric,,,2026-02-01,,SRC00173,,current,yes,2026-02-01
CL04605,S0011,Groww,traction:active clients,12.9M (from 9.5M Mar 2024); 26%+ market share; 34 lakh new accounts in FY25,traction-metric,,,Mar 2025,,SRC00176,MEDIUM,current,yes,Mar 2025
CL04606,S0011,Groww,traction:total_transacting_users,23.2,traction-metric,million,,2026-09-16,,SRC00191,HIGH,current,yes,As of Sep 2026
CL04607,S0011,Groww,traction:total_transacting_users,21.6,traction-metric,million,,2026-03-31,,SRC00196,HIGH,current,yes,FY25-26 (as of Mar 2026)
CL04608,S0011,Groww,traction:active_users,16.7,traction-metric,million,,2026-03-31,,SRC00196,HIGH,current,yes,FY25-26 (as of Mar 2026)
CL04609,S0011,Groww,traction:active_users,18,traction-metric,million,,2025-06-30,,SRC00215,HIGH,current,yes,As of Jun 2025
CL04610,S0011,Groww,traction:total_customer_assets,3.67,traction-metric,trillion,,2026-09-16,,SRC00191,HIGH,current,yes,As of Sep 2026
CL04611,S0011,Groww,traction:total_customer_assets,2.96,traction-metric,trillion,,2026-03-31,,SRC00196,HIGH,current,yes,FY25-26 (as of Mar 2026)
CL04612,S0011,Groww,traction:mf_assets_on_platform,157000,traction-metric,crore,,2026-03-31,,SRC00196,HIGH,current,yes,FY25-26 (as of Mar 2026)
CL04613,S0011,Groww,traction:mf_assets_on_platform,191329.94,traction-metric,crore,,2026-06-30,,SRC00201,HIGH,current,yes,Q1 FY27 (as of Jun 2026)
CL04614,S0011,Groww,traction:groww_amc_aum,5491,traction-metric,crore,,2026-06-30,,SRC00201,HIGH,current,yes,Q1 FY27 (as of Jun 2026)
CL04615,S0011,Groww,traction:groww_amc_aum,5996.87,traction-metric,crore,,2026-06-30,,SRC00207,HIGH,current,yes,As of latest quarter
CL04616,S0011,Groww,traction:sip_inflows,121.11,traction-metric,billion,,2026-09-16,,SRC00191,HIGH,current,yes,As of Sep 2026
CL04617,S0011,Groww,traction:sip_inflows,46624,traction-metric,crore,,2026-03-31,,SRC00196,HIGH,current,yes,FY25-26
CL04618,S0011,Groww,traction:mtf_net_book,42.07,traction-metric,billion,,2026-09-16,,SRC00191,HIGH,current,yes,As of Sep 2026
CL04619,S0011,Groww,traction:registered_users,18,traction-metric,million,,2025-11-03,,SRC00215,HIGH,current,yes,As of Nov 2025
CL04620,S0011,Groww,traction:nse_active_clients,11.9,traction-metric,million,,2025-09-30,,SRC00195,HIGH,current,yes,Q2 FY26 (Sep 2025)
CL04621,S0011,Groww,traction:first_time_investors,15.8,traction-metric,million,,2026-03-31,,SRC00196,HIGH,current,yes,FY25-26
CL04622,S0011,Groww,traction:student_demat_accounts,8.4,traction-metric,million,,2026-03-31,,SRC00196,HIGH,current,yes,Since inception
CL04623,S0012,Gupshup,traction:messages processed,"120B+ messages/year; thousands of enterprises; 50,000+ customers (company site)",traction-metric,,,2025,,SRC00217,MEDIUM,current,yes,annual
CL04624,S0013,Krutrim,traction:enterprise customers,"25+ large enterprises across telecom, FS, consumer internet, healthcare, logistics",traction-metric,,,2026-05,,SRC00241,MEDIUM,current,yes,May 2026
CL04625,S0013,Krutrim,traction:enterprise customers,25,traction-metric,count,,2026-05-04,,SRC00241,MEDIUM,current,yes,As-of-2026-05
CL04626,S0013,Krutrim,traction:Kruti app downloads,207000,traction-metric,count,,2025-09-02,,SRC00250,MEDIUM,current,yes,As-of-2025-09
CL04627,S0013,Krutrim,traction:revenue from Ola Group,90.0,traction-metric,percent,,2026-05-05,,SRC00251,MEDIUM,current,yes,FY25
CL04628,S0013,Krutrim,traction:GPU compute capacity committed,0,traction-metric,percent,,2026-05-04,,SRC00241,MEDIUM,current,yes,As-of-2026-05
CL04629,S0014,Sarvam AI,traction:enterprise deployment,"Large fintech using agentic AI for 350,000+ sales force (unnamed); banking/insurance/gov/defense deployments",traction-metric,,,2026-06,,SRC00263,MEDIUM,current,yes,2026
CL04630,S0015,Slice,traction:loan book,"Rs 5,098cr (+55% YoY)",traction-metric,,,2026-06,,SRC00285,MEDIUM,current,yes,Q1 FY27
CL04631,S0015,Slice,traction:deposits,"Rs 5,765cr",traction-metric,,,2026-06,,SRC00285,MEDIUM,current,yes,Q1 FY27
CL04632,S0015,Slice,traction:registered users,20M+,traction-metric,,,2026,,SRC00277,MEDIUM,current,yes,2026
CL04633,S0016,upGrad,traction:Gross revenue (company-claimed),"INR 1,943 cr gross; INR 556 cr deferred",traction-metric,,,FY25,,SRC00317,MEDIUM,current,yes,FY25
CL04634,S0016,upGrad,traction:learners,10000000,traction-metric,learners,,2026-05-07,,SRC00305,MEDIUM,current,yes,As-of-2026-05
CL04635,S0016,upGrad,traction:enterprise_clients,3000,traction-metric,corporate partners,,2026-04-06,,SRC00307,MEDIUM,current,yes,As-of-2026-04
CL04636,S0016,upGrad,traction:employees,11544,traction-metric,employees,,2026-03,,SRC00309,MEDIUM,current,yes,As-of-2026-03
CL04637,S0016,upGrad,traction:academic_industry_partners,100,traction-metric,partners,,2026-09-15,,SRC00304,MEDIUM,current,yes,As-of-2026-09
CL04638,S0016,upGrad,traction:countries,85,traction-metric,countries,,2026-09-15,,SRC00330,MEDIUM,current,yes,As-of-2026-09
CL04639,S0017,BrowserStack,traction:Revenue guidance CY2026,Cross $300M,traction-metric,,,2026-01,,SRC00334,MEDIUM,current,yes,2026-01
CL04640,S0017,BrowserStack,traction:Tests/customers,"3M tests/day; 50,000+ teams",traction-metric,,,2026-01,,SRC00348,MEDIUM,current,yes,2026-01
CL04641,S0017,BrowserStack,traction:customers,50000,traction-metric,teams,,2026-01-12,,SRC00331,HIGH,current,yes,As-of-2026-01
CL04642,S0017,BrowserStack,traction:developer signups,7000000,traction-metric,developers,,2026-01-12,,SRC00351,HIGH,current,yes,As-of-2026-01
CL04643,S0017,BrowserStack,traction:tests per day,3000000,traction-metric,tests/day,,2026-01-12,,SRC00331,HIGH,current,yes,As-of-2026-01
CL04644,S0017,BrowserStack,traction:tests per year,1000000000,traction-metric,tests/year,,2026-01-12,,SRC00351,HIGH,current,yes,As-of-2026-01
CL04645,S0017,BrowserStack,traction:data centers,21,traction-metric,data centers,,2026-01-12,,SRC00351,HIGH,current,yes,As-of-2026-01
CL04646,S0017,BrowserStack,traction:real devices,3500,traction-metric,devices,,2026-01-12,,SRC00351,HIGH,current,yes,As-of-2026-01
CL04647,S0017,BrowserStack,traction:ARR milestone,100,traction-metric,million USD,,2022-12-31,,SRC00345,HIGH,current,yes,FY2022
CL04648,S0017,BrowserStack,traction:revenue growth,19.3,traction-metric,percent,,2025-12-31,,SRC00342,MEDIUM,current,yes,CY2025 y/y
CL04649,S0018,Dhan,traction:clients,crossed 1 mn,traction-metric,,,2026,,SRC00367,MEDIUM,current,yes,FY26
CL04650,S0018,Dhan,traction:active_traders,984242,traction-metric,count,,2025-12-31,,SRC00353,HIGH,current,yes,As-of-2025-12
CL04651,S0018,Dhan,traction:clients,1000000,traction-metric,count,,2026-02-01,,SRC00355,HIGH,current,yes,As-of-2026-02
CL04652,S0018,Dhan,traction:market_share,2.3,traction-metric,percent,,2026-03-31,,SRC00355,HIGH,current,yes,As-of-2026-03
CL04653,S0018,Dhan,traction:app_downloads,10000000,traction-metric,count,,2026-09-15,,SRC00360,HIGH,current,yes,As-of-2026-09
CL04654,S0018,Dhan,traction:derivatives_trading_volume,1187000,traction-metric,crore,,2026-03-31,,SRC00355,HIGH,current,yes,FY26
CL04655,S0018,Dhan,traction:commodity_trading_volume,343000,traction-metric,crore,,2026-03-31,,SRC00355,HIGH,current,yes,FY26
CL04656,S0018,Dhan,traction:mtf_book,505,traction-metric,crore,,2026-03-31,,SRC00355,HIGH,current,yes,FY26
CL04657,S0018,Dhan,traction:active_users_seed,300000,traction-metric,count,,2023-12-05,,SRC00366,HIGH,current,yes,As-of-2023-12
CL04658,S0019,PharmEasy,traction:registered_users,25000000,traction-metric,count,,2021-06-30,,SRC00389,MEDIUM,current,yes,"FY21 (as of Jun 30, 2021)"
CL04659,S0019,PharmEasy,traction:pharmeasy_orders,8800000,traction-metric,count,,2021-03-31,,SRC00389,MEDIUM,current,yes,FY21
CL04660,S0019,PharmEasy,traction:total_registrations,39000000,traction-metric,count,,2023-03-31,,SRC00390,MEDIUM,current,yes,FY23 (as of Mar 2023)
CL04661,S0019,PharmEasy,traction:pharmeasy_revenue_fy26,1334,traction-metric,crore,,2026-03-31,,SRC00386,MEDIUM,current,yes,FY26
CL04662,S0019,PharmEasy,traction:monthly_break_even,1,traction-metric,boolean,,2025-03-31,,SRC00392,MEDIUM,current,yes,Mar 2025
CL04663,S0019,PharmEasy,traction:transacting_customers,2400000,traction-metric,count,,2021-03-31,,SRC00389,MEDIUM,current,yes,FY21
CL04664,S0019,PharmEasy,traction:pin_codes_serviced,19000,traction-metric,count,,2023-03-31,,SRC00390,MEDIUM,current,yes,FY23 (as of Mar 2023)
CL04665,S0019,PharmEasy,traction:repeat_user_gmv_share,77,traction-metric,percent,,2023-03-31,,SRC00390,MEDIUM,current,yes,FY23
CL04666,S0019,PharmEasy,traction:average_order_value,2421,traction-metric,INR,,2023-03-31,,SRC00390,MEDIUM,current,yes,FY23 (Mar 2023)
CL04667,S0019,PharmEasy,traction:gmv_per_customer,5868,traction-metric,INR,,2023-03-31,,SRC00390,MEDIUM,current,yes,FY23 (Mar 2023)
CL04668,S0019,PharmEasy,traction:active_pharmacies_retailio,30000,traction-metric,count,,2023-03-31,,SRC00390,MEDIUM,current,yes,FY23 (Mar 2023)
CL04669,S0020,Snapmint,traction:monthly_active_users,7M+,traction-metric,,,2025-10-31,,SRC00408,MEDIUM,current,yes,Oct 2025
CL04670,S0020,Snapmint,traction:purchases_financed_per_month,1.5M+,traction-metric,,,2025-10-31,,SRC00407,MEDIUM,current,yes,Oct 2025
CL04671,S0020,Snapmint,traction:pincode_coverage,"23,000",traction-metric,,,2025-10-31,,SRC00407,MEDIUM,current,yes,Oct 2025
CL04672,S0021,Upstox,traction:customers,7M+,traction-metric,,,2021-11,,SRC00441,MEDIUM,current,yes,Nov 2021
CL04673,S0021,Upstox,traction:nse_active_client_market_share,4.35,traction-metric,percent,,2026-03-31,,SRC00436,HIGH,current,yes,FY26 (March 2026)
CL04674,S0021,Upstox,traction:active_clients_estimate,2400000,traction-metric,clients,,2026-02-03,,SRC00438,MEDIUM,current,yes,2026
CL04675,S0021,Upstox,traction:arpu_growth,40,traction-metric,percent,,2026-02-09,,SRC00431,HIGH,current,yes,FY26
CL04676,S0021,Upstox,traction:high_value_trader_retention,90,traction-metric,percent,,2026-02-09,,SRC00431,MEDIUM,current,yes,FY26
CL04677,S0021,Upstox,traction:nse_active_clients_total,4.57,traction-metric,crore,,2026-03-31,,SRC00436,HIGH,current,yes,FY26 (March 2026)
CL04678,S0021,Upstox,traction:commodities_daily_turnover_growth,2,traction-metric,x,,2026-02-09,,SRC00431,MEDIUM,current,yes,FY26
CL04679,S0021,Upstox,traction:commodities_revenue_growth,100,traction-metric,percent,,2026-02-09,,SRC00431,MEDIUM,current,yes,FY26
CL04680,S0021,Upstox,traction:sip_platform_volume_growth,35,traction-metric,percent,,2026-02-09,,SRC00431,MEDIUM,current,yes,FY26
CL04681,S0021,Upstox,traction:margin_trade_facility_turnover_growth,2,traction-metric,x,,2026-02-09,,SRC00431,MEDIUM,current,yes,FY26
CL04682,S0022,Udaan,traction:eB2B market share claim,~70%,traction-metric,,,2025,,SRC00452,MEDIUM,current,yes,2025
CL04683,S0022,Udaan,traction:orders shipped CY23,23M+ orders / 2.25B products,traction-metric,,,2023,,SRC00454,MEDIUM,current,yes,CY23
CL04684,S0023,ACKO,traction:customers served (company claim via Capr,75M+ customers; ~900M policies (company-claimed),traction-metric,,,2026,,SRC00470,LOW,current,yes,cumulative
CL04685,S0024,CoinSwitch Kuber,traction:registered users,2 crore+,traction-metric,,,2024-03,,SRC00488,MEDIUM,current,yes,2024
CL04686,S0025,Cult.fit (CureFit),traction:fitness centres,"708 centres, 77 cities",traction-metric,,,2026-03-31,,SRC00490,HIGH,current,yes,FY26
CL04687,S0025,Cult.fit (CureFit),traction:paid fitness members FY26,~9.9 lakh,traction-metric,,,2026-03-31,,SRC00490,HIGH,current,yes,FY26
CL04688,S0026,Fireflies AI,traction:users/orgs,20M+ users; 500k+ orgs; 2B meeting minutes; 75% Fortune 500,traction-metric,,,2025-06,,SRC00514,MEDIUM,current,yes,2025-06
CL04689,S0028,Icertis,traction:contracts managed / Fortune 100,10M+ contracts; 30%+ Fortune 100 clients,traction-metric,,,2025,,SRC00547,MEDIUM,current,yes,2025
CL04690,S0029,LeadSquared,traction:customers,2000+ customers (company claim),traction-metric,,,2022-06,,SRC00558,MEDIUM,current,yes,2022-06
CL04691,S0029,LeadSquared,traction:customers,2000,traction-metric,count,,2022-06-21,,SRC00558,MEDIUM,current,yes,2022-06
CL04692,S0029,LeadSquared,traction:customers,1800,traction-metric,count,,2025-03-31,,SRC00571,MEDIUM,current,yes,FY25
CL04693,S0029,LeadSquared,traction:customers,1000,traction-metric,count,,2024-12-31,,SRC00574,LOW,current,yes,2024
CL04694,S0029,LeadSquared,traction:countries,6,traction-metric,count,,2022-06-21,,SRC00570,HIGH,current,yes,2022-06
CL04695,S0029,LeadSquared,traction:revenue_from_india,90,traction-metric,percent,,2022-03-31,,SRC00569,MEDIUM,current,yes,FY22
CL04696,S0029,LeadSquared,traction:employee_count,1200,traction-metric,count,,2022-06-21,,SRC00570,MEDIUM,current,yes,2022-06
CL04697,S0029,LeadSquared,traction:employee_count,1300,traction-metric,count,,2024-12-31,,SRC00574,LOW,current,yes,2024-12
CL04698,S0029,LeadSquared,traction:employee_count,1063,traction-metric,count,,2026-06-30,,SRC00573,MEDIUM,current,yes,2026-06
CL04699,S0030,MoEngage,traction:enterprise customers,"1350+ brands, 75 countries",traction-metric,,,2025,,SRC00583,MEDIUM,current,yes,2025
CL04700,S0030,MoEngage,traction:ARR,tracking toward $100M,traction-metric,,,2025,,SRC00580,MEDIUM,current,yes,2025
CL04701,S0031,Moneyview,traction:registered users,125.5M (79% tier-2+),traction-metric,,,2025-12-31,,SRC00592,MEDIUM,current,yes,2025-12-31
CL04702,S0031,Moneyview,traction:digital unsecured PL share,~11% of sanctions,traction-metric,,,FY25,,SRC00592,MEDIUM,current,yes,FY25
CL04703,S0032,Mu Sigma,traction:enterprise clients,140+ Fortune 500,traction-metric,,,2025,,SRC00599,MEDIUM,current,yes,2025
CL04704,S0032,Mu Sigma,traction:fortune_500_clients,140,traction-metric,companies,,2026-09-15,,SRC00599,MEDIUM,current,yes,As-of-2026-09
CL04705,S0032,Mu Sigma,traction:industries_served,12,traction-metric,industries,,2026-09-15,,SRC00599,MEDIUM,current,yes,As-of-2026-09
CL04706,S0032,Mu Sigma,traction:years_in_operation,20,traction-metric,years,,2026-09-15,,SRC00599,HIGH,current,yes,As-of-2026-09
CL04707,S0032,Mu Sigma,traction:employees_linkedin,3684,traction-metric,employees,,2026-09-15,,SRC00603,MEDIUM,current,yes,As-of-2026-09
CL04708,S0032,Mu Sigma,traction:total_funding_raised,210.01,traction-metric,million,,2026-09-15,,SRC00604,MEDIUM,current,yes,As-of-2026-09
CL04709,S0032,Mu Sigma,traction:eco_vadis_bronze,1,traction-metric,award,,2025-12-31,,SRC00599,MEDIUM,current,yes,2025
CL04710,S0033,Netradyne,traction:customers / subscribers,"3000+ customers, 450K+ active subscribers",traction-metric,,,2025-01,,SRC00605,HIGH,current,yes,2025-01
CL04711,S0033,Netradyne,traction:driving data,20B+ miles processed; 65% growth,traction-metric,,,2025,,SRC00607,MEDIUM,current,yes,2025
CL04712,S0034,Postman,traction:developers,40M+ users; 500K+ orgs; 98% Fortune 500,traction-metric,,,2025-07,,SRC00613,HIGH,current,yes,2025-07
CL04713,S0034,Postman,traction:developers,40000000,traction-metric,users,,2025-07-23,,SRC00613,HIGH,current,yes,As-of-2025-07
CL04714,S0034,Postman,traction:organizations,500000,traction-metric,orgs,,2025-07-23,,SRC00613,HIGH,current,yes,As-of-2025-07
CL04715,S0034,Postman,traction:fortune_500_adoption,98,traction-metric,percent,,2025-07-23,,SRC00612,HIGH,current,yes,As-of-2025-07
CL04716,S0034,Postman,traction:web_traffic,2660000,traction-metric,visits,,2026-09-14,,SRC00616,MEDIUM,current,yes,Last 30d
CL04717,S0035,Zeta,traction:cards_issued_globally,25000000,traction-metric,cards,,2026-09-15,,SRC00626,HIGH,current,yes,As-of-2026-09-15
CL04718,S0035,Zeta,traction:employees,1700,traction-metric,employees,,2026-09-15,,SRC00626,MEDIUM,current,yes,As-of-2026-09-15
CL04719,S0035,Zeta,traction:daily_transactions,2000000,traction-metric,transactions/day,,2024-10-08,,SRC00645,MEDIUM,current,yes,As-of-2024-10
CL04720,S0035,Zeta,traction:payzapp_cardholders,12000000,traction-metric,cardholders,,2025-10-09,,SRC00626,HIGH,current,yes,As-of-2025-10
CL04721,S0035,Zeta,traction:arr_global,100,traction-metric,million USD,,2025-10-09,,SRC00628,MEDIUM,current,yes,FY26E
CL04722,S0035,Zeta,traction:bank_customers,10,traction-metric,banks,,2026-09-15,,SRC00643,MEDIUM,current,yes,As-of-2026-09-15
CL04723,S0035,Zeta,traction:fintech_customers,25,traction-metric,fintechs,,2026-09-15,,SRC00643,MEDIUM,current,yes,As-of-2026-09-15
CL04724,S0035,Zeta,traction:countries_operating,7,traction-metric,countries,,2026-09-15,,SRC00626,HIGH,current,yes,As-of-2026-09-15
CL04725,S0036,Flipkart,traction:India e-retail GMV (market),65,traction-metric,billion USD,,2025-12-31,,SRC00653,MEDIUM,current,yes,FY2025
CL04726,S0036,Flipkart,traction:India online shoppers,290,traction-metric,million,,2025-12-31,,SRC00653,MEDIUM,current,yes,FY2025
CL04727,S0036,Flipkart,traction:India e-retail GMV projection 2030,170,traction-metric,billion USD,,2026-04-09,,SRC00653,MEDIUM,current,yes,FY2030
CL04728,S0036,Flipkart,traction:Quick commerce GMV (market),10.5,traction-metric,billion USD,,2025-12-31,,SRC00653,MEDIUM,current,yes,FY2025
CL04729,S0036,Flipkart,traction:Flipkart FY18 GMV (historical),7.5,traction-metric,billion USD,,2018-03-31,,SRC00651,HIGH,current,yes,FY2018
CL04730,S0036,Flipkart,traction:Flipkart active users (historical),54,traction-metric,million,,2018-03-31,,SRC00651,HIGH,current,yes,FY2018
CL04731,S0037,Porter,traction:driver_partners,300000,traction-metric,count,,2025-11-04,,SRC00661,HIGH,current,yes,As-of-2025
CL04732,S0037,Porter,traction:driver_partners,1500000,traction-metric,count,,2026-09-15,,SRC00659,MEDIUM,current,yes,As-of-2026
CL04733,S0037,Porter,traction:employees,2600,traction-metric,count,,2023-08-02,,SRC00664,HIGH,current,yes,As-of-2023
CL04734,S0037,Porter,traction:revenue_growth,58,traction-metric,percent,,2025-11-04,,SRC00661,HIGH,current,yes,FY25
CL04735,S0037,Porter,traction:customers,10000000,traction-metric,count,,2026-09-15,,SRC00659,MEDIUM,current,yes,As-of-2026
CL04736,S0037,Porter,traction:customers,2000000,traction-metric,count,,2025-11-04,,SRC00661,HIGH,current,yes,As-of-2025
CL04737,S0037,Porter,traction:trips,100000000,traction-metric,count,,2026-09-15,,SRC00659,MEDIUM,current,yes,As-of-2026
CL04738,S0037,Porter,traction:cities,22,traction-metric,count,,2025-11-04,,SRC00659,HIGH,current,yes,As-of-2025
CL04739,S0037,Porter,traction:countries,3,traction-metric,count,,2026-09-15,,SRC00659,MEDIUM,current,yes,As-of-2026
CL04740,S0037,Porter,traction:customers_historical,13000000,traction-metric,count,,2023-08-02,,SRC00664,HIGH,current,yes,As-of-2023
CL04741,S0037,Porter,traction:cities_historical,19,traction-metric,count,,2023-08-02,,SRC00664,HIGH,current,yes,As-of-2023
CL04742,S0038,Unacademy,traction:Airlearn daily_active_users,70000,traction-metric,users,,2025-04-11,,SRC00676,HIGH,current,yes,As-of-2025-04
CL04743,S0038,Unacademy,traction:Airlearn_monthly_active_users,300000,traction-metric,users,,2025-04-11,,SRC00676,HIGH,current,yes,As-of-2025-04
CL04744,S0038,Unacademy,traction:Airlearn_paid_subscribers,17500,traction-metric,subscribers,,2025-04-11,,SRC00676,HIGH,current,yes,As-of-2025-04
CL04745,S0038,Unacademy,traction:Airlearn_bookings_run_rate,2,traction-metric,million USD,,2025-04-11,,SRC00676,HIGH,current,yes,As-of-2025-04
CL04746,S0038,Unacademy,traction:Airlearn_lessons_completed,20000000,traction-metric,lessons,,2025-04-11,,SRC00676,HIGH,current,yes,past year (as-of-2025-04)
CL04747,S0038,Unacademy,traction:Unacademy_youtube_views,10000000000,traction-metric,views,,2026-09-01,,SRC00288,HIGH,current,yes,cumulative
CL04748,S0038,Unacademy,traction:Unacademy_total_users,10000000,traction-metric,users,,2026-09-01,,SRC00288,HIGH,current,yes,cumulative
CL04749,S0038,Unacademy,traction:cash_burn,200,traction-metric,crore INR,,2025-04-21,,SRC00677,HIGH,current,yes,CY2025 target
CL04750,S0038,Unacademy,traction:offline_centres_profitable,70,traction-metric,percent,,2025-04-21,,SRC00677,MEDIUM,current,yes,CY2025 target
CL04751,S0040,Zetwerk,traction:manufacturing_order_book,12370,traction-metric,Rs crore,,2026-03-31,,SRC00719,HIGH,current,yes,FY26
CL04752,S0040,Zetwerk,traction:owned_manufacturing_facilities,26,traction-metric,count,,2026-08-14,,SRC00718,HIGH,current,yes,FY26
CL04753,S0040,Zetwerk,traction:third_party_suppliers,6979,traction-metric,count,,2026-08-14,,SRC00718,HIGH,current,yes,FY26
CL04754,S0040,Zetwerk,traction:customer_count,1100,traction-metric,count,,2026-08-14,,SRC00717,HIGH,current,yes,FY26
CL04755,S0040,Zetwerk,traction:countries_served,19,traction-metric,count,,2026-08-14,,SRC00716,HIGH,current,yes,FY26
CL04756,S0040,Zetwerk,traction:international_revenue_share,30,traction-metric,percent,,2026-08-14,,SRC00718,HIGH,current,yes,FY26
CL04757,S0040,Zetwerk,traction:top10_customer_concentration,35.9,traction-metric,percent,,2026-03-31,,SRC00719,HIGH,current,yes,FY26
CL04758,S0041,Dream11 (Dream Sports),traction:registered users,280M+,traction-metric,,,2025-08,,SRC00748,MEDIUM,current,yes,cumulative
CL04759,S0041,Dream11 (Dream Sports),"traction:FY24 revenue (pre-ban, paid contests)","Rs 9,600cr+",traction-metric,,,2024,,SRC00748,MEDIUM,current,yes,FY24
CL04760,S0042,InMobi,traction:platform reach (company claim),30k+ brands; 2B+ users; 150+ countries; Glance 370M+ users,traction-metric,,,2025,,SRC00772,MEDIUM,current,yes,current
CL04761,S0042,InMobi,traction:platform reach (company claim),30000,traction-metric,brands,,2026-09-15,,SRC00770,MEDIUM,current,yes,current
CL04762,S0042,InMobi,traction:platform reach (company claim),2000000000,traction-metric,users,,2026-09-15,,SRC00770,MEDIUM,current,yes,current
CL04763,S0042,InMobi,traction:platform reach (company claim),150,traction-metric,countries,,2026-09-15,,SRC00770,MEDIUM,current,yes,current
CL04764,S0042,InMobi,traction:Glance smartphone installs,450000000,traction-metric,smartphones,,2024-07-17,,SRC00760,MEDIUM,current,yes,2024
CL04765,S0042,InMobi,traction:Glance revenue growth,90,traction-metric,percent YoY,,2025-01-22,,SRC00753,MEDIUM,current,yes,FY24
CL04766,S0042,InMobi,traction:North America revenue share,75,traction-metric,percent,,2025-01-22,,SRC00753,MEDIUM,current,yes,FY25 target
CL04767,S0042,InMobi,traction:InMobi Advertising exchange rank,2,traction-metric,rank,,2022,,SRC00766,MEDIUM,current,yes,2022
CL04768,S0043,Nykaa,traction:consolidated GMV,"Rs 5,590cr (+34% YoY)",traction-metric,,,Q1 FY27,,SRC00779,HIGH,current,yes,quarterly
CL04769,S0043,Nykaa,traction:cumulative customers; stores,40M customers; 221 stores,traction-metric,,,Q3 FY25,,SRC00783,MEDIUM,current,yes,cumulative
CL04770,S0044,Rebel Foods,traction:cloud kitchens,"450 kitchens across 75 cities (India, MENA, UK)",traction-metric,,,2024-12,,SRC00786,HIGH,current,yes,2024-12
CL04771,S0044,Rebel Foods,traction:cloud_kitchens,450,traction-metric,kitchens,,2024-12-12,,SRC00786,HIGH,current,yes,As-of-2024-12
CL04772,S0044,Rebel Foods,traction:cities,75,traction-metric,cities,,2024-12-12,,SRC00786,HIGH,current,yes,As-of-2024-12
CL04773,S0044,Rebel Foods,traction:kitchens_target_2029,800,traction-metric,kitchens,,2024-12-12,,SRC00786,HIGH,current,yes,By-2029
CL04774,S0044,Rebel Foods,traction:cities_target_2029,200,traction-metric,cities,,2024-12-12,,SRC00786,HIGH,current,yes,By-2029
CL04775,S0044,Rebel Foods,traction:wendy_stores,160,traction-metric,stores,,2024-12-12,,SRC00786,HIGH,current,yes,As-of-2024-12
CL04776,S0044,Rebel Foods,traction:revenue_growth_yoy,14,traction-metric,percent,,2025-12-05,,SRC00788,HIGH,current,yes,FY25
CL04777,S0044,Rebel Foods,traction:revenue_growth_yoy,21,traction-metric,percent,,2026-09-15,,SRC00792,MEDIUM,current,yes,FY26
CL04778,S0045,Drools,traction:market_share,38,traction-metric,percent,,2023-06-20,,SRC00797,MEDIUM,current,yes,FY23
CL04779,S0045,Drools,traction:retail_outlets,34000,traction-metric,count,,2023-06-20,,SRC00797,MEDIUM,current,yes,FY23
CL04780,S0045,Drools,traction:countries_exported,22,traction-metric,count,,2023-06-20,,SRC00797,MEDIUM,current,yes,FY23
CL04781,S0045,Drools,traction:unicorn_valuation,1000000000,traction-metric,USD,,2025-05-26,,SRC00803,MEDIUM,current,yes,FY25
CL04782,S0046,Fractal Analytics,traction:NRR / NPS,"NRR 114%, NPS 77 (Q3 FY26)",traction-metric,,,2026-03,,SRC00827,MEDIUM,current,yes,2026-03
CL04783,S0047,Jumbotail,traction:kirana_stores_served,500000,traction-metric,stores,,2025-06-30,,SRC00835,HIGH,current,yes,As-of-2025-06-30
CL04784,S0047,Jumbotail,traction:cities_served,400,traction-metric,cities,,2025-06-30,,SRC00835,HIGH,current,yes,As-of-2025-06-30
CL04785,S0047,Jumbotail,traction:brands_partnered,2000,traction-metric,brands,,2025-06-30,,SRC00835,HIGH,current,yes,As-of-2025-06-30
CL04786,S0047,Jumbotail,traction:kirana_stores_served,250000,traction-metric,stores,,2024-05,,SRC00843,HIGH,current,yes,FY23
CL04787,S0047,Jumbotail,traction:kirana_stores_served,250000,traction-metric,stores,,2026-03-03,,SRC00836,HIGH,current,yes,As-of-2026-03
CL04788,S0047,Jumbotail,traction:gmv,1100,traction-metric,crore,,2023-05,,SRC00844,HIGH,current,yes,FY22
CL04789,S0047,Jumbotail,traction:j24_stores_peak,100,traction-metric,stores,,2024-07,,SRC00838,MEDIUM,current,yes,Peak
CL04790,S0047,Jumbotail,traction:cities_operating,21,traction-metric,cities,,2024-07,,SRC00838,MEDIUM,current,yes,As-of-2024-07
CL04791,S0048,Livspace,traction:experience_centres,123,traction-metric,count,,2026-07-24,,SRC00883,MEDIUM,current,yes,As-of-2026
CL04792,S0048,Livspace,traction:cities_operational,95,traction-metric,count,,2026-07-24,,SRC00883,MEDIUM,current,yes,As-of-2026
CL04793,S0048,Livspace,traction:homes_delivered,50000,traction-metric,count,,2026-07-24,,SRC00885,MEDIUM,current,yes,As-of-2026
CL04794,S0048,Livspace,traction:designers,3500,traction-metric,count,,2026-07-24,,SRC00885,MEDIUM,current,yes,As-of-2026
CL04795,S0048,Livspace,traction:countries_operational,4,traction-metric,count,,2026-07-24,,SRC00885,MEDIUM,current,yes,As-of-2026
CL04796,S0048,Livspace,traction:gmv_runrate,350,traction-metric,million,,2022-02-08,,SRC00886,MEDIUM,current,yes,FY22 Q1 (Apr 2022)
CL04797,S0048,Livspace,traction:cities_FY23,45,traction-metric,count,,2023-09-15,,SRC00865,HIGH,current,yes,FY23 (as of Mar 2023)
CL04798,S0048,Livspace,traction:stores_FY25,150,traction-metric,count,,2025-10-13,,SRC00866,HIGH,current,yes,FY25 (as of Oct 2025)
CL04799,S0049,Meesho,traction:transacting_users,234.2,traction-metric,million,,2025-11-28,,SRC00888,HIGH,current,yes,LTM as of Nov 2025
CL04800,S0049,Meesho,traction:annual_transacting_sellers,706471,traction-metric,count,,2025-11-28,,SRC00888,HIGH,current,yes,LTM as of Nov 2025
CL04801,S0049,Meesho,traction:active_content_creators,50000,traction-metric,count,,2025-11-28,,SRC00888,HIGH,current,yes,LTM as of Nov 2025
CL04802,S0049,Meesho,traction:annual_transacting_users,187,traction-metric,million,,2024-12-31,,SRC00890,HIGH,current,yes,"As of Dec 31, 2024"
CL04803,S0049,Meesho,traction:annual_transacting_sellers,1040000,traction-metric,count,,2026-06-30,,SRC00897,HIGH,current,yes,Q1 FY27 (Jun 2026)
CL04804,S0049,Meesho,traction:orders,725,traction-metric,million,,2026-06-30,,SRC00897,HIGH,current,yes,Q1 FY27 (Jun 2026)
CL04805,S0049,Meesho,traction:active_sellers,575000,traction-metric,count,,2025-10-28,,SRC00898,HIGH,current,yes,Pre-IPO
CL04806,S0049,Meesho,traction:pin_codes_served,26000,traction-metric,count,,2023-04-12,,SRC00901,HIGH,current,yes,As of Apr 2023
CL04807,S0049,Meesho,traction:entrepreneurs_registered,13000000,traction-metric,count,,2023-04-12,,SRC00901,HIGH,current,yes,As of Apr 2023
CL04808,S0049,Meesho,traction:average_order_value,260,traction-metric,INR,,2025-10-28,,SRC00898,MEDIUM,current,yes,Pre-IPO
CL04809,S0051,Rapido,traction:daily rides,3300000,traction-metric,rides,,2025-03-09,,SRC00928,HIGH,current,yes,Mar 2025
CL04810,S0051,Rapido,traction:daily rides,6500000,traction-metric,rides,,2026-07-08,,SRC00930,HIGH,current,yes,Mar 2026
CL04811,S0051,Rapido,traction:daily rides,7000000,traction-metric,rides,,2026-06-18,,SRC00936,MEDIUM,current,yes,Jun 2026
CL04812,S0051,Rapido,traction:monthly active users,36000000,traction-metric,users,,2026-07-08,,SRC00930,HIGH,current,yes,Jan-Mar 2026
CL04813,S0051,Rapido,traction:active captains (monthly),3000000,traction-metric,drivers,,2026-04-02,,SRC00960,HIGH,current,yes,Apr 2026
CL04814,S0051,Rapido,traction:cities,500,traction-metric,cities,,2026-09-15,,SRC00946,HIGH,current,yes,2026
CL04815,S0051,Rapido,traction:cab drivers onboarded,500000,traction-metric,drivers,,2026-06-08,,SRC00961,HIGH,current,yes,Jun 2026
CL04816,S0051,Rapido,traction:bike taxi market share,72,traction-metric,percent,,2026-06-18,,SRC00936,MEDIUM,current,yes,Jun 2026
CL04817,S0051,Rapido,traction:total rides completed,100000000,traction-metric,rides,,2026-09-15,,SRC00946,MEDIUM,current,yes,cumulative
CL04818,S0051,Rapido,traction:monthly active users,82000000,traction-metric,users,,2026-07-08,,SRC00930,HIGH,current,yes,Mar-May 2026
CL04819,S0051,Rapido,traction:auto market share,51,traction-metric,percent,,2026-06-18,,SRC00936,MEDIUM,current,yes,Jun 2026
CL04820,S0051,Rapido,traction:cab market share,31,traction-metric,percent,,2026-06-18,,SRC00936,MEDIUM,current,yes,Jun 2026
CL04821,S0051,Rapido,traction:registered customers,75000000,traction-metric,users,,2026-09-15,,SRC00962,MEDIUM,current,yes,2026
CL04822,S0052,ShareChat,traction:MAU_all_platforms,325,traction-metric,million,,2026-08-12,,SRC00974,HIGH,current,yes,As-of-2026-08
CL04823,S0052,ShareChat,traction:MAU_all_platforms,325,traction-metric,million,,2023-12-31,,SRC00974,HIGH,current,yes,FY23
CL04824,S0052,ShareChat,traction:MAU_all_platforms,200,traction-metric,million,,2025-10-17,,SRC00975,HIGH,current,yes,FY25
CL04825,S0052,ShareChat,traction:monthly_active_users_historical,140,traction-metric,million,,2020-08,,SRC00976,HIGH,current,yes,FY20
CL04826,S0052,ShareChat,traction:monthly_active_users_historical,160,traction-metric,million,,2020-11,,SRC00994,HIGH,current,yes,FY20
CL04827,S0052,ShareChat,traction:employee_count,2800,traction-metric,count,,2022-01-01,,SRC00973,MEDIUM,current,yes,FY22
CL04828,S0052,ShareChat,traction:employee_count,500,traction-metric,count,,2025-05-07,,SRC00973,HIGH,current,yes,FY25
CL04829,S0052,ShareChat,traction:MAU_sharechat_app,110,traction-metric,million,,2026-08-12,,SRC00974,HIGH,current,yes,As-of-2026-08
CL04830,S0052,ShareChat,traction:MAU_moj,100,traction-metric,million,,2026-08-12,,SRC00974,HIGH,current,yes,As-of-2026-08
CL04831,S0052,ShareChat,traction:daily_video_plays,1100,traction-metric,million,,2026-08-12,,SRC00974,HIGH,current,yes,As-of-2026-08
CL04832,S0052,ShareChat,traction:daily_video_plays_moj,1300,traction-metric,million,,2026-08-12,,SRC00974,HIGH,current,yes,As-of-2026-08
CL04833,S0052,ShareChat,traction:creator_community_sharechat,1500,traction-metric,thousand,,2026-08-12,,SRC00974,HIGH,current,yes,As-of-2026-08
CL04834,S0052,ShareChat,traction:creator_community_moj,550,traction-metric,thousand,,2026-08-12,,SRC00974,HIGH,current,yes,As-of-2026-08
CL04835,S0052,ShareChat,traction:quicktv_downloads,50,traction-metric,million,,2026-08-12,,SRC00974,HIGH,current,yes,As-of-2026-08
CL04836,S0052,ShareChat,traction:quicktv_subscribers,73,traction-metric,million,,2026-08-12,,SRC00974,HIGH,current,yes,As-of-2026-08
CL04837,S0052,ShareChat,traction:quicktv_downloads,15,traction-metric,million,,2025-10-17,,SRC00975,HIGH,current,yes,As-of-2025-09
CL04838,S0052,ShareChat,traction:micro_drama_monthly_users,35,traction-metric,million,,2025-10-17,,SRC00975,HIGH,current,yes,FY25
CL04839,S0052,ShareChat,traction:content_shared_per_month,165,traction-metric,million,,2026-08-12,,SRC00995,HIGH,current,yes,As-of-2026-08
CL04840,S0052,ShareChat,traction:video_views_per_month,280,traction-metric,billion,,2026-08-12,,SRC00995,HIGH,current,yes,As-of-2026-08
CL04841,S0052,ShareChat,traction:average_daily_time_spent,34,traction-metric,minutes,,2026-08-12,,SRC00995,HIGH,current,yes,As-of-2026-08
CL04842,S0052,ShareChat,traction:languages_supported,15,traction-metric,count,,2026-08-12,,SRC00056,HIGH,current,yes,As-of-2026-08
CL04843,S0053,Apna,traction:registered_job_seekers,50000000,traction-metric,count,,2026-09-15,,SRC01008,HIGH,current,yes,As-of-2026-09-15
CL04844,S0053,Apna,traction:registered_employers_msmes,700000,traction-metric,count,,2026-09-15,,SRC01008,HIGH,current,yes,As-of-2026-09-15
CL04845,S0053,Apna,traction:career_opportunities_listed,5000000,traction-metric,count,,2026-09-15,,SRC01008,HIGH,current,yes,As-of-2026-09-15
CL04846,S0053,Apna,traction:job_applications,18100000,traction-metric,count,,2025-03-31,,SRC00999,HIGH,current,yes,Q1-2025
CL04847,S0053,Apna,traction:app_downloads,50000000,traction-metric,count,,2026-09-15,,SRC01008,HIGH,current,yes,As-of-2026-09-15
CL04848,S0053,Apna,traction:employee_count,745,traction-metric,count,,2025-08-31,,SRC00998,MEDIUM,current,yes,As-of-2025-08-31
CL04849,S0053,Apna,traction:enterprise_ai_contracts,6000000,traction-metric,USD,,2025-11-28,,SRC01006,MEDIUM,current,yes,45-days-from-Oct-2025
CL04850,S0053,Apna,traction:core_business_growth,52,traction-metric,percent,,2025-12-31,,SRC01006,MEDIUM,current,yes,2025
CL04851,S0053,Apna,traction:recruiters_verified_ai,146000,traction-metric,count,,2025-09-30,,SRC01006,MEDIUM,current,yes,Aug-Sep 2025
CL04852,S0053,Apna,traction:ai_interviews_completed,3900000,traction-metric,minutes,,2025-06-12,,SRC00998,MEDIUM,current,yes,As-of-Jun-2025
CL04853,S0054,BharatPe,traction:revenue mix,Lending 57% of revenue; FY25 revenue ~1500-1667 Cr,traction-metric,,,2025,,SRC01012,MEDIUM,current,yes,2025
CL04854,S0055,Euler Motors,traction:vehicles_sold,3050,traction-metric,vehicles,,2025-03-31,,SRC01025,HIGH,current,yes,FY25
CL04855,S0055,Euler Motors,traction:vehicles_sold,6528,traction-metric,vehicles,,2026-03-31,,SRC01039,HIGH,current,yes,FY26
CL04856,S0055,Euler Motors,traction:vehicles_sold,5318,traction-metric,vehicles,,2026-07-31,,SRC01039,HIGH,current,yes,H1-FY27 (Apr-Jul 2026)
CL04857,S0055,Euler Motors,traction:market_share_3w_cargo,10,traction-metric,percent,,2026-03-31,,SRC01025,MEDIUM,current,yes,FY26
CL04858,S0055,Euler Motors,traction:market_share_4w_cargo,20,traction-metric,percent,,2026-03-31,,SRC01025,MEDIUM,current,yes,FY26
CL04859,S0055,Euler Motors,traction:cities_operating,112,traction-metric,cities,,2026-08-31,,SRC01039,HIGH,current,yes,FY26
CL04860,S0055,Euler Motors,traction:production_capacity,36000,traction-metric,vehicles/year,,2024-08-14,,SRC01032,HIGH,current,yes,As-of 2024
CL04861,S0055,Euler Motors,traction:monthly_production,1000,traction-metric,vehicles/month,,2026-03-31,,SRC01025,MEDIUM,current,yes,FY26
CL04862,S0055,Euler Motors,traction:backorder,9000,traction-metric,vehicles,,2022-10-03,,SRC01031,MEDIUM,current,yes,As-of Oct 2022
CL04863,S0055,Euler Motors,traction:showrooms,100,traction-metric,showrooms,,2025-09-30,,SRC01040,MEDIUM,current,yes,FY26
CL04864,S0057,Innovaccer,traction:growth,40%+ revenue growth; cash-in > burn; ~1700 employees (GetLatka),traction-metric,,,2025,,SRC01053,MEDIUM,current,yes,2025
CL04865,S0058,Pixxel,traction:customer base growth,5x YoY (company-reported via SpaceNews),traction-metric,,,2024-06,,SRC01059,MEDIUM,current,yes,2023-2024
CL04866,S0058,Pixxel,traction:constellation deployed,6+ Firefly hyperspectral satellites in orbit,traction-metric,,,2026-09,,SRC01086,MEDIUM,current,yes,2025-2026
CL04867,S0059,Ecofy Finance (Ecofy),traction:customers / footprint,"130,000+ customers; 26 states, 500+ cities",traction-metric,,,2026-03,,SRC01101,HIGH,current,yes,2026-03
CL04868,S0060,Miko Technologies,traction:units / interactions,700K+ units sold; 500M+ interactions (company-reported),traction-metric,,,2025,,SRC01116,MEDIUM,current,yes,2025
CL04869,S0060,Miko Technologies,traction:geo reach,140+ countries (company-reported),traction-metric,,,2025-11,,SRC01103,MEDIUM,current,yes,2025-11
CL04870,S0061,Nua,traction:women/girls reached per month,3M+,traction-metric,,,2026-09-07,,SRC01118,LOW,current,yes,2026-09-07
CL04871,S0061,Nua,traction:annualised revenue run rate,Rs 500 Cr (from Rs 100 Cr in 24 months),traction-metric,,,2026-09-07,,SRC01132,LOW,current,yes,2026-09-07
CL04872,S0061,Nua,traction:women/girls reached per month,3000000,traction-metric,count,,2026-09-07,,SRC01124,LOW,current,yes,As-of-2026-09-07
CL04873,S0061,Nua,traction:annualised revenue run rate,500,traction-metric,crore,,2026-09-07,,SRC01124,LOW,current,yes,FY26-run-rate
CL04874,S0061,Nua,traction:EBITDA positive,1,traction-metric,boolean,,2025-09,,SRC01126,MEDIUM,current,yes,Q2 FY25
CL04875,S0061,Nua,traction:customer retention beyond 12 months,50,traction-metric,percent,,2022-09,,SRC01128,MEDIUM,current,yes,As-of-2022
CL04876,S0062,Truemeds,traction:monthly customers / total customers,500K avg/month; 3M total,traction-metric,,,2025-08,,SRC01138,MEDIUM,current,yes,2025-08
CL04877,S0062,Truemeds,traction: pincodes served; tier-2+ share,"20,000+ pincodes; 75%+ tier-2+ ",traction-metric,,,2025-08,,SRC01138,MEDIUM,current,yes,2025-08
CL04878,S0062,Truemeds,traction:monthly_orders,600000,traction-metric,orders,,2025-08-11,,SRC01146,MEDIUM,current,yes,FY25
CL04879,S0062,Truemeds,traction:mobile_app_installs,7000000,traction-metric,installs,,2026-09-15,,SRC01145,MEDIUM,current,yes,As-of-2026-09-15
CL04880,S0062,Truemeds,traction:unique_users,1000000,traction-metric,users,,2026-09-15,,SRC01145,MEDIUM,current,yes,As-of-2026-09-15
CL04881,S0062,Truemeds,traction:total_savings,150,traction-metric,crore,,2026-09-15,,SRC01145,MEDIUM,current,yes,As-of-2026-09-15
CL04882,S0062,Truemeds,traction:products_listed,180000,traction-metric,products,,2026-09-15,,SRC01145,MEDIUM,current,yes,As-of-2026-09-15
CL04883,S0062,Truemeds,traction:doctor_consultations,3000000,traction-metric,consultations,,2026-09-15,,SRC01145,MEDIUM,current,yes,As-of-2026-09-15
CL04884,S0062,Truemeds,traction:doctors_active,600,traction-metric,doctors,,2026-09-15,,SRC01145,MEDIUM,current,yes,As-of-2026-09-15
CL04885,S0062,Truemeds,traction:pharmacists,100,traction-metric,pharmacists,,2026-09-15,,SRC01145,MEDIUM,current,yes,As-of-2026-09-15
CL04886,S0062,Truemeds,traction:pincodes_served,20000,traction-metric,pincodes,,2026-09-15,,SRC01145,MEDIUM,current,yes,As-of-2026-09-15
CL04887,S0062,Truemeds,traction:fulfillment_centers,19,traction-metric,centers,,2025-08-11,,SRC01146,HIGH,current,yes,FY25
CL04888,S0062,Truemeds,traction:monthly_customers_avg,500000,traction-metric,customers,,2025-08,,SRC01138,MEDIUM,current,yes,FY25
CL04889,S0063,Weaver Services,traction:combined AUM post acquisitions,">Rs 2,000 Cr; 100+ branches; 18,000+ customers (CHFL base)",traction-metric,,,2026-03-18,,SRC01165,MEDIUM,current,yes,2026-03-18
CL04890,S0063,Weaver Services,traction:combined AUM post acquisitions,2000,traction-metric,crore,,2026-03-18,,SRC01165,MEDIUM,current,yes,As-of-2026-03-18
CL04891,S0063,Weaver Services,traction:customers (CHFL base),18000,traction-metric,count,,2026-03-18,,SRC01165,MEDIUM,current,yes,As-of-2026-03-18
CL04892,S0063,Weaver Services,traction:branches,100,traction-metric,count,,2026-03-18,,SRC01165,MEDIUM,current,yes,As-of-2026-03-18
CL04893,S0063,Weaver Services,traction:total funding raised,326,traction-metric,million,,2026-03-18,,SRC01169,MEDIUM,current,yes,Cumulative through 2026-03
CL04894,S0063,Weaver Services,traction:acquisition spend (CIHL),267,traction-metric,crore,,2025-08-12,,SRC01164,HIGH,current,yes,2025-08
CL04895,S0064,NoBroker,traction:registered_users,40000000,traction-metric,count,,2026-07-08,,SRC01189,MEDIUM,current,yes,As-of-2026-07
CL04896,S0064,NoBroker,traction:cities_operating,6,traction-metric,count,,2026-09-06,,SRC01188,HIGH,current,yes,As-of-2026-09
CL04897,S0064,NoBroker,traction:NoBrokerHood_cities,11,traction-metric,count,,2026-09-06,,SRC01188,HIGH,current,yes,As-of-2026-09
CL04898,S0064,NoBroker,traction:NoBrokerHood_societies,25000,traction-metric,count,,2026-09-06,,SRC01188,HIGH,current,yes,As-of-2026-09
CL04899,S0064,NoBroker,traction:NoBrokerHood_families,4800000,traction-metric,count,,2026-09-06,,SRC01188,HIGH,current,yes,As-of-2026-09
CL04900,S0065,Skyroot Aerospace,traction:launch readiness,Vikram-1 at Sriharikota; Infinity campus targets 1 rocket/month,traction-metric,,,2026-05,,SRC01200,MEDIUM,current,yes,2026-05
CL04901,S0066,Digantara,traction:contracts_closed_value,25000000,traction-metric,USD,,2025-12-16,,SRC01209,MEDIUM,current,yes,As-of-2025-12-16
CL04902,S0066,Digantara,traction:satellites_deployed,1,traction-metric,count,,2025-01-14,,SRC01226,HIGH,current,yes,As-of-2025-01-14
CL04903,S0066,Digantara,traction:satellites_planned,15,traction-metric,count,,2025-12-16,,SRC01209,MEDIUM,current,yes,2026-2027
CL04904,S0066,Digantara,traction:revenue_growth,10,traction-metric,x,,2025-12-16,,SRC01209,MEDIUM,current,yes,2023-2025
CL04905,S0066,Digantara,traction:revenue_target,25000000,traction-metric,USD,,2025-12-16,,SRC01217,MEDIUM,current,yes,By end CY2026
CL04906,S0066,Digantara,traction:manufacturing_capacity,30,traction-metric,satellites/year,,2026-09-15,,SRC01217,MEDIUM,current,yes,As-of-2026
CL04907,S0066,Digantara,traction:mosaic_sensor_nodes,5,traction-metric,count,,2026-08-18,,SRC01218,HIGH,current,yes,As-of-2026-08-18
CL04908,S0067,Games24x7,traction:registered users,100M+,traction-metric,,,2022-03,,SRC01229,MEDIUM,current,yes,2022-03
CL04909,S0067,Games24x7,traction:registered_users,100,traction-metric,million,,2022-03-30,,SRC01237,MEDIUM,current,yes,As-of-2022-03
CL04910,S0067,Games24x7,traction:ipl_partnership,625,traction-metric,crore,,2024-03,,SRC01238,MEDIUM,current,yes,FY25-FY29 (5 years)
CL04911,S0067,Games24x7,traction:employee_count,777,traction-metric,count,,2025-07-31,,SRC01240,MEDIUM,current,yes,As-of-2025-07
CL04912,S0067,Games24x7,traction:revenue_usd,264514128.78,traction-metric,USD,,2025-03-31,,SRC01241,LOW,current,yes,FY25
CL04913,S0068,Infra.Market,traction:revenue scale,"Rs 18,472 Cr ops revenue, 27% YoY",traction-metric,,,FY25,,SRC01256,MEDIUM,current,yes,FY25
CL04914,S0068,Infra.Market,traction:revenue_scale,18472,traction-metric,crore,,2026-01-12,,SRC01256,HIGH,current,yes,FY25
CL04915,S0068,Infra.Market,traction:revenue_scale,20000,traction-metric,crore,,2026-09-15,,SRC01260,MEDIUM,current,yes,FY26
CL04916,S0068,Infra.Market,traction:rmc_market_position,2,traction-metric,rank,,2026-09-15,,SRC01258,MEDIUM,current,yes,FY25
CL04917,S0068,Infra.Market,traction:manufacturing_units,250,traction-metric,count,,2026-09-15,,SRC01258,MEDIUM,current,yes,FY25
CL04918,S0068,Infra.Market,traction:retail_touchpoints,10000,traction-metric,count,,2026-09-15,,SRC01258,MEDIUM,current,yes,FY25
CL04919,S0068,Infra.Market,traction:rmc_plants,100,traction-metric,count,,2026-09-15,,SRC01272,MEDIUM,current,yes,FY25
CL04920,S0068,Infra.Market,traction:employee_count,5929,traction-metric,count,,2026-03,,SRC01264,MEDIUM,current,yes,March 2026
CL04921,S0068,Infra.Market,traction:total_funding_raised,740.44,traction-metric,million,,2026-09-15,,SRC01263,HIGH,current,yes,cumulative
CL04922,S0070,Navi,traction:loan_book_outstanding,13000,traction-metric,crore,,2026-03-31,,SRC00082,HIGH,current,yes,FY26
CL04923,S0070,Navi,traction:new_customers_per_day,100000,traction-metric,count,,2026-08-19,,SRC00082,HIGH,current,yes,FY26
CL04924,S0070,Navi,traction:UPI_transactions,947000000,traction-metric,count,,2026-07-31,,SRC01286,HIGH,current,yes,July 2026
CL04925,S0070,Navi,traction:loan_book_outstanding,13000,traction-metric,crore,,2026-03-31,,SRC00082,HIGH,current,yes,FY26
CL04926,S0070,Navi,traction:total_disbursements,23287,traction-metric,crore,,2026-03-31,,SRC00082,HIGH,current,yes,FY26
CL04927,S0070,Navi,traction:gross_NPA_ratio,1.3,traction-metric,percent,,2026-03-31,,SRC00082,HIGH,current,yes,FY26
CL04928,S0070,Navi,traction:net_NPA_ratio,0.3,traction-metric,percent,,2026-03-31,,SRC00082,HIGH,current,yes,FY26
CL04929,S0070,Navi,traction:new_customers_per_day,100000,traction-metric,count,,2026-08-19,,SRC00082,HIGH,current,yes,FY26
CL04930,S0070,Navi,traction:loan_approval_rate,5-50,traction-metric,percent,,2026-08-19,,SRC00082,HIGH,current,yes,FY26
CL04931,S0070,Navi,traction:repeat_customer_share,75,traction-metric,percent,,2026-03-31,,SRC00082,HIGH,current,yes,FY26
CL04932,S0070,Navi,traction:new_to_credit_share,1,traction-metric,percent,,2026-03-31,,SRC00082,HIGH,current,yes,FY26
CL04933,S0070,Navi,traction:UPI_transactions,947000000,traction-metric,count,,2026-07-31,,SRC01286,HIGH,current,yes,July 2026
CL04934,S0070,Navi,traction:UPI_transactions_value,483180000000,traction-metric,INR,,2026-07-31,,SRC01286,HIGH,current,yes,July 2026
CL04935,S0070,Navi,traction:UPI_rank,4,traction-metric,rank,,2026-08-19,,SRC00082,HIGH,current,yes,Ongoing
CL04936,S0070,Navi,traction:collection_touchpoints,90,traction-metric,count,,2026-08-19,,SRC00082,HIGH,current,yes,FY26
CL04937,S0070,Navi,traction:inhouse_collections_share,50,traction-metric,percent,,2026-08-19,,SRC00082,HIGH,current,yes,FY26
CL04938,S0070,Navi,traction:RoA,2.2,traction-metric,percent,,2026-03-31,,SRC00082,HIGH,current,yes,FY26
CL04939,S0070,Navi,traction:NIM,13,traction-metric,percent,,2026-03-31,,SRC00082,HIGH,current,yes,FY26
CL04940,S0070,Navi,traction:average_yield,20,traction-metric,percent,,2026-03-31,,SRC00082,HIGH,current,yes,FY26
CL04941,S0070,Navi,traction:cost_of_borrowing,10.5,traction-metric,percent,,2026-03-31,,SRC00082,HIGH,current,yes,FY26
CL04942,S0070,Navi,traction:personal_loan_avg_ticket,140000,traction-metric,INR,,2026-03-31,,SRC00082,HIGH,current,yes,FY26
CL04943,S0070,Navi,traction:LAP_avg_ticket,3000000,traction-metric,INR,,2026-03-31,,SRC00082,HIGH,current,yes,FY26
CL04944,S0070,Navi,traction:personal_loan_share_of_book,90,traction-metric,percent,,2026-03-31,,SRC00082,HIGH,current,yes,FY26
CL04945,S0071,Ninjacart,traction:farmers_linked,150000,traction-metric,count,,2026-07-02,,SRC01309,HIGH,current,yes,As-of-2026-07
CL04946,S0071,Ninjacart,traction:retailers_served,30000,traction-metric,count,,2026-07-02,,SRC01309,HIGH,current,yes,As-of-2026-07
CL04947,S0071,Ninjacart,traction:resellers_served,5000,traction-metric,count,,2026-07-02,,SRC01309,HIGH,current,yes,As-of-2026-07
CL04948,S0071,Ninjacart,traction:daily_produce_volume,1500,traction-metric,tonnes,,2026-07-02,,SRC01309,HIGH,current,yes,As-of-2026-07
CL04949,S0071,Ninjacart,traction:cities_served,40,traction-metric,count,,2026-07-02,,SRC01308,HIGH,current,yes,As-of-2026-07
CL04950,S0071,Ninjacart,traction:product_categories,150,traction-metric,count,,2026-07-02,,SRC01308,HIGH,current,yes,As-of-2026-07
CL04951,S0071,Ninjacart,traction:ebitda_profitability,1,traction-metric,boolean,,2026-07-02,,SRC01308,HIGH,current,yes,As-of-2026-07
CL04952,S0071,Ninjacart,traction:core_business_growth,3,traction-metric,x,,2026-07-02,,SRC01308,MEDIUM,current,yes,FY25-FY26
CL04953,S0071,Ninjacart,traction:locations_presence,70,traction-metric,count,,2023-10-11,,SRC01315,MEDIUM,current,yes,Oct-2023
CL04954,S0071,Ninjacart,traction:farmers_helped_historical,100000,traction-metric,count,,2022-01-24,,SRC01311,MEDIUM,current,yes,As-of-2022-01
CL04955,S0072,Pine Labs,traction:merchants_served,500000,traction-metric,count,,2025-06-01,,SRC01357,MEDIUM,current,yes,As-of-2025
CL04956,S0072,Pine Labs,traction:merchants_served,140000,traction-metric,count,,2020-01-01,,SRC01335,MEDIUM,current,yes,As-of-2020
CL04957,S0072,Pine Labs,traction:pos_terminals,330000,traction-metric,count,,2020-01-01,,SRC01358,MEDIUM,current,yes,As-of-2020
CL04958,S0072,Pine Labs,traction:annualized_payment_volume,30000000000,traction-metric,USD,,2020-01-01,,SRC01335,MEDIUM,current,yes,As-of-2020
CL04959,S0072,Pine Labs,traction:annualized_gtv_gift_cards,1500000000,traction-metric,USD,,2019-03-19,,SRC01359,MEDIUM,current,yes,As-of-2019
CL04960,S0072,Pine Labs,traction:digital_checkout_points,1270000,traction-metric,count,,2025-06-01,,SRC01360,MEDIUM,current,yes,FY24
CL04961,S0072,Pine Labs,traction:annualized_payment_volume,100000000000,traction-metric,USD,,2026-02-01,,SRC01331,MEDIUM,current,yes,FY26
CL04962,S0072,Pine Labs,traction:online_payments_revenue_growth,50,traction-metric,percent,,2026-02-01,,SRC01351,MEDIUM,current,yes,Q3 FY26 YoY
CL04963,S0072,Pine Labs,traction:gtv,51000000000,traction-metric,USD,,2026-02-01,,SRC01361,MEDIUM,current,yes,Q3 FY26
CL04964,S0075,Ultrahuman,traction:daily_active_users,700000,traction-metric,count,,2026-03-24,,SRC01434,MEDIUM,current,yes,As-of-2026-03
CL04965,S0075,Ultrahuman,traction:market_share_smart_rings,25,traction-metric,percent,,2026-02-27,,SRC01434,MEDIUM,current,yes,Q3 2025
CL04966,S0075,Ultrahuman,traction:retail_outlets,150,traction-metric,count,,2024-04-25,,SRC01435,HIGH,current,yes,As-of-2024-04
CL04967,S0075,Ultrahuman,traction:manufacturing_capacity_texas,500000,traction-metric,units/year,,2025-05-08,,SRC01409,HIGH,current,yes,Target 2025
CL04968,S0075,Ultrahuman,traction:countries_served,10,traction-metric,count,,2024-12,,SRC01410,MEDIUM,current,yes,As-of-2024-12
CL04969,S0075,Ultrahuman,traction:blood_vision_states,48,traction-metric,count,,2025-07-15,,SRC01423,HIGH,current,yes,As-of-2025-07
CL04970,S0076,Third Wave Coffee,traction:cafe count,~240 outlets; 80-100 new stores/year; 320 target by FY27-end,traction-metric,,,2026-08,,SRC01438,MEDIUM,current,yes,Aug 2026
CL04971,S0076,Third Wave Coffee,traction:cafe count,240,traction-metric,outlets,,2026-08-24,,SRC01438,HIGH,current,yes,Aug 2026
CL04972,S0076,Third Wave Coffee,traction:cafe count by city,23,traction-metric,Bengaluru locations,,2026-09-15,,SRC01442,MEDIUM,current,yes,As of 2026-09
CL04973,S0076,Third Wave Coffee,traction:cafe count by city,9,traction-metric,Delhi NCR locations,,2026-09-15,,SRC01442,MEDIUM,current,yes,As of 2026-09
CL04974,S0076,Third Wave Coffee,traction:cafe count by city,4,traction-metric,Hyderabad locations,,2026-09-15,,SRC01442,MEDIUM,current,yes,As of 2026-09
CL04975,S0076,Third Wave Coffee,traction:cafe count by city,3,traction-metric,Gurugram locations,,2026-09-15,,SRC01442,MEDIUM,current,yes,As of 2026-09
CL04976,S0076,Third Wave Coffee,traction:revenue growth,30,traction-metric,percent,,2026-08-24,,SRC01438,HIGH,current,yes,FY26 vs FY25
CL04977,S0076,Third Wave Coffee,traction:annual store additions,80,traction-metric,stores/year,,2026-08-24,,SRC01438,HIGH,current,yes,Ongoing
CL04978,S0076,Third Wave Coffee,traction:cafe_count,240,traction-metric,cafes,,2026-08-24,,SRC01449,HIGH,current,yes,As-of-2026-08
CL04979,S0076,Third Wave Coffee,traction:cafe_count_website,204,traction-metric,cafes,,2026-09-15,,SRC01450,HIGH,current,yes,As-of-2026-09
CL04980,S0076,Third Wave Coffee,traction:revenue_growth,30,traction-metric,percent,,2026-08-24,,SRC01438,MEDIUM,current,yes,FY26 vs FY25
CL04981,S0076,Third Wave Coffee,traction:employee_count,2116,traction-metric,employees,,2026-05-01,,SRC01446,MEDIUM,current,yes,As-of-2026-05-01
CL04982,S0077,Celcius Logistics,traction:network scale,"600+ cities, 150+ cold storage points, 4000+ reefers; target 1000 cities end-2025",traction-metric,,,2025-05,,SRC01458,MEDIUM,current,yes,2025-05
CL04983,S0077,Celcius Logistics,traction:revenue growth,2.5x YoY topline growth claimed; Rs 300 Cr ARR track,traction-metric,,,2025-05,,SRC01458,MEDIUM,current,yes,FY25
CL04984,S0078,Square Yards,traction:GTV,"Rs 59,093 cr, 186,108 transactions",traction-metric,,,FY25,,SRC01473,MEDIUM,current,yes,FY25
CL04985,S0078,Square Yards,traction:GTV,59093,traction-metric,crore,,2025-03-31,,SRC01473,MEDIUM,current,yes,FY25
CL04986,S0078,Square Yards,traction:transactions,186108,traction-metric,count,,2025-03-31,,SRC01473,MEDIUM,current,yes,FY25
CL04987,S0078,Square Yards,traction:loan_disbursal,87831,traction-metric,crore,,2026-03-31,,SRC01468,MEDIUM,current,yes,FY26
CL04988,S0078,Square Yards,traction:loan_disbursal,61000,traction-metric,crore,,2025-03-31,,SRC01469,MEDIUM,current,yes,FY25
CL04989,S0078,Square Yards,traction:properties_listed,1000000,traction-metric,count,,2025-03-31,,SRC01469,MEDIUM,current,yes,FY25
CL04990,S0078,Square Yards,traction:homebuyers_served,8000000,traction-metric,count,,FY25,,SRC01469,MEDIUM,current,yes,cumulative
CL04991,S0078,Square Yards,traction:agents_on_platform,80000,traction-metric,count,,FY25,,SRC01469,MEDIUM,current,yes,cumulative
CL04992,S0078,Square Yards,traction:countries_operating,9,traction-metric,count,,FY25,,SRC01469,MEDIUM,current,yes,FY25
CL04993,S0078,Square Yards,traction:cities_operating,100,traction-metric,count,,FY25,,SRC01469,MEDIUM,current,yes,FY25
CL04994,S0079,Wint Wealth,traction:investments facilitated + investors,"Rs 8,000 Cr+ facilitated; ~3 lakh investors",traction-metric,,,2026-01,,SRC01479,MEDIUM,current,yes,lifetime to Jan 2026
CL04995,S0079,Wint Wealth,traction:revenue run-rate,"~$10Mn annualised, 80% from repeat users",traction-metric,,,2026-01,,SRC01479,MEDIUM,current,yes,Jan 2026
CL04996,S0080,Airbound,traction:autonomous test flights,"1,000+ autonomous flights, zero mission failures (with Narayana Health)",traction-metric,,,2026-08,,SRC01486,MEDIUM,current,yes,to Aug 2026
CL04997,S0081,Ati Motors,traction:fleet distance + deployments,"500,000+ km logged across 50+ factories; order book tripled Q4 2024",traction-metric,,,2025-01,,SRC01491,MEDIUM,current,yes,to Jan 2025
CL04998,S0083,boAt,traction:market share branded personal audio Indi,26% value / 34% volume (Redseer via DRHP),traction-metric,,,FY25,,SRC01512,MEDIUM,current,yes,FY25
CL04999,S0084,MobiKwik,traction:Payments GMV,Rs 1.16 lakh cr (+203%),traction-metric,,,FY25,,SRC01515,HIGH,current,yes,FY25
CL05000,S0084,MobiKwik,traction:Registered users,176.4M (+20.5M new),traction-metric,,,FY25,,SRC01516,HIGH,current,yes,FY25
CL05001,S0084,MobiKwik,traction:PPI wallet share,21% by value; #1 wallet,traction-metric,,,Mar 2025,,SRC01515,MEDIUM,current,yes,Mar 2025
CL05002,S0085,OfBusiness,traction:consolidated_revenue,"Rs 20,645 cr",traction-metric,,,FY26,,SRC01530,HIGH,current,yes,FY26
CL05003,S0085,OfBusiness,traction:oxyzo_aum,"Rs 10,000 cr+ (assets Rs 11,822 cr)",traction-metric,,,FY26,,SRC01530,HIGH,current,yes,FY26
CL05004,S0085,OfBusiness,traction:consolidated_revenue,20645,traction-metric,crore,,2026-07-29,,SRC01530,HIGH,current,yes,FY26
CL05005,S0085,OfBusiness,traction:oxyzo_aum,11000,traction-metric,crore,,2026-06-30,,SRC01542,HIGH,current,yes,As-of-2026
CL05006,S0085,OfBusiness,traction:oxyzo_total_disbursed,77000,traction-metric,crore,,2026-06-30,,SRC01542,HIGH,current,yes,Cumulative
CL05007,S0085,OfBusiness,traction:oxyzo_sme_customers,100000,traction-metric,count,,2026-06-30,,SRC01542,HIGH,current,yes,As-of-2026
CL05008,S0085,OfBusiness,traction:ofbusiness_sme_customers,50000,traction-metric,count,,2026-04-01,,SRC01531,MEDIUM,current,yes,FY25
CL05009,S0085,OfBusiness,traction:consignments_delivered,170000,traction-metric,count,,2025-02-01,,SRC01554,MEDIUM,current,yes,FY2024
CL05010,S0085,OfBusiness,traction:oxyzo_loan_book,6850,traction-metric,crore,,2024-09-30,,SRC01559,HIGH,current,yes,Q2 FY25
CL05011,S0085,OfBusiness,traction:bidAssist_businesses,1500000,traction-metric,count,,2026-06-30,,SRC01540,MEDIUM,current,yes,As-of-2026
CL05012,S0085,OfBusiness,traction:nexizo_data_points,25000000,traction-metric,count,,2025-02-01,,SRC01554,MEDIUM,current,yes,Annual
CL05013,S0085,OfBusiness,traction:oxyzo_gross_npa,1.0,traction-metric,percent,,2024-03-31,,SRC01531,HIGH,current,yes,FY24
CL05014,S0085,OfBusiness,traction:oxyzo_states_covered,20,traction-metric,count,,2025-09-25,,SRC01550,HIGH,current,yes,As-of-2025
CL05015,S0085,OfBusiness,traction:ofbusiness_employee_count,30000,traction-metric,count,,2026-01-01,,SRC01567,MEDIUM,current,yes,FY26
CL05016,S0085,OfBusiness,traction:ofbusiness_revenue_usd,2500,traction-metric,million,,2025-02-01,,SRC01554,MEDIUM,current,yes,FY25
CL05017,S0086,Pristyn Care,traction:owned_hospitals,"8 owned hospitals, ~450 beds, ~200k sq ft",traction-metric,,,2025-07,,SRC01572,MEDIUM,current,yes,2025-07
CL05018,S0087,Swish,traction:daily orders,"20,000+ people order daily",traction-metric,,,2026-03,,SRC01582,MEDIUM,current,yes,Mar 2026
CL05019,S0087,Swish,traction:monthly_orders,1000000,traction-metric,orders,,2026-09-10,,SRC01587,HIGH,current,yes,As-of-2026-09
CL05020,S0087,Swish,traction:daily_orders,20000,traction-metric,orders,,2026-03-24,,SRC01582,MEDIUM,current,yes,Mar 2026
CL05021,S0087,Swish,traction:monthly_order_growth,3,traction-metric,x,,2026-09-10,,SRC01587,HIGH,current,yes,Mar-2026 to Sep-2026
CL05022,S0087,Swish,traction:on_time_delivery_rate,80,traction-metric,percent,,2026-09-10,,SRC01587,HIGH,current,yes,As-of-2026-09
CL05023,S0087,Swish,traction:average_preparation_time,4,traction-metric,minutes,,2026-09-10,,SRC01587,HIGH,current,yes,As-of-2026-09
CL05024,S0087,Swish,traction:kitchen_count,50,traction-metric,pincodes,,2026-09-10,,SRC01587,MEDIUM,current,yes,As-of-2026-09
CL05025,S0087,Swish,traction:skus,250,traction-metric,SKUs,,2026-09-10,,SRC01587,HIGH,current,yes,As-of-2026-09
CL05026,S0087,Swish,traction:employee_count,697,traction-metric,employees,,2025-08-31,,SRC01596,MEDIUM,current,yes,Aug 2025
CL05027,S0090,Toddle,traction:schools,2500,traction-metric,schools,,2026-09-15,,SRC01615,HIGH,current,yes,As-of-2026-09
CL05028,S0090,Toddle,traction:educators,250000,traction-metric,educators,,2026-09-15,,SRC01615,HIGH,current,yes,As-of-2026-09
CL05029,S0090,Toddle,traction:countries,17,traction-metric,countries,,2026-09-15,,SRC01621,HIGH,current,yes,As-of-2026-09
CL05030,S0090,Toddle,traction:ib_schools_pct,20,traction-metric,percent,,2023-01-10,,SRC01613,HIGH,current,yes,As-of-2023-01
CL05031,S0090,Toddle,traction:arr,25,traction-metric,million,,2026-06-25,,SRC01612,MEDIUM,current,yes,FY25/As-of-2026-06
CL05032,S0090,Toddle,traction:revenue_from_us,33.3,traction-metric,percent,,2026-06-25,,SRC01612,MEDIUM,current,yes,FY25
CL05033,S0090,Toddle,traction:revenue_from_india,6.5,traction-metric,percent,,2023-01-10,,SRC01613,HIGH,current,yes,As-of-2023-01
CL05034,S0092,Akasa Air,traction:fleet_size,40,traction-metric,aircraft,,2026-07-04,,SRC01671,HIGH,current,yes,As-of-2026-07
CL05035,S0092,Akasa Air,traction:passengers_flown_cumulative,28,traction-metric,million,,2026-09-15,,SRC01672,HIGH,current,yes,Since-launch-Aug-2022
CL05036,S0092,Akasa Air,traction:domestic_destinations,28,traction-metric,cities,,2026-07-04,,SRC01643,HIGH,current,yes,As-of-2026-07
CL05037,S0092,Akasa Air,traction:international_destinations,7,traction-metric,cities,,2026-07-04,,SRC01643,HIGH,current,yes,As-of-2026-07
CL05038,S0092,Akasa Air,traction:boeing_firm_order,226,traction-metric,aircraft,,2026-09-15,,SRC01642,HIGH,current,yes,Order-book
CL05039,S0092,Akasa Air,traction:weekly_departures,1000,traction-metric,flights,,2025-08,,SRC01638,MEDIUM,current,yes,FY25
CL05040,S0092,Akasa Air,traction:market_share,5.1,traction-metric,percent,,2026-04,,SRC01657,LOW,current,yes,2026-Q2
CL05041,S0093,EatClub (BOX8),traction:meals_per_month,1.5M+,traction-metric,,,2025-07,,SRC01677,MEDIUM,current,yes,2025-07
CL05042,S0093,EatClub (BOX8),traction:outlets,300,traction-metric,count,,2026-09-15,,SRC01680,MEDIUM,current,yes,As-of-2026
CL05043,S0093,EatClub (BOX8),traction:cities,7,traction-metric,count,,2026-09-15,,SRC01680,MEDIUM,current,yes,As-of-2026
CL05044,S0093,EatClub (BOX8),traction:meals_per_day,22000,traction-metric,count,,2026-09-15,,SRC01680,MEDIUM,current,yes,As-of-2026
CL05045,S0093,EatClub (BOX8),traction:brands,16,traction-metric,count,,2025-07-25,,SRC01683,HIGH,current,yes,As-of-2025
CL05046,S0093,EatClub (BOX8),traction:meals_per_month,1500000,traction-metric,count,,2021-11-30,,SRC01677,MEDIUM,current,yes,FY22
CL05047,S0093,EatClub (BOX8),traction:kitchens,150,traction-metric,count,,2021-11-30,,SRC01677,MEDIUM,current,yes,FY22
CL05048,S0093,EatClub (BOX8),traction:revenue_growth_yoy,45.4,traction-metric,percent,,2026-09-15,,SRC01679,MEDIUM,current,yes,FY25
CL05049,S0093,EatClub (BOX8),traction:revenue_growth_yoy,60,traction-metric,percent,,2025-07-25,,SRC01682,MEDIUM,current,yes,FY24
CL05050,S0094,Eruditus,traction:learners,1M+ across 80+ countries,traction-metric,,,2025-09,,SRC01689,MEDIUM,current,yes,2025-09
CL05051,S0094,Eruditus,traction:learners,350000,traction-metric,count,,2026-09-15,,SRC01699,HIGH,current,yes,As-of-2026-09
CL05052,S0094,Eruditus,traction:university_partners,80,traction-metric,count,,2026-09-15,,SRC01699,HIGH,current,yes,As-of-2026-09
CL05053,S0094,Eruditus,traction:revenue_growth_FY24,12.4,traction-metric,percent,,2025-04-02,,SRC01716,HIGH,current,yes,FY24
CL05054,S0094,Eruditus,traction:EBITDA_loss_reduction,83.5,traction-metric,percent,,2025-04-02,,SRC01717,HIGH,current,yes,FY24
CL05055,S0094,Eruditus,traction:enterprise_L&D_revenue_share,20,traction-metric,percent,,2025,,SRC01709,MEDIUM,current,yes,FY25
CL05056,S0094,Eruditus,traction:India_revenue_share,28,traction-metric,percent,,2025,,SRC01708,MEDIUM,current,yes,FY25
CL05057,S0095,Innovist,traction:revenue_growth_yoy,182,traction-metric,percent,,2025-12-17,,SRC01722,HIGH,current,yes,FY25
CL05058,S0095,Innovist,traction:revenue_from_operations,299,traction-metric,crore,,2025-12-17,,SRC01729,HIGH,current,yes,FY25
CL05059,S0095,Innovist,traction:employee_count,233,traction-metric,count,,2026-05-28,,SRC01732,MEDIUM,current,yes,as of May 2026
CL05060,S0095,Innovist,traction:app_downloads,10000000,traction-metric,count,,2026-09-15,,SRC00056,LOW,current,yes,as of 2026
CL05061,S0095,Innovist,traction:app_rating,4.6,traction-metric,stars,,2026-09-15,,SRC00056,LOW,current,yes,as of 2026
CL05062,S0095,Innovist,traction:channel_mix_own_website,25,traction-metric,percent,,2025-07-25,,SRC01735,MEDIUM,current,yes,2025
CL05063,S0096,Leap (LeapScholar),traction:students_served,1M+; 1000+ university partners,traction-metric,,,2025-01,,SRC01749,MEDIUM,current,yes,2025-01
CL05064,S0096,Leap (LeapScholar),traction:students_served,1000000,traction-metric,count,,2025-01-29,,SRC01740,MEDIUM,current,yes,As-of-2025-01
CL05065,S0096,Leap (LeapScholar),traction:university_partners,1000,traction-metric,count,,2025-01-29,,SRC01740,MEDIUM,current,yes,As-of-2025-01
CL05066,S0096,Leap (LeapScholar),traction:students_served,2000000,traction-metric,count,,2022-06-22,,SRC01742,MEDIUM,current,yes,As-of-2022-06
CL05067,S0096,Leap (LeapScholar),traction:students_traveled_abroad,60000,traction-metric,count,,2022-06-22,,SRC01742,MEDIUM,current,yes,FY22
CL05068,S0096,Leap (LeapScholar),traction:students_expected_abroad,175000,traction-metric,count,,2022-06-22,,SRC01742,MEDIUM,current,yes,FY23
CL05069,S0096,Leap (LeapScholar),traction:community_members,500000,traction-metric,count,,2021-03-16,,SRC01748,MEDIUM,current,yes,As-of-2021-03
CL05070,S0096,Leap (LeapScholar),traction:monthly_active_users,200000,traction-metric,count,,2021-02-01,,SRC01748,MEDIUM,current,yes,As-of-2021-02
CL05071,S0096,Leap (LeapScholar),traction:countries_operating,11,traction-metric,count,,2025-01-29,,SRC01741,HIGH,current,yes,As-of-2025-01
CL05072,S0096,Leap (LeapScholar),traction:revenue_from_india,80,traction-metric,percent,,2025-01-29,,SRC01741,HIGH,current,yes,As-of-2025-01
CL05073,S0096,Leap (LeapScholar),traction:employee_count,848,traction-metric,count,,2025-08-31,,SRC01747,MEDIUM,current,yes,As-of-2025-08
CL05074,S0096,Leap (LeapScholar),traction:offline_centres_planned,15,traction-metric,count,,2026-03-23,,SRC01752,LOW,current,yes,FY2026
CL05075,S0098,Neo (Neo Wealth),traction:total_client_assets,130000,traction-metric,crore,,2026-06-30,,SRC01765,MEDIUM,current,yes,As-of-2026-06-30
CL05076,S0098,Neo (Neo Wealth),traction:ARR_AUM,50000,traction-metric,crore,,2026-06-30,,SRC01765,MEDIUM,current,yes,As-of-2026-06-30
CL05077,S0098,Neo (Neo Wealth),traction:senior_wealth_advisors,150,traction-metric,count,,2026-07-17,,SRC01765,MEDIUM,current,yes,As-of-2026-07-17
CL05078,S0098,Neo (Neo Wealth),traction:cities_operating,30,traction-metric,count,,2026-07-17,,SRC01765,MEDIUM,current,yes,As-of-2026-07-17
CL05079,S0098,Neo (Neo Wealth),traction:total_employees,850,traction-metric,count,,2026-07-17,,SRC01765,MEDIUM,current,yes,As-of-2026-07-17
CL05080,S0098,Neo (Neo Wealth),traction:assets_under_advice,3000,traction-metric,crore,,2023-10-18,,SRC01770,MEDIUM,current,yes,As-of-2023-10
CL05081,S0098,Neo (Neo Wealth),traction:private_credit_fund_first_close,2000,traction-metric,crore,,2025-11-25,,SRC01769,MEDIUM,current,yes,As-of-2025-11
CL05082,S0100,Purple Style Labs,traction:active_designer_brands,1109,traction-metric,brands,,2026-03-31,,SRC01786,HIGH,current,yes,As-of-2026-03-31
CL05083,S0100,Purple Style Labs,traction:experience_centres,15,traction-metric,centres,,2025-03-13,,SRC01783,HIGH,current,yes,As-of-2025-03
CL05084,S0100,Purple Style Labs,traction:gross_sales_run_rate,100,traction-metric,million USD,,2023-11-20,,SRC01784,MEDIUM,current,yes,FY23
CL05085,S0100,Purple Style Labs,traction:cagr_fy21_to_fy24,100,traction-metric,percent,,2025-03-13,,SRC01783,MEDIUM,current,yes,FY21-FY24
CL05086,S0100,Purple Style Labs,traction:ipo_subscription_total,1.29,traction-metric,x,,2026-09-02,,SRC01786,HIGH,current,yes,Aug 31-Sep 2 2026
CL05087,S0100,Purple Style Labs,traction:ipo_listing_discount,6.96,traction-metric,percent,,2026-09-07,,SRC01786,HIGH,current,yes,Sep 7 2026
CL05088,S0103,EtherealX (Ethereal Exploration),traction:signed launch MoUs,$130M,traction-metric,,,2026-01,,SRC01811,MEDIUM,current,yes,2026-01
CL05089,S0104,QNu Labs,traction:QKD network distance,1000,traction-metric,km,,2026-04-01,,SRC01819,HIGH,current,yes,As-of-2026-04
CL05090,S0104,QNu Labs,traction:QKD network distance (earlier milestone),500,traction-metric,km,,2025-11-01,,SRC01819,HIGH,current,yes,As-of-2025-11
CL05091,S0104,QNu Labs,traction:Navy quantum encryption systems ordered,28,traction-metric,systems,,2023-01-01,,SRC01819,MEDIUM,current,yes,As-of-2023
CL05092,S0104,QNu Labs,traction:Army first procurement order,1,traction-metric,order,,2022-08-14,,SRC01819,HIGH,current,yes,2022-08-14
CL05093,S0104,QNu Labs,traction:Patents granted,12,traction-metric,patents,,2026-09-15,,SRC01819,HIGH,current,yes,As-of-2026-09
CL05094,S0104,QNu Labs,traction:Employee count,118,traction-metric,employees,,2025-08-31,,SRC01817,MEDIUM,current,yes,As-of-2025-08
CL05095,S0105,Ultraviolette,traction:global sales H1 2026,"3,000+ electric motorcycles",traction-metric,,,2026-09,,SRC01831,MEDIUM,current,yes,2026-09
CL05096,S0105,Ultraviolette,traction:retail + global footprint,"100+ Indian cities, 14 countries",traction-metric,,,2026-09,,SRC01835,MEDIUM,current,yes,2026-09
CL05097,S0106,Curefoods,traction:service locations at DRHP,502 across 70+ cities,traction-metric,,,2025-06,,SRC01840,MEDIUM,current,yes,2025-06
CL05098,S0106,Curefoods,traction:service locations,502,traction-metric,locations,,2025-03,,SRC01837,HIGH,current,yes,As-of-2025-03
CL05099,S0106,Curefoods,traction:cloud kitchens,281,traction-metric,kitchens,,2026-09-15,,SRC01841,MEDIUM,current,yes,As-of-2026-09
CL05100,S0106,Curefoods,traction:kiosks,99,traction-metric,kiosks,,2026-09-15,,SRC01841,MEDIUM,current,yes,As-of-2026-09
CL05101,S0106,Curefoods,traction:cities,40,traction-metric,cities,,2026-09-15,,SRC01841,MEDIUM,current,yes,As-of-2026-09
CL05102,S0106,Curefoods,traction:brands crossing ₹100Cr ARR,4,traction-metric,brands,,2025-06,,SRC01837,HIGH,current,yes,As-of-2025-06
CL05103,S0106,Curefoods,traction:employees,3254,traction-metric,employees,,2026,,SRC01847,MEDIUM,current,yes,As-of-2026
CL05104,S0107,Dezerv,traction:AUM,"Rs 14,000 Cr+ across PMS/AIF/distribution",traction-metric,,,2025-10,,SRC01862,HIGH,current,yes,2025-10
CL05105,S0107,Dezerv,traction:app tracking scale,5L+ investors tracking Rs 2L Cr+,traction-metric,,,2025-10,,SRC01862,MEDIUM,current,yes,2025-10
CL05106,S0108,Edubuk,traction:on_chain_verifications,100000,traction-metric,count,,2026-03-24,,SRC01873,MEDIUM,current,yes,As-of-2026-03
CL05107,S0108,Edubuk,traction:employee_count,17,traction-metric,count,,2026-08-31,,SRC01872,MEDIUM,current,yes,As-of-2026-08
CL05108,S0108,Edubuk,traction:global_profiles_affected,500000000,traction-metric,count,,2026-03-24,,SRC01873,LOW,current,yes,As-of-2026-03
CL05109,S0109,EloElo,traction:monthly_active_users,27,traction-metric,million,,2026-01-31,,SRC01877,MEDIUM,current,yes,As-of-2026-01
CL05110,S0109,EloElo,traction:minutes_per_month,2,traction-metric,billion,,2026-01-31,,SRC01877,MEDIUM,current,yes,As-of-2026-01
CL05111,S0109,EloElo,traction:paying_users,1.5,traction-metric,million,,2025-04-10,,SRC01879,MEDIUM,current,yes,As-of-2025-04
CL05112,S0109,EloElo,traction:arr,23,traction-metric,million,,2025-04-10,,SRC01879,MEDIUM,current,yes,FY25
CL05113,S0109,EloElo,traction:downloads_story_tv,9,traction-metric,crore,,2026-05-21,,SRC01902,MEDIUM,current,yes,As-of-2026-05
CL05114,S0109,EloElo,traction:downloads_eloelo_app,100,traction-metric,million,,2026-09-15,,SRC01895,MEDIUM,current,yes,As-of-2026-09
CL05115,S0109,EloElo,traction:users_total,1,traction-metric,million,,2021-12-11,,SRC01903,MEDIUM,current,yes,As-of-2021-12
CL05116,S0109,EloElo,traction:market,India,traction-metric,country,,2026-09-15,,SRC01895,HIGH,current,yes,As-of-2026-09
CL05117,S0109,EloElo,traction:market,Southeast Asia,traction-metric,country,,2025-04-10,,SRC01879,MEDIUM,current,yes,As-of-2025-04
CL05118,S0109,EloElo,traction:market,Latin America,traction-metric,country,,2025-04-10,,SRC01879,MEDIUM,current,yes,As-of-2025-04
CL05119,S0110,GIVA,traction:store_count,300,traction-metric,stores,,2026-04-14,,SRC01934,HIGH,current,yes,As-of-2026-04
CL05120,S0110,GIVA,traction:store_count,280,traction-metric,stores,,2025-11-23,,SRC01917,HIGH,current,yes,As-of-2025-11
CL05121,S0110,GIVA,traction:store_count_target,340,traction-metric,stores,,2025-11-23,,SRC01917,HIGH,current,yes,FY26 target
CL05122,S0110,GIVA,traction:store_count_target,1000,traction-metric,stores,,2025-11-23,,SRC01917,MEDIUM,current,yes,By 2028
CL05123,S0110,GIVA,traction:online_offline_split,50,traction-metric,percent,,2026-02-13,,SRC01930,HIGH,current,yes,FY25
CL05124,S0110,GIVA,traction:revenue_run_rate,8500000000,traction-metric,INR,,2025-05-08,,SRC01919,MEDIUM,current,yes,FY26E
CL05125,S0110,GIVA,traction:same_store_sales_growth,65,traction-metric,percent,,2025-05-08,,SRC01919,HIGH,current,yes,FY25
CL05126,S0110,GIVA,traction:app_downloads,8000000,traction-metric,downloads,,2026-09-15,,SRC01937,HIGH,current,yes,As-of-2026
CL05127,S0110,GIVA,traction:international_revenue,1070000000,traction-metric,INR,,2026-02-13,,SRC01938,HIGH,current,yes,FY25
CL05128,S0112,Moglix,traction:SKUs,"700,000+",traction-metric,,,2022-01,,SRC01944,MEDIUM,current,yes,2022-01
CL05129,S0112,Moglix,traction:SMEs served,"500,000+",traction-metric,,,2022-01,,SRC01946,MEDIUM,current,yes,2022-01
CL05130,S0112,Moglix,traction:large manufacturers,"1,000+",traction-metric,,,2022-01,,SRC01946,MEDIUM,current,yes,2022-01
CL05131,S0112,Moglix,traction:supplier network / warehouses,"16,000+ suppliers, 40+ warehouses",traction-metric,,,2022-01,,SRC01944,MEDIUM,current,yes,2022-01
CL05132,S0118,StockGro,traction:registered_users,35000000,traction-metric,users,,2026-09-15,,SRC02004,HIGH,current,yes,As-of-2026-09-15
CL05133,S0118,StockGro,traction:registered_users,10000000,traction-metric,users,,2022-01-20,,SRC02003,HIGH,current,yes,Jan 2022
CL05134,S0118,StockGro,traction:registered_users,1000000,traction-metric,users,,2021-08-04,,SRC02008,HIGH,current,yes,Aug 2021
CL05135,S0118,StockGro,traction:educational_institution_partnerships,1500,traction-metric,institutions,,2025-12-02,,SRC02004,HIGH,current,yes,As-of-2025-12-02
CL05136,S0118,StockGro,traction:sebi_registered_analysts,150,traction-metric,analysts,,2026-09-15,,SRC02006,HIGH,current,yes,As-of-2026-09-15
CL05137,S0118,StockGro,traction:employee_count,211,traction-metric,employees,,2026-09-15,,SRC02007,MEDIUM,current,yes,As-of-2026-09-15
CL05138,S0119,Yulu,traction:Fleet size,48000,traction-metric,EVs,,2026-07-16,,SRC02023,HIGH,current,yes,As-of-2026-07
CL05139,S0119,Yulu,traction:Cumulative distance,2000000000,traction-metric,km,,2026-03-30,,SRC02033,HIGH,current,yes,As-of-2026-03
CL05140,S0119,Yulu,traction:Daily doorstep deliveries,750000,traction-metric,deliveries/day,,2026-08-12,,SRC02019,HIGH,current,yes,As-of-2026-08
CL05141,S0119,Yulu,traction:Zero-emission km logged daily,2500000,traction-metric,km/day,,2026-08-12,,SRC02019,HIGH,current,yes,As-of-2026-08
CL05142,S0119,Yulu,traction:Total users since inception,4000000,traction-metric,users,,2026-08-12,,SRC02012,HIGH,current,yes,As-of-2026-08
CL05143,S0119,Yulu,traction:Market share of quick-commerce deliverie,15,traction-metric,%,,2026-08-12,,SRC02019,HIGH,current,yes,As-of-2026-08
CL05144,S0119,Yulu,traction:Fleet size,45000,traction-metric,EVs,,2025-05-27,,SRC02021,HIGH,current,yes,As-of-2025-05
CL05145,S0119,Yulu,traction:Fleet size,18000,traction-metric,EVs,,2024-12-05,,SRC02022,HIGH,current,yes,As-of-2024-12
CL05146,S0119,Yulu,traction:Cities of operation,10,traction-metric,cities,,2026-07-16,,SRC02023,HIGH,current,yes,As-of-2026-07
CL05147,S0119,Yulu,traction:Battery swapping stations,300,traction-metric,stations,,2025-05-27,,SRC02021,HIGH,current,yes,As-of-2025-05
CL05148,S0119,Yulu,traction:Women service professionals,12000,traction-metric,users,,2026-07-16,,SRC02023,HIGH,current,yes,As-of-2026-07
CL05149,S0119,Yulu,traction:EBITDA positive months,11,traction-metric,months,,2026-07-16,,SRC02023,HIGH,current,yes,FY25
CL05150,S0119,Yulu,traction:CO2 abated monthly,2000000,traction-metric,kg,,2026-08-12,,SRC02019,MEDIUM,current,yes,As-of-2026-08
CL05151,S0120,Zenoti,traction:customers,30000,traction-metric,businesses,,2026-01-01,,SRC02040,HIGH,current,yes,As-of-2026-01
CL05152,S0120,Zenoti,traction:locations_managed,15000,traction-metric,businesses,,2021-09-14,,SRC02052,HIGH,current,yes,Post-SuperSalon acquisition
CL05153,S0120,Zenoti,traction:countries_served,50,traction-metric,countries,,2026-01-01,,SRC02040,HIGH,current,yes,As-of-2026-01
CL05154,S0120,Zenoti,traction:employee_count,862,traction-metric,employees,,2025-08-31,,SRC02036,MEDIUM,current,yes,As-of-2025-08-31
CL05155,S0120,Zenoti,traction:revenue_growth_2020,100,traction-metric,percent,,2020-12-31,,SRC02046,HIGH,current,yes,FY2020
CL05156,S0123,Foxtale,traction:GMV,700,traction-metric,crore,,2026-05-12,,SRC02083,HIGH,current,yes,FY25/FY26
CL05157,S0123,Foxtale,traction:repeat_purchase_rate,50,traction-metric,percent,,2025-12-26,,SRC02082,HIGH,current,yes,FY25
CL05158,S0123,Foxtale,traction:online_revenue_share,95,traction-metric,percent,,2026-05-12,,SRC02083,HIGH,current,yes,FY25
CL05159,S0123,Foxtale,traction:own_website_revenue_share,50,traction-metric,percent,,2026-05-12,,SRC02083,HIGH,current,yes,FY25
CL05160,S0123,Foxtale,traction:marketplace_revenue_share,40,traction-metric,percent,,2026-05-12,,SRC02083,MEDIUM,current,yes,FY25
CL05161,S0123,Foxtale,traction:offline_revenue_share,10,traction-metric,percent,,2026-05-12,,SRC02083,HIGH,current,yes,FY25
CL05162,S0123,Foxtale,traction:SKU_count,20,traction-metric,count,,2026-05-12,,SRC02083,HIGH,current,yes,As-of 2026
CL05163,S0123,Foxtale,traction:ARR_GMV_target,700,traction-metric,crore,,2025-12-26,,SRC02082,MEDIUM,current,yes,FY25
CL05164,S0123,Foxtale,traction:revenue_growth_yoy,150,traction-metric,percent,,2025-01-15,,SRC02081,HIGH,current,yes,FY25
CL05165,S0123,Foxtale,traction:founder_stake,33.65,traction-metric,percent,,2026-09-15,,SRC02084,HIGH,current,yes,As-of 2026
CL05166,S0125,HerSpace Manufacturing,traction:modular beds delivered and operating,950+,traction-metric,,,Sep 2026,,SRC02102,MEDIUM,current,yes,Sep 2026
CL05167,S0125,HerSpace Manufacturing,traction:modular beds operating,950,traction-metric,beds,,2026-09-07,,SRC02095,HIGH,current,yes,Sep 2026
CL05168,S0125,HerSpace Manufacturing,traction:beds in pipeline,10000,traction-metric,beds,,2026-09-07,,SRC02095,HIGH,current,yes,Sep 2026
CL05169,S0125,HerSpace Manufacturing,traction:beds deployed single site case study,432,traction-metric,beds,,2026-09-07,,SRC02097,MEDIUM,current,yes,Q1 2026
CL05170,S0126,Snitch,traction:store_count,131,traction-metric,stores,,2026-08-24,,SRC02112,MEDIUM,current,yes,As-of-2026-08
CL05171,S0126,Snitch,traction:online_offline_mix,60,traction-metric,percent_online,,2026-04-11,,SRC02106,HIGH,current,yes,FY26
CL05172,S0126,Snitch,traction:quick_commerce_revenue_share,10,traction-metric,percent_online_revenue,,2026-04-11,,SRC02106,MEDIUM,current,yes,FY26
CL05173,S0126,Snitch,traction:revenue_run_rate,900,traction-metric,crore,,2026-04-11,,SRC02106,MEDIUM,current,yes,FY26
CL05174,S0126,Snitch,traction:total_funding_raised,53,traction-metric,million,,2026-04-11,,SRC02106,HIGH,current,yes,cumulative
CL05175,S0128,Rezolv,traction:banks_and_nbfcs_partnered,22,traction-metric,count,,2026-08-18,,SRC02124,HIGH,current,yes,As-of-2026-08
CL05176,S0128,Rezolv,traction:borrower_conversations_minutes_per_month,6500000,traction-metric,minutes,,2026-08-18,,SRC02124,HIGH,current,yes,As-of-2026-08
CL05177,S0128,Rezolv,traction:loan_accounts_managed,12000000,traction-metric,accounts,,2026-08-18,,SRC02124,HIGH,current,yes,As-of-2026-08
CL05178,S0128,Rezolv,traction:bounce_resolution_rate_improvement,35,traction-metric,percent,,2026-08-18,,SRC02123,HIGH,current,yes,As-of-2026-08
CL05179,S0128,Rezolv,traction:employee_count,78,traction-metric,employees,,2026-05-31,,SRC02128,MEDIUM,current,yes,As-of-2026-05
CL05180,S0130,BGauss,traction:retail_registrations,5518,traction-metric,units,,2026-07-31,,SRC02139,HIGH,current,yes,Jul 2026
CL05181,S0130,BGauss,traction:annual_sales,164000,traction-metric,units,,2026-08-20,,SRC02155,MEDIUM,current,yes,FY26
CL05182,S0130,BGauss,traction:annual_sales,344000,traction-metric,units,,2025-03-31,,SRC02155,MEDIUM,current,yes,FY25
CL05183,S0130,BGauss,traction:dealerships,120,traction-metric,count,,2025-01-01,,SRC02145,HIGH,current,yes,early 2025
CL05184,S0130,BGauss,traction:dealerships,200,traction-metric,count,,2026-09-15,,SRC02143,MEDIUM,current,yes,2026
CL05185,S0130,BGauss,traction:customers_served,45000,traction-metric,count,,2025-01-14,,SRC02145,HIGH,current,yes,Jan 2025
CL05186,S0130,BGauss,traction:manufacturing_capacity,100000,traction-metric,units/year,,2025-01-14,,SRC02145,HIGH,current,yes,2025
CL05187,S0130,BGauss,traction:brand_trust,90000,traction-metric,families,,2026-09-15,,SRC02143,MEDIUM,current,yes,2026
CL05188,S0130,BGauss,traction:market_share,0.3,traction-metric,percent,,2026-07-31,,SRC02139,HIGH,current,yes,Jul 2026
CL05189,S0134,Chargebee,traction:customers,6500,traction-metric,businesses,,2026-08-17,,SRC02193,HIGH,current,yes,As-of-2026-08
CL05190,S0134,Chargebee,traction:countries_served,227,traction-metric,countries and territories,,2026-08-17,,SRC02193,HIGH,current,yes,As-of-2026-08
CL05191,S0134,Chargebee,traction:currencies_supported,62,traction-metric,currencies,,2026-08-17,,SRC02193,HIGH,current,yes,As-of-2026-08
CL05192,S0134,Chargebee,traction:employees,1301,traction-metric,employees,,2025-09-30,,SRC02187,MEDIUM,current,yes,As-of-2025-09-30
CL05193,S0134,Chargebee,traction:employees_india,746,traction-metric,employees,,2025-08-01,,SRC02178,MEDIUM,current,yes,As-of-2025-08
CL05194,S0134,Chargebee,traction:customers_2022,4800,traction-metric,businesses,,2023-02-01,,SRC02207,MEDIUM,current,yes,As-of-2023-02
CL05195,S0134,Chargebee,traction:customers_2021,3500,traction-metric,businesses,,2021-10-19,,SRC02208,HIGH,current,yes,As-of-2021-10
CL05196,S0134,Chargebee,traction:revenue_processed,5000000000,traction-metric,USD,,2023-02-01,,SRC02207,MEDIUM,current,yes,As-of-2023-02
CL05197,S0135,Delhivery,traction:ecommerce_shipments,105,traction-metric,crore,,2026-05-05,,SRC02214,HIGH,current,yes,FY26
CL05198,S0135,Delhivery,traction:ptl_freight,20,traction-metric,lakh tonnes,,2026-05-05,,SRC02214,HIGH,current,yes,FY26
CL05199,S0135,Delhivery,traction:infrastructure_sqft,2.3,traction-metric,crore sqft,,2026-05-05,,SRC02214,HIGH,current,yes,FY26
CL05200,S0135,Delhivery,traction:express_shipments_q4fy26,306,traction-metric,million,,2026-05-05,,SRC02214,HIGH,current,yes,Q4 FY26
CL05201,S0135,Delhivery,traction:express_shipments_fy25,752,traction-metric,million,,2025-05-16,,SRC02212,HIGH,current,yes,FY25
CL05202,S0135,Delhivery,traction:express_shipments_q4fy25,177,traction-metric,million,,2025-05-16,,SRC02212,HIGH,current,yes,Q4 FY25
CL05203,S0135,Delhivery,traction:ptl_freight_q2fy26,477000,traction-metric,metric tonnes,,2025-11-05,,SRC02222,HIGH,current,yes,Q2 FY26
CL05204,S0135,Delhivery,traction:net_worth,9687,traction-metric,crore,,2026-05-05,,SRC02214,HIGH,current,yes,Mar 2026
CL05205,S0135,Delhivery,traction:cash_equivalents,4555,traction-metric,crore,,2026-05-05,,SRC02214,HIGH,current,yes,Mar 2026
CL05206,S0138,OYO,traction:global_hotels,21000,traction-metric,hotels,,2025-03-31,,SRC02251,HIGH,current,yes,FY25 (as of 2025-03-31)
CL05207,S0138,OYO,traction:global_homes,120000,traction-metric,homes,,2025-03-31,,SRC02251,HIGH,current,yes,FY25 (as of 2025-03-31)
CL05208,S0138,OYO,traction:countries,35,traction-metric,countries,,2025-03-31,,SRC02251,HIGH,current,yes,FY25
CL05209,S0138,OYO,traction:customers,100,traction-metric,million,,2025-12-16,,SRC02252,MEDIUM,current,yes,FY25
CL05210,S0138,OYO,traction:india_GBV_share,11.9,traction-metric,percent,,2026-07,,SRC02258,HIGH,current,yes,FY26 (9M)
CL05211,S0138,OYO,traction:us_GBV_share,52,traction-metric,percent,,2026-07,,SRC02258,HIGH,current,yes,FY26 (9M)
CL05212,S0138,OYO,traction:europe_GBV_share,18,traction-metric,percent,,2026-07,,SRC02258,HIGH,current,yes,FY26 (9M)
CL05213,S0138,OYO,traction:india_revenue_share,30,traction-metric,percent,,2025-12,,SRC02256,MEDIUM,current,yes,FY25
CL05214,S0138,OYO,traction:us_revenue_share,30,traction-metric,percent,,2025-12,,SRC02256,MEDIUM,current,yes,FY25
CL05215,S0138,OYO,traction:premium_hotel_partners_upgraded,1300,traction-metric,hotel_partners,,2025-12,,SRC02256,MEDIUM,current,yes,FY25
CL05216,S0144,KGeN (Kratos Gamer Network),traction:verified users,38.9M,traction-metric,,,Sep 2025,,SRC02306,,current,yes,Sep 2025
CL05217,S0144,KGeN (Kratos Gamer Network),traction:monthly active users,6.14M,traction-metric,,,Sep 2025,,SRC02306,,current,yes,Sep 2025
CL05218,S0144,KGeN (Kratos Gamer Network),traction:verified_users,3.6,traction-metric,million,,2024-05-24,,SRC02307,HIGH,current,yes,May 2024
CL05219,S0144,KGeN (Kratos Gamer Network),traction:verified_users,10.8,traction-metric,million,,2024-10-06,,SRC02321,MEDIUM,current,yes,Oct 2024
CL05220,S0144,KGeN (Kratos Gamer Network),traction:verified_users,38.9,traction-metric,million,,2025-09-30,,SRC02306,HIGH,current,yes,Sep 2025
CL05221,S0144,KGeN (Kratos Gamer Network),traction:verified_users,53,traction-metric,million,,2026-03-15,,SRC02322,MEDIUM,current,yes,Mar 2026
CL05222,S0144,KGeN (Kratos Gamer Network),traction:verified_users,61.9,traction-metric,million,,2026-06-05,,SRC02310,HIGH,current,yes,Jun 2026
CL05223,S0144,KGeN (Kratos Gamer Network),traction:monthly_active_users,6.14,traction-metric,million,,2025-09-30,,SRC02306,MEDIUM,current,yes,Sep 2025
CL05224,S0144,KGeN (Kratos Gamer Network),traction:annualized_revenue,85.8,traction-metric,million,,2026-03-31,,SRC02310,HIGH,current,yes,FY26
CL05225,S0144,KGeN (Kratos Gamer Network),traction:gamer_attributes_collected,67,traction-metric,million,,2024-05-24,,SRC02307,HIGH,current,yes,May 2024
CL05226,S0145,Seekho,traction:monthly active users,25M,traction-metric,,,Sep 2025,,SRC02326,,current,yes,Sep 2025
CL05227,S0145,Seekho,traction:monthly_active_users,25000000,traction-metric,count,,2025-09-03,,SRC02330,HIGH,current,yes,As-of-2025-09
CL05228,S0145,Seekho,traction:paid_subscribers,4000000,traction-metric,count,,2025-09-03,,SRC02329,HIGH,current,yes,As-of-2025-09
CL05229,S0145,Seekho,traction:paid_subscribers,1000000,traction-metric,count,,2024-12-01,,SRC02329,HIGH,current,yes,FY24
CL05230,S0145,Seekho,traction:video_courses,10000,traction-metric,count,,2026-09-15,,SRC00056,HIGH,current,yes,As-of-2026-09
CL05231,S0145,Seekho,traction:languages_supported,4,traction-metric,count,,2025-11-13,,SRC02336,MEDIUM,current,yes,As-of-2025-11
CL05232,S0145,Seekho,traction:subscription_revenue_pool_india,2500000000,traction-metric,count,,2025-09-03,,SRC02330,LOW,current,yes,FY25
CL05233,S0146,Avammune Therapeutics,traction:Publications,2,traction-metric,count,,2026-09-15,,SRC02350,HIGH,current,yes,As-of-2026-09-15
CL05234,S0146,Avammune Therapeutics,traction:Partnerships,3,traction-metric,count,,2026-09-15,,SRC02346,HIGH,current,yes,As-of-2026-09-15
CL05235,S0147,HexaHealth,traction:surgeries facilitated cumulative,"30,000",traction-metric,,,Apr 2025,,SRC02363,,current,yes,Apr 2025
CL05236,S0148,Escape Plan (travel gear),traction:offline stores,25+,traction-metric,,,Jan 2026,,SRC02373,,current,yes,Jan 2026
CL05237,S0148,Escape Plan (travel gear),traction:annualized_revenue_run_rate,300,traction-metric,crore INR,,2026-01-22,,SRC02373,MEDIUM,current,yes,As-of-2026-01
CL05238,S0148,Escape Plan (travel gear),traction:annualized_revenue_run_rate,400,traction-metric,crore INR,,2026-06-10,,SRC02374,MEDIUM,current,yes,As-of-2026-06
CL05239,S0148,Escape Plan (travel gear),traction:offline_stores,25,traction-metric,count,,2026-01-22,,SRC02373,HIGH,current,yes,As-of-2026-01
CL05240,S0148,Escape Plan (travel gear),traction:customers_served,650000,traction-metric,count,,2026-01-22,,SRC02373,MEDIUM,current,yes,As-of-2026-01
CL05241,S0148,Escape Plan (travel gear),traction:monthly_luggage_shipments,200000,traction-metric,pieces,,2026-01-22,,SRC02373,MEDIUM,current,yes,As-of-2026-01
CL05242,S0148,Escape Plan (travel gear),traction:revenue,175,traction-metric,crore INR,,2026-06-10,,SRC02374,MEDIUM,current,yes,FY26 (end of first full year)
CL05243,S0153,CynLr,traction:robot_systems_in_lab,25,traction-metric,count,,2024-11-05,,SRC02427,HIGH,current,yes,FY2024
CL05244,S0153,CynLr,traction:target_robots_per_day,1,traction-metric,count/day,,2026-02-17,,SRC02422,HIGH,current,yes,FY2028
CL05245,S0153,CynLr,traction:target_revenue_by_2027,22000000,traction-metric,USD,,2024-11-05,,SRC02432,HIGH,current,yes,FY2027
CL05246,S0153,CynLr,traction:target_revenue_break_even,45000000,traction-metric,USD,,2026-02-17,,SRC02422,HIGH,current,yes,FY2028
CL05247,S0153,CynLr,traction:supply_chain_parts,400,traction-metric,count,,2024-11-05,,SRC02432,HIGH,current,yes,As-of-2024-11-05
CL05248,S0153,CynLr,traction:learning_time_unknown_object,15,traction-metric,seconds,,2026-02-13,,SRC02421,HIGH,current,yes,As-of-2026-02-13
CL05249,S0153,CynLr,traction:task_configuration_time,1,traction-metric,hours,,2026-02-13,,SRC02421,HIGH,current,yes,As-of-2026-02-13
CL05250,S0153,CynLr,traction:system_price_range,165000,traction-metric,USD,,2026-02-13,,SRC02421,HIGH,current,yes,As-of-2026-02-13
CL05251,S0153,CynLr,traction:runway_months,16,traction-metric,months,,2026-02-17,,SRC02422,HIGH,current,yes,As-of-2026-02-17
CL05252,S0154,Skydo,traction:annualised_payment_volume,1000000000,traction-metric,USD,,2026-08-13,,SRC02451,HIGH,current,yes,As-of-2026-08
CL05253,S0154,Skydo,traction:businesses_served,50000,traction-metric,count,,2026-08-13,,SRC02451,HIGH,current,yes,As-of-2026-08
CL05254,S0154,Skydo,traction:indian_exporters_served,40000,traction-metric,count,,2026-09-15,,SRC02457,HIGH,current,yes,As-of-2026
CL05255,S0154,Skydo,traction:payments_processed_annually,200000,traction-metric,count,,2026-09-15,,SRC02457,HIGH,current,yes,Annual
CL05256,S0154,Skydo,traction:countries_served,150,traction-metric,count,,2026-09-15,,SRC02457,HIGH,current,yes,As-of-2026
CL05257,S0156,VerveSemi (Vervesemi),traction:IP portfolio size,140,traction-metric,IP blocks,,2026-02-18,,SRC00059,HIGH,current,yes,As-of-2026-02
CL05258,S0156,VerveSemi (Vervesemi),traction:Chip variants,25,traction-metric,IC products,,2026-02-18,,SRC00059,HIGH,current,yes,As-of-2026-02
CL05259,S0156,VerveSemi (Vervesemi),traction:Granted patents,10,traction-metric,patents,,2026-02-18,,SRC00059,HIGH,current,yes,As-of-2026-02
CL05260,S0156,VerveSemi (Vervesemi),traction:Trade secrets,5,traction-metric,trade secrets,,2026-02-18,,SRC00059,HIGH,current,yes,As-of-2026-02
CL05261,S0156,VerveSemi (Vervesemi),traction:DLI scheme selection,24,traction-metric,companies,,2026-02-18,,SRC00059,HIGH,current,yes,As-of-2026-02
CL05262,S0156,VerveSemi (Vervesemi),traction:Semiconductor startups raised in India,92,traction-metric,million USD,,2026-06-02,,SRC02478,HIGH,current,yes,Jan-May 2026
CL05263,S0156,VerveSemi (Vervesemi),traction:Foundry tape-outs completed,5,traction-metric,chip designs,,2026-02-18,,SRC00059,HIGH,current,yes,As-of-2026-02
CL05264,S0156,VerveSemi (Vervesemi),traction:Customer: Space sector,1,traction-metric,identified customer,,2026-02-18,,SRC00059,HIGH,current,yes,As-of-2026-02
CL05265,S0156,VerveSemi (Vervesemi),traction:BLDC motor controller project award,1,traction-metric,government project,,2025-03-20,,SRC00059,HIGH,current,yes,2025-03-20
CL05266,S0157,Butterfly Learnings,traction:centres,90,traction-metric,count,,2026-08-19,,SRC02482,HIGH,current,yes,As-of-2026-08
CL05267,S0157,Butterfly Learnings,traction:cities,22,traction-metric,count,,2026-08-19,,SRC02482,HIGH,current,yes,As-of-2026-08
CL05268,S0157,Butterfly Learnings,traction:therapists,350,traction-metric,count,,2026-08-19,,SRC02483,HIGH,current,yes,As-of-2026-08
CL05269,S0157,Butterfly Learnings,traction:families_served,2000,traction-metric,count,,2024-04-11,,SRC02488,MEDIUM,current,yes,As-of-2024-04
CL05270,S0157,Butterfly Learnings,traction:bhcoe_accreditation,1,traction-metric,boolean,,2026-08-19,,SRC02482,HIGH,current,yes,As-of-2026-08
CL05271,S0157,Butterfly Learnings,traction:target_centres,300,traction-metric,count,,2026-08-19,,SRC02491,MEDIUM,current,yes,2-3 years from Aug 2026
CL05272,S0158,Sugar Cosmetics,traction:exclusive_outlets,200,traction-metric,stores,,2026-09-15,,SRC02498,HIGH,current,yes,As-of-2026-09
CL05273,S0158,Sugar Cosmetics,traction:retail_touchpoints,50000,traction-metric,touchpoints,,2026-09-15,,SRC02498,MEDIUM,current,yes,As-of-2026-09
CL05274,S0158,Sugar Cosmetics,traction:revenue_yoy_change,-20,traction-metric,percent,,2026-09-08,,SRC02495,HIGH,current,yes,FY25 vs FY24
CL05275,S0158,Sugar Cosmetics,traction:store_closure_rate,35,traction-metric,percent,,2026-09-04,,SRC02498,MEDIUM,current,yes,2024-2026
CL05276,S0158,Sugar Cosmetics,traction:d2c_share,UNKNOWN,traction-metric,percent,,2026-09-15,,,LOW,current,yes,FY25
CL05277,S0159,Graas.ai (Graas),traction:brands_served,2000,traction-metric,count,,2026-08-12,,SRC02508,HIGH,current,yes,As-of-2026-08
CL05278,S0159,Graas.ai (Graas),traction:revenue_arr,31,traction-metric,million USD,,2025-12-31,,SRC02518,MEDIUM,current,yes,FY25
CL05279,S0159,Graas.ai (Graas),traction:data_points_processed_daily,100,traction-metric,million,,2026-09-15,,SRC02509,HIGH,current,yes,As-of-2026-09
CL05280,S0159,Graas.ai (Graas),traction:employees,263,traction-metric,count,,2026-07-31,,SRC02505,MEDIUM,current,yes,As-of-2026-07
CL05281,S0159,Graas.ai (Graas),traction:gmv_processed,1000,traction-metric,million USD,,2026-08-12,,SRC02508,HIGH,current,yes,As-of-2026-08
CL05282,S0159,Graas.ai (Graas),traction:revenue_growth_yoy,50,traction-metric,percent,,2026-08-12,,SRC02517,HIGH,current,yes,FY25-FY26
CL05283,S0159,Graas.ai (Graas),traction:b2b_agentic_growth_yoy,100,traction-metric,percent,,2026-08-12,,SRC02517,HIGH,current,yes,FY25-FY26
CL05284,S0159,Graas.ai (Graas),traction:skus_tracked_daily,10,traction-metric,million,,2026-09-15,,SRC02526,HIGH,current,yes,As-of-2026-09
CL05285,S0159,Graas.ai (Graas),traction:connected_channels,100,traction-metric,count,,2026-09-15,,SRC02526,HIGH,current,yes,As-of-2026-09
CL05286,S0161,Agrani Labs,traction:employee_count,56,traction-metric,employees,,2026-07-31,,SRC02536,MEDIUM,current,yes,As-of-2026-07
CL05287,S0161,Agrani Labs,traction:funding_raised,8000000,traction-metric,USD,,2025-06-03,,SRC02529,HIGH,current,yes,FY26
CL05288,S0162,Mokobara,traction:annual_revenue_gmv,25000000,traction-metric,USD,,2025-03-31,,SRC02554,MEDIUM,current,yes,FY25
CL05289,S0162,Mokobara,traction:operating_revenue,2301500000,traction-metric,INR,,2025-03-31,,SRC02551,HIGH,current,yes,FY25
CL05290,S0162,Mokobara,traction:d2c_website_revenue_share,65,traction-metric,percent,,2025-12-01,,SRC02560,MEDIUM,current,yes,FY25
CL05291,S0162,Mokobara,traction:store_count,52,traction-metric,count,,2026-09-15,,SRC02548,HIGH,current,yes,As-of-2026-09
CL05292,S0162,Mokobara,traction:revenue_target,5000000000,traction-metric,INR,,2026-02-02,,SRC02555,MEDIUM,current,yes,FY26-FY27
CL05293,S0162,Mokobara,traction:employee_count,236,traction-metric,count,,2025-08-31,,SRC02561,MEDIUM,current,yes,As-of-2025-08
CL05294,S0162,Mokobara,traction:international_expansion,1,traction-metric,count,,2025-02-01,,SRC02547,HIGH,current,yes,As-of-2025-02
CL05295,S0163,XpressBees,traction:daily_shipments,2000000,traction-metric,shipments,,2020-11-22,,SRC02564,MEDIUM,current,yes,As-of-2020-11-22
CL05296,S0163,XpressBees,traction:towns_cities_presence,2000,traction-metric,towns_and_cities,,2020-11-22,,SRC02564,MEDIUM,current,yes,As-of-2020-11-22
CL05297,S0163,XpressBees,traction:customers,1000,traction-metric,customers,,2020-11-22,,SRC02564,MEDIUM,current,yes,As-of-2020-11-22
CL05298,S0163,XpressBees,traction:employee_count,8641,traction-metric,employees,,2026-08-31,,SRC02565,HIGH,current,yes,As-of-2026-08-31
CL05299,S0164,Fundly.ai,traction:retailers_served,4100,traction-metric,count,,2026-09-08,,SRC02573,HIGH,current,yes,As-of-2026-09
CL05300,S0164,Fundly.ai,traction:cities_operating,24,traction-metric,count,,2026-09-08,,SRC02573,HIGH,current,yes,As-of-2026-09
CL05301,S0164,Fundly.ai,traction:pin_codes_covered,600,traction-metric,count,,2026-09-08,,SRC02573,HIGH,current,yes,As-of-2026-09
CL05302,S0164,Fundly.ai,traction:total_funds_disbursed,1093,traction-metric,crore,,2026-09-08,,SRC02573,HIGH,current,yes,Since-inception-2021
CL05303,S0164,Fundly.ai,traction:pune_pilot_retailers,3000,traction-metric,count,,2026-09-08,,SRC02571,HIGH,current,yes,As-of-2026-09
CL05304,S0164,Fundly.ai,traction:total_funding_raised,7.5,traction-metric,million,,2026-09-08,,SRC02576,MEDIUM,current,yes,Since-inception
CL05305,S0165,Mitigata,traction:organisations served,800+,traction-metric,,,Jun 2026,,SRC02587,,current,yes,Jun 2026
CL05306,S0165,Mitigata,traction:organisations served,800,traction-metric,count,,2026-06-23,,SRC02588,HIGH,current,yes,As-of-2026-06
CL05307,S0165,Mitigata,traction:security incidents triaged,1000000,traction-metric,count,,2026-06-23,,SRC02588,HIGH,current,yes,last 12 months
CL05308,S0165,Mitigata,traction:year-on-year growth,12,traction-metric,x,,2026-06-23,,SRC02588,HIGH,current,yes,FY25-FY26
CL05309,S0165,Mitigata,traction:clients,500,traction-metric,count,,2025-08-04,,SRC02591,HIGH,current,yes,As-of-2025-08
CL05310,S0165,Mitigata,traction:sectors served,22,traction-metric,count,,2026-06-23,,SRC02587,HIGH,current,yes,As-of-2026-06
CL05311,S0167,RentoMojo,traction:live_subscribers,220000,traction-metric,count,,2025-12-31,,SRC02606,HIGH,current,yes,FY25
CL05312,S0167,RentoMojo,traction:live_subscribers,227000,traction-metric,count,,2026-01-31,,SRC02608,HIGH,current,yes,As-of-2026-01
CL05313,S0167,RentoMojo,traction:rental_items,770000,traction-metric,count,,2025-12-31,,SRC02606,HIGH,current,yes,FY25
CL05314,S0167,RentoMojo,traction:live_products,720000,traction-metric,count,,2026-01-31,,SRC02608,HIGH,current,yes,As-of-2026-01
CL05315,S0167,RentoMojo,traction:cities,23,traction-metric,count,,2025-12-31,,SRC02606,HIGH,current,yes,FY25
CL05316,S0167,RentoMojo,traction:cities,22,traction-metric,count,,2026-01-31,,SRC02608,HIGH,current,yes,As-of-2026-01
CL05317,S0167,RentoMojo,traction:experience_stores,71,traction-metric,count,,2025-12-31,,SRC02606,HIGH,current,yes,FY25
CL05318,S0167,RentoMojo,traction:experience_stores,67,traction-metric,count,,2026-01-31,,SRC02608,HIGH,current,yes,As-of-2026-01
CL05319,S0167,RentoMojo,traction:warehouses,21,traction-metric,count,,2026-01-31,,SRC02608,HIGH,current,yes,As-of-2026-01
CL05320,S0167,RentoMojo,traction:market_share_organised_rental,42,traction-metric,percent,,2025-12-31,,SRC02608,MEDIUM,current,yes,FY25
CL05321,S0167,RentoMojo,traction:occupancy_rate,80,traction-metric,percent,,2026-01-31,,SRC02608,MEDIUM,current,yes,As-of-2026-01
CL05322,S0167,RentoMojo,traction:net_rental_revenue_CAGR,48.24,traction-metric,percent,,2025-12-31,,SRC02606,HIGH,current,yes,FY23-FY25
CL05323,S0168,Blinkit,traction:net order value growth,+19.1% QoQ,traction-metric,,,Q1 FY27,,SRC02618,,current,yes,Q1 FY27
CL05324,S0173,immunitoAI,traction:Development Time Reduction,4-5 years to 11-12 months,traction-metric,,,2025-11,,SRC02644,HIGH,current,yes,Current
CL05325,S0173,immunitoAI,traction:Global mAb Market Context,$226.63B (2023) projected to $729.43B by 2033,traction-metric,,,2025,,SRC02644,MEDIUM,current,yes,Market data
CL05326,S0179,Truva,traction:GMV,"{'v': 'Rs 300 crore+ sold', 'as_of': '2026-01', 'source_url': 'https://economictimes.indiatimes.com/tech/funding/proptech-startup-truva-raises-9-million-from-stellaris-and-orios-venture-partners/articleshow/126533381.cms', 'company_reported': True, 'confidence': 0.8}",traction-metric,,,,,,,current,yes,
CL05327,S0179,Truva,traction:homes_sold,"{'v': '150+', 'as_of': '2026-08', 'source_url': 'https://www.linkedin.com/company/truvahomes', 'company_reported': True, 'confidence': 0.75}",traction-metric,,,,,,,current,yes,
CL05328,S0180,Tsavorite,traction:pre_orders,"{'v': '$100 million+', 'as_of': '2025-11', 'source_url': 'https://www.reuters.com/technology/tsavorite-secures-more-than-100-million-pre-orders-ai-chips-scale-workflows-2025-11-10/', 'company_reported': True, 'confidence': 0.95}",traction-metric,,,,,,,current,yes,
CL05329,S0180,Tsavorite,traction:employees,"{'v': '96 (+37.1% YoY)', 'as_of': '2026', 'source_url': 'https://www.linkedin.com/company/tsavorite-scalable-intelligence', 'confidence': 0.85}",traction-metric,,,,,,,current,yes,
CL05330,S0181,Inox Clean Energy,traction:acquisitions,"{'v': 'Rs 25,000 crore in 9 months', 'as_of': '2026-05', 'source_url': 'https://economictimes.indiatimes.com/industry/renewables/inox-clean-energy-powers-into-top-three-with-rs-25k-cr-buys-says-company-official/articleshow/131184869.cms', 'company_reported': True, 'confidence': 0.9}",traction-metric,,,,,,,current,yes,
CL05331,S0181,Inox Clean Energy,traction:operational_capacity,"{'v': '4 GW', 'as_of': '2026-08', 'source_url': 'https://www.outlookbusiness.com/corporate/inox-clean-energy-completes-6000-cr-vena-energy-india-buyout', 'company_reported': True, 'confidence': 0.85}",traction-metric,,,,,,,current,yes,
CL05332,S0181,Inox Clean Energy,traction:valuation,"{'v': 'Rs 70,000 crore', 'as_of': '2026-07', 'source_url': 'https://www.cnbctv18.com/market/inox-clean-refile-ipo-700-crore-fundraise-70000-crore-valuation-inoxgfl-adar-poonawalla-family-office-rj-corp-hero-dlf-enam-19938088.htm', 'company_reported': True, 'confidence': 0.9}",traction-metric,,,,,,,current,yes,
CL05333,S0182,Raphe mPhibr,traction:drones_sold,"{'v': '300+', 'as_of': '2025', 'source_url': 'https://techcrunch.com/2025/06/25/indian-drone-startup-raphe-mphibr-raises-100m-as-military-uav-demand-soars/', 'company_reported': True, 'confidence': 0.85}",traction-metric,,,,,,,current,yes,
CL05334,S0182,Raphe mPhibr,traction:employees,"{'v': '1,000', 'as_of': '2026-08', 'source_url': 'https://inc42.com/startups/after-eight-years-of-building-quietly-can-raphe-mphibr-conquer-the-skies-with-its-long-endurance-uavs/', 'confidence': 0.9}",traction-metric,,,,,,,current,yes,
CL05335,S0182,Raphe mPhibr,traction:manufacturing_campus,"{'v': '7 lakh sq ft', 'as_of': '2026', 'source_url': 'https://inc42.com/startups/after-eight-years-of-building-quietly-can-raphe-mphibr-conquer-the-skies-with-its-long-endurance-uavs/', 'confidence': 0.9}",traction-metric,,,,,,,current,yes,
CL05336,S0183,Battery Smart,traction:swapping_stations,"{'v': '1,500+', 'as_of': '2026-08', 'source_url': 'https://www.freepressjournal.in/business/battery-smart-gears-up-for-ipo-as-ev-battery-swapping-network-targets-market-debut', 'company_reported': True, 'confidence': 0.85}",traction-metric,,,,,,,current,yes,
CL05337,S0183,Battery Smart,traction:cities,"{'v': '75+', 'as_of': '2026-08', 'source_url': 'https://www.freepressjournal.in/business/battery-smart-gears-up-for-ipo-as-ev-battery-swapping-network-targets-market-debut', 'company_reported': True, 'confidence': 0.85}",traction-metric,,,,,,,current,yes,
CL05338,S0183,Battery Smart,traction:swaps,"{'v': '90 million+', 'as_of': '2026', 'source_url': 'https://www.linkedin.com/company/batterysmart', 'company_reported': True, 'confidence': 0.8}",traction-metric,,,,,,,current,yes,
CL05339,S0183,Battery Smart,traction:annual_revenue,"{'v': '$65M', 'as_of': '2026', 'source_url': 'https://www.linkedin.com/company/batterysmart', 'confidence': 0.8}",traction-metric,,,,,,,current,yes,
CL05340,S0183,Battery Smart,traction:employees,"{'v': '1,111', 'as_of': '2026-06', 'source_url': 'https://www.linkedin.com/company/batterysmart', 'confidence': 0.85}",traction-metric,,,,,,,current,yes,
CL05341,S0184,Carrum Mobility,traction:fleet size,"5,000+ vehicles; 18,000 drivers",traction-metric,,,Sep 2026,,SRC02723,MEDIUM,current,yes,Sep 2026
CL05342,S0185,Elivaas,traction:villa count target,"1,200 villas",traction-metric,,,Jun 2026,,SRC02728,MEDIUM,current,yes,2026 target
CL05343,S0185,Elivaas,traction:villas_under_management,670,traction-metric,villas,,2026-06-12,,SRC02728,HIGH,current,yes,As of Jun 2026
CL05344,S0185,Elivaas,traction:villas_under_management,720,traction-metric,villas,,2026-07-30,,SRC02731,HIGH,current,yes,As of Jul 2026
CL05345,S0185,Elivaas,traction:villas_under_management,620,traction-metric,villas,,2026-02-04,,SRC02729,MEDIUM,current,yes,As of Feb 2026
CL05346,S0185,Elivaas,traction:villas_under_management_target,1200,traction-metric,villas,,2026-06-12,,SRC02728,HIGH,current,yes,End of 2026
CL05347,S0185,Elivaas,traction:properties,510,traction-metric,properties,,2025-08-12,,SRC02726,HIGH,current,yes,As of Aug 2025
CL05348,S0185,Elivaas,traction:guests_served,150000,traction-metric,guests,,2025-08-12,,SRC02726,MEDIUM,current,yes,Cumulative to date
CL05349,S0185,Elivaas,traction:properties,140,traction-metric,properties,,2024-09-23,,SRC02725,HIGH,current,yes,As of Sep 2024
CL05350,S0185,Elivaas,traction:properties,3,traction-metric,villas,,2023-01-02,,SRC02732,HIGH,current,yes,At founding
CL05351,S0191,QOSMIC,traction:10-km ground link test,Successfully tested optical communications over 10-km ground link,traction-metric,,,2026-06-29,,SRC02759,HIGH,current,yes,2026-06-29
CL05352,S0192,Hachidori Robotics,traction:Employee count,78,traction-metric,,,2025-05-31,,SRC02764,MEDIUM,current,yes,May 2025
CL05353,S0192,Hachidori Robotics,traction:Annual Revenue,0 - ₹10 Cr,traction-metric,,,2025-03-31,,SRC02764,MEDIUM,current,yes,FY25
CL05354,S0193,TransBnk,traction:Bank integrations,40+ banks integrated,traction-metric,,,2025-08-28,,SRC02768,HIGH,current,yes,2025-08-28
CL05355,S0193,TransBnk,traction:Client count,220+ clients,traction-metric,,,2025-08-28,,SRC02768,HIGH,current,yes,2025-08-28
CL05356,S0193,TransBnk,traction:API calls,"Nearly 1,500 APIs monthly",traction-metric,,,2025-08-28,,SRC02768,HIGH,current,yes,2025-08-28
CL05357,S0194,Olee Space,traction:Seed funding raised,3000000,traction-metric,,,2025-08,,SRC02772,HIGH,current,yes,2025
CL05358,S0196,Goldi Solar,traction:Manufacturing capacity,15.2,traction-metric,,,2025,,SRC02790,MEDIUM,current,yes,2025
CL05359,S0196,Goldi Solar,traction:Pre-IPO funding raised,14220000000,traction-metric,,,2025-10,,SRC02787,HIGH,current,yes,2025
CL05360,S0197,Kiwi (Gokiwi Tech),traction:rupay_cards_issued,200000,traction-metric,cards,,2026-03-25,,SRC02799,HIGH,current,yes,As-of-2026-03
CL05361,S0197,Kiwi (Gokiwi Tech),traction:monthly_transactions,5000000,traction-metric,transactions,,2025-08-28,,SRC02802,MEDIUM,current,yes,As-of-2025-08
CL05362,S0197,Kiwi (Gokiwi Tech),traction:cities_served,600,traction-metric,cities,,2025-08-28,,SRC02802,MEDIUM,current,yes,As-of-2025-08
CL05363,S0197,Kiwi (Gokiwi Tech),traction:target_cards_2yr,1000000,traction-metric,cards,,2025-10-03,,SRC02801,MEDIUM,current,yes,FY25-FY27
CL05364,S0200,Aurm,traction:Revenue run rate,INR 460 crore,traction-metric,,,,,SRC02830,MEDIUM,current,yes,Jan 2026
CL05365,S0200,Aurm,traction:Profitability,Turned profitable in FY26,traction-metric,,,,,SRC02826,HIGH,current,yes,FY26
CL05366,S0201,Syfe,traction:India headcount growth,15% since C1 round (Aug 2024),traction-metric,,,,,SRC02835,HIGH,current,yes,Jun 2025
CL05367,S0202,Prozo,traction:Fulfilment centres,50+ across India,traction-metric,,,,,SRC02846,HIGH,current,yes,
CL05368,S0202,Prozo,traction:Brands served,120+,traction-metric,,,,,SRC02843,HIGH,current,yes,
CL05369,S0202,Prozo,traction:FY27 revenue target,Rs 400-450 crore,traction-metric,,,,,SRC02845,MEDIUM,current,yes,
CL05370,S0209,Arohan Financial Services,traction:AUM,6308,traction-metric,crore INR,,2025-12-31,,SRC02874,HIGH,current,yes,As-of-2025-12
CL05371,S0209,Arohan Financial Services,traction:Branches,1073,traction-metric,count,,2025-12-31,,SRC02874,HIGH,current,yes,As-of-2025-12
CL05372,S0209,Arohan Financial Services,traction:Households served,2400000,traction-metric,count,,2026-09-15,,SRC02876,HIGH,current,yes,As-of-2026-09
CL05373,S0209,Arohan Financial Services,traction:Under-served clients,2210000,traction-metric,count,,2020-09-30,,SRC02880,MEDIUM,current,yes,As-of-2020-09
CL05374,S0209,Arohan Financial Services,traction:Branches,720,traction-metric,count,,2020-09-30,,SRC02880,MEDIUM,current,yes,As-of-2020-09
CL05375,S0209,Arohan Financial Services,traction:Branches,835,traction-metric,count,,2023-03-31,,SRC02877,MEDIUM,current,yes,As-of-2023-03
CL05376,S0209,Arohan Financial Services,traction:Employees,10585,traction-metric,count,,2025-04-30,,SRC02875,MEDIUM,current,yes,As-of-2025-04
CL05377,S0209,Arohan Financial Services,traction:Employees,9862,traction-metric,count,,2026-05-01,,SRC02875,MEDIUM,current,yes,As-of-2026-05
CL05378,S0211,Nexedge Capital,traction:aum,3000000000,traction-metric,USD,,2026-08-25,,SRC02904,MEDIUM,current,yes,As-of-2026-08
CL05379,S0211,Nexedge Capital,traction:clients,1300,traction-metric,families,,2026-08-25,,SRC02904,MEDIUM,current,yes,As-of-2026-08
CL05380,S0211,Nexedge Capital,traction:senior_bankers,95,traction-metric,count,,2026-08-25,,SRC02904,MEDIUM,current,yes,As-of-2026-08
CL05381,S0211,Nexedge Capital,traction:aum,2000000000,traction-metric,USD,,2026-01-27,,SRC02916,MEDIUM,current,yes,As-of-2026-01
CL05382,S0211,Nexedge Capital,traction:aum,2400000000,traction-metric,USD,,2026-06-11,,SRC02911,MEDIUM,current,yes,As-of-2026-06
CL05383,S0211,Nexedge Capital,traction:ownership_participants,150,traction-metric,senior leaders,,2026-08-25,,SRC02904,MEDIUM,current,yes,As-of-2026-08
CL05384,S0211,Nexedge Capital,traction:locations,11,traction-metric,cities,,2026-08-25,,SRC02904,MEDIUM,current,yes,As-of-2026-08
CL05385,S0213,Navana.ai,traction:voice_ai_minutes_processed,100000000,traction-metric,minutes,,2026-03-31,,SRC02931,MEDIUM,current,yes,FY25
CL05386,S0213,Navana.ai,traction:enterprise_clients,40,traction-metric,clients,,2025-06-30,,SRC02929,HIGH,current,yes,mid-2025
CL05387,S0213,Navana.ai,traction:languages_supported,12,traction-metric,languages,,2026-09-15,,SRC02930,HIGH,current,yes,2026
CL05388,S0213,Navana.ai,traction:hello_ujjivan_downloads,1000000,traction-metric,downloads,,2025-07-15,,SRC02929,HIGH,current,yes,2025
CL05389,S0213,Navana.ai,traction:ba_jaj_finserv_monthly_disbursement,150000000,traction-metric,INR,,2025-07-15,,SRC02929,HIGH,current,yes,monthly
CL05390,S0213,Navana.ai,traction:bodhi_benchmark_accuracy,85,traction-metric,percent,,2024-03-08,,SRC02933,MEDIUM,current,yes,2024
CL05391,S0215,PumPumPum,traction:aum,100,traction-metric,crore,,2026-01-12,,SRC02956,MEDIUM,current,yes,As-of-2026-01
CL05392,S0215,PumPumPum,traction:vehicles_managed,1000,traction-metric,vehicles,,2026-01-12,,SRC02956,MEDIUM,current,yes,As-of-2026-01
CL05393,S0215,PumPumPum,traction:revenue_growth_yoy,70,traction-metric,percent,,2026-01-12,,SRC02956,MEDIUM,current,yes,FY26
CL05394,S0215,PumPumPum,traction:aum_target_3yr,1000,traction-metric,crore,,2026-01-12,,SRC02953,MEDIUM,current,yes,FY29 target
CL05395,S0222,ANSCER Robotics,traction:funding raised,$7.4M total,traction-metric,,,2026-05-20,,SRC03001,HIGH,current,yes,2025-2026
CL05396,S0223,Superleap AI,traction:enterprise teams,100+,traction-metric,,,2026-08-04,,SRC03012,MEDIUM,current,yes,2026-08
CL05397,S0226,Comet,traction:monthly_revenue,4500000,traction-metric,crore,,2025-03-31,,SRC03021,MEDIUM,current,yes,FY25
CL05398,S0226,Comet,traction:monthly_customers,12000,traction-metric,customers,,2025-03-31,,SRC03021,MEDIUM,current,yes,FY25
CL05399,S0226,Comet,traction:instagram_followers,160000,traction-metric,followers,,2025-03-31,,SRC03021,MEDIUM,current,yes,FY25
CL05400,S0226,Comet,traction:revenue_growth_yoy,303.6,traction-metric,percent,,2025-03-31,,SRC03022,HIGH,current,yes,FY25
CL05401,S0226,Comet,traction:retail_stores,10,traction-metric,stores,,2026-09-15,,SRC03019,MEDIUM,current,yes,Sep 2026
CL05402,S0226,Comet,traction:skus,15,traction-metric,SKUs,,2025-03-31,,SRC03023,MEDIUM,current,yes,FY25
CL05403,S0226,Comet,traction:price_per_pair,4299,traction-metric,INR,,2025-03-31,,SRC03028,HIGH,current,yes,FY25
CL05404,S0228,CleverTap,traction:customers,2000,traction-metric,brands,,2026-09-15,,SRC03035,HIGH,current,yes,As-of-2026-09-15
CL05405,S0228,CleverTap,traction:customers_2022,1200,traction-metric,customers,,2022-08-10,,SRC03039,MEDIUM,current,yes,FY22
CL05406,S0228,CleverTap,traction:employee_count,651,traction-metric,count,,2026-09-15,,SRC03042,MEDIUM,current,yes,As-of-2026-09-15
CL05407,S0237,Uolo,traction:schools served,"5,600",traction-metric,,,2022-06-27,,SRC00693,MEDIUM,current,yes,2022
CL05408,S0238,AgroStar,traction:farmers_served,10000000,traction-metric,count,,2025-11-20,,SRC03106,HIGH,current,yes,As-of-2025-11
CL05409,S0238,AgroStar,traction:farmers_served,9000000,traction-metric,count,,2025-08-11,,SRC03105,HIGH,current,yes,As-of-2025-08
CL05410,S0238,AgroStar,traction:advisory_interactions,15000000,traction-metric,count,,2026-08-11,,SRC03113,HIGH,current,yes,Till-date
CL05411,S0238,AgroStar,traction:retail_stores,10000,traction-metric,count,,2025-11-20,,SRC03105,HIGH,current,yes,As-of-2025-11
CL05412,S0238,AgroStar,traction:agronomists,500,traction-metric,count,,2026-08-11,,SRC03113,HIGH,current,yes,As-of-2026
CL05413,S0238,AgroStar,traction:output_FV_processed,100000,traction-metric,MT,,2026-08-11,,SRC03105,HIGH,current,yes,Annually
CL05414,S0238,AgroStar,traction:agri_input_products,200,traction-metric,count,,2026-08-11,,SRC03114,HIGH,current,yes,As-of-2026
CL05415,S0238,AgroStar,traction:states_operating,12,traction-metric,count,,2025-11-20,,SRC03105,HIGH,current,yes,As-of-2025-11
CL05416,S0238,AgroStar,traction:farmer_NPS,50,traction-metric,score,,2025-11-20,,SRC03105,HIGH,current,yes,As-of-2025
CL05417,S0238,AgroStar,traction:yield_increase,81,traction-metric,percent,,2025,,SRC03115,HIGH,current,yes,FY25
CL05418,S0238,AgroStar,traction:income_increase,70,traction-metric,percent,,2025,,SRC03115,HIGH,current,yes,FY25
CL05419,S0238,AgroStar,traction:co2e_abatement,120000,traction-metric,MT,,2025,,SRC03115,HIGH,current,yes,FY25
CL05420,S0238,AgroStar,traction:water_saved,276,traction-metric,billion_litres,,2025,,SRC03106,HIGH,current,yes,FY25
CL05421,S0239,30 Sundays,traction:annualised gross booking value run-rate,INR 200 crore,traction-metric,,,,,SRC03141,MEDIUM,current,yes,2026
CL05422,S0241,Arya.ag (Arya),traction:agri_warehouses,12000,traction-metric,count,,2026-01-02,,SRC03155,HIGH,current,yes,As-of-2026-01
CL05423,S0241,Arya.ag (Arya),traction:grain_aggregated_stored_annually,3000,traction-metric,million,,2026-01-02,,SRC03155,HIGH,current,yes,FY25
CL05424,S0241,Arya.ag (Arya),traction:loans_disbursed_annually,1500,traction-metric,million,,2026-01-02,,SRC03155,HIGH,current,yes,FY25
CL05425,S0241,Arya.ag (Arya),traction:farmers_served,850000,traction-metric,count,,2026-01-02,,SRC03150,HIGH,current,yes,As-of-2026-01
CL05426,S0241,Arya.ag (Arya),traction:fpos_served,3000,traction-metric,count,,2026-03-09,,SRC03155,HIGH,current,yes,As-of-2026-03
CL05427,S0241,Arya.ag (Arya),traction:states_covered,21,traction-metric,count,,2026-01-02,,SRC03155,HIGH,current,yes,As-of-2026-01
CL05428,S0241,Arya.ag (Arya),traction:districts_covered_pct,60,traction-metric,percent,,2026-01-02,,SRC03155,HIGH,current,yes,As-of-2026-01
CL05429,S0241,Arya.ag (Arya),traction:commodities_under_management,4,traction-metric,million,,2025-03-31,,SRC03153,HIGH,current,yes,As-of-2025-03-31
CL05430,S0241,Arya.ag (Arya),traction:warehouses_managed,3500,traction-metric,count,,2025-03-31,,SRC03153,HIGH,current,yes,As-of-2025-03-31
CL05431,S0241,Arya.ag (Arya),traction:gross_npa,0.5,traction-metric,percent,,2025-03-31,,SRC03150,HIGH,current,yes,FY25
CL05432,S0246,Vecton AI,traction:customers,10,traction-metric,count,,2026-08-11,,SRC03183,MEDIUM,current,yes,As-of-2026-08
CL05433,S0246,Vecton AI,traction:production_deployments,10,traction-metric,count,,2026-08-11,,SRC03186,MEDIUM,current,yes,As-of-2026-08
CL05434,S0248,Ammunic Systems,traction:order_book,15,traction-metric,crore,,2026-07-09,,SRC03199,HIGH,current,yes,As-of-2026-07
CL05435,S0248,Ammunic Systems,traction:fuses_supplied,155,traction-metric,pieces,,2024-09-29,,SRC03203,MEDIUM,current,yes,FY24
CL05436,S0248,Ammunic Systems,traction:products_manufactured,7,traction-metric,count,,2024-09-29,,SRC03203,MEDIUM,current,yes,As-of-2024-09
CL05437,S0255,Niyo,traction:customers,4000000,traction-metric,count,,2022-02-23,,SRC03232,HIGH,current,yes,FY22
CL05438,S0255,Niyo,traction:users,6000000,traction-metric,count,,2026-07-20,,SRC03238,MEDIUM,current,yes,As-of-2026-07
CL05439,S0255,Niyo,traction:employees,427,traction-metric,count,,2025-08-31,,SRC03231,MEDIUM,current,yes,As-of-2025-08
CL05440,S0255,Niyo,traction:branch_network,40,traction-metric,count,,2026-09-01,,SRC03233,HIGH,current,yes,As-of-2026-09
CL05441,S0255,Niyo,traction:annualized_transactions,3000000000,traction-metric,USD,,2022-02-23,,SRC03237,HIGH,current,yes,FY22
CL05442,S0256,SatSure,traction:IN-SPACe Technology Adoption Fund select,1,traction-metric,count,,2026-06-11,,SRC03257,HIGH,current,yes,2026
CL05443,S0256,SatSure,traction:Gartner Emerging Tech Impact Radar recog,1,traction-metric,count,,2024-01-01,,SRC03261,HIGH,current,yes,2024
CL05444,S0256,SatSure,traction:India AI Impact Summit 2026 Top 10 Globa,1,traction-metric,count,,2026-01-01,,SRC03261,HIGH,current,yes,2026
CL05445,S0256,SatSure,traction:Countries of operation,5,traction-metric,count,,2026-09-15,,SRC03261,MEDIUM,current,yes,2026
CL05446,S0258,VerSe Innovation,traction:Dailyhunt MAU,350,traction-metric,million,,2025-06-01,,,MEDIUM,current,yes,As-of 2025
CL05447,S0258,VerSe Innovation,traction:Josh MAU,179,traction-metric,million,,2024-10-16,,,MEDIUM,current,yes,FY24 (Oct 2024)
CL05448,S0258,VerSe Innovation,traction:Josh MAU (peak claim),150,traction-metric,million,,2022-04-06,,,MEDIUM,current,yes,Apr 2022
CL05449,S0258,VerSe Innovation,traction:Dailyhunt Premium subscribers (Magzter),1.1,traction-metric,million,,2024-04-18,,,MEDIUM,current,yes,As-of 2024
CL05450,S0258,VerSe Innovation,traction:Employee count,437,traction-metric,employees,,2026-05-31,,,MEDIUM,current,yes,As-of May 2026
CL05451,S0258,VerSe Innovation,traction:Valueleaf ARR at acquisition,732,traction-metric,crore,,2024-08-28,,,MEDIUM,current,yes,Jun 2024
CL05452,S0258,VerSe Innovation,traction:Josh DAU,91,traction-metric,million,,2024-10-16,,,MEDIUM,current,yes,FY24 (Oct 2024)
CL05453,S0258,VerSe Innovation,traction:Dailyhunt MAU,350,traction-metric,million,,2025-06-01,,SRC03295,MEDIUM,current,yes,2025-06-01
CL05454,S0258,VerSe Innovation,traction:Josh MAU,179,traction-metric,million,,2024-10-16,,SRC03291,MEDIUM,current,yes,2024-10-16
CL05455,S0258,VerSe Innovation,traction:Josh DAU,91,traction-metric,million,,2024-10-16,,SRC03291,MEDIUM,current,yes,2024-10-16
CL05456,S0258,VerSe Innovation,traction:Dailyhunt Premium subscribers (Magzter),1.1,traction-metric,million,,2024-04-18,,SRC03292,MEDIUM,current,yes,2024-04-18
CL05457,S0258,VerSe Innovation,traction:Valueleaf ARR at acquisition,732,traction-metric,crore,,2024-08-28,,SRC03292,MEDIUM,current,yes,2024-08-28
CL05458,S0258,VerSe Innovation,traction:Employee count,437,traction-metric,employees,,2026-05-31,,SRC03285,MEDIUM,current,yes,2026-05-31
CL05459,S0278,Tonbo Imaging,traction:systems deployed,20000,traction-metric,systems,,2025-09-30,,SRC03375,HIGH,current,yes,As-of-2025-09-30
CL05460,S0278,Tonbo Imaging,traction:countries served,24,traction-metric,countries,,2025-12-23,,SRC03383,HIGH,current,yes,FY25
CL05461,S0278,Tonbo Imaging,traction:order book,266.57,traction-metric,crore,,2025-09-30,,SRC03375,HIGH,current,yes,As-of-2025-09-30
CL05462,S0278,Tonbo Imaging,traction:additional orders received,71.68,traction-metric,crore,,2025-11-30,,SRC03375,HIGH,current,yes,Oct-Nov 2025
CL05463,S0278,Tonbo Imaging,traction:export share of revenue,65,traction-metric,percent,,2025-12-23,,SRC03377,HIGH,current,yes,FY25
CL05464,S0278,Tonbo Imaging,traction:Indian armed forces revenue share,33,traction-metric,percent,,2025-12-23,,SRC03377,HIGH,current,yes,FY25
CL05465,S0278,Tonbo Imaging,traction:European NATO allies revenue share,65,traction-metric,percent,,2025-12-23,,SRC03377,HIGH,current,yes,FY25
CL05466,S0278,Tonbo Imaging,traction:European export orders,453,traction-metric,crore,,2024-12-31,,SRC03377,MEDIUM,current,yes,2024
CL05467,S0278,Tonbo Imaging,traction:export orders from Israel and Philippine,30,traction-metric,crore,,2024-12-31,,SRC03377,MEDIUM,current,yes,2024
CL05468,S0278,Tonbo Imaging,traction:India thermal imaging export share,93,traction-metric,percent,,2025-12-23,,SRC03370,HIGH,current,yes,FY25
CL05469,S0280,Yuma Energy,traction:total_battery_swaps,60000000,traction-metric,swaps,,2026-09-01,,SRC03405,HIGH,current,yes,As-of-2026-09-01
CL05470,S0280,Yuma Energy,traction:daily_swaps,50000,traction-metric,swaps/day,,2026-09-15,,SRC03407,HIGH,current,yes,As-of-2026-09-15
CL05471,S0280,Yuma Energy,traction:monthly_swaps,1500000,traction-metric,swaps/month,,2026-09-15,,SRC03407,HIGH,current,yes,As-of-2026-09-15
CL05472,S0280,Yuma Energy,traction:green_kms,1500000000,traction-metric,kms,,2026-09-15,,SRC03407,HIGH,current,yes,As-of-2026-09-15
CL05473,S0280,Yuma Energy,traction:cities_operating,17,traction-metric,cities,,2026-09-15,,SRC03407,HIGH,current,yes,As-of-2026-09-15
CL05474,S0280,Yuma Energy,traction:batteries_on_ground,100000,traction-metric,batteries,,2026-09-01,,SRC03405,HIGH,current,yes,As-of-2026-09-01
CL05475,S0280,Yuma Energy,traction:charging_units,2500,traction-metric,units,,2026-09-01,,SRC03405,HIGH,current,yes,As-of-2026-09-01
CL05476,S0280,Yuma Energy,traction:touch_points,400,traction-metric,touch_points,,2026-09-01,,SRC03405,HIGH,current,yes,As-of-2026-09-01
CL05477,S0280,Yuma Energy,traction:uptime,99.8,traction-metric,percent,,2026-09-15,,SRC03407,HIGH,current,yes,As-of-2026-09-15
CL05478,S0280,Yuma Energy,traction:monthly_swaps_milestone,1000000,traction-metric,swaps/month,,2024-12-31,,SRC03407,HIGH,current,yes,2024
CL05479,S0283,IndiQube,traction:clients_served,848,traction-metric,count,,2026-05-20,,SRC03421,HIGH,current,yes,FY26
CL05480,S0283,IndiQube,traction:gcc_client_revenue_share,56,traction-metric,percent,,2026-05-20,,SRC03421,HIGH,current,yes,FY26
CL05481,S0283,IndiQube,traction:multi_centre_client_revenue_share,44,traction-metric,percent,,2026-05-20,,SRC03421,HIGH,current,yes,FY26
CL05482,S0283,IndiQube,traction:area_under_management,9.66,traction-metric,million_sqft,,2026-05-20,,SRC03420,HIGH,current,yes,FY26
CL05483,S0283,IndiQube,traction:properties,130,traction-metric,count,,2026-05-20,,SRC03420,HIGH,current,yes,FY26
CL05484,S0283,IndiQube,traction:occupancy_rate,88,traction-metric,percent,,2026-05-20,,SRC03420,HIGH,current,yes,FY26
CL05485,S0283,IndiQube,traction:miqube_app_downloads,119000,traction-metric,count,,2026-05-20,,SRC03421,HIGH,current,yes,FY26
CL05486,S0283,IndiQube,traction:client_lock_in_months,34,traction-metric,months,,2026-05-20,,SRC03421,HIGH,current,yes,FY26
CL05487,S0283,IndiQube,traction:value_added_services_revenue_share,15,traction-metric,percent,,2026-05-20,,SRC03420,HIGH,current,yes,FY26
CL05488,S0283,IndiQube,traction:seats_added_fy26,28000,traction-metric,count,,2026-05-20,,SRC03420,HIGH,current,yes,FY26
CL05489,S0288,Traqo,traction:Monthly shipments,4.5 lakh,traction-metric,,,2026-01-01,,SRC03462,HIGH,current,yes,2026
CL05490,S0288,Traqo,traction:Enterprise customers,Across 12 countries,traction-metric,,,2026-01-01,,SRC03462,HIGH,current,yes,2026
CL05491,S0289,Trevel,traction:Fleet size,50+ vehicles,traction-metric,,,2026-06-12,,SRC03467,HIGH,current,yes,2026
CL05492,S0289,Trevel,traction:Repeat user rate,70%+,traction-metric,,,2026-06-12,,SRC03467,HIGH,current,yes,2026
CL05493,S0290,Runable,traction:registered_users,1700000,traction-metric,users,,2026-08-26,,SRC03472,HIGH,current,yes,As-of-2026-08
CL05494,S0290,Runable,traction:annualized_revenue_run_rate,2000000,traction-metric,USD,,2026-06,,SRC03472,HIGH,current,yes,FY26
CL05495,S0290,Runable,traction:team_size,15,traction-metric,employees,,2026-08-26,,SRC03472,HIGH,current,yes,As-of-2026-08
CL05496,S0290,Runable,traction:paying_customer_token_share,65,traction-metric,percent,,2026-08-26,,SRC03472,MEDIUM,current,yes,Last 90 days as-of 2026-08
CL05497,S0291,GreenLine,traction:Current fleet,"1,000 LNG- and EV-powered trucks",traction-metric,,,2026-05-22,,SRC03490,HIGH,current,yes,2026
CL05498,S0291,GreenLine,traction:LNG stations,7 operational,traction-metric,,,2026-05-22,,SRC03490,HIGH,current,yes,2026
CL05499,S0292,IDfy,traction:Annual verifications,500 million+,traction-metric,,,2026-02-13,,SRC03498,HIGH,current,yes,2026
CL05500,S0292,IDfy,traction:Enterprise clients,500+,traction-metric,,,2026-02-13,,SRC03498,HIGH,current,yes,2026
CL05501,S0293,QWEEN,traction:Employees,100+ (+400% YoY),traction-metric,,,2026-06-19,,SRC03505,HIGH,current,yes,2026
CL05502,S0293,QWEEN,traction:Total Funding,$111.2M,traction-metric,,,2026-06-19,,SRC03505,HIGH,current,yes,2025-2026
CL05503,S0296,Nestasia,traction:total_orders,1000000,traction-metric,orders,,2024-09-10,,SRC03513,MEDIUM,current,yes,cumulative
CL05504,S0296,Nestasia,traction:exclusive_stores,14,traction-metric,stores,,2026-07-14,,SRC03514,MEDIUM,current,yes,As-of-2026-07
CL05505,S0296,Nestasia,traction:skus,8500,traction-metric,SKUs,,2026-06-17,,SRC03518,MEDIUM,current,yes,As-of-2026-06
CL05506,S0296,Nestasia,traction:web_traffic,1910000,traction-metric,visitors,,2026-09-15,,SRC03517,LOW,current,yes,monthly
CL05507,S0296,Nestasia,traction:employee_count,194,traction-metric,employees,,2026-05-01,,SRC03516,MEDIUM,current,yes,As-of-2026-05
CL05508,S0296,Nestasia,traction:revenue_growth_yoy,83.1,traction-metric,percent,,2026-09-15,,SRC03517,MEDIUM,current,yes,FY24-FY25
CL05509,S0296,Nestasia,traction:cookware_growth,9,traction-metric,x,,2026-05-16,,SRC03516,LOW,current,yes,FY25-26
CL05510,S0304,Centricity,traction:AUM,₹15000 crore,traction-metric,,,2026-04,,SRC03555,HIGH,current,yes,2026
CL05511,S0305,Graph AI,traction:modules_launched,2,traction-metric,count,,2026-09-10,,SRC03557,HIGH,current,yes,As-of-2026-09
CL05512,S0305,Graph AI,traction:case_processing_time_reduction,90,traction-metric,percent,,2026-09-10,,SRC03557,MEDIUM,current,yes,As-of-2026-09
CL05513,S0305,Graph AI,traction:operating_cost_reduction,66,traction-metric,percent,,2026-09-10,,SRC03557,MEDIUM,current,yes,As-of-2026-09
CL05514,S0307,Mindgrove Technologies,traction:Secure IoT SoC launched,1,traction-metric,product,,2024-05-01,,SRC03567,HIGH,current,yes,FY25
CL05515,S0307,Mindgrove Technologies,traction:DLI scheme approval,15,traction-metric,crore INR,,2024-12-22,,SRC03567,HIGH,current,yes,FY25
CL05516,S0307,Mindgrove Technologies,traction:MoU signed with Prama India,1,traction-metric,partnership,,2026-06-29,,SRC03576,HIGH,current,yes,FY26
CL05517,S0309,Kepler Aerospace,traction:iDEX prime contracts,2,traction-metric,contracts,,2026-09-01,,SRC03584,HIGH,current,yes,As-of-2026-09
CL05518,S0309,Kepler Aerospace,traction:ground stations,70,traction-metric,stations,,2026-09-01,,SRC03585,HIGH,current,yes,As-of-2026-09
CL05519,S0309,Kepler Aerospace,traction:employees planned addition,40,traction-metric,employees,,2026-09-01,,SRC03585,MEDIUM,current,yes,Next 12-24 months
CL05520,S0309,Kepler Aerospace,traction:satellites planned for deployment,6,traction-metric,satellites,,2026-09-01,,SRC03585,HIGH,current,yes,Next 12-24 months
CL05521,S0309,Kepler Aerospace,traction:WhiteWolf payload,1,traction-metric,payload,,2026-09-15,,SRC03588,MEDIUM,current,yes,As-of-2026-09
CL05522,S0310,CARS24,traction:cars_transacted_annually,200000,traction-metric,cars,,2024-11-26,,SRC03604,HIGH,current,yes,FY24
CL05523,S0310,CARS24,traction:monthly_users,11000000,traction-metric,users,,2026-01-15,,SRC03596,HIGH,current,yes,As of Jan 2026
CL05524,S0310,CARS24,traction:employee_count,4585,traction-metric,count,,2026-03-31,,SRC03612,HIGH,current,yes,"As of Mar 31, 2026"
CL05525,S0316,R for Rabbit,traction:offline_channel_partners,2000,traction-metric,count,,2025-08-19,,SRC03648,HIGH,current,yes,FY25
CL05526,S0316,R for Rabbit,traction:customer_base,5000000,traction-metric,count,,2025-08-19,,SRC03648,HIGH,current,yes,FY25
CL05527,S0316,R for Rabbit,traction:organic_traffic_percentage,45,traction-metric,percent,,2025-08-19,,SRC03651,MEDIUM,current,yes,FY25
CL05528,S0316,R for Rabbit,traction:social_reach,10000000,traction-metric,count,,2025-08-19,,SRC03651,MEDIUM,current,yes,FY25
CL05529,S0320,Cradlewise,traction:sleep_data_hours_processed,75000000,traction-metric,hours,,2026-09-03,,SRC03671,MEDIUM,current,yes,As-of-2026-09
CL05530,S0320,Cradlewise,traction:retail_partnership,Babylist,traction-metric,retailer,,2023-01-01,,SRC03675,HIGH,current,yes,2023
CL05531,S0320,Cradlewise,traction:retail_partnership,Love To Dream,traction-metric,partnership,,2026-09-04,,SRC03688,MEDIUM,current,yes,2026
CL05532,S0320,Cradlewise,traction:subscription_model_launch,May 2025,traction-metric,date,,2026-09-04,,SRC03681,MEDIUM,current,yes,2025-05
CL05533,S0322,InsuranceDekho,traction:customers_served,10200000,traction-metric,count,,2025-03-04,,SRC03699,MEDIUM,current,yes,FY25
CL05534,S0322,InsuranceDekho,traction:agent_partners,220000,traction-metric,count,,2024-12-31,,SRC03702,HIGH,current,yes,FY24
CL05535,S0322,InsuranceDekho,traction:insurance_plans,720,traction-metric,count,,2025-02-24,,SRC03702,MEDIUM,current,yes,FY24
CL05536,S0322,InsuranceDekho,traction:pin_code_coverage,99,traction-metric,percent,,2025-02-24,,SRC03702,HIGH,current,yes,FY24
CL05537,S0322,InsuranceDekho,traction:policies_per_minute,21,traction-metric,count,,2025-03-04,,SRC03699,MEDIUM,current,yes,FY25
CL05538,S0322,InsuranceDekho,traction:cities_presence,1500,traction-metric,count,,2025-02-24,,SRC03705,MEDIUM,current,yes,FY24
CL05539,S0322,InsuranceDekho,traction:premium_run_rate,3300,traction-metric,crore,,2024-03-31,,SRC03702,MEDIUM,current,yes,FY24
CL05540,S0332,EyeROV,traction:Indian Navy contract,INR 47 Cr,traction-metric,,,2025-10-30,,SRC03748,HIGH,current,yes,2025
CL05541,S0339,Pickkup,traction:EV Fleet Expansion,200 EVs ordered,traction-metric,,,2025-09,,SRC03769,MEDIUM,current,yes,2025
CL05542,S0340,ShopKirana,traction:Retailers on platform,12000,traction-metric,,,2019,,SRC03777,MEDIUM,current,yes,2019
CL05543,S0349,Indrajaal,traction:Government orders,Rs 155 crore,traction-metric,,,2025-11,,SRC03820,HIGH,current,yes,2025-2026
CL05544,S0367,Zupee,traction:registered_users,100000000,traction-metric,users,,2024-04-22,,SRC03936,HIGH,current,yes,FY24
CL05545,S0367,Zupee,traction:registered_users,150000000,traction-metric,users,,2025-08-21,,SRC03933,HIGH,current,yes,As-of-2025-08
CL05546,S0367,Zupee,traction:registered_users,200000000,traction-metric,users,,2026-01-30,,SRC03934,HIGH,current,yes,As-of-2026-01
CL05547,S0367,Zupee,traction:daily_ludo_gameplays,7000000,traction-metric,gameplays,,2024-11-21,,SRC03930,HIGH,current,yes,2024
CL05548,S0367,Zupee,traction:cities_available,4000,traction-metric,cities,,2025-04-22,,SRC03936,HIGH,current,yes,FY24
CL05549,S0367,Zupee,traction:employee_count,466,traction-metric,employees,,2025-05-01,,SRC03933,HIGH,current,yes,As-of-2025-05
CL05550,S0367,Zupee,traction:downloads,70000000,traction-metric,downloads,,2022-01-05,,SRC03935,HIGH,current,yes,As-of-2022-01
CL05551,S0368,Vicharak,traction:Crowd Supply funding,"$2,838 (101% of $2,800 goal)",traction-metric,,,2025-03-27,,SRC03951,HIGH,current,yes,2025
CL05552,S0368,Vicharak,traction:DPIIT Recognition,Recognized Startup,traction-metric,,,2024-06-25,,SRC03955,HIGH,current,yes,2024
