startup_id,company,funding_trend,revenue_trend,revenue_trend_basis,profitability_trend,profitability_period,hiring_trend,product_trend,conflicts_open,confidence,evidence_count,notes
S0001,Juspay,MULTI-ROUND (dated events; direction not inferred),UP,">=2 distinct FYs, same metric+unit+currency; n_obs=2",PROFITABLE,2025,INSUFFICIENT_DATA,products=7;tech=0,5,HIGH,12,directions from grouped comparable FY series only; profitability basis=PROFITABLE
S0002,KreditBee,MULTI-ROUND (dated events; direction not inferred),DOWN,">=2 distinct FYs, same metric+unit+currency; n_obs=2",MIXED,2026,INSUFFICIENT_DATA,products=11;tech=0,7,HIGH,19,directions from grouped comparable FY series only; profitability basis=MIXED
S0003,PhonePe,MULTI-ROUND (dated events; direction not inferred),UP,">=2 distinct FYs, same metric+unit+currency; n_obs=2",INSUFFICIENT_DATA,,INSUFFICIENT_DATA,products=15;tech=0,5,HIGH,21,directions from grouped comparable FY series only; profitability basis=INSUFFICIENT_DATA
S0004,Razorpay,MULTI-ROUND (dated events; direction not inferred),INSUFFICIENT_DATA,">=2 distinct FYs, same metric+unit+currency; n_obs=0",INSUFFICIENT_DATA,,INSUFFICIENT_DATA,products=1;tech=0,1,MEDIUM,5,directions from grouped comparable FY series only; profitability basis=INSUFFICIENT_DATA
S0005,Zepto,MULTI-ROUND (dated events; direction not inferred),UP,">=2 distinct FYs, same metric+unit+currency; n_obs=2",LOSS-MAKING,2026,EVIDENCE_PRESENT,products=7;tech=0,5,HIGH,20,directions from grouped comparable FY series only; profitability basis=LOSS-MAKING
S0006,Neysa,MULTI-ROUND (dated events; direction not inferred),INSUFFICIENT_DATA,">=2 distinct FYs, same metric+unit+currency; n_obs=1",INSUFFICIENT_DATA,,EVIDENCE_PRESENT,products=3;tech=1,3,HIGH,11,directions from grouped comparable FY series only; profitability basis=INSUFFICIENT_DATA
S0007,Amagi,MULTI-ROUND (dated events; direction not inferred),UP,">=2 distinct FYs, same metric+unit+currency; n_obs=2",PROFITABLE,2026,EVIDENCE_PRESENT,products=1;tech=0,1,MEDIUM,6,directions from grouped comparable FY series only; profitability basis=PROFITABLE
S0008,CRED,MULTI-ROUND (dated events; direction not inferred),UP,">=2 distinct FYs, same metric+unit+currency; n_obs=2",LOSS-MAKING,2025,INSUFFICIENT_DATA,products=2;tech=0,1,MEDIUM,6,directions from grouped comparable FY series only; profitability basis=LOSS-MAKING
S0009,Darwinbox,MULTI-ROUND (dated events; direction not inferred),INSUFFICIENT_DATA,">=2 distinct FYs, same metric+unit+currency; n_obs=1",INSUFFICIENT_DATA,,INSUFFICIENT_DATA,products=1;tech=0,1,MEDIUM,5,directions from grouped comparable FY series only; profitability basis=INSUFFICIENT_DATA
S0010,Emergent,MULTI-ROUND (dated events; direction not inferred),INSUFFICIENT_DATA,">=2 distinct FYs, same metric+unit+currency; n_obs=1",INSUFFICIENT_DATA,,INSUFFICIENT_DATA,products=1;tech=0,1,MEDIUM,6,directions from grouped comparable FY series only; profitability basis=INSUFFICIENT_DATA
S0011,Groww,MULTI-ROUND (dated events; direction not inferred),MIXED,">=2 distinct FYs, same metric+unit+currency; n_obs=4",PROFITABLE,2027,INSUFFICIENT_DATA,products=10;tech=0,8,HIGH,19,directions from grouped comparable FY series only; profitability basis=PROFITABLE
S0012,Gupshup,MULTI-ROUND (dated events; direction not inferred),INSUFFICIENT_DATA,">=2 distinct FYs, same metric+unit+currency; n_obs=0",INSUFFICIENT_DATA,,EVIDENCE_PRESENT,products=2;tech=1,2,MEDIUM,9,directions from grouped comparable FY series only; profitability basis=INSUFFICIENT_DATA
S0013,Krutrim,MULTI-ROUND (dated events; direction not inferred),UP,">=2 distinct FYs, same metric+unit+currency; n_obs=2",INSUFFICIENT_DATA,,EVIDENCE_PRESENT,products=9;tech=1,4,HIGH,17,directions from grouped comparable FY series only; profitability basis=INSUFFICIENT_DATA
S0014,Sarvam AI,MULTI-ROUND (dated events; direction not inferred),INSUFFICIENT_DATA,">=2 distinct FYs, same metric+unit+currency; n_obs=0",INSUFFICIENT_DATA,,INSUFFICIENT_DATA,products=2;tech=1,1,MEDIUM,8,directions from grouped comparable FY series only; profitability basis=INSUFFICIENT_DATA
S0015,Slice,MULTI-ROUND (dated events; direction not inferred),DOWN,">=2 distinct FYs, same metric+unit+currency; n_obs=2",PROFITABLE,2026,EVIDENCE_PRESENT,products=1;tech=0,1,MEDIUM,8,directions from grouped comparable FY series only; profitability basis=PROFITABLE
S0016,upGrad,MULTI-ROUND (dated events; direction not inferred),INSUFFICIENT_DATA,">=2 distinct FYs, same metric+unit+currency; n_obs=2",LOSS-MAKING,2025,INSUFFICIENT_DATA,products=8;tech=1,4,HIGH,15,directions from grouped comparable FY series only; profitability basis=LOSS-MAKING
S0017,BrowserStack,MULTI-ROUND (dated events; direction not inferred),INSUFFICIENT_DATA,">=2 distinct FYs, same metric+unit+currency; n_obs=0",INSUFFICIENT_DATA,,EVIDENCE_PRESENT,products=18;tech=1,9,HIGH,22,directions from grouped comparable FY series only; profitability basis=INSUFFICIENT_DATA
S0018,Dhan,INSUFFICIENT_DATA,UP,">=2 distinct FYs, same metric+unit+currency; n_obs=2",PROFITABLE,2026,INSUFFICIENT_DATA,products=22;tech=1,5,HIGH,28,directions from grouped comparable FY series only; profitability basis=PROFITABLE
S0019,PharmEasy,INSUFFICIENT_DATA,UP,">=2 distinct FYs, same metric+unit+currency; n_obs=2",LOSS-MAKING,2025,INSUFFICIENT_DATA,products=2;tech=0,6,MEDIUM,6,directions from grouped comparable FY series only; profitability basis=LOSS-MAKING
S0020,Snapmint,MULTI-ROUND (dated events; direction not inferred),UP,">=2 distinct FYs, same metric+unit+currency; n_obs=2",INSUFFICIENT_DATA,,INSUFFICIENT_DATA,products=1;tech=0,0,MEDIUM,7,directions from grouped comparable FY series only; profitability basis=INSUFFICIENT_DATA
S0021,Upstox,INSUFFICIENT_DATA,INSUFFICIENT_DATA,">=2 distinct FYs, same metric+unit+currency; n_obs=2",PROFITABLE,2025,INSUFFICIENT_DATA,products=9;tech=0,6,HIGH,13,directions from grouped comparable FY series only; profitability basis=PROFITABLE
S0022,Udaan,MULTI-ROUND (dated events; direction not inferred),DOWN,">=2 distinct FYs, same metric+unit+currency; n_obs=2",LOSS-MAKING,2025,EVIDENCE_PRESENT,products=3;tech=0,1,MEDIUM,9,directions from grouped comparable FY series only; profitability basis=LOSS-MAKING
S0023,ACKO,MULTI-ROUND (dated events; direction not inferred),UP,">=2 distinct FYs, same metric+unit+currency; n_obs=2",PROFITABLE,2025,INSUFFICIENT_DATA,products=3;tech=1,1,HIGH,14,directions from grouped comparable FY series only; profitability basis=PROFITABLE
S0024,CoinSwitch Kuber,MULTI-ROUND (dated events; direction not inferred),DOWN,">=2 distinct FYs, same metric+unit+currency; n_obs=2",INSUFFICIENT_DATA,,INSUFFICIENT_DATA,products=3;tech=0,1,MEDIUM,8,directions from grouped comparable FY series only; profitability basis=INSUFFICIENT_DATA
S0025,Cult.fit (CureFit),MULTI-ROUND (dated events; direction not inferred),UP,">=2 distinct FYs, same metric+unit+currency; n_obs=2",LOSS-MAKING,2026,INSUFFICIENT_DATA,products=2;tech=0,2,HIGH,12,directions from grouped comparable FY series only; profitability basis=LOSS-MAKING
S0026,Fireflies AI,MULTI-ROUND (dated events; direction not inferred),INSUFFICIENT_DATA,">=2 distinct FYs, same metric+unit+currency; n_obs=1",INSUFFICIENT_DATA,,EVIDENCE_PRESENT,products=1;tech=0,3,MEDIUM,7,directions from grouped comparable FY series only; profitability basis=INSUFFICIENT_DATA
S0027,Hasura,MULTI-ROUND (dated events; direction not inferred),INSUFFICIENT_DATA,">=2 distinct FYs, same metric+unit+currency; n_obs=0",INSUFFICIENT_DATA,,INSUFFICIENT_DATA,products=1;tech=0,2,MEDIUM,5,directions from grouped comparable FY series only; profitability basis=INSUFFICIENT_DATA
S0028,Icertis,MULTI-ROUND (dated events; direction not inferred),INSUFFICIENT_DATA,">=2 distinct FYs, same metric+unit+currency; n_obs=0",INSUFFICIENT_DATA,,INSUFFICIENT_DATA,products=1;tech=0,2,MEDIUM,4,directions from grouped comparable FY series only; profitability basis=INSUFFICIENT_DATA
S0029,LeadSquared,MULTI-ROUND (dated events; direction not inferred),UP,">=2 distinct FYs, same metric+unit+currency; n_obs=2",LOSS-MAKING,2025,INSUFFICIENT_DATA,products=7;tech=0,6,HIGH,16,directions from grouped comparable FY series only; profitability basis=LOSS-MAKING
S0030,MoEngage,MULTI-ROUND (dated events; direction not inferred),INSUFFICIENT_DATA,">=2 distinct FYs, same metric+unit+currency; n_obs=0",INSUFFICIENT_DATA,,EVIDENCE_PRESENT,products=1;tech=0,2,MEDIUM,5,directions from grouped comparable FY series only; profitability basis=INSUFFICIENT_DATA
S0031,Moneyview,MULTI-ROUND (dated events; direction not inferred),INSUFFICIENT_DATA,">=2 distinct FYs, same metric+unit+currency; n_obs=1",PROFITABLE,2025,INSUFFICIENT_DATA,products=1;tech=0,2,MEDIUM,5,directions from grouped comparable FY series only; profitability basis=PROFITABLE
S0032,Mu Sigma,MULTI-ROUND (dated events; direction not inferred),INSUFFICIENT_DATA,">=2 distinct FYs, same metric+unit+currency; n_obs=1",INSUFFICIENT_DATA,,INSUFFICIENT_DATA,products=8;tech=0,8,HIGH,16,directions from grouped comparable FY series only; profitability basis=INSUFFICIENT_DATA
S0033,Netradyne,MULTI-ROUND (dated events; direction not inferred),INSUFFICIENT_DATA,">=2 distinct FYs, same metric+unit+currency; n_obs=0",INSUFFICIENT_DATA,,INSUFFICIENT_DATA,products=1;tech=0,1,MEDIUM,6,directions from grouped comparable FY series only; profitability basis=INSUFFICIENT_DATA
S0034,Postman,MULTI-ROUND (dated events; direction not inferred),INSUFFICIENT_DATA,">=2 distinct FYs, same metric+unit+currency; n_obs=2",INSUFFICIENT_DATA,,INSUFFICIENT_DATA,products=9;tech=0,5,HIGH,18,directions from grouped comparable FY series only; profitability basis=INSUFFICIENT_DATA
S0035,Zeta,MULTI-ROUND (dated events; direction not inferred),UP,">=2 distinct FYs, same metric+unit+currency; n_obs=2",PROFITABLE,2024,INSUFFICIENT_DATA,products=16;tech=0,7,HIGH,24,directions from grouped comparable FY series only; profitability basis=PROFITABLE
S0036,Flipkart,MULTI-ROUND (dated events; direction not inferred),UP,">=2 distinct FYs, same metric+unit+currency; n_obs=2",LOSS-MAKING,2025,INSUFFICIENT_DATA,products=6;tech=0,5,HIGH,15,directions from grouped comparable FY series only; profitability basis=LOSS-MAKING
S0037,Porter,MULTI-ROUND (dated events; direction not inferred),UP,">=2 distinct FYs, same metric+unit+currency; n_obs=2",PROFITABLE,2025,INSUFFICIENT_DATA,products=6;tech=0,6,HIGH,22,directions from grouped comparable FY series only; profitability basis=PROFITABLE
S0038,Unacademy,MULTI-ROUND (dated events; direction not inferred),MIXED,">=2 distinct FYs, same metric+unit+currency; n_obs=4",MIXED,2025,INSUFFICIENT_DATA,products=7;tech=0,8,HIGH,14,directions from grouped comparable FY series only; profitability basis=MIXED
S0039,Vedantu,INSUFFICIENT_DATA,INSUFFICIENT_DATA,">=2 distinct FYs, same metric+unit+currency; n_obs=2",LOSS-MAKING,2024,INSUFFICIENT_DATA,INSUFFICIENT_DATA,0,MEDIUM,6,directions from grouped comparable FY series only; profitability basis=LOSS-MAKING
S0040,Zetwerk,MULTI-ROUND (dated events; direction not inferred),UP,">=2 distinct FYs, same metric+unit+currency; n_obs=2",LOSS-MAKING,2025,INSUFFICIENT_DATA,products=4;tech=0,8,HIGH,12,directions from grouped comparable FY series only; profitability basis=LOSS-MAKING
S0041,Dream11 (Dream Sports),MULTI-ROUND (dated events; direction not inferred),DOWN,">=2 distinct FYs, same metric+unit+currency; n_obs=2",PROFITABLE,2025,INSUFFICIENT_DATA,products=4;tech=1,2,HIGH,13,directions from grouped comparable FY series only; profitability basis=PROFITABLE
S0042,InMobi,MULTI-ROUND (dated events; direction not inferred),STABLE,">=2 distinct FYs, same metric+unit+currency; n_obs=2",LOSS-MAKING,2025,INSUFFICIENT_DATA,products=9;tech=1,8,HIGH,21,directions from grouped comparable FY series only; profitability basis=LOSS-MAKING
S0043,Nykaa,MULTI-ROUND (dated events; direction not inferred),UP,">=2 distinct FYs, same metric+unit+currency; n_obs=2",PROFITABLE,2027,EVIDENCE_PRESENT,products=3;tech=1,0,HIGH,10,directions from grouped comparable FY series only; profitability basis=PROFITABLE
S0044,Rebel Foods,MULTI-ROUND (dated events; direction not inferred),UP,">=2 distinct FYs, same metric+unit+currency; n_obs=2",LOSS-MAKING,2026,INSUFFICIENT_DATA,products=13;tech=1,5,HIGH,24,directions from grouped comparable FY series only; profitability basis=LOSS-MAKING
S0045,Drools,MULTI-ROUND (dated events; direction not inferred),UP,">=2 distinct FYs, same metric+unit+currency; n_obs=2",LOSS-MAKING,2024,INSUFFICIENT_DATA,products=3;tech=0,6,MEDIUM,8,directions from grouped comparable FY series only; profitability basis=LOSS-MAKING
S0046,Fractal Analytics,MULTI-ROUND (dated events; direction not inferred),UP,">=2 distinct FYs, same metric+unit+currency; n_obs=2",PROFITABLE,2025,EVIDENCE_PRESENT,products=1;tech=1,1,MEDIUM,9,directions from grouped comparable FY series only; profitability basis=PROFITABLE
S0047,Jumbotail,MULTI-ROUND (dated events; direction not inferred),DOWN,">=2 distinct FYs, same metric+unit+currency; n_obs=2",LOSS-MAKING,2025,INSUFFICIENT_DATA,products=6;tech=0,7,HIGH,20,directions from grouped comparable FY series only; profitability basis=LOSS-MAKING
S0048,Livspace,MULTI-ROUND (dated events; direction not inferred),UP,">=2 distinct FYs, same metric+unit+currency; n_obs=2",LOSS-MAKING,2025,INSUFFICIENT_DATA,products=7;tech=0,9,HIGH,25,directions from grouped comparable FY series only; profitability basis=LOSS-MAKING
S0049,Meesho,MULTI-ROUND (dated events; direction not inferred),UP,">=2 distinct FYs, same metric+unit+currency; n_obs=2",LOSS-MAKING,2025,INSUFFICIENT_DATA,products=7;tech=0,12,HIGH,15,directions from grouped comparable FY series only; profitability basis=LOSS-MAKING
S0050,Ola (ANI Technologies),MULTI-ROUND (dated events; direction not inferred),INSUFFICIENT_DATA,">=2 distinct FYs, same metric+unit+currency; n_obs=0",LOSS-MAKING,2025,INSUFFICIENT_DATA,INSUFFICIENT_DATA,1,MEDIUM,5,directions from grouped comparable FY series only; profitability basis=LOSS-MAKING
S0051,Rapido,MULTI-ROUND (dated events; direction not inferred),UP,">=2 distinct FYs, same metric+unit+currency; n_obs=2",LOSS-MAKING,2025,INSUFFICIENT_DATA,products=8;tech=0,7,HIGH,21,directions from grouped comparable FY series only; profitability basis=LOSS-MAKING
S0052,ShareChat,MULTI-ROUND (dated events; direction not inferred),STABLE,">=2 distinct FYs, same metric+unit+currency; n_obs=2",INSUFFICIENT_DATA,,INSUFFICIENT_DATA,products=5;tech=0,9,HIGH,22,directions from grouped comparable FY series only; profitability basis=INSUFFICIENT_DATA
S0053,Apna,INSUFFICIENT_DATA,STABLE,">=2 distinct FYs, same metric+unit+currency; n_obs=2",LOSS-MAKING,2025,INSUFFICIENT_DATA,products=6;tech=0,7,HIGH,12,directions from grouped comparable FY series only; profitability basis=LOSS-MAKING
S0054,BharatPe,MULTI-ROUND (dated events; direction not inferred),UP,">=2 distinct FYs, same metric+unit+currency; n_obs=2",INSUFFICIENT_DATA,,INSUFFICIENT_DATA,products=1;tech=0,1,MEDIUM,8,directions from grouped comparable FY series only; profitability basis=INSUFFICIENT_DATA
S0055,Euler Motors,MULTI-ROUND (dated events; direction not inferred),UP,">=2 distinct FYs, same metric+unit+currency; n_obs=2",LOSS-MAKING,2026,INSUFFICIENT_DATA,products=7;tech=0,9,HIGH,19,directions from grouped comparable FY series only; profitability basis=LOSS-MAKING
S0056,Fibe (EarlySalary),INSUFFICIENT_DATA,INSUFFICIENT_DATA,">=2 distinct FYs, same metric+unit+currency; n_obs=0",INSUFFICIENT_DATA,,INSUFFICIENT_DATA,INSUFFICIENT_DATA,2,LOW,3,directions from grouped comparable FY series only; profitability basis=INSUFFICIENT_DATA
S0057,Innovaccer,MULTI-ROUND (dated events; direction not inferred),INSUFFICIENT_DATA,">=2 distinct FYs, same metric+unit+currency; n_obs=0",INSUFFICIENT_DATA,,INSUFFICIENT_DATA,products=1;tech=0,1,MEDIUM,4,directions from grouped comparable FY series only; profitability basis=INSUFFICIENT_DATA
S0058,Pixxel,MULTI-ROUND (dated events; direction not inferred),UP,">=2 distinct FYs, same metric+unit+currency; n_obs=2",LOSS-MAKING,2025,EVIDENCE_PRESENT,products=2;tech=2,3,HIGH,13,directions from grouped comparable FY series only; profitability basis=LOSS-MAKING
S0059,Ecofy Finance (Ecofy),MULTI-ROUND (dated events; direction not inferred),INSUFFICIENT_DATA,">=2 distinct FYs, same metric+unit+currency; n_obs=0",INSUFFICIENT_DATA,,INSUFFICIENT_DATA,products=1;tech=0,1,MEDIUM,5,directions from grouped comparable FY series only; profitability basis=INSUFFICIENT_DATA
S0060,Miko Technologies,MULTI-ROUND (dated events; direction not inferred),INSUFFICIENT_DATA,">=2 distinct FYs, same metric+unit+currency; n_obs=1",LOSS-MAKING,2024,EVIDENCE_PRESENT,products=1;tech=1,1,HIGH,11,directions from grouped comparable FY series only; profitability basis=LOSS-MAKING
S0061,Nua,MULTI-ROUND (dated events; direction not inferred),UP,">=2 distinct FYs, same metric+unit+currency; n_obs=2",LOSS-MAKING,2024,EVIDENCE_PRESENT,products=7;tech=1,7,HIGH,15,directions from grouped comparable FY series only; profitability basis=LOSS-MAKING
S0062,Truemeds,MULTI-ROUND (dated events; direction not inferred),INSUFFICIENT_DATA,">=2 distinct FYs, same metric+unit+currency; n_obs=2",LOSS-MAKING,2024,EVIDENCE_PRESENT,products=5;tech=1,10,HIGH,16,directions from grouped comparable FY series only; profitability basis=LOSS-MAKING
S0063,Weaver Services,MULTI-ROUND (dated events; direction not inferred),INSUFFICIENT_DATA,">=2 distinct FYs, same metric+unit+currency; n_obs=2",PROFITABLE,2025,INSUFFICIENT_DATA,products=4;tech=1,6,MEDIUM,9,directions from grouped comparable FY series only; profitability basis=PROFITABLE
S0064,NoBroker,MULTI-ROUND (dated events; direction not inferred),UP,">=2 distinct FYs, same metric+unit+currency; n_obs=2",PROFITABLE,2024,INSUFFICIENT_DATA,products=4;tech=0,4,HIGH,12,directions from grouped comparable FY series only; profitability basis=PROFITABLE
S0065,Skyroot Aerospace,MULTI-ROUND (dated events; direction not inferred),INSUFFICIENT_DATA,">=2 distinct FYs, same metric+unit+currency; n_obs=0",INSUFFICIENT_DATA,,INSUFFICIENT_DATA,products=2;tech=0,1,MEDIUM,6,directions from grouped comparable FY series only; profitability basis=INSUFFICIENT_DATA
S0066,Digantara,MULTI-ROUND (dated events; direction not inferred),INSUFFICIENT_DATA,">=2 distinct FYs, same metric+unit+currency; n_obs=1",LOSS-MAKING,2025,INSUFFICIENT_DATA,products=5;tech=0,9,HIGH,12,directions from grouped comparable FY series only; profitability basis=LOSS-MAKING
S0067,Games24x7,MULTI-ROUND (dated events; direction not inferred),UP,">=2 distinct FYs, same metric+unit+currency; n_obs=2",LOSS-MAKING,2025,EVIDENCE_PRESENT,products=8;tech=1,9,HIGH,21,directions from grouped comparable FY series only; profitability basis=LOSS-MAKING
S0068,Infra.Market,MULTI-ROUND (dated events; direction not inferred),UP,">=2 distinct FYs, same metric+unit+currency; n_obs=2",PROFITABLE,2026,INSUFFICIENT_DATA,products=8;tech=0,9,HIGH,18,directions from grouped comparable FY series only; profitability basis=PROFITABLE
S0069,Kinara AI,INSUFFICIENT_DATA,INSUFFICIENT_DATA,">=2 distinct FYs, same metric+unit+currency; n_obs=1",INSUFFICIENT_DATA,,INSUFFICIENT_DATA,INSUFFICIENT_DATA,1,LOW,3,directions from grouped comparable FY series only; profitability basis=INSUFFICIENT_DATA
S0070,Navi,MULTI-ROUND (dated events; direction not inferred),STABLE,">=2 distinct FYs, same metric+unit+currency; n_obs=2",MIXED,2026,INSUFFICIENT_DATA,products=13;tech=0,8,HIGH,21,directions from grouped comparable FY series only; profitability basis=MIXED
S0071,Ninjacart,MULTI-ROUND (dated events; direction not inferred),UP,">=2 distinct FYs, same metric+unit+currency; n_obs=2",LOSS-MAKING,2025,INSUFFICIENT_DATA,products=7;tech=0,4,HIGH,16,directions from grouped comparable FY series only; profitability basis=LOSS-MAKING
S0072,Pine Labs,MULTI-ROUND (dated events; direction not inferred),DOWN,">=2 distinct FYs, same metric+unit+currency; n_obs=2",INSUFFICIENT_DATA,,INSUFFICIENT_DATA,products=7;tech=1,6,HIGH,29,directions from grouped comparable FY series only; profitability basis=INSUFFICIENT_DATA
S0073,River Mobility,MULTI-ROUND (dated events; direction not inferred),INSUFFICIENT_DATA,">=2 distinct FYs, same metric+unit+currency; n_obs=0",INSUFFICIENT_DATA,,INSUFFICIENT_DATA,INSUFFICIENT_DATA,1,MEDIUM,6,directions from grouped comparable FY series only; profitability basis=INSUFFICIENT_DATA
S0074,Rocketlane,MULTI-ROUND (dated events; direction not inferred),INSUFFICIENT_DATA,">=2 distinct FYs, same metric+unit+currency; n_obs=0",INSUFFICIENT_DATA,,INSUFFICIENT_DATA,INSUFFICIENT_DATA,1,LOW,3,directions from grouped comparable FY series only; profitability basis=INSUFFICIENT_DATA
S0075,Ultrahuman,MULTI-ROUND (dated events; direction not inferred),UP,">=2 distinct FYs, same metric+unit+currency; n_obs=2",LOSS-MAKING,2026,INSUFFICIENT_DATA,products=14;tech=0,9,HIGH,25,directions from grouped comparable FY series only; profitability basis=LOSS-MAKING
S0076,Third Wave Coffee,MULTI-ROUND (dated events; direction not inferred),UP,">=2 distinct FYs, same metric+unit+currency; n_obs=2",LOSS-MAKING,2025,INSUFFICIENT_DATA,products=9;tech=0,22,HIGH,16,directions from grouped comparable FY series only; profitability basis=LOSS-MAKING
S0077,Celcius Logistics,INSUFFICIENT_DATA,INSUFFICIENT_DATA,">=2 distinct FYs, same metric+unit+currency; n_obs=1",INSUFFICIENT_DATA,,INSUFFICIENT_DATA,products=1;tech=0,1,LOW,3,directions from grouped comparable FY series only; profitability basis=INSUFFICIENT_DATA
S0078,Square Yards,MULTI-ROUND (dated events; direction not inferred),UP,">=2 distinct FYs, same metric+unit+currency; n_obs=2",INSUFFICIENT_DATA,,INSUFFICIENT_DATA,products=8;tech=1,5,HIGH,16,directions from grouped comparable FY series only; profitability basis=INSUFFICIENT_DATA
S0079,Wint Wealth,MULTI-ROUND (dated events; direction not inferred),INSUFFICIENT_DATA,">=2 distinct FYs, same metric+unit+currency; n_obs=1",INSUFFICIENT_DATA,,INSUFFICIENT_DATA,products=1;tech=0,1,MEDIUM,4,directions from grouped comparable FY series only; profitability basis=INSUFFICIENT_DATA
S0080,Airbound,MULTI-ROUND (dated events; direction not inferred),INSUFFICIENT_DATA,">=2 distinct FYs, same metric+unit+currency; n_obs=0",INSUFFICIENT_DATA,,INSUFFICIENT_DATA,products=1;tech=0,0,LOW,3,directions from grouped comparable FY series only; profitability basis=INSUFFICIENT_DATA
S0081,Ati Motors,MULTI-ROUND (dated events; direction not inferred),INSUFFICIENT_DATA,">=2 distinct FYs, same metric+unit+currency; n_obs=1",INSUFFICIENT_DATA,,INSUFFICIENT_DATA,products=1;tech=0,2,MEDIUM,5,directions from grouped comparable FY series only; profitability basis=INSUFFICIENT_DATA
S0082,Sapiom,MULTI-ROUND (dated events; direction not inferred),INSUFFICIENT_DATA,">=2 distinct FYs, same metric+unit+currency; n_obs=0",INSUFFICIENT_DATA,,INSUFFICIENT_DATA,products=1;tech=0,1,LOW,3,directions from grouped comparable FY series only; profitability basis=INSUFFICIENT_DATA
S0083,boAt,MULTI-ROUND (dated events; direction not inferred),INSUFFICIENT_DATA,">=2 distinct FYs, same metric+unit+currency; n_obs=1",PROFITABLE,2025,INSUFFICIENT_DATA,products=1;tech=1,1,MEDIUM,7,directions from grouped comparable FY series only; profitability basis=PROFITABLE
S0084,MobiKwik,MULTI-ROUND (dated events; direction not inferred),UP,">=2 distinct FYs, same metric+unit+currency; n_obs=2",LOSS-MAKING,2025,INSUFFICIENT_DATA,products=1;tech=1,1,MEDIUM,6,directions from grouped comparable FY series only; profitability basis=LOSS-MAKING
S0085,OfBusiness,MULTI-ROUND (dated events; direction not inferred),UP,">=2 distinct FYs, same metric+unit+currency; n_obs=2",PROFITABLE,2026,INSUFFICIENT_DATA,products=10;tech=0,7,HIGH,28,directions from grouped comparable FY series only; profitability basis=PROFITABLE
S0086,Pristyn Care,MULTI-ROUND (dated events; direction not inferred),UP,">=2 distinct FYs, same metric+unit+currency; n_obs=2",PROFITABLE,2024,EVIDENCE_PRESENT,products=3;tech=0,2,HIGH,12,directions from grouped comparable FY series only; profitability basis=PROFITABLE
S0087,Swish,MULTI-ROUND (dated events; direction not inferred),INSUFFICIENT_DATA,">=2 distinct FYs, same metric+unit+currency; n_obs=2",LOSS-MAKING,2025,INSUFFICIENT_DATA,products=2;tech=0,7,MEDIUM,9,directions from grouped comparable FY series only; profitability basis=LOSS-MAKING
S0088,Hang Ten Systems,INSUFFICIENT_DATA,INSUFFICIENT_DATA,">=2 distinct FYs, same metric+unit+currency; n_obs=0",INSUFFICIENT_DATA,,INSUFFICIENT_DATA,INSUFFICIENT_DATA,0,LOW,1,directions from grouped comparable FY series only; profitability basis=INSUFFICIENT_DATA
S0089,Moonrider,MULTI-ROUND (dated events; direction not inferred),INSUFFICIENT_DATA,">=2 distinct FYs, same metric+unit+currency; n_obs=0",INSUFFICIENT_DATA,,INSUFFICIENT_DATA,INSUFFICIENT_DATA,0,LOW,2,directions from grouped comparable FY series only; profitability basis=INSUFFICIENT_DATA
S0090,Toddle,MULTI-ROUND (dated events; direction not inferred),UP,">=2 distinct FYs, same metric+unit+currency; n_obs=2",PROFITABLE,2025,INSUFFICIENT_DATA,products=6;tech=0,4,HIGH,11,directions from grouped comparable FY series only; profitability basis=PROFITABLE
S0091,Inito,MULTI-ROUND (dated events; direction not inferred),INSUFFICIENT_DATA,">=2 distinct FYs, same metric+unit+currency; n_obs=0",INSUFFICIENT_DATA,,INSUFFICIENT_DATA,INSUFFICIENT_DATA,1,LOW,3,directions from grouped comparable FY series only; profitability basis=INSUFFICIENT_DATA
S0092,Akasa Air,MULTI-ROUND (dated events; direction not inferred),UP,">=2 distinct FYs, same metric+unit+currency; n_obs=2",PROFITABLE,2026,INSUFFICIENT_DATA,products=7;tech=0,7,HIGH,13,directions from grouped comparable FY series only; profitability basis=PROFITABLE
S0093,EatClub (BOX8),MULTI-ROUND (dated events; direction not inferred),UP,">=2 distinct FYs, same metric+unit+currency; n_obs=2",LOSS-MAKING,2025,INSUFFICIENT_DATA,products=13;tech=1,5,HIGH,22,directions from grouped comparable FY series only; profitability basis=LOSS-MAKING
S0094,Eruditus,MULTI-ROUND (dated events; direction not inferred),INSUFFICIENT_DATA,">=2 distinct FYs, same metric+unit+currency; n_obs=2",INSUFFICIENT_DATA,,INSUFFICIENT_DATA,products=7;tech=0,4,HIGH,14,directions from grouped comparable FY series only; profitability basis=INSUFFICIENT_DATA
S0095,Innovist,MULTI-ROUND (dated events; direction not inferred),UP,">=2 distinct FYs, same metric+unit+currency; n_obs=2",PROFITABLE,2025,INSUFFICIENT_DATA,products=4;tech=1,7,HIGH,10,directions from grouped comparable FY series only; profitability basis=PROFITABLE
S0096,Leap (LeapScholar),MULTI-ROUND (dated events; direction not inferred),INSUFFICIENT_DATA,">=2 distinct FYs, same metric+unit+currency; n_obs=2",INSUFFICIENT_DATA,,INSUFFICIENT_DATA,products=6;tech=0,9,HIGH,14,directions from grouped comparable FY series only; profitability basis=INSUFFICIENT_DATA
S0097,Nazara Technologies,MULTI-ROUND (dated events; direction not inferred),INSUFFICIENT_DATA,">=2 distinct FYs, same metric+unit+currency; n_obs=1",INSUFFICIENT_DATA,,INSUFFICIENT_DATA,INSUFFICIENT_DATA,0,MEDIUM,4,directions from grouped comparable FY series only; profitability basis=INSUFFICIENT_DATA
S0098,Neo (Neo Wealth),MULTI-ROUND (dated events; direction not inferred),INSUFFICIENT_DATA,">=2 distinct FYs, same metric+unit+currency; n_obs=0",INSUFFICIENT_DATA,,INSUFFICIENT_DATA,products=7;tech=0,4,HIGH,19,directions from grouped comparable FY series only; profitability basis=INSUFFICIENT_DATA
S0099,Stellapps,MULTI-ROUND (dated events; direction not inferred),INSUFFICIENT_DATA,">=2 distinct FYs, same metric+unit+currency; n_obs=0",INSUFFICIENT_DATA,,INSUFFICIENT_DATA,INSUFFICIENT_DATA,0,LOW,3,directions from grouped comparable FY series only; profitability basis=INSUFFICIENT_DATA
S0100,Purple Style Labs,MULTI-ROUND (dated events; direction not inferred),UP,">=2 distinct FYs, same metric+unit+currency; n_obs=2",LOSS-MAKING,2026,INSUFFICIENT_DATA,products=6;tech=0,6,HIGH,13,directions from grouped comparable FY series only; profitability basis=LOSS-MAKING
S0101,Zypp Electric,MULTI-ROUND (dated events; direction not inferred),INSUFFICIENT_DATA,">=2 distinct FYs, same metric+unit+currency; n_obs=0",INSUFFICIENT_DATA,,INSUFFICIENT_DATA,INSUFFICIENT_DATA,1,LOW,2,directions from grouped comparable FY series only; profitability basis=INSUFFICIENT_DATA
S0102,Business Nextgen Finance,INSUFFICIENT_DATA,INSUFFICIENT_DATA,">=2 distinct FYs, same metric+unit+currency; n_obs=0",INSUFFICIENT_DATA,,INSUFFICIENT_DATA,INSUFFICIENT_DATA,1,LOW,1,directions from grouped comparable FY series only; profitability basis=INSUFFICIENT_DATA
S0103,EtherealX (Ethereal Exploration),MULTI-ROUND (dated events; direction not inferred),INSUFFICIENT_DATA,">=2 distinct FYs, same metric+unit+currency; n_obs=1",INSUFFICIENT_DATA,,INSUFFICIENT_DATA,products=1;tech=0,2,MEDIUM,4,directions from grouped comparable FY series only; profitability basis=INSUFFICIENT_DATA
S0104,QNu Labs,MULTI-ROUND (dated events; direction not inferred),INSUFFICIENT_DATA,">=2 distinct FYs, same metric+unit+currency; n_obs=2",INSUFFICIENT_DATA,,INSUFFICIENT_DATA,products=8;tech=0,5,HIGH,15,directions from grouped comparable FY series only; profitability basis=INSUFFICIENT_DATA
S0105,Ultraviolette,MULTI-ROUND (dated events; direction not inferred),INSUFFICIENT_DATA,">=2 distinct FYs, same metric+unit+currency; n_obs=1",LOSS-MAKING,2025,INSUFFICIENT_DATA,products=3;tech=0,1,MEDIUM,6,directions from grouped comparable FY series only; profitability basis=LOSS-MAKING
S0106,Curefoods,MULTI-ROUND (dated events; direction not inferred),MIXED,">=2 distinct FYs, same metric+unit+currency; n_obs=3",MIXED,2025,INSUFFICIENT_DATA,products=14;tech=0,3,HIGH,26,directions from grouped comparable FY series only; profitability basis=MIXED
S0107,Dezerv,MULTI-ROUND (dated events; direction not inferred),INSUFFICIENT_DATA,">=2 distinct FYs, same metric+unit+currency; n_obs=0",INSUFFICIENT_DATA,,INSUFFICIENT_DATA,products=1;tech=0,3,LOW,3,directions from grouped comparable FY series only; profitability basis=INSUFFICIENT_DATA
S0108,Edubuk,MULTI-ROUND (dated events; direction not inferred),INSUFFICIENT_DATA,">=2 distinct FYs, same metric+unit+currency; n_obs=0",INSUFFICIENT_DATA,,INSUFFICIENT_DATA,products=3;tech=0,7,HIGH,10,directions from grouped comparable FY series only; profitability basis=INSUFFICIENT_DATA
S0109,EloElo,MULTI-ROUND (dated events; direction not inferred),UP,">=2 distinct FYs, same metric+unit+currency; n_obs=2",LOSS-MAKING,2025,INSUFFICIENT_DATA,products=4;tech=0,6,HIGH,11,directions from grouped comparable FY series only; profitability basis=LOSS-MAKING
S0110,GIVA,MULTI-ROUND (dated events; direction not inferred),UP,">=2 distinct FYs, same metric+unit+currency; n_obs=2",PROFITABLE,2025,INSUFFICIENT_DATA,products=6;tech=0,3,HIGH,15,directions from grouped comparable FY series only; profitability basis=PROFITABLE
S0111,Impetus Technologies,INSUFFICIENT_DATA,INSUFFICIENT_DATA,">=2 distinct FYs, same metric+unit+currency; n_obs=0",INSUFFICIENT_DATA,,INSUFFICIENT_DATA,INSUFFICIENT_DATA,0,LOW,1,directions from grouped comparable FY series only; profitability basis=INSUFFICIENT_DATA
S0112,Moglix,MULTI-ROUND (dated events; direction not inferred),INSUFFICIENT_DATA,">=2 distinct FYs, same metric+unit+currency; n_obs=3",LOSS-MAKING,2024,EVIDENCE_PRESENT,products=2;tech=1,3,HIGH,12,directions from grouped comparable FY series only; profitability basis=LOSS-MAKING
S0113,MPL (Mobile Premier League),INSUFFICIENT_DATA,INSUFFICIENT_DATA,">=2 distinct FYs, same metric+unit+currency; n_obs=0",INSUFFICIENT_DATA,,INSUFFICIENT_DATA,INSUFFICIENT_DATA,0,LOW,1,directions from grouped comparable FY series only; profitability basis=INSUFFICIENT_DATA
S0114,PhysicsWallah,MULTI-ROUND (dated events; direction not inferred),UP,">=2 distinct FYs, same metric+unit+currency; n_obs=2",LOSS-MAKING,2026,INSUFFICIENT_DATA,INSUFFICIENT_DATA,0,MEDIUM,4,directions from grouped comparable FY series only; profitability basis=LOSS-MAKING
S0115,Popo Global,INSUFFICIENT_DATA,INSUFFICIENT_DATA,">=2 distinct FYs, same metric+unit+currency; n_obs=0",INSUFFICIENT_DATA,,INSUFFICIENT_DATA,INSUFFICIENT_DATA,0,LOW,1,directions from grouped comparable FY series only; profitability basis=INSUFFICIENT_DATA
S0116,Shadowfax,MULTI-ROUND (dated events; direction not inferred),UP,">=2 distinct FYs, same metric+unit+currency; n_obs=2",INSUFFICIENT_DATA,,INSUFFICIENT_DATA,INSUFFICIENT_DATA,0,MEDIUM,7,directions from grouped comparable FY series only; profitability basis=INSUFFICIENT_DATA
S0117,Smallcase,MULTI-ROUND (dated events; direction not inferred),INSUFFICIENT_DATA,">=2 distinct FYs, same metric+unit+currency; n_obs=0",INSUFFICIENT_DATA,,INSUFFICIENT_DATA,products=2;tech=0,0,MEDIUM,7,directions from grouped comparable FY series only; profitability basis=INSUFFICIENT_DATA
S0118,StockGro,MULTI-ROUND (dated events; direction not inferred),DOWN,">=2 distinct FYs, same metric+unit+currency; n_obs=2",PROFITABLE,2025,INSUFFICIENT_DATA,products=4;tech=0,10,HIGH,15,directions from grouped comparable FY series only; profitability basis=PROFITABLE
S0119,Yulu,MULTI-ROUND (dated events; direction not inferred),UP,">=2 distinct FYs, same metric+unit+currency; n_obs=2",PROFITABLE,2025,INSUFFICIENT_DATA,products=6;tech=0,9,HIGH,18,directions from grouped comparable FY series only; profitability basis=PROFITABLE
S0120,Zenoti,MULTI-ROUND (dated events; direction not inferred),DOWN,">=2 distinct FYs, same metric+unit+currency; n_obs=2",INSUFFICIENT_DATA,,INSUFFICIENT_DATA,products=11;tech=0,10,HIGH,22,directions from grouped comparable FY series only; profitability basis=INSUFFICIENT_DATA
S0121,Exxat,MULTI-ROUND (dated events; direction not inferred),INSUFFICIENT_DATA,">=2 distinct FYs, same metric+unit+currency; n_obs=0",INSUFFICIENT_DATA,,INSUFFICIENT_DATA,INSUFFICIENT_DATA,1,LOW,2,directions from grouped comparable FY series only; profitability basis=INSUFFICIENT_DATA
S0122,Bellatrix Aerospace,INSUFFICIENT_DATA,INSUFFICIENT_DATA,">=2 distinct FYs, same metric+unit+currency; n_obs=0",INSUFFICIENT_DATA,,INSUFFICIENT_DATA,INSUFFICIENT_DATA,1,LOW,2,directions from grouped comparable FY series only; profitability basis=INSUFFICIENT_DATA
S0123,Foxtale,INSUFFICIENT_DATA,UP,">=2 distinct FYs, same metric+unit+currency; n_obs=2",LOSS-MAKING,2025,INSUFFICIENT_DATA,products=16;tech=0,9,HIGH,23,directions from grouped comparable FY series only; profitability basis=LOSS-MAKING
S0124,GalaxEye,INSUFFICIENT_DATA,INSUFFICIENT_DATA,">=2 distinct FYs, same metric+unit+currency; n_obs=0",INSUFFICIENT_DATA,,INSUFFICIENT_DATA,INSUFFICIENT_DATA,0,LOW,1,directions from grouped comparable FY series only; profitability basis=INSUFFICIENT_DATA
S0125,HerSpace Manufacturing,MULTI-ROUND (dated events; direction not inferred),INSUFFICIENT_DATA,">=2 distinct FYs, same metric+unit+currency; n_obs=0",INSUFFICIENT_DATA,,INSUFFICIENT_DATA,products=4;tech=0,3,MEDIUM,7,directions from grouped comparable FY series only; profitability basis=INSUFFICIENT_DATA
S0126,Snitch,MULTI-ROUND (dated events; direction not inferred),UP,">=2 distinct FYs, same metric+unit+currency; n_obs=2",INSUFFICIENT_DATA,,INSUFFICIENT_DATA,products=4;tech=0,3,HIGH,11,directions from grouped comparable FY series only; profitability basis=INSUFFICIENT_DATA
S0127,OneCard (FPL Technologies),MULTI-ROUND (dated events; direction not inferred),INSUFFICIENT_DATA,">=2 distinct FYs, same metric+unit+currency; n_obs=0",INSUFFICIENT_DATA,,INSUFFICIENT_DATA,INSUFFICIENT_DATA,0,LOW,2,directions from grouped comparable FY series only; profitability basis=INSUFFICIENT_DATA
S0128,Rezolv,MULTI-ROUND (dated events; direction not inferred),INSUFFICIENT_DATA,">=2 distinct FYs, same metric+unit+currency; n_obs=1",INSUFFICIENT_DATA,,INSUFFICIENT_DATA,products=5;tech=0,4,MEDIUM,8,directions from grouped comparable FY series only; profitability basis=INSUFFICIENT_DATA
S0129,JustAI,MULTI-ROUND (dated events; direction not inferred),INSUFFICIENT_DATA,">=2 distinct FYs, same metric+unit+currency; n_obs=0",INSUFFICIENT_DATA,,INSUFFICIENT_DATA,INSUFFICIENT_DATA,2,LOW,2,directions from grouped comparable FY series only; profitability basis=INSUFFICIENT_DATA
S0130,BGauss,MULTI-ROUND (dated events; direction not inferred),UP,">=2 distinct FYs, same metric+unit+currency; n_obs=2",LOSS-MAKING,2025,INSUFFICIENT_DATA,products=8;tech=0,6,HIGH,14,directions from grouped comparable FY series only; profitability basis=LOSS-MAKING
S0131,Emo Energy,MULTI-ROUND (dated events; direction not inferred),INSUFFICIENT_DATA,">=2 distinct FYs, same metric+unit+currency; n_obs=1",LOSS-MAKING,2025,INSUFFICIENT_DATA,INSUFFICIENT_DATA,0,MEDIUM,4,directions from grouped comparable FY series only; profitability basis=LOSS-MAKING
S0132,Baaz Bikes,INSUFFICIENT_DATA,INSUFFICIENT_DATA,">=2 distinct FYs, same metric+unit+currency; n_obs=0",INSUFFICIENT_DATA,,INSUFFICIENT_DATA,INSUFFICIENT_DATA,1,LOW,1,directions from grouped comparable FY series only; profitability basis=INSUFFICIENT_DATA
S0133,Piston,INSUFFICIENT_DATA,INSUFFICIENT_DATA,">=2 distinct FYs, same metric+unit+currency; n_obs=0",INSUFFICIENT_DATA,,INSUFFICIENT_DATA,INSUFFICIENT_DATA,0,LOW,1,directions from grouped comparable FY series only; profitability basis=INSUFFICIENT_DATA
S0134,Chargebee,MULTI-ROUND (dated events; direction not inferred),INSUFFICIENT_DATA,">=2 distinct FYs, same metric+unit+currency; n_obs=2",INSUFFICIENT_DATA,,INSUFFICIENT_DATA,products=9;tech=0,4,HIGH,19,directions from grouped comparable FY series only; profitability basis=INSUFFICIENT_DATA
S0135,Delhivery,MULTI-ROUND (dated events; direction not inferred),DOWN,">=2 distinct FYs, same metric+unit+currency; n_obs=2",PROFITABLE,2025,INSUFFICIENT_DATA,products=5;tech=0,1,HIGH,12,directions from grouped comparable FY series only; profitability basis=PROFITABLE
S0136,Erisha E Mobility,INSUFFICIENT_DATA,INSUFFICIENT_DATA,">=2 distinct FYs, same metric+unit+currency; n_obs=1",INSUFFICIENT_DATA,,INSUFFICIENT_DATA,INSUFFICIENT_DATA,1,LOW,2,directions from grouped comparable FY series only; profitability basis=INSUFFICIENT_DATA
S0137,Freshworks,MULTI-ROUND (dated events; direction not inferred),INSUFFICIENT_DATA,">=2 distinct FYs, same metric+unit+currency; n_obs=0",INSUFFICIENT_DATA,,INSUFFICIENT_DATA,INSUFFICIENT_DATA,0,LOW,2,directions from grouped comparable FY series only; profitability basis=INSUFFICIENT_DATA
S0138,OYO,MULTI-ROUND (dated events; direction not inferred),INSUFFICIENT_DATA,">=2 distinct FYs, same metric+unit+currency; n_obs=2",PROFITABLE,2025,INSUFFICIENT_DATA,products=8;tech=0,7,HIGH,18,directions from grouped comparable FY series only; profitability basis=PROFITABLE
S0139,Policybazaar,MULTI-ROUND (dated events; direction not inferred),INSUFFICIENT_DATA,">=2 distinct FYs, same metric+unit+currency; n_obs=1",PROFITABLE,2026,INSUFFICIENT_DATA,INSUFFICIENT_DATA,0,LOW,3,directions from grouped comparable FY series only; profitability basis=PROFITABLE
S0140,Uniphore,MULTI-ROUND (dated events; direction not inferred),INSUFFICIENT_DATA,">=2 distinct FYs, same metric+unit+currency; n_obs=0",INSUFFICIENT_DATA,,INSUFFICIENT_DATA,INSUFFICIENT_DATA,1,LOW,3,directions from grouped comparable FY series only; profitability basis=INSUFFICIENT_DATA
S0141,Urban Company,MULTI-ROUND (dated events; direction not inferred),INSUFFICIENT_DATA,">=2 distinct FYs, same metric+unit+currency; n_obs=1",INSUFFICIENT_DATA,,INSUFFICIENT_DATA,INSUFFICIENT_DATA,0,LOW,3,directions from grouped comparable FY series only; profitability basis=INSUFFICIENT_DATA
S0142,Zomato,MULTI-ROUND (dated events; direction not inferred),INSUFFICIENT_DATA,">=2 distinct FYs, same metric+unit+currency; n_obs=0",INSUFFICIENT_DATA,,INSUFFICIENT_DATA,INSUFFICIENT_DATA,0,LOW,2,directions from grouped comparable FY series only; profitability basis=INSUFFICIENT_DATA
S0143,Emversity,MULTI-ROUND (dated events; direction not inferred),UP,">=2 distinct FYs, same metric+unit+currency; n_obs=2",INSUFFICIENT_DATA,,INSUFFICIENT_DATA,INSUFFICIENT_DATA,1,MEDIUM,6,directions from grouped comparable FY series only; profitability basis=INSUFFICIENT_DATA
S0144,KGeN (Kratos Gamer Network),MULTI-ROUND (dated events; direction not inferred),INSUFFICIENT_DATA,">=2 distinct FYs, same metric+unit+currency; n_obs=0",INSUFFICIENT_DATA,,INSUFFICIENT_DATA,products=6;tech=0,8,HIGH,14,directions from grouped comparable FY series only; profitability basis=INSUFFICIENT_DATA
S0145,Seekho,MULTI-ROUND (dated events; direction not inferred),UP,">=2 distinct FYs, same metric+unit+currency; n_obs=2",LOSS-MAKING,2025,INSUFFICIENT_DATA,products=4;tech=0,4,MEDIUM,9,directions from grouped comparable FY series only; profitability basis=LOSS-MAKING
S0146,Avammune Therapeutics,MULTI-ROUND (dated events; direction not inferred),INSUFFICIENT_DATA,">=2 distinct FYs, same metric+unit+currency; n_obs=0",INSUFFICIENT_DATA,,INSUFFICIENT_DATA,products=5;tech=0,4,MEDIUM,9,directions from grouped comparable FY series only; profitability basis=INSUFFICIENT_DATA
S0147,HexaHealth,MULTI-ROUND (dated events; direction not inferred),INSUFFICIENT_DATA,">=2 distinct FYs, same metric+unit+currency; n_obs=0",INSUFFICIENT_DATA,,INSUFFICIENT_DATA,INSUFFICIENT_DATA,0,LOW,2,directions from grouped comparable FY series only; profitability basis=INSUFFICIENT_DATA
S0148,Escape Plan (travel gear),MULTI-ROUND (dated events; direction not inferred),INSUFFICIENT_DATA,">=2 distinct FYs, same metric+unit+currency; n_obs=1",INSUFFICIENT_DATA,,INSUFFICIENT_DATA,products=14;tech=0,5,HIGH,17,directions from grouped comparable FY series only; profitability basis=INSUFFICIENT_DATA
S0149,Lendingkart,MULTI-ROUND (dated events; direction not inferred),INSUFFICIENT_DATA,">=2 distinct FYs, same metric+unit+currency; n_obs=0",INSUFFICIENT_DATA,,INSUFFICIENT_DATA,INSUFFICIENT_DATA,1,LOW,3,directions from grouped comparable FY series only; profitability basis=INSUFFICIENT_DATA
S0150,PB Healthcare,MULTI-ROUND (dated events; direction not inferred),INSUFFICIENT_DATA,">=2 distinct FYs, same metric+unit+currency; n_obs=0",INSUFFICIENT_DATA,,INSUFFICIENT_DATA,INSUFFICIENT_DATA,0,LOW,2,directions from grouped comparable FY series only; profitability basis=INSUFFICIENT_DATA
S0151,Augnito,MULTI-ROUND (dated events; direction not inferred),INSUFFICIENT_DATA,">=2 distinct FYs, same metric+unit+currency; n_obs=0",INSUFFICIENT_DATA,,INSUFFICIENT_DATA,INSUFFICIENT_DATA,0,LOW,3,directions from grouped comparable FY series only; profitability basis=INSUFFICIENT_DATA
S0152,C2i Semiconductors,INSUFFICIENT_DATA,INSUFFICIENT_DATA,">=2 distinct FYs, same metric+unit+currency; n_obs=0",INSUFFICIENT_DATA,,INSUFFICIENT_DATA,INSUFFICIENT_DATA,0,LOW,3,directions from grouped comparable FY series only; profitability basis=INSUFFICIENT_DATA
S0153,CynLr,MULTI-ROUND (dated events; direction not inferred),INSUFFICIENT_DATA,">=2 distinct FYs, same metric+unit+currency; n_obs=2",INSUFFICIENT_DATA,,INSUFFICIENT_DATA,products=6;tech=0,7,HIGH,12,directions from grouped comparable FY series only; profitability basis=INSUFFICIENT_DATA
S0154,Skydo,MULTI-ROUND (dated events; direction not inferred),UP,">=2 distinct FYs, same metric+unit+currency; n_obs=2",MIXED,2025,INSUFFICIENT_DATA,products=3;tech=0,2,HIGH,11,directions from grouped comparable FY series only; profitability basis=MIXED
S0155,Smart Joules,INSUFFICIENT_DATA,UP,">=2 distinct FYs, same metric+unit+currency; n_obs=2",INSUFFICIENT_DATA,,INSUFFICIENT_DATA,INSUFFICIENT_DATA,1,MEDIUM,7,directions from grouped comparable FY series only; profitability basis=INSUFFICIENT_DATA
S0156,VerveSemi (Vervesemi),INSUFFICIENT_DATA,MIXED,">=2 distinct FYs, same metric+unit+currency; n_obs=3",MIXED,2025,INSUFFICIENT_DATA,products=13;tech=0,9,HIGH,20,directions from grouped comparable FY series only; profitability basis=MIXED
S0157,Butterfly Learnings,MULTI-ROUND (dated events; direction not inferred),UP,">=2 distinct FYs, same metric+unit+currency; n_obs=2",LOSS-MAKING,2025,INSUFFICIENT_DATA,products=4;tech=0,3,MEDIUM,9,directions from grouped comparable FY series only; profitability basis=LOSS-MAKING
S0158,Sugar Cosmetics,MULTI-ROUND (dated events; direction not inferred),DOWN,">=2 distinct FYs, same metric+unit+currency; n_obs=2",LOSS-MAKING,2025,INSUFFICIENT_DATA,products=7;tech=0,6,HIGH,15,directions from grouped comparable FY series only; profitability basis=LOSS-MAKING
S0159,Graas.ai (Graas),MULTI-ROUND (dated events; direction not inferred),INSUFFICIENT_DATA,">=2 distinct FYs, same metric+unit+currency; n_obs=1",INSUFFICIENT_DATA,,INSUFFICIENT_DATA,products=9;tech=0,2,HIGH,16,directions from grouped comparable FY series only; profitability basis=INSUFFICIENT_DATA
S0160,Beepkart,INSUFFICIENT_DATA,INSUFFICIENT_DATA,">=2 distinct FYs, same metric+unit+currency; n_obs=0",INSUFFICIENT_DATA,,INSUFFICIENT_DATA,INSUFFICIENT_DATA,0,LOW,0,directions from grouped comparable FY series only; profitability basis=INSUFFICIENT_DATA
S0161,Agrani Labs,INSUFFICIENT_DATA,INSUFFICIENT_DATA,">=2 distinct FYs, same metric+unit+currency; n_obs=0",INSUFFICIENT_DATA,,INSUFFICIENT_DATA,products=3;tech=0,4,MEDIUM,5,directions from grouped comparable FY series only; profitability basis=INSUFFICIENT_DATA
S0162,Mokobara,MULTI-ROUND (dated events; direction not inferred),UP,">=2 distinct FYs, same metric+unit+currency; n_obs=2",LOSS-MAKING,2025,INSUFFICIENT_DATA,products=9;tech=0,2,HIGH,18,directions from grouped comparable FY series only; profitability basis=LOSS-MAKING
S0163,XpressBees,MULTI-ROUND (dated events; direction not inferred),MIXED,">=2 distinct FYs, same metric+unit+currency; n_obs=3",LOSS-MAKING,2025,INSUFFICIENT_DATA,products=6;tech=0,3,HIGH,14,directions from grouped comparable FY series only; profitability basis=LOSS-MAKING
S0164,Fundly.ai,MULTI-ROUND (dated events; direction not inferred),UP,">=2 distinct FYs, same metric+unit+currency; n_obs=2",LOSS-MAKING,2025,INSUFFICIENT_DATA,products=4;tech=0,7,HIGH,10,directions from grouped comparable FY series only; profitability basis=LOSS-MAKING
S0165,Mitigata,MULTI-ROUND (dated events; direction not inferred),INSUFFICIENT_DATA,">=2 distinct FYs, same metric+unit+currency; n_obs=1",INSUFFICIENT_DATA,,INSUFFICIENT_DATA,products=5;tech=0,3,MEDIUM,9,directions from grouped comparable FY series only; profitability basis=INSUFFICIENT_DATA
S0166,Refold AI,INSUFFICIENT_DATA,INSUFFICIENT_DATA,">=2 distinct FYs, same metric+unit+currency; n_obs=0",INSUFFICIENT_DATA,,INSUFFICIENT_DATA,INSUFFICIENT_DATA,0,LOW,1,directions from grouped comparable FY series only; profitability basis=INSUFFICIENT_DATA
S0167,RentoMojo,INSUFFICIENT_DATA,MIXED,">=2 distinct FYs, same metric+unit+currency; n_obs=5",PROFITABLE,2025,INSUFFICIENT_DATA,products=4;tech=0,8,HIGH,13,directions from grouped comparable FY series only; profitability basis=PROFITABLE
S0168,Blinkit,INSUFFICIENT_DATA,INSUFFICIENT_DATA,">=2 distinct FYs, same metric+unit+currency; n_obs=0",INSUFFICIENT_DATA,,INSUFFICIENT_DATA,INSUFFICIENT_DATA,0,LOW,1,directions from grouped comparable FY series only; profitability basis=INSUFFICIENT_DATA
S0169,Juniper Green Energy,MULTI-ROUND (dated events; direction not inferred),INSUFFICIENT_DATA,">=2 distinct FYs, same metric+unit+currency; n_obs=0",INSUFFICIENT_DATA,,INSUFFICIENT_DATA,INSUFFICIENT_DATA,0,LOW,2,directions from grouped comparable FY series only; profitability basis=INSUFFICIENT_DATA
S0170,Serentica Renewables,MULTI-ROUND (dated events; direction not inferred),INSUFFICIENT_DATA,">=2 distinct FYs, same metric+unit+currency; n_obs=0",INSUFFICIENT_DATA,,INSUFFICIENT_DATA,INSUFFICIENT_DATA,1,MEDIUM,4,directions from grouped comparable FY series only; profitability basis=INSUFFICIENT_DATA
S0171,Swiggy,MULTI-ROUND (dated events; direction not inferred),UP,">=2 distinct FYs, same metric+unit+currency; n_obs=2",LOSS-MAKING,2025,INSUFFICIENT_DATA,INSUFFICIENT_DATA,1,MEDIUM,4,directions from grouped comparable FY series only; profitability basis=LOSS-MAKING
S0172,Bonkers Corner,MULTI-ROUND (dated events; direction not inferred),INSUFFICIENT_DATA,">=2 distinct FYs, same metric+unit+currency; n_obs=1",INSUFFICIENT_DATA,,INSUFFICIENT_DATA,INSUFFICIENT_DATA,1,LOW,3,directions from grouped comparable FY series only; profitability basis=INSUFFICIENT_DATA
S0173,immunitoAI,INSUFFICIENT_DATA,INSUFFICIENT_DATA,">=2 distinct FYs, same metric+unit+currency; n_obs=0",INSUFFICIENT_DATA,,INSUFFICIENT_DATA,products=2;tech=0,1,MEDIUM,4,directions from grouped comparable FY series only; profitability basis=INSUFFICIENT_DATA
S0174,BigEndian Semiconductors,MULTI-ROUND (dated events; direction not inferred),INSUFFICIENT_DATA,">=2 distinct FYs, same metric+unit+currency; n_obs=0",INSUFFICIENT_DATA,,INSUFFICIENT_DATA,INSUFFICIENT_DATA,0,LOW,2,directions from grouped comparable FY series only; profitability basis=INSUFFICIENT_DATA
S0175,Mojro Technologies,MULTI-ROUND (dated events; direction not inferred),INSUFFICIENT_DATA,">=2 distinct FYs, same metric+unit+currency; n_obs=1",LOSS-MAKING,2025,INSUFFICIENT_DATA,INSUFFICIENT_DATA,0,MEDIUM,4,directions from grouped comparable FY series only; profitability basis=LOSS-MAKING
S0176,Neo (Neo Investment Value Advisors),INSUFFICIENT_DATA,INSUFFICIENT_DATA,">=2 distinct FYs, same metric+unit+currency; n_obs=0",INSUFFICIENT_DATA,,INSUFFICIENT_DATA,INSUFFICIENT_DATA,0,LOW,2,directions from grouped comparable FY series only; profitability basis=INSUFFICIENT_DATA
S0177,Capillary Technologies,INSUFFICIENT_DATA,INSUFFICIENT_DATA,">=2 distinct FYs, same metric+unit+currency; n_obs=1",INSUFFICIENT_DATA,,INSUFFICIENT_DATA,INSUFFICIENT_DATA,0,LOW,3,directions from grouped comparable FY series only; profitability basis=INSUFFICIENT_DATA
S0178,PowerUp Money,MULTI-ROUND (dated events; direction not inferred),INSUFFICIENT_DATA,">=2 distinct FYs, same metric+unit+currency; n_obs=0",INSUFFICIENT_DATA,,INSUFFICIENT_DATA,INSUFFICIENT_DATA,0,LOW,3,directions from grouped comparable FY series only; profitability basis=INSUFFICIENT_DATA
S0179,Truva,MULTI-ROUND (dated events; direction not inferred),INSUFFICIENT_DATA,">=2 distinct FYs, same metric+unit+currency; n_obs=0",INSUFFICIENT_DATA,,EVIDENCE_PRESENT,products=1;tech=0,0,MEDIUM,5,directions from grouped comparable FY series only; profitability basis=INSUFFICIENT_DATA
S0180,Tsavorite,MULTI-ROUND (dated events; direction not inferred),INSUFFICIENT_DATA,">=2 distinct FYs, same metric+unit+currency; n_obs=0",INSUFFICIENT_DATA,,EVIDENCE_PRESENT,products=2;tech=0,0,MEDIUM,5,directions from grouped comparable FY series only; profitability basis=INSUFFICIENT_DATA
S0181,Inox Clean Energy,MULTI-ROUND (dated events; direction not inferred),INSUFFICIENT_DATA,">=2 distinct FYs, same metric+unit+currency; n_obs=0",INSUFFICIENT_DATA,,EVIDENCE_PRESENT,products=2;tech=0,0,MEDIUM,6,directions from grouped comparable FY series only; profitability basis=INSUFFICIENT_DATA
S0182,Raphe mPhibr,MULTI-ROUND (dated events; direction not inferred),INSUFFICIENT_DATA,">=2 distinct FYs, same metric+unit+currency; n_obs=0",INSUFFICIENT_DATA,,EVIDENCE_PRESENT,products=5;tech=0,0,HIGH,12,directions from grouped comparable FY series only; profitability basis=INSUFFICIENT_DATA
S0183,Battery Smart,MULTI-ROUND (dated events; direction not inferred),INSUFFICIENT_DATA,">=2 distinct FYs, same metric+unit+currency; n_obs=0",INSUFFICIENT_DATA,,EVIDENCE_PRESENT,products=2;tech=0,0,HIGH,10,directions from grouped comparable FY series only; profitability basis=INSUFFICIENT_DATA
S0184,Carrum Mobility,INSUFFICIENT_DATA,INSUFFICIENT_DATA,">=2 distinct FYs, same metric+unit+currency; n_obs=0",INSUFFICIENT_DATA,,INSUFFICIENT_DATA,INSUFFICIENT_DATA,0,LOW,1,directions from grouped comparable FY series only; profitability basis=INSUFFICIENT_DATA
S0185,Elivaas,MULTI-ROUND (dated events; direction not inferred),INSUFFICIENT_DATA,">=2 distinct FYs, same metric+unit+currency; n_obs=1",INSUFFICIENT_DATA,,INSUFFICIENT_DATA,products=3;tech=0,5,MEDIUM,9,directions from grouped comparable FY series only; profitability basis=INSUFFICIENT_DATA
S0186,nCore Games,INSUFFICIENT_DATA,INSUFFICIENT_DATA,">=2 distinct FYs, same metric+unit+currency; n_obs=0",INSUFFICIENT_DATA,,INSUFFICIENT_DATA,products=1;tech=0,0,LOW,2,directions from grouped comparable FY series only; profitability basis=INSUFFICIENT_DATA
S0187,Stimuler AI,INSUFFICIENT_DATA,INSUFFICIENT_DATA,">=2 distinct FYs, same metric+unit+currency; n_obs=0",INSUFFICIENT_DATA,,INSUFFICIENT_DATA,products=1;tech=1,0,LOW,3,directions from grouped comparable FY series only; profitability basis=INSUFFICIENT_DATA
S0188,Zerodha,INSUFFICIENT_DATA,INSUFFICIENT_DATA,">=2 distinct FYs, same metric+unit+currency; n_obs=1",INSUFFICIENT_DATA,,INSUFFICIENT_DATA,INSUFFICIENT_DATA,1,LOW,1,directions from grouped comparable FY series only; profitability basis=INSUFFICIENT_DATA
S0189,General Autonomy,MULTI-ROUND (dated events; direction not inferred),INSUFFICIENT_DATA,">=2 distinct FYs, same metric+unit+currency; n_obs=0",INSUFFICIENT_DATA,,INSUFFICIENT_DATA,products=0;tech=2,0,MEDIUM,4,directions from grouped comparable FY series only; profitability basis=INSUFFICIENT_DATA
S0190,Otipy,INSUFFICIENT_DATA,INSUFFICIENT_DATA,">=2 distinct FYs, same metric+unit+currency; n_obs=0",INSUFFICIENT_DATA,,INSUFFICIENT_DATA,INSUFFICIENT_DATA,0,LOW,0,directions from grouped comparable FY series only; profitability basis=INSUFFICIENT_DATA
S0191,QOSMIC,INSUFFICIENT_DATA,INSUFFICIENT_DATA,">=2 distinct FYs, same metric+unit+currency; n_obs=0",INSUFFICIENT_DATA,,INSUFFICIENT_DATA,products=3;tech=2,0,MEDIUM,6,directions from grouped comparable FY series only; profitability basis=INSUFFICIENT_DATA
S0192,Hachidori Robotics,MULTI-ROUND (dated events; direction not inferred),INSUFFICIENT_DATA,">=2 distinct FYs, same metric+unit+currency; n_obs=0",INSUFFICIENT_DATA,,INSUFFICIENT_DATA,products=3;tech=3,0,MEDIUM,8,directions from grouped comparable FY series only; profitability basis=INSUFFICIENT_DATA
S0193,TransBnk,INSUFFICIENT_DATA,INSUFFICIENT_DATA,">=2 distinct FYs, same metric+unit+currency; n_obs=0",INSUFFICIENT_DATA,,INSUFFICIENT_DATA,products=0;tech=2,0,LOW,3,directions from grouped comparable FY series only; profitability basis=INSUFFICIENT_DATA
S0194,Olee Space,INSUFFICIENT_DATA,INSUFFICIENT_DATA,">=2 distinct FYs, same metric+unit+currency; n_obs=0",INSUFFICIENT_DATA,,INSUFFICIENT_DATA,products=2;tech=1,1,MEDIUM,4,directions from grouped comparable FY series only; profitability basis=INSUFFICIENT_DATA
S0195,Atlys,INSUFFICIENT_DATA,INSUFFICIENT_DATA,">=2 distinct FYs, same metric+unit+currency; n_obs=0",INSUFFICIENT_DATA,,INSUFFICIENT_DATA,products=1;tech=2,0,MEDIUM,4,directions from grouped comparable FY series only; profitability basis=INSUFFICIENT_DATA
S0196,Goldi Solar,INSUFFICIENT_DATA,INSUFFICIENT_DATA,">=2 distinct FYs, same metric+unit+currency; n_obs=0",INSUFFICIENT_DATA,,INSUFFICIENT_DATA,products=0;tech=1,1,LOW,2,directions from grouped comparable FY series only; profitability basis=INSUFFICIENT_DATA
S0197,Kiwi (Gokiwi Tech),MULTI-ROUND (dated events; direction not inferred),UP,">=2 distinct FYs, same metric+unit+currency; n_obs=2",LOSS-MAKING,2025,INSUFFICIENT_DATA,products=4;tech=1,17,HIGH,10,directions from grouped comparable FY series only; profitability basis=LOSS-MAKING
S0198,Circolife,INSUFFICIENT_DATA,INSUFFICIENT_DATA,">=2 distinct FYs, same metric+unit+currency; n_obs=0",INSUFFICIENT_DATA,,INSUFFICIENT_DATA,products=1;tech=2,1,MEDIUM,4,directions from grouped comparable FY series only; profitability basis=INSUFFICIENT_DATA
S0199,Agnikul Cosmos (AgniKul),INSUFFICIENT_DATA,INSUFFICIENT_DATA,">=2 distinct FYs, same metric+unit+currency; n_obs=0",INSUFFICIENT_DATA,,INSUFFICIENT_DATA,INSUFFICIENT_DATA,0,LOW,2,directions from grouped comparable FY series only; profitability basis=INSUFFICIENT_DATA
S0200,Aurm,INSUFFICIENT_DATA,INSUFFICIENT_DATA,">=2 distinct FYs, same metric+unit+currency; n_obs=1",PROFITABLE,2026,INSUFFICIENT_DATA,products=1;tech=0,0,LOW,3,directions from grouped comparable FY series only; profitability basis=PROFITABLE
S0201,Syfe,INSUFFICIENT_DATA,INSUFFICIENT_DATA,">=2 distinct FYs, same metric+unit+currency; n_obs=0",INSUFFICIENT_DATA,,INSUFFICIENT_DATA,products=1;tech=0,0,LOW,3,directions from grouped comparable FY series only; profitability basis=INSUFFICIENT_DATA
S0202,Prozo,INSUFFICIENT_DATA,UP,">=2 distinct FYs, same metric+unit+currency; n_obs=2",INSUFFICIENT_DATA,,INSUFFICIENT_DATA,products=1;tech=0,0,MEDIUM,5,directions from grouped comparable FY series only; profitability basis=INSUFFICIENT_DATA
S0203,Jurisphere.ai,INSUFFICIENT_DATA,INSUFFICIENT_DATA,">=2 distinct FYs, same metric+unit+currency; n_obs=0",INSUFFICIENT_DATA,,INSUFFICIENT_DATA,INSUFFICIENT_DATA,0,LOW,1,directions from grouped comparable FY series only; profitability basis=INSUFFICIENT_DATA
S0204,The Energy Company,INSUFFICIENT_DATA,INSUFFICIENT_DATA,">=2 distinct FYs, same metric+unit+currency; n_obs=0",INSUFFICIENT_DATA,,INSUFFICIENT_DATA,INSUFFICIENT_DATA,0,LOW,0,directions from grouped comparable FY series only; profitability basis=INSUFFICIENT_DATA
S0205,Spike AI,INSUFFICIENT_DATA,INSUFFICIENT_DATA,">=2 distinct FYs, same metric+unit+currency; n_obs=0",INSUFFICIENT_DATA,,INSUFFICIENT_DATA,INSUFFICIENT_DATA,0,LOW,0,directions from grouped comparable FY series only; profitability basis=INSUFFICIENT_DATA
S0206,Physics Wallah,INSUFFICIENT_DATA,INSUFFICIENT_DATA,">=2 distinct FYs, same metric+unit+currency; n_obs=0",INSUFFICIENT_DATA,,INSUFFICIENT_DATA,INSUFFICIENT_DATA,0,LOW,0,directions from grouped comparable FY series only; profitability basis=INSUFFICIENT_DATA
S0207,Arivihan,INSUFFICIENT_DATA,INSUFFICIENT_DATA,">=2 distinct FYs, same metric+unit+currency; n_obs=0",INSUFFICIENT_DATA,,INSUFFICIENT_DATA,products=1;tech=4,0,MEDIUM,6,directions from grouped comparable FY series only; profitability basis=INSUFFICIENT_DATA
S0208,Netrasemi (NetraSemi),INSUFFICIENT_DATA,INSUFFICIENT_DATA,">=2 distinct FYs, same metric+unit+currency; n_obs=0",INSUFFICIENT_DATA,,INSUFFICIENT_DATA,products=1;tech=4,0,MEDIUM,7,directions from grouped comparable FY series only; profitability basis=INSUFFICIENT_DATA
S0209,Arohan Financial Services,MULTI-ROUND (dated events; direction not inferred),INSUFFICIENT_DATA,">=2 distinct FYs, same metric+unit+currency; n_obs=2",INSUFFICIENT_DATA,,INSUFFICIENT_DATA,products=6;tech=0,5,HIGH,16,directions from grouped comparable FY series only; profitability basis=INSUFFICIENT_DATA
S0210,Ather Energy,INSUFFICIENT_DATA,INSUFFICIENT_DATA,">=2 distinct FYs, same metric+unit+currency; n_obs=1",LOSS-MAKING,2026,INSUFFICIENT_DATA,INSUFFICIENT_DATA,0,LOW,3,directions from grouped comparable FY series only; profitability basis=LOSS-MAKING
S0211,Nexedge Capital,MULTI-ROUND (dated events; direction not inferred),INSUFFICIENT_DATA,">=2 distinct FYs, same metric+unit+currency; n_obs=1",INSUFFICIENT_DATA,,INSUFFICIENT_DATA,products=9;tech=0,10,HIGH,13,directions from grouped comparable FY series only; profitability basis=INSUFFICIENT_DATA
S0212,Shiprocket,INSUFFICIENT_DATA,INSUFFICIENT_DATA,">=2 distinct FYs, same metric+unit+currency; n_obs=0",INSUFFICIENT_DATA,,INSUFFICIENT_DATA,INSUFFICIENT_DATA,0,LOW,2,directions from grouped comparable FY series only; profitability basis=INSUFFICIENT_DATA
S0213,Navana.ai,MULTI-ROUND (dated events; direction not inferred),INSUFFICIENT_DATA,">=2 distinct FYs, same metric+unit+currency; n_obs=1",LOSS-MAKING,2025,INSUFFICIENT_DATA,products=6;tech=0,4,HIGH,11,directions from grouped comparable FY series only; profitability basis=LOSS-MAKING
S0214,Lickicious,INSUFFICIENT_DATA,INSUFFICIENT_DATA,">=2 distinct FYs, same metric+unit+currency; n_obs=0",INSUFFICIENT_DATA,,INSUFFICIENT_DATA,products=1;tech=0,0,LOW,2,directions from grouped comparable FY series only; profitability basis=INSUFFICIENT_DATA
S0215,PumPumPum,MULTI-ROUND (dated events; direction not inferred),INSUFFICIENT_DATA,">=2 distinct FYs, same metric+unit+currency; n_obs=0",INSUFFICIENT_DATA,,INSUFFICIENT_DATA,products=4;tech=0,3,HIGH,10,directions from grouped comparable FY series only; profitability basis=INSUFFICIENT_DATA
S0216,BimaKavach,INSUFFICIENT_DATA,INSUFFICIENT_DATA,">=2 distinct FYs, same metric+unit+currency; n_obs=0",INSUFFICIENT_DATA,,INSUFFICIENT_DATA,products=1;tech=0,2,LOW,2,directions from grouped comparable FY series only; profitability basis=INSUFFICIENT_DATA
S0217,CtrlS,INSUFFICIENT_DATA,INSUFFICIENT_DATA,">=2 distinct FYs, same metric+unit+currency; n_obs=0",INSUFFICIENT_DATA,,INSUFFICIENT_DATA,products=1;tech=0,2,LOW,2,directions from grouped comparable FY series only; profitability basis=INSUFFICIENT_DATA
S0218,Watch Your Health,INSUFFICIENT_DATA,INSUFFICIENT_DATA,">=2 distinct FYs, same metric+unit+currency; n_obs=0",INSUFFICIENT_DATA,,INSUFFICIENT_DATA,products=1;tech=0,0,LOW,2,directions from grouped comparable FY series only; profitability basis=INSUFFICIENT_DATA
S0219,TrueFan AI,MULTI-ROUND (dated events; direction not inferred),INSUFFICIENT_DATA,">=2 distinct FYs, same metric+unit+currency; n_obs=0",INSUFFICIENT_DATA,,INSUFFICIENT_DATA,INSUFFICIENT_DATA,0,LOW,2,directions from grouped comparable FY series only; profitability basis=INSUFFICIENT_DATA
S0220,Coulomb Litech,INSUFFICIENT_DATA,INSUFFICIENT_DATA,">=2 distinct FYs, same metric+unit+currency; n_obs=0",INSUFFICIENT_DATA,,INSUFFICIENT_DATA,INSUFFICIENT_DATA,0,LOW,1,directions from grouped comparable FY series only; profitability basis=INSUFFICIENT_DATA
S0221,Fermionic Design,MULTI-ROUND (dated events; direction not inferred),INSUFFICIENT_DATA,">=2 distinct FYs, same metric+unit+currency; n_obs=0",INSUFFICIENT_DATA,,INSUFFICIENT_DATA,products=0;tech=2,0,MEDIUM,4,directions from grouped comparable FY series only; profitability basis=INSUFFICIENT_DATA
S0222,ANSCER Robotics,MULTI-ROUND (dated events; direction not inferred),INSUFFICIENT_DATA,">=2 distinct FYs, same metric+unit+currency; n_obs=0",INSUFFICIENT_DATA,,INSUFFICIENT_DATA,INSUFFICIENT_DATA,0,LOW,2,directions from grouped comparable FY series only; profitability basis=INSUFFICIENT_DATA
S0223,Superleap AI,INSUFFICIENT_DATA,INSUFFICIENT_DATA,">=2 distinct FYs, same metric+unit+currency; n_obs=0",INSUFFICIENT_DATA,,INSUFFICIENT_DATA,INSUFFICIENT_DATA,0,LOW,1,directions from grouped comparable FY series only; profitability basis=INSUFFICIENT_DATA
S0224,Fire AI (FireAI),INSUFFICIENT_DATA,INSUFFICIENT_DATA,">=2 distinct FYs, same metric+unit+currency; n_obs=0",INSUFFICIENT_DATA,,INSUFFICIENT_DATA,INSUFFICIENT_DATA,1,LOW,1,directions from grouped comparable FY series only; profitability basis=INSUFFICIENT_DATA
S0225,Matter,INSUFFICIENT_DATA,INSUFFICIENT_DATA,">=2 distinct FYs, same metric+unit+currency; n_obs=0",INSUFFICIENT_DATA,,INSUFFICIENT_DATA,INSUFFICIENT_DATA,0,LOW,1,directions from grouped comparable FY series only; profitability basis=INSUFFICIENT_DATA
S0226,Comet,MULTI-ROUND (dated events; direction not inferred),UP,">=2 distinct FYs, same metric+unit+currency; n_obs=2",LOSS-MAKING,2025,INSUFFICIENT_DATA,products=8;tech=0,4,HIGH,14,directions from grouped comparable FY series only; profitability basis=LOSS-MAKING
S0227,Balaji Wafers,INSUFFICIENT_DATA,INSUFFICIENT_DATA,">=2 distinct FYs, same metric+unit+currency; n_obs=1",INSUFFICIENT_DATA,,INSUFFICIENT_DATA,INSUFFICIENT_DATA,0,LOW,2,directions from grouped comparable FY series only; profitability basis=INSUFFICIENT_DATA
S0228,CleverTap,MULTI-ROUND (dated events; direction not inferred),UP,">=2 distinct FYs, same metric+unit+currency; n_obs=2",PROFITABLE,2024,INSUFFICIENT_DATA,products=9;tech=0,4,HIGH,15,directions from grouped comparable FY series only; profitability basis=PROFITABLE
S0229,Drip Capital,MULTI-ROUND (dated events; direction not inferred),INSUFFICIENT_DATA,">=2 distinct FYs, same metric+unit+currency; n_obs=0",INSUFFICIENT_DATA,,INSUFFICIENT_DATA,INSUFFICIENT_DATA,0,MEDIUM,6,directions from grouped comparable FY series only; profitability basis=INSUFFICIENT_DATA
S0230,Kissht (OnEMI),MULTI-ROUND (dated events; direction not inferred),INSUFFICIENT_DATA,">=2 distinct FYs, same metric+unit+currency; n_obs=0",INSUFFICIENT_DATA,,INSUFFICIENT_DATA,INSUFFICIENT_DATA,0,MEDIUM,9,directions from grouped comparable FY series only; profitability basis=INSUFFICIENT_DATA
S0231,Lenskart,MULTI-ROUND (dated events; direction not inferred),INSUFFICIENT_DATA,">=2 distinct FYs, same metric+unit+currency; n_obs=0",INSUFFICIENT_DATA,,INSUFFICIENT_DATA,INSUFFICIENT_DATA,0,HIGH,10,directions from grouped comparable FY series only; profitability basis=INSUFFICIENT_DATA
S0232,Neoble,MULTI-ROUND (dated events; direction not inferred),INSUFFICIENT_DATA,">=2 distinct FYs, same metric+unit+currency; n_obs=0",INSUFFICIENT_DATA,,INSUFFICIENT_DATA,INSUFFICIENT_DATA,0,LOW,2,directions from grouped comparable FY series only; profitability basis=INSUFFICIENT_DATA
S0233,QubeHealth Pay (QubeHealth),MULTI-ROUND (dated events; direction not inferred),INSUFFICIENT_DATA,">=2 distinct FYs, same metric+unit+currency; n_obs=0",INSUFFICIENT_DATA,,INSUFFICIENT_DATA,INSUFFICIENT_DATA,0,MEDIUM,4,directions from grouped comparable FY series only; profitability basis=INSUFFICIENT_DATA
S0234,Qure.ai,INSUFFICIENT_DATA,INSUFFICIENT_DATA,">=2 distinct FYs, same metric+unit+currency; n_obs=0",INSUFFICIENT_DATA,,INSUFFICIENT_DATA,products=0;tech=2,0,LOW,3,directions from grouped comparable FY series only; profitability basis=INSUFFICIENT_DATA
S0235,Greenwave Circularity,INSUFFICIENT_DATA,INSUFFICIENT_DATA,">=2 distinct FYs, same metric+unit+currency; n_obs=0",INSUFFICIENT_DATA,,INSUFFICIENT_DATA,products=0;tech=1,1,LOW,2,directions from grouped comparable FY series only; profitability basis=INSUFFICIENT_DATA
S0236,Shortgun Games,INSUFFICIENT_DATA,INSUFFICIENT_DATA,">=2 distinct FYs, same metric+unit+currency; n_obs=0",INSUFFICIENT_DATA,,EVIDENCE_PRESENT,products=0;tech=1,0,LOW,3,directions from grouped comparable FY series only; profitability basis=INSUFFICIENT_DATA
S0237,Uolo,MULTI-ROUND (dated events; direction not inferred),INSUFFICIENT_DATA,">=2 distinct FYs, same metric+unit+currency; n_obs=1",INSUFFICIENT_DATA,,INSUFFICIENT_DATA,products=0;tech=2,0,MEDIUM,5,directions from grouped comparable FY series only; profitability basis=INSUFFICIENT_DATA
S0238,AgroStar,MULTI-ROUND (dated events; direction not inferred),UP,">=2 distinct FYs, same metric+unit+currency; n_obs=2",LOSS-MAKING,2025,INSUFFICIENT_DATA,products=8;tech=1,8,HIGH,24,directions from grouped comparable FY series only; profitability basis=LOSS-MAKING
S0239,30 Sundays,MULTI-ROUND (dated events; direction not inferred),INSUFFICIENT_DATA,">=2 distinct FYs, same metric+unit+currency; n_obs=0",INSUFFICIENT_DATA,,INSUFFICIENT_DATA,products=1;tech=0,0,LOW,3,directions from grouped comparable FY series only; profitability basis=INSUFFICIENT_DATA
S0240,Intellend Technologies Advisors,INSUFFICIENT_DATA,INSUFFICIENT_DATA,">=2 distinct FYs, same metric+unit+currency; n_obs=0",INSUFFICIENT_DATA,,INSUFFICIENT_DATA,products=1;tech=0,0,LOW,2,directions from grouped comparable FY series only; profitability basis=INSUFFICIENT_DATA
S0241,Arya.ag (Arya),MULTI-ROUND (dated events; direction not inferred),INSUFFICIENT_DATA,">=2 distinct FYs, same metric+unit+currency; n_obs=2",PROFITABLE,2026,INSUFFICIENT_DATA,products=5;tech=0,7,HIGH,17,directions from grouped comparable FY series only; profitability basis=PROFITABLE
S0242,Hubilo,INSUFFICIENT_DATA,INSUFFICIENT_DATA,">=2 distinct FYs, same metric+unit+currency; n_obs=1",INSUFFICIENT_DATA,,INSUFFICIENT_DATA,products=1;tech=0,1,LOW,3,directions from grouped comparable FY series only; profitability basis=INSUFFICIENT_DATA
S0243,ProFound (profound),INSUFFICIENT_DATA,INSUFFICIENT_DATA,">=2 distinct FYs, same metric+unit+currency; n_obs=0",INSUFFICIENT_DATA,,INSUFFICIENT_DATA,products=1;tech=0,0,LOW,2,directions from grouped comparable FY series only; profitability basis=INSUFFICIENT_DATA
S0244,Renee Cosmetics,INSUFFICIENT_DATA,INSUFFICIENT_DATA,">=2 distinct FYs, same metric+unit+currency; n_obs=0",INSUFFICIENT_DATA,,INSUFFICIENT_DATA,INSUFFICIENT_DATA,0,LOW,1,directions from grouped comparable FY series only; profitability basis=INSUFFICIENT_DATA
S0245,Vini Cosmetics (Fogg),INSUFFICIENT_DATA,INSUFFICIENT_DATA,">=2 distinct FYs, same metric+unit+currency; n_obs=0",INSUFFICIENT_DATA,,INSUFFICIENT_DATA,INSUFFICIENT_DATA,0,LOW,0,directions from grouped comparable FY series only; profitability basis=INSUFFICIENT_DATA
S0246,Vecton AI,INSUFFICIENT_DATA,INSUFFICIENT_DATA,">=2 distinct FYs, same metric+unit+currency; n_obs=1",INSUFFICIENT_DATA,,INSUFFICIENT_DATA,products=7;tech=0,0,HIGH,10,directions from grouped comparable FY series only; profitability basis=INSUFFICIENT_DATA
S0247,Dialflo,INSUFFICIENT_DATA,INSUFFICIENT_DATA,">=2 distinct FYs, same metric+unit+currency; n_obs=0",INSUFFICIENT_DATA,,INSUFFICIENT_DATA,INSUFFICIENT_DATA,0,LOW,1,directions from grouped comparable FY series only; profitability basis=INSUFFICIENT_DATA
S0248,Ammunic Systems,MULTI-ROUND (dated events; direction not inferred),INSUFFICIENT_DATA,">=2 distinct FYs, same metric+unit+currency; n_obs=3",INSUFFICIENT_DATA,,INSUFFICIENT_DATA,products=6;tech=0,2,HIGH,12,directions from grouped comparable FY series only; profitability basis=INSUFFICIENT_DATA
S0249,ANS Commerce,INSUFFICIENT_DATA,INSUFFICIENT_DATA,">=2 distinct FYs, same metric+unit+currency; n_obs=0",INSUFFICIENT_DATA,,INSUFFICIENT_DATA,INSUFFICIENT_DATA,0,LOW,0,directions from grouped comparable FY series only; profitability basis=INSUFFICIENT_DATA
S0250,BharatGPT/Hanooman (Reliance+IIT-Bombay),INSUFFICIENT_DATA,INSUFFICIENT_DATA,">=2 distinct FYs, same metric+unit+currency; n_obs=0",INSUFFICIENT_DATA,,INSUFFICIENT_DATA,INSUFFICIENT_DATA,0,LOW,0,directions from grouped comparable FY series only; profitability basis=INSUFFICIENT_DATA
S0251,Cellogen Therapeutics,INSUFFICIENT_DATA,INSUFFICIENT_DATA,">=2 distinct FYs, same metric+unit+currency; n_obs=0",INSUFFICIENT_DATA,,INSUFFICIENT_DATA,INSUFFICIENT_DATA,0,LOW,1,directions from grouped comparable FY series only; profitability basis=INSUFFICIENT_DATA
S0252,Morphing Machines,INSUFFICIENT_DATA,INSUFFICIENT_DATA,">=2 distinct FYs, same metric+unit+currency; n_obs=0",INSUFFICIENT_DATA,,INSUFFICIENT_DATA,INSUFFICIENT_DATA,0,LOW,1,directions from grouped comparable FY series only; profitability basis=INSUFFICIENT_DATA
S0253,NeuroPixel.AI,INSUFFICIENT_DATA,INSUFFICIENT_DATA,">=2 distinct FYs, same metric+unit+currency; n_obs=0",INSUFFICIENT_DATA,,INSUFFICIENT_DATA,INSUFFICIENT_DATA,0,LOW,0,directions from grouped comparable FY series only; profitability basis=INSUFFICIENT_DATA
S0254,Niro,INSUFFICIENT_DATA,INSUFFICIENT_DATA,">=2 distinct FYs, same metric+unit+currency; n_obs=0",INSUFFICIENT_DATA,,INSUFFICIENT_DATA,INSUFFICIENT_DATA,0,LOW,0,directions from grouped comparable FY series only; profitability basis=INSUFFICIENT_DATA
S0255,Niyo,MULTI-ROUND (dated events; direction not inferred),UP,">=2 distinct FYs, same metric+unit+currency; n_obs=2",LOSS-MAKING,2025,INSUFFICIENT_DATA,products=6;tech=0,7,HIGH,16,directions from grouped comparable FY series only; profitability basis=LOSS-MAKING
S0256,SatSure,MULTI-ROUND (dated events; direction not inferred),UP,">=2 distinct FYs, same metric+unit+currency; n_obs=2",INSUFFICIENT_DATA,,INSUFFICIENT_DATA,products=7;tech=0,5,HIGH,18,directions from grouped comparable FY series only; profitability basis=INSUFFICIENT_DATA
S0257,Simpl,INSUFFICIENT_DATA,INSUFFICIENT_DATA,">=2 distinct FYs, same metric+unit+currency; n_obs=0",INSUFFICIENT_DATA,,INSUFFICIENT_DATA,INSUFFICIENT_DATA,0,LOW,0,directions from grouped comparable FY series only; profitability basis=INSUFFICIENT_DATA
S0258,VerSe Innovation,MULTI-ROUND (dated events; direction not inferred),UP,">=2 distinct FYs, same metric+unit+currency; n_obs=2",PROFITABLE,2023,INSUFFICIENT_DATA,products=9;tech=0,10,HIGH,19,directions from grouped comparable FY series only; profitability basis=PROFITABLE
S0259,Wow! Momo,INSUFFICIENT_DATA,INSUFFICIENT_DATA,">=2 distinct FYs, same metric+unit+currency; n_obs=0",INSUFFICIENT_DATA,,INSUFFICIENT_DATA,INSUFFICIENT_DATA,0,LOW,2,directions from grouped comparable FY series only; profitability basis=INSUFFICIENT_DATA
S0260,ARC,INSUFFICIENT_DATA,INSUFFICIENT_DATA,">=2 distinct FYs, same metric+unit+currency; n_obs=0",INSUFFICIENT_DATA,,INSUFFICIENT_DATA,INSUFFICIENT_DATA,0,LOW,1,directions from grouped comparable FY series only; profitability basis=INSUFFICIENT_DATA
S0261,InstaAstro,INSUFFICIENT_DATA,INSUFFICIENT_DATA,">=2 distinct FYs, same metric+unit+currency; n_obs=0",INSUFFICIENT_DATA,,INSUFFICIENT_DATA,INSUFFICIENT_DATA,0,LOW,1,directions from grouped comparable FY series only; profitability basis=INSUFFICIENT_DATA
S0262,Iztri,INSUFFICIENT_DATA,INSUFFICIENT_DATA,">=2 distinct FYs, same metric+unit+currency; n_obs=0",INSUFFICIENT_DATA,,INSUFFICIENT_DATA,INSUFFICIENT_DATA,0,LOW,1,directions from grouped comparable FY series only; profitability basis=INSUFFICIENT_DATA
S0263,Qila Games,INSUFFICIENT_DATA,INSUFFICIENT_DATA,">=2 distinct FYs, same metric+unit+currency; n_obs=0",INSUFFICIENT_DATA,,INSUFFICIENT_DATA,INSUFFICIENT_DATA,0,LOW,1,directions from grouped comparable FY series only; profitability basis=INSUFFICIENT_DATA
S0264,Sasta Sundar,MULTI-ROUND (dated events; direction not inferred),INSUFFICIENT_DATA,">=2 distinct FYs, same metric+unit+currency; n_obs=0",INSUFFICIENT_DATA,,INSUFFICIENT_DATA,INSUFFICIENT_DATA,0,LOW,2,directions from grouped comparable FY series only; profitability basis=INSUFFICIENT_DATA
S0265,Astrotalk,MULTI-ROUND (dated events; direction not inferred),INSUFFICIENT_DATA,">=2 distinct FYs, same metric+unit+currency; n_obs=0",INSUFFICIENT_DATA,,INSUFFICIENT_DATA,INSUFFICIENT_DATA,0,LOW,2,directions from grouped comparable FY series only; profitability basis=INSUFFICIENT_DATA
S0266,CarDekho (GirnarSoft),MULTI-ROUND (dated events; direction not inferred),INSUFFICIENT_DATA,">=2 distinct FYs, same metric+unit+currency; n_obs=0",INSUFFICIENT_DATA,,INSUFFICIENT_DATA,INSUFFICIENT_DATA,0,LOW,2,directions from grouped comparable FY series only; profitability basis=INSUFFICIENT_DATA
S0267,SagarDefence Engineering,MULTI-ROUND (dated events; direction not inferred),INSUFFICIENT_DATA,">=2 distinct FYs, same metric+unit+currency; n_obs=0",INSUFFICIENT_DATA,,INSUFFICIENT_DATA,INSUFFICIENT_DATA,0,LOW,2,directions from grouped comparable FY series only; profitability basis=INSUFFICIENT_DATA
S0268,InRisk Labs (EarthRe),MULTI-ROUND (dated events; direction not inferred),INSUFFICIENT_DATA,">=2 distinct FYs, same metric+unit+currency; n_obs=0",INSUFFICIENT_DATA,,INSUFFICIENT_DATA,INSUFFICIENT_DATA,0,LOW,2,directions from grouped comparable FY series only; profitability basis=INSUFFICIENT_DATA
S0269,Videonetics,MULTI-ROUND (dated events; direction not inferred),INSUFFICIENT_DATA,">=2 distinct FYs, same metric+unit+currency; n_obs=0",INSUFFICIENT_DATA,,INSUFFICIENT_DATA,INSUFFICIENT_DATA,0,LOW,2,directions from grouped comparable FY series only; profitability basis=INSUFFICIENT_DATA
S0270,Drivn (DRIVN),MULTI-ROUND (dated events; direction not inferred),INSUFFICIENT_DATA,">=2 distinct FYs, same metric+unit+currency; n_obs=0",INSUFFICIENT_DATA,,INSUFFICIENT_DATA,INSUFFICIENT_DATA,0,LOW,2,directions from grouped comparable FY series only; profitability basis=INSUFFICIENT_DATA
S0271,Turtlemint,MULTI-ROUND (dated events; direction not inferred),INSUFFICIENT_DATA,">=2 distinct FYs, same metric+unit+currency; n_obs=0",INSUFFICIENT_DATA,,INSUFFICIENT_DATA,INSUFFICIENT_DATA,0,LOW,2,directions from grouped comparable FY series only; profitability basis=INSUFFICIENT_DATA
S0272,ValuEnable,MULTI-ROUND (dated events; direction not inferred),INSUFFICIENT_DATA,">=2 distinct FYs, same metric+unit+currency; n_obs=0",INSUFFICIENT_DATA,,INSUFFICIENT_DATA,INSUFFICIENT_DATA,0,LOW,2,directions from grouped comparable FY series only; profitability basis=INSUFFICIENT_DATA
S0273,Wellbeing Nutrition,INSUFFICIENT_DATA,INSUFFICIENT_DATA,">=2 distinct FYs, same metric+unit+currency; n_obs=0",INSUFFICIENT_DATA,,INSUFFICIENT_DATA,INSUFFICIENT_DATA,0,LOW,1,directions from grouped comparable FY series only; profitability basis=INSUFFICIENT_DATA
S0274,Alt Carbon,INSUFFICIENT_DATA,INSUFFICIENT_DATA,">=2 distinct FYs, same metric+unit+currency; n_obs=0",INSUFFICIENT_DATA,,INSUFFICIENT_DATA,INSUFFICIENT_DATA,0,LOW,1,directions from grouped comparable FY series only; profitability basis=INSUFFICIENT_DATA
S0275,Alphadroid,INSUFFICIENT_DATA,INSUFFICIENT_DATA,">=2 distinct FYs, same metric+unit+currency; n_obs=0",INSUFFICIENT_DATA,,INSUFFICIENT_DATA,INSUFFICIENT_DATA,0,LOW,1,directions from grouped comparable FY series only; profitability basis=INSUFFICIENT_DATA
S0276,Minfy Technologies,INSUFFICIENT_DATA,INSUFFICIENT_DATA,">=2 distinct FYs, same metric+unit+currency; n_obs=0",INSUFFICIENT_DATA,,INSUFFICIENT_DATA,INSUFFICIENT_DATA,0,LOW,0,directions from grouped comparable FY series only; profitability basis=INSUFFICIENT_DATA
S0277,Celebal Technologies,INSUFFICIENT_DATA,INSUFFICIENT_DATA,">=2 distinct FYs, same metric+unit+currency; n_obs=0",INSUFFICIENT_DATA,,INSUFFICIENT_DATA,INSUFFICIENT_DATA,0,LOW,2,directions from grouped comparable FY series only; profitability basis=INSUFFICIENT_DATA
S0278,Tonbo Imaging,MULTI-ROUND (dated events; direction not inferred),UP,">=2 distinct FYs, same metric+unit+currency; n_obs=2",PROFITABLE,2026,INSUFFICIENT_DATA,products=10;tech=0,8,HIGH,20,directions from grouped comparable FY series only; profitability basis=PROFITABLE
S0279,DigitalPaani,INSUFFICIENT_DATA,INSUFFICIENT_DATA,">=2 distinct FYs, same metric+unit+currency; n_obs=0",INSUFFICIENT_DATA,,INSUFFICIENT_DATA,INSUFFICIENT_DATA,0,LOW,1,directions from grouped comparable FY series only; profitability basis=INSUFFICIENT_DATA
S0280,Yuma Energy,INSUFFICIENT_DATA,INSUFFICIENT_DATA,">=2 distinct FYs, same metric+unit+currency; n_obs=0",PROFITABLE,2025,INSUFFICIENT_DATA,products=6;tech=0,3,MEDIUM,8,directions from grouped comparable FY series only; profitability basis=PROFITABLE
S0281,Solinas Integrity,INSUFFICIENT_DATA,INSUFFICIENT_DATA,">=2 distinct FYs, same metric+unit+currency; n_obs=0",INSUFFICIENT_DATA,,INSUFFICIENT_DATA,INSUFFICIENT_DATA,0,LOW,0,directions from grouped comparable FY series only; profitability basis=INSUFFICIENT_DATA
S0282,Covrzy,INSUFFICIENT_DATA,INSUFFICIENT_DATA,">=2 distinct FYs, same metric+unit+currency; n_obs=0",INSUFFICIENT_DATA,,INSUFFICIENT_DATA,INSUFFICIENT_DATA,0,LOW,0,directions from grouped comparable FY series only; profitability basis=INSUFFICIENT_DATA
S0283,IndiQube,MULTI-ROUND (dated events; direction not inferred),UP,">=2 distinct FYs, same metric+unit+currency; n_obs=2",PROFITABLE,2026,INSUFFICIENT_DATA,products=6;tech=0,2,HIGH,14,directions from grouped comparable FY series only; profitability basis=PROFITABLE
S0284,Smartworks,INSUFFICIENT_DATA,INSUFFICIENT_DATA,">=2 distinct FYs, same metric+unit+currency; n_obs=2",LOSS-MAKING,2025,INSUFFICIENT_DATA,INSUFFICIENT_DATA,0,MEDIUM,5,directions from grouped comparable FY series only; profitability basis=LOSS-MAKING
S0285,Amnex Infotechnologies (Amnex),INSUFFICIENT_DATA,INSUFFICIENT_DATA,">=2 distinct FYs, same metric+unit+currency; n_obs=0",INSUFFICIENT_DATA,,INSUFFICIENT_DATA,INSUFFICIENT_DATA,0,LOW,1,directions from grouped comparable FY series only; profitability basis=INSUFFICIENT_DATA
S0286,MakeMyTrip,MULTI-ROUND (dated events; direction not inferred),INSUFFICIENT_DATA,">=2 distinct FYs, same metric+unit+currency; n_obs=0",INSUFFICIENT_DATA,,INSUFFICIENT_DATA,INSUFFICIENT_DATA,0,LOW,2,directions from grouped comparable FY series only; profitability basis=INSUFFICIENT_DATA
S0287,Spinny,MULTI-ROUND (dated events; direction not inferred),INSUFFICIENT_DATA,">=2 distinct FYs, same metric+unit+currency; n_obs=1",LOSS-MAKING,2025,INSUFFICIENT_DATA,INSUFFICIENT_DATA,0,MEDIUM,5,directions from grouped comparable FY series only; profitability basis=LOSS-MAKING
S0288,Traqo,INSUFFICIENT_DATA,INSUFFICIENT_DATA,">=2 distinct FYs, same metric+unit+currency; n_obs=1",INSUFFICIENT_DATA,,INSUFFICIENT_DATA,INSUFFICIENT_DATA,0,LOW,2,directions from grouped comparable FY series only; profitability basis=INSUFFICIENT_DATA
S0289,Trevel,INSUFFICIENT_DATA,INSUFFICIENT_DATA,">=2 distinct FYs, same metric+unit+currency; n_obs=0",INSUFFICIENT_DATA,,INSUFFICIENT_DATA,INSUFFICIENT_DATA,0,LOW,1,directions from grouped comparable FY series only; profitability basis=INSUFFICIENT_DATA
S0290,Runable,MULTI-ROUND (dated events; direction not inferred),INSUFFICIENT_DATA,">=2 distinct FYs, same metric+unit+currency; n_obs=0",INSUFFICIENT_DATA,,INSUFFICIENT_DATA,products=4;tech=0,5,MEDIUM,6,directions from grouped comparable FY series only; profitability basis=INSUFFICIENT_DATA
S0291,GreenLine,INSUFFICIENT_DATA,INSUFFICIENT_DATA,">=2 distinct FYs, same metric+unit+currency; n_obs=0",INSUFFICIENT_DATA,,INSUFFICIENT_DATA,INSUFFICIENT_DATA,0,LOW,2,directions from grouped comparable FY series only; profitability basis=INSUFFICIENT_DATA
S0292,IDfy,MULTI-ROUND (dated events; direction not inferred),INSUFFICIENT_DATA,">=2 distinct FYs, same metric+unit+currency; n_obs=1",LOSS-MAKING,2024,INSUFFICIENT_DATA,INSUFFICIENT_DATA,0,MEDIUM,4,directions from grouped comparable FY series only; profitability basis=LOSS-MAKING
S0293,QWEEN,MULTI-ROUND (dated events; direction not inferred),INSUFFICIENT_DATA,">=2 distinct FYs, same metric+unit+currency; n_obs=0",INSUFFICIENT_DATA,,INSUFFICIENT_DATA,INSUFFICIENT_DATA,0,LOW,3,directions from grouped comparable FY series only; profitability basis=INSUFFICIENT_DATA
S0294,The Whole Truth,INSUFFICIENT_DATA,INSUFFICIENT_DATA,">=2 distinct FYs, same metric+unit+currency; n_obs=0",INSUFFICIENT_DATA,,INSUFFICIENT_DATA,INSUFFICIENT_DATA,0,LOW,0,directions from grouped comparable FY series only; profitability basis=INSUFFICIENT_DATA
S0295,WinZO,INSUFFICIENT_DATA,INSUFFICIENT_DATA,">=2 distinct FYs, same metric+unit+currency; n_obs=0",INSUFFICIENT_DATA,,INSUFFICIENT_DATA,INSUFFICIENT_DATA,0,LOW,0,directions from grouped comparable FY series only; profitability basis=INSUFFICIENT_DATA
S0296,Nestasia,MULTI-ROUND (dated events; direction not inferred),UP,">=2 distinct FYs, same metric+unit+currency; n_obs=2",LOSS-MAKING,2025,INSUFFICIENT_DATA,products=10;tech=0,5,HIGH,16,directions from grouped comparable FY series only; profitability basis=LOSS-MAKING
S0297,Zettaone,INSUFFICIENT_DATA,INSUFFICIENT_DATA,">=2 distinct FYs, same metric+unit+currency; n_obs=0",INSUFFICIENT_DATA,,INSUFFICIENT_DATA,INSUFFICIENT_DATA,0,LOW,0,directions from grouped comparable FY series only; profitability basis=INSUFFICIENT_DATA
S0298,Landeed,MULTI-ROUND (dated events; direction not inferred),INSUFFICIENT_DATA,">=2 distinct FYs, same metric+unit+currency; n_obs=0",INSUFFICIENT_DATA,,INSUFFICIENT_DATA,INSUFFICIENT_DATA,0,LOW,2,directions from grouped comparable FY series only; profitability basis=INSUFFICIENT_DATA
S0299,Milky Mist,INSUFFICIENT_DATA,INSUFFICIENT_DATA,">=2 distinct FYs, same metric+unit+currency; n_obs=0",INSUFFICIENT_DATA,,INSUFFICIENT_DATA,INSUFFICIENT_DATA,0,LOW,1,directions from grouped comparable FY series only; profitability basis=INSUFFICIENT_DATA
S0300,QuickShift,INSUFFICIENT_DATA,INSUFFICIENT_DATA,">=2 distinct FYs, same metric+unit+currency; n_obs=0",INSUFFICIENT_DATA,,INSUFFICIENT_DATA,INSUFFICIENT_DATA,1,LOW,1,directions from grouped comparable FY series only; profitability basis=INSUFFICIENT_DATA
S0301,Atlan,INSUFFICIENT_DATA,INSUFFICIENT_DATA,">=2 distinct FYs, same metric+unit+currency; n_obs=0",INSUFFICIENT_DATA,,INSUFFICIENT_DATA,INSUFFICIENT_DATA,0,LOW,1,directions from grouped comparable FY series only; profitability basis=INSUFFICIENT_DATA
S0302,CHOSEN (skin/hair),INSUFFICIENT_DATA,INSUFFICIENT_DATA,">=2 distinct FYs, same metric+unit+currency; n_obs=0",INSUFFICIENT_DATA,,INSUFFICIENT_DATA,INSUFFICIENT_DATA,0,LOW,1,directions from grouped comparable FY series only; profitability basis=INSUFFICIENT_DATA
S0303,Big Mishra,INSUFFICIENT_DATA,UP,">=2 distinct FYs, same metric+unit+currency; n_obs=2",INSUFFICIENT_DATA,,INSUFFICIENT_DATA,INSUFFICIENT_DATA,0,LOW,3,directions from grouped comparable FY series only; profitability basis=INSUFFICIENT_DATA
S0304,Centricity,INSUFFICIENT_DATA,INSUFFICIENT_DATA,">=2 distinct FYs, same metric+unit+currency; n_obs=0",INSUFFICIENT_DATA,,INSUFFICIENT_DATA,INSUFFICIENT_DATA,0,LOW,1,directions from grouped comparable FY series only; profitability basis=INSUFFICIENT_DATA
S0305,Graph AI,MULTI-ROUND (dated events; direction not inferred),INSUFFICIENT_DATA,">=2 distinct FYs, same metric+unit+currency; n_obs=1",INSUFFICIENT_DATA,,INSUFFICIENT_DATA,products=4;tech=0,0,MEDIUM,7,directions from grouped comparable FY series only; profitability basis=INSUFFICIENT_DATA
S0306,GROWiT India,INSUFFICIENT_DATA,INSUFFICIENT_DATA,">=2 distinct FYs, same metric+unit+currency; n_obs=1",INSUFFICIENT_DATA,,INSUFFICIENT_DATA,INSUFFICIENT_DATA,0,LOW,2,directions from grouped comparable FY series only; profitability basis=INSUFFICIENT_DATA
S0307,Mindgrove Technologies,INSUFFICIENT_DATA,INSUFFICIENT_DATA,">=2 distinct FYs, same metric+unit+currency; n_obs=0",INSUFFICIENT_DATA,,INSUFFICIENT_DATA,products=5;tech=0,4,MEDIUM,7,directions from grouped comparable FY series only; profitability basis=INSUFFICIENT_DATA
S0308,NeoGeo,INSUFFICIENT_DATA,INSUFFICIENT_DATA,">=2 distinct FYs, same metric+unit+currency; n_obs=0",INSUFFICIENT_DATA,,INSUFFICIENT_DATA,INSUFFICIENT_DATA,0,LOW,1,directions from grouped comparable FY series only; profitability basis=INSUFFICIENT_DATA
S0309,Kepler Aerospace,INSUFFICIENT_DATA,INSUFFICIENT_DATA,">=2 distinct FYs, same metric+unit+currency; n_obs=1",INSUFFICIENT_DATA,,INSUFFICIENT_DATA,products=5;tech=0,3,MEDIUM,7,directions from grouped comparable FY series only; profitability basis=INSUFFICIENT_DATA
S0310,CARS24,MULTI-ROUND (dated events; direction not inferred),DOWN,">=2 distinct FYs, same metric+unit+currency; n_obs=2",INSUFFICIENT_DATA,,EVIDENCE_PRESENT,products=6;tech=0,5,HIGH,17,directions from grouped comparable FY series only; profitability basis=INSUFFICIENT_DATA
S0311,DealShare,INSUFFICIENT_DATA,INSUFFICIENT_DATA,">=2 distinct FYs, same metric+unit+currency; n_obs=0",INSUFFICIENT_DATA,,INSUFFICIENT_DATA,INSUFFICIENT_DATA,0,LOW,0,directions from grouped comparable FY series only; profitability basis=INSUFFICIENT_DATA
S0312,Chakr Innovation,INSUFFICIENT_DATA,INSUFFICIENT_DATA,">=2 distinct FYs, same metric+unit+currency; n_obs=0",INSUFFICIENT_DATA,,INSUFFICIENT_DATA,INSUFFICIENT_DATA,0,LOW,1,directions from grouped comparable FY series only; profitability basis=INSUFFICIENT_DATA
S0313,Dhruva Space,INSUFFICIENT_DATA,INSUFFICIENT_DATA,">=2 distinct FYs, same metric+unit+currency; n_obs=0",INSUFFICIENT_DATA,,INSUFFICIENT_DATA,INSUFFICIENT_DATA,0,LOW,1,directions from grouped comparable FY series only; profitability basis=INSUFFICIENT_DATA
S0314,Nawgati,INSUFFICIENT_DATA,INSUFFICIENT_DATA,">=2 distinct FYs, same metric+unit+currency; n_obs=0",INSUFFICIENT_DATA,,INSUFFICIENT_DATA,INSUFFICIENT_DATA,0,LOW,2,directions from grouped comparable FY series only; profitability basis=INSUFFICIENT_DATA
S0315,Zaggle,INSUFFICIENT_DATA,INSUFFICIENT_DATA,">=2 distinct FYs, same metric+unit+currency; n_obs=0",INSUFFICIENT_DATA,,INSUFFICIENT_DATA,INSUFFICIENT_DATA,0,LOW,1,directions from grouped comparable FY series only; profitability basis=INSUFFICIENT_DATA
S0316,R for Rabbit,MULTI-ROUND (dated events; direction not inferred),INSUFFICIENT_DATA,">=2 distinct FYs, same metric+unit+currency; n_obs=1",PROFITABLE,2024,INSUFFICIENT_DATA,products=6;tech=0,5,HIGH,14,directions from grouped comparable FY series only; profitability basis=PROFITABLE
S0317,BharatAgri,INSUFFICIENT_DATA,INSUFFICIENT_DATA,">=2 distinct FYs, same metric+unit+currency; n_obs=0",INSUFFICIENT_DATA,,INSUFFICIENT_DATA,INSUFFICIENT_DATA,0,LOW,0,directions from grouped comparable FY series only; profitability basis=INSUFFICIENT_DATA
S0318,BluSmart,INSUFFICIENT_DATA,INSUFFICIENT_DATA,">=2 distinct FYs, same metric+unit+currency; n_obs=0",INSUFFICIENT_DATA,,INSUFFICIENT_DATA,INSUFFICIENT_DATA,0,LOW,0,directions from grouped comparable FY series only; profitability basis=INSUFFICIENT_DATA
S0319,Yantra Packs,INSUFFICIENT_DATA,INSUFFICIENT_DATA,">=2 distinct FYs, same metric+unit+currency; n_obs=0",INSUFFICIENT_DATA,,INSUFFICIENT_DATA,INSUFFICIENT_DATA,0,LOW,1,directions from grouped comparable FY series only; profitability basis=INSUFFICIENT_DATA
S0320,Cradlewise,MULTI-ROUND (dated events; direction not inferred),INSUFFICIENT_DATA,">=2 distinct FYs, same metric+unit+currency; n_obs=1",INSUFFICIENT_DATA,,INSUFFICIENT_DATA,products=3;tech=0,4,MEDIUM,9,directions from grouped comparable FY series only; profitability basis=INSUFFICIENT_DATA
S0321,Jaipur Robotics,INSUFFICIENT_DATA,INSUFFICIENT_DATA,">=2 distinct FYs, same metric+unit+currency; n_obs=0",INSUFFICIENT_DATA,,INSUFFICIENT_DATA,INSUFFICIENT_DATA,0,LOW,1,directions from grouped comparable FY series only; profitability basis=INSUFFICIENT_DATA
S0322,InsuranceDekho,MULTI-ROUND (dated events; direction not inferred),UP,">=2 distinct FYs, same metric+unit+currency; n_obs=2",LOSS-MAKING,2025,INSUFFICIENT_DATA,products=8;tech=0,3,HIGH,18,directions from grouped comparable FY series only; profitability basis=LOSS-MAKING
S0323,MOPP Foods (Moppfoods),INSUFFICIENT_DATA,INSUFFICIENT_DATA,">=2 distinct FYs, same metric+unit+currency; n_obs=0",INSUFFICIENT_DATA,,INSUFFICIENT_DATA,INSUFFICIENT_DATA,0,LOW,1,directions from grouped comparable FY series only; profitability basis=INSUFFICIENT_DATA
S0324,RenewBuy,INSUFFICIENT_DATA,INSUFFICIENT_DATA,">=2 distinct FYs, same metric+unit+currency; n_obs=0",INSUFFICIENT_DATA,,INSUFFICIENT_DATA,INSUFFICIENT_DATA,0,LOW,0,directions from grouped comparable FY series only; profitability basis=INSUFFICIENT_DATA
S0325,Yubi,INSUFFICIENT_DATA,INSUFFICIENT_DATA,">=2 distinct FYs, same metric+unit+currency; n_obs=0",INSUFFICIENT_DATA,,INSUFFICIENT_DATA,INSUFFICIENT_DATA,0,LOW,2,directions from grouped comparable FY series only; profitability basis=INSUFFICIENT_DATA
S0326,Guickly,INSUFFICIENT_DATA,INSUFFICIENT_DATA,">=2 distinct FYs, same metric+unit+currency; n_obs=0",INSUFFICIENT_DATA,,INSUFFICIENT_DATA,INSUFFICIENT_DATA,0,LOW,2,directions from grouped comparable FY series only; profitability basis=INSUFFICIENT_DATA
S0327,Zoplar,INSUFFICIENT_DATA,INSUFFICIENT_DATA,">=2 distinct FYs, same metric+unit+currency; n_obs=0",INSUFFICIENT_DATA,,INSUFFICIENT_DATA,INSUFFICIENT_DATA,0,LOW,0,directions from grouped comparable FY series only; profitability basis=INSUFFICIENT_DATA
S0328,Navata Supply Chain Solutions,INSUFFICIENT_DATA,INSUFFICIENT_DATA,">=2 distinct FYs, same metric+unit+currency; n_obs=0",INSUFFICIENT_DATA,,INSUFFICIENT_DATA,INSUFFICIENT_DATA,0,LOW,2,directions from grouped comparable FY series only; profitability basis=INSUFFICIENT_DATA
S0329,Astra,INSUFFICIENT_DATA,INSUFFICIENT_DATA,">=2 distinct FYs, same metric+unit+currency; n_obs=0",INSUFFICIENT_DATA,,INSUFFICIENT_DATA,INSUFFICIENT_DATA,0,LOW,0,directions from grouped comparable FY series only; profitability basis=INSUFFICIENT_DATA
S0330,mPokket,INSUFFICIENT_DATA,INSUFFICIENT_DATA,">=2 distinct FYs, same metric+unit+currency; n_obs=0",INSUFFICIENT_DATA,,INSUFFICIENT_DATA,INSUFFICIENT_DATA,0,LOW,1,directions from grouped comparable FY series only; profitability basis=INSUFFICIENT_DATA
S0331,StockEdge/Kredent,INSUFFICIENT_DATA,INSUFFICIENT_DATA,">=2 distinct FYs, same metric+unit+currency; n_obs=0",INSUFFICIENT_DATA,,INSUFFICIENT_DATA,INSUFFICIENT_DATA,0,LOW,1,directions from grouped comparable FY series only; profitability basis=INSUFFICIENT_DATA
S0332,EyeROV,INSUFFICIENT_DATA,INSUFFICIENT_DATA,">=2 distinct FYs, same metric+unit+currency; n_obs=0",INSUFFICIENT_DATA,,INSUFFICIENT_DATA,INSUFFICIENT_DATA,0,LOW,2,directions from grouped comparable FY series only; profitability basis=INSUFFICIENT_DATA
S0333,iHub Robotics,INSUFFICIENT_DATA,INSUFFICIENT_DATA,">=2 distinct FYs, same metric+unit+currency; n_obs=0",INSUFFICIENT_DATA,,INSUFFICIENT_DATA,products=1;tech=0,0,LOW,2,directions from grouped comparable FY series only; profitability basis=INSUFFICIENT_DATA
S0334,AU Small Finance Bank,INSUFFICIENT_DATA,INSUFFICIENT_DATA,">=2 distinct FYs, same metric+unit+currency; n_obs=0",INSUFFICIENT_DATA,,INSUFFICIENT_DATA,INSUFFICIENT_DATA,0,LOW,0,directions from grouped comparable FY series only; profitability basis=INSUFFICIENT_DATA
S0335,Climatech Environment,INSUFFICIENT_DATA,INSUFFICIENT_DATA,">=2 distinct FYs, same metric+unit+currency; n_obs=0",INSUFFICIENT_DATA,,INSUFFICIENT_DATA,INSUFFICIENT_DATA,0,LOW,0,directions from grouped comparable FY series only; profitability basis=INSUFFICIENT_DATA
S0336,Finova Capital,INSUFFICIENT_DATA,INSUFFICIENT_DATA,">=2 distinct FYs, same metric+unit+currency; n_obs=0",INSUFFICIENT_DATA,,INSUFFICIENT_DATA,INSUFFICIENT_DATA,0,LOW,0,directions from grouped comparable FY series only; profitability basis=INSUFFICIENT_DATA
S0337,Garuda Aerospace,INSUFFICIENT_DATA,INSUFFICIENT_DATA,">=2 distinct FYs, same metric+unit+currency; n_obs=0",INSUFFICIENT_DATA,,INSUFFICIENT_DATA,INSUFFICIENT_DATA,0,LOW,0,directions from grouped comparable FY series only; profitability basis=INSUFFICIENT_DATA
S0338,Hisabkitab,INSUFFICIENT_DATA,INSUFFICIENT_DATA,">=2 distinct FYs, same metric+unit+currency; n_obs=0",INSUFFICIENT_DATA,,INSUFFICIENT_DATA,products=0;tech=4,0,MEDIUM,5,directions from grouped comparable FY series only; profitability basis=INSUFFICIENT_DATA
S0339,Pickkup,INSUFFICIENT_DATA,INSUFFICIENT_DATA,">=2 distinct FYs, same metric+unit+currency; n_obs=0",INSUFFICIENT_DATA,,INSUFFICIENT_DATA,products=0;tech=4,0,MEDIUM,5,directions from grouped comparable FY series only; profitability basis=INSUFFICIENT_DATA
S0340,ShopKirana,MULTI-ROUND (dated events; direction not inferred),INSUFFICIENT_DATA,">=2 distinct FYs, same metric+unit+currency; n_obs=0",INSUFFICIENT_DATA,,INSUFFICIENT_DATA,products=0;tech=4,0,MEDIUM,7,directions from grouped comparable FY series only; profitability basis=INSUFFICIENT_DATA
S0341,Theater,MULTI-ROUND (dated events; direction not inferred),INSUFFICIENT_DATA,">=2 distinct FYs, same metric+unit+currency; n_obs=0",INSUFFICIENT_DATA,,INSUFFICIENT_DATA,products=0;tech=4,0,MEDIUM,6,directions from grouped comparable FY series only; profitability basis=INSUFFICIENT_DATA
S0342,Advaita Interactive,INSUFFICIENT_DATA,INSUFFICIENT_DATA,">=2 distinct FYs, same metric+unit+currency; n_obs=0",INSUFFICIENT_DATA,,INSUFFICIENT_DATA,INSUFFICIENT_DATA,0,LOW,0,directions from grouped comparable FY series only; profitability basis=INSUFFICIENT_DATA
S0343,Lissun,INSUFFICIENT_DATA,INSUFFICIENT_DATA,">=2 distinct FYs, same metric+unit+currency; n_obs=0",INSUFFICIENT_DATA,,INSUFFICIENT_DATA,products=0;tech=2,0,MEDIUM,4,directions from grouped comparable FY series only; profitability basis=INSUFFICIENT_DATA
S0344,Aeron Systems,INSUFFICIENT_DATA,INSUFFICIENT_DATA,">=2 distinct FYs, same metric+unit+currency; n_obs=0",INSUFFICIENT_DATA,,INSUFFICIENT_DATA,products=0;tech=3,0,MEDIUM,4,directions from grouped comparable FY series only; profitability basis=INSUFFICIENT_DATA
S0345,Alle,INSUFFICIENT_DATA,INSUFFICIENT_DATA,">=2 distinct FYs, same metric+unit+currency; n_obs=0",INSUFFICIENT_DATA,,INSUFFICIENT_DATA,products=0;tech=2,0,LOW,3,directions from grouped comparable FY series only; profitability basis=INSUFFICIENT_DATA
S0346,Altigreen,INSUFFICIENT_DATA,INSUFFICIENT_DATA,">=2 distinct FYs, same metric+unit+currency; n_obs=0",INSUFFICIENT_DATA,,INSUFFICIENT_DATA,products=0;tech=1,0,LOW,2,directions from grouped comparable FY series only; profitability basis=INSUFFICIENT_DATA
S0347,Clear (ClearTax),INSUFFICIENT_DATA,INSUFFICIENT_DATA,">=2 distinct FYs, same metric+unit+currency; n_obs=0",INSUFFICIENT_DATA,,EVIDENCE_PRESENT,products=0;tech=3,1,MEDIUM,5,directions from grouped comparable FY series only; profitability basis=INSUFFICIENT_DATA
S0348,Gramophone,INSUFFICIENT_DATA,INSUFFICIENT_DATA,">=2 distinct FYs, same metric+unit+currency; n_obs=0",INSUFFICIENT_DATA,,INSUFFICIENT_DATA,products=0;tech=3,0,LOW,3,directions from grouped comparable FY series only; profitability basis=INSUFFICIENT_DATA
S0349,Indrajaal,INSUFFICIENT_DATA,INSUFFICIENT_DATA,">=2 distinct FYs, same metric+unit+currency; n_obs=0",INSUFFICIENT_DATA,,INSUFFICIENT_DATA,products=1;tech=4,0,MEDIUM,7,directions from grouped comparable FY series only; profitability basis=INSUFFICIENT_DATA
S0350,Leap India,INSUFFICIENT_DATA,INSUFFICIENT_DATA,">=2 distinct FYs, same metric+unit+currency; n_obs=0",INSUFFICIENT_DATA,,INSUFFICIENT_DATA,products=0;tech=3,0,MEDIUM,4,directions from grouped comparable FY series only; profitability basis=INSUFFICIENT_DATA
S0351,Ola Electric,INSUFFICIENT_DATA,INSUFFICIENT_DATA,">=2 distinct FYs, same metric+unit+currency; n_obs=0",INSUFFICIENT_DATA,,EVIDENCE_PRESENT,products=0;tech=3,0,MEDIUM,6,directions from grouped comparable FY series only; profitability basis=INSUFFICIENT_DATA
S0352,Rilo,INSUFFICIENT_DATA,INSUFFICIENT_DATA,">=2 distinct FYs, same metric+unit+currency; n_obs=0",INSUFFICIENT_DATA,,INSUFFICIENT_DATA,products=0;tech=4,0,MEDIUM,5,directions from grouped comparable FY series only; profitability basis=INSUFFICIENT_DATA
S0353,Sanlayan Technologies,INSUFFICIENT_DATA,INSUFFICIENT_DATA,">=2 distinct FYs, same metric+unit+currency; n_obs=0",INSUFFICIENT_DATA,,INSUFFICIENT_DATA,products=0;tech=3,0,MEDIUM,4,directions from grouped comparable FY series only; profitability basis=INSUFFICIENT_DATA
S0354,Shopflo,INSUFFICIENT_DATA,INSUFFICIENT_DATA,">=2 distinct FYs, same metric+unit+currency; n_obs=0",INSUFFICIENT_DATA,,INSUFFICIENT_DATA,INSUFFICIENT_DATA,0,LOW,1,directions from grouped comparable FY series only; profitability basis=INSUFFICIENT_DATA
S0355,smallest.ai,MULTI-ROUND (dated events; direction not inferred),INSUFFICIENT_DATA,">=2 distinct FYs, same metric+unit+currency; n_obs=0",INSUFFICIENT_DATA,,INSUFFICIENT_DATA,INSUFFICIENT_DATA,0,LOW,2,directions from grouped comparable FY series only; profitability basis=INSUFFICIENT_DATA
S0356,Dv2js Innovation,INSUFFICIENT_DATA,INSUFFICIENT_DATA,">=2 distinct FYs, same metric+unit+currency; n_obs=0",INSUFFICIENT_DATA,,INSUFFICIENT_DATA,INSUFFICIENT_DATA,0,LOW,0,directions from grouped comparable FY series only; profitability basis=INSUFFICIENT_DATA
S0357,4700BC,INSUFFICIENT_DATA,INSUFFICIENT_DATA,">=2 distinct FYs, same metric+unit+currency; n_obs=0",INSUFFICIENT_DATA,,INSUFFICIENT_DATA,INSUFFICIENT_DATA,0,LOW,1,directions from grouped comparable FY series only; profitability basis=INSUFFICIENT_DATA
S0358,Dunzo,INSUFFICIENT_DATA,INSUFFICIENT_DATA,">=2 distinct FYs, same metric+unit+currency; n_obs=0",INSUFFICIENT_DATA,,INSUFFICIENT_DATA,INSUFFICIENT_DATA,0,LOW,0,directions from grouped comparable FY series only; profitability basis=INSUFFICIENT_DATA
S0359,GamesKraft,INSUFFICIENT_DATA,INSUFFICIENT_DATA,">=2 distinct FYs, same metric+unit+currency; n_obs=0",INSUFFICIENT_DATA,,INSUFFICIENT_DATA,INSUFFICIENT_DATA,0,LOW,1,directions from grouped comparable FY series only; profitability basis=INSUFFICIENT_DATA
S0360,Good Glamm Group,INSUFFICIENT_DATA,INSUFFICIENT_DATA,">=2 distinct FYs, same metric+unit+currency; n_obs=0",INSUFFICIENT_DATA,,INSUFFICIENT_DATA,INSUFFICIENT_DATA,0,LOW,0,directions from grouped comparable FY series only; profitability basis=INSUFFICIENT_DATA
S0361,Head Digital Works,INSUFFICIENT_DATA,INSUFFICIENT_DATA,">=2 distinct FYs, same metric+unit+currency; n_obs=0",INSUFFICIENT_DATA,,INSUFFICIENT_DATA,INSUFFICIENT_DATA,0,LOW,1,directions from grouped comparable FY series only; profitability basis=INSUFFICIENT_DATA
S0362,Hike,INSUFFICIENT_DATA,INSUFFICIENT_DATA,">=2 distinct FYs, same metric+unit+currency; n_obs=0",INSUFFICIENT_DATA,,INSUFFICIENT_DATA,INSUFFICIENT_DATA,0,LOW,0,directions from grouped comparable FY series only; profitability basis=INSUFFICIENT_DATA
S0363,KiranaClub,INSUFFICIENT_DATA,INSUFFICIENT_DATA,">=2 distinct FYs, same metric+unit+currency; n_obs=0",INSUFFICIENT_DATA,,INSUFFICIENT_DATA,INSUFFICIENT_DATA,0,LOW,1,directions from grouped comparable FY series only; profitability basis=INSUFFICIENT_DATA
S0364,Log9 Materials,INSUFFICIENT_DATA,INSUFFICIENT_DATA,">=2 distinct FYs, same metric+unit+currency; n_obs=0",INSUFFICIENT_DATA,,INSUFFICIENT_DATA,products=0;tech=2,0,LOW,3,directions from grouped comparable FY series only; profitability basis=INSUFFICIENT_DATA
S0365,PokerBaazi,INSUFFICIENT_DATA,INSUFFICIENT_DATA,">=2 distinct FYs, same metric+unit+currency; n_obs=0",INSUFFICIENT_DATA,,INSUFFICIENT_DATA,products=0;tech=1,1,LOW,1,directions from grouped comparable FY series only; profitability basis=INSUFFICIENT_DATA
S0366,Pync,INSUFFICIENT_DATA,INSUFFICIENT_DATA,">=2 distinct FYs, same metric+unit+currency; n_obs=0",INSUFFICIENT_DATA,,INSUFFICIENT_DATA,INSUFFICIENT_DATA,0,LOW,1,directions from grouped comparable FY series only; profitability basis=INSUFFICIENT_DATA
S0367,Zupee,MULTI-ROUND (dated events; direction not inferred),UP,">=2 distinct FYs, same metric+unit+currency; n_obs=2",PROFITABLE,2024,EVIDENCE_PRESENT,products=10;tech=2,8,HIGH,23,directions from grouped comparable FY series only; profitability basis=PROFITABLE
S0368,Vicharak,INSUFFICIENT_DATA,INSUFFICIENT_DATA,">=2 distinct FYs, same metric+unit+currency; n_obs=0",INSUFFICIENT_DATA,,INSUFFICIENT_DATA,products=4;tech=0,2,MEDIUM,5,directions from grouped comparable FY series only; profitability basis=INSUFFICIENT_DATA
