conflict_id,startup_id,field,claim_a,source_a,claim_b,source_b,preferred_claim,resolution,resolution_status,last_reviewed
CF00001,S0001,unicorn timing,"First unicorn of 2026 (Jan 2026, $1.2Bn)",SRC00002,,SRC00030,"Jan 2026, $1.2Bn",Jan 2026 $50Mn WestBridge round at $1.2Bn is the documented unicorn event; some secondary pages say 2025/$1Bn (Apr 2025 $60Mn at $900Mn-$1Bn) — use Jan 2026 per Entrackr/Inc42/ET.,resolved,2026-09-15
CF00002,S0001,FY25 revenue growth %,Rs 514 Cr net revenue +48% (ET),SRC00003,,SRC00018,See financials,Inc42 cites operating revenue Rs 514.31 Cr +61% from Rs 319.32 Cr; ET cites net revenue +48% from Rs 347 Cr — different revenue definitions; keep both with labels.,preserved-conflict,2026-09-15
CF00003,S0001,FY25 revenue,Rs 514.31 Cr (+61% YoY),SRC00018,Rs 539.5 Cr (+55.2% YoY),SRC00020,Rs 514.31 Cr operating revenue; Rs 539.5 Cr total revenue,Different revenue definitions (operating vs total); keep both with labels,preserved-conflict,2026-09-15
CF00004,S0001,FY25 net profit,Rs 62 Cr,SRC00003,$14M (~Rs 115 Cr),SRC00019,Rs 62 Cr PAT (most widely cited),Different reporting; Rs 62 Cr is the widely cited figure; $14M may include other income,resolved,2026-09-15
CF00005,S0001,unicorn timing,"Jan 2026, $1.2Bn (WestBridge)",SRC00002,"2025, $1Bn (Apr 2025 $60Mn at $900Mn-$1Bn)",SRC00030,"Jan 2026, $1.2Bn",Jan 2026 $50Mn WestBridge round at $1.2Bn is the documented unicorn event,resolved,2026-09-15
CF00006,S0002,unicorn sequencing,First unicorn of FY27 (Entrackr/Hindu BusinessLine),SRC00031,Second unicorn of 2026 after Juspay (VCCircle/TOI),SRC00067,Second calendar-2026 unicorn; first of FY27,Both defensible on different windows: first of FY27 (Apr 2026) vs second of calendar 2026 (Juspay Jan 2026). Kept calendar framing.,preserved-conflict,2026-09-15
CF00007,S0002,founded_date,Founded 2016 (company/PR),SRC00031,Founded 2018 (some secondary profiles),SRC00033,2016,"Primary sources say 2016 (NBFC incorporated Mar 2016, RBI licence May 2017); 2018 = KreditBee brand diversification date. Use 2016.",resolved,2026-09-15
CF00008,S0002,legal_name,KrazyBee Services Private Limited (NBFC arm); tech arm Finnovation Tech Solutions Private Limited; parent Finnov Private Limited,,KrazyBee Services Limited (NBFC arm); Finnovation Tech Solutions Private Limited (tech arm); Finnov Private Limited (holding),,unresolved - both preserved,phase3 p3 payload disagrees with existing value; existing kept as preferred pending human review,preserved-conflict,p3-merge
CF00009,S0002,cin,U65100KA2016PTC086990,,U65100KA2016PLC086990,,unresolved - both preserved,phase3 p3 payload disagrees with existing value; existing kept as preferred pending human review,preserved-conflict,p3-merge
CF00010,S0002,Series E secondary amount,"$60M secondary (Entrackr, ETCFO)",SRC00031,$80M secondary (Moneycontrol),SRC00068,$60M secondary (most cited); $80M (Moneycontrol),Moneycontrol reports $80M secondaries; Entrackr/ETCFO report $60M. Kept both; $60M is more widely cited.,preserved-conflict,2026-09-15
CF00011,S0002,FY25 standalone vs consolidated PAT,Rs 237 crore standalone PAT (MediaNama/MCA filing),SRC00048,Rs 473 crore consolidated PAT (Moneycontrol/CARE Ratings),SRC00033,Standalone Rs 237cr; Consolidated Rs 473cr,Both correct: standalone PAT Rs 237cr vs consolidated PAT Rs 473cr. Different entity scopes.,preserved-conflict,2026-09-15
CF00012,S0002,Founded 2016 vs 2018,Founded 2016 (NBFC incorporated Mar 2016),SRC00031,Founded 2018 (KreditBee brand launched May 2018),SRC00033,2016 (entity); 2018 (brand),2016 = entity incorporation; 2018 = KreditBee brand launch. Both valid depending on context.,preserved-conflict,2026-09-15
CF00013,S0003,IPO size/valuation target,"IPO raise ~$1.35B / Rs 10,000-12,000cr (Sep 2025 reports)",SRC00069,IPO raise $900M-$1.05B at $9-10.5B valuation (Reuters Mar 2026 sources),SRC00070,Range $0.9-1.35B; valuation target $9-15B press range,"Treat as evolving press estimates: Sep-2025 framing (~$1.35B, up to $15B val) vs Mar-2026 sourced range ($9-10.5B val). UDRHP Jan 2026 confirms OFS of 50.66M shares without price. Keep both.",preserved-conflict,2026-09-15
CF00014,S0003,FY25 revenue,"FY25 operating revenue Rs 7,114.9cr (FE/Tofler)",SRC00071,"FY25 operating revenue Rs 7,148.6cr consolidated (Mint/MCA)",SRC00080,"~Rs 7,115cr operating revenue FY25","Minor definitional rounding (standalone vs consolidated incl. other income lines). Keep both; use 7,115cr operating as headline.",preserved-conflict,2026-09-15
CF00015,S0003,legal_name,PhonePe Limited (redomiciled India 2022; ex-Flipkart hive-off 2020),,PhonePe Limited,,unresolved - both preserved,phase3 p3 payload disagrees with existing value; existing kept as preferred pending human review,preserved-conflict,p3-merge
CF00016,S0003,startup_stage,"late / pre-IPO (confidential DRHP Sep 2025, UDRHP Jan 2026)",,late / pre-IPO,,unresolved - both preserved,phase3 p3 payload disagrees with existing value; existing kept as preferred pending human review,preserved-conflict,p3-merge
CF00017,S0003,CIN,PhonePe Limited CIN U67190KA2012PLC176031 (RecurClub),SRC00075,Phonepe Private Limited U67190MH2012PTC337657 (Tracxn),SRC00088,UNRESOLVED - needs MCA21 primary verification,Group-entity conflict: PhonePe Limited (post-redomicile) vs Phonepe Private Limited (pre-redomicile). Needs MCA21 primary check. Keep both.,preserved-conflict,2026-09-15
CF00018,S0004,total funding,Total raised ~$742-742.5M (trackers),SRC00102,Raised over $800M / $741.5M variants incl. YC awkward phrasing,SRC00091,~$742M across 11 rounds,Use $741.5-742M tracker consensus; note higher press rounding to $800M includes secondaries/ESOP-adjacent framing.,resolved,2026-09-15
CF00019,S0005,Oct 2025 round size,$450M round (ET headline),SRC00104,"$400M round (TechCrunch body, likely primary-only)",SRC00105,$450M total (majority primary),ET/CNBC confirm $450M mix of primary+secondary (~$300M primary per RoC); TC's $400M appears primary-tranche framing. Use $450M total.,resolved,2026-09-15
CF00020,S0005,HQ city,HQ Bengaluru (ET $450M article dateline text),SRC00104,"Mumbai-based (CNBC-TV18, TOI, company history)",SRC00110,Mumbai,Seed hint said Bengaluru but weight of evidence says Mumbai-founded/ HQ. ET 'Bangalore-based' line appears erroneous. Use Mumbai.,resolved,2026-09-15
CF00021,S0005,legal_name,"Zepto Private Limited (utations: KiranaKart Technologies per RoC filings — UNVERIFIED, needs MCA check)",,Zepto Private Limited,,unresolved - both preserved,phase3 p3 payload disagrees with existing value; existing kept as preferred pending human review,preserved-conflict,p3-merge
CF00022,S0005,FY25 revenue,"Rs 9,669 crore (ET/RoC)",SRC00106,"Rs 11,110 crore (Forbes India/DRHP)",SRC00108,"Rs 11,110cr (DRHP restated) vs Rs 9,669cr (RoC)","ET reported Rs 9,669cr per RoC filing; Forbes reported Rs 11,110cr per DRHP restated figures. Difference likely due to restatement vs RoC snapshot. Bo",resolved,2026-09-15
CF00023,S0005,FY25 net loss,"Rs 3,367 crore (ET/RoC)",SRC00106,"Rs 4,699.71 crore (Forbes India/DRHP)",SRC00108,"Rs 4,699.71cr (DRHP restated) vs Rs 3,367cr (RoC)","ET reported Rs 3,367cr per RoC; Forbes reported Rs 4,699.71cr per DRHP restated. Difference due to restatement. Use DRHP figures as more recent.",resolved,2026-09-15
CF00024,S0006,round_size,$600M raise (equity portion),SRC00133,$1.2B raise (equity + planned debt),SRC00114,$600M equity definitive + $600M debt planned,"Both true: up to $600M definitive equity agreements + intended $600M debt subject to documentation; $1.2B is total capital raise, not closed equity.",preserved-conflict,2026-09-15
CF00025,S0006,founded_date,Founding year 2022 (Sacra),SRC00134,Founded Jan 2023 / launched 2023 (company + TechCrunch),SRC00118,2023-01,"Company sources say set up Jan 2023, founded 2023; 2022 likely conception year. Use 2023-01.",resolved,2026-09-15
CF00026,S0006,founder_name,Rahul Gandotra listed as founder in some sources,UNKNOWN,Sharad Sanghi and Anindya Das are the only founders per all credible sources,SRC00117,Sharad Sanghi and Anindya Das are founders; Rahul Gandotra not verified,No credible source mentions Rahul Gandotra as a Neysa founder. Sharad Sanghi and Anindya Das are the confirmed co-founders. Rahul Gandotra appears to be incorrect/unverified.,resolved,2026-09-15
CF00027,S0007,ipo_valuation,"IPO valuation ~$869M+ (price band, Reuters Jan 2026)",SRC00136,Listing-day market cap ~$821-826M (ET/TechCrunch Jan 2026),SRC00138,unresolved - both preserved,"Both consistent: band implied ~$869M at Rs 361; listing-day discount to ~$821M after 12% discount open. Use band as offer valuation, listing as market valuation.",preserved-conflict,2026-09-15
CF00028,S0008,FY25_revenue,"FY25 operating revenue Rs 2,735 cr (company statement via Moneycontrol/Entrackr/PTI)",SRC00147,"FY25 revenue Rs 2,803.1 cr / Rs 2,535.7 cr total revenue (Inc42 company page figures)",SRC00153,unresolved - both preserved,"Use company-statement Rs 2,735 cr operating revenue as primary; Inc42 page figures are secondary DB values, possibly total vs operating. Preserved both.",preserved-conflict,2026-09-15
CF00029,S0009,mar2025_valuation,"$140M Mar-2025 round is an up-round, valuation >$1B (company via TechCrunch/TOI)",SRC00154,Blended primary+secondary valuation ~$950M (ET sources),SRC00155,unresolved - both preserved,Both preserved: primary component at up-round >$1B per company; blended incl. discounted secondary ~$950M per ET sources.,preserved-conflict,2026-09-15
CF00030,S0010,seriesB_timing,Series B $70M at $300M valuation in January 2026 (TechCrunch) / closed December (Forbes India),SRC00167,Company table: Series B Jan 2026; Series A Sep 2025 $23M,SRC00168,unresolved - both preserved,"Treat as announced Jan 2026, closed Dec 2025 (standard lag). Use Jan 2026 announced date.",preserved-conflict,2026-09-15
CF00031,S0011,financials.FY25 PAT,"FY25 PAT Rs 1,824.73 cr (Globe Capital IPO summary)",SRC00216,"FY25 net profit Rs 1,819 cr (ET, filings-sourced)",SRC00176,"Rs ~1,819-1,824 cr FY25 PAT","Both press-quoted-filing; resolved value Rs ~1,819-1,824 cr; treat as same figure with rounding/source variance",preserved-conflict,2026-09-15
CF00032,S0011,financials.FY25 revenue,"FY25 total revenue Rs 4,056 cr (ET)",SRC00176,"FY25 total revenue Rs 3,901.72 cr (Globe Capital IPO table)",SRC00216,"Rs 4,056 cr total revenue FY25 (Rs 3,844 cr operating revenue per RoC filings)","Likely operating vs total revenue presentation difference; keep both, prefer ET filings-sourced total revenue",preserved-conflict,2026-09-15
CF00033,S0011,legal_name,Billionbrains Garage Ventures Limited (formerly Billionbrains Garage Ventures Private Limited),,Billionbrains Garage Ventures Limited,,unresolved - both preserved,phase3 p3 payload disagrees with existing value; existing kept as preferred pending human review,preserved-conflict,p3-merge
CF00034,S0011,incorporation_date,2018-01-09 (certificate 2018-01-17),,2018-01-09,,unresolved - both preserved,phase3 p3 payload disagrees with existing value; existing kept as preferred pending human review,preserved-conflict,p3-merge
CF00035,S0011,status,Public,,Public (listed on BSE and NSE),,unresolved - both preserved,phase3 p3 payload disagrees with existing value; existing kept as preferred pending human review,preserved-conflict,p3-merge
CF00036,S0011,financials.FY25 revenue,"FY25 total revenue Rs 4,056 cr (ET)",SRC00176,"FY25 total revenue Rs 3,901.72 cr (RHP)",SRC00205,"Rs 4,061.65 cr total revenue FY25 (Rs 3,901.72 cr operating revenue per RHP)","Rs 4,061.65 cr per Stakehub (audited) vs Rs 3,901.72 cr operating revenue per RHP; likely total vs operating revenue presentation difference",resolved,2026-09-15
CF00037,S0011,valuation,$7 billion pre-IPO Series F (June 2025),SRC00176,"$8.6B debut valuation (Nov 2025, Reuters)",SRC00186,$7B pre-IPO; ~$8.6B at listing,Pre-IPO valuation $7B vs post-IPO market cap ~$8.6B; both correct at different points,preserved-conflict,2026-09-15
CF00038,S0011,funding_rounds.TPG/Tiger,TPG/Tiger $213M round 2024,unknown,,unknown,NOT FOUND - no such round identified in sources,"No evidence found of a TPG/Tiger $213M round in 2024. Tiger Global participated in Series D ($83M, 2021). GIC led Series F ($202.3M, 2025). No $213M round identified.",resolved,2026-09-15
CF00039,S0012,company.total_funding_disclosed,Total funding ~$445.8M (Tracxn),SRC00235,Total funding $544.1M+ (Inc42),SRC00236,~$445-544M,Different round-inclusion methodology; report range,resolved,2026-09-15
CF00040,S0012,company.city,Seed city Bengaluru (batch seed),batch b08.json,"Mumbai HQ (Tracxn), SF HQ (CB Insights/Wikipedia), Delhi (Inc42 page)",SRC00237,"Mumbai (India), San Francisco (global HQ)",India operating HQ Mumbai; global HQ San Francisco; seed city corrected to Mumbai,resolved,2026-09-15
CF00041,S0013,founders,Founded by Bhavish Aggarwal alone (Tracxn),SRC00235,"Launched by Aggarwal + Krishnamurthy Venugopala Tenneti (director, Ola/ANI board member)",SRC00239,Bhavish Aggarwal (founder) + K V Tenneti (co-founding director),Aggarwal is founder; Tenneti co-founding director per company/incorporation reporting,resolved,2026-09-15
CF00042,S0013,status,Private,,Active,,unresolved - both preserved,phase3 p3 payload disagrees with existing value; existing kept as preferred pending human review,preserved-conflict,p3-merge
CF00043,S0013,business_model,"Full-stack AI cloud infrastructure + Indic LLMs + AI apps (Kruti assistant, Krutrim Cloud); pivoted 2025-26 to AI-cloud-led model",,"Full-stack AI cloud infrastructure; enterprise GPU compute; AI cloud services for telecom, FS, healthcare, logistics",,unresolved - both preserved,phase3 p3 payload disagrees with existing value; existing kept as preferred pending human review,preserved-conflict,p3-merge
CF00044,S0013,employee_estimate,~222-234 (early 2026; down from ~640-660 mid-2025 post-layoffs),,150,,unresolved - both preserved,phase3 p3 payload disagrees with existing value; existing kept as preferred pending human review,preserved-conflict,p3-merge
CF00045,S0014,company.city,Seed city Bengaluru (batch seed reports Bengaluru),batch b08.json,Chennai-headquartered at founding (ET Dec 2023); HQ Bengaluru (2026),SRC00273,Bengaluru (founding: Chennai),"Founded Chennai (IIT Madras AI4Bharat roots), HQ now Bengaluru; corrected",resolved,2026-09-15
CF00046,S0015,valuation Sep 2026,$450M valuation Sep 2026,SRC00278,,SRC00276,$450M completed; <$1B negotiated,Both reported; $450M is completed-round figure per Dealroom/News18 (preferred for round); ~$1B was April negotiation talk per Moneycontrol,preserved-conflict,2026-09-15
CF00047,S0016,total_funding,"$320M+ total raised (VFS, May 2026)",SRC00292,"$766M+ raised (Inc42, Dec 2025)",SRC00289,UNKNOWN — $320M+ equity vs $766M claimed,Unresolved: VFS figure aligns with $185M (2021) + $60M Temasek (2024) + smaller rounds; $766M may include debt/secondary/group entities. Keep both; prefer VFS equity figure with flag.,preserved-conflict,2026-09-15
CF00048,S0016,valuation,$2.25B valuation Oct 2024 (Temasek),SRC00292,$1.7B fair value Feb 28 2026 (Incwert via ET),SRC00291,Last priced $2.25B; provisional fair value $1.7B,"Newer-for-current-state: $1.7B is provisional valuation-report figure, not a priced round; last priced round remains $2.25B. Report both.",preserved-conflict,2026-09-15
CF00049,S0016,unacademy_deal_value,Unacademy deal $206M (TechCrunch/Screwvala),SRC00288,"Rs 2,055 cr (~$218M) (ET)",SRC00291,~$206M all-stock,"Same deal, INR/USD rounding + reporting time; prefer $206M (INR 1,955 cr) closing disclosure.",resolved,2026-09-15
CF00050,S0016,unacademy_deal_value,$206M (TechCrunch/Screwvala),SRC00288,"Rs 2,055 cr (~$218M) (ET)",SRC00291,~$206M all-stock,"Same deal, INR/USD rounding + reporting time; prefer $206M (INR 1,955 cr) closing disclosure.",resolved,2026-09-15
CF00051,S0017,headquarters,"HQ Mumbai, India (Wikipedia/Forbes)",SRC00341,"HQ Dublin, Ireland (CB Insights/Craft/Latka)",SRC00350,Dublin corporate HQ + Mumbai India HQ/ops,Both partially true: corporate domicile Dublin; largest ops/product-eng Mumbai. Record hq_type India-ops with dual HQ note.,preserved-conflict,2026-09-15
CF00052,S0017,revenue,Revenue $225M 2025 (Wikipedia),SRC00341,$235M 2025 (Sacra); $300M+ expected CY2026 (company via ET),SRC00342,Indian entity Rs771cr FY25; group ~$225-235M 2025 (secondary),Different vintages/sources; audited consolidated not public (Irish-domiciled). Use Indian-entity audited Rs771cr FY25 + company-guided $300M CY26 as ESTIMATE.,resolved,2026-09-15
CF00053,S0017,city,"Mumbai (India HQ / ops); corporate HQ Dublin, Ireland",,Mumbai,,unresolved - both preserved,phase3 p3 payload disagrees with existing value; existing kept as preferred pending human review,preserved-conflict,p3-merge
CF00054,S0017,state,Maharashtra (ops),,Maharashtra,,unresolved - both preserved,phase3 p3 payload disagrees with existing value; existing kept as preferred pending human review,preserved-conflict,p3-merge
CF00055,S0017,business_model,SaaS subscription — cloud testing infrastructure/platform (manual + automated + visual + accessibility + test management),,SaaS subscription — cloud testing infrastructure (manual + automated + visual + accessibility + test management),,unresolved - both preserved,phase3 p3 payload disagrees with existing value; existing kept as preferred pending human review,preserved-conflict,p3-merge
CF00056,S0017,hq_type,"India-ops: Mumbai HQ-country + Dublin corporate HQ; SF/NYC offices. Classify India-ops, NOT India-registered.",,"India-ops HQ: Mumbai; Corporate domicile: Dublin, Ireland; Offices: SF, NYC",,unresolved - both preserved,phase3 p3 payload disagrees with existing value; existing kept as preferred pending human review,preserved-conflict,p3-merge
CF00057,S0017,headquarters,"HQ Mumbai, India (Wikipedia/Forbes India)",SRC00341,"HQ Dublin, Ireland (CB Insights/Crunchbase/PitchBook)",SRC00350,Dublin corporate HQ + Mumbai India HQ/ops,Both partially true: corporate domicile Dublin; largest ops/product-eng Mumbai. Record hq_type India-ops with dual HQ note.,preserved-conflict,2026-09-15
CF00058,S0017,funding_rounds,"Series A $7.5M, Series B $67M, Series C $220M @ $1.4B (prompt claim)",prompt specification,"Series A $50M (Jan 2018, Accel), Series B $200M (Jun 2021, BOND) at $4B; NO Series C",SRC00332,"Series A $50M (2018), Series B $200M at $4B (2021); total $250M; no Series C",Prompt claims are incorrect. Only 2 funding rounds exist. Series A was $50M not $7.5M; Series B was $200M not $67M; no Series C at $1.4B exists.,resolved,2026-09-15
CF00059,S0017,founders,Founders include Jahangir (prompt claim),prompt specification,Founders are Ritesh Arora + Nakul Aggarwal (IIT Bombay),SRC00341,Ritesh Arora + Nakul Aggarwal; no Jahangir,"No founder named Jahangir found in any source. Both Wikipedia, TechCrunch, Forbes India, ET, and official BrowserStack PR confirm Ritesh Arora and Nakul Aggarwal as co-founders.",preserved-conflict,2026-09-15
CF00060,S0018,parent_legal_name,"Parent named 'Raise Financial Services' (Inc42, YourStory, Mint)",SRC00352,Parent named 'Raise Fintech Ventures Pvt Ltd' (VCCircle FY26 piece) and 'Raise Securities' (Inc42 FY26 piece),SRC00367,unresolved - both preserved,Unresolved — likely group entities; operating company consistently Raise Financial Services. Kept that as legal_name with note.,preserved-conflict,2026-09-15
CF00061,S0018,legal_name,Raise Financial Services Pvt Ltd (operator of Dhan),,Raise Securities Private Limited (formerly Moneylicious Securities Private Limited),,unresolved - both preserved,phase3 p3 payload disagrees with existing value; existing kept as preferred pending human review,preserved-conflict,p3-merge
CF00062,S0018,parent_legal_name,"Raise Financial Services (Inc42, YourStory, Mint)",SRC00352,Raise Fintech Ventures Pvt Ltd (VCCircle FY26 piece) and Raise Securities (Inc42 FY26 piece),SRC00367,Raise Securities Private Limited (SEBI-registered broker); parent group = Raise Financial Services,Unresolved — likely group entities; operating company consistently Raise Financial Services. Raise Securities Pvt Ltd is the SEBI-registered broker entity per dhan.co/about/ footer.,preserved-conflict,2026-09-15
CF00063,S0018,founder_background,Founder is ex-Kotak P&L (per prompt hypothesis 'Dhanish'),,"Founder Pravin Jadhav is ex-Paytm Money CEO (per MoneyControl, Inc42, ET, Entrackr)",SRC00366,"Pravin Jadhav, ex-Paytm Money CEO, is the founder",The 'Dhanish' / ex-Kotak P&L hypothesis is INCORRECT. All sources consistently identify Pravin Jadhav as ex-Paytm Money CEO. No evidence of Kotak P&L background found.,resolved,2026-09-15
CF00064,S0018,fy24_net_profit,Rs 177 Cr PAT FY24 (Inc42),SRC00352,Rs 155 Cr PAT FY24 (ET Stratzy article),SRC00356,Rs 155-177 Cr (press-quoted-filing discrepancy),Inc42 reports Rs 177 Cr; ET reports Rs 155 Cr. Both are press-quoted-filing. Inc42 figure likely from audited filing; ET may use different metric. Kept both.,preserved-conflict,2026-09-15
CF00065,S0019,Apr-2024 round size,"$216M secured (Apr 2024 regulatory filing, per Entrackr/TechCrunch)",SRC00369,Rights issue launched $300M then adjusted to $417M target; oversubscribed per co-founder LinkedIn (per TechCrunch),SRC00371,unresolved - both preserved,Kept $216M as secured-to-date figure; $417M was the adjusted target. Not averaged.,preserved-conflict,2026-09-15
CF00066,S0019,valuation 2024-2025,"~$710M post-money (Apr 2024, per Entrackr)",SRC00369,"~$458M implied (Janus Henderson mark, Jun 2024, per TechCrunch); $900M post-money (Sep 2025 Arc snippet, unverified body)",SRC00371,unresolved - both preserved,"Kept both with dates; investor marks differ from transaction valuation. Sep-2025 $900M not verified — left out of company record, noted here.",preserved-conflict,2026-09-15
CF00067,S0019,legal_name,API Holdings Ltd (operator of PharmEasy),,API Holdings Limited,,unresolved - both preserved,phase3 p3 payload disagrees with existing value; existing kept as preferred pending human review,preserved-conflict,p3-merge
CF00068,S0019,business_model,Online pharmacy + diagnostics + telehealth marketplace,,Online pharmacy marketplace + diagnostics (Thyrocare) + B2B pharma distribution (Ascent/Aknamed) + telehealth,,unresolved - both preserved,phase3 p3 payload disagrees with existing value; existing kept as preferred pending human review,preserved-conflict,p3-merge
CF00069,S0019,employee_count,488 (Tracxn official),SRC00403,"3,965 (PitchBook)",SRC00404,unresolved - both preserved,Both sources are third-party databases; significant discrepancy likely due to different counting methods (parent-only vs group-wide). Left both; no resolution possible without company confirmation.,preserved-conflict,2026-09-15
CF00070,S0019,FY24 net loss,"Rs 2,533 Cr (ET)",SRC00382,"Rs 2,531 Cr (Inc42)",SRC00405,"Rs 2,533 Cr","Minor rounding difference; both cite company financials. Kept Rs 2,533 Cr from ET as primary.",preserved-conflict,2026-09-15
CF00071,S0021,third co-founder identity,"Ravi Kumar, Shrini Viswanath, Raghu Kumar (YourStory, BW Disrupt, Nov 2021)",SRC00439,"Ravi Kumar, Kavitha Subramanian, Shrini Viswanath (TOI; company-signal per Entrackr buyback piece: founders Ravi Kumar and Kavitha Subramanian hold after Tiger 38%)",SRC00440,unresolved - both preserved,Unresolved — Ravi Kumar + Shrini Viswanath undisputed; third seat contested between Raghu Kumar and Kavitha Subramanian. Both recorded.,preserved-conflict,2026-09-15
CF00072,S0021,2021 unicorn valuation,"$3B (TOI headline, Nov 2021)",SRC00440,$3-3.5B with new round (Moneycredit/Moneycontrol); $3.5B (company press release per Entrackr 2024 buyback piece),SRC00430,unresolved - both preserved,Range $3-3.5B kept; $3.5B is company-claimed later figure. Not averaged.,preserved-conflict,2026-09-15
CF00073,S0021,legal_name,RKSV Securities (Upstox brand),,RKSV Securities India Private Limited,,unresolved - both preserved,phase3 p3 payload disagrees with existing value; existing kept as preferred pending human review,preserved-conflict,p3-merge
CF00074,S0021,business_model,"Discount broking (stocks, F&O, IPO, MF) + insurance distribution; NBFC/AMC licenses sought 2026",,"Discount broking (stocks, F&O, IPO, MF, commodities, currencies) + insurance distribution + lending/NBFC/AMC applications",,unresolved - both preserved,phase3 p3 payload disagrees with existing value; existing kept as preferred pending human review,preserved-conflict,p3-merge
CF00075,S0021,third co-founder identity,"Raghu Kumar (per Livemint Feb 2026: founded by Kumar, Raghu Kumar, and Shrinivas Viswanath)",,Kavitha Subramanian (per TOI/company-signal per Entrackr 2024 buyback piece),,"Ravi Kumar, Raghu Kumar, Shrinivas Viswanath","Livemint Feb 2026 interview with CEO Ravi Kumar names founders as Kumar, Raghu Kumar, and Shrinivas Viswanath. This is the most authoritative source (direct CEO interview). Kavitha Subramanian claim from TOI/company-signal is superseded.",resolved,2026-09-15
CF00076,S0021,2021 unicorn valuation,"$3B (TOI headline, Nov 2021)",,$3.5B (company press release per Entrackr 2024; Livemint 2026),,$3-3.5B range; company claims $3.5B,$3.5B is company-claimed later figure; $3B was TOI headline. Both recorded; $3.5B per company signal.,preserved-conflict,2026-09-15
CF00077,S0022,Series G Jun 2025 amount,$114M Series G Jun 2025,SRC00454,,SRC00453,$114M (company-announced),Company PR figure $114M preferred; Tracxn shows $39M tranche — likely tranche vs total,resolved,2026-09-15
CF00078,S0023,total_funding_disclosed,"Total funding $458M (Inc42, 8 rounds)",SRC00460,"Total equity funding $598M (ET, Nov 2025)",SRC00462,unresolved - both preserved,"Unresolved; Inc42 counts disclosed rounds, ET figure may include unannounced equity. Kept both.",preserved-conflict,2026-09-15
CF00079,S0024,HQ city,"HQ Bengaluru (company, press, Dealroom)",SRC00472,,SRC00485,Bengaluru (operating),Operating HQ Bengaluru per company/press; Tracxn registry shows Chennai — likely registered-entity quirk; keep Bengaluru operating,resolved,2026-09-15
CF00080,S0025,FY26 revenue,"FY26 operating revenue Rs 1,720.6cr (+36-41%)",SRC00490,,SRC00512,"Rs 1,720.6cr FY26","Same DRHP figure; % differs by base used (Rs 1,262.9cr vs 1,215.5cr FY25) — keep both bases",preserved-conflict,2026-09-15
CF00081,S0025,IPO size,"Rs 3,500-4,000cr total IPO (CNBC, Jun)",SRC00493,,SRC00490,Rs 950cr fresh + OFS per DRHP,DRHP (Jul) is authoritative: Rs 950cr fresh + 17.86cr shares OFS; earlier figure was pre-filing estimate,resolved,2026-09-15
CF00082,S0026,total_funding,Total funding $19M (Tracxn/Caplight/getlatka),SRC00529,Total funding $19.1M (GetLatka); PitchBook $19M,SRC00527,$19M,"Use ~$19M disclosed primary funding; tender 2025 is secondary liquidity, not primary raise.",resolved,2026-09-15
CF00083,S0026,founded_date,Founded 2016 (most sources),SRC00515,Founded 2014 (PitchBook FAQ),SRC00528,2016,Use 2016 (company + majority); note PitchBook 2014 outlier.,resolved,2026-09-15
CF00084,S0026,hq_city,HQ Pleasanton/San Francisco CA,SRC00514,HQ Miami FL (PitchBook/Crunchbase),SRC00523,"San Francisco Bay Area, US","US HQ certain; city varies by source/year (remote-first). Record both, prefer SF Bay Area per company PR.",preserved-conflict,2026-09-15
CF00085,S0027,founded_date,Founded 2017 (most profiles),SRC00544,Founded 2013 (Tracxn variant),SRC00543,2017,Use 2017 (company/Crunchbase/PitchBook majority); 2013 likely predecessor-entity date.,resolved,2026-09-15
CF00086,S0027,total_funding,"Total $136.5M (company/PR, Inc42, CBInsights)",SRC00532,"Total $239M (Tracxn, 6 rounds)",SRC00545,$136.5M,Prefer company-disclosed $136.5M; Tracxn counts extra/duplicate rounds.,resolved,2026-09-15
CF00087,S0028,total_funding,Total $497M/12 rounds (Tracxn),SRC00553,Total $566M/10 rounds (Inc42); $571.5M/13 rounds (CBInsights),SRC00556,~$497-571M depending on debt inclusion,Disclosed primary + debt counted differently; use range and note.,resolved,2026-09-15
CF00088,S0028,latest round label,Mar 2025 $50M = Series F (Tracxn/VCCircle),SRC00547,Mar 2025 $50M = Series G (CBInsights),SRC00554,$50M Mar 2025 (F/G label conflict),Same $50M event; label differs by counter. Record as Series F/G $50M Mar 2025.,resolved,2026-09-15
CF00089,S0029,series_c_valuation,Series C $153M at $1B post-money (company/VCCircle),SRC00558,Series C $153M at $870M post-money (Tracxn table),SRC00576,$1B post-money,Prefer company-disclosed $1B; Tracxn model differs.,resolved,2026-09-15
CF00090,S0029,total_funding,Total $188M (company/Inc42),SRC00558,"Total $204M (Tracxn, 10 rounds incl. angels/seeds)",SRC00579,$188M disclosed,Company-disclosed $188M for priced rounds; Tracxn higher incl. micro-seeds. Use $188M disclosed.,resolved,2026-09-15
CF00091,S0029,employee_estimate,911,,1063,,unresolved - both preserved,phase3 p3 payload disagrees with existing value; existing kept as preferred pending human review,preserved-conflict,p3-merge
CF00092,S0029,founder_count,"3 founders: Nilesh Patel, Prashant Singh, Sudhakar Gorti (Inc42, Fortune India, YourStory)",SRC00571,4 founders including Sukhbir Kalsi (Forbes India 2022),SRC00569,"3 founders (Patel, Singh, Gorti); Kalsi unverified",Forbes mentions Sukhbir Kalsi as 4th person in 2011 founding but NOT in Tracxn cap table. Likely early employee/advisor. Use 3 founders.,resolved,2026-09-15
CF00093,S0029,employee_count,"911 employees (DB estimate, May 2025)",india-startup-db/enrich/leadsquared.json,"1,063 employees (Inc42, latest)",SRC00573,"1,063 (Inc42)","Inc42 is more recent and sourced from filings. Use 1,063.",resolved,2026-09-15
CF00094,S0029,fy23_revenue,Rs 200Cr operating revenue FY22 (Forbes),SRC00569,FY23 revenue not separately confirmed,,FY23 ~Rs 200Cr (ESTIMATE),FY23 not directly confirmed; Forbes gives FY22 Rs 200Cr. FY23 estimated ~Rs 200-250Cr based on growth trajectory.,resolved,2026-09-15
CF00095,S0030,valuation,$1.34B/post-money $1.43B figures on some aggregators,"aggregator pages (Tracxn/Forge-style, low weight)",'well over $900M' post-money per person close to Dec 2025 deal (TechCrunch); Tracxn $850M,SRC00580,well over $900M post-money (Dec 2025),Use TechCrunch 'well over $900M' as most defensible; aggregator figures UNVERIFIED,resolved,2026-09-15
CF00096,S0030,quarantined-claim,Aggregator $1.34B/post-money $1.43B figures,SRC00580,"'well over' $900M post-money (Dec 2025, TechCrunch); $700M at Nov 2025 $100M round (ET); $1.34B/$1.43B aggregator figure",SRC00580,unresolved - both preserved,Q-wave source hunt: contradicted,preserved-conflict,2026-09-15
CF00097,S0031,FY25 profit,"FY25 PAT Rs 240.3cr (Inc42, +40% from 171.1cr)",SRC00591,FY25 net profit Rs 240cr; 9M-FY26 profit Rs 209.7-245cr variants across outlets,DRHP-based reports Mar 2026,FY25 PAT Rs 240.3cr,Use Rs 240.3cr operating-basis (Inc42) as primary; 9M figures differ by exceptional-item treatment — noted not averaged,resolved,2026-09-15
CF00098,S0031,quarantined-claim,"DRHP-based reporting Mar 2026 125.5M registered users, ~10M monetised; 42 bank/NBFC partners (Dec 2025)",SRC00593,DRHP-based CNBC TV18 Mar 4 2026: over 125M users; partners with 22 regulated entities incl Whizdm Finance — partner coun,SRC00593,unresolved - both preserved,Q-wave source hunt: contradicted,preserved-conflict,2026-09-15
CF00099,S0032,HQ,HQ Chicago (Wikipedia) vs Northbrook IL (PitchBook/Crunchbase) vs Bengaluru founding HQ (Crunchbase text),SRC00598,,PitchBook/Crunchbase profiles via search,"HQ Northbrook/Chicago, USA; Bengaluru India ops",US HQ moved Chicago metro (Northbrook); founding city Bengaluru retained as ops/delivery. Record dual.,resolved,2026-09-15
CF00100,S0032,legal_name,Mu Sigma Inc. / Mu Sigma Business Solutions Pvt Ltd (UNVERIFIED split),,Mu Sigma Business Solutions Private Limited,,unresolved - both preserved,phase3 p3 payload disagrees with existing value; existing kept as preferred pending human review,preserved-conflict,p3-merge
CF00101,S0032,employee_estimate,1936,,3684,,unresolved - both preserved,phase3 p3 payload disagrees with existing value; existing kept as preferred pending human review,preserved-conflict,p3-merge
CF00102,S0032,employee_estimate_date,2025,,2026-09,,unresolved - both preserved,phase3 p3 payload disagrees with existing value; existing kept as preferred pending human review,preserved-conflict,p3-merge
CF00103,S0032,hq_type,HQ Northbrook/Chicago US; founding + delivery Bengaluru,,HQ Austin TX USA; founding + delivery Bengaluru India,,unresolved - both preserved,phase3 p3 payload disagrees with existing value; existing kept as preferred pending human review,preserved-conflict,p3-merge
CF00104,S0032,co-founder_identity,Ambiga Subramanian listed as co-founder on Wikipedia,SRC00598,Priyanka Ashok listed as co-founder on Tracxn,Tracxn profile via search,Ambiga Subramanian confirmed as co-founder; Priyanka Ashok unverified claim,"Both claims preserved; Ambiga Subramanian has stronger evidence (Wikipedia, Inc42 article about Hyphen.Social). Priyanka Ashok from Tracxn (T2) not independently verified.",preserved-conflict,2026-09-15
CF00105,S0032,hq_location,"Chicago, Illinois (Wikipedia)",SRC00598,"Austin, Texas (LinkedIn)",SRC00603,HQ Austin TX (current); Chicago (historical),LinkedIn (2026) shows Austin TX as HQ; Wikipedia (2026 edit) shows Chicago. HQ likely moved from Chicago to Austin. Record dual.,resolved,2026-09-15
CF00106,S0032,employee_count,"1,936 (existing DB, 2025)",existing DB,"3,684 (LinkedIn, 2026)",SRC00603,"3,684 (LinkedIn, Sep 2026); 1,936 (DB estimate, 2025)","LinkedIn shows 3,684 employees; company size 1,001-5,000. DB value 1,936 may be outdated. Record both.",preserved-conflict,2026-09-15
CF00107,S0033,Series D valuation,$1.34B post-money (Inc42/CEO) vs $1.35B pre-money (TechCrunch) vs $1.43B (Forge secondary),SRC00607,,SRC00606,$1.34B post-money,Company-PR/Inc42 $1.34B post-money most defensible; TechCrunch pre-money phrasing kept as alternate; Forge secondary-market figure not primary,resolved,2026-09-15
CF00108,S0034,total_funding,$434M total funding (Tracxn),SRC00615,"$433M total funding (CB Insights, company statements)",SRC00613,$433M,Both widely cited; company PR states $433M. Use $433-434M range.,preserved-conflict,2026-09-15
CF00109,S0034,legal_name,"Postman, Inc.",,Postdot Technologies Private Limited,,unresolved - both preserved,phase3 p3 payload disagrees with existing value; existing kept as preferred pending human review,preserved-conflict,p3-merge
CF00110,S0034,total_funding,$434M total funding (Tracxn),SRC00615,"$433M total funding (Inc42, BusinessWire)",SRC00616,$433M,Both widely cited; company PR states $433M. Use $433-434M range.,preserved-conflict,2026-09-15
CF00111,S0034,founders,Abhijit Kane and Monday David (Tracxn),SRC00615,"Abhinav Asthana, Ankit Sobti, Abhijit Kane (Postman official)",SRC00612,"Abhinav Asthana, Ankit Sobti, Abhijit Kane","Postman official site is authoritative; Tracxn data appears incorrect. Board has Abhijit Kane, Abhinav Asthana, Ankit Sobti.",resolved,2026-09-15
CF00112,S0034,employee_count,"3,547 (Inc42)",SRC00616,"273 (Tracxn, Aug 2025)",SRC00615,273 (as of Aug 2025),Significant reduction likely from restructuring; Inc42 figure may be outdated or include contractors. Use 273 as most recent.,resolved,2026-09-15
CF00113,S0035,2021 unicorn valuation,$1.45Bn,YourStory 2021,$1.15Bn pre-money,Moneycontrol 2025 (retrospective),UNKNOWN,unresolved; both cited,preserved-conflict,2026-09-15
CF00114,S0035,quarantined-claim,Moneycontrol 2025 (retrospective) $1.15Bn pre-money,SRC00623,$2B valuation on Feb 2025 $50M Optum round (Moneycontrol/TechCrunch/ET/Livemint); $1.15Bn pre-money unsupported,SRC00623,unresolved - both preserved,Q-wave source hunt: contradicted,preserved-conflict,2026-09-15
CF00115,S0035,legal_name,Zeta Tech India (ESTIMATE: operating entity names vary; parent Zeta Services Inc.),,Better World Technology Private Limited,,unresolved - both preserved,phase3 p3 payload disagrees with existing value; existing kept as preferred pending human review,preserved-conflict,p3-merge
CF00116,S0035,primary_sector,fintech/card infra,,fintech/banking-tech,,unresolved - both preserved,phase3 p3 payload disagrees with existing value; existing kept as preferred pending human review,preserved-conflict,p3-merge
CF00117,S0035,employee_estimate,UNKNOWN,,1700,,unresolved - both preserved,phase3 p3 payload disagrees with existing value; existing kept as preferred pending human review,preserved-conflict,p3-merge
CF00118,S0035,2021 unicorn valuation,$1.45 billion,SRC00638,$1.5 billion,SRC00635,$1.45Bn (most defensible),Both cited; $1.45Bn is more commonly cited in financial reporting,preserved-conflict,2026-09-15
CF00119,S0035,employee_count,1700+,SRC00626,2220,SRC00631,1700+ (company-reported),Company website says 1700+; Tracxn says 2220 as of Jul 2026; Livemint Oct 2025 says 1600,resolved,2026-09-15
CF00120,S0036,legal_name,"Flipkart Internet Pvt Ltd (ESTIMATE: Indian operating entity; parent Flipkart Pte Ltd, Singapore — domicile shift to India reported 2026)",,Flipkart Internet Private Limited,,unresolved - both preserved,phase3 p3 payload disagrees with existing value; existing kept as preferred pending human review,preserved-conflict,p3-merge
CF00121,S0036,business_model,"B2C marketplace + subsidiaries (PhonePe separated 2022, Myntra, Cleartrip)",,"B2C marketplace + subsidiaries (Myntra, Cleartrip, Flipkart Minutes, Shopsy)",,unresolved - both preserved,phase3 p3 payload disagrees with existing value; existing kept as preferred pending human review,preserved-conflict,p3-merge
CF00122,S0036,parent_company,"Walmart Inc. (~85% stake, ESTIMATE)",,Walmart Inc. (~80.5% stake),,unresolved - both preserved,phase3 p3 payload disagrees with existing value; existing kept as preferred pending human review,preserved-conflict,p3-merge
CF00123,S0036,valuation,$36Bn (May 2024 Google round),SRC00650,$38.2Bn (Jul 2026 ESOP buyback),SRC00646,36000→38200 USD million,"Both are valid at different points in time; $36Bn was May 2024 fundraise valuation, $38.2Bn is Jul 2026 ESOP buyback valuation; 6% increase over ~14 months",preserved-conflict,2026-09-15
CF00124,S0036,revenue_claims,"₹80,000+ Cr revenue claims (media/press)",,"₹20,433.9 Cr FY25 standalone (Tofler/MCA)",SRC00649,20433.9 crore standalone FY25,"Media claims likely refer to consolidated group revenue including subsidiaries (Myntra, Cleartrip, etc.) or GMV; standalone Flipkart Internet revenue per MCA filings is ₹20,433.9 Cr FY25",resolved,2026-09-15
CF00125,S0037,FY25 revenue growth,"+57% to Rs 4,306 Cr (YourStory)",YourStory Sep-2025,+58% (People Matters),People Matters Nov-2025,"Rs 4,306 Cr","same base figure, rounding difference; accept Rs 4,306 Cr",resolved,2026-09-15
CF00126,S0037,legal_name,SmartShift Logistics Solutions Pvt Ltd (ESTIMATE: commonly cited operating entity),,SmartShift Logistics Solutions Pvt Ltd,,unresolved - both preserved,phase3 p3 payload disagrees with existing value; existing kept as preferred pending human review,preserved-conflict,p3-merge
CF00127,S0037,business_model,B2B+B2C on-demand intra-city logistics marketplace,,B2B+B2C on-demand intra-city logistics marketplace; commission-based model,,unresolved - both preserved,phase3 p3 payload disagrees with existing value; existing kept as preferred pending human review,preserved-conflict,p3-merge
CF00128,S0037,employee_estimate,UNKNOWN,,2000,,unresolved - both preserved,phase3 p3 payload disagrees with existing value; existing kept as preferred pending human review,preserved-conflict,p3-merge
CF00129,S0037,FY25 revenue growth,"+57% to Rs 4,306 Cr (YourStory)",SRC00657,+58% (People Matters/Inc42),SRC00661,"Rs 4,306.2 Cr","same base figure, rounding difference; accept Rs 4,306.2 Cr",resolved,2026-09-15
CF00130,S0037,Founding year,"2014 (Business Today, Outlook, Inc42, ET)",SRC00663,2016 (Business Outreach Magazine),SRC00668,2014 (company founding),2014 is widely cited by major outlets; 2016 may refer to app launch vs company incorporation,resolved,2026-09-15
CF00131,S0038,deal value,$206M (TechCrunch),TechCrunch Sep-2026,"just over $200M / Rs 1,900 Cr (IndiaToday/News18)",IndiaToday Sep-2026,~$206M,consistent within rounding; use ~$206M,resolved,2026-09-15
CF00132,S0038,legal_name,Sorting Hat Technologies Pvt Ltd (ESTIMATE: widely cited operating entity; verify via MCA),,Sorting Hat Technologies Pvt Ltd,,unresolved - both preserved,phase3 p3 payload disagrees with existing value; existing kept as preferred pending human review,preserved-conflict,p3-merge
CF00133,S0038,status,acquired (Sep 2026),,acquired (Sep 2026) by upGrad,,unresolved - both preserved,phase3 p3 payload disagrees with existing value; existing kept as preferred pending human review,preserved-conflict,p3-merge
CF00134,S0038,business_model,"B2C online test-prep/subscription + offline centres (Graphy, Relevel)",,B2C subscription test-prep + offline centres (franchise) + Airlearn language app + Graphy creator SaaS + PrepLadder medical prep,,unresolved - both preserved,phase3 p3 payload disagrees with existing value; existing kept as preferred pending human review,preserved-conflict,p3-merge
CF00135,S0038,employee_estimate,UNKNOWN,,1000,,unresolved - both preserved,phase3 p3 payload disagrees with existing value; existing kept as preferred pending human review,preserved-conflict,p3-merge
CF00136,S0038,deal value,$206M (TechCrunch),SRC00288,"just over $200M / Rs 1,900 Cr (IndiaToday)",SRC00687,~$206M,consistent within rounding; use ~$206M,resolved,2026-09-15
CF00137,S0038,FY25 revenue,Rs 826.3 Cr (Entrackr internal document),SRC00673,Rs 455.1 Cr (Tofler MCA-derived),SRC00688,both recorded; discrepancy noted,"different revenue definitions; Entrackr likely includes gross revenue, Tofler may reflect net/taxable revenue",resolved,2026-09-15
CF00138,S0038,FY25 net loss,Rs 436 Cr (Entrackr),SRC00673,Rs 49.5 Cr net profit (Tofler MCA-derived),SRC00688,both recorded; requires MCA filing verification,significant discrepancy; Tofler may reflect different accounting basis or consolidated vs standalone,resolved,2026-09-15
CF00139,S0040,legal_name,Zetwerk Manufacturing Businesses Pvt Ltd (ESTIMATE: commonly cited; verify via MCA),,Zetwerk Manufacturing Businesses Limited,,unresolved - both preserved,phase3 p3 payload disagrees with existing value; existing kept as preferred pending human review,preserved-conflict,p3-merge
CF00140,S0040,status,active,,active (IPO pipeline),,unresolved - both preserved,phase3 p3 payload disagrees with existing value; existing kept as preferred pending human review,preserved-conflict,p3-merge
CF00141,S0040,primary_sector,b2b manufacturing,,B2B contract manufacturing,,unresolved - both preserved,phase3 p3 payload disagrees with existing value; existing kept as preferred pending human review,preserved-conflict,p3-merge
CF00142,S0040,business_model,B2B managed marketplace for contract manufacturing,,Technology-led contract manufacturing platform connecting enterprise customers with manufacturing supplier network,,unresolved - both preserved,phase3 p3 payload disagrees with existing value; existing kept as preferred pending human review,preserved-conflict,p3-merge
CF00143,S0040,public_private,private,,private (IPO pending),,unresolved - both preserved,phase3 p3 payload disagrees with existing value; existing kept as preferred pending human review,preserved-conflict,p3-merge
CF00144,S0040,hq_type,operating (Bengaluru),,operating HQ,,unresolved - both preserved,phase3 p3 payload disagrees with existing value; existing kept as preferred pending human review,preserved-conflict,p3-merge
CF00145,S0040,total_funding_raised,"$931M (Tracxn, 20 rounds)",SRC00727,$889M (TheKredible),SRC00720,~$900M+ (equity + debt),Tracxn count includes debt and grant rounds; TheKredible may exclude some. Both are database estimates.,preserved-conflict,2026-09-15
CF00146,S0040,FY24_revenue,"Rs 14,443 Cr (Entrackr/RoC)",SRC00720,"Rs 17,564 Cr GMV (MoneyControl/ET)",SRC00730,"Revenue Rs 14,443 Cr; GMV Rs 17,564 Cr (FY24)","Revenue vs GMV are different metrics; GMV includes trading volume, revenue is actual income",resolved,2026-09-15
CF00147,S0041,FY25 revenue,"FY25 operating revenue Rs 6,759.3cr (ET, Feb 2026)",SRC00741,"FY25 revenue Rs 7,374.4cr vs 8,345.9cr FY24 (Mint pivot piece)",SRC00749,6759.3,"Unresolved; both press-quoted filings. ET figure (6759.3cr, loss 478.9cr) used as primary since both outlets agree on loss figure.",preserved-conflict,2026-09-15
CF00148,S0041,2021 valuation path,"$8B valuation (Moneycontrol, Nov 2021)",SRC00737,"$3.6B valuation after $400M secondary (ET, Apr 2021)",SRC00750,$8B latest,Both kept as a sequence: $2.5B (Sep 2020) -> ~$5B secondary (Mar 2021) -> $8B (Nov 2021). ET's $3.6B likely transaction-specific. No averaging.,preserved-conflict,2026-09-15
CF00149,S0042,total_funding,Total equity $266M (Tracxn via ET),SRC00752,"$964M over 13 rounds (CB Insights, incl. debt)",SRC00773,unresolved - both preserved,Different scopes (equity-only vs equity+debt). Kept both with scope labels.,preserved-conflict,2026-09-15
CF00150,S0042,valuation,2025 valuation under $1B (Dec 2025 buyback),SRC00752,$8B Series E target / $10B IPO target (2024-25 reports),SRC00753,under $1B (transacted),Kept as sequence: aspirational 2024-25 targets vs transacted Dec 2025 buyback valuation. Buyback is the transacted fact.,resolved,2026-09-15
CF00151,S0042,cin,U72900KA2011PTC060216,,U72900HR2011PTC129638,,unresolved - both preserved,phase3 p3 payload disagrees with existing value; existing kept as preferred pending human review,preserved-conflict,p3-merge
CF00152,S0042,business_model,"B2B adtech (InMobi Advertising) + consumer engine (Glance lock-screen/AI shopping, Roposo, 1Weather)",,"B2B adtech (InMobi Advertising DSP/Exchange) + consumer engine (Glance AI shopping, Roposo, 1Weather)",,unresolved - both preserved,phase3 p3 payload disagrees with existing value; existing kept as preferred pending human review,preserved-conflict,p3-merge
CF00153,S0042,hq_type,operating (redomiciling India from Singapore; in progress Dec 2025),,operating HQ Bengaluru; registered office Haryana (redomiciling in progress),,unresolved - both preserved,phase3 p3 payload disagrees with existing value; existing kept as preferred pending human review,preserved-conflict,p3-merge
CF00154,S0042,CIN/state,U72900KA2011PTC060216 (Karnataka) per ZaubaCorp,SRC00758,U72900HR2011PTC129638 (Haryana) per Tofler,SRC00757,U72900HR2011PTC129638 (Haryana),Tofler confirms Haryana CIN; KA variant likely sister entity or outdated registry entry. Both incorporated 02 Sep 2011.,preserved-conflict,2026-09-15
CF00155,S0042,total_funding,$266M equity (Tracxn via ET),SRC00752,$216M PE (FE Jan 2025),SRC00753,unresolved - both preserved,Different scopes/timing. FE figure likely excludes some rounds. Both are press-quoted.,preserved-conflict,2026-09-15
CF00156,S0042,valuation,Under $1B (Dec 2025 buyback transacted),SRC00752,$1.5B last known valuation (FE Jan 2025),SRC00753,Under $1B (transacted Dec 2025),Different timepoints. $1.5B was pre-buyback; buyback transacted at under $1B.,resolved,2026-09-15
CF00157,S0044,Series G valuation Dec 2024,$210M Series G at $1.4B valuation (company statement),SRC00786,$210M round largely secondary at ~$750-800M valuation,SRC00785,Primary $1.4B; secondary ~$750-800M,Both true per ET: primary infusion at $1.4B flat; secondary sale at ~$750-800M discount,preserved-conflict,2026-09-15
CF00158,S0044,legal_name,Rebel Foods Private Limited (formerly Faasos Food Services),,Rebel Foods Private Limited,,unresolved - both preserved,phase3 p3 payload disagrees with existing value; existing kept as preferred pending human review,preserved-conflict,p3-merge
CF00159,S0044,business_model,"Cloud kitchens + omnichannel (EatSure food courts, Wendy's franchise)",,"Cloud kitchens + omnichannel (EatSure food courts, Wendy's India franchise, brand portfolio)",,unresolved - both preserved,phase3 p3 payload disagrees with existing value; existing kept as preferred pending human review,preserved-conflict,p3-merge
CF00160,S0044,Founder identity,Jaydeep Barman and Kallol Banerjee are co-founders (multiple sources),SRC00785,Raghav Joshi quoted as 'co-founder' in Smoor PR,SRC00791,"Primary founders: Barman, Banerjee; Joshi role uncertain",Barman and Banerjee are primary co-founders (2011); Joshi may be a later co-founder or executive,resolved,2026-09-15
CF00161,S0044,Ankush Grover CEO,Ankush Grover replaced Jaydeep Barman as CEO,SRC00793,Jaydeep Barman still listed as CEO in Dec 2024 ET article,SRC00785,"UNCONFIRMED - likely EatClub, not Rebel Foods",The EatClub article's sentence about Barman/Grover is ambiguous; may refer to EatClub not Rebel Foods. NOT confirmed for Rebel Foods.,resolved,2026-09-15
CF00162,S0045,unicorn ordinal 2025,India's 3rd unicorn of 2025 (ET),SRC00810,"India's 4th unicorn of 2025 (TOI/FE: after Netradyne, Juspay/Porter, JSW One)",SRC00803,unresolved - both preserved,Unresolved ordinal; keep both; valuation >$1B consistent,preserved-conflict,2026-09-15
CF00163,S0045,founded year,Founded 2009,SRC00811,Founded 2010,SRC00812,unresolved - both preserved,Use 2009 per Tracxn/PitchBook/Inc42; note 2010 per company statements,preserved-conflict,2026-09-15
CF00164,S0045,city,"Bengaluru (operating/brand HQ); registered office Rajnandgaon, Chhattisgarh",,Bengaluru,,unresolved - both preserved,phase3 p3 payload disagrees with existing value; existing kept as preferred pending human review,preserved-conflict,p3-merge
CF00165,S0045,employee_estimate,3400-4195 (PitchBook 3400 as of 2025; Tracxn official 4195),,3489,,unresolved - both preserved,phase3 p3 payload disagrees with existing value; existing kept as preferred pending human review,preserved-conflict,p3-merge
CF00166,S0045,entity identity,"Drools = Drools Pet Food (Bengaluru, pet food unicorn)",SRC00802,"Drools = Apache Drools/jBPM (open-source rule engine, Red Hat, Raleigh NC)",SRC00813,Drools Pet Food Pvt Ltd (Bengaluru),NAME COLLISION: These are completely different entities. This P3 record covers Drools Pet Food Pvt Ltd (Bengaluru). The open-source Drools is a Red Hat/Apache project with no India entity.,preserved-conflict,2026-09-15
CF00167,S0045,entity identity,Drools = Drools Pet Food (Bengaluru),SRC00802,"FusionReactor APM = Intergral GmbH (Boblingen, Germany)",SRC00805,FusionReactor = Intergral GmbH (Germany); NOT related to Drools Pet Food,"NAME COLLISION: FusionReactor is made by Intergral GmbH (Germany), NOT by any 'Drools AI' company in Bengaluru. No 'Drools AI' entity exists in Bengaluru.",resolved,2026-09-15
CF00168,S0046,IPO size,"DRHP Rs 4,900cr (fresh Rs 1,279.3cr + OFS Rs 3,620.7cr)",SRC00815,"Final IPO Rs 2,834cr (fresh Rs 1,023.5cr + OFS Rs 1,810.4cr)",SRC00819,"Listed issue Rs 2,834cr",DRHP was Aug 2025 plan; issue downsized ~40% at listing Feb 2026 per Reuters/CEO,resolved,2026-09-15
CF00169,S0047,total funding,Total raised $263M (company statement June 2025),SRC00829,Total disclosed $276-287M (Tracxn/Inc42 incl. debt/secondaries),SRC00850,unresolved - both preserved,Use company $263M as primary; note DB higher figures include debt/secondary,preserved-conflict,2026-09-15
CF00170,S0047,city,"Bengaluru, Karnataka",,Bengaluru,,unresolved - both preserved,phase3 p3 payload disagrees with existing value; existing kept as preferred pending human review,preserved-conflict,p3-merge
CF00171,S0047,business_model,B2B marketplace + logistics + fintech working capital + J24 retail network,,B2B marketplace + logistics + fintech working capital + J24 retail network + GoldenEye Retail OS,,unresolved - both preserved,phase3 p3 payload disagrees with existing value; existing kept as preferred pending human review,preserved-conflict,p3-merge
CF00172,S0047,employee_estimate,"446 (Tracxn official) to ~1435 (Inc42, likely incl. field staff)",,1435,,unresolved - both preserved,phase3 p3 payload disagrees with existing value; existing kept as preferred pending human review,preserved-conflict,p3-merge
CF00173,S0047,total funding raised,Total raised $263M (company statement June 2025),SRC00835,Total disclosed $276-287M (Tracxn/Inc42 incl. debt/secondaries),SRC00850,$263M (company-stated),Use company $263M as primary; note higher figures include debt rounds and secondary transactions,resolved,2026-09-15
CF00174,S0047,FY24 revenue,Rs 914Cr (Tracxn),SRC00831,Rs 913.8Cr (Inc42),SRC00841,Rs 913.8-914Cr,Tracxn rounds to 914Cr; Inc42 gives precise 913.8Cr; essentially same figure,resolved,2026-09-15
CF00175,S0047,FY25 revenue,Rs 725.1Cr (Inc42),SRC00841,Rs 103.8Cr+ (Inc42 financials page - likely different metric),SRC00841,Rs 725.1Cr total revenue FY25,725.1Cr is total revenue; 103.8Cr may be operating revenue or different classification,resolved,2026-09-15
CF00176,S0048,founded year,Founded 2014,SRC00851,Founded 2012 / 2015 in some profiles,SRC00874,unresolved - both preserved,Use 2014 per ET/VCCircle founder reporting,preserved-conflict,2026-09-15
CF00177,S0048,legal_name,Home Interior Designs E-commerce Pvt Ltd (India); group via Singapore,,Livspace India Private Limited (formerly Home Interior Designs E-commerce Pvt Ltd),,unresolved - both preserved,phase3 p3 payload disagrees with existing value; existing kept as preferred pending human review,preserved-conflict,p3-merge
CF00178,S0048,city,Bengaluru (HQ); Singapore domicile (reverse flip planned); ops India/Singapore/Middle East,,Bengaluru,,unresolved - both preserved,phase3 p3 payload disagrees with existing value; existing kept as preferred pending human review,preserved-conflict,p3-merge
CF00179,S0048,business_model,"Marketplace + services (design-to-installation fees, commissions, private label)",,"Marketplace + services (design-to-installation fees, commissions, private label); franchise model (Livspace Studios)",,unresolved - both preserved,phase3 p3 payload disagrees with existing value; existing kept as preferred pending human review,preserved-conflict,p3-merge
CF00180,S0048,employee_estimate,6500 (PitchBook 2026),,6500,,unresolved - both preserved,phase3 p3 payload disagrees with existing value; existing kept as preferred pending human review,preserved-conflict,p3-merge
CF00181,S0048,founded_year,Founded 2014 (ET/VCCircle/Livspace official),SRC00856,Founded 2015 (some profiles/Dealroom) or 2012 (VCCircle article),SRC00868,2014,Use 2014 per MCA incorporation date (23 Jun 2014) and Livspace official website,resolved,2026-09-15
CF00182,S0048,total_funding,$450M (company statement),SRC00857,$512M in 14 rounds (Tracxn),SRC00861,$512M,Tracxn includes later tranches (2024-2025) not counted in company's $450M figure; use $512M as total raised to date,resolved,2026-09-15
CF00183,S0048,employee_count,"6,500 (PitchBook 2026)",SRC00873,"7,887 (Inc42); 4,353 (Tracxn official); ~8,000 pre-layoff (Feb 2026 reports)",SRC00877,"6,500-7,000 (post-layoff)","Post-layoff estimate ~7,000; PitchBook 6,500 may reflect latest count; Tracxn 4,353 may be India-only",resolved,2026-09-15
CF00184,S0048,founder_GNAN,GNAN listed as founder in some sources,user_prompt,"No GNAN found; founders are Anuj Srivastava, Ramakant Sharma, Saurabh Jain, Shagufta Anurag",SRC00856,"No GNAN founder; verified founders are Srivastava, Sharma, Jain, Anurag","GNAN likely refers to Gokul Rajaram (angel investor, not founder) or is an error; verified founders via MCA and official website",resolved,2026-09-15
CF00185,S0049,legal_name,"Meesho Limited (listed Dec 2025; formerly Meesho Inc./Pvt Ltd; subsidiaries incl. Meesho Technologies, Meesho Grocery, Meesho Payments)",,Meesho Limited,,unresolved - both preserved,phase3 p3 payload disagrees with existing value; existing kept as preferred pending human review,preserved-conflict,p3-merge
CF00186,S0049,cin,U74900KA2015PTC082263,,U74900KA2015PLC082263,,unresolved - both preserved,phase3 p3 payload disagrees with existing value; existing kept as preferred pending human review,preserved-conflict,p3-merge
CF00187,S0049,incorporation_date,2015-01-01,,2015-08-13,,unresolved - both preserved,phase3 p3 payload disagrees with existing value; existing kept as preferred pending human review,preserved-conflict,p3-merge
CF00188,S0049,city,"Bengaluru, Karnataka",,Bengaluru,,unresolved - both preserved,phase3 p3 payload disagrees with existing value; existing kept as preferred pending human review,preserved-conflict,p3-merge
CF00189,S0049,business_model,Commission-light marketplace (ads + logistics/Valmo fees; commission on Meesho Mall),,"Zero-commission marketplace; revenue from logistics (Valmo), advertising (Meesho Ads), and Meesho Mall brand ads",,unresolved - both preserved,phase3 p3 payload disagrees with existing value; existing kept as preferred pending human review,preserved-conflict,p3-merge
CF00190,S0049,employee_estimate,2082 (Tracxn official),,2082,,unresolved - both preserved,phase3 p3 payload disagrees with existing value; existing kept as preferred pending human review,preserved-conflict,p3-merge
CF00191,S0049,public_private,Public (since Dec 2025 IPO),,Public,,unresolved - both preserved,phase3 p3 payload disagrees with existing value; existing kept as preferred pending human review,preserved-conflict,p3-merge
CF00192,S0049,official_website,https://meesho.in,SRC00906,https://www.meesho.com/,,unresolved - both preserved,phase3 p3 payload disagrees with existing value; existing kept as preferred pending human review,preserved-conflict,p3-merge
CF00193,S0049,founders,Sanjeev Barnwal (co-founder),SRC00900,Sanjeev Kumar (per Tofler director listing),SRC00893,Sanjeev Barnwal (Sanjeev Kumar),Sanjeev Barnwal = Sanjeev Kumar (same person); Tofler uses full name Sanjeev Kumar,resolved,2026-09-15
CF00194,S0049,funding_rounds,Series F $570M at $4.9B (Sep 2021),SRC00894,Series F $570M at $4.9B (Sep 2021) per enrich file,SRC00894,No conflict,Consistent across sources,resolved,2026-09-15
CF00195,S0049,funding_rounds,Jan 2025 round $270M at $3.9B,SRC00890,$270M at $3.9B per enrich file,SRC00907,No conflict,Consistent across sources,resolved,2026-09-15
CF00196,S0049,identity,Shark Tank ₹110L investment (from prompt),prompt,No evidence found in any source,N/A,UNKNOWN - unverified claim,Cannot verify; no source found confirming Shark Tank investment in Meesho,resolved,2026-09-15
CF00197,S0050,peak valuation,Peak valuation $7.3B (late 2021),SRC00909,Peak $6B (2019 Hyundai/Kia round),SRC00908,unresolved - both preserved,Different vintages; $7.3B later peak generally cited,preserved-conflict,2026-09-15
CF00198,S0051,FY25 revenue,FY25 operating revenue Rs 934.44Cr (Tofler via BS/ET),SRC00927,FY25 revenue Rs 1002.87Cr incl. other income (Tracxn via HinduBL),SRC00944,unresolved - both preserved,Both consistent: 934Cr operating + ~68Cr other income = ~1003Cr total,preserved-conflict,2026-09-15
CF00199,S0051,legal_name,Roppen Transportation Services Private Limited (dba Rapido),,Roppen Transportation Services Private Limited,,unresolved - both preserved,phase3 p3 payload disagrees with existing value; existing kept as preferred pending human review,preserved-conflict,p3-merge
CF00200,S0051,city,"Bengaluru, Karnataka",,Bengaluru,,unresolved - both preserved,phase3 p3 payload disagrees with existing value; existing kept as preferred pending human review,preserved-conflict,p3-merge
CF00201,S0051,primary_sector,Mobility / road transport tech (bike taxi-led multimodal),,Mobility / road transport tech (bike-taxi-led multimodal),,unresolved - both preserved,phase3 p3 payload disagrees with existing value; existing kept as preferred pending human review,preserved-conflict,p3-merge
CF00202,S0051,business_model,Ride-hailing marketplace (commission on bike taxis; subscription for auto/cab; delivery + ads),,Ride-hailing marketplace (zero-commission SaaS subscription for drivers; commission-free food delivery via Ownly; ads),,unresolved - both preserved,phase3 p3 payload disagrees with existing value; existing kept as preferred pending human review,preserved-conflict,p3-merge
CF00203,S0051,employee_estimate,817 (Tracxn official),,817,,unresolved - both preserved,phase3 p3 payload disagrees with existing value; existing kept as preferred pending human review,preserved-conflict,p3-merge
CF00204,S0051,FY25 revenue,FY25 operating revenue Rs 934.44Cr (BS via RoC filings),SRC00927,FY25 revenue Rs 1002.87Cr incl. other income (Tracxn via HinduBL),SRC00944,934.44Cr operating revenue; 1002.87Cr total revenue,Both consistent: 934.44Cr operating + ~68Cr other income = ~1003Cr total,preserved-conflict,2026-09-15
CF00205,S0052,total funding,Inc42 says $1.26Bn+ across 13 rounds; CEO says ~$1.2Bn; VFS estimates $1.7B. Keep Inc42/CEO figures; VFS is a weak estimate source.,,,,~$1.2-1.26Bn,use $1.2-1.26Bn disclosed range,resolved,2026-09-15
CF00206,S0052,founding team roles,Some 2026 pieces list Manohar Charan elevated to cofounder/CFO; original cofounders Sachdeva/Singh/Ahsan. Bhanu and Farid stepped back from day-to-day in 2023.,,,,see founders[],original founders as founders; Charan as CFO/cofounder per 2026 reports,resolved,2026-09-15
CF00207,S0052,legal_name,Mohalla Tech Pvt Ltd (operator of ShareChat/Moj/QuickTV),,Mohalla Tech Pvt Ltd,,unresolved - both preserved,phase3 p3 payload disagrees with existing value; existing kept as preferred pending human review,preserved-conflict,p3-merge
CF00208,S0052,primary_sector,social media,,social media / vernacular platforms,,unresolved - both preserved,phase3 p3 payload disagrees with existing value; existing kept as preferred pending human review,preserved-conflict,p3-merge
CF00209,S0052,business_model,ad-supported + virtual gifting + subscriptions (QuickTV micro-drama),,ad-supported + virtual gifting/live streaming + subscriptions (QuickTV micro-drama),,unresolved - both preserved,phase3 p3 payload disagrees with existing value; existing kept as preferred pending human review,preserved-conflict,p3-merge
CF00210,S0052,employee_estimate,UNKNOWN,,1712,,unresolved - both preserved,phase3 p3 payload disagrees with existing value; existing kept as preferred pending human review,preserved-conflict,p3-merge
CF00211,S0052,total_funding,$1.26Bn+ across 13 rounds (Inc42),SRC00965,$1.721Bn (CBInsights),SRC00996,~$1.2-1.4Bn disclosed,Use Tracxn figure of ~$1.39Bn total disclosed; CBInsights may include unconfirmed rounds,resolved,2026-09-15
CF00212,S0052,valuation_2022,"$5Bn (Outlook Business, Series H)",SRC00970,"$4.9Bn (VCCircle, Series H add-on)",SRC00967,$4.9-5.0Bn,Same round; reporting-scope difference. Use $5Bn as headline valuation,resolved,2026-09-15
CF00213,S0052,valuation_2024,Below $2B (TechCrunch source),SRC00983,No valuation attached (ShareChat statement),SRC00983,Below $2B (per source),Company denied valuation; source says below $2B. Debt converts below $2B in next round.,resolved,2026-09-15
CF00214,S0053,legal_name,UNKNOWN,,Apnatime Tech Private Limited,,unresolved - both preserved,phase3 p3 payload disagrees with existing value; existing kept as preferred pending human review,preserved-conflict,p3-merge
CF00215,S0053,business_model,marketplace / SaaS hiring platform,,marketplace / SaaS hiring platform + enterprise Voice AI,,unresolved - both preserved,phase3 p3 payload disagrees with existing value; existing kept as preferred pending human review,preserved-conflict,p3-merge
CF00216,S0053,employee_estimate,1605 (PitchBook profile; UNVERIFIED),,745,,unresolved - both preserved,phase3 p3 payload disagrees with existing value; existing kept as preferred pending human review,preserved-conflict,p3-merge
CF00217,S0053,ceo_identity,"Nirmit Parikh is CEO (Tracxn, ET ETHRWorld Oct 2025)",SRC00998,Kartik Narayan is CEO (Hindu BusinessLine Jun 2026),SRC01000,"Nirmit Parikh = Founder & Group CEO; Kartik Narayan = CEO, Jobs Marketplace vertical","Nirmit Parikh is Founder and Group CEO; Kartik Narayan is CEO of the Jobs Marketplace vertical (appointed Oct 2025), reporting to Nirmit Parikh",resolved,2026-09-15
CF00218,S0053,registered_office_address,"G-28 Quest Coworks, Andheri E, Mumbai (Tofler/MCA)",SRC01003,"Innov8 Orchid Centre, Gurgaon, Haryana (Tracxn)",SRC00998,"Current MCA registered address: Mumbai (Andheri E); previous/alternative registered address: Gurugram, Haryana",Tofler shows current MCA-registered address in Mumbai; Tracxn shows Gurgaon as registered address. MCA filings may have been updated. Both are registered office addresses at different points.,preserved-conflict,2026-09-15
CF00219,S0053,employee_count,1605 (PitchBook profile),SRC01001,"745 (Tracxn, Aug 2025)",SRC00998,745 as of Aug 2025 (Tracxn); 1605 from PitchBook (unverified),Tracxn figure (745) is more recent and from a more specific source; PitchBook figure (1605) is unverified and may include contractors or be outdated,resolved,2026-09-15
CF00220,S0053,revenue_range,INR 100-150 Cr (Tofler key metrics),SRC01003,"INR 122 Cr (Inc42, FY25 operating revenue)",SRC00999,FY25 operating revenue = INR 122 Cr (Inc42); Tofler range INR 100-150 Cr is consistent,Tofler range is approximate; Inc42 figure is specific FY25 operating revenue. Not a true conflict - Tofler range encompasses the Inc42 figure.,resolved,2026-09-15
CF00221,S0054,revenue_fy25,"FY25 operating revenue Rs 1,667 Cr (Entrackr filings)",SRC01011,"FY25 revenue Rs 1,733.6 Cr (Inc42)",SRC01023,"Rs 1,667 Cr operating revenue","Use Entrackr filing figure Rs 1,667 Cr as primary; note Inc42 variance.",resolved,2026-09-15
CF00222,S0055,founded year,"Brand founded 2018 per ET/Inc42/Wikipedia; MCA incorporation 15 Jan 2015 (earlier legal entity, formerly Greyradar/Cube26 Automotive).",,,,2018 / 2015-01-15,"record both: brand 2018, legal incorporation 2015",preserved-conflict,2026-09-15
CF00223,S0055,FY25 PAT,"Inc42: net loss 200.2cr; SensiBook: PAT -203.27cr. Minor diff, likely rounding/consolidation.",,,,~-200cr loss,use Inc42 press figure with note,resolved,2026-09-15
CF00224,S0055,city,Delhi (batch said Bengaluru — corrected: Delhi HQ per all sources),,Delhi,,unresolved - both preserved,phase3 p3 payload disagrees with existing value; existing kept as preferred pending human review,preserved-conflict,p3-merge
CF00225,S0055,employee_estimate,447 (per The Company Check; UNVERIFIED),,500,,unresolved - both preserved,phase3 p3 payload disagrees with existing value; existing kept as preferred pending human review,preserved-conflict,p3-merge
CF00226,S0055,founded year,2018 (brand launch),SRC01025,2015 (MCA incorporation),SRC01029,2018 / 2015-01-15,Brand founded 2018; legal entity incorporated 15 Jan 2015 (formerly Cube26 lineage),resolved,2026-09-15
CF00227,S0055,Hero MotoCorp stake,35-36%,SRC01025,34%,SRC01039,34-36%,ET says 35-36%; Mint says 34% at end of FY26. Likely rounding or timing difference.,resolved,2026-09-15
CF00228,S0055,FY25 net loss,-200.2 crore,SRC01026,-261 crore (FY26 loss widened from),SRC01039,FY25: -200cr; FY26: -315cr,"Different fiscal years: FY25 loss ~200cr, FY26 loss 315cr (per Mint). The 261cr figure may be a different consolidation.",resolved,2026-09-15
CF00229,S0055,FY25 revenue,191.3 crore,SRC01026,192.26 crore,SRC01025,INR 191-192 crore,Minor rounding difference between Inc42 and ET; both cite same filing,preserved-conflict,2026-09-15
CF00230,S0055,total raised,"Rs 1,900 crore",SRC01025,"$224M (approx Rs 1,900cr)",SRC01026,"~$224M / ~Rs 1,900cr",Consistent; company-claimed cumulative figure,resolved,2026-09-15
CF00231,S0056,headcount,Inc42 profile says 510 employees; LinkedIn page snippet says 1063 (+35% YoY). LinkedIn headcount is not audited.,,,,UNKNOWN (510 vs 1063),"keep both, neither as fact",preserved-conflict,2026-09-15
CF00232,S0056,Series E valuation,Entrackr/TheKredible est. $590-600M post-money; ET sources peg >$500M vs $270M in 2022.,,,,~$500-600M (est.),"report range, mark estimate",resolved,2026-09-15
CF00233,S0057,series_f_size,"$275M Series F (TechCrunch, company)",SRC01052,$179M Series F primary (Tracxn table),SRC01054,$275M headline ($179M primary + ~$96M secondary),$275M headline incl ~35% (~$96M) secondary per CEO; Tracxn $179M = primary slice. Keep both.,preserved-conflict,2026-09-15
CF00234,S0058,funding_rounds[Series C].announced_date,"Series C announced 2026-09-07 (company PR, Indian press)",SRC01088,Series C announced 2026-09-06 (SpaceNews Tampa dateline),SRC01058,2026-09-06/07,Use 2026-09-06/07 range; SpaceNews published Sept 6 US time = Sept 7 IST,resolved,2026-09-15
CF00235,S0058,company.total_funding_disclosed,Total funding $195M post-Series C (company + Indian press),SRC01089,"Total funding $197.98M+ (Inc42 Datalabs) / $270M over 14 rounds (Tracxn, likely includes non-equity)",SRC01060,~$195M disclosed,Prefer company-stated $195M disclosed equity; Tracxn higher figure likely counts tranches/other instruments,resolved,2026-09-15
CF00236,S0058,company.incorporation_date,"Incorporated 27 Feb 2019 (falconebiz, same CIN)",SRC01069,"Date of incorporation Mar 27, 2019 (Tracxn legal entity, same CIN)",SRC01090,2019-02/03,Unresolved; same CIN U74999KA2019FTC122792 both sides — needs MCA master-data check,preserved-conflict,2026-09-15
CF00237,S0059,Mar 2026 equity round size,INR 380cr (~$41.1M per Mercom),SRC01092,INR 380.5cr (~$42M per company PR),SRC01094,INR 380.5cr,Same round; FX rounding differences only,resolved,2026-09-15
CF00238,S0060,FY24 revenue,"FY24 revenue Rs 358cr (+58% YoY, Entrackr from RoC)",SRC01105,"FY24 revenue Rs 367.1cr (+60.7% YoY, Inc42 company page)",SRC01115,Rs 358cr operating revenue,Different cuts of same RoC filing (operating vs total); prefer Entrackr operating-revenue figure,resolved,2026-09-15
CF00239,S0061,total_funding,Total funding ~$71.5M incl. Series C (Business Upturn),SRC01136,Total funding >$65M (Femtech Insider/Inc42),SRC01133,~$65-71.5M,Both count the mixed $50M print; treat as ~$65-71.5M range pending primary split disclosure,preserved-conflict,2026-09-15
CF00240,S0061,funding_rounds.series_c.primary_vs_secondary,$50M Series C headline,SRC01118,"Only ~$14M primary, rest secondary (ET via Afterglow)",SRC01127,$50M mixed; split undisclosed per company statement,"Company confirmed mix of primary + secondary; split undisclosed in company statement; ET-quoted $14M primary treated as press-quoted, not company-confirmed",resolved,2026-09-15
CF00241,S0061,cin,U24299HR2019PTC079977,,U24290MH2016PTC288629,,unresolved - both preserved,phase3 p3 payload disagrees with existing value; existing kept as preferred pending human review,preserved-conflict,p3-merge
CF00242,S0061,business_model,"D2C + omnichannel retail (e-commerce, quick commerce, offline; Apollo Pharmacy, Wellness Forever)",,"D2C + omnichannel retail (e-commerce, quick commerce, offline; Amazon, Nykaa, Zepto, Swiggy Instamart, Myntra M-Now)",,unresolved - both preserved,phase3 p3 payload disagrees with existing value; existing kept as preferred pending human review,preserved-conflict,p3-merge
CF00243,S0061,total_funding,Total funding ~$71.5M (Business Upturn),SRC01131,Total funding >$65M (Femtech Insider/Inc42),SRC01125,~$65-71.5M,Both count the mixed $50M print; treat as ~$65-71.5M range pending primary split disclosure,preserved-conflict,2026-09-15
CF00244,S0061,financials.FY25.pat,Net loss -7.0 Cr (Inc42),SRC01120,Net loss -14.94 Cr (Kredible/Tofler for FY24),SRC01134,FY25 PAT -7.0 Cr; FY24 PAT -14.94 Cr,"Different fiscal years; Inc42 FY25 = -7.0 Cr, Kredible FY24 = -14.94 Cr. Not a conflict.",resolved,2026-09-15
CF00245,S0061,employee_count,106 employees (Inc42 older data),SRC01125,254 employees (Inc42 updated data),SRC01125,254,Inc42 Datalabs updated to 254 (+3.25% last 90d); 106 was older figure. Use 254.,resolved,2026-09-15
CF00246,S0062,total_funding,"Pre-Series C total ~$50M, 30-35% still in bank (founder to TechCrunch, Aug 2025)",SRC01138,Total ~$91M per Inc42 Datalabs (Aug 2025),SRC01139,Series C $85M; cumulative $50-91M range disputed,"Founder figure likely counts primary only; Datalabs cumulative incl. tranches; keep both, use $85M Series C as anchor",preserved-conflict,2026-09-15
CF00247,S0062,valuation,"Valuation >$400M (TechCrunch, Aug 2025)",SRC01138,"Post-money ~$340M C1 tranche, $410M C2 tranche (Entrackr RoC estimates)",SRC01160,"~$410M post-money (C2, July 2025, Entrackr estimate)",Entrackr RoC-based tranche estimates more granular; TechCrunch >$400M consistent with C2 $410M; adopt ~$410M post C2,resolved,2026-09-15
CF00248,S0062,financials,"FY24 revenue Rs 315 Cr, loss Rs 61 Cr (Entrackr RoC)",SRC01140,"Inc42 FY25 page shows revenue Rs 8.3 Cr, loss Rs 120 Cr (likely partial/wrong entity mapping)",SRC01158,"FY24: rev Rs 315 Cr, loss Rs 61 Cr","Prefer Entrackr RoC-based FY24; flag Inc42 FY25 page as suspect entity mismatch, do not use as audited fact",resolved,2026-09-15
CF00249,S0062,legal_name,Intellihealth Solutions Private Limited (alias per LinkedIn),,Intellihealth Solutions Private Limited,,unresolved - both preserved,phase3 p3 payload disagrees with existing value; existing kept as preferred pending human review,preserved-conflict,p3-merge
CF00250,S0062,cin,U85320MH2019PTC320566,,U62099MH2019PTC320566,,unresolved - both preserved,phase3 p3 payload disagrees with existing value; existing kept as preferred pending human review,preserved-conflict,p3-merge
CF00251,S0062,incorporation_date,2019,,2019-02-01,,unresolved - both preserved,phase3 p3 payload disagrees with existing value; existing kept as preferred pending human review,preserved-conflict,p3-merge
CF00252,S0062,total_funding,"Pre-Series C total ~$50M (founder to TechCrunch, Aug 2025)",SRC01138,Total ~$91M per Inc42 Datalabs (Aug 2025); $114M per Tracxn; $135M per ET,SRC01139,Series C $85M; cumulative $114-135M disputed,Founder figure likely counts primary only; Datalabs/Tracxn cumulative incl. tranches; ET says $135M to date. Use $85M Series C as anchor; cumulative range $114-135M,resolved,2026-09-15
CF00253,S0062,valuation,"Valuation >$400M (TechCrunch, Aug 2025)",SRC01138,"Post-money ~$340M C1, $410M C2 (Entrackr RoC estimates); $407M (Tracxn)",SRC01160,"~$410M post-money (C2, Jul 2025)",Entrackr RoC-based tranche estimates more granular; TechCrunch >$400M consistent with C2 $410M; adopt ~$410M post C2,resolved,2026-09-15
CF00254,S0062,employee_count,"2,800 (founder, Aug 2025)",SRC01138,"1,365 LinkedIn / 1,381 Inc42 / 318 Tracxn official",SRC01152,Employee count unresolved; range 318-2800 depending on methodology,"2,800 likely includes fulfillment center staff; 318 may be corporate-only; 1,381 may be a mid-point. Keep all as conflicting data points",resolved,2026-09-15
CF00255,S0062,cin,"U85320MH2019PTC320566 (existing JSON, ZaubaCorp page)",SRC01143,"U62099MH2019PTC320566 (Truemeds own website, Tofler, Tracxn)",SRC01145,U62099MH2019PTC320566,Company's own website and Tofler confirm U62099MH2019PTC320566; ZaubaCorp page shows U85320 which may be an older/incorrect listing. Adopt U62099MH2019PTC320566,resolved,2026-09-15
CF00256,S0063,founded_date,"Founded 2024 (company site, most press)",SRC01175,Founded 2025 (weaverhfc.com hero text 'Born in 2025'),SRC01178,2024-04,"Prefer April 2024 (ET interview, Centrum press release, Inc42); site hero text treated as marketing anomaly",resolved,2026-09-15
CF00257,S0063,total_funding,"$170M round (Aug 2025) + Rs 1,450 Cr two-tranche raise (Mar 2026); Inc42 total $326M+",SRC01172,"BWDisrupt: Rs 1,450 Cr follows earlier $170M round",SRC01179,$326M+ cumulative (Inc42); tranches as listed,Treat as sequential raises; $326M+ cumulative per Inc42 plausible; exact overlap not fully reconciled,resolved,2026-09-15
CF00258,S0063,business_model,"Tech-led affordable housing finance (AI underwriting, alternative data); acquisition-led scale",,"Tech-led affordable housing finance (AI underwriting, alternative data); acquisition-led scale (CIHL 100%, Centrum HFL 75%)",,unresolved - both preserved,phase3 p3 payload disagrees with existing value; existing kept as preferred pending human review,preserved-conflict,p3-merge
CF00259,S0063,paid_up_capital,"₹66,26,83,600 (InstaFinancials)",SRC01173,₹49.03 Cr (CompanyCheck),SRC01174,₹66.27 Cr (InstaFinancials/MCA),InstaFinancials shows ₹66.27 Cr; CompanyCheck shows ₹49.03 Cr. InstaFinancials directly reads MCA; prefer InstaFinancials but note discrepancy.,resolved,2026-09-15
CF00260,S0063,registered_address,"701 Tower 3 Crescent Bay, Parel, Mumbai 400012 (Tracxn)",SRC01169,"19th Floor, 19 NW, Shivaji Park, Mumbai 400028 (InstaFinancials)",SRC01173,"701 Tower 3 Crescent Bay, Parel, Mumbai 400012",Tracxn and CompanyCheck agree on Crescent Bay; InstaFinancials shows Shivaji Park. Possible registered office change or different address fields. Prefer Crescent Bay as more recent.,resolved,2026-09-15
CF00261,S0063,founded_date,"2024-04 (MCA incorporation, ET interview)",SRC01175,2025 (weaverhfc.com hero text 'Born in 2025'),SRC01178,2024-04-02,MCA incorporation date 02 Apr 2024 is authoritative; site hero text is marketing anomaly.,resolved,2026-09-15
CF00262,S0064,total funding,Tracxn $368M / Inc42 $376M / CB Insights $376.4M / Crunchbase $430.9M. Differences likely debt/secondary treatment.,,,,~$368-376M,report $368-376M disclosed range; note Crunchbase higher figure,resolved,2026-09-15
CF00263,S0064,business_model,brokerage-free listings + subscriptions + home/financial services,,"brokerage-free listings + subscriptions + financial services (home loans) + home services (packers & movers, interiors, cleaning, beauty via Zivora) + society management (NoBrokerHood) + rent payments",,unresolved - both preserved,phase3 p3 payload disagrees with existing value; existing kept as preferred pending human review,preserved-conflict,p3-merge
CF00264,S0064,employee_estimate,1001-5000 (Crunchbase range; UNVERIFIED),,1001-5000,,unresolved - both preserved,phase3 p3 payload disagrees with existing value; existing kept as preferred pending human review,preserved-conflict,p3-merge
CF00265,S0064,total_funding,$361M raised (PTI/Rediff Sep 2026),SRC01188,$366M raised (Zivora PR Jul 2026),SRC01189,$361-368M disclosed equity,PTI figure likely excludes some tranches; Zivora PR includes all investors. Tracxn reports $368M; StartupTalky $430.9M (includes debt/secondary).,resolved,2026-09-15
CF00266,S0065,total_funding,Total raised ~$160M incl latest (TOI),SRC01202,Total raised close to $100M (BS/VCCircle statements),SRC01201,~$160M post-round,TOI $160M likely cumulative incl $60M; BS/VCC 'close to $100M' likely pre-round base. Use $160M post-round.,resolved,2026-09-15
CF00267,S0066,founded year,Tracxn/CB Insights say 2020; PitchBook says 2018; ET says 'four-year-old' in 2023 (=2019).,,,,2020,use 2020 (majority + founder narrative),resolved,2026-09-15
CF00268,S0066,Series B lead,TechCrunch Dec 2025: $50M Series B with 360 ONE + SBI Investment + Screwvala (no Reliance named); ET Jan 2026 RoC filing: Reliance led $50M at ~$200M valuation with same co-investors.,,,,"$50M Series B, Reliance-led per RoC","both describe same round; RoC filing is transaction doc — Reliance-led stands, TechCrunch announcement earlier",preserved-conflict,2026-09-15
CF00269,S0066,legal_name,UNKNOWN,,Digantara Research and Technologies Private Limited,,unresolved - both preserved,phase3 p3 payload disagrees with existing value; existing kept as preferred pending human review,preserved-conflict,p3-merge
CF00270,S0066,business_model,space situational awareness data + satellite constellation (defence/gov + commercial operators),,space surveillance data + satellite constellation (defence/gov + commercial operators),,unresolved - both preserved,phase3 p3 payload disagrees with existing value; existing kept as preferred pending human review,preserved-conflict,p3-merge
CF00271,S0066,employee_estimate,UNKNOWN,,125,,unresolved - both preserved,phase3 p3 payload disagrees with existing value; existing kept as preferred pending human review,preserved-conflict,p3-merge
CF00272,S0066,founded year,2018 (incorporation date; FSID IISc article says 'Started by Anirudh Sharma & Rahul Rawat in 2018'),SRC01215,2020 (TechCrunch says 'Founded in 2020'),SRC01209,Incorporated 2018; commercially active 2020,"Incorporated 19 Dec 2018 per MCA records; pivoted to commercial SSA in 2020; use 2018 for incorporation, 2020 for commercial founding",resolved,2026-09-15
CF00273,S0066,Series B lead,Reliance Industries led per RoC filing (Jan 2026),SRC01210,360 ONE Asset led per TechCrunch announcement (Dec 2025),SRC01209,Reliance-led per RoC; 360 ONE Asset named as new lead in press,Both describe same round; RoC filing is transaction document — Reliance-led stands per SPEC order,preserved-conflict,2026-09-15
CF00274,S0066,total_funding,"$64.5M (TechCrunch, Inc42)",SRC01209,$66.5M (Tracxn),SRC01228,~$64.5M (most cited),Minor discrepancy; $64.5M most commonly cited; includes $2.5M seed + $12M A1 + $50M B,resolved,2026-09-15
CF00275,S0066,SCOT launch date,"January 2025 (CNBCTV18, SatNews, multiple sources)",SRC01226,"January 2026 (TechCrunch says 'launched its first space surveillance satellite, SCOT, in January')",SRC01209,"January 14, 2025","Multiple primary sources confirm Jan 14, 2025; TechCrunch article published Dec 2025 likely misspoke",resolved,2026-09-15
CF00276,S0067,valuation,"Valuation $2.5B (company-adjacent sources, VCCircle/TechCrunch)",SRC01229,Inc42 calc $2.1B vs source $2.5B at announcement,SRC01250,$2.5B (Mar 2022),Adopt $2.5B as announced valuation; note Inc42's lower calc as methodology footnote,resolved,2026-09-15
CF00277,S0067,hiring.layoffs_sep2025,~400 laid off Sept 2025 (Storyboard18/BusinessLine),SRC01232,"~500 / 70% laid off Sept 2025 (ET, Tracxn base 777)",SRC01231,400-500 (Sept 2025),"Both describe same Sept 2025 RMG-ban round; ET figure larger and later (Sept 10); keep both, headline 400-500 range",preserved-conflict,2026-09-15
CF00278,S0067,quarantined-claim,Dream Sports (Dream11/My11Circle rival context),SRC01233,"My11Circle is a Games24x7 brand (with RummyCircle), not Dream Sports; Dream11 (Dream Sports) is the rival",SRC01233,unresolved - both preserved,Q-wave source hunt: contradicted,preserved-conflict,2026-09-15
CF00279,S0067,status,active (distressed pivot — RMG banned Aug 2025),,active (distressed pivot — RMG banned Aug 2025; free-to-play exploration),,unresolved - both preserved,phase3 p3 payload disagrees with existing value; existing kept as preferred pending human review,preserved-conflict,p3-merge
CF00280,S0067,primary_sector,gaming (real-money skill gaming),,Sports Tech / Gaming (real-money skill gaming),,unresolved - both preserved,phase3 p3 payload disagrees with existing value; existing kept as preferred pending human review,preserved-conflict,p3-merge
CF00281,S0067,business_model,Real-money skill gaming (now suspended) → pivoting to free-to-play; ad/subscription/IAP exploration,,"Real-money skill gaming (RummyCircle, My11Circle) → suspended Aug 2025; pivoting to free-to-play, ad/subscription/IAP",,unresolved - both preserved,phase3 p3 payload disagrees with existing value; existing kept as preferred pending human review,preserved-conflict,p3-merge
CF00282,S0067,employee_count,"777 (Tracxn, Jul 2025)",SRC01240,"666 (Inc42, last 90d)",SRC01252,777 (Jul 2025) → 666 (recent),Tracxn 777 as of Jul 2025; Inc42 666 reflecting post-layoff decline; both plausible at different dates,preserved-conflict,2026-09-15
CF00283,S0067,pat_fy25,-64.0 Cr (Inc42),SRC01230,-72.7 Cr (Inc42 Datalabs FAQ),SRC01230,-64.0 Cr (headline PAT); -72.7 Cr (Datalabs),Inc42 FAQ states -₹64.0 Cr; Datalabs breakdown shows -₹72.7 Cr (63% improvement from FY24). Possible difference between PAT and adjusted PAT.,resolved,2026-09-15
CF00284,S0067,funding_total,$98.1M across 6 rounds (Tracxn),SRC01240,$75M+ (Inc42); $100M (PitchBook),SRC01244,$98.1M total across 6 rounds,Tracxn $98.1M is most granular (6 rounds); PitchBook rounds to $100M; Inc42 only counts disclosed $75M,resolved,2026-09-15
CF00285,S0068,Series G valuation,$2.8 Bn flat valuation,SRC01255,,SRC01274,$2.8Bn,"Use $2.8Bn (Entrackr/Inc42, Sep 2025); Entrepreneur's $2.7Bn appears rounding/FX variance.",resolved,2026-09-15
CF00286,S0068,FY25 revenue,"Rs 18,472 Cr operating revenue FY25 (ET, RoC)",SRC01256,,SRC01263,"Rs 18,472 Cr operating revenue","Use RoC-based ET figure Rs 18,472 Cr; Inc42's Rs 18,555.8 Cr likely total-income vs operating-revenue definitional difference.",resolved,2026-09-15
CF00287,S0068,legal_name,Hella Infra Market Private Limited,,Hella Infra Market Limited,,unresolved - both preserved,phase3 p3 payload disagrees with existing value; existing kept as preferred pending human review,preserved-conflict,p3-merge
CF00288,S0068,incorporation_date,2016-08-01,,2016-07-15,,unresolved - both preserved,phase3 p3 payload disagrees with existing value; existing kept as preferred pending human review,preserved-conflict,p3-merge
CF00289,S0068,status,active private,,active private (pre-IPO via Shalimar Paints reverse listing),,unresolved - both preserved,phase3 p3 payload disagrees with existing value; existing kept as preferred pending human review,preserved-conflict,p3-merge
CF00290,S0068,FY25 revenue,"Rs 18,472 Cr operating revenue (ET, RoC)",SRC01256,"Rs 18,555.8 Cr total income (Inc42 Datalabs)",SRC01263,"Rs 18,472 Cr operating revenue; Rs 18,556 Cr total income","Use Rs 18,472 Cr as operating revenue; Rs 18,556 Cr as total income (includes Rs 84 Cr other income). Both are correct for different metrics.",preserved-conflict,2026-09-15
CF00291,S0068,Series G valuation,$2.8Bn flat (Entrackr),SRC01255,$2.7Bn (Entrepreneur),SRC01274,$2.8Bn,"Use $2.8Bn (Entrackr/Inc42, Sep 2025); Entrepreneur's $2.7Bn appears rounding/FX variance.",resolved,2026-09-15
CF00292,S0068,Employee count,"1,888 (Inc42 Datalabs)",SRC01263,"5,929 (Revelio Labs, March 2026)",SRC01264,"1,888 (Inc42) / 5,929 (Revelio Labs, March 2026)",Different methodologies. Inc42 likely uses formal payroll; Revelio uses broader definition. Both reported.,preserved-conflict,2026-09-15
CF00293,S0068,HQ city,"Thane (Inc42, Tracxn)",SRC01261,"Mumbai (user prompt, ET article)",SRC01256,"Thane, Maharashtra",Thane is the registered/corporate HQ per MCA and Inc42; Mumbai may refer to broader Mumbai Metropolitan Region. Use Thane as primary.,resolved,2026-09-15
CF00294,S0069,total funding,$54M total raised (EE Times/DCD/NXP coverage),SRC01275,$36M total (Tracxn snippet),https://platform.tracxn.com/a/d/company/62b3091ceac614215448,unresolved - both preserved,use $54M per company-adjacent press (EE Times Feb 2025); Tracxn partial capture noted,preserved-conflict,2026-09-15
CF00295,S0070,valuation Aug 2026,~$1.3B (TechCrunch sources),SRC01281,$1.7B (Tracxn),SRC01292,$1.3B,use $1.3B deal-report figure; Tracxn estimate flagged,resolved,2026-09-15
CF00296,S0070,legal_name,Navi Technologies Ltd / Navi Group (Navi Finserv NBFC arm),,Navi Limited (formerly Navi Technologies Limited),,unresolved - both preserved,phase3 p3 payload disagrees with existing value; existing kept as preferred pending human review,preserved-conflict,p3-merge
CF00297,S0070,business_model,"B2C fintech superapp (lending, insurance, MF, UPI)",,"B2C fintech superapp (lending via NBFC arm, UPI payments, insurance, mutual funds)",,unresolved - both preserved,phase3 p3 payload disagrees with existing value; existing kept as preferred pending human review,preserved-conflict,p3-merge
CF00298,S0070,employee_estimate,1737,,3398,,unresolved - both preserved,phase3 p3 payload disagrees with existing value; existing kept as preferred pending human review,preserved-conflict,p3-merge
CF00299,S0070,valuation Aug 2026,"~$1.3B (TechCrunch sources, per Prosus deal)",SRC01286,$1.7B (Tracxn),SRC01292,$1.3B,use $1.3B deal-report figure; Tracxn estimate flagged,resolved,2026-09-15
CF00300,S0070,valuation IPO target,~$2B (Reuters/Inc42 sources),SRC01307,,SRC01289,~$2B,Both sources report ~$2B IPO target valuation; consistent,preserved-conflict,2026-09-15
CF00301,S0070,FY26 net loss vs profit,"Net loss ₹466 cr (TechCrunch, consolidated)",SRC01286,"Consolidated profit ₹93.3 cr (Inc42, Navi Finserv)",SRC01298,unresolved - both preserved,Different entities: TechCrunch reports Navi Ltd consolidated; Inc42 reports Navi Finserv standalone/consolidated. Not necessarily conflicting.,preserved-conflict,2026-09-15
CF00302,S0070,description,"Digital-first financial services holding company offering personal loans, home loans, LAP, UPI payments, health insurance, and mutual funds through a superapp. Promoted by Sachin Bansal (Flipkart co-f",SRC01291,"Digital-first financial services holding company offering personal loans, home loans, LAP, UPI payments, health insurance, and mutual funds. Promoted by Sachin Bansal (Flipkart co-founder).",,unresolved - both preserved,phase3 p3 payload disagrees with existing value; existing kept as preferred pending human review,preserved-conflict,p3-merge
CF00303,S0071,status,Under CIRP (Corporate Insolvency Resolution Process),SRC01320,"Active operations, EBITDA-profitable, IPO prep",SRC01308,active,Company actively operating per Jul 2026 statement; Tracxn CIRP flag likely data lag or dispute. Company status: active.,resolved,2026-09-15
CF00304,S0071,FY24_revenue,"Rs 2,002.7 crore",SRC01310,"Rs 2,007 crore",SRC01309,"Rs 2,002.7 crore (ET) / Rs 2,007 crore (PTI)","Minor discrepancy; ET reports Rs 2,002.7 cr, PTI/HDFCSky reports Rs 2,007 cr. Both are press-quoted filing figures. Using ET's more precise figure.",preserved-conflict,2026-09-15
CF00305,S0071,FY24_loss,Rs 259.6 crore,SRC01310,Rs 260 crore,SRC01309,Rs 259.6 crore (ET precise) / Rs 260 crore (PTI rounded),ET reports Rs 259.6 cr; PTI rounds to Rs 260 cr. Both refer to same metric.,preserved-conflict,2026-09-15
CF00306,S0071,founders,"5 founders: Thirukumaran Nagarajan, Kartheeswaran KK, Ashutosh Vikram, Sharath Loganathan, Vasudevan Chinnathambi",SRC01315,6 founders including Sachin Jose,,Original 5 founders confirmed; Sachin Jose was co-founder as of Oct 2023 but not on current about-us page,"Oct 2023 ET article lists Sachin Jose as co-founder; current ninjacart.com/about-us lists only 3 founders (Kartheeswaran KK, Vasudevan C, Sharath Loganathan). Sachin Jose may have departed.",resolved,2026-09-15
CF00307,S0072,ipo_valuation,IPO valuation ~$2.9B at upper price band,SRC01322,"June 2025 Reuters: seeking $5-6B valuation, ~$1B IPO",SRC01323,$2.9B issue valuation; $3.25-3.3B listing-day mcap,Timeline progression: June expectation superseded by Nov 2025 RHP pricing at ~$2.9B; listing-day mcap ~$3.3B,resolved,2026-09-15
CF00308,S0072,city,Corporate office Noida,SRC01324,Gurugram-based (TechCrunch/ET),SRC01321,Noida corporate; Gurugram registered,Seed said Delhi NCR (broadly correct); Wikipedia distinguishes corporate office Noida + registered office Gurugram,resolved,2026-09-15
CF00309,S0072,cin,L67100HR1998PLC113312,,U67100HR1998PLC113312,,unresolved - both preserved,phase3 p3 payload disagrees with existing value; existing kept as preferred pending human review,preserved-conflict,p3-merge
CF00310,S0072,status,operating,,Public (listed),,unresolved - both preserved,phase3 p3 payload disagrees with existing value; existing kept as preferred pending human review,preserved-conflict,p3-merge
CF00311,S0072,state,Uttar Pradesh / Haryana,,Uttar Pradesh,,unresolved - both preserved,phase3 p3 payload disagrees with existing value; existing kept as preferred pending human review,preserved-conflict,p3-merge
CF00312,S0072,fy25_revenue,"FY25 revenue Rs 2,274 crore (Wikipedia)",SRC01324,"FY25 consolidated revenue Rs 19,048,060 thousand (~Rs 1,905 cr) per Yahoo Finance",SRC01343,"Standalone ~Rs 2,274 cr; Consolidated ~Rs 1,905 cr (FY25)",Wikipedia figure may be standalone; Yahoo Finance shows consolidated; discrepancy likely due to standalone vs consolidated basis,resolved,2026-09-15
CF00313,S0073,total raised,$144M total (TechCrunch Aug 2026),SRC01362,crossed $180M total (VCCircle Aug 2026),SRC01371,UNRESOLVED,both kept; TechCrunch likely equity-only count; VCCircle higher incl. debt tranches,preserved-conflict,2026-09-15
CF00314,S0074,Series C second close,Series C $60M Mar 25 2026 (Insight),SRC01375,Series C entry Jul 07 2026 Atlassian (Tracxn),SRC01382,2026-03-25,"possible extension/secondary Atlassian entry; kept both, primary dated round used",preserved-conflict,2026-09-15
CF00315,S0075,FY25 PAT,Rs 73 cr (company press/BW),SRC01391,Rs 565 cr revenue figure consistent; PAT varies by source consolidation,SRC01392,Rs 73 cr,use company-press $8.2M/Rs 73cr; flag consolidation basis,resolved,2026-09-15
CF00316,S0075,business_model,"B2C hardware (Ring Air/Pro, M1 CGM) + subscription software (PowerPlugs)",,"B2C hardware (Ring AIR/PRO, M1/M2 Live CGM, Home) + subscription software (PowerPlugs, UltrahumanX) + blood testing (Blood Vision)",,unresolved - both preserved,phase3 p3 payload disagrees with existing value; existing kept as preferred pending human review,preserved-conflict,p3-merge
CF00317,S0075,Series B amount,"$35M (CNBC TV18, Entrackr)",SRC01403,$35M equity and debt (multiple sources),SRC01436,unresolved - both preserved,Consistent across sources; use $35M,preserved-conflict,2026-09-15
CF00318,S0075,Series B valuation,"$125M (ET, CNBC)",SRC01402,$120M (original DB value),enrich/ultrahuman.json,unresolved - both preserved,Use $125M from ET/CNBC reporting; original DB value was approximate,preserved-conflict,2026-09-15
CF00319,S0075,FY25 PAT,Rs 73 cr (company press),SRC01391,Rs 71.5 cr (Inc42),SRC01419,unresolved - both preserved,Use Rs 73 cr from company press; flag Inc42 discrepancy,preserved-conflict,2026-09-15
CF00320,S0075,Entity structure - Singapore,No Singapore entity found in ITC docs or terms of sale,SRC01407,"enrich/ultrahuman.json states 'subsidiary: LazyCo (Pune, 2017)'",enrich/ultrahuman.json,unresolved - both preserved,"No Singapore entity identified. Entity structure is India (Pvt Ltd) + UAE (SP LLC) + UK (Ltd) + USA (LLC). LazyCo was acquired subsidiary in Pune, not Singapore",preserved-conflict,2026-09-15
CF00321,S0075,Founders - Kavita Kandaih,No evidence of Kavita Kandaih as founder in any source,SRC01397,enrich/ultrahuman.json lists only Mohit Kumar and Vatsal Singhal,enrich/ultrahuman.json,unresolved - both preserved,Only two founders confirmed: Mohit Kumar and Vatsal Singhal. No Kavita Kandaih found,preserved-conflict,2026-09-15
CF00322,S0075,Chainalytics connection,"Chainalytics is a supply chain analytics company (Atlanta, acquired); unrelated to Ultrahuman",SRC01437,Prior DB note mentions Chainalytics,enrich/ultrahuman.json,unresolved - both preserved,"Chainalytics is unrelated. Founders' prior venture was Runnr (acquired by Zomato), not Chainalytics",preserved-conflict,2026-09-15
CF00323,S0075,Total disclosed funding,$135.9M (Tracxn),SRC01408,"$55M (ET, Tracxn earlier)",SRC01402,unresolved - both preserved,Tracxn updated to $135.9M reflecting all rounds including Series C and debt,preserved-conflict,2026-09-15
CF00324,S0076,FY25 revenue,FY25 operating revenue Rs 325 crore (YourStory/LinkedIn summary),SRC01454,FY25 revenue Rs 285 crore with Rs 94 crore loss (The Ken; Instagram summary of FY25 filing),SRC01456,unresolved - both preserved,Unresolved — use audited MCA filing figure when available; both are press-quoted. The Ken figure (285cr/94cr loss) is the more detailed claim.,preserved-conflict,2026-09-15
CF00325,S0076,founded_date,"Founded 2017 (Mint, DealStreetAsia)",SRC01438,"Founded 2016 (BW Disrupt, Dealroom, Tracxn)",SRC01440,2016,Use 2016 (majority of sources incl. company-aligned coverage); note 2017 variant.,resolved,2026-09-15
CF00326,S0076,status,"ACTIVE — Rs 408 crore (~$43M) round led by WestBridge Capital announced Aug 2026; 240+ cafes, targeting 320 by FY-end",,ACTIVE,,unresolved - both preserved,phase3 p3 payload disagrees with existing value; existing kept as preferred pending human review,preserved-conflict,p3-merge
CF00327,S0076,founded_date,"Founded 2016 (BW Disrupt, DealStreetAsia)",SRC01440,"Founded 2017 (Mint, Entrackr)",SRC01438,unresolved - both preserved,"Both sources are credible journalism; BW Disrupt says 2016, Mint/Entrackr say 2017. Preserved as conflict.",preserved-conflict,2026-09-15
CF00328,S0076,FY25 revenue,FY25 revenue Rs 325 crore (YourStory/LinkedIn summary),SRC01454,FY25 revenue Rs 268.6 crore from operations (MCA/Tofler filings per Mint),SRC01438,unresolved - both preserved,The Rs 268.6cr figure is from MCA filings sourced by Tofler (more authoritative); Rs 325cr may include other income or be a different metric. Preserved as conflict.,preserved-conflict,2026-09-15
CF00329,S0076,FY25 revenue,FY25 revenue Rs 285 crore with Rs 94 crore loss (The Ken),SRC01456,,SRC01438,unresolved - both preserved,The Ken figure (Rs 285cr) differs from Mint/MCA figure (Rs 268.6cr). Rs 268.6cr is from MCA filings; Rs 285cr may be total revenue vs revenue from operations. Preserved as conflict.,preserved-conflict,2026-09-15
CF00330,S0076,status,"ACTIVE — Rs 408 crore (~$43M) round led by WestBridge Capital announced Aug 2026; 240+ cafes, targeting 320 by FY-end",,"ACTIVE — Private; Rs 408 crore (~$43M) round led by WestBridge Capital announced Aug 2026; ~240 cafes per Mint, 75+ per company website; targeting 320 by FY27-end; 2,116 employees as of May 2026",,unresolved - both preserved,phase3 p3 payload disagrees with existing value; existing kept as preferred pending human review,preserved-conflict,p3-merge
CF00331,S0076,founded_date,"Founded 2016 (company website, BW Disrupt, Dealroom)",SRC01443,Incorporated 18 May 2017 (MCA records); Mint says founded 2017,SRC01445,2016 (brand) / 2017-05-18 (incorporation),"Brand/concept started 2016; legal entity incorporated May 18, 2017. Both are correct in different senses.",preserved-conflict,2026-09-15
CF00332,S0076,cafe_count,"~240 outlets (Mint, Aug 2026)",SRC01438,75+ cafes in 7+ cities (company website),SRC01442,unresolved - both preserved,Major discrepancy. Company website lists only its own cafe page locations (~40 listed). Mint's 240 figure may include kiosks/delivery-only/cloud kitchens. Unresolved.,preserved-conflict,2026-09-15
CF00333,S0076,FY25 revenue,FY25 revenue Rs 268.6cr from operations (MCA/Tofler filings),SRC01445,FY25 revenue Rs 325cr (YourStory/LinkedIn summary),SRC01454,268.6 (revenue from operations per MCA),Rs 268.6cr is from MCA filings (revenue from operations). Rs 325cr may include other income or be total revenue. Filing figure preferred.,resolved,2026-09-15
CF00334,S0076,FY25 revenue,FY25 revenue Rs 268.6cr (MCA/Tofler),SRC01445,FY25 revenue Rs 285cr with Rs 94cr loss (The Ken),SRC01456,268.6 (revenue from operations per MCA),Rs 268.6cr from operations vs Rs 285cr total. The Ken figure may include other income. Filing figure preferred.,resolved,2026-09-15
CF00335,S0076,status,"ACTIVE — Rs 408 crore (~$43M) round led by WestBridge Capital announced Aug 2026; 240+ cafes, targeting 320 by FY-end",,"ACTIVE — Series D Rs 408 crore (~$43M) round led by WestBridge Capital completed Aug 24, 2026; ~240 cafes, targeting 320 by FY27-end; 204 cafes per company website Our Story page",,unresolved - both preserved,phase3 p3 payload disagrees with existing value; existing kept as preferred pending human review,preserved-conflict,p3-merge
CF00336,S0076,description,"India's homegrown coffee QSR chain operating 240+ cafes; sells packaged coffee beans, cold brew bags, merchandise; launched Third Rush Desserts; expanding pan-India into tier-II/III cities",SRC01438,"India's homegrown coffee QSR chain operating 204+ cafes across 13+ cities; sells packaged coffee beans, easy coffee bags, cold brew bags, merchandise; launched Third Rush Desserts; expanding pan-India",,unresolved - both preserved,phase3 p3 payload disagrees with existing value; existing kept as preferred pending human review,preserved-conflict,p3-merge
CF00337,S0076,startup_stage,Growth (Series C+),,Growth (Series D),,unresolved - both preserved,phase3 p3 payload disagrees with existing value; existing kept as preferred pending human review,preserved-conflict,p3-merge
CF00338,S0076,founded_date,"Founded 2016 (company website Our Story, VCCircle Aug 2026, Global Coffee Report Nov 2024)",SRC01450,"Founded 2017 (Mint Aug 2026, BusinessToday Sep 2023)",SRC01438,2016 (brand) / 2017-05-18 (incorporation),"RESOLVED: Brand/concept founded 2016 (company website, VCCircle, GCR all confirm 2016). MCA incorporation date is 2017-05-18. Both correct in different senses.",preserved-conflict,2026-09-15
CF00339,S0076,FY25 revenue,FY25 revenue Rs 268.6cr from operations (MCA/Tofler filings per Mint),SRC01438,FY25 total revenue Rs 285.2cr (Inc42 Datalabs),SRC01452,268.6 (revenue from operations per MCA),resolved,resolved,2026-09-15
CF00340,S0076,FY25 revenue,FY25 revenue Rs 268.6cr (MCA/Tofler),SRC01445,FY25 revenue Rs 325cr (YourStory/LinkedIn summary),SRC01454,unresolved - both preserved,preserved-conflict,preserved-conflict,2026-09-15
CF00341,S0076,cafe_count,"~240 outlets (VCCircle CEO quote Aug 2026, Mint Aug 2026)",SRC01449,204 cafes in 13+ cities (company website Our Story page),SRC01450,unresolved - both preserved,preserved-conflict,preserved-conflict,2026-09-15
CF00342,S0076,status,ACTIVE — Series D Rs 408 crore completed Aug 2026; ~240 cafes,SRC01449,"ACTIVE — Private; Rs 408 crore round; 240+ cafes per Mint, 75+ per company website",SRC01438,ACTIVE — Series D Rs 408cr completed Aug 2026; ~240 cafes,resolved,resolved,2026-09-15
CF00343,S0076,IPO_status,"No IPO/DRHP filed; remains private (Tracxn, PitchBook confirm Series D)",SRC01449,No listing outcome found,SRC01438,PRIVATE — No IPO; Series D completed Aug 2026,resolved,resolved,2026-09-15
CF00344,S0076,founded_date,"Founded 2016 (BW Disrupt, Dealroom, Tracxn)",SRC01440,"Founded 2017 (Mint, Entrackr)",SRC01438,unresolved - both preserved,preserved-conflict,preserved-conflict,2026-09-15
CF00345,S0076,FY25 revenue,FY25 revenue Rs 325 crore (YourStory/LinkedIn summary),SRC01454,FY25 revenue Rs 285 crore with Rs 94 crore loss (The Ken),SRC01456,unresolved - both preserved,preserved-conflict,preserved-conflict,2026-09-15
CF00346,S0077,FY24 revenue,Rs 90.9 Cr FY24 (Inc42 company profile),SRC01463,,SRC01459,Rs ~91-97 Cr FY24,"Use Inc42 profile Rs 90.9 Cr (113% YoY); Forbes cites Rs 97 Cr operating revenue FY24 — close, likely rounding/definition; preserve both.",preserved-conflict,2026-09-15
CF00347,S0078,fy25_revenue,"FY25 revenue Rs 1,410 cr (company announcement)",SRC01470,"FY25 revenue Rs 1,417 cr (Inc42 feature citing internal estimates)",SRC01469,"Rs ~1,410 cr FY25","Treat Rs 1,410 cr as primary (company PR via VCCircle/press); Rs 1,417 cr as secondary estimate",resolved,2026-09-15
CF00348,S0078,dec2025_valuation,Dec 2025 round $35M at $900M (Inc42),SRC01467,Dec 2025 round $35M at $935M post-money (Entrackr),SRC01474,~$900-935M,Both press-quoted; keep both; $900M company-quoted vs $935M Entrackr,preserved-conflict,2026-09-15
CF00349,S0078,legal_name,Square Yards Consulting Pvt Ltd (UNVERIFIED legal suffix),,Square Yards Consulting Private Limited,,unresolved - both preserved,phase3 p3 payload disagrees with existing value; existing kept as preferred pending human review,preserved-conflict,p3-merge
CF00350,S0078,fy25_revenue,"Rs 1,410 cr (company PR via VCCircle/HelloKotPad)",SRC01470,"Rs 1,417 cr (Inc42 feature citing internal estimates)",SRC01469,"Rs ~1,410 cr FY25","Treat Rs 1,410 cr as primary (company PR); Rs 1,417 cr as secondary estimate",resolved,2026-09-15
CF00351,S0078,dec2025_valuation,$900M (Inc42),SRC01472,$935M post-money (Entrackr),SRC01474,~$900-935M,Both press-quoted; keep both; $900M company-quoted vs $935M Entrackr,preserved-conflict,2026-09-15
CF00352,S0079,Series B USD conversion,Rs 250 Cr ~$27Mn (ET),SRC01478,,SRC01477,Rs 250 Cr,INR 250 Cr fixed; USD varies $27-28Mn by FX/date. Keep INR primary.,resolved,2026-09-15
CF00353,S0081,total_funding_disclosed,Total raised $37.8M across 3 rounds (FundedIQ),SRC01492,Total funding $41.22M+ (Inc42); CB Insights $34.35M,SRC01496,~$37-41M,Unresolved — anchor on company PR claim ($37M+ secured per Jan 2025 PR); record range.,preserved-conflict,2026-09-15
CF00354,S0081,founded_date,"Founded 2017 (CB Insights, Tracxn, FundedIQ)",SRC01493,Founded 2018 (Inc42),SRC01496,2017,Use 2017 (majority incl. company PR context).,resolved,2026-09-15
CF00355,S0082,hq_city / country,"Batch manifest: Sapiom, Bengaluru, AI infra agentic, 'active' (Tracxn platform URL)",SRC01503,"All news coverage (TechCrunch, Semafor, Dealroom, Memeburn, AI Insider, Okta): San Francisco startup founded by ex-Shopify Ilan Zerbib",SRC01498,"San Francisco, USA (ESTIMATE pending primary confirmation)","Evidence strongly favors San Francisco, USA. Batch Bengaluru attribution unsupported — flag for upstream dedupe/exclusion as foreign. No registry/CIN evidence of an Indian entity.",resolved,2026-09-15
CF00356,S0083,city,Seed says Delhi NCR,SRC01507,Warburg PR: offices in Delhi and Mumbai; widely Mumbai-headquartered,SRC01506,Mumbai / Delhi,"Seed city corrected: Mumbai primary, Delhi office; seed 'Delhi NCR' partially right but incomplete",resolved,2026-09-15
CF00357,S0084,fy25_revenue,"FY25 revenue Rs 1,192.5 cr total income (Bajaj Broking table)",SRC01525,"FY25 total income Rs 1,192.49 cr / revenue from ops Rs 1,170.2 cr (Latestly/IANS)",SRC01527,"Ops Rs 1,170.2 cr; total income Rs 1,192.5 cr; net loss Rs 121.3 cr","Consistent: total income ~Rs 1,192-1,925? No — both ~Rs 1,192 cr; ops revenue ~Rs 1,170 cr. Use ops Rs 1,170.2 cr + total Rs 1,192.5 cr",preserved-conflict,2026-09-15
CF00358,S0085,total_funding,Total raised $776M (Tracxn),SRC01533,$867.25M (CB Insights) / ~$878M (VFS),SRC01568,unresolved - both preserved,Unresolved; aggregator coverage differs. Use $867-878M range with sources.,preserved-conflict,2026-09-15
CF00359,S0085,revenue,"FY25 consolidated revenue Rs 22,241 cr (VFS report)",SRC01531,"FY26 consolidated revenue Rs 20,645 cr (Business Standard, company-reported)",SRC01530,unresolved - both preserved,Prefer company-reported FY26 figure via Business Standard (T3 quoting company); VFS is weak-tier aggregator. Likely scope/methodology difference.,preserved-conflict,2026-09-15
CF00360,S0085,legal_name,"OFB Tech Pvt Ltd (converted to OFB Tech Ltd, public limited, per IPO reports)",,OFB Tech Limited (formerly OFB Tech Pvt Ltd),,unresolved - both preserved,phase3 p3 payload disagrees with existing value; existing kept as preferred pending human review,preserved-conflict,p3-merge
CF00361,S0085,status,operating,,operating (IPO-bound),,unresolved - both preserved,phase3 p3 payload disagrees with existing value; existing kept as preferred pending human review,preserved-conflict,p3-merge
CF00362,S0085,business_model,B2B commerce + embedded NBFC lending (Oxyzo) + SaaS tools,,"B2B raw material procurement marketplace + embedded NBFC lending (Oxyzo) + SaaS (BidAssist, Nexizo)",,unresolved - both preserved,phase3 p3 payload disagrees with existing value; existing kept as preferred pending human review,preserved-conflict,p3-merge
CF00363,S0085,total_funding,$776M over 15 rounds (Tracxn),SRC01533,$867.25M (CB Insights) / ~$878M (VFS) / $890.13M (Inc42),SRC01532,unresolved - both preserved,Aggregator coverage differs. Use $878-890M range with sources. Tracxn counts differently.,preserved-conflict,2026-09-15
CF00364,S0085,revenue_FY25,"Rs 22,241 cr (VFS Investor Report)",SRC01531,"Rs 20,645 cr (Business Standard, FY26 company-reported)",SRC01530,unresolved - both preserved,"Different fiscal years. FY25 = Rs 22,241 cr (VFS); FY26 = Rs 20,645 cr (BS). Not a conflict.",preserved-conflict,2026-09-15
CF00365,S0086,2025 extension amount,July 2025 extension $4M (Entrackr/Inc42/CB Insights),SRC01573,$5.48M (Tracxn),SRC01580,$4M,Prefer $4M (multiple T3 + filings reporting agree); Tracxn figure may include fees/FX.,resolved,2026-09-15
CF00366,S0086,Series E amount,Dec 2021 Series E $100M at $1.4B (Mint),SRC01569,$96M (Inc42 table),SRC01574,$100M at $1.4B,"Prefer $100M / $1.4B (company-contemporaneous reporting, widely corroborated).",resolved,2026-09-15
CF00367,S0087,latest round,"$24M round led by Bertelsmann India Investments, Sep 2026, post-money ~$175M (StartupFox/batch; YourStory Sep 2026)",SRC01583,"$38M Series B led by Hara Global + Bain Capital Ventures, announced Mar 24 2026 (company blog)",SRC01582,"$38M Series B Mar 2026, then $24M Sep 2026","Treat as sequential: $38M Series B (Mar 2026, company-confirmed) then $24M round (Sep 2026, press-reported). Post-money $175M claim single-sourced — unverified. Tracxn $78M total is consistent with 2+14+38+24=$78M, supporting sequence readi",resolved,2026-09-15
CF00368,S0087,status,ACTIVE — $24M round led by Bertelsmann India Investments reported Sep 2026; $38M Series B announced Mar 2026 (company blog),,ACTIVE,,unresolved - both preserved,phase3 p3 payload disagrees with existing value; existing kept as preferred pending human review,preserved-conflict,p3-merge
CF00369,S0087,primary_sector,Foodtech / 10-min food delivery,,Foodtech / 10-minute food delivery,,unresolved - both preserved,phase3 p3 payload disagrees with existing value; existing kept as preferred pending human review,preserved-conflict,p3-merge
CF00370,S0087,business_model,"B2C end-to-end foodtech: owns kitchens, ordering app, last-mile; 10-min fresh food in ~1km radius",,"B2C full-stack food delivery: owns neighbourhood kitchens (Delight Centers), proprietary technology, last-mile delivery; 1km radius; 250+ SKUs across 20+ categories; robotic kitchen equipment",,unresolved - both preserved,phase3 p3 payload disagrees with existing value; existing kept as preferred pending human review,preserved-conflict,p3-merge
CF00371,S0087,employee_count,"697 employees (Tracxn, Aug 2025)",SRC01596,354 employees (LinkedIn),SRC01599,"697 (Tracxn, Aug 2025) as upper bound; 354 (LinkedIn) as corporate-only estimate",Tracxn is a paid database with official employee count; LinkedIn shows company-listed size. Tracxn figure likely includes kitchen staff. Both are plausible for different counting methods.,preserved-conflict,2026-09-15
CF00372,S0087,paid_up_capital,"₹15,31,100 (InstaFinancials)",SRC01592,"₹9,46,800 (IndiaFilings/Tracxn)",SRC01594,"₹15,31,100 (most recent MCA filing)",Different filing dates likely; InstaFinancials shows more recent update (29-Apr-2026). Both are MCA-derived.,preserved-conflict,2026-09-15
CF00373,S0087,valuation,"$139M post-money (Series B, Forbes/Financial Express)",SRC01588,$150-200M (MoneyControl for BII round),SRC01600,"$139M post-money (Series B Mar 2026); $150-200M range (BII round Sep 2026, unconfirmed)",$139M is the Series B valuation (Mar 2026). MoneyControl's $150-200M refers to the Sep 2026 BII round valuation range. Not a conflict — different rounds.,resolved,2026-09-15
CF00374,S0090,revenue_latest_fy,"FY25 revenue Rs 114.4 cr (+60% YoY), loss Rs 42.2 cr (Mint, Jun 2026)",SRC01612,FY25 revenue Rs 81 cr+ (+53.5%) (Inc42 company page),SRC01624,Rs 114.4 cr FY25 revenue,Mint figure from reviewed financial data preferred; Inc42 page possibly stale/partial,resolved,2026-09-15
CF00375,S0090,incorporation_date,2019 (legal entity Teacher Tools Pvt Ltd; CIN per Tracxn legal-entity page),,2019-08-22,,unresolved - both preserved,phase3 p3 payload disagrees with existing value; existing kept as preferred pending human review,preserved-conflict,p3-merge
CF00376,S0090,revenue_latest_fy,"FY25 revenue Rs 114.4 cr (+60% YoY) (Mint, Jun 2026)",SRC01612,FY25 revenue Rs 81 cr+ (+53.5%) (Inc42 company page),SRC01624,Rs 114.4 cr FY25 revenue,Mint figure from reviewed financial data preferred; Inc42 page possibly stale/partial,resolved,2026-09-15
CF00377,S0090,employee_count,"354 employees as of Aug 1, 2025 (Tracxn)",SRC01614,393 employees (PitchBook); 682 (Inc42); 670 (LinkedIn),SRC01622,unresolved - both preserved,Tracxn MCA-based figure (354) most authoritative,preserved-conflict,2026-09-15
CF00378,S0091,founded_date,Founded 2021 (company PR / ET B2B Dec 2025 — refers to product launch year),SRC01632,Founded 2015 / Jul 2014 operating history (LinkedIn founder profile; YC W19),SRC01635,Founded ~2015; product launched 2021,"2015 founding (company), 2021 first fertility monitor launch; both kept",preserved-conflict,2026-09-15
CF00379,S0092,initial investment,"Jhunjhunwala invested $35M for ~40% (Times Now Jul 2021, ET Aug 2024)",SRC01638,Investing $50M (CNBC TV18 Feb 2022),SRC01673,"~$35M initial, family stake ~40-46%",$35M initial for ~40% better corroborated (two sources); $50M may include follow-on,resolved,2026-09-15
CF00380,S0092,cin,UNKNOWN,,U63013MH2020PTC350653,,unresolved - both preserved,phase3 p3 payload disagrees with existing value; existing kept as preferred pending human review,preserved-conflict,p3-merge
CF00381,S0092,incorporation_date,UNKNOWN,,2020-11-24,,unresolved - both preserved,phase3 p3 payload disagrees with existing value; existing kept as preferred pending human review,preserved-conflict,p3-merge
CF00382,S0092,official_website,https://safariindia.com,SRC01674,https://www.akasaair.com,,unresolved - both preserved,phase3 p3 payload disagrees with existing value; existing kept as preferred pending human review,preserved-conflict,p3-merge
CF00383,S0092,initial_investment_amount,"$35M for ~40% stake (ET Aug 2024, Wikipedia)",SRC01638,$50M investment (CNBC TV18 Feb 2022),SRC01673,~$35M initial; family stake ~40-46%,$35M initial investment better corroborated by multiple sources; $50M may include follow-on,resolved,2026-09-15
CF00384,S0092,funding_round_amount,$135M (ET Feb 2025),SRC01637,$125M (completed Aug 2025),SRC01649,$125M completed; $135M announced,$135M was announced amount (Feb 2025); $125M was completed transaction amount (Aug 2025) after regulatory approvals,resolved,2026-09-15
CF00385,S0092,hq_city,"Mumbai (existing DB, Tofler, Wikipedia)",SRC01640,Bengaluru (prompt states Bengaluru HQ),prompt,Mumbai,Mumbai is correct HQ city; Bengaluru is an operating base only,resolved,2026-09-15
CF00386,S0093,financials.fy24_revenue,"FY24 revenue Rs 515 crore (ET, Jul 2025)",SRC01676,FY24 total revenue Rs 515.5 crore (Inc42 filing data),SRC01679,Rs 515.5 crore FY24,consistent (rounding); resolved Rs 515.5 crore,resolved,2026-09-15
CF00387,S0093,business_model,"full-stack multi-brand cloud kitchens (own procurement, prep, last-mile delivery)",,"full-stack multi-brand cloud kitchen (own procurement, prep, last-mile delivery)",,unresolved - both preserved,phase3 p3 payload disagrees with existing value; existing kept as preferred pending human review,preserved-conflict,p3-merge
CF00388,S0093,website,https://www.eatclub.com,,https://www.box8.in,,unresolved - both preserved,phase3 p3 payload disagrees with existing value; existing kept as preferred pending human review,preserved-conflict,p3-merge
CF00389,S0093,company.city,"HQ Mumbai (PitchBook, BS article dateline)",SRC01685,"Registered office Bengaluru, Karnataka (Tofler/MCA)",SRC01678,HQ: Mumbai; Registered: Bengaluru,HQ is Mumbai (Powai); registered office is Bengaluru per MCA records,resolved,2026-09-15
CF00390,S0093,traction.meals,1.5M meals/month (BS Dec 2021),SRC01677,"22,000+ meals/day (Box8 website 2026)",SRC01680,"22,000+/day as of 2026 (company website)",different periods; 22K/day = ~660K/month which is lower than 1.5M/month from 2021; possible decline or different counting,resolved,2026-09-15
CF00391,S0094,financials.fy24_revenue,"FY24 revenue Rs 3,733 cr (Moneycontrol/Business Standard, Apr 2025)",SRC01690,"FY24 revenue Rs 3,800 cr (ET, Oct 2024, founder-quoted)",SRC01687,"Rs 3,733 crore FY24","filed figure Rs 3,733 cr preferred over founder-quoted Rs 3,800 cr",resolved,2026-09-15
CF00392,S0094,primary_sector,edtech exec education,,edtech executive education,,unresolved - both preserved,phase3 p3 payload disagrees with existing value; existing kept as preferred pending human review,preserved-conflict,p3-merge
CF00393,S0094,business_model,exec-education programs with 80+ global universities; enterprise + government cohorts,,Blended executive education programs with 80+ global universities; enterprise/government L&D; consumer enrolments,,unresolved - both preserved,phase3 p3 payload disagrees with existing value; existing kept as preferred pending human review,preserved-conflict,p3-merge
CF00394,S0094,total_funding,Total funding $1.24B across 9 rounds (Inc42),SRC01718,Total funding $741-742M over 8 rounds (Tracxn),SRC01706,unresolved - both preserved,Inc42 likely includes debt rounds and iD Tech acquisition financing; Tracxn counts equity/debt rounds separately. Both are valid depending on methodology.,preserved-conflict,2026-09-15
CF00395,S0095,company.founded_date,"Founded 2018 (company, most press)",SRC01725,"Founded 2019 (L'Oreal PR, some databases)",SRC01720,2018,MCA incorporation Oct 2018 authoritative; 2019 = operating/brand launch; resolved 2018,resolved,2026-09-15
CF00396,S0095,acquisitions.value,L'Oreal deal valuation ~$350-450M (batch hint),batch s1_02.json status_hint,"~Rs 4,100cr valuation (CB Insights Jul 2026 note); PitchBook M&A $400M",SRC01739,"~Rs 4,100cr (reported estimate, undisclosed)","official terms undisclosed; press estimates cluster ~Rs 4,100cr (~$480M); recorded as reported-estimate",resolved,2026-09-15
CF00397,S0095,status,active (acquired-but-operating),,active (acquired-majority),,unresolved - both preserved,phase3 p3 payload disagrees with existing value; existing kept as preferred pending human review,preserved-conflict,p3-merge
CF00398,S0095,company.founded_date,"Founded 2018 (MCA incorporation Oct 18, 2018)",SRC01725,"Founded 2019 (L'Oreal PR, Tracxn)",SRC01720,2018,MCA incorporation Oct 2018 authoritative; 2019 = brand launch/operating start; resolved 2018,resolved,2026-09-15
CF00399,S0095,acquisitions.valuation,~$350-450M (Moneycontrol),SRC01727,"~Rs 4,100cr (~$480M) (CB Insights, PitchBook)",SRC01739,"~Rs 4,100cr (reported estimate, undisclosed)","Official terms undisclosed; press estimates cluster Rs 4,100cr; recorded as reported-estimate",resolved,2026-09-15
CF00400,S0095,total_funding,$19.2M (Tracxn),SRC01731,$26.88M (CB Insights),SRC01739,unresolved - both preserved,Different sources count different rounds; Tracxn $19.2M excludes seed; CB Insights $26.88M includes more; TheKredible $30M includes all; preserved as conflict,preserved-conflict,2026-09-15
CF00401,S0095,funding_rounds.Series_A.amount,$7M (Mint),SRC01724,$5.7M (Tracxn latest funding round amount),SRC01731,unresolved - both preserved,Mint reports $7M announced; Tracxn shows $5.7M as latest round amount; may reflect different accounting of primary vs secondary,preserved-conflict,2026-09-15
CF00402,S0096,company.founded_date,"Founded 2019 (company, most press)",SRC01744,Founded 2020 (CB Insights),SRC01756,2019,company + MCA (Dec 2019) authoritative; resolved 2019,resolved,2026-09-15
CF00403,S0096,funding_rounds.series_e_valuation,"Series E valuation $700-800M flat (ET sources, Jan 2025)",SRC01741,"prior round $850-900M (Mint, Mar 2025)",SRC01743,"$700-800M (flat, per ET sources)",both source-attributed slices; most-cited flat $700-800M recorded with conflict noted,preserved-conflict,2026-09-15
CF00404,S0096,company.founded_date,"Founded 2019 (company, most press; MCA incorporation 5 Dec 2019)",SRC01746,Founded 2020 (CB Insights),SRC01756,2019,MCA incorporation 5 Dec 2019 is authoritative; resolved 2019,resolved,2026-09-15
CF00405,S0096,funding_rounds.series_e_valuation,"Series E at flat $700-800M valuation (ET sources, Jan 2025)",SRC01741,"Pre-Series E valuation $850-900M (Mint, Mar 2025)",SRC01743,unresolved - both preserved,ET says flat $700-800M for Series E; Mint says pre-Series E was $850-900M. May refer to different rounds. Both preserved.,preserved-conflict,2026-09-15
CF00406,S0096,funding_rounds.total_funding,Total funding $218M across 6 rounds (Tracxn),SRC01747,Total funding $317.9M across 6 rounds (Inc42),SRC01745,unresolved - both preserved,Significant discrepancy. Tracxn $218M vs Inc42 $317.9M. Inc42 may include debt; Tracxn may exclude secondary. Both preserved.,preserved-conflict,2026-09-15
CF00407,S0096,financials.fy24_revenue,FY24 revenue Rs 175.3 Cr (Inc42 profile),SRC01745,"FY24 revenue Rs 202.6 Cr (Inc42 profile, same page)",SRC01745,unresolved - both preserved,"Same source reports two different FY24 revenue figures. Likely one standalone and one consolidated, but not specified. Both preserved.",preserved-conflict,2026-09-15
CF00408,S0096,company.founders,"Founders: Vaibhav Singh, Arnav Kumar (press, company website, Business Standard, PIE News)",SRC01754,"7 founders including Anshul Agarwal, Pritesh Kamani, Sindhu Unnikrishnan, Monika Bhandari, Yuvashankar T (Tracxn)",SRC01747,unresolved - both preserved,"Press consistently names Vaibhav Singh and Arnav Kumar as co-founders. Tracxn lists 7 people as founders, possibly including early employees/advisors. Anshul Agarwal is confirmed CFO. Others unverified. Both preserved.",preserved-conflict,2026-09-15
CF00409,S0096,company.ceo,Vaibhav Singh and Arnav Kumar are co-founders and public faces (all press),SRC01740,Zoltan Fischer is current CEO (Tracxn FAQ),SRC01747,unresolved - both preserved,Tracxn FAQ states Zoltan Fischer as CEO but no corroborating press coverage. Vaibhav Singh and Arnav Kumar remain public co-founders. Both preserved.,preserved-conflict,2026-09-15
CF00410,S0096,funding_rounds.early_investors,"Series A/B investors: Jungle Ventures, Sequoia Capital India, Owl Ventures (PIE News)",SRC01748,"Acrew Capital, WestBridge, Omidyar Network (prompt-specified; not found in any source)",NOT_FOUND,unresolved - both preserved,"No evidence found for Acrew Capital, WestBridge, or Omidyar Network as investors in Leap. All press coverage consistently names Jungle Ventures, Sequoia India, Owl Ventures for early rounds. Prompt-specified investors not verified.",preserved-conflict,2026-09-15
CF00411,S0098,latest round amount/date,"Rs 500cr TVS Capital Mar 2026 at Rs 10,000cr pre-money; Rs 550cr per ET Jul 2026",SRC01764,Tracxn shows Series C Jul 16 2026 $36.3M Peak XV,SRC01768,unresolved - both preserved,Both kept: Mar 2026 TVS round (T3 journalism) + Jul 2026 Peak XV Rs 350cr (ET/VCCircle). Tracxn aggregator figures not used as primary.,preserved-conflict,2026-09-15
CF00412,S0098,TVS round amount,Rs 500 crore (VCCircle Mar 20 2026),SRC01764,Rs 550 crore (ET Jul 2026),SRC01765,unresolved - both preserved,"Both kept; ET (newer, Jul 2026) says Rs 550cr; VCCircle (Mar 2026) says Rs 500cr. Tracxn shows Rs 558cr.",preserved-conflict,2026-09-15
CF00413,S0098,Founders list,"Shajikumar Devakar, Varun Bajpai, Av Srikanth (Tracxn)",SRC01768,"Nitin Jain (founder), Hemant Daga, Varun Bajpai, Puneet Jain, A V Srikanth (ET Jul 2026); Shajikumar Devakar joined 2025",SRC01765,unresolved - both preserved,Nitin Jain is founder/Chairman; Tracxn lists Devakar as co-founder (he joined 2025). Both kept; Devakar is co-founder & CEO of Neo Wealth (not original founder).,preserved-conflict,2026-09-15
CF00414,S0098,Employee count,337 (Tracxn Aug 2025),SRC01768,850+ (ET Jul 2026),SRC01765,unresolved - both preserved,Different entity scope likely; Tracxn may track one legal entity; ET refers to Neo Group overall. Both kept.,preserved-conflict,2026-09-15
CF00415,S0100,IPO subscription multiple,1.36x overall (Mint Sep 4),SRC01789,1.29x overall (Groww Sep 7 listing piece),SRC01786,unresolved - both preserved,"Different snapshots (bidding-close vs final); kept both, final 1.29x preferred for settled figure.",preserved-conflict,2026-09-15
CF00416,S0100,status,active (listed),,active (listed on NSE/BSE since Sep 7 2026),,unresolved - both preserved,phase3 p3 payload disagrees with existing value; existing kept as preferred pending human review,preserved-conflict,p3-merge
CF00417,S0100,business_model,omnichannel luxury retail (Pernia's Pop-Up Shop/Stuido + owned brands),,omnichannel luxury fashion retail (multi-brand designer platform + owned brands),,unresolved - both preserved,phase3 p3 payload disagrees with existing value; existing kept as preferred pending human review,preserved-conflict,p3-merge
CF00418,S0100,public_private,public (listed Sep 2026; was private at research cut),,public (listed Sep 2026),,unresolved - both preserved,phase3 p3 payload disagrees with existing value; existing kept as preferred pending human review,preserved-conflict,p3-merge
CF00419,S0100,FY25 revenue,Rs 489.90 Cr (Groww/DRHP-based),SRC01786,Rs 46.59 Cr standalone (Tracxn),SRC01787,Rs 489.90 Cr consolidated,Consolidated vs standalone difference; consolidated Rs 490 Cr preferred as it matches DRHP reporting,resolved,2026-09-15
CF00420,S0100,Sector classification,haircare/beauty D2C (prompt suggestion),,luxury fashion D2C (all sources),SRC01783,D2C luxury fashion / fashion-tech,All sources confirm luxury fashion D2C (parent of Pernia's Pop-Up Shop). Prompt suggestion of haircare/beauty is incorrect.,resolved,2026-09-15
CF00421,S0101,FY26 revenue,"Rs 461cr operating revenue FY26 (+5.2%), loss Rs 59.7cr (Inc42/CBInsights citing MCA)",SRC01794,Rs 448.6cr FY25 revenue (Mint Jun 2026 citing Tracxn),SRC01798,unresolved - both preserved,Different fiscal years; both kept with year labels.,preserved-conflict,2026-09-15
CF00422,S0102,paid-up capital,"Rs 13.01cr (Tracxn legal-entity page, older snapshot)",SRC01804,Rs 34.95cr (IndiaFilings MCA-mirror page),SRC01803,unresolved - both preserved,"Different snapshots; IndiaFilings newer figure noted, both cited; post-raise Rs 215cr equity will supersede.",preserved-conflict,2026-09-15
CF00423,S0103,founded_year,"Founded 2022 (TechCrunch, ET, Tracxn)",SRC01808,Founded 2023 (UBOS secondary summary),SRC01812,2022,2022 per primary press + MCA incorporation May 30 2022,resolved,2026-09-15
CF00424,S0103,series_a_valuation,"$80.5M post-money valuation (UBOS, Jan 2026)",SRC01812,No valuation disclosed in TechCrunch/SIA-India coverage,SRC01806,"$80.5M (secondary, UNVERIFIED)",UBOS figure kept as press-quoted secondary only; primary outlets disclosed no valuation,resolved,2026-09-15
CF00425,S0104,total_funding,"Total raised Rs 375 Cr incl. round (company PR via Quantum Insider/Communications Today, Sep 2026)",SRC01814,Tracxn shows $22.3M across 14 rounds (pre-Sep-2026 snapshot),SRC01827,"Rs 375 Cr total (company-reported, Sep 2026)",Company-reported Rs 375 Cr is newer (Sep 2026) and takes precedence for current state; Tracxn figure is older snapshot,resolved,2026-09-15
CF00426,S0104,founders,"Founders Sunil Gupta + Srinivasa Rao Aluri (company site, ISN, Wikipedia + Mathias/Prabhakar)",SRC01816,Tracxn lists Aluri + Pravin Kini as co-founders,SRC01826,"Sunil Gupta, Srinivasa Rao Aluri (+ Mark Mathias, Anil Prabhakar per Wikipedia)",Company site names Gupta (CEO) + Aluri (Chairman) as co-founders; Wikipedia adds Mathias + Prabhakar as founders; Kini appears as early team/board. All claims preserved.,preserved-conflict,2026-09-15
CF00427,S0104,startup_stage,Series A,,Series A1,,unresolved - both preserved,phase3 p3 payload disagrees with existing value; existing kept as preferred pending human review,preserved-conflict,p3-merge
CF00428,S0104,founders,"Sunil Gupta + Srinivasa Rao Aluri as co-founders (company site, Better India)",SRC01816,Srinivasa Rao Aluri + Pravin Kini as co-founders (Tracxn),SRC01817,"Sunil Gupta, Srinivasa Rao Aluri (primary co-founders); Mark Mathias, Anil Prabhakar (founding team per company site); Pravin Kini (Tracxn-listed co-founder)",Company site names Gupta (CEO) + Aluri (Chairman) as co-founders; Tracxn lists Aluri + Kini. Wikipedia adds Mathias + Prabhakar as founders. All claims preserved; Gupta and Aluri are the primary verified co-founders per company's own site.,preserved-conflict,2026-09-15
CF00429,S0104,total_funding,"Total raised Rs 375 Cr incl. Series A1 (company PR via Quantum Insider/Communications Today, Sep 2026)",SRC01814,,SRC01817,"Rs 375 Cr total (company-reported, Sep 2026); plus Rs 150 Cr convertible debt under RDI fund",Company-reported Rs 375 Cr is newer (Sep 2026) and takes precedence for current state; Tracxn figure is older snapshot,resolved,2026-09-15
CF00430,S0105,hosur_plant_capex,"Rs 1,000 Cr Hosur BIGGA factory plan (New Indian Express, Sep 10 2026)",SRC01832,"Rs 779 Cr Hosur plant figure (Business Standard/Reuters, Sep 10 2026)",SRC01831,"Rs 779-1,000 Cr range across reports","Both Sep-10-2026 reports of same announcement; Rs 779 Cr (Reuters via BS) is wire-sourced, Rs 1,000 Cr (TNIE) is company-event figure. Preserved both.",preserved-conflict,2026-09-15
CF00431,S0106,fy25_financials,"FY25 operating revenue Rs 746 Cr, loss Rs 170 Cr (ET via ISN/BW, Jun 2026)",SRC01840,"FY25 revenue Rs 7.45bn, loss Rs 1.7bn (Verdict/Yahoo, Jun 2026) — consistent",SRC01861,Revenue ~Rs 745 Cr; loss ~Rs 170 Cr (FY25),Figures agree (Rs 745-746 Cr revenue; Rs 170 Cr loss). Tracxn $91.7M (~Rs 760 Cr) broadly consistent.,resolved,2026-09-15
CF00432,S0106,scale,"281 cloud kitchens + 99 kiosks (company site, current)",SRC01841,"502 service locations across 70+ cities at DRHP filing (ISN, Jun 2026)",SRC01840,"502 locations (Jun 2025 DRHP); 281 kitchens + 99 kiosks (site, current)",Different dates/definitions (current site vs Jun-2025 DRHP filing); both preserved with as-of,preserved-conflict,2026-09-15
CF00433,S0106,business_model,Multi-brand cloud kitchens + QSR dine-in/kiosks; brand incubation,,Multi-brand cloud kitchen + QSR dine-in/kiosks; brand incubation via acquisition,,unresolved - both preserved,phase3 p3 payload disagrees with existing value; existing kept as preferred pending human review,preserved-conflict,p3-merge
CF00434,S0107,city,Batch manifest city = Bengaluru,batch s1_04.json,"All sources: HQ Mumbai (Tracxn, Crunchbase, LinkedIn, ET, CB Insights)",SRC01866,Mumbai,Mumbai per every observed source; batch city guess was wrong. Mumbai recorded; Karnataka/Bengaluru presence = branch office.,resolved,2026-09-15
CF00435,S0107,series_c_amount,Latest round $40M Oct 7 2025 (Tracxn/CB Insights/PitchBook $39.5M),SRC01866,ET reports Rs 350 Cr round (Oct 13 2025) co-led Premji + Accel,SRC01862,"Rs 350 Cr (~$40M), Oct 2025","Same round, FX/date-record variance: Rs 350 Cr ≈ $39.5-40M. ET (Oct 13 2025) is the press record.",resolved,2026-09-15
CF00436,S0107,quarantined-claim,Batch manifest city = Bengaluru,SRC01867,"Mumbai (multiple sources: IndianStartupNews, UnlistedZone 'Mumbai-based Dezerv')",SRC01867,unresolved - both preserved,Q-wave source hunt: contradicted,preserved-conflict,2026-09-15
CF00437,S0108,total_funding/latest_round_label,"Tracxn: $50.5M over 13-15 rounds, latest Series B Mar 16 2026",SRC01875,"CB Insights: $55.65M over 10 rounds, latest Series A-II $50M Mar 16 2026 (Nimbus Capital)",SRC01874,$50M Nimbus commitment Mar 2026,Use round amount $50M (Nimbus Capital) HIGH; total raised UNVERIFIED pending primary filing,resolved,2026-09-15
CF00438,S0108,city,Tracxn company profile: based in Hyderabad,SRC01872,Batch manifest + operating signals: Bengaluru,batch s1_05.json,Bengaluru (manifest); Tracxn says Hyderabad,Keep Bengaluru per manifest; Hyderabad claim preserved as conflict,preserved-conflict,2026-09-15
CF00439,S0108,city,Bengaluru,,Hyderabad,,unresolved - both preserved,phase3 p3 payload disagrees with existing value; existing kept as preferred pending human review,preserved-conflict,p3-merge
CF00440,S0108,state,Karnataka,,Telangana,,unresolved - both preserved,phase3 p3 payload disagrees with existing value; existing kept as preferred pending human review,preserved-conflict,p3-merge
CF00441,S0108,city,"Tracxn: Hyderabad, registered address Rangareddy, Telangana 500104",SRC01872,"Existing DB: Bengaluru, Karnataka",enrich/edubuk.json,Unresolved — Hyderabad (registered) vs Bengaluru (unverified),Preserved conflict; Tracxn registered address is Hyderabad/Telangana; Bengaluru claim from existing DB unverified; company website does not disclose city,preserved-conflict,2026-09-15
CF00442,S0108,total_funding/latest_round_label,"Tracxn: $50.5M over 15 rounds, latest Series B Mar 16 2026",SRC01872,"CB Insights: $55.65M over 10 rounds, latest Series A-II $50M Mar 16 2026 (Nimbus Capital)",SRC01874,$50M Nimbus commitment Mar 2026; total raised disputed,Use $50M Nimbus commitment Mar 2026 HIGH; total raised UNVERIFIED pending primary filing; round label differs (Series B vs Series A-II),resolved,2026-09-15
CF00443,S0108,funding_round_count,"Tracxn: 15 rounds (5 Seed, 2 Early-Stage, 8 Grant)",SRC01875,CB Insights: 10 rounds,SRC01874,15 rounds per Tracxn (more granular),Tracxn provides more granular breakdown; CB Insights shows fewer rounds; discrepancy likely due to how grant/prize rounds are counted,resolved,2026-09-15
CF00444,S0109,legal_name,GreenHorn Pvt Ltd (operating entity per founder profile),,Greenhorn Wellness Private Limited,,unresolved - both preserved,phase3 p3 payload disagrees with existing value; existing kept as preferred pending human review,preserved-conflict,p3-merge
CF00445,S0109,primary_sector,gaming livestream / social entertainment / micro-drama,,social entertainment / live streaming / micro-drama,,unresolved - both preserved,phase3 p3 payload disagrees with existing value; existing kept as preferred pending human review,preserved-conflict,p3-merge
CF00446,S0109,business_model,B2C/B2B2C live social entertainment; micro-drama OTT (Story TV) subscriptions + virtual gifting,,"B2C live social entertainment; virtual gifting, subscriptions (Story TV), advertising, brand partnerships",,unresolved - both preserved,phase3 p3 payload disagrees with existing value; existing kept as preferred pending human review,preserved-conflict,p3-merge
CF00447,S0109,CIN,U63122KA2020PTC132881,SRC01882,U92490KA2020PTC132881,SRC01904,U63122KA2020PTC132881,U63122KA2020PTC132881 preferred per ZaubaCorp/Tofler/Tracxn/TheCompanyCheck; U92490 appears on InstaFinancials/VakilSearch/FileSure/Planetexim. Likely a data entry error on aggregator sites; MCA source preferred.,resolved,2026-09-15
CF00448,S0109,total_funding,$276.05M from 11 investors,SRC01905,$50.5M across 5 rounds,SRC01906,$50.5M verified across 4 confirmed rounds,Inc42 figure likely includes unverified or cumulative claims including the $59M Series A (LinkedIn) and $50M+ upcoming round. StartupIntros figure aligns with verified rounds: $2.1M + $13M + $22M + $13.5M = $50.6M. Inc42 figure treated as u,resolved,2026-09-15
CF00449,S0109,Series A amount,$13M Series A (Jun 2022),SRC01888,$13M pre-Series B (Jun 2022),SRC01907,"$13M round, Jun 2022, Series A","Same round, different naming convention. YourStory calls it Series A; EquityPandit and some sources call it pre-Series B. Treated as Series A per YourStory.",resolved,2026-09-15
CF00450,S0110,FY25 revenue presentation,Startuppedia/RoC: total revenue 523.3 Cr (incl 5.3 Cr other income); operating revenue 518 Cr,SRC01939,Inc42/ET: revenue 518 Cr; loss 72 Cr,SRC01912,Operating 518; total 523.3; loss ~72,Both consistent: 518 operating + 5.3 other = 523.3 total; loss 72-72.4 Cr,preserved-conflict,2026-09-15
CF00451,S0110,business_model,"Omnichannel D2C: silver + 14/18K gold + lab-grown diamonds; online + 150-210 stores, franchise-led",,Omnichannel D2C: 925 silver + 14/18K gold + lab-grown diamonds; online + franchise-led stores,,unresolved - both preserved,phase3 p3 payload disagrees with existing value; existing kept as preferred pending human review,preserved-conflict,p3-merge
CF00452,S0110,HQ city,Prompt suggests Chennai as possible HQ,user_prompt,All sources confirm Bengaluru as HQ,SRC01915,Bengaluru,"Bengaluru confirmed by company website, MCA records, PitchBook, Tracxn, and all press coverage",resolved,2026-09-15
CF00453,S0112,financials FY24 revenue,"FY24 operating revenue Rs 7,905 cr (~$950M), loss Rs 139 cr (YourStory company profile snippet)",SRC01965,"FY24 total revenue Rs 4,232 cr, PAT -Rs 217.1 cr (Inc42 filing-based page); FY25 standalone revenue Rs 4,922.3 cr / PAT -Rs 127 cr (Venture Intelligence)",SRC01948,unresolved - both preserved,Unresolved: figures likely reflect different consolidation scopes (Singapore group vs India standalone). Both preserved; prefer audited-scope-labeled values per record.,preserved-conflict,2026-09-15
CF00454,S0112,Series F amount/valuation/investors,Seed prompt: Series F ~$145M at $895M (2022); investors incl. Tencent/Hillhouse/Zero31/Aminav,seed-prompt (no URL),"$250M Series F at $2.6B, Jan 2022, led by Tiger Global + Alpha Wave Global with Ward Ferry (TechCrunch, ET, VCCircle, company PR)",SRC01944,unresolved - both preserved,Seed REJECTED. No source seen supports $145M/$895M or Tencent/Hillhouse/Zero31/Aminav participation. Adopt $250M @ $2.6B.,preserved-conflict,2026-09-15
CF00455,S0112,financials FY25 scope,"FY25 operating revenue $681.5M (+15%), total $692.8M, loss $11.3M (Inc42 on Singapore filings)",SRC01947,"FY25 standalone revenue Rs 4,946.6 cr with PAT -Rs 127 cr (Venture Intelligence)",SRC01949,unresolved - both preserved,Different scopes (Singapore group USD vs India standalone INR). Both preserved with scope labels.,preserved-conflict,2026-09-15
CF00456,S0118,Series B amount,"$41.9M (Tracxn, Nov 26, 2025)",SRC02002,"₹150 Cr / ~$17M (VCCircle, Dec 2, 2025)",SRC02004,Series B total ~$41.9M including convertible structure,₹150 Cr ≈ $17M; Tracxn shows $41.9M which may include the convertible note + B1 combined,resolved,2026-09-15
CF00457,S0118,incorporation_date,"Jan 13, 2020",,2020-01-13,,unresolved - both preserved,phase3 p3 payload disagrees with existing value; existing kept as preferred pending human review,preserved-conflict,p3-merge
CF00458,S0118,business_model,Social investment platform with SEBI-registered advisors; gamified virtual trading; AI research assistant (Stoxo),,Social investment platform with SEBI-registered advisors; gamified virtual trading; AI research assistant (Stoxo); B2B institutional partnerships,,unresolved - both preserved,phase3 p3 payload disagrees with existing value; existing kept as preferred pending human review,preserved-conflict,p3-merge
CF00459,S0118,employee_estimate,62,,211,,unresolved - both preserved,phase3 p3 payload disagrees with existing value; existing kept as preferred pending human review,preserved-conflict,p3-merge
CF00460,S0118,FY24 revenue,"₹86.5 Cr (Entrackr B1 article, Dec 2025)",SRC02005,₹99.3 Cr (Inc42 Datalabs),SRC02009,unresolved - both preserved,Unresolved. Entrackr cites MCA filing data; Inc42 Datalabs may use different accounting basis or include other income,preserved-conflict,2026-09-15
CF00461,S0118,FY25 net profit,₹4.1M (Tracxn),SRC02002,₹34.6 Cr (Inc42 Datalabs),SRC02009,unresolved - both preserved,Major discrepancy. Inc42 Datalabs shows PAT ₹34.6 Cr; Tracxn shows ₹4.1M. Likely different data sources or accounting treatment,preserved-conflict,2026-09-15
CF00462,S0118,Series B amount,"$41.9M (Tracxn, Nov 26, 2025)",SRC02002,"₹150 Cr / ~$16.7M (VCCircle, Dec 2, 2025)",SRC02004,Series B total ~$41.9M including convertible structure,₹150 Cr ≈ $16.7M; Tracxn $41.9M may include convertible note + B1 combined,resolved,2026-09-15
CF00463,S0118,Total funding,$135.8M (enrich/stockgro.json),SRC02002,$108.57M (Inc42 Datalabs),SRC02009,unresolved - both preserved,Inc42 may not include debt or latest extended round; Tracxn includes all rounds,preserved-conflict,2026-09-15
CF00464,S0118,Employee count,62 (Tracxn),SRC02002,209 (Inc42 Datalabs) / 211 (LinkedIn),SRC02007,unresolved - both preserved,LinkedIn and Inc42 show ~200+; Tracxn shows 62. Likely Tracxn uses older data,preserved-conflict,2026-09-15
CF00465,S0118,Founder education,ISB MBA (enrich/stockgro.json),SRC02002,IIT graduate (prompt claim),USER_PROMPT,ISB MBA confirmed; IIT claim not verified,No source confirms IIT education for Ajay Lakhotia. All sources describe him as 'former venture capitalist' with ISB MBA. IIT claim UNVERIFIED,resolved,2026-09-15
CF00466,S0119,valuation,$173M post-money (PitchBook),SRC02025,$170M post-money (TechCrunch via CBInsights),SRC02035,~$170-173M post-money,PitchBook figure used as more recent; both are estimates from undisclosed sources,preserved-conflict,2026-09-15
CF00467,S0119,total_funding,$247.5M (Tracxn),SRC02013,$272M (PitchBook),SRC02025,$247.5M+ disclosed,Difference likely due to debt vs equity classification; Tracxn figure used as more granular,resolved,2026-09-15
CF00468,S0119,business_model,Mobility-as-a-Service (MaaS) / EV sharing + BaaS,,MaaS / EV sharing + BaaS + B2B gig-worker rentals,,unresolved - both preserved,phase3 p3 payload disagrees with existing value; existing kept as preferred pending human review,preserved-conflict,p3-merge
CF00469,S0119,employee_estimate,238,,1405,,unresolved - both preserved,phase3 p3 payload disagrees with existing value; existing kept as preferred pending human review,preserved-conflict,p3-merge
CF00470,S0119,registered_office,"2nd Floor, Etamin Block (Wing A), Prestige Tech Park, Kadubeesanahalli, Bengaluru, Karnataka 560103",,"Exora Business Park/Prestige Tech Park II, 2nd Floor, Wing A, Bellandur Khane Village, Outer Ring Road, Bengaluru - 560103, Karnataka",,unresolved - both preserved,phase3 p3 payload disagrees with existing value; existing kept as preferred pending human review,preserved-conflict,p3-merge
CF00471,S0119,employee_estimate,"238 (enrich/yulu.json, 2024)",,"1,405 (MCA as of Apr 2026)",,unresolved - both preserved,MCA figure is more recent and authoritative; 238 was likely an older estimate.,preserved-conflict,2026-09-15
CF00472,S0119,valuation,$173M post-money (PitchBook),,$170M post-money (CBInsights),,unresolved - both preserved,PitchBook figure used as more recent; both are estimates.,preserved-conflict,2026-09-15
CF00473,S0119,founders,Aprameya Radhakrishna + MCart mentioned as founder,,"No evidence; all credible sources list Amit Gupta, RK Misra, Naveen Dachuri, Hemant Gupta as original founders",,unresolved - both preserved,"Aprameya Radhakrishna is founder of MCart (logistics), NOT Yulu.",preserved-conflict,2026-09-15
CF00474,S0119,EBITDA_positive_date,Since April 2025 (VCCircle),,Q2 FY25 = Jul-Sep 2024 (Business Today),,unresolved - both preserved,Business Today (Dec 2024) reports EBITDA positive in Q2 FY25. VCCircle says since April 2025.,preserved-conflict,2026-09-15
CF00475,S0120,employee_count,862 (Tracxn),SRC02036,650 (PitchBook),SRC02037,650-862 range,"Different dates/sources; Tracxn may include India team, PitchBook may be US-only",resolved,2026-09-15
CF00476,S0120,total_funding,$331M (Tracxn),SRC02036,$334M (PitchBook),SRC02037,~$331-334M,Minor discrepancy; both are T2 databases,preserved-conflict,2026-09-15
CF00477,S0120,legal_name,"Soham, Inc. (also known as ManageMySpa)",,"Soham, Inc.",,unresolved - both preserved,phase3 p3 payload disagrees with existing value; existing kept as preferred pending human review,preserved-conflict,p3-merge
CF00478,S0120,cin,UNKNOWN,,U72300TG2015PTC097184,,unresolved - both preserved,phase3 p3 payload disagrees with existing value; existing kept as preferred pending human review,preserved-conflict,p3-merge
CF00479,S0120,incorporation_date,UNKNOWN,,2015-01-08,,unresolved - both preserved,phase3 p3 payload disagrees with existing value; existing kept as preferred pending human review,preserved-conflict,p3-merge
CF00480,S0120,business_model,"B2B SaaS (subscription) for beauty, fitness, wellness businesses",,"B2B SaaS subscription for beauty, wellness, fitness businesses",,unresolved - both preserved,phase3 p3 payload disagrees with existing value; existing kept as preferred pending human review,preserved-conflict,p3-merge
CF00481,S0120,registered_office,"Bellevue, Washington, USA; India office: Hyderabad, Telangana",,"RMZ Futura, Block A Plot No 14 & 15, Hitech city, Phase 2, Hyderabad, Telangana, India - 500081",,unresolved - both preserved,phase3 p3 payload disagrees with existing value; existing kept as preferred pending human review,preserved-conflict,p3-merge
CF00482,S0120,employee_count,"862 (Tracxn, as of Aug 2025)",SRC02036,650 (PitchBook),SRC02037,650-862 range,"Different dates/sources; Tracxn may include India team, PitchBook may be US-only",resolved,2026-09-15
CF00483,S0120,total_funding,$331M (Tracxn),SRC02036,$341.68M (CB Insights),SRC02059,$331-342M depending on inclusion of non-equity rounds,CB Insights includes PPP loan and secondary market rounds; Tracxn counts 6 rounds,resolved,2026-09-15
CF00484,S0120,revenue,$39.77M (Tracxn),SRC02036,$174.3M ARR (Latka estimate),SRC02050,MCA entity revenue ~$39.8M; global ARR estimated ~$174M,Tracxn reports MCA entity revenue (INR 336 Cr); Latka reports ARR estimate which may include global consolidated revenue,resolved,2026-09-15
CF00485,S0121,funding_round_type,"Series C $45M (Tracxn, 2026-01-14)",SRC02061,"PE Growth minority investment from Accel-KKR (Jan 22, 2026)",SRC02060,"PE Growth / minority investment from Accel-KKR, Jan 2026",Tracxn may classify the Accel-KKR investment as Series C; the press release calls it a minority growth investment,resolved,2026-09-15
CF00486,S0122,funding_round_type,Pre-Series B (Bellatrix official),SRC02067,Series A (Tracxn),SRC02068,"Pre-Series B, March 2026",Tracxn may classify differently; company calls it Pre-Series B,resolved,2026-09-15
CF00487,S0123,total_funding,$67.13M (Inc42),SRC02074,$56.8M (Tracxn),SRC02076,$56.8-67.13M range,Inc42 may include debt or different round counting; Tracxn figure may exclude some rounds,resolved,2026-09-15
CF00488,S0123,employee_count,"262 (Inc42, last 90d)",SRC02074,"314 (Tracxn, Aug 2025)",SRC02076,314 as of Aug 2025,Different dates; Tracxn figure more recent,resolved,2026-09-15
CF00489,S0123,registered_office,"Mumbai, Maharashtra, India",,"601, 6th Floor, Ackruti Trade Center, MIDC, Number 7, Andheri East, Mumbai, Maharashtra, India, 400069",,unresolved - both preserved,phase3 p3 payload disagrees with existing value; existing kept as preferred pending human review,preserved-conflict,p3-merge
CF00490,S0123,business_model,D2C Ecommerce (skincare products) + marketplace,,D2C Ecommerce (skincare + bodycare) + marketplace; ~95% online revenue,,unresolved - both preserved,phase3 p3 payload disagrees with existing value; existing kept as preferred pending human review,preserved-conflict,p3-merge
CF00491,S0123,employee_estimate,314,,376,,unresolved - both preserved,phase3 p3 payload disagrees with existing value; existing kept as preferred pending human review,preserved-conflict,p3-merge
CF00492,S0123,total_funding,$67.13M (Inc42),SRC02074,$56.8M in 5 rounds (Tracxn),SRC02076,$67.13M (sum of disclosed equity rounds),Tracxn counts 5 rounds including possibly debt/convertible notes; Inc42 may count differently. Sum of known equity rounds: $729.6K + $4M + $14.45M + $17.95M + $30M = $67.13M.,resolved,2026-09-15
CF00493,S0123,employee_count,"314 (Tracxn, Aug 2025)",SRC02076,"376 (Tracxn, Aug 2026)",SRC02076,376 as of Aug 2026,Different as-of dates; Tracxn updated profile Aug 2026 shows 376,resolved,2026-09-15
CF00494,S0123,revenue_FY25,Rs 206 Cr (Tracxn/Inc42 - total income),SRC02076,Rs 199 Cr (Indian Retailer - revenue from operations),SRC02082,Revenue from operations: Rs 199 Cr; Total income: Rs 206 Cr,Rs 199 Cr is revenue from operations; Rs 206 Cr includes Rs 7 Cr other income. Both correct for different metrics.,preserved-conflict,2026-09-15
CF00495,S0123,valuation,$180M (Tracxn shareholding),SRC02084,UNKNOWN (existing enrich data),SRC02076,$180M post-money (Tracxn),"Tracxn shareholding page shows post-money valuation of $180M as of Jan 14, 2025",resolved,2026-09-15
CF00496,S0125,funding_rounds[0].status,"$40M closed/secured (Mint, DealStreetAsia, YourStory, Entrackr)",SRC02095,"$40M in advanced talks, not closed (StartupTalky, Sep 2026)",SRC02096,$40M commitment (close status disputed),"Most outlets report as secured commitment deployed over 30 months; one outlet flags not-closed. Record as committed, note uncertainty.",resolved,2026-09-15
CF00497,S0125,primary_sector,proptech / workforce housing,,workforce housing / proptech,,unresolved - both preserved,phase3 p3 payload disagrees with existing value; existing kept as preferred pending human review,preserved-conflict,p3-merge
CF00498,S0125,company.primary_sector,aerospace composites/DFR (P3-WAVE prompt),P3-WAVE prompt,"workforce housing / proptech (company website, Mint, Machine Insider, all search results)",SRC02097,workforce housing / proptech,All verified sources confirm workforce housing. No aerospace company named 'HerSpace Manufacturing' exists in any search. The P3-WAVE prompt description is incorrect.,resolved,2026-09-15
CF00499,S0126,founding_year,2018,https://www.snitch.com (existing enrich/snitch.json),2019,SRC02109,2019,2019 is more defensible per Entrackr (regulatory filing source) and Inc42; company may have started as brand in 2018 but incorporated in 2022,resolved,2026-09-15
CF00500,S0126,fy25_revenue,520,SRC02103,498,SRC02106,498,Rs 498 Cr is the figure cited in FY26 reporting as the prior year comparison; Rs 520 Cr was management-quoted at time of Series B,resolved,2026-09-15
CF00501,S0126,series_b_amount,39.6,SRC02106,40,SRC02104,39.6,Rs 278.93 Cr = ~$33M per Entrackr regulatory filings; rounded to $39.6M-$40M in press; Entrackr figure from RoC filings is more precise,resolved,2026-09-15
CF00502,S0128,business_model,"B2B AI-native lending lifecycle software for banks/NBFCs (collections, underwriting)",,"B2B AI-native lending lifecycle SaaS (collections, underwriting, risk)",,unresolved - both preserved,phase3 p3 payload disagrees with existing value; existing kept as preferred pending human review,preserved-conflict,p3-merge
CF00503,S0128,cin,U62099MH2024PTC435417,SRC02127,U62099MH2024PTC43417,SRC02131,U62099MH2024PTC435417,U62099MH2024PTC435417 is the correct MCA CIN; rezolv.com compliance page has a typo (missing digit 5),resolved,2026-09-15
CF00504,S0128,seed_round_date,2025-03-03,SRC02128,March 2025 (approximate),SRC02125,2025-03-03,"Tracxn provides exact date Mar 03, 2025; 3one4 blog says 'last year' relative to Aug 2026",resolved,2026-09-15
CF00505,S0128,business_description,EV charging/battery intelligence,task_prompt,AI-native lending technology platform,SRC02123,AI-native lending technology platform,"Task prompt description was incorrect; Rezolv is a fintech lending-tech platform, not EV charging/battery",resolved,2026-09-15
CF00506,S0129,series_a_amount,$17.5M Series A (LinkedIn company post),SRC02136,$17M / over $17M Series A (ET/Inc42/press),SRC02133,$17M,Use $17M (press consensus); note company post says $17.5M,resolved,2026-09-15
CF00507,S0129,seed_amount,$2.2M seed (YesPress founder profile),SRC02137,$1.7M seed Aug 2024 (Inc42/ET/LinkedIn),SRC02134,$1.7M,Use $1.7M (multiple press + company LinkedIn funding table); YesPress ~$2.2M may include earlier $125K tranche,resolved,2026-09-15
CF00508,S0130,business_model,B2C/B2B2C — manufacture + sale of electric two-wheelers,,B2C/B2B2C — manufacture + sale of electric two-wheelers; subsidiary of RR Global,,unresolved - both preserved,phase3 p3 payload disagrees with existing value; existing kept as preferred pending human review,preserved-conflict,p3-merge
CF00509,S0130,employee_count,"633 (Tracxn, as of Jul 2025)",SRC02156,525 (Inc42),SRC02146,unresolved - both preserved,Tracxn figure (633) is more recent and specific; Inc42 (525) may be from different date. Both are third-party estimates.,preserved-conflict,2026-09-15
CF00510,S0130,employee_count,633 (Tracxn),SRC02156,201-500 (LinkedIn),SRC02157,unresolved - both preserved,LinkedIn self-reported range is much lower than Tracxn. Likely LinkedIn shows India-only headcount while Tracxn may include all entities.,preserved-conflict,2026-09-15
CF00511,S0130,funding_rounds,"Series A (Apr 2022), Series B (Jan 2025), Series D (Aug 2026) — 3 named rounds",SRC02139,"4 rounds total (Tracxn); Dealroom shows Series A, OTHER/SECONDARY, EARLY VC, Series D",SRC02158,unresolved - both preserved,"An intermediate round between Series A and Series D exists but is not publicly named. May have been labeled differently (e.g., pre-Series B or bridge round).",preserved-conflict,2026-09-15
CF00512,S0130,city,Mumbai (existing DB),SRC02140,Pune (Entrackr Jan 2025 article calls it 'Pune-based startup'),SRC02145,Mumbai (registered office),"Registered office is in Mumbai (Worli); manufacturing plant is in Chakan, Pune. Both cities are correct depending on context. Company is registered in Mumbai.",preserved-conflict,2026-09-15
CF00513,S0130,annual_sales_FY26,1.64 lakh units (Instagram post),SRC02155,3.44 lakh units (prior year FY25),SRC02155,unresolved - both preserved,Both from same source; FY26 sales declined significantly from FY25. This represents a notable downturn.,preserved-conflict,2026-09-15
CF00514,S0132,city,Batch city: Bengaluru,,Delhi NCR (Indian Startup News: 'based in Delhi NCR'),SRC02167,Delhi NCR (press) vs Bengaluru (batch),Unresolved — press says Delhi NCR; needs verification,preserved-conflict,2026-09-15
CF00515,S0134,funding_amount_2021,$50M raised in 2021 (per task prompt),task_prompt,"$125M Series G in April 2021 (per PRNewswire, Inc42, PitchBook)",SRC02174,$125M Series G (April 2021),The $125M Series G figure is well-documented across multiple primary sources; the $50M claim is not corroborated.,resolved,2026-09-15
CF00516,S0134,funding_amount_2022,$60M raised in 2022 (per task prompt),task_prompt,"$250M Series H in February 2022 (per Insight Partners, Reuters, CB Insights)",SRC02179,$250M Series H (Feb 2022),The $250M Series H figure is well-documented; the $60M claim is not corroborated.,resolved,2026-09-15
CF00517,S0134,valuation,$1.3B valuation (per task prompt),task_prompt,"$1.4B post-money (Series G, April 2021) and $3.5B post-money (Series H, Feb 2022)",SRC02174,$1.4B (Series G) / $3.5B (Series H),The $1.3B figure does not match any documented valuation. Series G was $1.4B; Series H was $3.5B.,resolved,2026-09-15
CF00518,S0134,city,Chennai (per existing enrich/chargebee.json),enrich/chargebee.json,Bengaluru mentioned as office location; US HQ in North Bethesda,SRC02180,Chennai (India registered office); North Bethesda MD (US HQ); Bengaluru (office),Chennai is the registered office and primary India hub; Bengaluru is a secondary office. The company is dual US-India.,resolved,2026-09-15
CF00519,S0135,business_model,B2B logistics services,,B2B logistics services (3PL express parcel + PTL + supply chain),,unresolved - both preserved,phase3 p3 payload disagrees with existing value; existing kept as preferred pending human review,preserved-conflict,p3-merge
CF00520,S0136,stage,Tracxn legal-entity page: Series D stage label on associated brand,SRC02232,Tracxn company page (parallel): Unfunded stage,SRC02236,Series D,"Resolved to Series D: dated Series D funding (Mar 17 2025, $1B) corroborated by multiple press reports; Unfunded label treated as stale record.",resolved,2026-09-15
CF00521,S0138,ipo_status,"Reuters Dec 2025: Prism shareholder nod to raise up to Rs 6,650 Cr via fresh issue",SRC02246,"Mint Jun 2026: SEBI approval for Rs 6,650 Cr IPO; UDRHP-I filed Jul 2026",SRC02247,"Pre-IPO, SEBI-approved, UDRHP-I filed",Consistent progression: shareholder nod (Dec 2025) -> SEBI approval (Jun 2026) -> UDRHP-I filed (Jul 2026). No conflict; timeline recorded.,resolved,2026-09-15
CF00522,S0138,status,Active,,"Active, Pre-IPO",,unresolved - both preserved,phase3 p3 payload disagrees with existing value; existing kept as preferred pending human review,preserved-conflict,p3-merge
CF00523,S0138,business_model,B2B2C marketplace + company-serviced hotels,,B2B2C marketplace + company-serviced hotels + asset management,,unresolved - both preserved,phase3 p3 payload disagrees with existing value; existing kept as preferred pending human review,preserved-conflict,p3-merge
CF00524,S0138,FY25 PAT,Rs 623 Cr (management/fortune India townhall),SRC02257,Rs 245 Cr (ET/MCA filing),SRC02251,unresolved - both preserved,,unresolved,2026-09-15
CF00525,S0138,FY25 revenue,"Rs 6,463 Cr (Fortune India/management)",SRC02257,"Rs 6,253 Cr (ET/MCA filing)",SRC02251,unresolved - both preserved,,unresolved,2026-09-15
CF00526,S0138,ipo_valuation,$7-8B (Skift/Mint),SRC02253,,SRC02247,unresolved - both preserved,,unresolved,2026-09-15
CF00527,S0138,official_website,https://www.angelone.in/,SRC02270,https://www.oyorooms.com/,,unresolved - both preserved,phase3 p3 payload disagrees with existing value; existing kept as preferred pending human review,preserved-conflict,p3-merge
CF00528,S0140,valuation,"$2.5B post-money (Series F, Oct 2025)",SRC02275,"$2.5B (Series E, Feb 2022)",SRC02277,$2.5B,Both rounds valued at $2.5B; Series F maintained same valuation as Series E,preserved-conflict,2026-09-15
CF00529,S0143,total_funding,"$46M (TechCrunch, Jan 2026)",SRC02298,"$56.95M (LinkedIn, Jun 2026)",SRC02302,$46M as of Jan 2026; ~$57M as of Jun 2026,LinkedIn figure likely includes additional funding rounds or ESOP buyback after Jan 2026; TechCrunch figure was as of Jan 2026,resolved,2026-09-15
CF00530,S0144,total_funding,Total funding $30M (Moneycontrol Nov 2024),SRC02304,Total $43.5M after $13.5M round (ET/crypto.news Sep-Oct 2025),SRC02305,$43.5M,Later figure supersedes; $43.5M current,resolved,2026-09-15
CF00531,S0144,primary_sector,gaming/web3 distribution protocol,,verified distribution protocol / AI data,,unresolved - both preserved,phase3 p3 payload disagrees with existing value; existing kept as preferred pending human review,preserved-conflict,p3-merge
CF00532,S0144,business_model,B2B verified user-distribution protocol; revenue from partner acquisition/loyalty programs,,"B2B verified user-distribution protocol; revenue from partner acquisition/loyalty programs, AI data labeling, and tokenomics",,unresolved - both preserved,phase3 p3 payload disagrees with existing value; existing kept as preferred pending human review,preserved-conflict,p3-merge
CF00533,S0144,official_website,https://venture.com,SRC02323,https://kgen.io,,unresolved - both preserved,phase3 p3 payload disagrees with existing value; existing kept as preferred pending human review,preserved-conflict,p3-merge
CF00534,S0144,total_funding,$43.5M total (ET Oct 2025),SRC02305,$42.8M total (Tracxn Sep 2026),SRC02309,$42.8M,Tracxn figure ($42.8M) is more recent and precise; ET's $43.5M may include unvested or different accounting,resolved,2026-09-15
CF00535,S0144,legal_name,Kratos Studios Ltd (Crunchbase),SRC02312,White MarTech Solutions Private Limited (Tracxn MCA),SRC02309,White MarTech Solutions Private Limited (CIN: U62099KA2023PTC178138),Tracxn provides MCA21-derived CIN; Crunchbase may use brand name; White MarTech Solutions Pvt Ltd is the registered Indian entity,resolved,2026-09-15
CF00536,S0144,website,https://venture.com (existing enrich file),SRC02323,"https://kgen.io (Tracxn, GlobeNewswire, Accel)",SRC02309,https://kgen.io,kgen.io is the verified official site; venture.com appears to be incorrect in existing data,resolved,2026-09-15
CF00537,S0144,founding_year,"2022 (Tracxn, Accel, multiple sources)",SRC02309,2023 (Bitget research report),SRC02324,2022 (as IndiGG); 2023-09-04 (as Kratos Studios Pvt Ltd),Tracxn and Accel both say 2022; incorporation date is Sep 2023; company may have started as IndiGG in 2022 and incorporated as Kratos Studios in 2023,preserved-conflict,2026-09-15
CF00538,S0145,founded_year,"Founded 2020 (VCCircle, Elevation, PitchBook)",SRC02326,"Founded 2021 (Inc42, Lightspeed pages)",SRC02343,2020,Prefer 2020 (founder/company sources); 2021 likely listing lag,resolved,2026-09-15
CF00539,S0145,founded_year,"Founded 2020 (VCCircle, Elevation, PitchBook, Seekho team page)",SRC02329,"Founded 2021 (Inc42, Lightspeed pages)",SRC02343,2020,Prefer 2020 (founder/company sources; MCA incorporation date 21 Sep 2020),resolved,2026-09-15
CF00540,S0145,founders,"Rohit Choudhary, Keertay Agarwal, Yash Banwani (Seekho team page, Elevation Capital, BVP, Goodwater, all primary sources)",SRC02329,Apoorva Ashram/Mayank Sinha (prompt-suggested names),prompt instruction,"Rohit Choudhary, Keertay Agarwal, Yash Banwani","All primary sources confirm Rohit Choudhary, Keertay Agarwal, Yash Banwani as founders. No evidence for Apoorva Ashram or Mayank Sinha.",resolved,2026-09-15
CF00541,S0145,valuation,"$180M post-money valuation at Series B (Entrackr, BVP)",SRC02327,$130M valuation (Instagram post),SRC02344,$180M,Prefer $180M (multiple credible sources including BVP and Entrackr),resolved,2026-09-15
CF00542,S0146,founded_year,"Founded 2020 (TOI, Inc42, company)",SRC02346,Founded 2019 (Tracxn),SRC02361,2020,Prefer 2020 per company-attributed press,resolved,2026-09-15
CF00543,S0146,cin,UNKNOWN,,U21001KA2024PTC194702,,unresolved - both preserved,phase3 p3 payload disagrees with existing value; existing kept as preferred pending human review,preserved-conflict,p3-merge
CF00544,S0146,business_model,"B2B R&D drug discovery; preclinical/clinical pipeline, partnerships",,"B2B R&D drug discovery; preclinical/clinical pipeline, POC-driven partnerships",,unresolved - both preserved,phase3 p3 payload disagrees with existing value; existing kept as preferred pending human review,preserved-conflict,p3-merge
CF00545,S0146,founded_year,"Founded 2020 (TOI, Inc42, company website)",SRC02346,Founded 2019 (LinkedIn); 2017 (Synapse/Patsnap); 2013 (YNOS),SRC02359,2020 (current entity); predecessor activity possibly from 2017-2018,Company website and press consistently state 2020; LinkedIn shows Mar 2018 founding of Avammune; Synapse says 2017; YNOS says 2013. Prefer 2020 per company-attributed press for the current entity; earlier dates may refer to predecessor enti,resolved,2026-09-15
CF00546,S0148,founded/incorporation,Launched May 2025 (ET),SRC02368,Founded 2024 per CIN prefix / 2025 per Tracxn,SRC02385,launched May 2025,"Operating launch May 2025; incorporation possibly 2024 — unverified, kept as gap",resolved,2026-09-15
CF00547,S0148,cin,U82990KA2024PTC195320 (per company blog footer; verify via MCA),,U82990KA2024PTC195320,,unresolved - both preserved,phase3 p3 payload disagrees with existing value; existing kept as preferred pending human review,preserved-conflict,p3-merge
CF00548,S0148,business_model,Inventory-led omnichannel travel-gear retail (own + partner brands),,"Inventory-led omnichannel travel-gear retail (own + partner brands: HRX, Snitch, Rare Rabbit)",,unresolved - both preserved,phase3 p3 payload disagrees with existing value; existing kept as preferred pending human review,preserved-conflict,p3-merge
CF00549,S0148,founded/incorporation,Launched May 2025 (ET),SRC02368,"Incorporated Nov 27, 2024 per MCA21 (CIN U82990KA2024PTC195320)",SRC02371,incorporated 2024-11-27; launched 2025-05-01,Incorporation Nov 2024; operating launch May 2025 — both correct at different stages,preserved-conflict,2026-09-15
CF00550,S0148,revenue_run_rate,"Rs 300Cr ARR (Jan 2026, Moneycontrol)",SRC02373,"Rs 400Cr ARR target (Jun 2026, Fortune India)",SRC02374,Rs 300Cr (Jan 2026) -> Rs 400Cr (Jun 2026),Rs 300Cr ARR as of Jan 2026; Rs 400Cr target/run rate as of Jun 2026 — temporal progression,resolved,2026-09-15
CF00551,S0149,valuation,$700M (May 2024),SRC02394,$100M (Oct 2024),SRC02387,$100M (post-Oct 2024),Valuation collapsed from $700M to $100M after Fullerton takeover,resolved,2026-09-15
CF00552,S0153,headquarters,"Bengaluru, India (batch, Tracxn legal entity)",SRC02419,"Prilly/Lausanne, Switzerland (Tracxn company profile, LinkedIn)",SRC02420,HQ: Switzerland; Operations lab: Bengaluru,Legal entity Vyuti Systems registered in Bengaluru; company HQ listed as Switzerland (Prilly/Lausanne) with Bengaluru lab,resolved,2026-09-15
CF00553,S0153,incorporation_date,10-04-2015,Tracxn,2015-04-09,,unresolved - both preserved,phase3 p3 payload disagrees with existing value; existing kept as preferred pending human review,preserved-conflict,p3-merge
CF00554,S0153,primary_sector,robotics vision,batch,robotics vision / industrial automation,,unresolved - both preserved,phase3 p3 payload disagrees with existing value; existing kept as preferred pending human review,preserved-conflict,p3-merge
CF00555,S0153,business_model,AI-based robotic vision solutions (Object Intelligence platform) for industrial robotics,Tracxn,Hardware-led robotics systems with Object Intelligence software stack; B2B manufacturing automation,,unresolved - both preserved,phase3 p3 payload disagrees with existing value; existing kept as preferred pending human review,preserved-conflict,p3-merge
CF00556,S0153,headquarters,"Bengaluru, India (MCA registered office; batch data; ANI article says Whitefield Bengaluru)",SRC02419,"Prilly/Lausanne, Switzerland (LinkedIn HQ; Tracxn company profile lists Switzerland as primary location)",SRC02420,"HQ: Prilly, Switzerland; Registered office: Bengaluru, India; Ops: Whitefield Bengaluru","Dual structure: Legal entity Vyuti Systems registered in Bengaluru, India; operational HQ and Design & Research Centre in Prilly, Switzerland; US sales office also exists",resolved,2026-09-15
CF00557,S0153,revenue,₹3.1Cr (~$374K) as on Mar 31 2024 (MCA audited),SRC02425,$1.1M annual revenue (LinkedIn); $5.8M ARR (GetLatka); $2-3M (CB Insights estimate),SRC02420,MCA FY24 revenue: ₹3.1Cr (~$374K); other sources suggest higher but unverified,MCA audited figure is lowest and most reliable; LinkedIn/GetLatka figures may include Switzerland entity or be estimates; significant discrepancy remains,resolved,2026-09-15
CF00558,S0153,employee_count,38 (Tracxn official),SRC02431,51-200 (LinkedIn); 53 (Inc42); 40 (MCA May 2025); 48 (Tracxn Apr 2026),SRC02420,Approximately 48-60 employees as of early 2026; expanding to 120,Multiple sources disagree; LinkedIn shows 51-200 range; MCA shows 40 as of May 2025; Tracxn shows 48 as of Apr 2026,resolved,2026-09-15
CF00559,S0154,Series A amount,$10M,SRC02443,$5.72M,SRC02446,$10M,$10M per company PR and ET; Tracxn figure may reflect partial disclosure,resolved,2026-09-15
CF00560,S0154,Founders,Srivatsan Sridhar + Movin Jain,SRC02442,Ashank Dubey + Samak Goel,unknown,Srivatsan Sridhar + Movin Jain,Srivatsan Sridhar and Movin Jain confirmed as founders from skydo.com/about-us and multiple sources; Ashank Dubey/Samak Goel not found in any verified source,resolved,2026-09-15
CF00561,S0155,City,Delhi/New Delhi,tracxn.com/d/legal-entities/india/smart-joules-private-limit,Bengaluru,batch s2_06,Delhi (New Delhi),Tracxn and company website confirm Delhi; batch file may have incorrect city guess,resolved,2026-09-15
CF00562,S0156,Revenue FY25,₹13.70 Cr,SRC02472,₹16.4 Cr,SRC02477,₹13.70 Cr (from registered-valuer report),UnlistedZone cites registered-valuer report; Inc42 may use different calculation. Both are MCA-derived.,preserved-conflict,2026-09-15
CF00563,S0156,City,Greater Noida,tracxn.com/d/legal-entities/india/vervesemi-microelectronics,Bengaluru,batch s2_06,"Greater Noida (HQ), Bengaluru (R&D)",Registered office is Greater Noida; R&D centre also in Bengaluru per company website,resolved,2026-09-15
CF00564,S0156,incorporation_date,Jun 8 2017,tracxn.com/d/legal-entities/india/vervesemi-microelectronics,2017-06-08,,unresolved - both preserved,phase3 p3 payload disagrees with existing value; existing kept as preferred pending human review,preserved-conflict,p3-merge
CF00565,S0156,city,Greater Noida (Bengaluru R&D),tracxn.com/d/legal-entities/india/vervesemi-microelectronics,Greater Noida,,unresolved - both preserved,phase3 p3 payload disagrees with existing value; existing kept as preferred pending human review,preserved-conflict,p3-merge
CF00566,S0156,primary_sector,semiconductor motor control,batch s2_06,semiconductor design (analog/mixed-signal ICs),,unresolved - both preserved,phase3 p3 payload disagrees with existing value; existing kept as preferred pending human review,preserved-conflict,p3-merge
CF00567,S0156,description,"Fabless semiconductor company; ML-enhanced analog signal chain ICs for industrial, smart energy, motor control, avionics",vervesemi.com,"Fabless semiconductor company designing precision analog signal chain ICs for energy, automotive, industrial, space and defence applications. Uses ML-enhanced analog architectures. Portfolio of 140+ I",,unresolved - both preserved,phase3 p3 payload disagrees with existing value; existing kept as preferred pending human review,preserved-conflict,p3-merge
CF00568,S0156,Revenue FY25,Rs 13.70 Cr,SRC02472,Rs 16.4 Cr,SRC02477,"Rs 13.70 Cr (audited, registered-valuer report)",UnlistedZone cites registered-valuer report (MCA-derived); Inc42 Datalabs may use different calculation. Both are MCA-derived. Prefer Rs 13.70 Cr as audited figure.,preserved-conflict,2026-09-15
CF00569,S0156,Employee count,42,SRC02471,46,SRC02474,46 (as of 2026); 42 (as of Aug 2025),Tracxn shows 42 as of Aug 2025; LinkedIn shows 46 as of 2026. Different dates; growth expected.,resolved,2026-09-15
CF00570,S0156,business_model,"Fabless semiconductor design; IP licensing, custom chip design services, own chip sales",SRC02472,"Fabless semiconductor design; IP licensing, custom design services, own chip sales",,unresolved - both preserved,phase3 p3 payload disagrees with existing value; existing kept as preferred pending human review,preserved-conflict,p3-merge
CF00571,S0157,Valuation,₹755 Cr post-money,entrepreneur.economictimes.indiatimes.com,₹550-600 Cr post-money,inc42.com/buzz/sugar-cosmetics-raises-%E2%82%B9145-cr-from-a,₹755 Cr (per regulatory filing basis),"Different calculation methods for post-money valuation; ET uses regulatory filing basis, Inc42 uses different share count",resolved,2026-09-15
CF00572,S0157,description,"Full-stack paediatric behavioural health platform for neurodivergent children; clinical therapy, inclusive schooling, digital therapeutics, diagnostics",businesstoday.in,"India's first full-stack paediatric behavioural health platform for neurodivergent children, combining clinical therapy, inclusive schooling, digital therapeutics, diagnostics, and technology-enabled ",,unresolved - both preserved,phase3 p3 payload disagrees with existing value; existing kept as preferred pending human review,preserved-conflict,p3-merge
CF00573,S0157,valuation_post_money,₹755 Cr post-money,SRC02481,₹550-600 Cr post-money,SRC02483,₹755 Cr (per regulatory filing basis),ET cites regulatory filing basis; Inc42 uses different share count calculation,resolved,2026-09-15
CF00574,S0158,Post-money valuation,₹755 Cr,SRC02495,₹550-600 Cr,SRC02497,₹755 Cr (per regulatory filing basis),MoneyControl uses regulatory filing basis; Inc42 calculates differently based on share count. Both cite MCA filings.,preserved-conflict,2026-09-15
CF00575,S0158,Revenue FY25,₹404 Cr,SRC02495,₹404 Cr,SRC02496,₹404 Cr,Consistent across sources,resolved,2026-09-15
CF00576,S0158,legal_name,Sugar Cosmetics (private limited),moneycontrol.com,VS Works Pvt Ltd,,unresolved - both preserved,phase3 p3 payload disagrees with existing value; existing kept as preferred pending human review,preserved-conflict,p3-merge
CF00577,S0158,Revenue FY25,₹404 Cr,SRC02495,₹404.4 Cr,SRC02497,₹404 Cr (₹404.4 Cr per Inc42),Consistent across sources; minor rounding difference,resolved,2026-09-15
CF00578,S0158,Valuation at Nov 2024 fundraise,"₹2,600-2,700 Cr",SRC02497,"₹3,000 Cr (2022 peak)",SRC02495,"₹3,000 Cr (2022 peak); ₹2,600-2,700 Cr (Nov 2024)","Inc42 references Nov 2024 fundraise at ₹2,600-2,700 Cr; MoneyControl references 2022 peak at ~₹3,000 Cr. These are different time periods.",resolved,2026-09-15
CF00579,S0158,AROMAE/COCUN brands,Task prompt states SUGAR + AROMAE + COCUN + brush lines exist,Task prompt,No evidence of AROMAE or COCUN on website or in any search results,Multiple sources searched,UNVERIFIED - no evidence found,"No evidence found for AROMAE or COCUN. Only SUGAR, SUGAR POP, ENN, and Quench Botanics are referenced. AROMAE and COCUN may have been divested/discontinued or may not exist.",resolved,2026-09-15
CF00580,S0159,city,Bengaluru,,Singapore,,unresolved - both preserved,phase3 p3 payload disagrees with existing value; existing kept as preferred pending human review,preserved-conflict,p3-merge
CF00581,S0159,primary_sector,ai ecommerce growth,,AI commerce / e-commerce analytics,,unresolved - both preserved,phase3 p3 payload disagrees with existing value; existing kept as preferred pending human review,preserved-conflict,p3-merge
CF00582,S0161,official_website,https://agrani.in,SRC02539,https://www.agranilabs.com,,unresolved - both preserved,phase3 p3 payload disagrees with existing value; existing kept as preferred pending human review,preserved-conflict,p3-merge
CF00583,S0161,employee_count,"56 employees as of Jul 31, 2026",SRC02536,11-50 employees,SRC02540,unresolved - both preserved,Tracxn (T3 database) reports 56; LinkedIn (self-reported) says 11-50; PitchBook says 31. Using Tracxn figure as most recent dated source but flagging conflict.,preserved-conflict,2026-09-15
CF00584,S0161,seed_round_date,"Seed round closed June 3, 2025",SRC02534,"Seed announced January 28, 2026",SRC02529,unresolved - both preserved,Moneycontrol states round closed June 2025; YourStory announced Jan 2026. Both are correct - closed vs announced dates differ.,preserved-conflict,2026-09-15
CF00585,S0161,Srikanth Sundararajan as founder,Srikanth Sundararajan listed as potential founder in task prompt,task_prompt,"Srikanth Sundararajan is General Partner at VenturEast, NOT a founder of Agrani Labs",SRC02541,Not a founder; Srikanth Nimmagadda is the co-founder,"Srikanth Sundararajan is a VC/investor, not a founder. The actual co-founder is Srikanth Nimmagadda (different person).",resolved,2026-09-15
CF00586,S0162,Series C amount,"Rs 170 Cr Series C (Inc42/ISN, Sep 2026)",SRC02542,"Rs 90.66 Cr Series C tranche at Rs 1,930 Cr valuation (Entrackr exclusive)",SRC02543,unresolved - both preserved,Treat Rs 90.66 Cr as filed tranche of larger Rs 170 Cr round; both cited,preserved-conflict,2026-09-15
CF00587,S0162,Series C amount,"Rs 170 Cr total Series C (Inc42/ISN, Sep 2026)",SRC02542,"Rs 90.66 Cr Series C primary tranche at Rs 1,930 Cr valuation (Entrackr exclusive)",SRC02543,Rs 90.66 Cr primary + ~Rs 79 Cr secondary = Rs 170 Cr total transaction,Rs 90.66 Cr is the primary share issuance (CCPS + equity); Rs 170 Cr includes secondary ESOP transactions. Both cited.,preserved-conflict,2026-09-15
CF00588,S0163,total_funding,$356M across 9 rounds,SRC02565,$625M total funding,SRC02562,unresolved - both preserved,Tracxn reports $356M for disclosed rounds; TheKredible (cited in Entrackr) reports $625M. Difference likely due to undisclosed rounds or different counting methodology. Both sources cited.,preserved-conflict,2026-09-15
CF00589,S0163,ceo,Yogesh Dhavade is current CEO,SRC02565,Amitava Saha was CEO at time of Investcorp investment (Nov 2020),SRC02564,Yogesh Dhavade (current); Amitava Saha (former CEO),Amitava Saha was CEO in 2020; Yogesh Dhavade is current CEO per Tracxn (2026). Different time periods.,resolved,2026-09-15
CF00590,S0163,founders,"6 founders: Supam Maheshwari, Rajdeep Meda, Macey Quinn, Shaikh Awesh, Johnson Smith, Devendra Kumari",SRC02565,2 founders: Amitava Saha and Supam Maheshwari,SRC02564,unresolved - both preserved,Investcorp PR (2020) names only Amitava Saha and Supam Maheshwari as founders. Tracxn lists 6 co-founders. Amitava Saha is also listed as Team member on Tracxn board. Likely early founding team expanded over time.,preserved-conflict,2026-09-15
CF00591,S0164,latest_round_amount,$4.9M,SRC02571,,SRC02570,$4M,Most defensible: $4M (ET + Entrackr + YourStory agree); ISN figure may bundle venture debt,resolved,2026-09-15
CF00592,S0164,status,ACTIVE — raised $4M Sep 2026,,ACTIVE,,unresolved - both preserved,phase3 p3 payload disagrees with existing value; existing kept as preferred pending human review,preserved-conflict,p3-merge
CF00593,S0164,primary_sector,fintech / B2B pharma,,fintech / B2B pharma distribution,,unresolved - both preserved,phase3 p3 payload disagrees with existing value; existing kept as preferred pending human review,preserved-conflict,p3-merge
CF00594,S0164,business_model,B2B pharma distribution + embedded credit,,"B2B pharma distribution platform with embedded credit, commerce (FundlyMart), and payments/settlement infrastructure",,unresolved - both preserved,phase3 p3 payload disagrees with existing value; existing kept as preferred pending human review,preserved-conflict,p3-merge
CF00595,S0164,latest_round_amount,$4M,SRC02570,$4.9M,SRC02571,$4M equity + $0.9M venture debt,Most defensible: $4M equity + $0.9M venture debt = $4.9M total. ET reports $4M equity; ISN reports $4.9M total including debt. Both are correct in their framing.,preserved-conflict,2026-09-15
CF00596,S0164,CIN,U74999MH2019PTC328994,SRC02574,U82990MH2019PTC328994,SRC02576,U74999MH2019PTC328994,Fundly.ai's own support and privacy pages state U74999MH2019PTC328994. Tracxn lists U82990MH2019PTC328994. Company self-declaration preferred.,resolved,2026-09-15
CF00597,S0164,company_identity,B2B pharma distribution + embedded credit,SRC02570,AI/finance,user prompt,B2B pharma distribution + embedded credit (fintech),"Fundly.ai is NOT an AI company or general fintech. It is a B2B pharma distribution platform with embedded credit, commerce, and payments. The 'AI' in the name refers to the company brand, not AI technology. One headline (The SaaS News) used",resolved,2026-09-15
CF00598,S0165,status,ACTIVE — $15M Series B Jun 2026,,ACTIVE,,unresolved - both preserved,phase3 p3 payload disagrees with existing value; existing kept as preferred pending human review,preserved-conflict,p3-merge
CF00599,S0165,business_model,B2B cyber-resilience SaaS + SOC services,,B2B cyber-resilience SaaS + SOC services + cyber insurance brokerage,,unresolved - both preserved,phase3 p3 payload disagrees with existing value; existing kept as preferred pending human review,preserved-conflict,p3-merge
CF00600,S0165,founding_year,2023,SRC02588,2021,SRC02594,2023 (operational founding); 2024 (MCA incorporation),Company PR and most press cite 2023 as founding year; Inc42 and some sources say 2021. MCA incorporation is 22-Mar-2024. Likely operational from 2021-2022 under different structure; formally incorporated 2024.,resolved,2026-09-15
CF00601,S0167,status,"ACTIVE — Rs 1255.57cr IPO Sep 9-11 2026, 72.88x subscribed; allotment Sep 15",,"ACTIVE — listed on NSE/BSE from Sep 17, 2026",,unresolved - both preserved,phase3 p3 payload disagrees with existing value; existing kept as preferred pending human review,preserved-conflict,p3-merge
CF00602,S0167,primary_sector,furniture rental / consumer services,,furniture and appliance rental / consumer subscription,,unresolved - both preserved,phase3 p3 payload disagrees with existing value; existing kept as preferred pending human review,preserved-conflict,p3-merge
CF00603,S0167,business_model,furniture/appliance rental subscription,,"D2C subscription-based rental of furniture, appliances, and home essentials",,unresolved - both preserved,phase3 p3 payload disagrees with existing value; existing kept as preferred pending human review,preserved-conflict,p3-merge
CF00604,S0167,public_private,public (listing Sep 2026),,public,,unresolved - both preserved,phase3 p3 payload disagrees with existing value; existing kept as preferred pending human review,preserved-conflict,p3-merge
CF00605,S0167,cities_count,23 cities (FY25),SRC02606,22 cities (as of Jan 2026),SRC02608,"23 (FY25), 22 (Jan 2026)","Both are company-reported at different points in time; FY25 had 23 cities, DRHP (Jan 2026) shows 22 cities",preserved-conflict,2026-09-15
CF00606,S0167,experience_stores_count,71 experience stores (FY25),SRC02606,67 experience stores (Jan 2026),SRC02608,"71 (FY25), 67 (Jan 2026)","Different reporting dates; FY25 had 71, DRHP (Jan 2026) shows 67",resolved,2026-09-15
CF00607,S0167,revenue_FY25,Rs 266 crore,SRC02606,Rs 265.96 crore,SRC02608,Rs 265.96 crore (precise),"Same figure rounded differently; Entrackr rounds to Rs 266cr, DRHP states Rs 265.96cr",resolved,2026-09-15
CF00608,S0167,co-founder,Ajay Nain listed as co-founder,SRC02609,Ajay Nain listed as co-founder in existing enrich file,SRC02611,Ajay Nain confirmed as co-founder,Both sources agree Ajay Nain is co-founder,preserved-conflict,2026-09-15
CF00609,S0170,total_funding,$1.9B (Failory),SRC02622,$650M KKR + $345.1M ADB debt + other rounds,SRC02623,$1.9B total funding since 2022,Failory $1.9B likely includes all debt+equity since 2022; both consistent if Failory aggregates all funding,preserved-conflict,2026-09-15
CF00610,S0171,founding_year,2014 (MarkHub24),SRC02633,2014 (TechCrunch),SRC02631,2014,Both sources agree on 2014,preserved-conflict,2026-09-15
CF00611,S0172,founding_year,2020 (Entrackr),SRC02638,Jan 2018 (foundersday),SRC02639,"Brand 2018, legal entity 2020","Brand possibly started 2018, legal entity registered 2020 per RoC",resolved,2026-09-15
CF00612,S0173,funding_amount,$6.1M (Inc42),SRC02644,INR 54.45 Cr (IPO Central),SRC02647,$6.1M / INR 54.45 Cr,INR 54.45 Cr ~ $6.1M at 2025 exchange rates; consistent,resolved,2026-09-15
CF00613,S0185,city,Bengaluru,,Gurugram,,unresolved - both preserved,phase3 p3 payload disagrees with existing value; existing kept as preferred pending human review,preserved-conflict,p3-merge
CF00614,S0185,primary_sector,travel villas,,luxury villa management,,unresolved - both preserved,phase3 p3 payload disagrees with existing value; existing kept as preferred pending human review,preserved-conflict,p3-merge
CF00615,S0185,business_model,tech-driven luxury villa management platform,,asset-light villa management platform,,unresolved - both preserved,phase3 p3 payload disagrees with existing value; existing kept as preferred pending human review,preserved-conflict,p3-merge
CF00616,S0185,total_funding,$18M,SRC02726,$18.5M,SRC02729,$18.5M (4 rounds),Tracxn reports $18.5M across 4 rounds; ET says ~$18M across 3 rounds; difference likely due to additional seed round,resolved,2026-09-15
CF00617,S0185,funding_rounds_count,"2 rounds (Seed/Series A, Series B)",https://india-startup-db/enrich/elivaas.json,4 rounds,SRC02729,4 rounds,"Tracxn shows 4 rounds: Seed (Nov 2023), Seed (Apr 2024), Series A (Sep 2024), Series B (Aug 2025)",resolved,2026-09-15
CF00618,S0188,financials.FY26.net_profit,"Rs 4,300 cr (Moneycontrol)",SRC02749,"Rs 4,283 cr (TOI)",SRC02750,4300,"both press-quoted filing figures; use rounded 4,300 pending filing",preserved-conflict,2026-09-15
CF00619,S0194,city,Bengaluru (batch file),SRC02777,Pune (multiple sources),SRC02773,Pune,Pune confirmed by company website and multiple news sources,resolved,2026-09-15
CF00620,S0196,city,Mumbai (batch file),SRC02793,Surat (multiple sources),SRC02790,"Surat (manufacturing), Mumbai (registered office)",Surat confirmed as manufacturing HQ; registered office in Mumbai Goregaon West,resolved,2026-09-15
CF00621,S0197,business_model,Credit-on-UPI platform enabling RuPay credit cards linked to UPI,,"Credit-on-UPI platform enabling RuPay credit cards linked to UPI; revenue from transaction processing fees, interest, and merchant commissions",,unresolved - both preserved,phase3 p3 payload disagrees with existing value; existing kept as preferred pending human review,preserved-conflict,p3-merge
CF00622,S0197,city,Bengaluru (HQ per website and Tracxn),SRC02796,Mumbai (registered office per MCA/Tracxn),SRC02795,"Bengaluru (HQ), Mumbai (registered)","Both correct: registered office is Mumbai, operational HQ is Bengaluru",preserved-conflict,2026-09-15
CF00623,S0197,founding_year,"2022 (Tracxn, Inc42, ET Legal)",SRC02795,2023 (Mint article states launched in 2023),SRC02798,Incorporated 2022-11-17; launched 2023,Incorporated Nov 2022; app launched 2023; both are correct in different senses,preserved-conflict,2026-09-15
CF00624,S0197,series_b_amount,"$24M (Entrackr, ET Legal, Inc42, BS)",SRC02794,Rs 208.5 crore (Entrackr regulatory filings),SRC02794,24000000,Same amount; $24M approximately equals Rs 208.5 Cr at prevailing exchange rate,resolved,2026-09-15
CF00625,S0197,total_funding,"$43M (Tracxn, Inc42, BS)",SRC02795,$42.9M (Inc42),SRC02797,43000000,Rounding difference; both refer to same total,preserved-conflict,2026-09-15
CF00626,S0197,founder_name_amit,Amit (prompt reference),,"No founder named Amit found; founders are Anup Agrawal, Siddharth Mehta, Mohit Bedi",SRC02796,unresolved - both preserved,No founder named Amit; prompt reference appears incorrect,preserved-conflict,2026-09-15
CF00627,S0197,credit_info_company_license,Licensed as CRIL-CAML (prompt reference),,No evidence of RBI Credit Information Company license; operates via bank partnerships under NPCI framework,SRC02805,unresolved - both preserved,"No CIC license found; Kiwi operates as a technology platform partnering with banks, not as a licensed CIC or NBFC",preserved-conflict,2026-09-15
CF00628,S0197,series_b_valuation,"$100M (Entrackr, ET Legal)",SRC02794,Not disclosed by company,SRC02794,100000000,Company did not officially disclose; Entrackr estimated from regulatory filings,resolved,2026-09-15
CF00629,S0197,registered_office_mumbai,Mumbai (Tracxn MCA data),SRC02795,"Bengaluru (existing DB, website)",SRC02796,"Mumbai (registered), Bengaluru (HQ)",Registered office is Mumbai; operational HQ is Bengaluru,resolved,2026-09-15
CF00630,S0197,series_a_amount,"$13M (ET Legal, BS)",SRC02802,Rs 10374560 USD (Tracxn),SRC02795,13000000,Consistent; $13M approximately equals Rs 10.37 Cr,resolved,2026-09-15
CF00631,S0197,revenue_fy25,Rs 3.83 Cr (Inc42),SRC02797,0 - Rs 10 Cr (Tracxn),SRC02795,3.83,Consistent; Rs 3.83 Cr falls within 0-Rs 10 Cr range,resolved,2026-09-15
CF00632,S0197,loss_fy25,Rs 64.2 Cr (Inc42),SRC02797,Rs 64 Cr (Entrackr),SRC02794,64.2,Consistent; Rs 64.2 Cr vs Rs 64 Cr rounding,resolved,2026-09-15
CF00633,S0197,total_funding_rounds,3 rounds (Tracxn),SRC02795,2 rounds (existing DB: only Series B listed),SRC02796,3,"Tracxn shows Seed, Series A, Series B; existing DB only lists Series B",resolved,2026-09-15
CF00634,S0197,omidyar_network_investor,"Omidyar Network India (Tracxn, Entrackr)",SRC02794,Not in existing DB investor_links,,True,Omidyar Network India is confirmed investor in Series B,resolved,2026-09-15
CF00635,S0197,interest_back_emi_first,First of its kind in India (BS),SRC02801,First interest-back EMI feature on UPI (existing DB),SRC02796,True,Consistent,resolved,2026-09-15
CF00636,S0197,mohit_bedi_background,Ex-Axis Bank & PayU (Inc42),SRC02803,Co-Founder & CBO (Tracxn); no prior role specified in BS/CBO article,SRC02799,Ex-Axis Bank & PayU,Inc42 provides prior role detail; consistent with CBO title,resolved,2026-09-15
CF00637,S0197,seed_round_date,"Dec 30, 2022 (Tracxn)",SRC02795,May 2023 (Inc42 article date),SRC02803,2022-12-30,"Inc42 article published May 2023 reporting pre-seed; Tracxn shows seed round Dec 30, 2022",resolved,2026-09-15
CF00638,S0198,city,Mumbai (batch file),SRC02817,Thane (Dealroom),SRC02816,"Mumbai (HQ), Thane (ops)",Mumbai confirmed as HQ by Tracxn; Thane mentioned as ops location by Dealroom,resolved,2026-09-15
CF00639,S0209,primary_sector,fintech/microfinance,Tracxn,NBFC-MFI / fintech,,unresolved - both preserved,phase3 p3 payload disagrees with existing value; existing kept as preferred pending human review,preserved-conflict,p3-merge
CF00640,S0209,business_model,NBFC-MFI providing microfinance loans to low-income women entrepreneurs,"Tracxn, Aavishkaar Group","NBFC-MFI providing microfinance loans to low-income women entrepreneurs via JLG model; also offers SME loans, insurance distribution, digital lending (ArohanPrivilege)",,unresolved - both preserved,phase3 p3 payload disagrees with existing value; existing kept as preferred pending human review,preserved-conflict,p3-merge
CF00641,S0209,employee_count,"10,585 as of Apr 2025",SRC02875,"9,862 as of May 2026",SRC02875,unresolved - both preserved,Different as_of dates; employee count declined 46% from Apr 2024 to Apr 2025 per Tracxn,preserved-conflict,2026-09-15
CF00642,S0209,IPO_amount,"Rs 1,500 Cr (Jan 2026 statement by MD)",SRC02874,Rs 600 Cr fresh issue (DRHP May 2026),SRC02874,unresolved - both preserved,"Rs 1,500 Cr was initial target; DRHP filed for Rs 600 Cr fresh issue. Different scope.",preserved-conflict,2026-09-15
CF00643,S0209,founder_identity,Neena Gupta (user prompt suggestion),,Manoj Kumar Nambiar (MD per company website and ET),SRC02886,unresolved - both preserved,Neena Gupta not found in any source. Manoj Kumar Nambiar is confirmed MD.,preserved-conflict,2026-09-15
CF00644,S0211,legal_name,UNKNOWN,Not found in search results,Nexedge Capital Management Private Limited,,unresolved - both preserved,phase3 p3 payload disagrees with existing value; existing kept as preferred pending human review,preserved-conflict,p3-merge
CF00645,S0211,incorporation_date,UNKNOWN,Not found,2024-10-23,,unresolved - both preserved,phase3 p3 payload disagrees with existing value; existing kept as preferred pending human review,preserved-conflict,p3-merge
CF00646,S0211,city,Delhi NCR,"Entrackr, Inc42",New Delhi,,unresolved - both preserved,phase3 p3 payload disagrees with existing value; existing kept as preferred pending human review,preserved-conflict,p3-merge
CF00647,S0211,business_model,Technology-led wealth management for HNIs/UHNIs,"ET, Inc42",Technology-led wealth management and multi-family office for HNIs/UHNIs; SEBI-registered investment adviser; AMFI-registered MF distributor,,unresolved - both preserved,phase3 p3 payload disagrees with existing value; existing kept as preferred pending human review,preserved-conflict,p3-merge
CF00648,S0211,employee_estimate,UNKNOWN,Not found,187,,unresolved - both preserved,phase3 p3 payload disagrees with existing value; existing kept as preferred pending human review,preserved-conflict,p3-merge
CF00649,S0211,startup_stage,Early-stage (maiden round),Maiden funding round Aug 2026,Early-stage (maiden round completed),,unresolved - both preserved,phase3 p3 payload disagrees with existing value; existing kept as preferred pending human review,preserved-conflict,p3-merge
CF00650,S0211,company_class,IIFCL+IFC joint PE arm (per P3-WAVE prompt),prompt-instruction,Wealth management/multi-family office firm founded by Anirudha Taparia (per all evidence),SRC02904,Startup (wealthtech/asset management),claim_b,resolved,2026-09-15
CF00651,S0211,city,Mumbai (per P3-WAVE prompt),prompt-instruction,New Delhi (per all evidence),SRC02905,"New Delhi, Delhi",claim_b,resolved,2026-09-15
CF00652,S0211,founding_date,2024 (Tracxn/PitchBook incorporation),SRC02910,February 2025 (launch date per multiple sources),SRC02904,Incorporated 2024-10-23; launched Feb 2025,both,preserved-conflict,2026-09-15
CF00653,S0211,funding_amount,$25 million (ET Jun 2026 report),SRC02903,$20 million (actual closed round Aug 2026),SRC02904,20000000,claim_b,resolved,2026-09-15
CF00654,S0213,legal_name,Navana.ai (Navana Tech),SiliconIndia,NAVANA TECH INDIA PRIVATE LIMITED,,unresolved - both preserved,phase3 p3 payload disagrees with existing value; existing kept as preferred pending human review,preserved-conflict,p3-merge
CF00655,S0213,incorporation_date,UNKNOWN,Not found,2018-09-30,,unresolved - both preserved,phase3 p3 payload disagrees with existing value; existing kept as preferred pending human review,preserved-conflict,p3-merge
CF00656,S0213,business_model,Full-stack voice AI for regulated enterprises,VarIndia,Full-stack voice AI platform for regulated enterprises (BFSI),,unresolved - both preserved,phase3 p3 payload disagrees with existing value; existing kept as preferred pending human review,preserved-conflict,p3-merge
CF00657,S0213,official_website,https://navana.com,SRC02942,https://navana.ai,,unresolved - both preserved,phase3 p3 payload disagrees with existing value; existing kept as preferred pending human review,preserved-conflict,p3-merge
CF00658,S0215,city,Mumbai (batch city hint),,Delhi-based in 2020 coverage,SRC02951,Mumbai,Current operating city not independently verified in lite search; retained batch city.,resolved,2026-09-15
CF00659,S0215,city,Mumbai,,Gurugram,,unresolved - both preserved,phase3 p3 payload disagrees with existing value; existing kept as preferred pending human review,preserved-conflict,p3-merge
CF00660,S0215,primary_sector,mobility / used-car leasing,,mobility / used-car leasing / corporate mobility solutions,,unresolved - both preserved,phase3 p3 payload disagrees with existing value; existing kept as preferred pending human review,preserved-conflict,p3-merge
CF00661,S0216,founders,Tejas Jain,SRC02965,Tejas Jain and Rajendra Kumar Jain,SRC02967,Tejas Jain,Used Tracxn/company-profile result for the primary founder record; second founder claim remains unresolved.,preserved-conflict,2026-09-15
CF00662,S0216,registered_office,Bengaluru HQ,SRC02962,Indore registered office,SRC02961,HQ Bengaluru; registered office Indore,These refer to different location types; retain Bengaluru as operating HQ and Indore as registered office.,resolved,2026-09-15
CF00663,S0217,city,Bengaluru (batch hint),,Hyderabad-based / Hyderabad launch history,SRC02969,Hyderabad,Used Hyderabad because official company history and Mint describe Hyderabad base; Bengaluru not supported by observed sources.,resolved,2026-09-15
CF00664,S0217,investor_amount,Nikhil Kamath ₹200 crore,SRC02972,Kamath and Vanga cumulatively ₹250 crore,SRC02968,₹250 crore total; ₹200 crore Kamath,"Preserved both; only Kamath amount is explicit, Vanga amount left undisclosed.",preserved-conflict,2026-09-15
CF00665,S0224,identity/city,"Candidate is Fire AI (FireAI), Mumbai",SRC03014,Fetched article says the Fire AI data company is Singapore based,SRC03014,unresolved - both preserved,Preserved conflict; do not merge without primary evidence,preserved-conflict,2026-09-15
CF00666,S0226,city,Mumbai,,Bengaluru,,unresolved - both preserved,phase3 p3 payload disagrees with existing value; existing kept as preferred pending human review,preserved-conflict,p3-merge
CF00667,S0226,official_website,https://www.comet.com,SRC03030,https://www.wearcomet.com,,unresolved - both preserved,phase3 p3 payload disagrees with existing value; existing kept as preferred pending human review,preserved-conflict,p3-merge
CF00668,S0226,funding_amount,Rs 100 crore,SRC03019,Rs 98.75 crore,SRC03020,Rs 98.75 crore (regulatory filing),Entrackr cites regulatory filing (Rs 98.75 crore); IndianRetailer rounds to Rs 100 crore,resolved,2026-09-15
CF00669,S0226,founding_year,2023,SRC03021,2022,SRC03018,Incorporated 2022; brand launched July 2023,Company incorporated 2022 (CIN U18109KA2022PTC165258); brand launched July 2023,resolved,2026-09-15
CF00670,S0228,employee_estimate,665,,651,,unresolved - both preserved,phase3 p3 payload disagrees with existing value; existing kept as preferred pending human review,preserved-conflict,p3-merge
CF00671,S0228,total_funding,$125M CPEF 2022 at $1.5B valuation (user prompt claim),,"$105M Series D at $775M valuation (Entrackr, Aug 2022); Total funding $181.60M (Inc42)",SRC03042,unresolved - both preserved,The $105M Series D at $775M is well-documented. The $125M CPEF at $1.5B claim could not be verified from any source. Inc42 reports total funding of $181.60M+ which is consistent with $35M (Series C) + $105M (Series D) + earlier rounds. The ,preserved-conflict,2026-09-15
CF00672,S0228,Anand Jain title,Co-founder and Chief Product Officer (May 2024),SRC03036,Co-founder and Chief Marketing Officer (Feb 2026),SRC03044,unresolved - both preserved,Role change from CPO to CMO likely occurred between May 2024 and Feb 2026. Both titles confirmed from official PR sources.,preserved-conflict,2026-09-15
CF00673,S0228,HQ location,"San Francisco, California (per PR Newswire 2024-2026)",SRC03036,"Considering reverse flip to Mumbai, India (Oct 2024)",SRC03041,unresolved - both preserved,HQ was San Francisco as of 2024-2026 PRs. Reverse flip was being considered as of Oct 2024 but no confirmation of completion found.,preserved-conflict,2026-09-15
CF00674,S0235,financing amount,$31.5M credit line,SRC03087,EUR27M loan,SRC03088,$31.5M / EUR27M,Both retained; likely currency/reporting difference,preserved-conflict,2026-09-15
CF00675,S0238,cumulative funding,$110M+ to date,SRC03104,$218.2M across 9 rounds,SRC03131,Not resolved,Retain both; secondary databases differ in scope and debt/equity inclusion,preserved-conflict,2026-09-15
CF00676,S0238,status,Active; private agritech,,Active,,unresolved - both preserved,phase3 p3 payload disagrees with existing value; existing kept as preferred pending human review,preserved-conflict,p3-merge
CF00677,S0238,business_model,Digital agronomy and agri-input commerce,,Digital agronomy and agri-input commerce; omnichannel (app + advisory centres + Saathi stores); output linkages via Kimaye,,unresolved - both preserved,phase3 p3 payload disagrees with existing value; existing kept as preferred pending human review,preserved-conflict,p3-merge
CF00678,S0238,total_funding,$186M across 13 rounds,SRC03132,$198.5M across 10 rounds,SRC03133,Not resolved,Tracxn counts 13 rounds including small seed/debt; CB Insights counts 10 rounds. Difference likely due to round counting methodology and debt inclusion.,resolved,2026-09-15
CF00679,S0238,total_funding,$191M across 14 rounds,SRC03132,$218.2M+,SRC03134,Not resolved,Inc42 includes all disclosed funding; Tracxn may exclude some rounds. Both are secondary databases.,preserved-conflict,2026-09-15
CF00680,S0238,valuation,$293M post-money (2025),SRC03108,$233M (Tracxn),SRC03112,Not resolved,ET reports $293M for April 2025 round; Tracxn reports $233M. ET cites Tofler filings directly.,resolved,2026-09-15
CF00681,S0238,founding_year,2013,SRC03111,2008,SRC03135,2013 for AgroStar brand; 2008 for legal entity incorporation,2008 is MCA incorporation date of ULink AgriTech Pvt Ltd; 2013 is when AgroStar brand launched. Both correct for different entities.,preserved-conflict,2026-09-15
CF00682,S0238,registered_office,"Office Nos. 001-004, Ground Floor, Nyati Tech Park, Wadgaon Sheri, Pune - 411014, Maharashtra",SRC03111,"Office Nos. 001-004, Ground Floor, Nyati Tech Park, Wadgaon Sheri, Pune - 411014",,unresolved - both preserved,phase3 p3 payload disagrees with existing value; existing kept as preferred pending human review,preserved-conflict,p3-merge
CF00683,S0241,city,Ahmedabad (batch metadata),,Noida / New Delhi-based in 2026 coverage and company address,SRC03164,Noida,Use Noida pending operating-company confirmation,resolved,2026-09-15
CF00684,S0241,legal_entity,Arya Collateral Warehousing Services Private Limited,SRC00036,Arya.ag operating entity not verified,SRC03164,unresolved - both preserved,Do not assign CIN until entity match is confirmed,preserved-conflict,2026-09-15
CF00685,S0241,legal_name,Arya Collateral Warehousing Services Private Limited (associated entity; operating-company identity needs confirmation),,Arya Collateral Warehousing Services Private Limited,,unresolved - both preserved,phase3 p3 payload disagrees with existing value; existing kept as preferred pending human review,preserved-conflict,p3-merge
CF00686,S0241,business_model,"Grain commerce, farmgate storage and lending services",,"Farmgate storage, grain commerce, and warehouse-receipt-backed lending",,unresolved - both preserved,phase3 p3 payload disagrees with existing value; existing kept as preferred pending human review,preserved-conflict,p3-merge
CF00687,S0241,total_funding,$169M total across 14 rounds (Tracxn),SRC03152,INR 725 crore Series D only (existing DB),SRC03160,$169M total; Series D = $81M / INR 725 crore,Tracxn $169M includes all rounds; INR 725 crore is only Series D amount,resolved,2026-09-15
CF00688,S0241,employee_count,"875 (Tracxn, May 2026)",SRC03152,"1,200+ full-time (TechCrunch)",SRC03150,"875 as of May 2026 (Tracxn); 1,200+ as of Jan 2026 (TechCrunch)","Different dates and definitions; TechCrunch article from Jan 2026 says 1,200+; Tracxn May 2026 says 875",resolved,2026-09-15
CF00689,S0241,revenue_fy25,INR 447 crore (BW Disrupt),SRC03163,INR 450 crore / Rs 4.5 billion (TechCrunch),SRC03150,INR 447-450 crore (press-quoted),Minor discrepancy; both are press-quoted figures,preserved-conflict,2026-09-15
CF00690,S0242,legal_entity,Hubilo Softech Private Limited,SRC03170,Same CIN displayed as FieldDrive Private Limited,SRC00035,Hubilo Softech Private Limited,Retain Hubilo legal name from registry search but flag CIN/entity linkage for verification,resolved,2026-09-15
CF00691,S0248,founding_year,2019,SRC03200,2024,SRC03199,Brand: 2019; Legal entity: 2024-09-26,"Brand founded 2019 as Tech Wave Solutions; MCA legal entity incorporated Sep 26, 2024 as AMMUNIC SYSTEMS PRIVATE LIMITED",resolved,2026-09-15
CF00692,S0248,employee_count,36,SRC03206,24,SRC03205,36 (Tracxn official),Tracxn reports 36 official employees; PitchBook reports 24; LinkedIn data suggests 24-30 range,resolved,2026-09-15
CF00693,S0255,status,"ACTIVE — agreed to acquire Capital India Finance RemitX forex business for Rs 11.4 cr, Sep 2026",,ACTIVE,,unresolved - both preserved,phase3 p3 payload disagrees with existing value; existing kept as preferred pending human review,preserved-conflict,p3-merge
CF00694,S0255,primary_sector,fintech / travel-fintech,,fintech / travel-banking,,unresolved - both preserved,phase3 p3 payload disagrees with existing value; existing kept as preferred pending human review,preserved-conflict,p3-merge
CF00695,S0255,business_model,"Travel-fintech / neobank (forex cards, cross-border)",,"Travel-fintech / neobank: zero-forex markup debit/credit cards via partner banks (DCB, SBM), forex services via Kanji Forex (AD-II), remittances, travel services",,unresolved - both preserved,phase3 p3 payload disagrees with existing value; existing kept as preferred pending human review,preserved-conflict,p3-merge
CF00696,S0255,official_website,https://www.niyo.com,SRC03255,https://www.goniyo.com,,unresolved - both preserved,phase3 p3 payload disagrees with existing value; existing kept as preferred pending human review,preserved-conflict,p3-merge
CF00697,S0255,founders,Vinay Bagri and Virender Bisht (co-founders),SRC03226,Vikram Chatterjee and Shreyans Sheth (prompt-suggested names),prompt,"Vinay Bagri, Virender Bisht",Vinay Bagri and Virender Bisht confirmed as founders across all sources; Vikram Chatterjee is a Bengali actor and Shreyans Sheth is unrelated to Niyo,resolved,2026-09-15
CF00698,S0255,funding_round_amounts,$100M Series C (Feb 2022),SRC03232,$130M Series C (2022) per some sources,SRC03241,$100M (Feb 2022) + $30M (Jul 2022),$100M was the Accel/Lightrock round; additional $30M from Multiples later in 2022; total Series C ~$130M,resolved,2026-09-15
CF00699,S0255,valuation,$136.4M (Tracxn),SRC03231,Undisclosed (PitchBook shows $X.XXB),SRC03256,$136.4M (Tracxn estimate),Tracxn shows $136.4M as latest valuation; PitchBook data behind paywall,resolved,2026-09-15
CF00700,S0256,status,"ACTIVE — IN-SPACe Technology Adoption Fund selectee, 2026",,ACTIVE,,unresolved - both preserved,phase3 p3 payload disagrees with existing value; existing kept as preferred pending human review,preserved-conflict,p3-merge
CF00701,S0256,business_model,Satellite earth-observation analytics (decision intelligence),,"Satellite Earth-observation analytics (decision intelligence) for agriculture, banking, insurance, infrastructure, aviation, forestry",,unresolved - both preserved,phase3 p3 payload disagrees with existing value; existing kept as preferred pending human review,preserved-conflict,p3-merge
CF00702,S0256,official_website,https://satsure.in,SRC03278,https://satsure.co,,unresolved - both preserved,phase3 p3 payload disagrees with existing value; existing kept as preferred pending human review,preserved-conflict,p3-merge
CF00703,S0256,total_funding,$28.9M over 12 rounds,SRC03265,$20.06M across 6 rounds,SRC03279,unresolved - both preserved,Tracxn counts more rounds including seed/grant/prize money rounds; Inc42 counts only major disclosed rounds. Both are database estimates; discrepancy preserved.,preserved-conflict,2026-09-15
CF00704,S0256,incorporation_date,2017-09-22,SRC03264,2017-09-21,SRC03280,unresolved - both preserved,ZaubaCorp (registry aggregator) says Sep 22; Tracxn says Sep 21. Minor discrepancy; ZaubaCorp cited as primary registry source.,preserved-conflict,2026-09-15
CF00705,S0258,status,ACTIVE — operating; 350 layoffs May 2025 (AI automation/profitability); Builder.ai round-tripping allegation overhang,,ACTIVE,,unresolved - both preserved,phase3 p3 payload disagrees with existing value; existing kept as preferred pending human review,preserved-conflict,p3-merge
CF00706,S0258,primary_sector,media (Josh/Dailyhunt),,digital media / local language content platform,,unresolved - both preserved,phase3 p3 payload disagrees with existing value; existing kept as preferred pending human review,preserved-conflict,p3-merge
CF00707,S0258,business_model,"Vernacular content (Dailyhunt) + short video (Josh), pivoting to AI",,ad-supported (Dailyhunt/NexVerse.ai) + subscriptions (Dailyhunt Premium/Magzter) + influencer marketplace (VerSe Collab) + virtual gifting (Josh),,unresolved - both preserved,phase3 p3 payload disagrees with existing value; existing kept as preferred pending human review,preserved-conflict,p3-merge
CF00708,S0258,official_website,http://verse.in,hyperresearch_fetch,https://www.verse.in,SRC03305,unresolved - both preserved,phase3 p3 payload disagrees with existing value; existing kept as preferred pending human review,preserved-conflict,p3-merge
CF00709,S0258,startup_stage,late-stage unicorn (~$4-5B valuation band; $1.7-1.9B raised per trackers),,late-stage unicorn (Series J); pre-IPO,,unresolved - both preserved,phase3 p3 payload disagrees with existing value; existing kept as preferred pending human review,preserved-conflict,p3-merge
CF00710,S0258,valuation,$5 billion post-money (April 2022 Series J),,"$2.9 billion (360 One internal mark, 2024)",,Last primary round: $5B (Apr 2022); latest investor mark: $2.9B (2024),"Both are valid at different points in time; $5B was last primary round valuation (Apr 2022); $2.9B is a secondary mark by one minority investor (360 One, 2% stake). VerSe disputes the markdown.",preserved-conflict,2026-09-15
CF00711,S0258,Josh MAU,150 million MAU (April 2022),,179 million MAU (October 2024),,150M (Apr 2022) → 179M (Oct 2024) per company claims,"Different time periods; 150M was April 2022 claim, 179M was Oct 2024 claim. Both company-reported.",preserved-conflict,2026-09-15
CF00712,S0258,FY24 total revenue,"Rs 1,261 crore (operating revenue)",,"Rs 1,493 crore (total revenue)",,"Operating revenue: Rs 1,261 Cr; Total revenue: Rs 1,493 Cr (FY24)",Operating revenue vs total revenue (including non-operating income); both correct for different metrics.,preserved-conflict,2026-09-15
CF00713,S0258,status,ACTIVE — operating; 350 layoffs May 2025 (AI automation/profitability); Builder.ai round-tripping allegation overhang,,ACTIVE — operating; 350 layoffs May 2025 (AI automation/profitability); Builder.ai round-tripping allegation overhang; IPO planned before March 2027,,unresolved - both preserved,phase3 p3 payload disagrees with existing value; existing kept as preferred pending human review,preserved-conflict,p3-merge
CF00714,S0258,registered_office,"Mantri Commercio, Spatium Offices, Unit 001, Tower A, 5th Floor, Outer Ring Road, Near Sakra World Hospital, Kariyammana Agrahara, Bellandur, Bengaluru – 560103, Karnataka",,"11th Floor, Wing E, Helios Business Park Outer Ring Road, Kadubeesanahalli, Bengaluru, Karnataka, India - 560103",,unresolved - both preserved,phase3 p3 payload disagrees with existing value; existing kept as preferred pending human review,preserved-conflict,p3-merge
CF00715,S0278,status,Active — DRHP filed with SEBI Dec 2025 for IPO,,Active — DRHP filed Dec 2025; SEBI approval Jul 2026; OFS-only IPO pending,,unresolved - both preserved,phase3 p3 payload disagrees with existing value; existing kept as preferred pending human review,preserved-conflict,p3-merge
CF00716,S0278,primary_sector,defence imaging / electro-optics,,defence imaging / electro-optics / EO-IR sensors,,unresolved - both preserved,phase3 p3 payload disagrees with existing value; existing kept as preferred pending human review,preserved-conflict,p3-merge
CF00717,S0278,public_private,"private (pre-IPO; DRHP filed Dec 2025, pure OFS)",,"private (pre-IPO; DRHP filed Dec 2025, pure OFS; SEBI cleared Jul 2026)",,unresolved - both preserved,phase3 p3 payload disagrees with existing value; existing kept as preferred pending human review,preserved-conflict,p3-merge
CF00718,S0278,cin,U26700KA2003PLC033043,SRC03372,U74140KA2003PLC033043,SRC03373,U74140KA2003PLC033043,U74140KA2003PLC033043 per MCA registry and company's own Code of Conduct document; U26700 prefix appears on website footer but company's formal filings use U74140,resolved,2026-09-15
CF00719,S0278,founded_date,2003,SRC03372,2012,SRC03385,Incorporated 2003-12-18; defence manufacturing pivot 2012,"Company incorporated Dec 18, 2003 as private limited; transitioned to defence-focused product manufacturing in 2012 after promoter buyout. Both dates are correct in different contexts.",preserved-conflict,2026-09-15
CF00720,S0278,founding_year,2003,SRC03372,2007,SRC03386,Incorporated 2003; operational launch variously cited as 2007-2008,Company incorporated 2003; some sources cite 2007 as launch year for defence operations. The Hindu (2015) article states 'started in 2008'.,resolved,2026-09-15
CF00721,S0278,fy25_revenue,₹469 Cr,SRC03376,₹474 Cr,SRC03399,"₹469 Cr (standalone, per annual report); ₹474 Cr (MCA filing)",Inc42 reports ₹469 Cr from annual report; Tracxn reports ₹474 Cr from MCA. Minor discrepancy likely due to consolidated vs standalone or rounding.,resolved,2026-09-15
CF00722,S0278,fy26_revenue,₹367.9 Cr,SRC03389,₹299.9 Cr (operating revenue),SRC03390,Operating revenue ₹299.9 Cr; total income ₹370 Cr; revenue per MCA filing ₹367.9 Cr,TheCompanyCheck reports total revenue ₹367.9 Cr; Inc42 reports operating revenue ₹299.9 Cr with total income ₹370 Cr (including other income ₹7.3 Cr). Different metrics.,resolved,2026-09-15
CF00723,S0280,status,Active — $35M Series A Sep 2026 led by Magna,,Active,,unresolved - both preserved,phase3 p3 payload disagrees with existing value; existing kept as preferred pending human review,preserved-conflict,p3-merge
CF00724,S0280,city,Bengaluru (ESTIMATE — Instagram snippet says Bengaluru-based; HQ not primary-sourced),,Bengaluru,,unresolved - both preserved,phase3 p3 payload disagrees with existing value; existing kept as preferred pending human review,preserved-conflict,p3-merge
CF00725,S0280,cities_count,"18 cities (Hindu BusinessLine, Sep 2026)",SRC03405,17 cities (Yuma website),SRC03407,17-18 cities,Website may not have updated; Hindu BL article is more recent. Both are company-reported.,preserved-conflict,2026-09-15
CF00726,S0283,status,"Active & listed — Rs 700 Cr IPO (Rs 650 Cr fresh + Rs 50 Cr OFS), price band Rs 225–237, listed ~July 2025",,Active & listed (NSE:INDIQUBE),,unresolved - both preserved,phase3 p3 payload disagrees with existing value; existing kept as preferred pending human review,preserved-conflict,p3-merge
CF00727,S0283,public_private,public (listed; IPO July 2025),,public (listed; NSE:INDIQUBE),,unresolved - both preserved,phase3 p3 payload disagrees with existing value; existing kept as preferred pending human review,preserved-conflict,p3-merge
CF00728,S0290,legal_name,Runable Inc.,,Runable Systems Private Limited,,unresolved - both preserved,phase3 p3 payload disagrees with existing value; existing kept as preferred pending human review,preserved-conflict,p3-merge
CF00729,S0290,primary_sector,ai agents,,AI Agents / Applied AI,,unresolved - both preserved,phase3 p3 payload disagrees with existing value; existing kept as preferred pending human review,preserved-conflict,p3-merge
CF00730,S0290,founding_date,2025-04-22,SRC03480,2025-05-05,SRC03477,"2025-04-22 (operational), 2025-05-05 (legal)",2025-04-22 is likely the operational founding date; 2025-05-05 is the MCA incorporation date,resolved,2026-09-15
CF00731,S0290,user_count,1.5M,SRC03473,1.7M,SRC03472,1.5M-1.7M registered users (as of Aug 2026),Both are company-reported; 1.7M may be more recent figure from TechCrunch interview,preserved-conflict,2026-09-15
CF00732,S0290,employee_count,15,SRC03472,31,SRC03482,15 core team (Aug 2026); 31 total per PitchBook,15 may be the core team; 31 may include contractors or broader headcount,resolved,2026-09-15
CF00733,S0296,status,Active (private),,Active,,unresolved - both preserved,phase3 p3 payload disagrees with existing value; existing kept as preferred pending human review,preserved-conflict,p3-merge
CF00734,S0296,primary_sector,ecommerce / home decor D2C,,home decor and lifestyle D2C,,unresolved - both preserved,phase3 p3 payload disagrees with existing value; existing kept as preferred pending human review,preserved-conflict,p3-merge
CF00735,S0296,company.city,Kolkata,SRC03515,Gurugram,prompt_specification,Kolkata,Kolkata is the registered office and HQ per MCA records; Gurugram has a retail store only,resolved,2026-09-15
CF00736,S0296,funding_rounds.lead_investors,Susquehanna Asia VC and Stellaris Venture Partners,SRC03513,Bessemer Venture Partners $14M,prompt_specification,Susquehanna Asia VC and Stellaris Venture Partners,No evidence of Bessemer involvement; $8.35M round led by Susquehanna Asia VC and Stellaris; total funding $12.5M across 3 rounds,resolved,2026-09-15
CF00737,S0296,founders,Aditi Murarka Agrawal and Anurag Agrawal,SRC03514,Nishtha Shboth,prompt_specification,Aditi Murarka Agrawal and Anurag Agrawal,No evidence of Nishtha Shboth as founder; all sources confirm Aditi Murarka Agrawal and Anurag Agrawal as co-founders,preserved-conflict,2026-09-15
CF00738,S0300,funding_rounds[0].amount,$2.6M (Entrackr/IndianStartupTimes),SRC03539,$2.4M (ET),SRC03538,Rs 22 crore,FX conversion variance of same Rs 22 cr; resolved to Rs 22 cr,resolved,2026-09-15
CF00739,S0307,business_model,Fabless chip design; Secure IoT SoC for biometrics/industrial IoT,,"Fabless chip design; Secure IoT SoC for biometrics/industrial IoT, vision, edge computing",,unresolved - both preserved,phase3 p3 payload disagrees with existing value; existing kept as preferred pending human review,preserved-conflict,p3-merge
CF00740,S0307,founding_year,2021,SRC03569,2022,SRC03575,unresolved - both preserved,"2021 preferred — multiple primary sources (TOI, Business Standard, IndianWeb2) state 2021; IndianStartupNews is T3 and likely less reliable.",preserved-conflict,2026-09-15
CF00741,S0307,seed_amount,$2.325 million,SRC03567,$2.35 million,SRC03575,unresolved - both preserved,$2.325 million preferred — TOI and The Hindu both report $2.325M; IndianStartupNews says $2.35M.,preserved-conflict,2026-09-15
CF00742,S0307,cofounder_name,Sharan Srinivas J.,SRC03567,Sharan Jagathrakshakan,SRC03573,unresolved - both preserved,"Both refer to same person; 'Sharan Jagathrakshakan' appears to be full name, 'Sharan Srinivas J.' is abbreviated form used by multiple sources.",preserved-conflict,2026-09-15
CF00743,S0309,business_model,Space infra + mission ops; autonomous swarming satellites for surveillance,,"Space infra + mission ops; autonomous swarming satellites for ISR; GSaaS, Avionics-as-a-Service, Mission-Ops-as-a-Service",,unresolved - both preserved,phase3 p3 payload disagrees with existing value; existing kept as preferred pending human review,preserved-conflict,p3-merge
CF00744,S0309,employee_count,"9 employees (Tracxn, Jul 2026)",SRC03586,11 employees (LinkedIn),SRC03588,9 (as of Jul 2026),Tracxn is registry-sourced; LinkedIn may include contractors. Use 9 as of Jul 2026.,resolved,2026-09-15
CF00745,S0309,ground_station_count,50+ ground stations (kepleraero.com),SRC03583,"70+ ground stations (Fortune India, ET Entrepreneur)",SRC03585,70+ (as of Sep 2026),Company website may be outdated; funding articles (Sep 2026) report 70+. Use 70+.,resolved,2026-09-15
CF00746,S0310,business_model,used car marketplace platform,,used car marketplace platform + NBFC lending + vehicle ownership ecosystem,,unresolved - both preserved,phase3 p3 payload disagrees with existing value; existing kept as preferred pending human review,preserved-conflict,p3-merge
CF00747,S0310,total_funding_disclosed,$1.08B in 12 rounds (Tracxn),SRC03612,$1.30B+ in 11 rounds (Inc42),SRC03609,ESTIMATE: $1.3-1.6B total disclosed,Tracxn counts 12 rounds including debt; Inc42 counts 11 rounds. PitchBook reports $1.62B total. Discrepancy due to inclusion/exclusion of debt rounds and secondary transactions.,resolved,2026-09-15
CF00748,S0310,latest_valuation,$3.3B (Dec 2021 Series G),SRC03595,$1.03B (Tracxn post-money as of Feb 2021),SRC03612,$3.3B (Dec 2021),"Tracxn's $1.03B figure appears to be an error or outdated metric. Reuters, ET, and Mint all confirm $3.3B post-money from Dec 2021 Series G. No newer valuation disclosed.",resolved,2026-09-15
CF00749,S0310,founder_names,Gurbax Singh Chhinna + Chirdeep Singh (user prompt suggestion),user_prompt,"Vikram Chopra, Mehul Agrawal, Gajendra Jangid, Ruchit Agarwal",SRC03602,"Vikram Chopra, Mehul Agrawal, Gajendra Jangid, Ruchit Agarwal","Multiple authoritative sources consistently identify Vikram Chopra, Mehul Agrawal, Gajendra Jangid, and Ruchit Agarwal as founders. Gurbax Singh Chhinna and Chirdeep Singh are not found in any source.",resolved,2026-09-15
CF00750,S0310,fy25_revenue,"Rs 6,233 crore (consolidated, per IndianStartupNews)",SRC03593,"Rs 6,357.74 crore (per TheCompanyCheck for FY25)",SRC03605,"Rs 6,233 crore (consolidated, RoC filings)",TheCompanyCheck figure may reflect standalone vs consolidated differences. IndianStartupNews cites consolidated RoC filings.,resolved,2026-09-15
CF00751,S0316,official_website,https://www.brandforce.com,SRC03661,https://www.rforrabbit.com,,unresolved - both preserved,phase3 p3 payload disagrees with existing value; existing kept as preferred pending human review,preserved-conflict,p3-merge
CF00752,S0316,website,https://www.brandforce.com,,https://www.rforrabbit.com,,unresolved - both preserved,phase3 p3 payload disagrees with existing value; existing kept as preferred pending human review,preserved-conflict,p3-merge
CF00753,S0316,total_funding_disclosed,$19.4M over 3 rounds,SRC00088,$32.33M across 3 rounds,SRC00020,unresolved - both preserved,Discrepancy likely due to different treatment of secondary vs primary amounts and currency conversio,preserved-conflict,2026-09-15
CF00754,S0316,funding_rounds[0].amount,$27M,SRC03648,Rs 240 crore,SRC03650,$27M / ~Rs 225-240 crore,$27M ≈ Rs 225-240 crore depending on exchange rate at time. Both refer to the same Series B round.,preserved-conflict,2026-09-15
CF00755,S0316,company.city,Ahmedabad,SRC03647,Mumbai (from BioMimic PR),SRC03653,Ahmedabad,Ahmedabad is confirmed as registered office and HQ. Mumbai reference in BioMimic PR is likely PR age,resolved,2026-09-15
CF00756,S0320,funding_total,$26M total raised (5 rounds per Tracxn),SRC03686,$19M raised over 2 rounds (StartupFox),SRC03678,$26M total across 5 rounds,Tracxn shows 5 rounds including Angel ($3.9M) and Debt ($1.8M) not counted by StartupFox. Media reports consistently state $26M total.,resolved,2026-09-15
CF00757,S0320,founding_year,"2019 (per CNBC TV18, EquityPandit, Indian Retailer, Forbes India)",SRC03671,"2017 (per Medianama, company website timeline showing 2017 as origin)",SRC03681,Idea/prototype 2017; formal founding 2019,2017 is when the idea/prototype started (home-engineered product); 2019 is when formal incorporation and funding began. Both are correct in different contexts.,preserved-conflict,2026-09-15
CF00758,S0320,founding_year,2019 (most media),SRC03671,2018 (per LinkedIn: Founded 2018),SRC03683,2018-2019 transition period,"LinkedIn shows 2018; most press says 2019. Angel round was Feb 2018 per Tracxn. Likely incorporated/started operations 2018, formally founded 2019.",resolved,2026-09-15
CF00759,S0320,hq_location,"Bengaluru (per existing DB record, HT article)",SRC03673,"San Francisco (per CNBC TV18, company website, careers page)",SRC03671,HQ: San Francisco; Registered office: Bengaluru,HT article calls it 'Bengaluru woman's startup' referring to Radhika's origin. Company is HQ'd in San Francisco with registered office in Bengaluru and manufacturing in Pune.,resolved,2026-09-15
CF00760,S0322,founding_year,2016,SRC03697,2017,SRC03705,2016 (incorporation),Incorporation date is 02 May 2016 per CSR policy; Avataar VC states 'Founded in 2016' but some sources say 2017 possibly referring to operational launch or spin-off from CarDekho,resolved,2026-09-15
CF00761,S0322,funding_round_labels,Series A was $150M in Feb 2023,SRC03699,Tracxn labels Feb 2023 round as 'Conventional Debt' and shows different round structure,SRC03704,unresolved - both preserved,Moneycontrol and Entrackr describe Feb 2023 as Series A equity round; Tracxn categorizes differently. Multiple sources confirm $150M raised in early 2023 led by Goldman Sachs.,preserved-conflict,2026-09-15
CF00762,S0322,valuation_at_Series_C,$1.2 billion,SRC03718,$700-750 million (previous valuation referenced as baseline),SRC03699,unresolved - both preserved,Moneycontrol quotes founder saying $70M raised at slight premium to previous $700-750M valuation; LinkedIn/other sources report $1.2B valuation. The $1.2B figure may include the full round including potential extension.,preserved-conflict,2026-09-15
CF00763,S0347,layoff_percentage,16%,SRC03803,20-25%,SRC03807,unresolved - both preserved,"Both sources report layoffs; Entrackr specifies 16%, People Matters says 20-25%. Keeping both.",preserved-conflict,2026-09-15
CF00764,S0365,city,Registered office in Kolkata per MCA/ZaubaCorp,SRC03914,"Office in Chhatarpur, New Delhi per NextOffice",SRC03920,"Kolkata (registered), New Delhi (operational)",Registered office is Kolkata; operational office also in New Delhi,resolved,2026-09-15
CF00765,S0367,legal_name,Zupee Games Private Limited,Tracxn,Cashgrail Private Limited,,unresolved - both preserved,phase3 p3 payload disagrees with existing value; existing kept as preferred pending human review,preserved-conflict,p3-merge
CF00766,S0367,city,Bengaluru,Tracxn registered office,Gurugram,,unresolved - both preserved,phase3 p3 payload disagrees with existing value; existing kept as preferred pending human review,preserved-conflict,p3-merge
CF00767,S0367,state,Karnataka,Tracxn registered office,Haryana,,unresolved - both preserved,phase3 p3 payload disagrees with existing value; existing kept as preferred pending human review,preserved-conflict,p3-merge
CF00768,S0367,primary_sector,gaming rmg,batch metadata,skill-based gaming,,unresolved - both preserved,phase3 p3 payload disagrees with existing value; existing kept as preferred pending human review,preserved-conflict,p3-merge
CF00769,S0367,business_model,Online skill-based gaming platform; pivoted to free-to-play social games and micro-dramas after RMG ban,Multiple sources,"Online skill-based gaming platform; free-to-play social games, micro-dramas (Zupee Studio), esports, astrology (Neo Astro), microlearning (SuperLearn); revenue from advertising and brand partnerships ",,unresolved - both preserved,phase3 p3 payload disagrees with existing value; existing kept as preferred pending human review,preserved-conflict,p3-merge
CF00770,S0367,funding_rounds_Series_B_amount,$30M Series B (Aug 2021),SRC03929,$102M total Series B (Jan 2022),SRC03935,$102M total,"Both are correct: $30M raised in Aug 2021, additional $72M raised in Jan 2022, totaling $102M Series B",preserved-conflict,2026-09-15
CF00771,S0367,funding_rounds_Series_A_amount,Rs 70.09 Cr (~$8.4M) Series A (Jan 2021),SRC03928,$8M Series A (2020) at $33M valuation,SRC03941,$8M (2020) + additional tranche,"Different sources report different amounts and dates; ET Now says $8M in 2020, Entrackr says Rs 70 Cr in Jan 2021. Likely Series A was in 2020 at $8M, with additional tranche in 2021.",resolved,2026-09-15
CF00772,S0367,city,Bengaluru (registered office per Tracxn),SRC03927,Gurugram (HQ per Business Today),SRC03933,HQ: Gurugram; Registered: Bengaluru,"Registered office is Bengaluru; operational HQ is Gurugram, Haryana",resolved,2026-09-15
CF00773,S0368,employee_count,48 (PitchBook),SRC03952,85 (Tracxn),SRC03955,48-85,Range 48-85 depending on timing,resolved,2026-09-15
CF00774,S0368,funding_amount,$120K seed (Tracxn),SRC03952,$278K accelerator + $120K = $398K total (PitchBook),,$120K seed + accelerator,Seed round $120K; additional accelerator funding Jan 2026,resolved,2026-09-15
