founder_id,person_id,name,startup_id,company,role_title,founder_type,active,departure_date,education,linkedin,location,prev_companies_raw,previous_company_count,source_id,confidence,notes
FDR0001,P0001,Vimal Kumar (Vivekananthamoorthy Vimalkumar),S0001,Juspay,Co-founder & CEO,co-founder,True,,,http://linkedin.com/in/kumarvimal,Bengaluru,,0,SRC00006,HIGH,verbatim FOUNDERS passthrough + parsed prev_companies count; same person_id across companies preserved
FDR0002,P0002,Sheetal Lalwani (Sheetal Pai),S0001,Juspay,Co-founder & COO,co-founder,True,,,https://linkedin.com/in/sheetalchainraj,Bengaluru,,0,SRC00003,HIGH,verbatim FOUNDERS passthrough + parsed prev_companies count; same person_id across companies preserved
FDR0003,P0003,Ramanathan R.V.,S0001,Juspay,Co-founder (exited 2019),co-founder,False,2019,,,,,0,SRC00003,MEDIUM,verbatim FOUNDERS passthrough + parsed prev_companies count; same person_id across companies preserved
FDR0004,P0005,Madhusudan Ekambaram (Madhusudan E),S0002,KreditBee,Co-founder & CEO,co-founder,True,,CEO; linked to Fintech Association for Consumer Empowerment,,Bengaluru,,0,SRC00031,HIGH,verbatim FOUNDERS passthrough + parsed prev_companies count; same person_id across companies preserved
FDR0005,P0006,Karthikeyan Krishnaswamy,S0002,KreditBee,Co-founder & CTO,co-founder,True,,CTO; ex-NTT Solutions per Tracxn,,Bengaluru,,0,SRC00041,HIGH,verbatim FOUNDERS passthrough + parsed prev_companies count; same person_id across companies preserved
FDR0006,P0007,Vivek Veda,S0002,KreditBee,Co-founder & CFO,co-founder,True,,CFO; ex-Societe Generale per Tracxn,,Bengaluru,,0,SRC00041,HIGH,verbatim FOUNDERS passthrough + parsed prev_companies count; same person_id across companies preserved
FDR0007,P0008,Madhusudan Ekambaram,S0002,KreditBee,Co-founder & CEO,,True,,IIM Bangalore; NUS connections,,,,0,SRC00031,HIGH,verbatim FOUNDERS passthrough + parsed prev_companies count; same person_id across companies preserved
FDR0008,P0014,Sameer Nigam,S0003,PhonePe,Co-founder & CEO,co-founder,True,,CEO; ex-Flipkart; Walmart-ecosystem executive,https://linkedin.com/in/sanigam,Bengaluru,,0,SRC00080,HIGH,verbatim FOUNDERS passthrough + parsed prev_companies count; same person_id across companies preserved
FDR0009,P0015,Rahul Chari,S0003,PhonePe,Co-founder,co-founder,True,,CTO/CPO; ex-Flipkart,https://linkedin.com/in/rahulchari,Bengaluru,,0,SRC00080,HIGH,verbatim FOUNDERS passthrough + parsed prev_companies count; same person_id across companies preserved
FDR0010,P0016,Burzin Engineer,S0003,PhonePe,Co-founder,co-founder,False,,Early co-founding engineer (per MCA/press profiles),https://linkedin.com/in/burzinengineer,Bengaluru,,0,SRC00080,MEDIUM,verbatim FOUNDERS passthrough + parsed prev_companies count; same person_id across companies preserved
FDR0011,P0028,Harshil Mathur,S0004,Razorpay,Co-founder & CEO,co-founder,True,,IIT Roorkee; CEO,https://linkedin.com/in/harshilmathur,Bengaluru,,0,SRC00094,HIGH,verbatim FOUNDERS passthrough + parsed prev_companies count; same person_id across companies preserved
FDR0012,P0029,Shashank Kumar,S0004,Razorpay,Co-founder (MD),co-founder,True,,IIT Roorkee; MD,https://linkedin.com/in/kumarshashank,Bengaluru,,0,SRC00094,HIGH,verbatim FOUNDERS passthrough + parsed prev_companies count; same person_id across companies preserved
FDR0013,P0031,Aadit Palicha,S0005,Zepto,Co-founder & CEO,co-founder,True,,Stanford dropout; CEO; ex-Data structures/projects with Vohra; pandemic pivot from grocery-on-bicycles Mumbai,https://linkedin.com/in/aadit-palicha,Bengaluru,,0,SRC00110,HIGH,verbatim FOUNDERS passthrough + parsed prev_companies count; same person_id across companies preserved
FDR0014,P0032,Kaivalya Vohra,S0005,Zepto,Co-founder,co-founder,True,,Stanford dropout; ops/product,https://linkedin.com/in/kaivalya-vohra,Bengaluru,,0,SRC00110,HIGH,verbatim FOUNDERS passthrough + parsed prev_companies count; same person_id across companies preserved
FDR0015,P0035,Sharad Sanghi,S0006,Neysa,Co-founder & CEO,co-founder,True,,Founder of Netmagic (acquired by NTT Data 2016); ex-MD/CEO Netmagic till Jun 2023,https://www.linkedin.com/in/sharadsanghi,Mumbai,,0,SRC00118,HIGH,verbatim FOUNDERS passthrough + parsed prev_companies count; same person_id across companies preserved
FDR0016,P0036,Anindya Das,S0006,Neysa,Co-founder & CTO,co-founder,True,,Former senior Netmagic executive; cloud infra/network design,https://www.linkedin.com/in/anindya-das,Mumbai,,0,SRC00122,HIGH,verbatim FOUNDERS passthrough + parsed prev_companies count; same person_id across companies preserved
FDR0017,P0038,Baskar Subramanian,S0007,Amagi,Managing Director & CEO,co-founder,True,,CEO; IIM-B alumni cohort with co-founders,https://linkedin.com/in/baskar-subramanian,Bengaluru,,0,SRC00139,MEDIUM,verbatim FOUNDERS passthrough + parsed prev_companies count; same person_id across companies preserved
FDR0018,P0039,Srividhya Srinivasan,S0007,Amagi,Co-founder,co-founder,True,,,,Bengaluru,,0,SRC00138,MEDIUM,verbatim FOUNDERS passthrough + parsed prev_companies count; same person_id across companies preserved
FDR0019,P0040,Arunachalam Srinivasan Karapattu (Srinivasan KA),S0007,Amagi,Co-founder,co-founder,True,,,,Bengaluru,,0,SRC00138,MEDIUM,verbatim FOUNDERS passthrough + parsed prev_companies count; same person_id across companies preserved
FDR0020,P0041,Kunal Shah,S0008,CRED,Founder & CEO,founder,True,June 2026,ex-FreeCharge founder,https://linkedin.com/in/kunalshah1,Bengaluru,,0,SRC00145,HIGH,verbatim FOUNDERS passthrough + parsed prev_companies count; same person_id across companies preserved
FDR0021,P0042,Jayant Paleti,S0009,Darwinbox,Co-founder,co-founder,True,,,,Hyderabad,,0,SRC00157,HIGH,verbatim FOUNDERS passthrough + parsed prev_companies count; same person_id across companies preserved
FDR0022,P0043,Chaitanya Peddi,S0009,Darwinbox,Co-founder,co-founder,True,,,,Hyderabad,,0,SRC00155,HIGH,verbatim FOUNDERS passthrough + parsed prev_companies count; same person_id across companies preserved
FDR0023,P0044,Rohit Chennamaneni,S0009,Darwinbox,Co-founder,co-founder,True,,,,Hyderabad,,0,SRC00163,HIGH,verbatim FOUNDERS passthrough + parsed prev_companies count; same person_id across companies preserved
FDR0024,P0045,Vineet Singh,S0009,Darwinbox,"Co-founder (elevated CTO, Aug 2024)",co-founder,True,,,,Hyderabad,,0,SRC00155,MEDIUM,verbatim FOUNDERS passthrough + parsed prev_companies count; same person_id across companies preserved
FDR0025,P0046,Mukund Jha,S0010,Emergent,Co-founder & CEO,co-founder,True,,"ex-Google; co-founder & CTO Dunzo; co-founder Wisdom.ly, Habet",https://linkedin.com/in/mukund-jha-a1596413,San Francisco,,0,SRC00167,HIGH,verbatim FOUNDERS passthrough + parsed prev_companies count; same person_id across companies preserved
FDR0026,P0047,Madhav Jha,S0010,Emergent,Co-founder (twin brother),co-founder,True,,ex-Dropbox ML engineer; PhD Penn State; ex-Sandia; Amazon SageMaker team,,San Francisco,,0,SRC00170,HIGH,verbatim FOUNDERS passthrough + parsed prev_companies count; same person_id across companies preserved
FDR0027,P0048,Lalit Keshre,S0011,Groww,Co-founder & CEO,co-founder,True,,Ex-Flipkart product; founded Eduflix; Ittiam Systems; IIT Bombay EE (BTech+MTech microelectronics),,Bengaluru,,0,SRC00177,HIGH,verbatim FOUNDERS passthrough + parsed prev_companies count; same person_id across companies preserved
FDR0028,P0049,Harsh Jain,S0011,Groww,Co-founder & COO,co-founder,True,,Ex-Flipkart product; IIT Delhi EE + Masters Information & Communication Engineering,,Bengaluru,,0,SRC00177,HIGH,verbatim FOUNDERS passthrough + parsed prev_companies count; same person_id across companies preserved
FDR0029,P0050,Ishan Bansal,S0011,Groww,Co-founder,co-founder,True,,Ex-Flipkart; BITS Pilani BE + XLRI MBA (per Tracxn education data),,Bengaluru,,0,SRC00177,MEDIUM,verbatim FOUNDERS passthrough + parsed prev_companies count; same person_id across companies preserved
FDR0030,P0051,Neeraj Singh,S0011,Groww,Co-founder & CTO,co-founder,True,,Ex-Flipkart; technology leadership,,Bengaluru,,0,SRC00189,MEDIUM,verbatim FOUNDERS passthrough + parsed prev_companies count; same person_id across companies preserved
FDR0031,P0056,Beerud Sheth,S0012,Gupshup,Co-founder & CEO,co-founder,True,,IIT Bombay BTech + MIT MS Computer Science; founded Elance (now Upwork); Merrill Lynch/Citicorp; MIT Media Lab research,https://www.linkedin.com/in/beerud/,San Francisco,,0,SRC00231,HIGH,verbatim FOUNDERS passthrough + parsed prev_companies count; same person_id across companies preserved
FDR0032,P0060,Bhavish Aggarwal,S0013,Krutrim,Founder,founder,True,,"IIT Bombay BTech; co-founder Ola Cabs, founder Ola Electric; serial unicorn founder",https://linkedin.com/in/bhavishaggarwal,Bengaluru,,0,SRC00239,HIGH,verbatim FOUNDERS passthrough + parsed prev_companies count; same person_id across companies preserved
FDR0033,P0061,Krishnamurthy Venugopala Tenneti,S0013,Krutrim,Co-founding Director,co-founder,True,,ANI Technologies (Ola) long-time board member,,Bengaluru,,0,SRC00239,MEDIUM,verbatim FOUNDERS passthrough + parsed prev_companies count; same person_id across companies preserved
FDR0034,P0074,Vivek Raghavan,S0014,Sarvam AI,Co-founder,co-founder,True,,"Ex-UIDAI/Aadhaar (decade+ DPI), EkStep, Khosla Labs; ex-AI4Bharat; IIT Delhi BTech, PhD CMU/ETH",https://linkedin.com/in/vivek-raghavan-16005424,Bengaluru,,0,SRC00274,HIGH,verbatim FOUNDERS passthrough + parsed prev_companies count; same person_id across companies preserved
FDR0035,P0075,Pratyush Kumar,S0014,Sarvam AI,Co-founder & CEO,co-founder,True,,"Ex-Microsoft/IBM researcher, IIT Madras faculty, AI4Bharat founder; IIT Bombay BTech, PhD ETH Zurich",,Bengaluru,,0,SRC00274,HIGH,verbatim FOUNDERS passthrough + parsed prev_companies count; same person_id across companies preserved
FDR0036,P0076,Rajan Bajaj,S0015,Slice,"Co-founder, MD & CEO",founder,True,,"Founder, MD & CEO; largest shareholder of merged bank",https://linkedin.com/in/rajanbajaj,Guwahati,,0,SRC00283,HIGH,verbatim FOUNDERS passthrough + parsed prev_companies count; same person_id across companies preserved
FDR0037,P0077,Deepak Malhotra,S0015,Slice,Co-founder,co-founder,False,,Ex-co-founder,,,,0,SRC00284,MEDIUM,verbatim FOUNDERS passthrough + parsed prev_companies count; same person_id across companies preserved
FDR0038,P0078,Ronnie Screwvala,S0016,upGrad,Co-founder & Chairperson,founder,True,,UTV founder (sold to Disney 2012); Unilazer Ventures,https://linkedin.com/in/ronniescrewvala,Mumbai,,0,SRC00292,HIGH,verbatim FOUNDERS passthrough + parsed prev_companies count; same person_id across companies preserved
FDR0039,P0079,Mayank Kumar,S0016,upGrad,Co-founder,co-founder,False,,Exited late 2024 to found BorderPlus,,Mumbai,,0,SRC00289,MEDIUM,verbatim FOUNDERS passthrough + parsed prev_companies count; same person_id across companies preserved
FDR0040,P0080,Phalgun Kompalli,S0016,upGrad,Co-founder,co-founder,True,,,,Mumbai,,0,SRC00289,MEDIUM,verbatim FOUNDERS passthrough + parsed prev_companies count; same person_id across companies preserved
FDR0041,P0081,Ravijot Chugh,S0016,upGrad,Co-founder,co-founder,False,,Left earlier; joined Climb Credit (US) as CPO,,,,0,SRC00289,MEDIUM,verbatim FOUNDERS passthrough + parsed prev_companies count; same person_id across companies preserved
FDR0042,P0086,Ritesh Arora,S0017,BrowserStack,Co-founder & CEO,co-founder,True,,IIT Bombay; ex-Downcase/consulting,https://in.linkedin.com/in/ritesh-arora-browserstack,,,0,SRC00341,HIGH,verbatim FOUNDERS passthrough + parsed prev_companies count; same person_id across companies preserved
FDR0043,P0087,Nakul Aggarwal,S0017,BrowserStack,Co-founder & CTO,co-founder,True,,IIT Bombay; ex-Downcase/consulting,https://in.linkedin.com/in/nakulaggarwal,,,0,SRC00341,HIGH,verbatim FOUNDERS passthrough + parsed prev_companies count; same person_id across companies preserved
FDR0044,P0088,Pravin Jadhav,S0018,Dhan,"Founder & CEO, Raise Financial Services",founder,True,,Former Paytm Money CEO,https://in.linkedin.com/in/pravinj,Mumbai,,0,SRC00366,HIGH,verbatim FOUNDERS passthrough + parsed prev_companies count; same person_id across companies preserved
FDR0045,P0089,Jay Prakash Gupta,S0018,Dhan,Co-founder,co-founder,True,,,,,,0,SRC00352,HIGH,verbatim FOUNDERS passthrough + parsed prev_companies count; same person_id across companies preserved
FDR0046,P0090,Alok Pandey,S0018,Dhan,Co-founder,co-founder,True,,,,,,0,SRC00352,HIGH,verbatim FOUNDERS passthrough + parsed prev_companies count; same person_id across companies preserved
FDR0047,P0091,Raunak Rathi,S0018,Dhan,Co-founder and Director,,True,,,,,,0,SRC00357,MEDIUM,verbatim FOUNDERS passthrough + parsed prev_companies count; same person_id across companies preserved
FDR0048,P0092,Dharmil Sheth,S0019,PharmEasy,Co-founder (stepped back from day-to-day Jan 2025; board/observer),co-founder,False,January 2025,,https://in.linkedin.com/in/dharmilsheth,,,0,SRC00369,HIGH,verbatim FOUNDERS passthrough + parsed prev_companies count; same person_id across companies preserved
FDR0049,P0093,Dhaval Shah,S0019,PharmEasy,Co-founder (stepped back Jan 2025),co-founder,False,January 2025,,,,,0,SRC00369,HIGH,verbatim FOUNDERS passthrough + parsed prev_companies count; same person_id across companies preserved
FDR0050,P0094,Hardik Dedhia,S0019,PharmEasy,Co-founder (stepped back Jan 2025),co-founder,False,January 2025,,,,,0,SRC00369,HIGH,verbatim FOUNDERS passthrough + parsed prev_companies count; same person_id across companies preserved
FDR0051,P0095,Siddharth Shah,S0019,PharmEasy,"Co-founder, continuing to lead (2025)",co-founder,True,August 2025,,,,,0,SRC00369,HIGH,verbatim FOUNDERS passthrough + parsed prev_companies count; same person_id across companies preserved
FDR0052,P0096,Harsh Parekh,S0019,PharmEasy,Co-founder,,True,,unknown,,,,0,SRC00381,MEDIUM,verbatim FOUNDERS passthrough + parsed prev_companies count; same person_id across companies preserved
FDR0053,P0100,Nalin Agrawal,S0020,Snapmint,Co-founder,co-founder,True,,,https://in.linkedin.com/in/nalinagrawal,,,0,SRC00408,HIGH,verbatim FOUNDERS passthrough + parsed prev_companies count; same person_id across companies preserved
FDR0054,P0101,Anil Gelra,S0020,Snapmint,Co-founder,co-founder,True,,,https://in.linkedin.com/in/anil-gelra-91890b4,,,0,SRC00408,HIGH,verbatim FOUNDERS passthrough + parsed prev_companies count; same person_id across companies preserved
FDR0055,P0102,Abhineet Sawa,S0020,Snapmint,Co-founder,co-founder,True,,,https://in.linkedin.com/in/abhineet-sawa-31575b4,,,0,SRC00408,HIGH,verbatim FOUNDERS passthrough + parsed prev_companies count; same person_id across companies preserved
FDR0056,P0104,Ravi Kumar,S0021,Upstox,Co-founder & CEO,co-founder,True,,,,,,0,SRC00428,HIGH,verbatim FOUNDERS passthrough + parsed prev_companies count; same person_id across companies preserved
FDR0057,P0105,Shrini Viswanath,S0021,Upstox,Co-founder,co-founder,True,,,,,,0,SRC00439,HIGH,verbatim FOUNDERS passthrough + parsed prev_companies count; same person_id across companies preserved
FDR0058,P0106,Raghu Kumar,S0021,Upstox,Co-founder (per 2021 press; contested — see conflicts),co-founder,True,,,,,,0,SRC00439,MEDIUM,verbatim FOUNDERS passthrough + parsed prev_companies count; same person_id across companies preserved
FDR0059,P0107,Kavitha Subramanian,S0021,Upstox,Co-founder (per TOI/company-signal; contested — see conflicts),co-founder,True,,,,,,0,SRC00440,MEDIUM,verbatim FOUNDERS passthrough + parsed prev_companies count; same person_id across companies preserved
FDR0060,P0108,Shrinivas Viswanath,S0021,Upstox,Co-founder,,True,,Co-founded Upstox as proprietary trading firm in 2009,,,,0,SRC00431,HIGH,verbatim FOUNDERS passthrough + parsed prev_companies count; same person_id across companies preserved
FDR0061,P0110,Vaibhav Gupta,S0022,Udaan,Co-founder & CEO,co-founder,True,,Ex-Flipkart; IIT Delhi; CEO since 2021,,,,0,SRC00452,HIGH,verbatim FOUNDERS passthrough + parsed prev_companies count; same person_id across companies preserved
FDR0062,P0111,Sujeet Kumar,S0022,Udaan,Co-founder,co-founder,True,,"Ex-Flipkart; IIT Delhi; board member, stepped back from ops",,,,0,SRC00452,HIGH,verbatim FOUNDERS passthrough + parsed prev_companies count; same person_id across companies preserved
FDR0063,P0112,Amod Malviya,S0022,Udaan,Co-founder,co-founder,False,,Ex-Flipkart; IIT Kharagpur; stepped back from ops,,,,0,SRC00452,HIGH,verbatim FOUNDERS passthrough + parsed prev_companies count; same person_id across companies preserved
FDR0064,P0114,Varun Dua,S0023,ACKO,Founder,founder,True,,ex-Coverfox founder (Coverfox co-founded 2013),,,,0,SRC00458,HIGH,verbatim FOUNDERS passthrough + parsed prev_companies count; same person_id across companies preserved
FDR0065,P0115,Vishwanath Ramarao (Ram),S0023,ACKO,Co-Founder,co-founder,True,,,,,,0,SRC00458,MEDIUM,verbatim FOUNDERS passthrough + parsed prev_companies count; same person_id across companies preserved
FDR0066,P0116,Ruchi Deepak,S0023,ACKO,Founder Emeritus,founder,False,,,,,,0,SRC00458,HIGH,verbatim FOUNDERS passthrough + parsed prev_companies count; same person_id across companies preserved
FDR0067,P0118,Ashish Singhal,S0024,CoinSwitch Kuber,Co-founder & CEO,co-founder,True,,NSUT; ex-Amazon; Group CEO PeepalCo,,,,0,SRC00472,HIGH,verbatim FOUNDERS passthrough + parsed prev_companies count; same person_id across companies preserved
FDR0068,P0119,Govind Soni,S0024,CoinSwitch Kuber,Co-founder & CTO,co-founder,True,,Co-founder & CTO,,,,0,SRC00477,HIGH,verbatim FOUNDERS passthrough + parsed prev_companies count; same person_id across companies preserved
FDR0069,P0120,Vimal Sagar Tiwari,S0024,CoinSwitch Kuber,Co-founder & COO,co-founder,True,,Co-founder & COO,https://in.linkedin.com/in/sagarvimal,,,0,SRC00477,HIGH,verbatim FOUNDERS passthrough + parsed prev_companies count; same person_id across companies preserved
FDR0070,P0121,Mukesh Bansal,S0025,Cult.fit (CureFit),Co-founder,co-founder,True,,Myntra co-founder; IIT Kanpur; Tata Digital President,,Bengaluru,,0,SRC00491,HIGH,verbatim FOUNDERS passthrough + parsed prev_companies count; same person_id across companies preserved
FDR0071,P0122,Ankit Nagori,S0025,Cult.fit (CureFit),Co-founder (ex),co-founder,False,,Ex-Flipkart; founder EatFit/Curefoods,,,,0,SRC00497,HIGH,verbatim FOUNDERS passthrough + parsed prev_companies count; same person_id across companies preserved
FDR0072,P0123,Rishabh Telang,S0025,Cult.fit (CureFit),Co-founder & CEO,co-founder,True,,Co-founder & CEO per company records; named in Aug 2026 FIR (denies),,,,0,SRC00508,MEDIUM,verbatim FOUNDERS passthrough + parsed prev_companies count; same person_id across companies preserved
FDR0073,P0126,Krish Ramineni,S0026,Fireflies AI,Co-founder & CEO,co-founder,True,,Ex-Microsoft; met co-founder at UPenn/MIT,https://www.linkedin.com/in/krishramineni,,,0,SRC00515,HIGH,verbatim FOUNDERS passthrough + parsed prev_companies count; same person_id across companies preserved
FDR0074,P0127,Sam Udotong,S0026,Fireflies AI,Co-founder & CTO,co-founder,True,,Nigerian-American aerospace engineer,https://www.linkedin.com/in/sudotong,United States,,0,SRC00515,HIGH,verbatim FOUNDERS passthrough + parsed prev_companies count; same person_id across companies preserved
FDR0075,P0128,Tanmai Gopal,S0027,Hasura,Co-founder & CEO,co-founder,True,,IIT Madras; ex-Microsoft/Polaris; co-founded Owlink,,,,0,SRC00540,HIGH,verbatim FOUNDERS passthrough + parsed prev_companies count; same person_id across companies preserved
FDR0076,P0129,Rajoshi Ghosh,S0027,Hasura,Co-founder & COO,co-founder,True,,NUS; co-founded Owlink,https://www.linkedin.com/in/rajoshighosh,San Francisco,,0,SRC00541,HIGH,verbatim FOUNDERS passthrough + parsed prev_companies count; same person_id across companies preserved
FDR0077,P0131,Samir Bodas,S0028,Icertis,Co-founder (CEO until 2025; d. 2026 per GeekWire),co-founder,False,January 2026,Ex-Microsoft; Wharton,https://www.linkedin.com/in/samirbodas,United States,,0,SRC00547,HIGH,verbatim FOUNDERS passthrough + parsed prev_companies count; same person_id across companies preserved
FDR0078,P0132,Monish Darda,S0028,Icertis,Co-founder & CTO,co-founder,True,,Ex-Microsoft,,Pune,,0,SRC00547,HIGH,verbatim FOUNDERS passthrough + parsed prev_companies count; same person_id across companies preserved
FDR0079,P0134,Nilesh Patel,S0029,LeadSquared,Co-founder & CEO,co-founder,True,,CEO,,Mountain View,,0,SRC00558,HIGH,verbatim FOUNDERS passthrough + parsed prev_companies count; same person_id across companies preserved
FDR0080,P0135,Prashant Singh,S0029,LeadSquared,Co-founder & COO,co-founder,True,,COO,,,,0,SRC00577,HIGH,verbatim FOUNDERS passthrough + parsed prev_companies count; same person_id across companies preserved
FDR0081,P0136,Sudhakar Gorti,S0029,LeadSquared,Co-founder,co-founder,True,,,2023,,,0,SRC00577,HIGH,verbatim FOUNDERS passthrough + parsed prev_companies count; same person_id across companies preserved
FDR0082,P0138,Raviteja Dodda,S0030,MoEngage,CEO & Co-founder,co-founder,True,,IIT Kharagpur B.Tech CSE,,,,0,SRC00587,HIGH,verbatim FOUNDERS passthrough + parsed prev_companies count; same person_id across companies preserved
FDR0083,P0139,Yashwanth Kumar (Kammara Yashwanth Kumar),S0030,MoEngage,"CTO, CISO & Co-founder",co-founder,True,,IIT Kharagpur B.Tech CSE,https://in.linkedin.com/in/yakumar,Bengaluru,,0,SRC00587,HIGH,verbatim FOUNDERS passthrough + parsed prev_companies count; same person_id across companies preserved
FDR0084,P0142,Puneet Agarwal,S0031,Moneyview,MD & CEO,founder,True,,IIT Delhi,https://in.linkedin.com/in/puneetagarwalindia,Bengaluru,,0,SRC00592,HIGH,verbatim FOUNDERS passthrough + parsed prev_companies count; same person_id across companies preserved
FDR0085,P0143,Sanjay Aggarwal,S0031,Moneyview,Executive Director & CTO,founder,True,,IIT Delhi,,,,0,SRC00592,HIGH,verbatim FOUNDERS passthrough + parsed prev_companies count; same person_id across companies preserved
FDR0086,P0144,Dhiraj Rajaram,S0032,Mu Sigma,Founder & CEO,founder,True,,UNKNOWN (UNVERIFIED),,,,0,SRC00598,HIGH,verbatim FOUNDERS passthrough + parsed prev_companies count; same person_id across companies preserved
FDR0087,P0145,Ambiga Subramanian (ne Dhiraj; reports vary: Priyanka Ashok listed on Tracxn),S0032,Mu Sigma,"Co-founder, ex-CEO",co-founder,False,,UNKNOWN,,,,0,SRC00598,MEDIUM,verbatim FOUNDERS passthrough + parsed prev_companies count; same person_id across companies preserved
FDR0088,P0146,Ambiga Subramanian,S0032,Mu Sigma,"Co-founder, ex-CEO",,False,,UNKNOWN,,,,0,SRC00598,MEDIUM,verbatim FOUNDERS passthrough + parsed prev_companies count; same person_id across companies preserved
FDR0089,P0151,Avneesh Agrawal,S0033,Netradyne,Co-founder & CEO,co-founder,True,,"PhD (Stanford, per secondary sources)",,,,0,SRC00605,HIGH,verbatim FOUNDERS passthrough + parsed prev_companies count; same person_id across companies preserved
FDR0090,P0152,David Julian,S0033,Netradyne,Co-founder & CTO,co-founder,False,,Stanford University,,,,0,SRC00605,HIGH,verbatim FOUNDERS passthrough + parsed prev_companies count; same person_id across companies preserved
FDR0091,P0155,Abhinav Asthana,S0034,Postman,Co-founder & CEO,co-founder,True,,,,,,0,SRC00612,HIGH,verbatim FOUNDERS passthrough + parsed prev_companies count; same person_id across companies preserved
FDR0092,P0156,Ankit Sobti,S0034,Postman,Co-founder & CTO,co-founder,True,,,,,,0,SRC00612,HIGH,verbatim FOUNDERS passthrough + parsed prev_companies count; same person_id across companies preserved
FDR0093,P0157,Abhijit Kane,S0034,Postman,Co-founder,co-founder,True,,,,,,0,SRC00612,HIGH,verbatim FOUNDERS passthrough + parsed prev_companies count; same person_id across companies preserved
FDR0094,P0160,Bhavin Turakhia,S0035,Zeta,Co-founder & CEO,co-founder,True,,Directi founder; serial entrepreneur,,,,0,SRC00639,HIGH,verbatim FOUNDERS passthrough + parsed prev_companies count; same person_id across companies preserved
FDR0095,P0161,Ramki Gaddipati,S0035,Zeta,Co-Founder & CTO,,True,,BITS Pilani,,,,0,SRC00631,HIGH,verbatim FOUNDERS passthrough + parsed prev_companies count; same person_id across companies preserved
FDR0096,P0162,Abhijit Jaiswal,S0035,Zeta,Co-Founder,,True,,,,,,0,SRC00631,MEDIUM,verbatim FOUNDERS passthrough + parsed prev_companies count; same person_id across companies preserved
FDR0097,P0167,Sachin Bansal,S0036,Flipkart,Co-founder (exited 2018),co-founder,False,,Ex-Amazon; now founder Navi,,,,0,SRC00654,HIGH,verbatim FOUNDERS passthrough + parsed prev_companies count; same person_id across companies preserved
FDR0098,P0168,Binny Bansal,S0036,Flipkart,Co-founder (board exit Jan 2024),co-founder,False,,Ex-Amazon; startup investor,,,,0,SRC00647,HIGH,verbatim FOUNDERS passthrough + parsed prev_companies count; same person_id across companies preserved
FDR0099,P0172,Pranav Goel,S0037,Porter,Co-founder & CEO,co-founder,True,,,,,,0,SRC00669,HIGH,verbatim FOUNDERS passthrough + parsed prev_companies count; same person_id across companies preserved
FDR0100,P0173,Uttam Digga,S0037,Porter,Co-founder & COO,co-founder,True,,,,,,0,SRC00669,HIGH,verbatim FOUNDERS passthrough + parsed prev_companies count; same person_id across companies preserved
FDR0101,P0174,Vikas Choudhary,S0037,Porter,Co-founder,,UNKNOWN,,IIT (institution not specified in sources),,,,0,SRC00661,MEDIUM,verbatim FOUNDERS passthrough + parsed prev_companies count; same person_id across companies preserved
FDR0102,P0084,Gaurav Munjal,S0038,Unacademy,Co-founder & CEO,co-founder,True,,Flatchat founder,,,,0,SRC00288,HIGH,verbatim FOUNDERS passthrough + parsed prev_companies count; same person_id across companies preserved
FDR0103,P0179,Roman Saini,S0038,Unacademy,Co-founder,co-founder,True,,"Ex-IAS (doctor, civil servant)",,,,0,SRC00671,MEDIUM,verbatim FOUNDERS passthrough + parsed prev_companies count; same person_id across companies preserved
FDR0104,P0180,Hemesh Singh,S0038,Unacademy,Co-founder & CTO,co-founder,True,,,,,,0,SRC00288,MEDIUM,verbatim FOUNDERS passthrough + parsed prev_companies count; same person_id across companies preserved
FDR0105,P0183,Vamsi Krishna,S0039,Vedantu,Co-founder & CEO,co-founder,True,,,,,,0,SRC00708,HIGH,verbatim FOUNDERS passthrough + parsed prev_companies count; same person_id across companies preserved
FDR0106,P0184,Pulkit Jain,S0039,Vedantu,Co-founder,co-founder,True,,,,,,0,SRC00708,HIGH,verbatim FOUNDERS passthrough + parsed prev_companies count; same person_id across companies preserved
FDR0107,P0185,Anand Prakash,S0039,Vedantu,Co-founder,co-founder,True,,,,,,0,SRC00708,HIGH,verbatim FOUNDERS passthrough + parsed prev_companies count; same person_id across companies preserved
FDR0108,P0188,Amrit Acharya,S0040,Zetwerk,Co-founder & CEO,co-founder,True,,Non-engineering background per FE profile,,,,0,SRC00714,HIGH,verbatim FOUNDERS passthrough + parsed prev_companies count; same person_id across companies preserved
FDR0109,P0189,Amrit Pratik Acharya,S0040,Zetwerk,Co-founder & CEO,co-founder,True,,IIT,,,,0,SRC00714,HIGH,verbatim FOUNDERS passthrough + parsed prev_companies count; same person_id across companies preserved
FDR0110,P0190,Srinath Ramakkrushnan,S0040,Zetwerk,Co-founder,co-founder,True,,IIT,,,,0,SRC00716,HIGH,verbatim FOUNDERS passthrough + parsed prev_companies count; same person_id across companies preserved
FDR0111,P0191,Vishal Chaudhary,S0040,Zetwerk,Co-founder,co-founder,True,,IIT,,,,0,SRC00716,HIGH,verbatim FOUNDERS passthrough + parsed prev_companies count; same person_id across companies preserved
FDR0112,P0192,Rahul Sharma,S0040,Zetwerk,Co-founder,co-founder,False,,IIT,,,,0,SRC00724,HIGH,verbatim FOUNDERS passthrough + parsed prev_companies count; same person_id across companies preserved
FDR0113,P0193,Ankit Fatehpuria,S0040,Zetwerk,Co-founder,co-founder,True,,Joined March 2019; instrumental in setting up finance function,,,,0,SRC00722,HIGH,verbatim FOUNDERS passthrough + parsed prev_companies count; same person_id across companies preserved
FDR0114,P0049,Harsh Jain,S0041,Dream11 (Dream Sports),Co-founder & CEO,co-founder,True,,"CEO, Dream Sports",,,,0,SRC00735,HIGH,verbatim FOUNDERS passthrough + parsed prev_companies count; same person_id across companies preserved
FDR0115,P0195,Bhavit Sheth,S0041,Dream11 (Dream Sports),Co-founder,co-founder,True,,,,,,0,SRC00737,HIGH,verbatim FOUNDERS passthrough + parsed prev_companies count; same person_id across companies preserved
FDR0116,P0196,Naveen Tewari,S0042,InMobi,Founder & CEO,founder,True,,"IIT Kanpur; Harvard Business School; ex-McKinsey, Charles River Ventures; Founder & CEO InMobi & Glance",,,,0,SRC00756,HIGH,verbatim FOUNDERS passthrough + parsed prev_companies count; same person_id across companies preserved
FDR0117,P0197,Mohit Saxena,S0042,InMobi,Co-founder,co-founder,,,Co-founder,,,,0,SRC00753,MEDIUM,verbatim FOUNDERS passthrough + parsed prev_companies count; same person_id across companies preserved
FDR0118,P0198,Abhay Singhal,S0042,InMobi,Co-founder,co-founder,,,Co-founder,,,,0,SRC00753,MEDIUM,verbatim FOUNDERS passthrough + parsed prev_companies count; same person_id across companies preserved
FDR0119,P0199,Piyush Shah,S0042,InMobi,Co-founder,co-founder,,,Co-founder,,,,0,SRC00753,MEDIUM,verbatim FOUNDERS passthrough + parsed prev_companies count; same person_id across companies preserved
FDR0120,P0206,Falguni Nayar,S0043,Nykaa,"Founder, Executive Chairperson, MD & CEO",founder,True,,IIM Ahmedabad; 18 yrs Kotak Mahindra (MD); ex-investment banker,,,,0,SRC00776,HIGH,verbatim FOUNDERS passthrough + parsed prev_companies count; same person_id across companies preserved
FDR0121,P0207,Adwaita Nayar,S0043,Nykaa,"Co-founder; Exec Director, CEO Nykaa Fashion & Owned Brands",co-founder,True,,Yale BA; Harvard MBA,,,,0,SRC00782,MEDIUM,verbatim FOUNDERS passthrough + parsed prev_companies count; same person_id across companies preserved
FDR0122,P0208,Anchit Nayar,S0043,Nykaa,"Executive Director, CEO Beauty (family; co-founder attribution unverified)",co-founder,True,,CEO Beauty (per Q3 FY25 earnings call),,,,0,SRC00783,MEDIUM,verbatim FOUNDERS passthrough + parsed prev_companies count; same person_id across companies preserved
FDR0123,P0210,Jaydeep Barman,S0044,Rebel Foods,Co-founder & CEO,co-founder,True,,,,,,0,SRC00785,HIGH,verbatim FOUNDERS passthrough + parsed prev_companies count; same person_id across companies preserved
FDR0124,P0211,Kallol Banerjee,S0044,Rebel Foods,Co-founder,co-founder,True,,McKinsey alumnus,,,,0,SRC00785,HIGH,verbatim FOUNDERS passthrough + parsed prev_companies count; same person_id across companies preserved
FDR0125,P0216,Fahim Sultan (Fahim Sultan Ali),S0045,Drools,Founder,founder,True,,,,,,0,SRC00797,,verbatim FOUNDERS passthrough + parsed prev_companies count; same person_id across companies preserved
FDR0126,P0217,Fahim Sultan Ali,S0045,Drools,Founder,,True,,UNKNOWN,,,,0,SRC00797,HIGH,verbatim FOUNDERS passthrough + parsed prev_companies count; same person_id across companies preserved
FDR0127,P0219,Srikanth Velamakanni,S0046,Fractal Analytics,"Co-founder, Group CEO / Executive Vice-Chairman",co-founder,True,,,,,,0,SRC00816,HIGH,verbatim FOUNDERS passthrough + parsed prev_companies count; same person_id across companies preserved
FDR0128,P0220,Pranay Agrawal,S0046,Fractal Analytics,Co-founder & CEO (from 2016),co-founder,True,,,,,,0,SRC00825,HIGH,verbatim FOUNDERS passthrough + parsed prev_companies count; same person_id across companies preserved
FDR0129,P0221,Nirmal Palaparthi,S0046,Fractal Analytics,Co-founder,co-founder,False,,,,,,0,SRC00825,MEDIUM,verbatim FOUNDERS passthrough + parsed prev_companies count; same person_id across companies preserved
FDR0130,P0222,Pradeep Suryanarayan,S0046,Fractal Analytics,Co-founder,co-founder,False,,,,,,0,SRC00825,MEDIUM,verbatim FOUNDERS passthrough + parsed prev_companies count; same person_id across companies preserved
FDR0131,P0223,Ramakrishna Reddy,S0046,Fractal Analytics,Co-founder,co-founder,False,,,,,,0,SRC00825,MEDIUM,verbatim FOUNDERS passthrough + parsed prev_companies count; same person_id across companies preserved
FDR0132,P0225,S. Karthik Venkateswaran,S0047,Jumbotail,Co-founder & CEO,co-founder,True,,,,,,0,SRC00845,,verbatim FOUNDERS passthrough + parsed prev_companies count; same person_id across companies preserved
FDR0133,P0226,Ashish Jhina,S0047,Jumbotail,Co-founder & COO,co-founder,True,,,,,,0,SRC00845,,verbatim FOUNDERS passthrough + parsed prev_companies count; same person_id across companies preserved
FDR0134,P0232,Anuj Srivastava,S0048,Livspace,Co-founder (CEO/Chairman per varying sources),co-founder,True,,,,,,0,SRC00851,,verbatim FOUNDERS passthrough + parsed prev_companies count; same person_id across companies preserved
FDR0135,P0233,Ramakant Sharma,S0048,Livspace,Co-founder & COO/CEO,co-founder,True,,,,,,0,SRC00851,,verbatim FOUNDERS passthrough + parsed prev_companies count; same person_id across companies preserved
FDR0136,P0234,Shagufta Anurag,S0048,Livspace,Co-founder,co-founder,False,,,,,,0,SRC00874,,verbatim FOUNDERS passthrough + parsed prev_companies count; same person_id across companies preserved
FDR0137,P0235,Saurabh Jain,S0048,Livspace,Co-founder (exited Feb 2026),,False,,Unknown,,,,0,SRC00860,HIGH,verbatim FOUNDERS passthrough + parsed prev_companies count; same person_id across companies preserved
FDR0138,P0241,Vidit Aatrey,S0049,Meesho,"Co-founder & CEO (Chairman/MD, promoter per NSE filing)",co-founder,True,,,,,,0,SRC00903,,verbatim FOUNDERS passthrough + parsed prev_companies count; same person_id across companies preserved
FDR0139,P0242,Sanjeev Barnwal (Sanjeev Kumar),S0049,Meesho,Co-founder & CTO,co-founder,True,,,,,,0,SRC00904,,verbatim FOUNDERS passthrough + parsed prev_companies count; same person_id across companies preserved
FDR0140,P0243,Videt Aatrey,S0049,Meesho,Co-founder & CEO (Chairman/MD),,True,,"IIT Delhi, B.Tech Electrical Engineering",,,,0,SRC00899,HIGH,verbatim FOUNDERS passthrough + parsed prev_companies count; same person_id across companies preserved
FDR0141,P0244,Sanjeev Barnwal,S0049,Meesho,Co-founder & CTO,,True,,"IIT Delhi, B.Tech Electrical Engineering",,,,0,SRC00900,HIGH,verbatim FOUNDERS passthrough + parsed prev_companies count; same person_id across companies preserved
FDR0142,P0060,Bhavish Aggarwal,S0050,Ola (ANI Technologies),Co-founder & CEO (IIT Bombay),co-founder,True,,,,,,0,SRC00921,,verbatim FOUNDERS passthrough + parsed prev_companies count; same person_id across companies preserved
FDR0143,P0251,Ankit Bhati,S0050,Ola (ANI Technologies),Co-founder & ex-CTO (IIT Bombay; stepped back from day-to-day),co-founder,False,,,,,,0,SRC00922,,verbatim FOUNDERS passthrough + parsed prev_companies count; same person_id across companies preserved
FDR0144,P0255,Aravind Sanka,S0051,Rapido,Co-founder & CEO,,True,,N/A,,,,0,SRC00925,HIGH,verbatim FOUNDERS passthrough + parsed prev_companies count; same person_id across companies preserved
FDR0145,P0256,Pavan Guntupalli,S0051,Rapido,Co-founder,,True,,N/A,,,,0,SRC00928,HIGH,verbatim FOUNDERS passthrough + parsed prev_companies count; same person_id across companies preserved
FDR0146,P0257,SR Rishikesh (Rishikesh SR),S0051,Rapido,Co-founder (tech),co-founder,True,,,,,,0,SRC00942,,verbatim FOUNDERS passthrough + parsed prev_companies count; same person_id across companies preserved
FDR0147,P0258,SR Rishikesh (Rishikesh S R),S0051,Rapido,Co-founder (tech),,True,,N/A,,,,0,SRC00943,HIGH,verbatim FOUNDERS passthrough + parsed prev_companies count; same person_id across companies preserved
FDR0148,P0260,Ankush Sachdeva,S0052,ShareChat,Co-founder & CEO,,True,,IIT Kanpur,,,,0,SRC00971,HIGH,verbatim FOUNDERS passthrough + parsed prev_companies count; same person_id across companies preserved
FDR0149,P0261,Bhanu Pratap Singh,S0052,ShareChat,Co-founder (stepped back from day-to-day 2023),,,,,,,,0,SRC00985,,verbatim FOUNDERS passthrough + parsed prev_companies count; same person_id across companies preserved
FDR0150,P0262,Farid Ahsan,S0052,ShareChat,Co-founder (stepped back from day-to-day 2023),,,,,,,,0,SRC00985,,verbatim FOUNDERS passthrough + parsed prev_companies count; same person_id across companies preserved
FDR0151,P0263,Manohar Singh Charan,S0052,ShareChat,Co-founder & CFO,,True,,UNKNOWN,,,,0,SRC00973,HIGH,verbatim FOUNDERS passthrough + parsed prev_companies count; same person_id across companies preserved
FDR0152,P0266,Nirmit Parikh,S0053,Apna,CEO / Founder,,,,,,,,0,SRC00998,,verbatim FOUNDERS passthrough + parsed prev_companies count; same person_id across companies preserved
FDR0153,P0267,Aryan Kenchin,S0053,Apna,Co-founder,,,,,,,,0,SRC00998,,verbatim FOUNDERS passthrough + parsed prev_companies count; same person_id across companies preserved
FDR0154,P0273,Shashvat Nakrani,S0054,BharatPe,Co-founder,co-founder,True,,IIT Delhi,,,,0,SRC01020,HIGH,verbatim FOUNDERS passthrough + parsed prev_companies count; same person_id across companies preserved
FDR0155,P0274,Ashneer Grover,S0054,BharatPe,"Co-founder (ex; joined Nov 2018, resigned Mar 2022)",co-founder,False,,"IIT Delhi, IIM Ahmedabad",,,,0,SRC01014,HIGH,verbatim FOUNDERS passthrough + parsed prev_companies count; same person_id across companies preserved
FDR0156,P0275,Bhavik Koladiya,S0054,BharatPe,Co-founder (incorporator Mar 2018; exited),co-founder,False,,Product/tech lead; later consultant; equity held via others,,,,0,SRC01021,MEDIUM,verbatim FOUNDERS passthrough + parsed prev_companies count; same person_id across companies preserved
FDR0157,P0278,Saurav Kumar,S0055,Euler Motors,Founder & CEO,,,,,,,,0,SRC01025,,verbatim FOUNDERS passthrough + parsed prev_companies count; same person_id across companies preserved
FDR0158,P0284,Akshay Mehrotra,S0056,Fibe (EarlySalary),Co-founder & CEO,,,,,,,,0,SRC01046,,verbatim FOUNDERS passthrough + parsed prev_companies count; same person_id across companies preserved
FDR0159,P0285,Ashish Goyal,S0056,Fibe (EarlySalary),Co-founder & CFO,,,,,,,,0,SRC01045,,verbatim FOUNDERS passthrough + parsed prev_companies count; same person_id across companies preserved
FDR0160,P0286,Abhinav Shashank,S0057,Innovaccer,Co-founder & CEO,co-founder,True,,,,,,0,SRC01052,HIGH,verbatim FOUNDERS passthrough + parsed prev_companies count; same person_id across companies preserved
FDR0161,P0287,Kanav Hasija,S0057,Innovaccer,Co-founder,co-founder,True,,,,,,0,SRC01054,MEDIUM,verbatim FOUNDERS passthrough + parsed prev_companies count; same person_id across companies preserved
FDR0162,P0288,Sandeep Gupta,S0057,Innovaccer,Co-founder,co-founder,True,,,,,,0,SRC01054,MEDIUM,verbatim FOUNDERS passthrough + parsed prev_companies count; same person_id across companies preserved
FDR0163,P0289,Awais Ahmed,S0058,Pixxel,Founder and CEO,founder,True,,UNKNOWN (undergraduate studies in India per OurFutureAgenda; verify),,,,0,SRC01077,HIGH,verbatim FOUNDERS passthrough + parsed prev_companies count; same person_id across companies preserved
FDR0164,P0290,Kshitij Khandelwal,S0058,Pixxel,Founder and CTO,founder,True,,UNKNOWN,,,,0,SRC01077,HIGH,verbatim FOUNDERS passthrough + parsed prev_companies count; same person_id across companies preserved
FDR0165,P0291,Rajashree Nambiar,S0059,Ecofy Finance (Ecofy),"Co-founder, MD & CEO",co-founder,True,,MBA JBIMS; ex-banker,,,,0,SRC01095,HIGH,verbatim FOUNDERS passthrough + parsed prev_companies count; same person_id across companies preserved
FDR0166,P0292,Govind Sankaranarayanan,S0059,Ecofy Finance (Ecofy),"Co-founder, Wholetime Director & COO",co-founder,True,,27 years at Tata; 30+ yrs experience,,,,0,SRC01095,HIGH,verbatim FOUNDERS passthrough + parsed prev_companies count; same person_id across companies preserved
FDR0167,P0294,Sneh Vaswani,S0060,Miko Technologies,Co-founder & CEO,co-founder,True,,IIT Bombay,,,,0,SRC01103,HIGH,verbatim FOUNDERS passthrough + parsed prev_companies count; same person_id across companies preserved
FDR0168,P0295,Prashant Iyengar,S0060,Miko Technologies,Co-founder & CTO,co-founder,True,,"IIT Bombay, MTech",,,,0,SRC01114,HIGH,verbatim FOUNDERS passthrough + parsed prev_companies count; same person_id across companies preserved
FDR0169,P0296,Chintan Raikar,S0060,Miko Technologies,Co-founder & COO,co-founder,True,,,,,,0,SRC01114,HIGH,verbatim FOUNDERS passthrough + parsed prev_companies count; same person_id across companies preserved
FDR0170,P0297,Ravi Ramachandran (legal: Ravishankar Ramachandran),S0061,Nua,Co-founder & CEO,co-founder,True,,CEO; ex-consumer background per company PR,,,,0,SRC01118,HIGH,verbatim FOUNDERS passthrough + parsed prev_companies count; same person_id across companies preserved
FDR0171,P0298,Abhishek Ramanathan,S0061,Nua,Co-founder,co-founder,UNKNOWN,,,,,,0,SRC01133,MEDIUM,verbatim FOUNDERS passthrough + parsed prev_companies count; same person_id across companies preserved
FDR0172,P0299,Projjol Banerjea,S0061,Nua,Director / co-founder (MCA director),co-founder,True,,,,,,0,SRC01121,MEDIUM,verbatim FOUNDERS passthrough + parsed prev_companies count; same person_id across companies preserved
FDR0173,P0300,Swathi Kulkarni,S0061,Nua,Co-founder (per Inc42 profile; not in MCA director list seen),co-founder,UNKNOWN,,,,,,0,SRC01125,LOW,verbatim FOUNDERS passthrough + parsed prev_companies count; same person_id across companies preserved
FDR0174,P0301,Ravi Ramachandran,S0061,Nua,Co-founder & CEO,,True,,CEO; ex-consumer background per company PR; founded Nua in 2017 after observing women in his life dealing with period discomfort,,,,0,SRC01124,HIGH,verbatim FOUNDERS passthrough + parsed prev_companies count; same person_id across companies preserved
FDR0175,P0303,Akshat Nayyar,S0062,Truemeds,Co-founder & CEO,co-founder,True,,CEO; telehealth/generics thesis,,,,0,SRC01138,HIGH,verbatim FOUNDERS passthrough + parsed prev_companies count; same person_id across companies preserved
FDR0176,P0304,Dr Kunal Wani,S0062,Truemeds,Co-founder,co-founder,True,,Medical doctor,,,,0,SRC01147,HIGH,verbatim FOUNDERS passthrough + parsed prev_companies count; same person_id across companies preserved
FDR0177,P0306,Satrajit Bhattacharya (also rendered Satrajit Siva Bhattacharya),S0063,Weaver Services,Founder & Vice Chairman,founder,True,,Ex-HDFC 28 years; dealmaker/strategist; Founder & Vice Chairman,,,,0,SRC01163,HIGH,verbatim FOUNDERS passthrough + parsed prev_companies count; same person_id across companies preserved
FDR0178,P0307,Anil Kothuri,S0063,Weaver Services,MD & CEO (co-founder),co-founder,True,,"Ex-FedFina CEO, Edelweiss Housing, Citi; MD & CEO",,,,0,SRC01163,HIGH,verbatim FOUNDERS passthrough + parsed prev_companies count; same person_id across companies preserved
FDR0179,P0308,Kamal Rathi,S0063,Weaver Services,Co-founder (technology),co-founder,True,,"Ex-Kotak SVP Technology, Paytm, Barclays; technology leadership",,,,0,SRC01172,MEDIUM,verbatim FOUNDERS passthrough + parsed prev_companies count; same person_id across companies preserved
FDR0180,P0309,Satrajit Bhattacharya,S0063,Weaver Services,Founder & Vice Chairman,,True,,UNKNOWN,,,,0,SRC01175,HIGH,verbatim FOUNDERS passthrough + parsed prev_companies count; same person_id across companies preserved
FDR0181,P0314,Amit Kumar Aggarwal,S0064,NoBroker,Co-founder & CEO,,,,,,,,0,SRC01181,,verbatim FOUNDERS passthrough + parsed prev_companies count; same person_id across companies preserved
FDR0182,P0315,Akhil Gupta,S0064,NoBroker,Co-founder,,,,,,,,0,SRC01181,,verbatim FOUNDERS passthrough + parsed prev_companies count; same person_id across companies preserved
FDR0183,P0316,Saurabh Garg,S0064,NoBroker,Co-founder (CPO/CBO per Inc42 2026 feature),,,,,,,,0,SRC01181,,verbatim FOUNDERS passthrough + parsed prev_companies count; same person_id across companies preserved
FDR0184,P0318,Pawan Kumar Chandana (Chandana),S0065,Skyroot Aerospace,Co-founder & CEO,co-founder,True,,ISRO scientist; LVM3/Chandrayaan-3 production oversight; IIT graduate,,,,0,SRC01204,HIGH,verbatim FOUNDERS passthrough + parsed prev_companies count; same person_id across companies preserved
FDR0185,P0319,Naga Bharath Daka,S0065,Skyroot Aerospace,Co-founder & CTO,co-founder,True,,ISRO scientist; IIT graduate,,,,0,SRC01204,HIGH,verbatim FOUNDERS passthrough + parsed prev_companies count; same person_id across companies preserved
FDR0186,P0321,Anirudh Sharma,S0066,Digantara,Co-founder & CEO,,,,,,,,0,SRC01209,,verbatim FOUNDERS passthrough + parsed prev_companies count; same person_id across companies preserved
FDR0187,P0322,Rahul Rawat,S0066,Digantara,Co-founder,,,,,,,,0,SRC01210,,verbatim FOUNDERS passthrough + parsed prev_companies count; same person_id across companies preserved
FDR0188,P0323,Tanveer Ahmed,S0066,Digantara,Co-founder,,,,,,,,0,SRC01210,,verbatim FOUNDERS passthrough + parsed prev_companies count; same person_id across companies preserved
FDR0189,P0324,Trivikraman Thampy,S0067,Games24x7,Co-founder & Co-CEO,co-founder,True,,IIT Bombay B.Tech; NYU Economics doctorate; poker/behavioral-economics background; Co-CEO,,,,0,SRC01236,HIGH,verbatim FOUNDERS passthrough + parsed prev_companies count; same person_id across companies preserved
FDR0190,P0325,Bhavin Pandya,S0067,Games24x7,Co-founder & Co-CEO,co-founder,True,,Purdue engineering; quit NYU Economics PhD; Co-CEO,,,,0,SRC01236,HIGH,verbatim FOUNDERS passthrough + parsed prev_companies count; same person_id across companies preserved
FDR0191,P0326,Shubham Aryan,S0067,Games24x7,Co-founder,,True,,Unknown,,,,0,SRC01241,MEDIUM,verbatim FOUNDERS passthrough + parsed prev_companies count; same person_id across companies preserved
FDR0192,P0336,Aaditya Sharda,S0068,Infra.Market,Co-founder,co-founder,True,,"Construction family business, decade in building materials",,,,0,SRC01267,HIGH,verbatim FOUNDERS passthrough + parsed prev_companies count; same person_id across companies preserved
FDR0193,P0337,Souvik Sengupta,S0068,Infra.Market,Co-founder,co-founder,True,,"Chartered accountant, IIM Bangalore alumnus; infra/manufacturing since 2009",,,,0,SRC01267,HIGH,verbatim FOUNDERS passthrough + parsed prev_companies count; same person_id across companies preserved
FDR0194,P0340,Rehan Hameed,S0069,Kinara AI,Co-Founder & CTO,co-founder,,,,,,,0,SRC01277,,verbatim FOUNDERS passthrough + parsed prev_companies count; same person_id across companies preserved
FDR0195,P0341,Wajahat Qadeer,S0069,Kinara AI,Co-Founder & Chief Architect,co-founder,,,,,,,0,SRC01277,,verbatim FOUNDERS passthrough + parsed prev_companies count; same person_id across companies preserved
FDR0196,P0167,Sachin Bansal,S0070,Navi,"Founder, Executive Chairman",,True,,"IIT Delhi, BTech",,,,0,SRC01286,HIGH,verbatim FOUNDERS passthrough + parsed prev_companies count; same person_id across companies preserved
FDR0197,P0342,Ankit Agarwal,S0070,Navi,"Co-founder, ex-CFO/ED",co-founder,,,,,,,0,SRC01300,,verbatim FOUNDERS passthrough + parsed prev_companies count; same person_id across companies preserved
FDR0198,P0354,Thirukumaran Nagarajan,S0071,Ninjacart,Co-founder (ex-CEO),co-founder,,,,,,,0,SRC01317,,verbatim FOUNDERS passthrough + parsed prev_companies count; same person_id across companies preserved
FDR0199,P0355,Kartheeswaran K K,S0071,Ninjacart,Co-founder & CEO,co-founder,,,,,,,0,SRC01313,,verbatim FOUNDERS passthrough + parsed prev_companies count; same person_id across companies preserved
FDR0200,P0356,Ashutosh Vikram,S0071,Ninjacart,Co-founder,co-founder,,,,,,,0,SRC01314,,verbatim FOUNDERS passthrough + parsed prev_companies count; same person_id across companies preserved
FDR0201,P0357,Sharath Loganathan,S0071,Ninjacart,Co-founder,co-founder,,,,,,,0,SRC01313,,verbatim FOUNDERS passthrough + parsed prev_companies count; same person_id across companies preserved
FDR0202,P0358,Vasudevan Chinnathambi,S0071,Ninjacart,Co-founder,co-founder,,,,,,,0,SRC01313,,verbatim FOUNDERS passthrough + parsed prev_companies count; same person_id across companies preserved
FDR0203,P0359,Kartheeswaran KK,S0071,Ninjacart,Co-founder & CEO,,True,,Current CEO since Thirukumaran's sabbatical; leads company through profitability and IPO prep,,,,0,SRC01313,HIGH,verbatim FOUNDERS passthrough + parsed prev_companies count; same person_id across companies preserved
FDR0204,P0360,Sachin Jose,S0071,Ninjacart,Co-founder,,False,,Listed as co-founder in Oct 2023 ET article but not on current about-us page,,,,0,SRC01315,MEDIUM,verbatim FOUNDERS passthrough + parsed prev_companies count; same person_id across companies preserved
FDR0205,P0370,Lokvir Kapoor,S0072,Pine Labs,"Executive Chairman, Co-founder",co-founder,True,,"IIT Kanpur BTech, IIM Bangalore MBA; ex-Schlumberger; Executive Chairman",,,,0,SRC01339,MEDIUM,verbatim FOUNDERS passthrough + parsed prev_companies count; same person_id across companies preserved
FDR0206,P0371,Rajul Garg,S0072,Pine Labs,Co-founder,co-founder,False,,Limited public detail,,,,0,SRC01324,MEDIUM,verbatim FOUNDERS passthrough + parsed prev_companies count; same person_id across companies preserved
FDR0207,P0372,Tarun Upadhyay (Upaday),S0072,Pine Labs,Co-founder,co-founder,False,,,,,,0,SRC01332,LOW,verbatim FOUNDERS passthrough + parsed prev_companies count; same person_id across companies preserved
FDR0208,P0373,Tarun Upadhyay,S0072,Pine Labs,Co-founder (left early),,False,,Unknown,,,,0,SRC01332,MEDIUM,verbatim FOUNDERS passthrough + parsed prev_companies count; same person_id across companies preserved
FDR0209,P0377,Aravind Mani,S0073,River Mobility,Co-founder & CEO,co-founder,,,,,,,0,SRC01372,,verbatim FOUNDERS passthrough + parsed prev_companies count; same person_id across companies preserved
FDR0210,P0378,Vipin George,S0073,River Mobility,Co-founder & CPO,co-founder,,,,,,,0,SRC01372,,verbatim FOUNDERS passthrough + parsed prev_companies count; same person_id across companies preserved
FDR0211,P0379,Srikrishnan Ganesan,S0074,Rocketlane,Co-founder & CEO,co-founder,,,,,,,0,SRC01376,,verbatim FOUNDERS passthrough + parsed prev_companies count; same person_id across companies preserved
FDR0212,P0380,Vignesh Girishankar,S0074,Rocketlane,Co-founder,co-founder,,,,,,,0,SRC01376,,verbatim FOUNDERS passthrough + parsed prev_companies count; same person_id across companies preserved
FDR0213,P0381,Deepak Bala,S0074,Rocketlane,Co-founder & CTO,co-founder,,,,,,,0,SRC01376,,verbatim FOUNDERS passthrough + parsed prev_companies count; same person_id across companies preserved
FDR0214,P0382,Mohit Kumar,S0075,Ultrahuman,Co-founder & CEO,co-founder,,,,,,,0,SRC01397,,verbatim FOUNDERS passthrough + parsed prev_companies count; same person_id across companies preserved
FDR0215,P0383,Vatsal Singhal,S0075,Ultrahuman,Co-founder & CTO,co-founder,,,,,,,0,SRC01397,,verbatim FOUNDERS passthrough + parsed prev_companies count; same person_id across companies preserved
FDR0216,P0391,Sushant Goel,S0076,Third Wave Coffee,,co-founder,True,,,,,,0,SRC01438,HIGH,verbatim FOUNDERS passthrough + parsed prev_companies count; same person_id across companies preserved
FDR0217,P0392,Ayush Bathwal,S0076,Third Wave Coffee,,co-founder,True,,,,,,0,SRC01438,HIGH,verbatim FOUNDERS passthrough + parsed prev_companies count; same person_id across companies preserved
FDR0218,P0321,Anirudh Sharma,S0076,Third Wave Coffee,,co-founder,True,,,,,,0,SRC01438,HIGH,verbatim FOUNDERS passthrough + parsed prev_companies count; same person_id across companies preserved
FDR0219,P0398,Swarup Bose,S0077,Celcius Logistics,Founder & CEO,founder,True,,16+ years cold chain logistics; prior cold-storage panel mfg + reefer transport ventures,,,,0,SRC01459,HIGH,verbatim FOUNDERS passthrough + parsed prev_companies count; same person_id across companies preserved
FDR0220,P0399,Rajneesh Raman,S0077,Celcius Logistics,Co-founder & COO,co-founder,True,,,,,,0,SRC01458,HIGH,verbatim FOUNDERS passthrough + parsed prev_companies count; same person_id across companies preserved
FDR0221,P0400,Arbind Jain,S0077,Celcius Logistics,Co-founder & CTO,co-founder,True,,,,,,0,SRC01458,HIGH,verbatim FOUNDERS passthrough + parsed prev_companies count; same person_id across companies preserved
FDR0222,P0401,Tanuj Shori,S0078,Square Yards,Founder & CEO,founder,True,,IIM Lucknow; ex-ED Nomura; Founder & CEO,,,,0,SRC01469,HIGH,verbatim FOUNDERS passthrough + parsed prev_companies count; same person_id across companies preserved
FDR0223,P0402,Kanika Gupta Shori,S0078,Square Yards,Co-founder,co-founder,True,,Wharton graduate; banking + entertainment background,,,,0,SRC01469,HIGH,verbatim FOUNDERS passthrough + parsed prev_companies count; same person_id across companies preserved
FDR0224,P0408,Ajinkya Kulkarni,S0079,Wint Wealth,Co-founder & CEO,co-founder,True,,,,,,0,SRC01478,HIGH,verbatim FOUNDERS passthrough + parsed prev_companies count; same person_id across companies preserved
FDR0225,P0409,Abhik Patel,S0079,Wint Wealth,Co-founder,co-founder,True,,,,,,0,SRC01483,HIGH,verbatim FOUNDERS passthrough + parsed prev_companies count; same person_id across companies preserved
FDR0226,P0410,Shashank Chimaladari,S0079,Wint Wealth,Co-founder,co-founder,True,,,,,,0,SRC01483,HIGH,verbatim FOUNDERS passthrough + parsed prev_companies count; same person_id across companies preserved
FDR0227,P0411,Anshul Gupta,S0079,Wint Wealth,Co-founder,co-founder,True,,,,,,0,SRC01483,HIGH,verbatim FOUNDERS passthrough + parsed prev_companies count; same person_id across companies preserved
FDR0228,P0412,Naman Pushp,S0080,Airbound,Founder & CEO,founder,True,,,,,,0,SRC01486,HIGH,verbatim FOUNDERS passthrough + parsed prev_companies count; same person_id across companies preserved
FDR0229,P0413,Saurabh Chandra,S0081,Ati Motors,Founder & CEO,founder,True,,CEO,,,,0,SRC01491,HIGH,verbatim FOUNDERS passthrough + parsed prev_companies count; same person_id across companies preserved
FDR0230,P0414,Vinay V (Viswanathan Vinay per Tracxn),S0081,Ati Motors,,founder,,,,,,,0,SRC00088,MEDIUM,verbatim FOUNDERS passthrough + parsed prev_companies count; same person_id across companies preserved
FDR0231,P0415,Saad Nasser (alt. spelling Saad Naseer per Crunchbase),S0081,Ati Motors,,founder,,,,,,,0,SRC01494,MEDIUM,verbatim FOUNDERS passthrough + parsed prev_companies count; same person_id across companies preserved
FDR0232,P0416,Ilan Zerbib,S0082,Sapiom,Founder & CEO,founder,True,,"5 years Shopify director of engineering, payments (per TechCrunch)",,,,0,SRC01498,HIGH,verbatim FOUNDERS passthrough + parsed prev_companies count; same person_id across companies preserved
FDR0233,P0417,Aman Gupta,S0083,boAt,Co-founder (CMO),co-founder,True,,Ex-Harman International director-sales; CMO; Shark Tank India,,,,0,SRC01506,HIGH,verbatim FOUNDERS passthrough + parsed prev_companies count; same person_id across companies preserved
FDR0234,P0418,Sameer Ashok Mehta,S0083,boAt,Co-founder,co-founder,True,,Entrepreneur; operations,,,,0,SRC01506,HIGH,verbatim FOUNDERS passthrough + parsed prev_companies count; same person_id across companies preserved
FDR0235,P0419,Bipin Preet Singh,S0084,MobiKwik,Co-founder & CEO,co-founder,True,,Co-founder; CEO,,,,0,SRC01519,MEDIUM,verbatim FOUNDERS passthrough + parsed prev_companies count; same person_id across companies preserved
FDR0236,P0420,Upasana Taku,S0084,MobiKwik,"Co-founder, ED & CFO",co-founder,True,,"Co-founder, ED & CFO",,,,0,SRC01517,HIGH,verbatim FOUNDERS passthrough + parsed prev_companies count; same person_id across companies preserved
FDR0237,P0421,Asish Mohapatra,S0085,OfBusiness,Co-founder & CEO,co-founder,True,,CEO; IIT Kharagpur (per Business Outreach profile),,,,0,SRC01530,MEDIUM,verbatim FOUNDERS passthrough + parsed prev_companies count; same person_id across companies preserved
FDR0238,P0422,Bhuvan Kumar Gupta,S0085,OfBusiness,Co-founder,co-founder,,,,,,,0,SRC01533,LOW,verbatim FOUNDERS passthrough + parsed prev_companies count; same person_id across companies preserved
FDR0239,P0264,Nitin Jain,S0085,OfBusiness,Co-founder,co-founder,,,,,,,0,SRC01533,LOW,verbatim FOUNDERS passthrough + parsed prev_companies count; same person_id across companies preserved
FDR0240,P0423,Ruchi Kalra (Oxyzo co-founder; wife of Asish Mohapatra per VFS),S0085,OfBusiness,"Co-founder, Oxyzo",co-founder,True,,,,,,0,SRC01531,LOW,verbatim FOUNDERS passthrough + parsed prev_companies count; same person_id across companies preserved
FDR0241,P0424,Ruchi Kalra,S0085,OfBusiness,"Co-founder, CFO & WTD",,True,,IIM Ahmedabad,,,,0,SRC01551,HIGH,verbatim FOUNDERS passthrough + parsed prev_companies count; same person_id across companies preserved
FDR0242,P0425,Bhuvan Gupta,S0085,OfBusiness,Co-founder & CTO,,,,Former VP Engineering at Snapdeal. Co-founded OfBusiness in 2015.,,,,0,SRC01552,MEDIUM,verbatim FOUNDERS passthrough + parsed prev_companies count; same person_id across companies preserved
FDR0243,P0426,Vasant Sridhar,S0085,OfBusiness,Co-founder & CSO,,True,,IIT Madras,,,,0,SRC01553,MEDIUM,verbatim FOUNDERS passthrough + parsed prev_companies count; same person_id across companies preserved
FDR0244,P0427,Chandranshu Sinha,S0085,OfBusiness,Co-founder,,,,Co-founded OfBusiness in 2015.,,,,0,SRC01545,MEDIUM,verbatim FOUNDERS passthrough + parsed prev_companies count; same person_id across companies preserved
FDR0245,P0190,Srinath Ramakkrushnan,S0085,OfBusiness,Co-founder,,,,Co-founded OfBusiness in 2015.,,,,0,SRC01552,LOW,verbatim FOUNDERS passthrough + parsed prev_companies count; same person_id across companies preserved
FDR0246,P0430,Harsimarbir Singh,S0086,Pristyn Care,Co-founder & CEO,co-founder,True,,"Ex-MobiKwik, Urban Company (per VFS)",,,,0,SRC01569,HIGH,verbatim FOUNDERS passthrough + parsed prev_companies count; same person_id across companies preserved
FDR0247,P0431,Vaibhav Kapoor,S0086,Pristyn Care,Co-founder,co-founder,True,,Doctor,,,,0,SRC01569,HIGH,verbatim FOUNDERS passthrough + parsed prev_companies count; same person_id across companies preserved
FDR0248,P0432,Garima Sawhney,S0086,Pristyn Care,Co-founder,co-founder,True,,Doctor,,,,0,SRC01569,HIGH,verbatim FOUNDERS passthrough + parsed prev_companies count; same person_id across companies preserved
FDR0249,P0434,Aniket Shah,S0087,Swish,CEO & Co-founder,co-founder,True,,CEO & co-founder (per company blog),,,,0,SRC01582,HIGH,verbatim FOUNDERS passthrough + parsed prev_companies count; same person_id across companies preserved
FDR0250,P0435,Ujjwal Sukheja,S0087,Swish,Co-founder,co-founder,True,,,,,,0,SRC01582,HIGH,verbatim FOUNDERS passthrough + parsed prev_companies count; same person_id across companies preserved
FDR0251,P0436,Saran S.,S0087,Swish,Co-founder,co-founder,True,,,,,,0,SRC01582,HIGH,verbatim FOUNDERS passthrough + parsed prev_companies count; same person_id across companies preserved
FDR0252,P0439,Vishal Sikka,S0088,Hang Ten Systems,Co-founder & CEO,co-founder,True,,Former CEO Infosys (2014-2017); CTO SAP (architected HANA); founder VianAI,,,,0,SRC01603,HIGH,verbatim FOUNDERS passthrough + parsed prev_companies count; same person_id across companies preserved
FDR0253,P0440,Navin Budhiraja,S0088,Hang Ten Systems,"CTO, co-founder",co-founder,True,,Former CTO of SAP SuccessFactors,,,,0,SRC01603,MEDIUM,verbatim FOUNDERS passthrough + parsed prev_companies count; same person_id across companies preserved
FDR0254,P0441,Sanjay Rajagopalan,S0088,Hang Ten Systems,"Chief Design Officer, co-founder",co-founder,True,,,,,,0,SRC01603,MEDIUM,verbatim FOUNDERS passthrough + parsed prev_companies count; same person_id across companies preserved
FDR0255,P0442,Anoop Srikantaswamy,S0089,Moonrider,Co-founder & CEO,co-founder,True,,"Mechanical engineer, Cornell management; Toyota Kirloskar, 9+ yrs Volvo Group global vehicle programmes, Accenture e-mobility, head of product development at Ola",,,,0,SRC01608,HIGH,verbatim FOUNDERS passthrough + parsed prev_companies count; same person_id across companies preserved
FDR0256,P0443,Ravi Kulkarni,S0089,Moonrider,Co-founder & COO,co-founder,True,,Former Volvo Group colleague of Srikantaswamy,,,,0,SRC01610,HIGH,verbatim FOUNDERS passthrough + parsed prev_companies count; same person_id across companies preserved
FDR0257,P0444,Deepanshu Arora,S0090,Toddle,Co-founder & CEO,co-founder,True,,"IIT Kanpur alumnus; previously ran network of international preschools, worked with K-12 schools",,,,0,SRC01613,HIGH,verbatim FOUNDERS passthrough + parsed prev_companies count; same person_id across companies preserved
FDR0258,P0445,Parita Parekh,S0090,Toddle,Co-founder,co-founder,True,,,,,,0,SRC01613,HIGH,verbatim FOUNDERS passthrough + parsed prev_companies count; same person_id across companies preserved
FDR0259,P0446,Misbah Jafary,S0090,Toddle,Co-founder,co-founder,True,,,,,,0,SRC01613,HIGH,verbatim FOUNDERS passthrough + parsed prev_companies count; same person_id across companies preserved
FDR0260,P0447,Gautam Arora,S0090,Toddle,Co-founder,co-founder,True,,,,,,0,SRC01624,MEDIUM,verbatim FOUNDERS passthrough + parsed prev_companies count; same person_id across companies preserved
FDR0261,P0448,Nikhil Poonawala,S0090,Toddle,Co-founder,co-founder,True,,,,,,0,SRC01624,MEDIUM,verbatim FOUNDERS passthrough + parsed prev_companies count; same person_id across companies preserved
FDR0262,P0452,Aayush Rai,S0091,Inito,Co-founder & CEO,co-founder,True,,IIT Roorkee (BTech IDD ECE); ex-Research Engineer Siemens; Forbes 30 Under 30 Asia 2019; YC W19,,,,0,SRC01635,HIGH,verbatim FOUNDERS passthrough + parsed prev_companies count; same person_id across companies preserved
FDR0263,P0453,Varun AV,S0091,Inito,Co-founder,co-founder,True,,,,,,0,SRC01632,HIGH,verbatim FOUNDERS passthrough + parsed prev_companies count; same person_id across companies preserved
FDR0264,P0454,Vinay Dube,S0092,Akasa Air,Founder & CEO,founder,True,,"Ex-Jet Airways CEO, ex-GoAir; Delta/American Airlines ops research",,,,0,SRC01638,HIGH,verbatim FOUNDERS passthrough + parsed prev_companies count; same person_id across companies preserved
FDR0265,P0455,Rakesh Jhunjhunwala (family),S0092,Akasa Air,Co-founder / anchor investor,co-founder,False,,Ace investor (d. Aug 2022); family holds ~40-46% via wife's name,,,,0,SRC01648,HIGH,verbatim FOUNDERS passthrough + parsed prev_companies count; same person_id across companies preserved
FDR0266,P0456,Aditya Ghosh,S0092,Akasa Air,Co-founder (board),co-founder,True,,"Ex-IndiGo president; board member, <10% stake",,,,0,SRC01648,MEDIUM,verbatim FOUNDERS passthrough + parsed prev_companies count; same person_id across companies preserved
FDR0267,P0457,Rakesh Jhunjhunwala,S0092,Akasa Air,Co-founder / anchor investor,,False,,Billionaire stock investor (d. Aug 2022); invested $35M for ~40% stake; family now holds ~46%,,,,0,SRC01650,HIGH,verbatim FOUNDERS passthrough + parsed prev_companies count; same person_id across companies preserved
FDR0268,P0458,Bhavin Joshi,S0092,Akasa Air,Co-founder (SVP Strategy),,True,,Former Jet Airways Strategy & Projects; CFO of travel protection company,,,,0,SRC01644,MEDIUM,verbatim FOUNDERS passthrough + parsed prev_companies count; same person_id across companies preserved
FDR0269,P0459,Anand Srinivasan,S0092,Akasa Air,Co-founder (CIO→CCO),,True,,Well-known data scientist; successful entrepreneur; built Akasa's revenue management platform,,,,0,SRC01651,MEDIUM,verbatim FOUNDERS passthrough + parsed prev_companies count; same person_id across companies preserved
FDR0270,P0460,Praveen Iyer,S0092,Akasa Air,Co-founder (ex-CCO),,False,,25+ years in commercial and aviation technology; left airline Apr 2026,,,,0,SRC01651,HIGH,verbatim FOUNDERS passthrough + parsed prev_companies count; same person_id across companies preserved
FDR0271,P0461,Neelu Khatri,S0092,Akasa Air,Co-founder (ex-SVP International),,False,,SVP International Operations; stepped down Oct 2025,,,,0,SRC01652,MEDIUM,verbatim FOUNDERS passthrough + parsed prev_companies count; same person_id across companies preserved
FDR0272,P0462,Sanjay Dube,S0092,Akasa Air,Co-founder,,True,,Holds 7.59% stake per ch-aviation Sep 2023 report,,,,0,SRC01645,MEDIUM,verbatim FOUNDERS passthrough + parsed prev_companies count; same person_id across companies preserved
FDR0273,P0463,Niraj Dube,S0092,Akasa Air,Co-founder,,True,,Holds 7.59% stake per ch-aviation Sep 2023 report,,,,0,SRC01645,MEDIUM,verbatim FOUNDERS passthrough + parsed prev_companies count; same person_id across companies preserved
FDR0274,P0411,Anshul Gupta,S0093,EatClub (BOX8),Co-Founder,co-founder,True,,IIT graduate; ex-Deutsche Bank analyst,,,,0,SRC01680,HIGH,verbatim FOUNDERS passthrough + parsed prev_companies count; same person_id across companies preserved
FDR0275,P0468,Amit Raj,S0093,EatClub (BOX8),Co-Founder,co-founder,True,,IIT graduate,,,,0,SRC01680,HIGH,verbatim FOUNDERS passthrough + parsed prev_companies count; same person_id across companies preserved
FDR0276,P0470,Ashwin Damera,S0094,Eruditus,Co-Founder & CEO,co-founder,True,,,,,,0,SRC01687,HIGH,verbatim FOUNDERS passthrough + parsed prev_companies count; same person_id across companies preserved
FDR0277,P0471,Chaitanya Kalipatnapu,S0094,Eruditus,Co-Founder & Executive Director,co-founder,True,,,,,,0,SRC01689,HIGH,verbatim FOUNDERS passthrough + parsed prev_companies count; same person_id across companies preserved
FDR0278,P0474,Rohit Chawla,S0095,Innovist,Founder & CEO,founder,True,,"Founder, The Man Company; INSEAD + Carnegie Mellon",,,,0,SRC01726,HIGH,verbatim FOUNDERS passthrough + parsed prev_companies count; same person_id across companies preserved
FDR0279,P0475,Sifat Khurana,S0095,Innovist,Co-Founder & CMO/CBO,co-founder,True,,"Ex-Ogilvy, Ex-Leo Burnett; NIFT",,,,0,SRC01726,HIGH,verbatim FOUNDERS passthrough + parsed prev_companies count; same person_id across companies preserved
FDR0280,P0476,Vimal Bhola,S0095,Innovist,Co-Founder & Chief Scientist,co-founder,True,,"Ex-J&J, Ex-Unilever; Chief R&D Scientist",,,,0,SRC01726,HIGH,verbatim FOUNDERS passthrough + parsed prev_companies count; same person_id across companies preserved
FDR0281,P0482,Vaibhav Singh,S0096,Leap (LeapScholar),Co-Founder,co-founder,True,,IIT Kharagpur; Columbia University; CFA,,,,0,SRC01754,HIGH,verbatim FOUNDERS passthrough + parsed prev_companies count; same person_id across companies preserved
FDR0282,P0483,Arnav Kumar,S0096,Leap (LeapScholar),Co-Founder,co-founder,True,,IIT Kharagpur; ex-SAIF Partners VC,,,,0,SRC01754,HIGH,verbatim FOUNDERS passthrough + parsed prev_companies count; same person_id across companies preserved
FDR0283,P0484,Rajan Chaudhary,S0096,Leap (LeapScholar),Co-Founder (elevated 2025),co-founder,True,,elevated from within (Entrackr Apr 2025),,,,0,SRC01744,MEDIUM,verbatim FOUNDERS passthrough + parsed prev_companies count; same person_id across companies preserved
FDR0284,P0485,Anshul Agarwal,S0096,Leap (LeapScholar),CFO (Tracxn-listed as founder),,True,,unknown,,,,0,SRC01747,LOW,verbatim FOUNDERS passthrough + parsed prev_companies count; same person_id across companies preserved
FDR0285,P0491,Nitish Mittersain,S0097,Nazara Technologies,"Founder; MD (stepped down as CEO Aug 2026, stays on strategy)",founder,True,,,,,,0,SRC01757,HIGH,verbatim FOUNDERS passthrough + parsed prev_companies count; same person_id across companies preserved
FDR0286,P0264,Nitin Jain,S0098,Neo (Neo Wealth),"Chairman & Managing Director, Neo Group; ex-CEO Edelweiss Wealth",founder,True,,,,,,0,SRC01767,HIGH,verbatim FOUNDERS passthrough + parsed prev_companies count; same person_id across companies preserved
FDR0287,P0493,Hemant Daga,S0098,Neo (Neo Wealth),"Co-founder & CEO, Neo Asset Management",co-founder,True,,,,,,0,SRC01766,MEDIUM,verbatim FOUNDERS passthrough + parsed prev_companies count; same person_id across companies preserved
FDR0288,P0494,Varun Bajpai,S0098,Neo (Neo Wealth),"Co-founder, Neo Group",co-founder,True,,,,,,0,SRC01766,MEDIUM,verbatim FOUNDERS passthrough + parsed prev_companies count; same person_id across companies preserved
FDR0289,P0495,Shajikumar Devakar,S0098,Neo (Neo Wealth),"Co-founder & CEO, Neo Wealth Management",co-founder,True,,,,,,0,SRC01766,MEDIUM,verbatim FOUNDERS passthrough + parsed prev_companies count; same person_id across companies preserved
FDR0290,P0496,Puneet Jain,S0098,Neo (Neo Wealth),"Co-founder & CIO, Neo Asset Management",co-founder,True,,,,,,0,SRC01766,MEDIUM,verbatim FOUNDERS passthrough + parsed prev_companies count; same person_id across companies preserved
FDR0291,P0501,Ranjith Mukundan,S0099,Stellapps,Co-founder & CEO,co-founder,True,,,,,,0,SRC01779,HIGH,verbatim FOUNDERS passthrough + parsed prev_companies count; same person_id across companies preserved
FDR0292,P0502,Ravishankar Shiroor,S0099,Stellapps,Co-founder & COO,co-founder,True,,,,,,0,SRC01779,HIGH,verbatim FOUNDERS passthrough + parsed prev_companies count; same person_id across companies preserved
FDR0293,P0503,Praveen Nale,S0099,Stellapps,Co-founder & CTO,co-founder,True,,,,,,0,SRC01779,HIGH,verbatim FOUNDERS passthrough + parsed prev_companies count; same person_id across companies preserved
FDR0294,P0504,Ramakrishna Adukuri,S0099,Stellapps,Co-founder (software),co-founder,True,,,,,,0,SRC01779,MEDIUM,verbatim FOUNDERS passthrough + parsed prev_companies count; same person_id across companies preserved
FDR0295,P0505,Venkatesh Seshasayee,S0099,Stellapps,Co-founder (domain solutions),co-founder,True,,,,,,0,SRC01779,MEDIUM,verbatim FOUNDERS passthrough + parsed prev_companies count; same person_id across companies preserved
FDR0296,P0506,Abhishek Agarwal (Monty),S0100,Purple Style Labs,Founder,founder,True,,,,,,0,SRC01784,HIGH,verbatim FOUNDERS passthrough + parsed prev_companies count; same person_id across companies preserved
FDR0297,P0514,Akash Gupta,S0101,Zypp Electric,Co-founder & CEO,co-founder,True,,,,,,0,SRC01792,HIGH,verbatim FOUNDERS passthrough + parsed prev_companies count; same person_id across companies preserved
FDR0298,P0515,Rashi Agarwal,S0101,Zypp Electric,Co-founder & CBO,co-founder,True,,,,,,0,SRC01792,HIGH,verbatim FOUNDERS passthrough + parsed prev_companies count; same person_id across companies preserved
FDR0299,P0516,Tushar Mehta,S0101,Zypp Electric,Co-founder,co-founder,True,,,,,,0,SRC01796,MEDIUM,verbatim FOUNDERS passthrough + parsed prev_companies count; same person_id across companies preserved
FDR0300,P0517,Pankaj Poddar,S0102,Business Nextgen Finance,"Promoter, MD & CEO",founder,True,,ex-Chief Risk Officer SBFC Finance; ex-Bajaj Finserv (SME/mortgages risk); ex-Standard Chartered (SME risk),,,,0,SRC01800,HIGH,verbatim FOUNDERS passthrough + parsed prev_companies count; same person_id across companies preserved
FDR0301,P0518,Shubhayu Sardar,S0103,EtherealX (Ethereal Exploration),Co-founder & COO,co-founder,True,,ex-ISRO scientist,,,,0,SRC01806,HIGH,verbatim FOUNDERS passthrough + parsed prev_companies count; same person_id across companies preserved
FDR0302,P0519,Prashant Sharma,S0103,EtherealX (Ethereal Exploration),Co-founder & CTO,co-founder,True,,aerospace engineer,,,,0,SRC01806,HIGH,verbatim FOUNDERS passthrough + parsed prev_companies count; same person_id across companies preserved
FDR0303,P0520,Manu J. Nair,S0103,EtherealX (Ethereal Exploration),Co-founder & CEO,co-founder,True,,,,,,0,SRC01806,HIGH,verbatim FOUNDERS passthrough + parsed prev_companies count; same person_id across companies preserved
FDR0304,P0521,Sunil Gupta,S0104,QNu Labs,Co-founder & CEO,co-founder,True,,,,,,0,SRC01816,HIGH,verbatim FOUNDERS passthrough + parsed prev_companies count; same person_id across companies preserved
FDR0305,P0522,Srinivasa Rao Aluri,S0104,QNu Labs,Co-founder & Chairman,co-founder,True,,,,,,0,SRC01816,HIGH,verbatim FOUNDERS passthrough + parsed prev_companies count; same person_id across companies preserved
FDR0306,P0523,Mark Mathias,S0104,QNu Labs,Head of Production (listed in founding team; Wikipedia names as founder),founder,True,,,,,,0,SRC01818,MEDIUM,verbatim FOUNDERS passthrough + parsed prev_companies count; same person_id across companies preserved
FDR0307,P0524,Anil Prabhakar,S0104,QNu Labs,Technical Advisor (Wikipedia names as founder),founder,True,,,,,,0,SRC01818,MEDIUM,verbatim FOUNDERS passthrough + parsed prev_companies count; same person_id across companies preserved
FDR0308,P0525,Pravin Kini,S0104,QNu Labs,Co-founder (Tracxn),,False,,Listed as co-founder by Tracxn; not listed on company site founding team,,,,0,SRC01817,MEDIUM,verbatim FOUNDERS passthrough + parsed prev_companies count; same person_id across companies preserved
FDR0309,P0537,Narayan Subramaniam,S0105,Ultraviolette,Co-founder & CEO,co-founder,True,,,,,,0,SRC01834,HIGH,verbatim FOUNDERS passthrough + parsed prev_companies count; same person_id across companies preserved
FDR0310,P0538,Niraj Rajmohan,S0105,Ultraviolette,Co-founder & CTO,co-founder,True,,,,,,0,SRC01834,HIGH,verbatim FOUNDERS passthrough + parsed prev_companies count; same person_id across companies preserved
FDR0311,P0122,Ankit Nagori,S0106,Curefoods,"Founder, Chairman, MD & CEO",founder,True,,ex-Flipkart CBO; co-founder Cure.fit; IIT Guwahati,,,,0,SRC01841,HIGH,verbatim FOUNDERS passthrough + parsed prev_companies count; same person_id across companies preserved
FDR0312,P0542,Sandeep Jethwani,S0107,Dezerv,Co-founder,co-founder,True,,ex-IIFL Wealth Senior Managing Partner,,,,0,SRC01864,HIGH,verbatim FOUNDERS passthrough + parsed prev_companies count; same person_id across companies preserved
FDR0313,P0543,Vaibhav Porwal,S0107,Dezerv,Co-founder,co-founder,True,,ex-IIFL Wealth Senior Managing Partner,,,,0,SRC01864,HIGH,verbatim FOUNDERS passthrough + parsed prev_companies count; same person_id across companies preserved
FDR0314,P0544,Sahil Contractor,S0107,Dezerv,Co-founder,co-founder,True,,ex-IIFL Wealth Senior Managing Partner,,,,0,SRC01864,HIGH,verbatim FOUNDERS passthrough + parsed prev_companies count; same person_id across companies preserved
FDR0315,P0546,Apoorva Bajaj,S0108,Edubuk,CEO,founder,True,,,,,,0,SRC01872,MEDIUM,verbatim FOUNDERS passthrough + parsed prev_companies count; same person_id across companies preserved
FDR0316,P0547,Shivaani Mehrotra Bajaj,S0108,Edubuk,Co-founder,co-founder,True,,,,,,0,SRC01872,MEDIUM,verbatim FOUNDERS passthrough + parsed prev_companies count; same person_id across companies preserved
FDR0317,P0548,Saurabh Pandey,S0109,EloElo,Co-founder & CEO,co-founder,True,,Ex-Flipkart P&L leader; 14+ yrs experience,,,,0,SRC01879,HIGH,verbatim FOUNDERS passthrough + parsed prev_companies count; same person_id across companies preserved
FDR0318,P0549,Akshay Dubey,S0109,EloElo,Co-founder & COO (to Oct 2023 per LinkedIn),co-founder,False,,Ex-Flipkart; IIT KGP,,,,0,SRC01881,MEDIUM,verbatim FOUNDERS passthrough + parsed prev_companies count; same person_id across companies preserved
FDR0319,P0555,Ishendra Agarwal,S0110,GIVA,Founder & CEO,founder,True,,CEO; IIT Kanpur alumnus,,,,0,SRC01910,HIGH,verbatim FOUNDERS passthrough + parsed prev_companies count; same person_id across companies preserved
FDR0320,P0556,Nikita Prasad,S0110,GIVA,Co-founder,co-founder,True,,Creative Head; NIFT,,,,0,SRC01921,MEDIUM,verbatim FOUNDERS passthrough + parsed prev_companies count; same person_id across companies preserved
FDR0321,P0557,Aditya Labroo,S0110,GIVA,Co-founder & COO,co-founder,True,,COO elevated to co-founder (Jun 2025),,,,0,SRC01921,MEDIUM,verbatim FOUNDERS passthrough + parsed prev_companies count; same person_id across companies preserved
FDR0322,P0558,Sachin Shetty,S0110,GIVA,Co-founder (ex),,False,,UNKNOWN,,,,0,SRC01925,MEDIUM,verbatim FOUNDERS passthrough + parsed prev_companies count; same person_id across companies preserved
FDR0323,P0564,UNKNOWN,S0111,Impetus Technologies,Founders not verified in LITE pass,founder,True,,,,,,0,,LOW,verbatim FOUNDERS passthrough + parsed prev_companies count; same person_id across companies preserved
FDR0324,P0507,Rahul Garg,S0112,Moglix,Founder & CEO,founder,True,,IIT Kanpur; ISB,,,,0,SRC01945,HIGH,verbatim FOUNDERS passthrough + parsed prev_companies count; same person_id across companies preserved
FDR0325,P0565,Sai Srinivas (Garimella Sai Srinivas Kiran),S0113,MPL (Mobile Premier League),Co-founder & CEO,co-founder,True,,,,,,0,SRC01969,HIGH,verbatim FOUNDERS passthrough + parsed prev_companies count; same person_id across companies preserved
FDR0326,P0566,Alakh Pandey,S0114,PhysicsWallah,Founder & CEO,founder,True,,Not disclosed publicly,,,,0,SRC01970,HIGH,verbatim FOUNDERS passthrough + parsed prev_companies count; same person_id across companies preserved
FDR0327,P0567,Prateek Maheshwari,S0114,PhysicsWallah,Co-Founder,co-founder,True,,IIT BHU (Mechanical Engineering),,,,0,SRC01970,HIGH,verbatim FOUNDERS passthrough + parsed prev_companies count; same person_id across companies preserved
FDR0328,P0568,AB Gupta (Abhijit Gupta),S0115,Popo Global,Co-Founder,co-founder,True,,N/A,,,,0,SRC01980,HIGH,verbatim FOUNDERS passthrough + parsed prev_companies count; same person_id across companies preserved
FDR0329,P0569,Nikhil Gupta,S0115,Popo Global,Co-Founder,co-founder,True,,N/A,,,,0,SRC01981,HIGH,verbatim FOUNDERS passthrough + parsed prev_companies count; same person_id across companies preserved
FDR0330,P0570,Abhishek Bansal,S0116,Shadowfax,Co-Founder & CEO,co-founder,True,,N/A,,,,0,SRC01984,HIGH,verbatim FOUNDERS passthrough + parsed prev_companies count; same person_id across companies preserved
FDR0331,P0571,Vaibhav Khandelwal,S0116,Shadowfax,Co-Founder & CTO,co-founder,True,,N/A,,,,0,SRC01991,HIGH,verbatim FOUNDERS passthrough + parsed prev_companies count; same person_id across companies preserved
FDR0332,P0572,Gaurav Jaithliya,S0116,Shadowfax,Co-Founder,co-founder,True,,N/A,,,,0,SRC01991,HIGH,verbatim FOUNDERS passthrough + parsed prev_companies count; same person_id across companies preserved
FDR0333,P0573,Praharsh Chandra,S0116,Shadowfax,Co-Founder,co-founder,True,,N/A,,,,0,SRC01986,HIGH,verbatim FOUNDERS passthrough + parsed prev_companies count; same person_id across companies preserved
FDR0334,P0574,Vasanth Kamath,S0117,Smallcase,Co-Founder & CEO,co-founder,True,,IIT Kharagpur,,,,0,SRC01998,HIGH,verbatim FOUNDERS passthrough + parsed prev_companies count; same person_id across companies preserved
FDR0335,P0575,Anugrah Shrivastava,S0117,Smallcase,Co-Founder,co-founder,True,,IIT Kharagpur,,,,0,SRC01997,HIGH,verbatim FOUNDERS passthrough + parsed prev_companies count; same person_id across companies preserved
FDR0336,P0576,Rohan Gupta,S0117,Smallcase,Co-Founder,co-founder,True,,IIT Kharagpur,,,,0,SRC01997,HIGH,verbatim FOUNDERS passthrough + parsed prev_companies count; same person_id across companies preserved
FDR0337,P0577,Ajay Lakhotia,S0118,StockGro,Founder & Chief Evolution Officer,co-founder,True,,ISB (Indian School of Business); MBA Analytical Finance & Strategy,,,,0,SRC02002,HIGH,verbatim FOUNDERS passthrough + parsed prev_companies count; same person_id across companies preserved
FDR0338,P0578,Vijay Lakhotia,S0118,StockGro,Director,co-founder,True,,N/A,,,,0,SRC02002,HIGH,verbatim FOUNDERS passthrough + parsed prev_companies count; same person_id across companies preserved
FDR0339,P0580,Amit Gupta,S0119,Yulu,Co-Founder & CEO,co-founder,True,,"IIT Kanpur (B.Tech Mechanical Engineering, 2000); Harvard Business School Executive MBA",,,,0,SRC02017,HIGH,verbatim FOUNDERS passthrough + parsed prev_companies count; same person_id across companies preserved
FDR0340,P0581,RK Misra,S0119,Yulu,Co-Founder,co-founder,True,,IIT Kanpur; Tokyo University; Harvard Kennedy School,,,,0,SRC02017,HIGH,verbatim FOUNDERS passthrough + parsed prev_companies count; same person_id across companies preserved
FDR0341,P0582,Naveen Dachuri,S0119,Yulu,Co-Founder & CTO,co-founder,True,,Co-founder and CTO of Yulu,,,,0,SRC02013,HIGH,verbatim FOUNDERS passthrough + parsed prev_companies count; same person_id across companies preserved
FDR0342,P0583,Anuj Tewari,S0119,Yulu,Co-Founder & CFO,co-founder,True,,Elevated to co-founder in November 2023; previously CFO,,,,0,SRC02016,HIGH,verbatim FOUNDERS passthrough + parsed prev_companies count; same person_id across companies preserved
FDR0343,P0584,Hemant Gupta,S0119,Yulu,Co-Founder,co-founder,,,,,,,0,SRC02013,MEDIUM,verbatim FOUNDERS passthrough + parsed prev_companies count; same person_id across companies preserved
FDR0344,P0589,Sudheer Koneru,S0120,Zenoti,Founder & CEO,founder,,,Founded Zenoti (formerly ManageMySpa); previously CTO at Mozaik Media,,,,0,SRC02038,HIGH,verbatim FOUNDERS passthrough + parsed prev_companies count; same person_id across companies preserved
FDR0345,P0590,Dheeraj Koneru,S0120,Zenoti,Founder,co-founder,,,Co-founder; previously CTO at Mozaik Media,,,,0,SRC02038,HIGH,verbatim FOUNDERS passthrough + parsed prev_companies count; same person_id across companies preserved
FDR0346,P0591,Anand Arvind,S0120,Zenoti,Founder,co-founder,,,,,,,0,SRC02038,MEDIUM,verbatim FOUNDERS passthrough + parsed prev_companies count; same person_id across companies preserved
FDR0347,P0592,Saritha Katikaneni,S0120,Zenoti,Founder,co-founder,,,,,,,0,SRC02038,MEDIUM,verbatim FOUNDERS passthrough + parsed prev_companies count; same person_id across companies preserved
FDR0348,P0593,Sunil Kumar,S0120,Zenoti,Founder,co-founder,,,,,,,0,SRC02038,MEDIUM,verbatim FOUNDERS passthrough + parsed prev_companies count; same person_id across companies preserved
FDR0349,P0598,Aarti Vaishnav,S0121,Exxat,Founder & CEO,founder,,,Founder and CEO of Exxat; quoted in Accel-KKR press release,,,,0,SRC02060,HIGH,verbatim FOUNDERS passthrough + parsed prev_companies count; same person_id across companies preserved
FDR0350,P0599,Rohan Ganapathy,S0122,Bellatrix Aerospace,Co-Founder & CEO,co-founder,,,Co-founder and CEO of Bellatrix Aerospace; quoted in Pre-Series B press release,,,,0,SRC02067,HIGH,verbatim FOUNDERS passthrough + parsed prev_companies count; same person_id across companies preserved
FDR0351,P0600,Yashas Karanam,S0122,Bellatrix Aerospace,Co-Founder & COO,co-founder,,,Co-founder and COO; quoted on manufacturing milestones,,,,0,SRC02067,HIGH,verbatim FOUNDERS passthrough + parsed prev_companies count; same person_id across companies preserved
FDR0352,P0601,Saagar Mala,S0122,Bellatrix Aerospace,Co-Founder,co-founder,,,,,,,0,SRC02069,MEDIUM,verbatim FOUNDERS passthrough + parsed prev_companies count; same person_id across companies preserved
FDR0353,P0602,Romita Mazumdar,S0123,Foxtale,Founder & CEO,founder,,,Founded Foxtale in 2021; D2C skincare brand; launched Hula Hoop by Foxtale in Dec 2025,,,,0,SRC02074,HIGH,verbatim FOUNDERS passthrough + parsed prev_companies count; same person_id across companies preserved
FDR0354,P0603,Surianarayanan,S0123,Foxtale,Co-Founder,co-founder,,,,,,,0,SRC02076,MEDIUM,verbatim FOUNDERS passthrough + parsed prev_companies count; same person_id across companies preserved
FDR0355,P0605,Suyash Singh,S0124,GalaxEye,Founder & CEO,founder,True,,CEO; IIT Madras,,,,0,SRC02091,HIGH,verbatim FOUNDERS passthrough + parsed prev_companies count; same person_id across companies preserved
FDR0356,P0606,Denil Chawda,S0124,GalaxEye,Co-founder,co-founder,True,,,,,,0,SRC02089,MEDIUM,verbatim FOUNDERS passthrough + parsed prev_companies count; same person_id across companies preserved
FDR0357,P0607,Kishan Thakkar,S0124,GalaxEye,Co-founder,co-founder,True,,,,,,0,SRC02089,MEDIUM,verbatim FOUNDERS passthrough + parsed prev_companies count; same person_id across companies preserved
FDR0358,P0608,Pranit Mehta,S0124,GalaxEye,Co-founder,co-founder,True,,,,,,0,SRC02089,MEDIUM,verbatim FOUNDERS passthrough + parsed prev_companies count; same person_id across companies preserved
FDR0359,P0609,Rakshit Bhatt,S0124,GalaxEye,Co-founder,co-founder,True,,,,,,0,SRC02089,MEDIUM,verbatim FOUNDERS passthrough + parsed prev_companies count; same person_id across companies preserved
FDR0360,P0610,Bob Pattillo,S0125,HerSpace Manufacturing,Founder (also founder of Gray Matters Capital),founder,True,,,,,,0,SRC02096,HIGH,verbatim FOUNDERS passthrough + parsed prev_companies count; same person_id across companies preserved
FDR0361,P0611,Puneeth Thimmegowda,S0125,HerSpace Manufacturing,Founder,founder,True,,,,,,0,SRC02096,HIGH,verbatim FOUNDERS passthrough + parsed prev_companies count; same person_id across companies preserved
FDR0362,P0616,Siddharth Dungarwal,S0126,Snitch,Founder & CEO,founder,True,,,,,,0,SRC02103,HIGH,verbatim FOUNDERS passthrough + parsed prev_companies count; same person_id across companies preserved
FDR0363,P0617,Rishabh Nigam,S0126,Snitch,Co-founder,,True,,"Worked in growth roles at ZEE5, Pocket FM, upGrad",,,,0,SRC02107,MEDIUM,verbatim FOUNDERS passthrough + parsed prev_companies count; same person_id across companies preserved
FDR0364,P0618,Nandini Shrivastava,S0126,Snitch,Co-founder,,True,,,,,,0,SRC02107,MEDIUM,verbatim FOUNDERS passthrough + parsed prev_companies count; same person_id across companies preserved
FDR0365,P0619,Anurag Sinha,S0127,OneCard (FPL Technologies),Co-founder & CEO,co-founder,True,,,,,,0,SRC02118,HIGH,verbatim FOUNDERS passthrough + parsed prev_companies count; same person_id across companies preserved
FDR0366,P0620,Vibhav Hathi,S0127,OneCard (FPL Technologies),Co-founder,co-founder,True,,,,,,0,SRC02119,HIGH,verbatim FOUNDERS passthrough + parsed prev_companies count; same person_id across companies preserved
FDR0367,P0621,Rupesh Kumar,S0127,OneCard (FPL Technologies),Co-founder,co-founder,True,,,,,,0,SRC02119,HIGH,verbatim FOUNDERS passthrough + parsed prev_companies count; same person_id across companies preserved
FDR0368,P0622,Karan Mehta,S0128,Rezolv,Founder,founder,True,,"Founder, Kissht; Carnegie Mellon",,,,0,SRC02132,HIGH,verbatim FOUNDERS passthrough + parsed prev_companies count; same person_id across companies preserved
FDR0369,P0623,Sonali Jindal,S0128,Rezolv,Founder,founder,True,,"Co-founder, Kissht",,,,0,SRC02124,HIGH,verbatim FOUNDERS passthrough + parsed prev_companies count; same person_id across companies preserved
FDR0370,P0624,Karan Mukesh Mehta,S0128,Rezolv,Co-Founder,,True,,UNKNOWN,,,,0,SRC02127,HIGH,verbatim FOUNDERS passthrough + parsed prev_companies count; same person_id across companies preserved
FDR0371,P0625,Neha Mittal,S0129,JustAI,CEO & Co-founder,co-founder,True,,"ex-head of product Retention & Growth at Pinterest and Twitter; co-founded CityStructure; founding engineer Sensorflow; ex-CZI, Goldman Sachs",,,,0,SRC02135,HIGH,verbatim FOUNDERS passthrough + parsed prev_companies count; same person_id across companies preserved
FDR0372,P0626,Jeff Hara,S0129,JustAI,Co-founder & CTO,co-founder,True,,ML/recommendation systems (per YesPress profile),,,,0,SRC02134,MEDIUM,verbatim FOUNDERS passthrough + parsed prev_companies count; same person_id across companies preserved
FDR0373,P0627,Hemant Kabra (Hemant Mahendrakumar Kabra),S0130,BGauss,Founder & MD,founder,True,,"Founder & MD, BGauss; angel investor",,,,0,SRC02151,HIGH,verbatim FOUNDERS passthrough + parsed prev_companies count; same person_id across companies preserved
FDR0374,P0628,Hemant Mahendrakumar Kabra,S0130,BGauss,Founder & MD,,True,,Founder & MD of BGauss; Director of RR Global; angel investor background,,,,0,SRC02141,HIGH,verbatim FOUNDERS passthrough + parsed prev_companies count; same person_id across companies preserved
FDR0375,P0632,Sheetanshu Tyagi,S0131,Emo Energy,Co-founder & CEO,co-founder,True,,,,,,0,SRC02159,HIGH,verbatim FOUNDERS passthrough + parsed prev_companies count; same person_id across companies preserved
FDR0376,P0633,Rahul Patel (Rahul Ratilal Patel),S0131,Emo Energy,Co-founder,co-founder,True,,,,,,0,SRC02159,HIGH,verbatim FOUNDERS passthrough + parsed prev_companies count; same person_id across companies preserved
FDR0377,P0634,Krish Subramanian,S0134,Chargebee,CEO & Co-founder,co-founder,True,,,,,,0,SRC02172,HIGH,verbatim FOUNDERS passthrough + parsed prev_companies count; same person_id across companies preserved
FDR0378,P0635,Rajaraman Santhanam,S0134,Chargebee,CPO & Co-founder,co-founder,True,,,,,,0,SRC02172,HIGH,verbatim FOUNDERS passthrough + parsed prev_companies count; same person_id across companies preserved
FDR0379,P0636,Saravanan KP,S0134,Chargebee,CTO & Co-founder,co-founder,True,,,,,,0,SRC02172,HIGH,verbatim FOUNDERS passthrough + parsed prev_companies count; same person_id across companies preserved
FDR0380,P0637,Thiyagarajan T (Thiyagu),S0134,Chargebee,Co-founder (ex),co-founder,False,,,,,,0,SRC02187,MEDIUM,verbatim FOUNDERS passthrough + parsed prev_companies count; same person_id across companies preserved
FDR0381,P0645,Sahil Barua,S0135,Delhivery,"Co-founder, MD & CEO",co-founder,True,,,,,,0,SRC02219,HIGH,verbatim FOUNDERS passthrough + parsed prev_companies count; same person_id across companies preserved
FDR0382,P0646,Kapil Bharati,S0135,Delhivery,"Co-founder, CTO",co-founder,True,,,,,,0,SRC02221,HIGH,verbatim FOUNDERS passthrough + parsed prev_companies count; same person_id across companies preserved
FDR0383,P0647,Suraj Saharan,S0135,Delhivery,Co-founder,co-founder,True,,,,,,0,SRC02221,HIGH,verbatim FOUNDERS passthrough + parsed prev_companies count; same person_id across companies preserved
FDR0384,P0648,Mohit Tandon,S0135,Delhivery,Co-founder,co-founder,False,,,,,,0,SRC02221,HIGH,verbatim FOUNDERS passthrough + parsed prev_companies count; same person_id across companies preserved
FDR0385,P0649,Bhavesh Manglani,S0135,Delhivery,Co-founder,co-founder,False,,,,,,0,SRC02221,HIGH,verbatim FOUNDERS passthrough + parsed prev_companies count; same person_id across companies preserved
FDR0386,P0664,Darshan Singh Rana,S0136,Erisha E Mobility,"Managing Director, Chairman & Founder",founder,True,,,,,,0,SRC02235,HIGH,verbatim FOUNDERS passthrough + parsed prev_companies count; same person_id across companies preserved
FDR0387,P0665,Sudhir Rana,S0136,Erisha E Mobility,Co-founder / Director,co-founder,True,,,,,,0,SRC02232,HIGH,verbatim FOUNDERS passthrough + parsed prev_companies count; same person_id across companies preserved
FDR0388,P0159,Girish Mathrubootham,S0137,Freshworks,Founder (Executive Chairman; CEO until 2024),founder,True,,"MBA, University of Madras",,,,0,SRC02242,HIGH,verbatim FOUNDERS passthrough + parsed prev_companies count; same person_id across companies preserved
FDR0389,P0666,Shan Krishnasamy,S0137,Freshworks,Co-founder (ex),co-founder,False,,,,,,0,SRC02243,HIGH,verbatim FOUNDERS passthrough + parsed prev_companies count; same person_id across companies preserved
FDR0390,P0329,Ritesh Agarwal,S0138,OYO,Founder & CEO,founder,True,,,,,,0,SRC02250,HIGH,verbatim FOUNDERS passthrough + parsed prev_companies count; same person_id across companies preserved
FDR0391,P0657,Yashish Dahiya,S0139,Policybazaar,Co-Founder & CEO,founder,True,,Unknown,,,,0,SRC02271,MEDIUM,verbatim FOUNDERS passthrough + parsed prev_companies count; same person_id across companies preserved
FDR0392,P0675,Alok Bansal,S0139,Policybazaar,Co-Founder,co-founder,True,,Unknown,,,,0,SRC02271,MEDIUM,verbatim FOUNDERS passthrough + parsed prev_companies count; same person_id across companies preserved
FDR0393,P0676,Avaneesh Nirjar,S0139,Policybazaar,Co-Founder & COO,co-founder,True,,Unknown,,,,0,SRC02271,MEDIUM,verbatim FOUNDERS passthrough + parsed prev_companies count; same person_id across companies preserved
FDR0394,P0677,Tarun Mathur,S0139,Policybazaar,Co-Founder & CBO,co-founder,False,,Unknown,,,,0,SRC02271,MEDIUM,verbatim FOUNDERS passthrough + parsed prev_companies count; same person_id across companies preserved
FDR0395,P0678,Manoj Sharma,S0139,Policybazaar,Co-Founder,co-founder,False,,Unknown,,,,0,SRC02271,MEDIUM,verbatim FOUNDERS passthrough + parsed prev_companies count; same person_id across companies preserved
FDR0396,P0679,Umesh Sachdev,S0140,Uniphore,Co-Founder & CEO,founder,True,,IIT Madras (incubated),,,,0,SRC02276,HIGH,verbatim FOUNDERS passthrough + parsed prev_companies count; same person_id across companies preserved
FDR0397,P0680,Ravi Saraogi,S0140,Uniphore,Co-Founder & President APAC,co-founder,True,,IIT Madras (incubated),,,,0,SRC02276,HIGH,verbatim FOUNDERS passthrough + parsed prev_companies count; same person_id across companies preserved
FDR0398,P0681,Abhiraj Singh Bhal,S0141,Urban Company,"Chairperson, MD & CEO",founder,True,,,,,,0,SRC02284,HIGH,verbatim FOUNDERS passthrough + parsed prev_companies count; same person_id across companies preserved
FDR0399,P0682,Raghav Chandra,S0141,Urban Company,Executive Director & CTOPO,co-founder,True,,,,,,0,SRC02284,HIGH,verbatim FOUNDERS passthrough + parsed prev_companies count; same person_id across companies preserved
FDR0400,P0683,Varun Khaitan,S0141,Urban Company,Executive Director & COO,co-founder,True,,,,,,0,SRC02284,HIGH,verbatim FOUNDERS passthrough + parsed prev_companies count; same person_id across companies preserved
FDR0401,P0684,Deepinder Goyal,S0142,Zomato,"Founder, Vice Chairman & Non-Executive Director",founder,True,,IIT Delhi,,,,0,SRC02292,HIGH,verbatim FOUNDERS passthrough + parsed prev_companies count; same person_id across companies preserved
FDR0402,P0685,Pankaj Chaddah,S0142,Zomato,Co-Founder,co-founder,False,,IIT Delhi,,,,0,SRC02292,HIGH,verbatim FOUNDERS passthrough + parsed prev_companies count; same person_id across companies preserved
FDR0403,P0686,Vivek Sinha,S0143,Emversity,Founder & CEO,founder,True,,"MBA, ISB",,,,0,SRC02299,HIGH,verbatim FOUNDERS passthrough + parsed prev_companies count; same person_id across companies preserved
FDR0404,P0687,Khubaib,S0143,Emversity,Co-Founder (Lanstitut),co-founder,True,,Unknown,,,,0,SRC02301,MEDIUM,verbatim FOUNDERS passthrough + parsed prev_companies count; same person_id across companies preserved
FDR0405,P0688,Manish Agarwal,S0144,KGeN (Kratos Gamer Network),Co-founder / Elder Council,co-founder,True,,,,,,0,SRC02304,,verbatim FOUNDERS passthrough + parsed prev_companies count; same person_id across companies preserved
FDR0406,P0689,Ishank Gupta,S0144,KGeN (Kratos Gamer Network),Co-founder,co-founder,True,,,,,,0,SRC02304,,verbatim FOUNDERS passthrough + parsed prev_companies count; same person_id across companies preserved
FDR0407,P0691,Rohit Choudhary,S0145,Seekho,Co-founder & CEO,co-founder,True,,,,,,0,SRC02326,,verbatim FOUNDERS passthrough + parsed prev_companies count; same person_id across companies preserved
FDR0408,P0692,Keertay Agarwal,S0145,Seekho,Co-founder & COO,co-founder,True,,,,,,0,SRC02328,,verbatim FOUNDERS passthrough + parsed prev_companies count; same person_id across companies preserved
FDR0409,P0693,Yash Banwani,S0145,Seekho,Co-founder & CTO,co-founder,True,,,,,,0,SRC02328,,verbatim FOUNDERS passthrough + parsed prev_companies count; same person_id across companies preserved
FDR0410,P0698,Arun Papaiah,S0146,Avammune Therapeutics,Co-founder & CEO,co-founder,True,,,,,,0,SRC02346,,verbatim FOUNDERS passthrough + parsed prev_companies count; same person_id across companies preserved
FDR0411,P0699,Srinivasan Namala,S0146,Avammune Therapeutics,Co-founder,co-founder,True,,,,,,0,SRC02346,,verbatim FOUNDERS passthrough + parsed prev_companies count; same person_id across companies preserved
FDR0412,P0700,Aditya Kulkarni,S0146,Avammune Therapeutics,Co-founder & CSO,co-founder,True,,,,,,0,SRC02347,,verbatim FOUNDERS passthrough + parsed prev_companies count; same person_id across companies preserved
FDR0413,P0701,Arun B. Papaiah,S0146,Avammune Therapeutics,Co-founder & CEO,,True,,"MBA, Royal Melbourne Institute of Technology; BSc, Christ University",,,,0,SRC02349,HIGH,verbatim FOUNDERS passthrough + parsed prev_companies count; same person_id across companies preserved
FDR0414,P0712,Ankur Gigras,S0147,HexaHealth,Co-founder & CEO,co-founder,True,,,,,,0,SRC02362,,verbatim FOUNDERS passthrough + parsed prev_companies count; same person_id across companies preserved
FDR0415,P0713,Vikas Chauhan,S0147,HexaHealth,Co-founder & COO,co-founder,True,,,,,,0,SRC02366,,verbatim FOUNDERS passthrough + parsed prev_companies count; same person_id across companies preserved
FDR0416,P0714,Aman Priya Khanna,S0147,HexaHealth,Co-founder,co-founder,True,,,,,,0,SRC02366,,verbatim FOUNDERS passthrough + parsed prev_companies count; same person_id across companies preserved
FDR0417,P0715,Abhinav Pathak,S0148,Escape Plan (travel gear),"Co-founder & CEO (ex-Perpule, acquired by Amazon)",co-founder,True,,,,,,0,SRC02368,,verbatim FOUNDERS passthrough + parsed prev_companies count; same person_id across companies preserved
FDR0418,P0716,Abhinav Zutshi,S0148,Escape Plan (travel gear),Co-founder (ex-Landmark Group),co-founder,True,,,,,,0,SRC02368,,verbatim FOUNDERS passthrough + parsed prev_companies count; same person_id across companies preserved
FDR0419,P0717,"{'v': 'Harshvardhan Lunia', 'src': 'IndiaFilings, Tracxn'}",S0149,Lendingkart,"{'v': 'Co-Founder, former CEO', 'src': 'ET'}","{'v': 'co-founder', 'src': 'Tracxn'}","{'v': 'Yes (as shareholder, legal dispute)', 'src': 'ET'}",,{},,,,0,SRC02387,HIGH,verbatim FOUNDERS passthrough + parsed prev_companies count; same person_id across companies preserved
FDR0420,P0718,"{'v': 'Mukul Sachan', 'src': 'Tracxn'}",S0149,Lendingkart,"{'v': 'Co-Founder (departed 2019)', 'src': 'Tracxn'}","{'v': 'co-founder', 'src': 'Tracxn'}","{'v': 'Yes (shareholder)', 'src': 'ET'}",,{},,,,0,SRC02386,HIGH,verbatim FOUNDERS passthrough + parsed prev_companies count; same person_id across companies preserved
FDR0421,P0657,"{'v': 'Yashish Dahiya', 'src': 'Tracxn, Avataar VC'}",S0150,PB Healthcare,"{'v': 'Founder & CEO', 'src': 'Tracxn'}","{'v': 'founder', 'src': 'Tracxn'}","{'v': 'Yes', 'src': 'Tracxn'}",,{},,,,0,SRC02403,HIGH,verbatim FOUNDERS passthrough + parsed prev_companies count; same person_id across companies preserved
FDR0422,P0675,"{'v': 'Alok Bansal', 'src': 'Avataar VC, MCA'}",S0150,PB Healthcare,"{'v': 'Co-Founder & Executive Vice Chairman', 'src': 'Avataar VC'}","{'v': 'co-founder', 'src': 'Avataar VC'}","{'v': 'Yes', 'src': 'Avataar VC'}",,{},,,,0,SRC02401,HIGH,verbatim FOUNDERS passthrough + parsed prev_companies count; same person_id across companies preserved
FDR0423,P0719,"{'v': 'Rustom Lawyer', 'src': 'Tracxn, Tofler'}",S0151,Augnito,"{'v': 'Co-Founder & CEO', 'src': 'Tracxn'}","{'v': 'co-founder', 'src': 'Tracxn'}","{'v': 'Yes', 'src': 'Tofler'}",,{},,,,0,SRC02404,HIGH,verbatim FOUNDERS passthrough + parsed prev_companies count; same person_id across companies preserved
FDR0424,P0720,"{'v': 'Shiraz Austin', 'src': 'Tracxn, Tofler'}",S0151,Augnito,"{'v': 'Co-Founder', 'src': 'Tracxn'}","{'v': 'co-founder', 'src': 'Tracxn'}","{'v': 'Yes', 'src': 'Tofler'}",,{},,,,0,SRC02404,HIGH,verbatim FOUNDERS passthrough + parsed prev_companies count; same person_id across companies preserved
FDR0425,P0721,"{'v': 'Ram Anant', 'src': 'Tracxn, LinkedIn, Infineon PR'}",S0152,C2i Semiconductors,"{'v': 'Founder & CEO', 'src': 'Infineon PR'}","{'v': 'founder', 'src': 'Tracxn'}","{'v': 'Yes (joining Infineon)', 'src': 'Infineon PR'}",,{},,,,0,SRC02411,HIGH,verbatim FOUNDERS passthrough + parsed prev_companies count; same person_id across companies preserved
FDR0426,P0722,"{'v': 'Vikram Gakhar', 'src': 'Tracxn, LinkedIn'}",S0152,C2i Semiconductors,"{'v': 'Co-Founder & Director, Mixed Signal Design', 'src': 'LinkedIn'}","{'v': 'co-founder', 'src': 'Tracxn'}","{'v': 'Yes', 'src': 'LinkedIn'}",,{},,,,0,SRC02415,HIGH,verbatim FOUNDERS passthrough + parsed prev_companies count; same person_id across companies preserved
FDR0427,P0723,"{'v': 'Preetam Tadeparthy', 'src': 'Tracxn, LinkedIn'}",S0152,C2i Semiconductors,"{'v': 'Co-Founder, CTO & VP Engineering', 'src': 'LinkedIn'}","{'v': 'co-founder', 'src': 'Tracxn'}","{'v': 'Yes', 'src': 'LinkedIn'}",,{},,,,0,SRC02415,HIGH,verbatim FOUNDERS passthrough + parsed prev_companies count; same person_id across companies preserved
FDR0428,P0724,"{'v': 'Dattatreya Baragur Suryanarayana', 'src': 'Tracxn, LinkedIn'}",S0152,C2i Semiconductors,"{'v': 'Co-Founder, Director Analog', 'src': 'LinkedIn'}","{'v': 'co-founder', 'src': 'Tracxn'}","{'v': 'Yes', 'src': 'LinkedIn'}",,{},,,,0,SRC02415,HIGH,verbatim FOUNDERS passthrough + parsed prev_companies count; same person_id across companies preserved
FDR0429,P0725,"{'v': 'Nikhil Ramaswamy', 'src': 'Tracxn, LinkedIn'}",S0153,CynLr,"{'v': 'Co-Founder & CEO', 'src': 'Tracxn'}","{'v': 'co-founder', 'src': 'Tracxn'}","{'v': 'Yes', 'src': 'LinkedIn'}",,{},,,,0,SRC02420,HIGH,verbatim FOUNDERS passthrough + parsed prev_companies count; same person_id across companies preserved
FDR0430,P0726,"{'v': 'Gokul N A', 'src': 'Tracxn, LinkedIn'}",S0153,CynLr,"{'v': 'Founder (Design, Product & Brand)', 'src': 'LinkedIn'}","{'v': 'founder', 'src': 'Tracxn'}","{'v': 'Yes', 'src': 'LinkedIn'}",,{},,,,0,SRC02420,HIGH,verbatim FOUNDERS passthrough + parsed prev_companies count; same person_id across companies preserved
FDR0431,P0725,Nikhil Ramaswamy,S0153,CynLr,Co-Founder & CEO,,True,,BE (Hons) BITS Pilani (2007-2011),,,,0,SRC02437,HIGH,verbatim FOUNDERS passthrough + parsed prev_companies count; same person_id across companies preserved
FDR0432,P0727,Gokul NA,S0153,CynLr,"Founder - Design, Product & Brand / CTO",,True,,Not disclosed,,,,0,SRC02420,HIGH,verbatim FOUNDERS passthrough + parsed prev_companies count; same person_id across companies preserved
FDR0433,P0730,Srivatsan Sridhar,S0154,Skydo,Co-founder and CEO,co-founder,True,,"Engineering degree from Coimbatore Institute of Technology, MBA from Indian School of Business",,,,0,SRC02442,HIGH,verbatim FOUNDERS passthrough + parsed prev_companies count; same person_id across companies preserved
FDR0434,P0731,Movin Jain,S0154,Skydo,Co-founder,co-founder,True,,"B.Tech Computer Science from IIT Delhi, MBA from IIM Ahmedabad",,,,0,SRC02456,HIGH,verbatim FOUNDERS passthrough + parsed prev_companies count; same person_id across companies preserved
FDR0435,P0735,Arjun P. Gupta,S0155,Smart Joules,Founder & CEO,founder,True,,UC Berkeley,,,,0,SRC02467,HIGH,verbatim FOUNDERS passthrough + parsed prev_companies count; same person_id across companies preserved
FDR0436,P0736,Sidhartha P. Gupta,S0155,Smart Joules,Co-founder & CFO,co-founder,True,,USC Marshall School of Business,,,,0,SRC02468,HIGH,verbatim FOUNDERS passthrough + parsed prev_companies count; same person_id across companies preserved
FDR0437,P0737,Ujjal Majumdar,S0155,Smart Joules,Co-founder & COO,co-founder,True,,Unknown,,,,0,SRC02459,MEDIUM,verbatim FOUNDERS passthrough + parsed prev_companies count; same person_id across companies preserved
FDR0438,P0738,Rakesh Malik,S0156,VerveSemi (Vervesemi),Co-founder & CEO,co-founder,True,,"B.E. Electronics and Electrical Communications, Punjab Engineering College",,,,0,SRC02470,HIGH,verbatim FOUNDERS passthrough + parsed prev_companies count; same person_id across companies preserved
FDR0439,P0739,Pratap Narayan Singh,S0156,VerveSemi (Vervesemi),Co-founder & CTO,co-founder,True,,"B.Tech Electrical Engineering, IIT Roorkee",,,,0,SRC02470,HIGH,verbatim FOUNDERS passthrough + parsed prev_companies count; same person_id across companies preserved
FDR0440,P0744,Dr. Sonam Kothari,S0157,Butterfly Learnings,Founder,founder,True,,Unknown,,,,0,SRC02481,HIGH,verbatim FOUNDERS passthrough + parsed prev_companies count; same person_id across companies preserved
FDR0441,P0745,Dr. Abhishek Sen,S0157,Butterfly Learnings,Founder,founder,True,,Unknown,,,,0,SRC02481,HIGH,verbatim FOUNDERS passthrough + parsed prev_companies count; same person_id across companies preserved
FDR0442,P0746,Vineeta Singh,S0158,Sugar Cosmetics,CEO,,True,,IIM Ahmedabad,,,,0,SRC02495,HIGH,verbatim FOUNDERS passthrough + parsed prev_companies count; same person_id across companies preserved
FDR0443,P0747,Kaushik Mukherjee,S0158,Sugar Cosmetics,COO,,True,,IIM Ahmedabad,,,,0,SRC02498,HIGH,verbatim FOUNDERS passthrough + parsed prev_companies count; same person_id across companies preserved
FDR0444,P0750,Prem Bhatia,S0159,Graas.ai (Graas),CEO / Co-founder,co-founder,,,,,,,0,SRC02509,,verbatim FOUNDERS passthrough + parsed prev_companies count; same person_id across companies preserved
FDR0445,P0751,Ashwin Puri,S0159,Graas.ai (Graas),Co-founder,co-founder,,,,,,,0,SRC00088,,verbatim FOUNDERS passthrough + parsed prev_companies count; same person_id across companies preserved
FDR0446,P0752,Vivek P.,S0159,Graas.ai (Graas),Co-founder & CTO,,True,,"MS, PhD Carnegie Mellon University; BBS Savitribai Phule Pune University",,,,0,SRC02505,HIGH,verbatim FOUNDERS passthrough + parsed prev_companies count; same person_id across companies preserved
FDR0447,P0759,Dheemanth Nagaraj,S0161,Agrani Labs,,co-founder,,,,,,,0,SRC02538,,verbatim FOUNDERS passthrough + parsed prev_companies count; same person_id across companies preserved
FDR0448,P0760,Ashok Jagannathan,S0161,Agrani Labs,,co-founder,,,,,,,0,SRC02538,,verbatim FOUNDERS passthrough + parsed prev_companies count; same person_id across companies preserved
FDR0449,P0761,Srikanth Nimmagadda,S0161,Agrani Labs,,co-founder,,,,,,,0,SRC02538,,verbatim FOUNDERS passthrough + parsed prev_companies count; same person_id across companies preserved
FDR0450,P0762,Rajesh Vivekanandham,S0161,Agrani Labs,,co-founder,,,,,,,0,SRC02538,,verbatim FOUNDERS passthrough + parsed prev_companies count; same person_id across companies preserved
FDR0451,P0764,Sangeet Agrawal,S0162,Mokobara,,co-founder,,,,,,,0,SRC02556,,verbatim FOUNDERS passthrough + parsed prev_companies count; same person_id across companies preserved
FDR0452,P0765,Navin Parwal,S0162,Mokobara,,co-founder,,,,,,,0,SRC02556,,verbatim FOUNDERS passthrough + parsed prev_companies count; same person_id across companies preserved
FDR0453,P0770,Amitava Saha,S0163,XpressBees,,co-founder,,,,,,,0,SRC02564,,verbatim FOUNDERS passthrough + parsed prev_companies count; same person_id across companies preserved
FDR0454,P0771,Supam Maheshwari,S0163,XpressBees,,co-founder,,,,,,,0,SRC02564,,verbatim FOUNDERS passthrough + parsed prev_companies count; same person_id across companies preserved
FDR0455,P0772,Supam Satyanarayan Maheshwari,S0163,XpressBees,Co-Founder,,True,,"Serial entrepreneur; founder of Babyhug, WorldOfMoms, Brainvisa Technologies; serves on boards of 4 companies",,,,0,SRC02565,HIGH,verbatim FOUNDERS passthrough + parsed prev_companies count; same person_id across companies preserved
FDR0456,P0773,Rajdeep Meda,S0163,XpressBees,Co-Founder,,True,,,,,,0,SRC02565,MEDIUM,verbatim FOUNDERS passthrough + parsed prev_companies count; same person_id across companies preserved
FDR0457,P0774,Macey Quinn,S0163,XpressBees,Co-Founder,,True,,,,,,0,SRC02565,MEDIUM,verbatim FOUNDERS passthrough + parsed prev_companies count; same person_id across companies preserved
FDR0458,P0775,Shaikh Awesh,S0163,XpressBees,Co-Founder,,True,,,,,,0,SRC02565,MEDIUM,verbatim FOUNDERS passthrough + parsed prev_companies count; same person_id across companies preserved
FDR0459,P0776,Johnson Smith,S0163,XpressBees,Co-Founder,,True,,,,,,0,SRC02565,MEDIUM,verbatim FOUNDERS passthrough + parsed prev_companies count; same person_id across companies preserved
FDR0460,P0777,Devendra Kumari,S0163,XpressBees,Co-Founder,,True,,,,,,0,SRC02565,MEDIUM,verbatim FOUNDERS passthrough + parsed prev_companies count; same person_id across companies preserved
FDR0461,P0783,Amit Chawla,S0164,Fundly.ai,,founder,,,,,,,0,SRC02572,MEDIUM,verbatim FOUNDERS passthrough + parsed prev_companies count; same person_id across companies preserved
FDR0462,P0784,Shreeram Ramanathan,S0164,Fundly.ai,,founder,,,,,,,0,SRC02572,MEDIUM,verbatim FOUNDERS passthrough + parsed prev_companies count; same person_id across companies preserved
FDR0463,P0785,Amit Kumar Chawla,S0164,Fundly.ai,Co-Founder & CEO,,True,,Co-founded Fundly.ai in 2021; described as bringing experience from RBL Bank context (per fundedstartupsdaily). CEO since inception.,,,,0,SRC02576,HIGH,verbatim FOUNDERS passthrough + parsed prev_companies count; same person_id across companies preserved
FDR0464,P0786,Shreeram V Ramanathan,S0164,Fundly.ai,Co-Founder,,True,,Co-founded Fundly.ai in 2021. Active on LinkedIn posting about the Pre-Series A raise.,,,,0,SRC02583,HIGH,verbatim FOUNDERS passthrough + parsed prev_companies count; same person_id across companies preserved
FDR0465,P0787,Neha Ramcharanlal Virmani,S0164,Fundly.ai,Co-Founder,,True,,Listed by Tracxn as co-founder; no press coverage found.,,,,0,SRC02576,LOW,verbatim FOUNDERS passthrough + parsed prev_companies count; same person_id across companies preserved
FDR0466,P0788,Veena Vinod Chawla,S0164,Fundly.ai,Co-Founder,,True,,Listed by Tracxn as co-founder; no press coverage found.,,,,0,SRC02576,LOW,verbatim FOUNDERS passthrough + parsed prev_companies count; same person_id across companies preserved
FDR0467,P0790,Mohit Anand,S0165,Mitigata,Co-founder and CEO,,True,,"IIT BHU (BHU), Varanasi",,,,0,SRC02593,HIGH,verbatim FOUNDERS passthrough + parsed prev_companies count; same person_id across companies preserved
FDR0468,P0791,Sarthak Dubey,S0165,Mitigata,Co-founder and COO,,True,,Manipal Institute of Technology,,,,0,SRC02593,HIGH,verbatim FOUNDERS passthrough + parsed prev_companies count; same person_id across companies preserved
FDR0469,P0792,Mayank Morya,S0165,Mitigata,Co-founder and CTO,,True,,IIT Mandi,,,,0,SRC02591,HIGH,verbatim FOUNDERS passthrough + parsed prev_companies count; same person_id across companies preserved
FDR0470,P0793,Akshit Kaushik,S0165,Mitigata,Co-founder and CBO,,True,,IIT BHU,,,,0,SRC02591,HIGH,verbatim FOUNDERS passthrough + parsed prev_companies count; same person_id across companies preserved
FDR0471,P0797,Jugal Anchalia,S0166,Refold AI,Co-founder & CEO,co-founder,,,,,,,0,SRC02600,HIGH,verbatim FOUNDERS passthrough + parsed prev_companies count; same person_id across companies preserved
FDR0472,P0798,Abhishek Kumar,S0166,Refold AI,,co-founder,,,,,,,0,SRC02600,HIGH,verbatim FOUNDERS passthrough + parsed prev_companies count; same person_id across companies preserved
FDR0473,P0799,Geetansh Bamania,S0167,RentoMojo,"Promoter, Chairperson & co-founder",co-founder,,,,,,,0,SRC02610,HIGH,verbatim FOUNDERS passthrough + parsed prev_companies count; same person_id across companies preserved
FDR0474,P0800,Ajay Nain,S0167,RentoMojo,,co-founder,,,,,,,0,SRC02611,MEDIUM,verbatim FOUNDERS passthrough + parsed prev_companies count; same person_id across companies preserved
FDR0475,P0033,Albinder Dhindsa,S0168,Blinkit,,founder,,,,,,,0,SRC02613,HIGH,verbatim FOUNDERS passthrough + parsed prev_companies count; same person_id across companies preserved
FDR0476,P0802,Saurabh Kumar,S0168,Blinkit,,founder,,,,,,,0,SRC02613,HIGH,verbatim FOUNDERS passthrough + parsed prev_companies count; same person_id across companies preserved
FDR0477,P0803,"{'v': 'Ankush Malik', 'conf': 'high', 'src': 'Fortune India'}",S0169,Juniper Green Energy,"{'v': 'CEO', 'type': 'co-founder'}",,True,,{'v': 'Renewable energy IPP executive'},,,,0,SRC02621,HIGH,verbatim FOUNDERS passthrough + parsed prev_companies count; same person_id across companies preserved
FDR0478,P0564,"{'v': 'UNKNOWN', 'conf': 'low', 'src': 'Failory lists founders as —'}",S0170,Serentica Renewables,"{'v': 'Founder(s)', 'type': 'founder'}",,True,,{'v': 'Not identified in sources'},,,,0,SRC02622,LOW,verbatim FOUNDERS passthrough + parsed prev_companies count; same person_id across companies preserved
FDR0479,P0804,"{'v': 'Sriharsha Majety', 'conf': 'high', 'src': 'Inventiva'}",S0171,Swiggy,"{'v': 'CEO', 'type': 'co-founder'}",,True,,{'v': 'CEO of Swiggy; candid in shareholder letters'},,,,0,SRC02632,HIGH,verbatim FOUNDERS passthrough + parsed prev_companies count; same person_id across companies preserved
FDR0480,P0805,"{'v': 'Nandan Reddy', 'conf': 'medium', 'src': 'General knowledge'}",S0171,Swiggy,"{'v': 'Co-founder', 'type': 'co-founder'}",,True,,,,,,0,SRC02631,LOW,verbatim FOUNDERS passthrough + parsed prev_companies count; same person_id across companies preserved
FDR0481,P0806,"{'v': 'Rahul Jaimini', 'conf': 'medium', 'src': 'General knowledge'}",S0171,Swiggy,"{'v': 'Co-founder', 'type': 'co-founder'}",,False,,,,,,0,SRC02631,LOW,verbatim FOUNDERS passthrough + parsed prev_companies count; same person_id across companies preserved
FDR0482,P0807,"{'v': 'Shubham Gupta', 'conf': 'high', 'src': 'foundersday, Entrackr'}",S0172,Bonkers Corner,"{'v': 'Founder', 'type': 'founder'}",,True,,"{'v': ""Started brand out of economic necessity when father's textile business faced bankruptcy""}",,,,0,SRC02640,HIGH,verbatim FOUNDERS passthrough + parsed prev_companies count; same person_id across companies preserved
FDR0483,P0808,"{'v': 'Sanjay Gupta', 'conf': 'medium', 'src': 'Entrackr (RoC filing)'}",S0172,Bonkers Corner,"{'v': 'Co-founder/Director', 'type': 'co-founder'}",,True,,,,,,0,SRC02638,MEDIUM,verbatim FOUNDERS passthrough + parsed prev_companies count; same person_id across companies preserved
FDR0484,P0809,"{'v': 'Reena Gupta', 'conf': 'medium', 'src': 'Entrackr (RoC filing)'}",S0172,Bonkers Corner,"{'v': 'Co-founder/Director', 'type': 'co-founder'}",,True,,,,,,0,SRC02638,MEDIUM,verbatim FOUNDERS passthrough + parsed prev_companies count; same person_id across companies preserved
FDR0485,P0810,"{'v': 'Aridni Shah', 'conf': 'high', 'src': 'Inc42'}",S0173,immunitoAI,"{'v': 'Cofounder and CEO', 'type': 'co-founder'}",,True,,{'v': 'AI/biotech entrepreneur; leads antibody therapeutics development'},,,,0,SRC02644,HIGH,verbatim FOUNDERS passthrough + parsed prev_companies count; same person_id across companies preserved
FDR0486,P0811,"{'v': 'Trisha Chatterjee', 'conf': 'high', 'src': 'Inc42'}",S0173,immunitoAI,"{'v': 'Cofounder', 'type': 'co-founder'}",,True,,{'v': 'Co-founded immunitoAI with Aridni Shah in 2020'},,,,0,SRC02644,HIGH,verbatim FOUNDERS passthrough + parsed prev_companies count; same person_id across companies preserved
FDR0487,P0593,Sunil Kumar,S0174,BigEndian Semiconductors,Co-Founder & CEO,founder,True,,"Former Intel, ARM, Broadcom; co-founder of Zenoti (SaaS unicorn)",,,,0,SRC02653,HIGH,verbatim FOUNDERS passthrough + parsed prev_companies count; same person_id across companies preserved
FDR0488,P0812,Renuka Prasad,S0174,BigEndian Semiconductors,Co-Founder,co-founder,True,,,,,,0,SRC02653,MEDIUM,verbatim FOUNDERS passthrough + parsed prev_companies count; same person_id across companies preserved
FDR0489,P0813,Kanagaraju Ponnusamy,S0174,BigEndian Semiconductors,Co-Founder & Head of Engineering,co-founder,True,,,,,,0,SRC02654,HIGH,verbatim FOUNDERS passthrough + parsed prev_companies count; same person_id across companies preserved
FDR0490,P0814,Dinesh Annayya,S0174,BigEndian Semiconductors,Co-Founder,co-founder,True,,,,,,0,SRC02651,HIGH,verbatim FOUNDERS passthrough + parsed prev_companies count; same person_id across companies preserved
FDR0491,P0815,Harpreet Wadhawan,S0174,BigEndian Semiconductors,Co-Founder,co-founder,True,,,,,,0,SRC02653,MEDIUM,verbatim FOUNDERS passthrough + parsed prev_companies count; same person_id across companies preserved
FDR0492,P0816,Jansen Cheng,S0174,BigEndian Semiconductors,VP Global BD & Co-Founder,co-founder,True,,,,,,0,SRC02655,HIGH,verbatim FOUNDERS passthrough + parsed prev_companies count; same person_id across companies preserved
FDR0493,P0817,Kishan Aswath,S0175,Mojro Technologies,Co-Founder & CEO,founder,True,,Previously led Enterprise Architecture at Happiest Minds Technologies,,,,0,SRC02663,HIGH,verbatim FOUNDERS passthrough + parsed prev_companies count; same person_id across companies preserved
FDR0494,P0818,Amit Ashok Kulkarni,S0175,Mojro Technologies,Co-Founder & CTO,co-founder,True,,20+ years in enterprise SaaS; drives product and North America sales,,,,0,SRC02663,HIGH,verbatim FOUNDERS passthrough + parsed prev_companies count; same person_id across companies preserved
FDR0495,P0819,Ranganath Seetharamu,S0175,Mojro Technologies,Co-Founder & COO,co-founder,True,,22+ years in senior management roles,,,,0,SRC02663,HIGH,verbatim FOUNDERS passthrough + parsed prev_companies count; same person_id across companies preserved
FDR0496,P0264,Nitin Jain,S0176,Neo (Neo Investment Value Advisors),"Chairman & MD, Neo Group",founder,True,,"Ex-CEO, PAG - Edelweiss Wealth Management Services",,,,0,SRC02669,HIGH,verbatim FOUNDERS passthrough + parsed prev_companies count; same person_id across companies preserved
FDR0497,P0494,Varun Bajpai,S0176,Neo (Neo Investment Value Advisors),Co-Founder & Chairman,co-founder,True,,25+ years in financial services; former Country Head Macquarie Group India; ex-Deutsche Bank,,,,0,SRC02670,HIGH,verbatim FOUNDERS passthrough + parsed prev_companies count; same person_id across companies preserved
FDR0498,P0493,Hemant Daga,S0176,Neo (Neo Investment Value Advisors),"Co-Founder & CEO, Neo Asset Management",co-founder,True,,,,,,0,SRC02671,HIGH,verbatim FOUNDERS passthrough + parsed prev_companies count; same person_id across companies preserved
FDR0499,P0496,Puneet Jain,S0176,Neo (Neo Investment Value Advisors),"Co-Founder & CIO, Neo Asset Management",co-founder,True,,,,,,0,SRC02671,HIGH,verbatim FOUNDERS passthrough + parsed prev_companies count; same person_id across companies preserved
FDR0500,P0495,Shajikumar Devakar,S0176,Neo (Neo Investment Value Advisors),"Co-Founder & CEO, Neo Wealth Management",co-founder,True,,22+ years in wealth management; ET Best Leader Award 2018,,,,0,SRC02672,HIGH,verbatim FOUNDERS passthrough + parsed prev_companies count; same person_id across companies preserved
FDR0501,P0820,Srikanth A V,S0176,Neo (Neo Investment Value Advisors),"Co-Founder & CEO, Neo Wealth Partners",co-founder,True,,,,,,0,SRC02669,MEDIUM,verbatim FOUNDERS passthrough + parsed prev_companies count; same person_id across companies preserved
FDR0502,P0821,Aneesh Reddy Boddu,S0177,Capillary Technologies,"Founder, MD & CEO",founder,True,,IIT Kharagpur,,,,0,SRC02678,HIGH,verbatim FOUNDERS passthrough + parsed prev_companies count; same person_id across companies preserved
FDR0503,P0822,Krishna Mehra,S0177,Capillary Technologies,Co-Founder,co-founder,False,,IIT Kharagpur,,,,0,SRC02680,HIGH,verbatim FOUNDERS passthrough + parsed prev_companies count; same person_id across companies preserved
FDR0504,P0823,Ajay Modani,S0177,Capillary Technologies,Former Co-Founder,co-founder,False,,IIT Kharagpur,,,,0,SRC02680,HIGH,verbatim FOUNDERS passthrough + parsed prev_companies count; same person_id across companies preserved
FDR0505,P0824,Anant Choubey,S0177,Capillary Technologies,Co-Founder & COO & CFO,co-founder,True,,,,,,0,SRC02679,HIGH,verbatim FOUNDERS passthrough + parsed prev_companies count; same person_id across companies preserved
FDR0506,P0825,Sridhar Bollam,S0177,Capillary Technologies,Co-Founder & CCO North America,co-founder,True,,,,,,0,SRC02679,HIGH,verbatim FOUNDERS passthrough + parsed prev_companies count; same person_id across companies preserved
FDR0507,P0826,Prateek Jindal,S0178,PowerUp Money,Founder & CEO,founder,True,,IIM Mumbai (MBA),,,,0,SRC02688,HIGH,verbatim FOUNDERS passthrough + parsed prev_companies count; same person_id across companies preserved
FDR0508,P0827,Nitin Gupta,S0178,PowerUp Money,Co-founder (Uni Cards),co-founder,False,,Co-founded Uni Cards with Prateek Jindal; PowerUp incubated within Uni Cards,,,,0,SRC02687,MEDIUM,verbatim FOUNDERS passthrough + parsed prev_companies count; same person_id across companies preserved
FDR0509,P0828,"{'v': 'Monil Singhal', 'role': 'co-founder', 'type': 'co-founder', 'confidence': 0.95, 'src': 'ET'}",S0179,Truva,,,,,,,,,0,,,verbatim FOUNDERS passthrough + parsed prev_companies count; same person_id across companies preserved
FDR0510,P0829,"{'v': 'Puneet Arora', 'role': 'co-founder', 'type': 'co-founder', 'confidence': 0.95, 'src': 'ET'}",S0179,Truva,,,,,,,,,0,,,verbatim FOUNDERS passthrough + parsed prev_companies count; same person_id across companies preserved
FDR0511,P0830,"{'v': 'Ankit Gupta', 'role': 'co-founder', 'type': 'co-founder', 'confidence': 0.95, 'src': 'ET'}",S0179,Truva,,,,,,,,,0,,,verbatim FOUNDERS passthrough + parsed prev_companies count; same person_id across companies preserved
FDR0512,P0831,"{'v': 'Shalesh Thusoo', 'role': 'Founder, CEO', 'type': 'founder', 'background': 'Former Intel/chip veteran', 'confidence': 0.9, 'src': 'tsavoritesi.com'}",S0180,Tsavorite,,,,,,,,,0,,,verbatim FOUNDERS passthrough + parsed prev_companies count; same person_id across companies preserved
FDR0513,P0832,"{'v': 'Guntram Wolski', 'role': 'Co-Founder, CDD', 'type': 'co-founder', 'confidence': 0.85, 'src': 'tsavoritesi.com'}",S0180,Tsavorite,,,,,,,,,0,,,verbatim FOUNDERS passthrough + parsed prev_companies count; same person_id across companies preserved
FDR0514,P0833,"{'v': 'Mike Uhler', 'role': 'Co-Founder, COO', 'type': 'co-founder', 'confidence': 0.85, 'src': 'tsavoritesi.com'}",S0180,Tsavorite,,,,,,,,,0,,,verbatim FOUNDERS passthrough + parsed prev_companies count; same person_id across companies preserved
FDR0515,P0834,"{'v': 'Sarvagya Kochak', 'role': 'CTO', 'type': 'co-founder', 'confidence': 0.8, 'src': 'tsavoritesi.com'}",S0180,Tsavorite,,,,,,,,,0,,,verbatim FOUNDERS passthrough + parsed prev_companies count; same person_id across companies preserved
FDR0516,P0835,"{'v': 'Shirish Seetharam', 'role': 'Co-Founder, VP BD', 'type': 'co-founder', 'confidence': 0.8, 'src': 'tsavoritesi.com'}",S0180,Tsavorite,,,,,,,,,0,,,verbatim FOUNDERS passthrough + parsed prev_companies count; same person_id across companies preserved
FDR0517,P0836,"{'v': 'Chandra Joshi', 'role': 'Co-Founder, VP SW', 'type': 'co-founder', 'confidence': 0.8, 'src': 'tsavoritesi.com'}",S0180,Tsavorite,,,,,,,,,0,,,verbatim FOUNDERS passthrough + parsed prev_companies count; same person_id across companies preserved
FDR0518,P0837,"{'v': 'Devansh Jain', 'role': 'Executive Director', 'type': 'executive', 'background': 'INOXGFL Group', 'confidence': 0.85, 'src': 'ET'}",S0181,Inox Clean Energy,,,,,,,,,0,,,verbatim FOUNDERS passthrough + parsed prev_companies count; same person_id across companies preserved
FDR0519,P0838,"{'v': 'Vivek Mishra', 'role': 'co-founder', 'type': 'co-founder', 'background': 'PhD robotics, aerospace engineering', 'confidence': 0.9, 'src': 'Inc42'}",S0182,Raphe mPhibr,,,,,,,,,0,,,verbatim FOUNDERS passthrough + parsed prev_companies count; same person_id across companies preserved
FDR0520,P0839,"{'v': 'Vikash Mishra', 'role': 'co-founder', 'type': 'co-founder', 'background': 'PhD aerospace engineering, advanced materials', 'confidence': 0.9, 'src': 'Inc42'}",S0182,Raphe mPhibr,,,,,,,,,0,,,verbatim FOUNDERS passthrough + parsed prev_companies count; same person_id across companies preserved
FDR0521,P0840,"{'v': 'Nitin Katiyar', 'role': 'co-founder', 'type': 'co-founder', 'confidence': 0.8, 'src': 'CARE Ratings'}",S0182,Raphe mPhibr,,,,,,,,,0,,,verbatim FOUNDERS passthrough + parsed prev_companies count; same person_id across companies preserved
FDR0522,P0843,"{'v': 'Pulkit Khurana', 'role': 'co-founder', 'type': 'co-founder', 'background': 'IIT Kanpur alumnus', 'confidence': 0.95, 'src': 'Wikipedia'}",S0183,Battery Smart,,,,,,,,,0,,,verbatim FOUNDERS passthrough + parsed prev_companies count; same person_id across companies preserved
FDR0523,P0844,"{'v': 'Siddharth Sikka', 'role': 'co-founder', 'type': 'co-founder', 'background': 'IIT Kanpur alumnus', 'confidence': 0.95, 'src': 'Wikipedia'}",S0183,Battery Smart,,,,,,,,,0,,,verbatim FOUNDERS passthrough + parsed prev_companies count; same person_id across companies preserved
FDR0524,P0845,Ritwik Khare,S0185,Elivaas,Founder & CEO,,True,,"MBA Gold Medalist, Faculty of Management Studies, University of Delhi; B.Com Honors, Shri Ram College of Commerce (SRCC)",,,,0,SRC02735,HIGH,verbatim FOUNDERS passthrough + parsed prev_companies count; same person_id across companies preserved
FDR0525,P0846,Karan Miglani,S0185,Elivaas,Co-Founder & CPO,,True,,"FMS Delhi Gold Medalist, SRCC B.Com Honors",,,,0,SRC02736,HIGH,verbatim FOUNDERS passthrough + parsed prev_companies count; same person_id across companies preserved
FDR0526,P0848,Nithin Kamath,S0188,Zerodha,Founder & CEO,founder,True,,stockbroker,,,,0,SRC02751,MEDIUM,verbatim FOUNDERS passthrough + parsed prev_companies count; same person_id across companies preserved
FDR0527,P0262,Farid Ahsan,S0189,General Autonomy,"Co-founder, CEO",founder,,,"Former COO of ShareChat, IIT Kanpur alumnus",,,,0,SRC02753,HIGH,verbatim FOUNDERS passthrough + parsed prev_companies count; same person_id across companies preserved
FDR0528,P0261,Bhanu Pratap Singh,S0189,General Autonomy,Co-founder,founder,,,"Former CTO of ShareChat, IIT Kanpur alumnus",,,,0,SRC02753,HIGH,verbatim FOUNDERS passthrough + parsed prev_companies count; same person_id across companies preserved
FDR0529,P0849,Shreyaans Jain,S0191,QOSMIC,"Co-founder, CEO",founder,,,,,,,0,SRC02759,HIGH,verbatim FOUNDERS passthrough + parsed prev_companies count; same person_id across companies preserved
FDR0530,P0850,Rohit Ramakrishnan,S0191,QOSMIC,Co-founder,founder,,,,,,,0,SRC02759,HIGH,verbatim FOUNDERS passthrough + parsed prev_companies count; same person_id across companies preserved
FDR0531,P0851,Aloke Kumar,S0191,QOSMIC,Co-founder,founder,,,,,,,0,SRC02759,HIGH,verbatim FOUNDERS passthrough + parsed prev_companies count; same person_id across companies preserved
FDR0532,P0852,Venkataraman Natarajan,S0192,Hachidori Robotics,"Co-founder, COO",founder,,,,,,,0,SRC02764,HIGH,verbatim FOUNDERS passthrough + parsed prev_companies count; same person_id across companies preserved
FDR0533,P0853,Krishna Vaidyanathan,S0192,Hachidori Robotics,Co-founder,founder,,,,,,,0,SRC02764,HIGH,verbatim FOUNDERS passthrough + parsed prev_companies count; same person_id across companies preserved
FDR0534,P0854,Vaibhav Tambe,S0193,TransBnk,"Co-founder, CEO",founder,,,,,,,0,SRC02767,HIGH,verbatim FOUNDERS passthrough + parsed prev_companies count; same person_id across companies preserved
FDR0535,P0855,Lavin Kotian,S0193,TransBnk,Co-founder,founder,,,,,,,0,SRC02770,HIGH,verbatim FOUNDERS passthrough + parsed prev_companies count; same person_id across companies preserved
FDR0536,P0856,Pulak Jain,S0193,TransBnk,Co-founder,founder,,,,,,,0,SRC02770,HIGH,verbatim FOUNDERS passthrough + parsed prev_companies count; same person_id across companies preserved
FDR0537,P0857,Sachin Gupta,S0193,TransBnk,Co-founder,founder,,,,,,,0,SRC02770,HIGH,verbatim FOUNDERS passthrough + parsed prev_companies count; same person_id across companies preserved
FDR0538,P0858,James Solomon,S0194,Olee Space,CEO & Co-Founder,founder,True,,IIT Bombay,,,,0,SRC02773,HIGH,verbatim FOUNDERS passthrough + parsed prev_companies count; same person_id across companies preserved
FDR0539,P0859,Suman Hiremath,S0194,Olee Space,Co-Founder,founder,True,,UNKNOWN,,,,0,SRC02774,MEDIUM,verbatim FOUNDERS passthrough + parsed prev_companies count; same person_id across companies preserved
FDR0540,P0860,Mohak Nahta,S0195,Atlys,Founder & CEO,founder,True,,Carnegie Mellon University,,,,0,SRC02780,HIGH,verbatim FOUNDERS passthrough + parsed prev_companies count; same person_id across companies preserved
FDR0541,P0564,Unknown,S0195,Atlys,Co-Founder,co-founder,True,,UNKNOWN,,,,0,,LOW,verbatim FOUNDERS passthrough + parsed prev_companies count; same person_id across companies preserved
FDR0542,P0861,Capt. Ishver Dholakiya,S0196,Goldi Solar,Founder & Managing Director,founder,True,,UNKNOWN,,,,0,SRC02788,HIGH,verbatim FOUNDERS passthrough + parsed prev_companies count; same person_id across companies preserved
FDR0543,P0862,Bharat Bhut,S0196,Goldi Solar,Co-Founder,founder,True,,UNKNOWN,,,,0,SRC02789,MEDIUM,verbatim FOUNDERS passthrough + parsed prev_companies count; same person_id across companies preserved
FDR0544,P0863,Mohit Bedi,S0197,Kiwi (Gokiwi Tech),Co-Founder,founder,True,,UNKNOWN,,,,0,SRC02795,HIGH,verbatim FOUNDERS passthrough + parsed prev_companies count; same person_id across companies preserved
FDR0545,P0864,Siddharth Mehta,S0197,Kiwi (Gokiwi Tech),"Co-Founder, COO & CFO",founder,True,,UNKNOWN,,,,0,SRC02796,HIGH,verbatim FOUNDERS passthrough + parsed prev_companies count; same person_id across companies preserved
FDR0546,P0865,Anup Kumar Agrawal,S0197,Kiwi (Gokiwi Tech),Co-Founder,founder,True,,UNKNOWN,,,,0,SRC02807,MEDIUM,verbatim FOUNDERS passthrough + parsed prev_companies count; same person_id across companies preserved
FDR0547,P0866,Anup Agrawal,S0197,Kiwi (Gokiwi Tech),Co-Founder & CEO,,True,,UNKNOWN,,,,0,SRC02796,HIGH,verbatim FOUNDERS passthrough + parsed prev_companies count; same person_id across companies preserved
FDR0548,P0870,Abhishek Murarka,S0198,Circolife,CEO & Co-Founder,founder,True,,UNKNOWN,,,,0,SRC02812,HIGH,verbatim FOUNDERS passthrough + parsed prev_companies count; same person_id across companies preserved
FDR0549,P0871,Tushar Patil,S0198,Circolife,Co-Founder & COO,founder,True,,UNKNOWN,,,,0,SRC02813,HIGH,verbatim FOUNDERS passthrough + parsed prev_companies count; same person_id across companies preserved
FDR0550,P0872,Devanshu Mishra,S0198,Circolife,Co-Founder,founder,True,,UNKNOWN,,,,0,SRC02814,MEDIUM,verbatim FOUNDERS passthrough + parsed prev_companies count; same person_id across companies preserved
FDR0551,P0873,Srinath Ravichandran,S0199,Agnikul Cosmos (AgniKul),"CEO, Co-founder",co-founder,True,,UNKNOWN,,,,0,SRC02822,HIGH,verbatim FOUNDERS passthrough + parsed prev_companies count; same person_id across companies preserved
FDR0552,P0874,Moin SPM,S0199,Agnikul Cosmos (AgniKul),Co-founder,co-founder,True,,UNKNOWN,,,,0,SRC02822,HIGH,verbatim FOUNDERS passthrough + parsed prev_companies count; same person_id across companies preserved
FDR0553,P0875,Ashish Deora,S0200,Aurm,Founder & CEO,founder,True,,Founded Aurum Ventures in 1996 at age 21,,,,0,SRC02827,HIGH,verbatim FOUNDERS passthrough + parsed prev_companies count; same person_id across companies preserved
FDR0554,P0876,Dhruv Arora,S0201,Syfe,Founder & CEO,founder,True,,,,,,0,SRC02837,HIGH,verbatim FOUNDERS passthrough + parsed prev_companies count; same person_id across companies preserved
FDR0555,P0877,Dr. Ashvini Jakhar,S0202,Prozo,Founder & CEO,founder,True,,"Ex-McKinsey, ISB, Indian Navy",,,,0,SRC02843,HIGH,verbatim FOUNDERS passthrough + parsed prev_companies count; same person_id across companies preserved
FDR0556,P0878,Manas Khandelwal,S0203,Jurisphere.ai,Founder,founder,True,,UNKNOWN,,,,0,SRC02851,HIGH,verbatim FOUNDERS passthrough + parsed prev_companies count; same person_id across companies preserved
FDR0557,P0879,Varun Khandelwal,S0203,Jurisphere.ai,Founder,founder,True,,UNKNOWN,,,,0,SRC02851,HIGH,verbatim FOUNDERS passthrough + parsed prev_companies count; same person_id across companies preserved
FDR0558,P0880,Sumit Ghosh,S0203,Jurisphere.ai,Founder,founder,True,,UNKNOWN,,,,0,SRC02851,HIGH,verbatim FOUNDERS passthrough + parsed prev_companies count; same person_id across companies preserved
FDR0559,P0881,Ritesh Singh Chandel,S0207,Arivihan,co-founder,co-founder,True,,IIT Roorkee,,,,0,SRC02858,HIGH,verbatim FOUNDERS passthrough + parsed prev_companies count; same person_id across companies preserved
FDR0560,P0882,Sonu Kumar,S0207,Arivihan,co-founder,co-founder,True,,IIT Roorkee,,,,0,SRC02858,HIGH,verbatim FOUNDERS passthrough + parsed prev_companies count; same person_id across companies preserved
FDR0561,P0883,Rushabh Kothari,S0207,Arivihan,co-founder,co-founder,True,,UNKNOWN,,,,0,SRC02858,HIGH,verbatim FOUNDERS passthrough + parsed prev_companies count; same person_id across companies preserved
FDR0562,P0884,Jyothis Indirabhai,S0208,Netrasemi (NetraSemi),co-founder,co-founder,True,,UNKNOWN,,,,0,SRC02868,MEDIUM,verbatim FOUNDERS passthrough + parsed prev_companies count; same person_id across companies preserved
FDR0563,P0885,Sreejith Varma,S0208,Netrasemi (NetraSemi),co-founder,co-founder,True,,UNKNOWN,,,,0,SRC02868,MEDIUM,verbatim FOUNDERS passthrough + parsed prev_companies count; same person_id across companies preserved
FDR0564,P0886,Deepa Geetha,S0208,Netrasemi (NetraSemi),co-founder,co-founder,True,,UNKNOWN,,,,0,SRC02868,MEDIUM,verbatim FOUNDERS passthrough + parsed prev_companies count; same person_id across companies preserved
FDR0565,P0564,UNKNOWN,S0209,Arohan Financial Services,Founder/MD,founder,True,,Aavishkaar Group,,,,0,SRC02880,LOW,verbatim FOUNDERS passthrough + parsed prev_companies count; same person_id across companies preserved
FDR0566,P0887,Vineet Chandra Chandra Rai,S0209,Arohan Financial Services,Founder & Chairman,,True,,"Founder of Aavishkaar Group, Intellecap, IntelleGrow",,,,0,SRC02875,HIGH,verbatim FOUNDERS passthrough + parsed prev_companies count; same person_id across companies preserved
FDR0567,P0888,Shubhankar Sengupta,S0209,Arohan Financial Services,Co-Founder,,False,,,,,,0,SRC02875,MEDIUM,verbatim FOUNDERS passthrough + parsed prev_companies count; same person_id across companies preserved
FDR0568,P0901,Tarun Mehta,S0210,Ather Energy,"Co-founder, CEO",founder,True,,IIT Madras,,,,0,SRC02895,HIGH,verbatim FOUNDERS passthrough + parsed prev_companies count; same person_id across companies preserved
FDR0569,P0902,Swapnil Jain,S0210,Ather Energy,Co-founder,co-founder,True,,IIT Madras,,,,0,SRC02896,HIGH,verbatim FOUNDERS passthrough + parsed prev_companies count; same person_id across companies preserved
FDR0570,P0564,UNKNOWN,S0211,Nexedge Capital,Founder/CEO,founder,True,,Wealth management,,,,0,SRC02901,LOW,verbatim FOUNDERS passthrough + parsed prev_companies count; same person_id across companies preserved
FDR0571,P0903,Anirudha Taparia,S0211,Nexedge Capital,Founder & CEO,,True,,Co-Founder & Joint CEO of 360 ONE Wealth (previously IIFL Wealth); SVP & Citibanking Head (North India) at Citibank; decade at Citibank before that,,,,0,SRC02904,HIGH,verbatim FOUNDERS passthrough + parsed prev_companies count; same person_id across companies preserved
FDR0572,P0904,Sidhartha Shaw,S0211,Nexedge Capital,Co-Founder,,True,,,,,,0,SRC02914,MEDIUM,verbatim FOUNDERS passthrough + parsed prev_companies count; same person_id across companies preserved
FDR0573,P0905,Vijeeta Sharma,S0211,Nexedge Capital,Co-Founder,,True,,Director since incorporation (MCA),,,,0,SRC02906,MEDIUM,verbatim FOUNDERS passthrough + parsed prev_companies count; same person_id across companies preserved
FDR0574,P0906,Pankaj Walia,S0211,Nexedge Capital,Co-Founder,,True,,Standard Chartered Bank 22-year veteran & Head of Private Banking India,,,,0,SRC02911,HIGH,verbatim FOUNDERS passthrough + parsed prev_companies count; same person_id across companies preserved
FDR0575,P0564,UNKNOWN,S0212,Shiprocket,Founder/CEO,founder,True,,Logistics/e-commerce,,,,0,SRC02920,LOW,verbatim FOUNDERS passthrough + parsed prev_companies count; same person_id across companies preserved
FDR0576,P0911,Raoul Nanavati,S0213,Navana.ai,Co-founder,founder,True,,Cornell Tech,,,,0,SRC02936,HIGH,verbatim FOUNDERS passthrough + parsed prev_companies count; same person_id across companies preserved
FDR0577,P0912,Jai Nanavati,S0213,Navana.ai,Co-founder,co-founder,True,,Cornell Tech,,,,0,SRC02936,HIGH,verbatim FOUNDERS passthrough + parsed prev_companies count; same person_id across companies preserved
FDR0578,P0914,Shashwat Sahai,S0214,Lickicious,Co-founder,co-founder,,,,,,,0,SRC02946,HIGH,verbatim FOUNDERS passthrough + parsed prev_companies count; same person_id across companies preserved
FDR0579,P0915,Chandan Jha,S0214,Lickicious,Co-founder,co-founder,,,,,,,0,SRC02946,HIGH,verbatim FOUNDERS passthrough + parsed prev_companies count; same person_id across companies preserved
FDR0580,P0916,Tarun Lawadia,S0215,PumPumPum,Founder & CEO,founder,,,20+ years in auto leasing per company profile snippet,,,,0,SRC02957,HIGH,verbatim FOUNDERS passthrough + parsed prev_companies count; same person_id across companies preserved
FDR0581,P0917,Sameer Kalra,S0215,PumPumPum,Co-founder / COO,co-founder,,,,,,,0,SRC02957,HIGH,verbatim FOUNDERS passthrough + parsed prev_companies count; same person_id across companies preserved
FDR0582,P0919,Tejas Jain,S0216,BimaKavach,Founder & CEO,founder,,,,,,,0,SRC02965,HIGH,verbatim FOUNDERS passthrough + parsed prev_companies count; same person_id across companies preserved
FDR0583,P0920,Sridhar Pinnapureddy,S0217,CtrlS,Founder & Chairman,founder,,,,,,,0,SRC02970,HIGH,verbatim FOUNDERS passthrough + parsed prev_companies count; same person_id across companies preserved
FDR0584,P0921,Ratheesh Nair,S0218,Watch Your Health,Founder & CEO,founder,,,15+ years in product design and online consumer behavior per profile,,,,0,SRC02977,HIGH,verbatim FOUNDERS passthrough + parsed prev_companies count; same person_id across companies preserved
FDR0585,P0922,Abhitosh Kumar Pandey,S0218,Watch Your Health,Co-founder,co-founder,,,,,,,0,SRC02977,MEDIUM,verbatim FOUNDERS passthrough + parsed prev_companies count; same person_id across companies preserved
FDR0586,P0923,Jay Patel,S0218,Watch Your Health,Co-founder,co-founder,,,,,,,0,SRC02977,MEDIUM,verbatim FOUNDERS passthrough + parsed prev_companies count; same person_id across companies preserved
FDR0587,P0924,Harshad Apte,S0218,Watch Your Health,Co-founder,co-founder,,,,,,,0,SRC02977,MEDIUM,verbatim FOUNDERS passthrough + parsed prev_companies count; same person_id across companies preserved
FDR0588,P0925,Nimish Goel,S0219,TrueFan AI,Co-Founder,co-founder,,,Entrepreneur,,,,0,SRC02984,HIGH,verbatim FOUNDERS passthrough + parsed prev_companies count; same person_id across companies preserved
FDR0589,P0926,Devender Bindal,S0219,TrueFan AI,Co-Founder,co-founder,,,Entrepreneur,,,,0,SRC02984,HIGH,verbatim FOUNDERS passthrough + parsed prev_companies count; same person_id across companies preserved
FDR0590,P0927,Ameya Sathe,S0220,Coulomb Litech,Co-Founder & CEO,co-founder,,,IIT Kanpur alumni,,,,0,SRC02990,HIGH,verbatim FOUNDERS passthrough + parsed prev_companies count; same person_id across companies preserved
FDR0591,P0928,Darshil Dharod,S0220,Coulomb Litech,Co-Founder,co-founder,,,IIT Kanpur alumni,,,,0,SRC02991,HIGH,verbatim FOUNDERS passthrough + parsed prev_companies count; same person_id across companies preserved
FDR0592,P0929,Gautam Kumar Singh,S0221,Fermionic Design,CEO & Co-Founder,co-founder,,,"IISc, RF & High-Speed Communication",,,,0,SRC02997,HIGH,verbatim FOUNDERS passthrough + parsed prev_companies count; same person_id across companies preserved
FDR0593,P0930,Abhra Bagchi,S0221,Fermionic Design,Co-Founder,co-founder,,,,,,,0,SRC02994,HIGH,verbatim FOUNDERS passthrough + parsed prev_companies count; same person_id across companies preserved
FDR0594,P0931,Shabaaz Syed,S0221,Fermionic Design,Co-Founder,co-founder,,,,,,,0,SRC02994,HIGH,verbatim FOUNDERS passthrough + parsed prev_companies count; same person_id across companies preserved
FDR0595,P0932,Prasun Bhattacharyya,S0221,Fermionic Design,Co-Founder,co-founder,,,,,,,0,SRC02994,HIGH,verbatim FOUNDERS passthrough + parsed prev_companies count; same person_id across companies preserved
FDR0596,P0933,Raghu Venkatesh,S0222,ANSCER Robotics,"Co-Founder, CBO",co-founder,,,Robotics,,,,0,SRC03004,HIGH,verbatim FOUNDERS passthrough + parsed prev_companies count; same person_id across companies preserved
FDR0597,P0934,Ebin Sunny,S0222,ANSCER Robotics,Co-Founder,co-founder,,,"Robotics Engineer, formerly Just Robotics",,,,0,SRC03005,HIGH,verbatim FOUNDERS passthrough + parsed prev_companies count; same person_id across companies preserved
FDR0598,P0935,Ribin Mathew,S0222,ANSCER Robotics,Co-Founder,co-founder,,,Robotics,,,,0,SRC03006,HIGH,verbatim FOUNDERS passthrough + parsed prev_companies count; same person_id across companies preserved
FDR0599,P0936,Raj Mohan,S0222,ANSCER Robotics,Co-Founder,co-founder,,,,,,,0,SRC03003,HIGH,verbatim FOUNDERS passthrough + parsed prev_companies count; same person_id across companies preserved
FDR0600,P0937,Saurabh Maheshwari,S0223,Superleap AI,Co-Founder,co-founder,,,,,,,0,SRC03010,HIGH,verbatim FOUNDERS passthrough + parsed prev_companies count; same person_id across companies preserved
FDR0601,P0938,Subham Kumar Boundia,S0223,Superleap AI,Co-Founder,co-founder,,,,,,,0,SRC03010,HIGH,verbatim FOUNDERS passthrough + parsed prev_companies count; same person_id across companies preserved
FDR0602,P0939,Alok Maurya,S0223,Superleap AI,Co-Founder,co-founder,,,,,,,0,SRC03010,HIGH,verbatim FOUNDERS passthrough + parsed prev_companies count; same person_id across companies preserved
FDR0603,P0940,Sunil,S0224,Fire AI (FireAI),co-founder,,,,,,,,0,SRC03014,LOW,verbatim FOUNDERS passthrough + parsed prev_companies count; same person_id across companies preserved
FDR0604,P0941,Sabari,S0224,Fire AI (FireAI),co-founder,,,,,,,,0,SRC03014,LOW,verbatim FOUNDERS passthrough + parsed prev_companies count; same person_id across companies preserved
FDR0605,P0942,Dushyant,S0224,Fire AI (FireAI),co-founder,,,,,,,,0,SRC03014,LOW,verbatim FOUNDERS passthrough + parsed prev_companies count; same person_id across companies preserved
FDR0606,P0943,Anil,S0224,Fire AI (FireAI),founder listed in source,,,,,,,,0,SRC03014,LOW,verbatim FOUNDERS passthrough + parsed prev_companies count; same person_id across companies preserved
FDR0607,P0944,Utkarsh Gupta,S0226,Comet,co-founder,,,,,,,,0,SRC01075,MEDIUM,verbatim FOUNDERS passthrough + parsed prev_companies count; same person_id across companies preserved
FDR0608,P0945,Dishant Daryani,S0226,Comet,co-founder,,,,,,,,0,SRC01075,MEDIUM,verbatim FOUNDERS passthrough + parsed prev_companies count; same person_id across companies preserved
FDR0609,P0946,Suresh Kondamudi,S0228,CleverTap,co-founder,,,,,,,,0,SRC03034,MEDIUM,verbatim FOUNDERS passthrough + parsed prev_companies count; same person_id across companies preserved
FDR0610,P0947,Anand Jain,S0228,CleverTap,co-founder,,,,,,,,0,SRC03034,MEDIUM,verbatim FOUNDERS passthrough + parsed prev_companies count; same person_id across companies preserved
FDR0611,P0948,Sunil Thomas,S0228,CleverTap,co-founder,,,,,,,,0,SRC03034,MEDIUM,verbatim FOUNDERS passthrough + parsed prev_companies count; same person_id across companies preserved
FDR0612,P0952,Pushkar Mukewar,S0229,Drip Capital,CEO and Founder,founder,True,,Wharton School,,,,0,SRC03045,HIGH,verbatim FOUNDERS passthrough + parsed prev_companies count; same person_id across companies preserved
FDR0613,P0953,Neil Kothari,S0229,Drip Capital,Co-Founder,co-founder,True,,Wharton School,,,,0,SRC03050,HIGH,verbatim FOUNDERS passthrough + parsed prev_companies count; same person_id across companies preserved
FDR0614,P0954,Ranvir Singh,S0230,Kissht (OnEMI),"Founder, Chairman & CEO",founder,True,,"IIT Bombay, IIM Bangalore",,,,0,SRC03054,HIGH,verbatim FOUNDERS passthrough + parsed prev_companies count; same person_id across companies preserved
FDR0615,P0955,Krishnan Vishwanathan,S0230,Kissht (OnEMI),"Founder, CFO & Executive Director",co-founder,True,,IIM Bangalore,,,,0,SRC03054,HIGH,verbatim FOUNDERS passthrough + parsed prev_companies count; same person_id across companies preserved
FDR0616,P0956,Peyush Bansal,S0231,Lenskart,"Chairman, MD, CEO, Co-founder and Promoter",founder,True,,IIT Delhi,,,,0,SRC03066,HIGH,verbatim FOUNDERS passthrough + parsed prev_companies count; same person_id across companies preserved
FDR0617,P0957,Neha Bansal,S0231,Lenskart,"Executive Director, Global Head of Merchandising, Co-founder and Promoter",co-founder,True,,Unknown,,,,0,SRC03067,HIGH,verbatim FOUNDERS passthrough + parsed prev_companies count; same person_id across companies preserved
FDR0618,P0958,Amit Chaudhary,S0231,Lenskart,"Executive Director, Global Head of Expansion, Co-founder and Promoter",co-founder,True,,Unknown,,,,0,SRC03065,HIGH,verbatim FOUNDERS passthrough + parsed prev_companies count; same person_id across companies preserved
FDR0619,P0959,Sumeet Kapahi,S0231,Lenskart,"Global Head of Sourcing, Co-founder and Promoter",co-founder,True,,Unknown,,,,0,SRC03065,HIGH,verbatim FOUNDERS passthrough + parsed prev_companies count; same person_id across companies preserved
FDR0620,P0960,Jayaprakash Sinha,S0232,Neoble,Founder,founder,True,,"IIM Bangalore, CFA",,,,0,SRC03072,HIGH,verbatim FOUNDERS passthrough + parsed prev_companies count; same person_id across companies preserved
FDR0621,P0961,Kamal Nayan,S0232,Neoble,Team Member,co-founder,True,,"BIT Mesra, IIM Bangalore",,,,0,SRC03072,MEDIUM,verbatim FOUNDERS passthrough + parsed prev_companies count; same person_id across companies preserved
FDR0622,P0962,Ritesh Sinha,S0232,Neoble,Team Member,co-founder,True,,Unknown,,,,0,SRC03072,MEDIUM,verbatim FOUNDERS passthrough + parsed prev_companies count; same person_id across companies preserved
FDR0623,P0963,Chris George,S0233,QubeHealth Pay (QubeHealth),Co-Founder & Group CEO,founder,True,,Unknown,,,,0,SRC00388,HIGH,verbatim FOUNDERS passthrough + parsed prev_companies count; same person_id across companies preserved
FDR0624,P0964,Gagan Kapur,S0233,QubeHealth Pay (QubeHealth),Chairman,co-founder,True,,Unknown,,,,0,SRC03076,HIGH,verbatim FOUNDERS passthrough + parsed prev_companies count; same person_id across companies preserved
FDR0625,P0965,Pankaj Shukla,S0233,QubeHealth Pay (QubeHealth),COO,co-founder,True,,Unknown,,,,0,SRC03079,MEDIUM,verbatim FOUNDERS passthrough + parsed prev_companies count; same person_id across companies preserved
FDR0626,P0966,Prashant Warier,S0234,Qure.ai,Co-founder and CEO,co-founder,True,,AI healthcare entrepreneur,,,,0,SRC01494,MEDIUM,verbatim FOUNDERS passthrough + parsed prev_companies count; same person_id across companies preserved
FDR0627,P0967,Pooja Rao,S0234,Qure.ai,Co-founder,co-founder,UNKNOWN,,AI healthcare entrepreneur,,,,0,SRC01494,MEDIUM,verbatim FOUNDERS passthrough + parsed prev_companies count; same person_id across companies preserved
FDR0628,P0968,Devang Kumar,S0235,Greenwave Circularity,Founder & CEO,founder,True,,Circularity and recycling executive,https://in.linkedin.com/in/devang-kumar-8253b738a,,,0,SRC03087,HIGH,verbatim FOUNDERS passthrough + parsed prev_companies count; same person_id across companies preserved
FDR0629,P0969,Jeet Chandan,S0236,Shortgun Games,Co-founder,co-founder,True,,Creator of Rogue Heist,,,,0,SRC03091,HIGH,verbatim FOUNDERS passthrough + parsed prev_companies count; same person_id across companies preserved
FDR0630,P0970,Vidhit Mehta,S0236,Shortgun Games,Co-founder,co-founder,True,,Creator of Rogue Heist,,,,0,SRC03091,HIGH,verbatim FOUNDERS passthrough + parsed prev_companies count; same person_id across companies preserved
FDR0631,P0971,Ankur Pandey,S0237,Uolo,Co-founder,co-founder,UNKNOWN,,Edtech entrepreneur,,,,0,SRC00088,MEDIUM,verbatim FOUNDERS passthrough + parsed prev_companies count; same person_id across companies preserved
FDR0632,P0972,Pallav Pandey,S0237,Uolo,Co-founder,co-founder,UNKNOWN,,Edtech entrepreneur,,,,0,SRC00088,MEDIUM,verbatim FOUNDERS passthrough + parsed prev_companies count; same person_id across companies preserved
FDR0633,P0973,Shardul Sheth,S0238,AgroStar,Co-founder,co-founder,True,,Agritech entrepreneur,,,,0,SRC03103,MEDIUM,verbatim FOUNDERS passthrough + parsed prev_companies count; same person_id across companies preserved
FDR0634,P0974,Sitanshu Sheth,S0238,AgroStar,Co-founder,co-founder,True,,Agritech entrepreneur,,,,0,SRC03103,MEDIUM,verbatim FOUNDERS passthrough + parsed prev_companies count; same person_id across companies preserved
FDR0635,P0980,Kshitij Chaudhary,S0239,30 Sundays,Co-founder & CEO,co-founder,True,,Ex-BCG; IIT Delhi,,,,0,SRC03139,HIGH,verbatim FOUNDERS passthrough + parsed prev_companies count; same person_id across companies preserved
FDR0636,P0981,Anuj Punjani,S0239,30 Sundays,Co-founder & CTO,co-founder,True,,Ex-Apple,,,,0,SRC03139,HIGH,verbatim FOUNDERS passthrough + parsed prev_companies count; same person_id across companies preserved
FDR0637,P0982,Jaikishan Dulani,S0239,30 Sundays,Co-founder,co-founder,True,,,,,,0,SRC02855,LOW,verbatim FOUNDERS passthrough + parsed prev_companies count; same person_id across companies preserved
FDR0638,P0983,Sumit Mishra,S0239,30 Sundays,Co-founder,co-founder,True,,,,,,0,SRC02855,LOW,verbatim FOUNDERS passthrough + parsed prev_companies count; same person_id across companies preserved
FDR0639,P0984,Brotish Das,S0240,Intellend Technologies Advisors,Co-founder & CEO,co-founder,True,,,,,,0,SRC03143,HIGH,verbatim FOUNDERS passthrough + parsed prev_companies count; same person_id across companies preserved
FDR0640,P0985,Som Kamal Chatterjee,S0240,Intellend Technologies Advisors,Co-founder & COO,co-founder,True,,,,,,0,SRC03146,HIGH,verbatim FOUNDERS passthrough + parsed prev_companies count; same person_id across companies preserved
FDR0641,P0986,Bodhisattwa Gupta,S0240,Intellend Technologies Advisors,Co-founder & CBO,co-founder,True,,,,,,0,SRC03143,HIGH,verbatim FOUNDERS passthrough + parsed prev_companies count; same person_id across companies preserved
FDR0642,P0987,Chattanathan Devarajan,S0241,Arya.ag (Arya),Founder,founder,True,,,,,,0,SRC03152,LOW,verbatim FOUNDERS passthrough + parsed prev_companies count; same person_id across companies preserved
FDR0643,P0993,Vaibhav Jain,S0242,Hubilo,Founder & CEO,founder,True,,,,,,0,SRC03171,HIGH,verbatim FOUNDERS passthrough + parsed prev_companies count; same person_id across companies preserved
FDR0644,P0994,Mayank Agarwal,S0242,Hubilo,Co-founder,co-founder,True,,,,,,0,SRC03172,MEDIUM,verbatim FOUNDERS passthrough + parsed prev_companies count; same person_id across companies preserved
FDR0645,P0995,Anuj Rathi,S0243,ProFound (profound),Co-founder,co-founder,True,,Former Swiggy and Zomato product leader,,,,0,SRC03177,HIGH,verbatim FOUNDERS passthrough + parsed prev_companies count; same person_id across companies preserved
FDR0646,P0996,Prashant Parashar,S0243,ProFound (profound),Co-founder,co-founder,True,,Former Swiggy and Zomato technology leader,,,,0,SRC03177,HIGH,verbatim FOUNDERS passthrough + parsed prev_companies count; same person_id across companies preserved
FDR0647,P0997,Himanshu Goyal,S0246,Vecton AI,Co-Founder,,True,,BITS Pilani (engineering),,,,0,SRC03188,HIGH,verbatim FOUNDERS passthrough + parsed prev_companies count; same person_id across companies preserved
FDR0648,P0998,Gaurav Mandlecha,S0246,Vecton AI,Co-Founder,,True,,BITS Pilani (Economics and Mechanical Engineering),,,,0,SRC03188,HIGH,verbatim FOUNDERS passthrough + parsed prev_companies count; same person_id across companies preserved
FDR0649,P0999,Priyanka Singhal,S0248,Ammunic Systems,Founder & CEO,,True,,"Electronics and Communication Engineering, Amritsar",,,,0,SRC03200,HIGH,verbatim FOUNDERS passthrough + parsed prev_companies count; same person_id across companies preserved
FDR0650,P1008,Ranjani Narayan,S0252,Morphing Machines,co-founder,,,,,,,,0,,,verbatim FOUNDERS passthrough + parsed prev_companies count; same person_id across companies preserved
FDR0651,P1009,Vinay Bagri,S0255,Niyo,,,,,,,,,0,,,verbatim FOUNDERS passthrough + parsed prev_companies count; same person_id across companies preserved
FDR0652,P1010,Virender Bisht,S0255,Niyo,,,,,,,,,0,,,verbatim FOUNDERS passthrough + parsed prev_companies count; same person_id across companies preserved
FDR0653,P1016,Prateep Basu,S0256,SatSure,,,,,,,,,0,,,verbatim FOUNDERS passthrough + parsed prev_companies count; same person_id across companies preserved
FDR0654,P1020,Nitya Sharma,S0257,Simpl,Co-founder & CEO,,,,,,,,0,,,verbatim FOUNDERS passthrough + parsed prev_companies count; same person_id across companies preserved
FDR0655,P1021,Virendra Gupta,S0258,VerSe Innovation,,,,,,,,,0,,,verbatim FOUNDERS passthrough + parsed prev_companies count; same person_id across companies preserved
FDR0656,P1022,Umang Bedi,S0258,VerSe Innovation,Co-founder,,True,,Harvard Business School; engineering graduate from University of Pune,,,,0,,HIGH,verbatim FOUNDERS passthrough + parsed prev_companies count; same person_id across companies preserved
FDR0657,P1023,Shailendra Sharma,S0258,VerSe Innovation,Co-founder (ex),,False,,UNKNOWN,,,,0,,MEDIUM,verbatim FOUNDERS passthrough + parsed prev_companies count; same person_id across companies preserved
FDR0658,P1036,Sagar Daryani,S0259,Wow! Momo,Co-founder & CEO,,,,,,,,0,,,verbatim FOUNDERS passthrough + parsed prev_companies count; same person_id across companies preserved
FDR0659,P1037,Binod Homagai,S0259,Wow! Momo,Co-founder,,,,,,,,0,,,verbatim FOUNDERS passthrough + parsed prev_companies count; same person_id across companies preserved
FDR0660,P1038,Jobin Joseph,S0260,ARC,,,,,,,,,0,,,verbatim FOUNDERS passthrough + parsed prev_companies count; same person_id across companies preserved
FDR0661,P1039,Kaustubh K. Jadhav,S0260,ARC,,,,,,,,,0,,,verbatim FOUNDERS passthrough + parsed prev_companies count; same person_id across companies preserved
FDR0662,P1040,Nitin Verma,S0261,InstaAstro,Founder & CEO,,,,,,,,0,,,verbatim FOUNDERS passthrough + parsed prev_companies count; same person_id across companies preserved
FDR0663,P1041,Rohit Ramesh,S0262,Iztri,,,,,,,,,0,,,verbatim FOUNDERS passthrough + parsed prev_companies count; same person_id across companies preserved
FDR0664,P1042,Ankit Choudhary,S0262,Iztri,,,,,,,,,0,,,verbatim FOUNDERS passthrough + parsed prev_companies count; same person_id across companies preserved
FDR0665,P1043,Dhananjai Hari,S0263,Qila Games,,,,,,,,,0,,,verbatim FOUNDERS passthrough + parsed prev_companies count; same person_id across companies preserved
FDR0666,P1044,Neeraj Mishra,S0263,Qila Games,,,,,,,,,0,,,verbatim FOUNDERS passthrough + parsed prev_companies count; same person_id across companies preserved
FDR0667,P1045,B L Mittal,S0264,Sasta Sundar,Founder and Executive Chairman,founder,True,,UNKNOWN,,,,0,SRC03322,HIGH,verbatim FOUNDERS passthrough + parsed prev_companies count; same person_id across companies preserved
FDR0668,P1046,Puneet Gupta,S0265,Astrotalk,Co-founder,founder,True,,UNKNOWN,,,,0,SRC03327,HIGH,verbatim FOUNDERS passthrough + parsed prev_companies count; same person_id across companies preserved
FDR0669,P1047,Anmol Jain,S0265,Astrotalk,Co-founder,founder,True,,UNKNOWN,,,,0,SRC03327,HIGH,verbatim FOUNDERS passthrough + parsed prev_companies count; same person_id across companies preserved
FDR0670,P1048,Amit Jain,S0266,CarDekho (GirnarSoft),Co-founder,founder,True,,UNKNOWN,,,,0,SRC03329,HIGH,verbatim FOUNDERS passthrough + parsed prev_companies count; same person_id across companies preserved
FDR0671,P1049,Anurag Jain,S0266,CarDekho (GirnarSoft),Co-founder,founder,True,,UNKNOWN,,,,0,SRC03329,HIGH,verbatim FOUNDERS passthrough + parsed prev_companies count; same person_id across companies preserved
FDR0672,P1050,Mridul Babbar,S0267,SagarDefence Engineering,Co-founder,founder,True,,UNKNOWN,,,,0,SRC03333,HIGH,verbatim FOUNDERS passthrough + parsed prev_companies count; same person_id across companies preserved
FDR0673,P1051,Nikunj Parashar,S0267,SagarDefence Engineering,Co-founder,founder,True,,UNKNOWN,,,,0,SRC03333,HIGH,verbatim FOUNDERS passthrough + parsed prev_companies count; same person_id across companies preserved
FDR0674,P1052,Aavrit Singhal,S0268,InRisk Labs (EarthRe),Chief Product Officer,co-founder,True,,UNKNOWN,,,,0,SRC03337,HIGH,verbatim FOUNDERS passthrough + parsed prev_companies count; same person_id across companies preserved
FDR0675,P1053,Siddesh Ramasubramanian,S0268,InRisk Labs (EarthRe),CEO,co-founder,True,,UNKNOWN,,,,0,SRC03337,HIGH,verbatim FOUNDERS passthrough + parsed prev_companies count; same person_id across companies preserved
FDR0676,P1054,Malay Kumar Poddar,S0268,InRisk Labs (EarthRe),Managing Director,co-founder,True,,UNKNOWN,,,,0,SRC03337,HIGH,verbatim FOUNDERS passthrough + parsed prev_companies count; same person_id across companies preserved
FDR0677,P1055,Dr. Tinku Acharya,S0269,Videonetics,Founder,founder,True,,UNKNOWN,,,,0,SRC03340,HIGH,verbatim FOUNDERS passthrough + parsed prev_companies count; same person_id across companies preserved
FDR0678,P1056,Manav Bansal,S0270,Drivn (DRIVN),Co-founder,founder,True,,UNKNOWN,,,,0,SRC03343,HIGH,verbatim FOUNDERS passthrough + parsed prev_companies count; same person_id across companies preserved
FDR0679,P1057,Alpna Jain,S0270,Drivn (DRIVN),Co-founder,founder,True,,UNKNOWN,,,,0,SRC03343,HIGH,verbatim FOUNDERS passthrough + parsed prev_companies count; same person_id across companies preserved
FDR0680,P1058,Dhirendra Nalin Mahyavanshi,S0271,Turtlemint,Co-founder and Promoter,founder,True,,UNKNOWN,,,,0,SRC03346,HIGH,verbatim FOUNDERS passthrough + parsed prev_companies count; same person_id across companies preserved
FDR0681,P1059,Vinayak Pathak,S0271,Turtlemint,Co-founder,founder,True,,UNKNOWN,,,,0,SRC03345,HIGH,verbatim FOUNDERS passthrough + parsed prev_companies count; same person_id across companies preserved
FDR0682,P1060,Satprem Mohanty,S0272,ValuEnable,Co-founder,founder,True,,UNKNOWN,,,,0,SRC03348,HIGH,verbatim FOUNDERS passthrough + parsed prev_companies count; same person_id across companies preserved
FDR0683,P1061,Mithil Sejpal,S0272,ValuEnable,Co-founder,founder,True,,UNKNOWN,,,,0,SRC03350,HIGH,verbatim FOUNDERS passthrough + parsed prev_companies count; same person_id across companies preserved
FDR0684,P1062,Avnish Chhabria,S0273,Wellbeing Nutrition,Founder and CEO,founder,True,,UNKNOWN,,,,0,SRC03353,HIGH,verbatim FOUNDERS passthrough + parsed prev_companies count; same person_id across companies preserved
FDR0685,P1063,Saurabh Kapoor,S0273,Wellbeing Nutrition,Co-founder,co-founder,True,,UNKNOWN,,,,0,SRC03354,HIGH,verbatim FOUNDERS passthrough + parsed prev_companies count; same person_id across companies preserved
FDR0686,P1064,Shrey Agarwal,S0274,Alt Carbon,CEO & Co-Founder,,,,,,,,0,SRC03359,,verbatim FOUNDERS passthrough + parsed prev_companies count; same person_id across companies preserved
FDR0687,P1065,Sparsh Agarwal,S0274,Alt Carbon,Co-Founder,,,,,,,,0,SRC03359,,verbatim FOUNDERS passthrough + parsed prev_companies count; same person_id across companies preserved
FDR0688,P1066,Sanjeev Kumar,S0275,Alphadroid,Founder & CEO,,,,,,,,0,SRC03362,,verbatim FOUNDERS passthrough + parsed prev_companies count; same person_id across companies preserved
FDR0689,P1067,Vijay Jain,S0276,Minfy Technologies,Co-Founder,,,,,,,,0,SRC03365,,verbatim FOUNDERS passthrough + parsed prev_companies count; same person_id across companies preserved
FDR0690,P1068,Vivek Jain,S0276,Minfy Technologies,Co-Founder,,,,,,,,0,SRC03365,,verbatim FOUNDERS passthrough + parsed prev_companies count; same person_id across companies preserved
FDR0691,P1069,Anupam Gupta,S0277,Celebal Technologies,Co-Founder (President),,,,,,,,0,SRC03368,,verbatim FOUNDERS passthrough + parsed prev_companies count; same person_id across companies preserved
FDR0692,P1070,Anirudh Kala,S0277,Celebal Technologies,Co-Founder,,,,,,,,0,SRC03369,,verbatim FOUNDERS passthrough + parsed prev_companies count; same person_id across companies preserved
FDR0693,P1071,Arvind Kondangi Lakshmikumar,S0278,Tonbo Imaging,Founder / CEO,,True,,"PhD Robotics Carnegie Mellon; MS Engineering Software Systems BITS Pilani; former Head of Technology and Operations at Sarnoff Corporation. Worked with DARPA, NASA, US Army, AFRL, ",,,,0,SRC03387,HIGH,verbatim FOUNDERS passthrough + parsed prev_companies count; same person_id across companies preserved
FDR0694,P1072,Ankit Kumar,S0278,Tonbo Imaging,Co-Founder / CRO & CBO,,True,,"B.Tech CSE IIIT Hyderabad; 20+ years in R&D programs for defence, surveillance, automotive safety globally.",,,,0,SRC03387,HIGH,verbatim FOUNDERS passthrough + parsed prev_companies count; same person_id across companies preserved
FDR0695,P1073,Cecilia D'Souza,S0278,Tonbo Imaging,Co-Founder / CRO,,True,,Chartered Accountant (ICAI); BSc from Bangalore University. Executive Director and Chief Commercial Officer.,,,,0,SRC03387,HIGH,verbatim FOUNDERS passthrough + parsed prev_companies count; same person_id across companies preserved
FDR0696,P1074,Sudeep George,S0278,Tonbo Imaging,Co-Founder,,False,,BE from Kuvempu University. Listed as co-founder on Tracxn and Inc42.,,,,0,SRC03381,MEDIUM,verbatim FOUNDERS passthrough + parsed prev_companies count; same person_id across companies preserved
FDR0697,P0205,Mansi Jain,S0279,DigitalPaani,Co-Founder,,,,,,,,0,SRC03403,,verbatim FOUNDERS passthrough + parsed prev_companies count; same person_id across companies preserved
FDR0698,P1080,Rajesh Jain,S0279,DigitalPaani,Co-Founder,,,,,,,,0,SRC03403,,verbatim FOUNDERS passthrough + parsed prev_companies count; same person_id across companies preserved
FDR0699,P1082,Divanshu Kumar,S0281,Solinas Integrity,CEO & Co-Founder,,,,,,,,0,SRC03410,,verbatim FOUNDERS passthrough + parsed prev_companies count; same person_id across companies preserved
FDR0700,P1083,Moinak Banerjee,S0281,Solinas Integrity,CTO & Co-Founder,,,,,,,,0,SRC03410,,verbatim FOUNDERS passthrough + parsed prev_companies count; same person_id across companies preserved
FDR0701,P1084,Meghna Agarwal,S0283,IndiQube,Co-Founder,,,,,,,,0,SRC03432,,verbatim FOUNDERS passthrough + parsed prev_companies count; same person_id across companies preserved
FDR0702,P1091,Neetish Sarda,S0284,Smartworks,Founder & Managing Director,founder,True,,Science graduate from University of London; previously worked at Vision Comptech Integrators and family business in manufacturing/real estate/IT,,,,0,SRC03440,HIGH,verbatim FOUNDERS passthrough + parsed prev_companies count; same person_id across companies preserved
FDR0703,P1092,Harsh Binani,S0284,Smartworks,Co-founder,co-founder,True,,McKinsey consulting; previously at Medanta Medicity,,,,0,SRC03440,HIGH,verbatim FOUNDERS passthrough + parsed prev_companies count; same person_id across companies preserved
FDR0704,P1093,Aditya Shah,S0285,Amnex Infotechnologies (Amnex),Founder & Managing Director,founder,True,,"Co-founded Amnex in 2008; technocrat focused on IoT, GIS, AI/ML, Blockchain solutions",,,,0,SRC03446,HIGH,verbatim FOUNDERS passthrough + parsed prev_companies count; same person_id across companies preserved
FDR0705,P1094,Tapan Gosaliya,S0285,Amnex Infotechnologies (Amnex),Co-founder & Director,co-founder,True,,"Co-founded Amnex in 2008; technocrat focused on IoT, GIS, AI/ML, Blockchain solutions",,,,0,SRC03446,HIGH,verbatim FOUNDERS passthrough + parsed prev_companies count; same person_id across companies preserved
FDR0706,P1097,Deep Kalra,S0286,MakeMyTrip,Founder & Chairman,founder,True,,Founded MakeMyTrip in 2000 targeting US-India travel for Indian diaspora,,,,0,SRC03450,HIGH,verbatim FOUNDERS passthrough + parsed prev_companies count; same person_id across companies preserved
FDR0707,P1098,Rajesh Magow,S0286,MakeMyTrip,Co-founder & Group CEO,co-founder,True,,Co-founder and current Group CEO; quoted on Flamingo Transworld acquisition,,,,0,SRC03451,HIGH,verbatim FOUNDERS passthrough + parsed prev_companies count; same person_id across companies preserved
FDR0708,P1099,Sachin Bhatia,S0286,MakeMyTrip,Co-founder,co-founder,False,,Co-founder of MakeMyTrip,,,,0,SRC03452,MEDIUM,verbatim FOUNDERS passthrough + parsed prev_companies count; same person_id across companies preserved
FDR0709,P1100,Keyur Joshi,S0286,MakeMyTrip,Co-founder,co-founder,False,,Co-founder of MakeMyTrip,,,,0,SRC03452,MEDIUM,verbatim FOUNDERS passthrough + parsed prev_companies count; same person_id across companies preserved
FDR0710,P1101,Niraj Singh,S0287,Spinny,Founder & CEO,founder,True,,Previously founding partner at Outbox Ventures,,,,0,SRC03454,HIGH,verbatim FOUNDERS passthrough + parsed prev_companies count; same person_id across companies preserved
FDR0711,P1102,Mohit Gupta,S0287,Spinny,Co-founder,co-founder,True,,Ex-Flipkart,,,,0,SRC03454,HIGH,verbatim FOUNDERS passthrough + parsed prev_companies count; same person_id across companies preserved
FDR0712,P1103,Ramanshu Mahaur,S0287,Spinny,Co-founder,co-founder,False,,Ex-Adobe,,,,0,SRC03458,HIGH,verbatim FOUNDERS passthrough + parsed prev_companies count; same person_id across companies preserved
FDR0713,P1104,Ganesh Pawar,S0287,Spinny,Co-founder,co-founder,False,,Co-founder of Spinny,,,,0,SRC03454,HIGH,verbatim FOUNDERS passthrough + parsed prev_companies count; same person_id across companies preserved
FDR0714,P1105,Mukesh Deogune,S0288,Traqo,CEO & Co-founder,founder,True,,IIT BHU Varanasi alumnus; previously created $2M ARR logistics biz; Forbes 200 DGEMS,,,,0,SRC03464,HIGH,verbatim FOUNDERS passthrough + parsed prev_companies count; same person_id across companies preserved
FDR0715,P1106,Gagan Chaturvedi,S0288,Traqo,Co-founder,co-founder,True,,IIM Ahmedabad; previously at Signo; co-founded Traqo,,,,0,SRC03465,HIGH,verbatim FOUNDERS passthrough + parsed prev_companies count; same person_id across companies preserved
FDR0716,P1107,Vaibhav Kumar,S0288,Traqo,Co-founder,co-founder,True,,Co-founder of Traqo; technology background,,,,0,SRC03461,HIGH,verbatim FOUNDERS passthrough + parsed prev_companies count; same person_id across companies preserved
FDR0717,P1108,Mishu Ahluwalia,S0289,Trevel,Co-founder,founder,True,,Co-founded Trevel in 2025,,,,0,SRC03469,HIGH,verbatim FOUNDERS passthrough + parsed prev_companies count; same person_id across companies preserved
FDR0718,P1109,Rishi Raj Kochhar,S0289,Trevel,Co-founder,co-founder,True,,Co-founded Trevel in 2025,,,,0,SRC03469,HIGH,verbatim FOUNDERS passthrough + parsed prev_companies count; same person_id across companies preserved
FDR0719,P1110,Sahil Jindal,S0289,Trevel,Co-founder,co-founder,True,,Co-founded Trevel; featured by Forbes India,,,,0,SRC03470,HIGH,verbatim FOUNDERS passthrough + parsed prev_companies count; same person_id across companies preserved
FDR0720,P1111,Umesh Kumar,S0290,Runable,Co-founder & CEO,founder,True,,IIT Roorkee CSE '23; previously co-founded SkoolStream (acquired by Bodhi AI in March 2022),,,,0,SRC03474,HIGH,verbatim FOUNDERS passthrough + parsed prev_companies count; same person_id across companies preserved
FDR0721,P1112,Saksham Sarda,S0290,Runable,Co-founder,co-founder,True,,Co-founded Runable; previously worked on AI infrastructure,,,,0,SRC03475,HIGH,verbatim FOUNDERS passthrough + parsed prev_companies count; same person_id across companies preserved
FDR0722,P1114,Anshuman Ruia,S0291,GreenLine,Founder,founder,True,,Second generation of Ruia family that founded Essar; financial expertise and project execution,,,,0,SRC03487,HIGH,verbatim FOUNDERS passthrough + parsed prev_companies count; same person_id across companies preserved
FDR0723,P1115,Ashok Hariharan,S0292,IDfy,CEO & Co-founder,founder,True,,Penn State engineering and ISB graduate; previously developed high-speed network processors and led corporate strategy,,,,0,SRC03493,HIGH,verbatim FOUNDERS passthrough + parsed prev_companies count; same person_id across companies preserved
FDR0724,P1116,Vineet Jawa,S0292,IDfy,Co-founder,co-founder,True,,ISB graduate; later co-founded credit risk platform CredRight,,,,0,SRC03493,HIGH,verbatim FOUNDERS passthrough + parsed prev_companies count; same person_id across companies preserved
FDR0725,P1117,Hatim Baheranwala,S0292,IDfy,Co-founder,co-founder,True,,Co-founded IDfy in 2011,,,,0,SRC03497,HIGH,verbatim FOUNDERS passthrough + parsed prev_companies count; same person_id across companies preserved
FDR0726,P1118,Amit Kumar,S0293,QWEEN,Co-founder & CEO,founder,True,,Launched Qween as bootstrapped venture; CEO; based in Bengaluru,,,,0,SRC03503,HIGH,verbatim FOUNDERS passthrough + parsed prev_companies count; same person_id across companies preserved
FDR0727,P1119,Suyash Motarwar,S0293,QWEEN,Co-founder & CTPO,co-founder,True,,Co-founded Qween; CTPO; technology strategy; previously at Suci,,,,0,SRC03504,HIGH,verbatim FOUNDERS passthrough + parsed prev_companies count; same person_id across companies preserved
FDR0728,P1120,Aditi Murarka Agrawal,S0296,Nestasia,co-founder,,,,,,,,0,SRC03514,MEDIUM,verbatim FOUNDERS passthrough + parsed prev_companies count; same person_id across companies preserved
FDR0729,P1121,Anurag Agrawal,S0296,Nestasia,co-founder,,,,,,,,0,SRC03514,MEDIUM,verbatim FOUNDERS passthrough + parsed prev_companies count; same person_id across companies preserved
FDR0730,P1123,Prukalpa Sankar,S0301,Atlan,co-founder & CEO,,,,,,,,0,SRC03543,MEDIUM,verbatim FOUNDERS passthrough + parsed prev_companies count; same person_id across companies preserved
FDR0731,P1124,Kartik Kini,S0304,Centricity,Chief Strategy and Execution Officer,executive,True,,,,,,0,SRC03553,MEDIUM,verbatim FOUNDERS passthrough + parsed prev_companies count; same person_id across companies preserved
FDR0732,P1125,Raghav Parvataraju,S0305,Graph AI,CEO,,,,,,,,0,SRC03557,HIGH,verbatim FOUNDERS passthrough + parsed prev_companies count; same person_id across companies preserved
FDR0733,P1126,Raghavendra Parvataraju,S0305,Graph AI,CEO,,True,,IIT graduate (unverified — some coverage references IIT background but no specific institute confirmed in sources),,,,0,SRC03557,HIGH,verbatim FOUNDERS passthrough + parsed prev_companies count; same person_id across companies preserved
FDR0734,P1127,Vijay Ponukumati,S0305,Graph AI,CTO,,True,,UNKNOWN,,,,0,SRC03557,HIGH,verbatim FOUNDERS passthrough + parsed prev_companies count; same person_id across companies preserved
FDR0735,P1128,Mohan Konyala,S0305,Graph AI,CPO,,True,,UNKNOWN,,,,0,SRC03557,HIGH,verbatim FOUNDERS passthrough + parsed prev_companies count; same person_id across companies preserved
FDR0736,P1129,Ashutosh Bordekar,S0305,Graph AI,CFO,,True,,UNKNOWN,,,,0,SRC03557,HIGH,verbatim FOUNDERS passthrough + parsed prev_companies count; same person_id across companies preserved
FDR0737,P1131,Saurabh Agarwal,S0306,GROWiT India,Founder & CEO,,,,,,,,0,SRC03564,HIGH,verbatim FOUNDERS passthrough + parsed prev_companies count; same person_id across companies preserved
FDR0738,P1132,Akshay Agarwal,S0306,GROWiT India,Co-founder,,,,,,,,0,SRC03565,HIGH,verbatim FOUNDERS passthrough + parsed prev_companies count; same person_id across companies preserved
FDR0739,P1133,Shashwath T.R.,S0307,Mindgrove Technologies,Co-founder and CEO,,True,,SRM Engineering College,,,,0,SRC03569,HIGH,verbatim FOUNDERS passthrough + parsed prev_companies count; same person_id across companies preserved
FDR0740,P1134,Sharan Srinivas J.,S0307,Mindgrove Technologies,Co-founder and CTO,,True,,"Meenakshi Sundararajan Engineering College, Anna University (2012); ETH Zurich (Masters in Computational Science)",,,,0,SRC03569,HIGH,verbatim FOUNDERS passthrough + parsed prev_companies count; same person_id across companies preserved
FDR0741,P1135,Navneet Singh,S0309,Kepler Aerospace,Founder & CEO,,,,,,,,0,SRC03583,MEDIUM,verbatim FOUNDERS passthrough + parsed prev_companies count; same person_id across companies preserved
FDR0742,P1136,Kiran V. Sharma,S0309,Kepler Aerospace,Chief Strategy Officer,,,,,,,,0,SRC02584,MEDIUM,verbatim FOUNDERS passthrough + parsed prev_companies count; same person_id across companies preserved
FDR0743,P1137,Vikram Chopra,S0310,CARS24,CEO,founder,True,,,,,,0,SRC03592,HIGH,verbatim FOUNDERS passthrough + parsed prev_companies count; same person_id across companies preserved
FDR0744,P1138,Mehul Agarwal,S0310,CARS24,Co-founder,co-founder,False,,,,,,0,SRC03610,HIGH,verbatim FOUNDERS passthrough + parsed prev_companies count; same person_id across companies preserved
FDR0745,P1144,Kushagra Srivastava,S0312,Chakr Innovation,Founder & CEO,,,,,,,,0,SRC03629,MEDIUM,verbatim FOUNDERS passthrough + parsed prev_companies count; same person_id across companies preserved
FDR0746,P1145,Sanjay Srikanth Nekkanti,S0313,Dhruva Space,Co-founder & CEO,,,,,,,,0,SRC03630,HIGH,verbatim FOUNDERS passthrough + parsed prev_companies count; same person_id across companies preserved
FDR0747,P1146,Krishna Teja Penamakuru,S0313,Dhruva Space,Co-founder,,,,,,,,0,SRC03631,MEDIUM,verbatim FOUNDERS passthrough + parsed prev_companies count; same person_id across companies preserved
FDR0748,P1147,Ajay Upadhyaya,S0314,Nawgati,Co-founder,co-founder,,,,,,,0,SRC03634,MEDIUM,verbatim FOUNDERS passthrough + parsed prev_companies count; same person_id across companies preserved
FDR0749,P1148,Kunal Popat,S0316,R for Rabbit,Co-founder,co-founder,,,,,,,0,SRC03645,HIGH,verbatim FOUNDERS passthrough + parsed prev_companies count; same person_id across companies preserved
FDR0750,P1149,Kunal Chimanlal Popat,S0316,R for Rabbit,Founder & CEO,founder,True,,"Nirma Institute of Technology (Chemical Engineering), ICFAI (Brand Management), NMIMS (MBA Marketing)",,,,0,SRC03650,HIGH,verbatim FOUNDERS passthrough + parsed prev_companies count; same person_id across companies preserved
FDR0751,P1150,Kinjal Kunal Popat,S0316,R for Rabbit,Co-founder & COO,co-founder,True,,NIFD (Fashion),,,,0,SRC03651,HIGH,verbatim FOUNDERS passthrough + parsed prev_companies count; same person_id across companies preserved
FDR0752,P1151,Rajnikant Kishorkumar Shah,S0316,R for Rabbit,Director,director,True,,Director of R for Rabbit Baby Products Pvt Ltd per MCA records; tenure 4 years.,,,,0,SRC03647,MEDIUM,verbatim FOUNDERS passthrough + parsed prev_companies count; same person_id across companies preserved
FDR0753,P1152,Sumit Sinha,S0316,R for Rabbit,Nominee Director,director,True,,Co-founder and Managing Partner of Filter Capital; nominee director on R for Rabbit board post-Series B.,,,,0,SRC03647,HIGH,verbatim FOUNDERS passthrough + parsed prev_companies count; same person_id across companies preserved
FDR0754,P1153,Radhika Patil,S0320,Cradlewise,Co-founder,co-founder,,,,,,,0,SRC03673,MEDIUM,verbatim FOUNDERS passthrough + parsed prev_companies count; same person_id across companies preserved
FDR0755,P1154,Bharath Patil,S0320,Cradlewise,Co-founder and CTO,,True,,"MS Electronics, IISc",,,,0,SRC03685,HIGH,verbatim FOUNDERS passthrough + parsed prev_companies count; same person_id across companies preserved
FDR0756,P1156,Ankit Agrawal,S0322,InsuranceDekho,Founder & CEO,,True,,Former Head of Insurance Division at CarDekho (joined 2015); founded InsuranceDekho as insurance arm of CarDekho before spin-off; BW 40 Under 40 awardee,,,,0,SRC03709,HIGH,verbatim FOUNDERS passthrough + parsed prev_companies count; same person_id across companies preserved
FDR0757,P1157,Ish Babbar,S0322,InsuranceDekho,Co-Founder & CTO,,True,,Co-founded InsuranceDekho with Ankit Agrawal in 2016; serves as Chief Technology Officer,,,,0,SRC03703,HIGH,verbatim FOUNDERS passthrough + parsed prev_companies count; same person_id across companies preserved
FDR0758,P0085,Gaurav Kumar,S0325,Yubi,Founder and CEO,founder,True,,Fintech,,,,0,SRC03729,HIGH,verbatim FOUNDERS passthrough + parsed prev_companies count; same person_id across companies preserved
FDR0759,P1164,Prashant Jalan,S0326,Guickly,Founder,founder,True,,Former applied AI lead at Google,,,,0,SRC03733,HIGH,verbatim FOUNDERS passthrough + parsed prev_companies count; same person_id across companies preserved
FDR0760,P0564,Unknown,S0328,Navata Supply Chain Solutions,Founder(s),founder,True,,Logistics/tech,,,,0,SRC03739,MEDIUM,verbatim FOUNDERS passthrough + parsed prev_companies count; same person_id across companies preserved
FDR0761,P0564,Unknown,S0330,mPokket,Founder(s),founder,True,,Fintech,,,,0,SRC03744,MEDIUM,verbatim FOUNDERS passthrough + parsed prev_companies count; same person_id across companies preserved
FDR0762,P0564,Unknown,S0331,StockEdge/Kredent,Founder(s),founder,True,,Fintech,,,,0,SRC03746,MEDIUM,verbatim FOUNDERS passthrough + parsed prev_companies count; same person_id across companies preserved
FDR0763,P0564,Unknown,S0332,EyeROV,Founder(s),founder,True,,Marine robotics,,,,0,SRC03750,MEDIUM,verbatim FOUNDERS passthrough + parsed prev_companies count; same person_id across companies preserved
FDR0764,P1165,Athil Krishna,S0333,iHub Robotics,Founder/CEO,founder,True,,Humanoid robotics,,,,0,SRC03754,HIGH,verbatim FOUNDERS passthrough + parsed prev_companies count; same person_id across companies preserved
FDR0765,P1166,Krishna Veer Singh,S0343,Lissun,Founder,founder,,,,,,,0,,,verbatim FOUNDERS passthrough + parsed prev_companies count; same person_id across companies preserved
FDR0766,P1167,Tarun Gupta,S0343,Lissun,Co-Founder,co-founder,,,,,,,0,,,verbatim FOUNDERS passthrough + parsed prev_companies count; same person_id across companies preserved
FDR0767,P1168,Prateek Agarwal,S0345,Alle,Founder,founder,,,,,,,0,,,verbatim FOUNDERS passthrough + parsed prev_companies count; same person_id across companies preserved
FDR0768,P1169,Harshit Madan,S0345,Alle,Co-founder,co-founder,,,,,,,0,,,verbatim FOUNDERS passthrough + parsed prev_companies count; same person_id across companies preserved
FDR0769,P1170,Pavan Patil,S0345,Alle,Co-founder,co-founder,,,,,,,0,,,verbatim FOUNDERS passthrough + parsed prev_companies count; same person_id across companies preserved
FDR0770,P1171,Priy Ranjan,S0354,Shopflo,CEO,founder,,,,,,,0,SRC03849,HIGH,verbatim FOUNDERS passthrough + parsed prev_companies count; same person_id across companies preserved
FDR0771,P1172,Ankit Bansal,S0354,Shopflo,CTO,co-founder,,,,,,,0,SRC03845,HIGH,verbatim FOUNDERS passthrough + parsed prev_companies count; same person_id across companies preserved
FDR0772,P1173,Ishan Rakshit,S0354,Shopflo,co-founder,co-founder,,,,,,,0,SRC03850,HIGH,verbatim FOUNDERS passthrough + parsed prev_companies count; same person_id across companies preserved
FDR0773,P1174,Prafful Goyal,S0354,Shopflo,co-founder,co-founder,,,,,,,0,SRC03845,MEDIUM,verbatim FOUNDERS passthrough + parsed prev_companies count; same person_id across companies preserved
FDR0774,P1175,Sudarshan Kamath,S0355,smallest.ai,CEO / Co-founder,founder,,,"Former Elevation Capital investor, AI engineer",,,,0,SRC03856,HIGH,verbatim FOUNDERS passthrough + parsed prev_companies count; same person_id across companies preserved
FDR0775,P1176,Akshat Mandloi,S0355,smallest.ai,Co-founder,co-founder,,,Engineer,,,,0,SRC03857,HIGH,verbatim FOUNDERS passthrough + parsed prev_companies count; same person_id across companies preserved
FDR0776,P1177,Vrinda Kapoor,S0356,Dv2js Innovation,CEO / Founder,founder,,,"Tech entrepreneur, incubated at IIT Delhi, Berkeley SkyDeck accelerator",,,,0,SRC03859,HIGH,verbatim FOUNDERS passthrough + parsed prev_companies count; same person_id across companies preserved
FDR0777,P1178,Vinayak Dalmia,S0356,Dv2js Innovation,Co-founder,co-founder,,,,,,,0,SRC03861,HIGH,verbatim FOUNDERS passthrough + parsed prev_companies count; same person_id across companies preserved
FDR0778,P1179,Chirag Gupta,S0357,4700BC,Founder & CEO,founder,,,Former Deloitte consultant,,,,0,SRC03868,HIGH,verbatim FOUNDERS passthrough + parsed prev_companies count; same person_id across companies preserved
FDR0779,P1180,Ankur Gupta,S0357,4700BC,Co-founder,co-founder,,,,,,,0,SRC03869,HIGH,verbatim FOUNDERS passthrough + parsed prev_companies count; same person_id across companies preserved
FDR0780,P1181,Vikas Taneja,S0359,GamesKraft,Founder & Director,founder,,,,,,,0,SRC03875,HIGH,verbatim FOUNDERS passthrough + parsed prev_companies count; same person_id across companies preserved
FDR0781,P1182,Prithvi Raj Singh,S0359,GamesKraft,Founder & Director,founder,,,,,,,0,SRC03875,HIGH,verbatim FOUNDERS passthrough + parsed prev_companies count; same person_id across companies preserved
FDR0782,P1183,Deepak Singh,S0359,GamesKraft,Founder,founder,,,,,,,0,SRC03880,HIGH,verbatim FOUNDERS passthrough + parsed prev_companies count; same person_id across companies preserved
FDR0783,P1184,Deepak Gullapalli,S0361,Head Digital Works,Founder & Chairman,founder,,,Founded Head Digital Works (then Head Infotech) in 2006,,,,0,SRC03887,HIGH,verbatim FOUNDERS passthrough + parsed prev_companies count; same person_id across companies preserved
FDR0784,P1185,Siddharth Sharma,S0361,Head Digital Works,CEO,executive,,,,,,,0,SRC03889,HIGH,verbatim FOUNDERS passthrough + parsed prev_companies count; same person_id across companies preserved
FDR0785,P0241,Vidit Aatrey,S0363,KiranaClub,Founder & CEO (Meesho),founder,,,,,,,0,SRC03904,MEDIUM,verbatim FOUNDERS passthrough + parsed prev_companies count; same person_id across companies preserved
FDR0786,P0564,unknown,S0363,KiranaClub,KiranaClub founder,founder,,,,,,,0,SRC03899,LOW,verbatim FOUNDERS passthrough + parsed prev_companies count; same person_id across companies preserved
FDR0787,P1186,Navkiran Singh,S0365,PokerBaazi,Founder & CEO,founder,,,,,,,0,,,verbatim FOUNDERS passthrough + parsed prev_companies count; same person_id across companies preserved
FDR0788,P1187,Varun Ganjoo,S0365,PokerBaazi,Co-Founder,co-founder,,,,,,,0,,,verbatim FOUNDERS passthrough + parsed prev_companies count; same person_id across companies preserved
FDR0789,P1188,Puneet Singh,S0365,PokerBaazi,Co-Founder,co-founder,,,,,,,0,,,verbatim FOUNDERS passthrough + parsed prev_companies count; same person_id across companies preserved
FDR0790,P1189,Harsh Prateek,S0366,Pync,Founder,founder,,,,,,,0,,,verbatim FOUNDERS passthrough + parsed prev_companies count; same person_id across companies preserved
FDR0791,P1190,Mayank Sahu,S0366,Pync,Co-founder,co-founder,,,,,,,0,,,verbatim FOUNDERS passthrough + parsed prev_companies count; same person_id across companies preserved
FDR0792,P1191,"{'v': 'Dilsher Singh Malhi', 'conf': 0.9, 'src': 'ET Now'}",S0367,Zupee,"{'v': 'Co-founder', 'conf': 0.9}","{'v': 'founder', 'conf': 0.9}","{'v': True, 'conf': 0.7, 'src': 'inferred'}",,"{'v': 'IIT Kanpur alumnus', 'conf': 0.9, 'src': 'ET Now'}",,,,0,SRC03930,HIGH,verbatim FOUNDERS passthrough + parsed prev_companies count; same person_id across companies preserved
FDR0793,P1191,Dilsher Singh Malhi,S0367,Zupee,Co-founder and CEO,,True,,IIT Kanpur (Chemical Engineering); EPFL Switzerland,,,,0,SRC03930,HIGH,verbatim FOUNDERS passthrough + parsed prev_companies count; same person_id across companies preserved
FDR0794,P1192,Siddhant Saurabh,S0367,Zupee,Co-founder,,True,,unknown,,,,0,SRC03935,HIGH,verbatim FOUNDERS passthrough + parsed prev_companies count; same person_id across companies preserved
FDR0795,P1196,Akshar Vastarpara,S0368,Vicharak,Founder & CEO,,,,,,,,0,SRC03947,HIGH,verbatim FOUNDERS passthrough + parsed prev_companies count; same person_id across companies preserved
