round_id,startup_id,city,round_date,announcement_date,year,fiscal_year,round_type,amount,currency,amount_inr_mn,valuation,valuation_currency,valuation_type,lead_investor_id,investor_ids,investor_count,new_or_existing,purpose,source_id,confidence,notes
R00001,S0001,Bengaluru,,2025-04-07,2025,FY25-26,Series D,60.0,USD,5142.0,900.0,USD,post-money reported,INV0001,INV0001;INV0002;INV0003,4,mixed (DERIVED),,SRC00001,HIGH,
R00002,S0001,Bengaluru,,2026-01-23,2026,FY26-27,Series D follow-on,50.0,USD,4350.0,1200.0,USD,post-money reported,INV0004,INV0004,2,all-new-investors (DERIVED),,SRC00002,HIGH,
R00003,S0001,Bengaluru,2021-12-15,2021-12-15,2021,FY21-22,Series C,60.0,USD,4470.0,460.0,USD,post-money reported,INV0005,INV0005;INV0003;INV0006,4,initial (DERIVED),"technology and product development, scale payments globally",SRC00013,HIGH,
R00004,S0002,Bengaluru,2026-04-08,2026-04-08,2026,FY26-27,Series E,280.0,USD,24360.0,,,post-money,INV0008;INV0009;INV0010,INV0008;INV0009;INV0010;INV0011;INV0012;INV0013;INV0014,10,mixed (DERIVED),"Strengthen lending book/balance sheet, debt-to-equity leverage, lower cost of funds",SRC00031,HIGH,$220M primary + $60M secondary; ~3x oversubscribed; last private round before IPO
R00005,S0002,Bengaluru,2023-01-01,2023-01-01,2023,FY23-24,Series D extension,200.0,USD,16560.0,,,post-money,INV0015,INV0015,2,all-new-investors (DERIVED),,SRC00032,MEDIUM,Prior round per ET; Tracxn total ~$256M pre-Series-E
R00006,S0002,Bengaluru,2024-03-27,2024-03-27,2024,FY24-25,Series D extension,9.4,USD,786.78,,,post-money,INV0016,INV0016;INV0017;INV0013;INV0018;INV0015;INV0019,7,mixed (DERIVED),Pre-IPO round,SRC00041,MEDIUM,Last disclosed round before Series E; Tracxn total ~$256M pre-Series-E
R00007,S0002,Bengaluru,2023-01-06,2023-01-06,2023,FY23-24,Series D,200.0,USD,16560.0,,,post-money,INV0015,INV0015;INV0020;INV0018;INV0014;INV0016;INV0013;INV0019,8,mixed (DERIVED),Growth capital,SRC00032,MEDIUM,Led by MUFG; valued at $680M
R00008,S0002,Bengaluru,2021-03-22,2021-03-22,2021,FY21-22,Series C (tranche 2),70.0,USD,5215.0,,,,INV0021;INV0022,INV0021;INV0022,4,all-new-investors (DERIVED),"Exit for Chinese investors (Xiaomi, Shunwei, Kunlun); expand lending portfolio",SRC00042,HIGH,Total Series C = $145M ($75M tranche 1 + $70M tranche 2); Chinese investors exit
R00009,S0002,Bengaluru,2021-02-15,2021-02-15,2021,FY21-22,Series C (tranche 1),75.0,USD,5587.5,,,,INV0013;INV0023;INV0024;INV0025,INV0013;INV0023;INV0024;INV0025,8,initial (DERIVED),"Diversify product offering; venture into secured loans, home loans, credit line",SRC00043,HIGH,Both primary and secondary; Chinese stake reduced from 40% to 10%
R00010,S0003,Bengaluru,2023-01-01,2023-01-01,2023,FY23-24,growth/secondary mix,100.0,USD,8280.0,,,pre-money,INV0027,INV0028;INV0027;INV0029;INV0030;INV0031,6,all-new-investors (DERIVED),,SRC00080,HIGH,Last private primary; pre-money $12B; ~$1B raised cumulatively per Mint
R00011,S0003,Bengaluru,2025-09-01,2026-01-22,2026,FY26-27,secondary,430.0,USD,37410.0,,,,INV0027,INV0027,2,all-follow-on (DERIVED),,SRC00073,HIGH,"Founders sold Rs 3,937cr to GA Sep 2025; GA total ~$1.15B, 8.9% stake"
R00012,S0003,Bengaluru,2023-01-01,2023-01-01,2023,FY23-24,Growth equity,,USD,,12000.0,USD,pre-money,,,0,initial (DERIVED),Growth capital post-redomiciling; $850M total in round per Fintech Futures,SRC00074,MEDIUM,added session-2 gapfill
R00013,S0003,Bengaluru,2023-01-01,2023-01-15,2023,FY23-24,growth/secondary,350.0,USD,28980.0,,,pre-money,INV0027,INV0027;INV0028;INV0029;INV0030;INV0031,6,all-follow-on (DERIVED),Growth capital post-redomiciling,SRC00074,MEDIUM,$850M total in round per Fintech Futures; last private primary
R00014,S0004,Bengaluru,2021-12-20,2021-12-20,2021,FY21-22,Series F,375.0,USD,27937.5,,,post-money,INV0033;INV0034;INV0035,INV0033;INV0034;INV0035;INV0036;INV0037;INV0029;INV0038,10,mixed (DERIVED),,SRC00099,HIGH,
R00015,S0004,Bengaluru,2021-04-18,2021-04-18,2021,FY21-22,Series E,160.0,USD,11920.0,,,post-money,INV0036;INV0037,INV0036;INV0037;INV0039;INV0029,6,all-follow-on (DERIVED),,SRC00093,HIGH,
R00016,S0004,Bengaluru,2020-10-12,2020-10-12,2020,FY20-21,Series D,100.0,USD,7400.0,,,post-money,INV0036;INV0037,INV0036;INV0037;INV0039;INV0029;INV0038,7,mixed (DERIVED),,SRC00093,HIGH,
R00017,S0004,Bengaluru,2019-06-18,2019-06-18,2019,FY19-20,Series C,75.0,USD,6450.0,,,post-money,INV0039;INV0037,INV0039;INV0037;INV0029;INV0038,6,initial (DERIVED),,SRC00093,MEDIUM,
R00018,S0005,Mumbai,2025-10-16,2025-10-16,2025,FY25-26,pre-IPO,450.0,USD,38565.0,,,post-money,INV0041;INV0042,INV0043;INV0042;INV0044;INV0045;INV0046;INV0047;INV0048,9,mixed (DERIVED),,SRC00104,HIGH,Pre-IPO; majority primary (~$300M per RoC); ESOP pool expanded ~$170M; ~$900M cash post-round
R00019,S0005,Mumbai,2026-08-01,2026-08-01,2026,FY26-27,pre-IPO placement,105.0,USD,9135.0,,,post-money,,INV0049,1,all-new-investors (DERIVED),,SRC00108,LOW,"ESTIMATE: Rs 1,000cr+ per press; $105M converted; pre-IPO placement ahead of listing"
R00020,S0005,Mumbai,2021-07-01,2021-07-01,2021,FY21-22,seed,,USD,,,,pre-money,,INV0038,1,initial (DERIVED),,SRC00110,MEDIUM,Y Combinator W21 batch; exact seed amount not publicly disclosed
R00021,S0005,Mumbai,2022-01-01,2022-01-01,2022,FY22-23,Series A,60.0,USD,4710.0,,,pre-money,INV0048,INV0048;INV0038,3,mixed (DERIVED),,SRC00110,MEDIUM,Amount per CNBC TV18 summary of funding streak
R00022,S0005,Mumbai,2022-11-01,2022-11-01,2022,FY22-23,Series B,100.0,USD,7850.0,,,pre-money,INV0050,INV0050;INV0048;INV0046,4,mixed (DERIVED),,SRC00110,MEDIUM,Amount per CNBC TV18 summary; exact figure not independently verified
R00023,S0005,Mumbai,2023-08-01,2023-08-01,2023,FY23-24,Series C,200.0,USD,16560.0,,,pre-money,INV0047,INV0047;INV0048;INV0046;INV0044,5,mixed (DERIVED),,SRC00104,MEDIUM,StepStone first backed Zepto in 2023 per ET; exact amount not confirmed
R00024,S0005,Mumbai,2024-06-01,2024-06-01,2024,FY24-25,Series D,665.0,USD,55660.5,,,post-money,INV0042,INV0042;INV0048;INV0046;INV0044;INV0045;INV0047,7,mixed (DERIVED),,SRC00110,HIGH,$665M at $3.6B valuation per CNBC TV18
R00025,S0005,Mumbai,2024-08-01,2024-08-01,2024,FY24-25,Series E,340.0,USD,28458.0,,,post-money,INV0051,INV0051,2,all-new-investors (DERIVED),,SRC00110,MEDIUM,$340M at $5B valuation per CNBC TV18; lead investor not specified
R00026,S0005,Mumbai,2024-11-01,2024-11-01,2024,FY24-25,Series F,350.0,USD,29295.0,,,pre-money,INV0052,INV0052,2,all-new-investors (DERIVED),,SRC00110,MEDIUM,$350M all-domestic round per CNBC TV18
R00027,S0006,Mumbai,2024-04-10,2024-04-10,2024,FY24-25,Seed,20.0,USD,1674.0,,,,INV0053;INV0048;INV0054,INV0055;INV0048;INV0054,6,all-new-investors (DERIVED),,SRC00117,HIGH,
R00028,S0006,Mumbai,2024-10-22,2024-10-22,2024,FY24-25,Series A,30.0,USD,2511.0,,,post-money (per Entrackr estimates),INV0054;INV0056;INV0048,INV0054;INV0056;INV0048,6,mixed (DERIVED),,SRC00118,HIGH,
R00029,S0006,Mumbai,2026-02-16,2026-02-16,2026,FY26-27,Growth equity,600.0,USD,52200.0,1400.0,USD,enterprise value (press-reported),INV0057,INV0057;INV0058;INV0059;INV0060;INV0048,6,mixed (DERIVED),"Deploy 20,000+ GPUs, R&D, orchestration/observability/security platforms",SRC00115,HIGH,"Definitive equity agreements up to $600M; company intends additional $600M debt subject to documentation (total $1.2B capital raise). Majority stake to Blackstone. Valuation $1.4B enterprise value per ET, not confirmed by company."
R00030,S0006,Mumbai,,,,,Growth/PE round (unicorn),,USD,,,,"press-quoted (ET report, company did not comment)",,,0,"new (Blackstone first seen); existing Nexus, 360 ONE in equity mix","Scale AI infrastructure footprint; deploy 20,000+ GPUs across India",SRC00116,HIGH,added session-2 gapfill
R00031,S0006,Mumbai,,2026-02-16,2026,FY26-27,Growth equity (planned debt),600.0,USD,52200.0,,,,,,0,unknown,Additional debt financing subject to documentation,SRC00114,MEDIUM,Planned $600M debt; status unresolved as of 2026-09-15
R00032,S0007,Bengaluru,,2022-11-01,2022,FY22-23,Series F-II,100.0,USD,7850.0,1400.0,USD,post-money,INV0027,INV0027,2,initial (DERIVED),,SRC00136,HIGH,
R00033,S0007,Bengaluru,,2026-01-21,2026,FY26-27,IPO,195.05,USD,16969.35,821.0,USD,market-cap,,,0,unknown,"technology/cloud infra Rs 550 cr, acquisitions, general corporate",SRC00137,HIGH,
R00034,S0008,Bengaluru,,2021-10-01,2021,FY21-22,Series E (reported Oct 2021),251.0,USD,18699.5,4010.0,USD,post-money,INV0029;INV0064,INV0029;INV0064,4,initial (DERIVED),,SRC00145,MEDIUM,
R00035,S0008,Bengaluru,,2022-06-09,2022,FY22-23,Series F,140.0,USD,10990.0,6400.0,USD,post-money,INV0036,INV0036;INV0029;INV0065;INV0066;INV0067,6,mixed (DERIVED),,SRC00146,HIGH,Mix of primary + secondary; first tranche Rs 617 cr (~$80M) per MCA filings
R00036,S0009,Hyderabad,,2022-01-25,2022,FY22-23,Series D,72.0,USD,5652.0,1000.0,USD,post-money,INV0068,INV0068,2,initial (DERIVED),,SRC00162,HIGH,
R00037,S0009,Hyderabad,,2025-03-05,2025,FY25-26,growth,140.0,USD,11998.0,950.0,USD,blended,INV0069;INV0070,INV0069;INV0070;INV0071,5,all-new-investors (DERIVED),,SRC00154,HIGH,Mix of primary + secondary (largely secondary); Partners Group ~$75M stake
R00038,S0009,Hyderabad,,2025-08-14,2025,FY25-26,growth,40.0,USD,3428.0,1000.0,USD,blended,INV0072,INV0072,2,all-new-investors (DERIVED),,SRC00156,HIGH,Primary + secondary; Peak XV partial selldown at ~10x
R00039,S0010,Bengaluru,,2024-01-01,2024,FY24-25,Seed,7.0,USD,585.9,,,,,INV0038;INV0073,2,initial (DERIVED),,SRC00168,MEDIUM,
R00040,S0010,Bengaluru,,2025-09-01,2025,FY25-26,Series A,23.0,USD,1971.1,,,,INV0046,INV0046;INV0073;INV0038;INV0074,5,mixed (DERIVED),,SRC00170,HIGH,
R00041,S0010,Bengaluru,,2026-01-01,2026,FY26-27,Series B,70.0,USD,6090.0,300.0,USD,post-money,INV0075;INV0005,INV0075;INV0005,4,all-new-investors (DERIVED),,SRC00167,HIGH,
R00042,S0010,Bengaluru,,2026-07-15,2026,FY26-27,Series C,130.0,USD,11310.0,1500.0,USD,post-money,INV0076,INV0076;INV0077;INV0078;INV0075;INV0005;INV0046;INV0038,8,mixed (DERIVED),,SRC00167,HIGH,"Co-leads: MNI Ventures-Claypond, Sentinel Global; total funding $230M"
R00043,S0011,Bengaluru,,2019-01-23,2019,FY19-20,Series A,6.2,USD,533.2,,,,INV0080,INV0081;INV0038;INV0082;INV0083,5,initial (DERIVED),,SRC00180,HIGH,
R00044,S0011,Bengaluru,,2021-04-07,2021,FY21-22,Series D,83.0,USD,6183.5,1000.0,USD,,INV0029,INV0084;INV0039;INV0085;INV0029;INV0082,6,mixed (DERIVED),,SRC00179,HIGH,
R00045,S0011,Bengaluru,,2021-10-24,2021,FY21-22,Series E,251.0,USD,18699.5,3000.0,USD,,INV0086,INV0086;INV0084;INV0039;INV0085;INV0029;INV0082;INV0087;INV0033;INV0088,10,mixed (DERIVED),,SRC00178,HIGH,
R00046,S0011,Bengaluru,2025-06-13,2025-06-13,2025,FY25-26,Series F,202.3,USD,17337.11,7000.0,USD,pre-money,INV0036,INV0036;INV0089,3,new,Pre-IPO funding round,SRC00176,HIGH,
R00047,S0011,Bengaluru,2025-11-12,2025-11-04,2025,FY25-26,IPO,6632.3,INR,6632.3,7000.0,USD,market_cap,,,0,new,Public listing,SRC00175,HIGH,valuation range per source: $7-9 billion (low end stored)
R00048,S0012,"Mumbai (India ops; HQ San Francisco, USA)",,2021-04-08,2021,FY21-22,Series F,100.0,USD,7450.0,1400.0,USD,,INV0029,INV0029,2,initial (DERIVED),,SRC00230,HIGH,
R00049,S0012,"Mumbai (India ops; HQ San Francisco, USA)",,2021-07-28,2021,FY21-22,Series F extension,240.0,USD,17880.0,1400.0,USD,,INV0093,INV0093;INV0029;INV0094;INV0095;INV0096;INV0097;INV0098;INV0099,9,mixed (DERIVED),,SRC00220,HIGH,
R00050,S0012,"Mumbai (India ops; HQ San Francisco, USA)",,2025-07-22,2025,FY25-26,"Series F extension (equity+debt, unpriced)",60.0,USD,5142.0,,,,INV0100,INV0100;INV0101,3,all-new-investors (DERIVED),,SRC00217,HIGH,
R00051,S0012,"Mumbai (India ops; HQ San Francisco, USA)",2025-07-22,2025-07-22,2025,FY25-26,Series F extension,,USD,,,,unpriced,,,0,new,"Expand AI messaging platform, explore India IPO domicile shift",SRC00217,HIGH,added session-2 gapfill
R00052,S0012,"Mumbai (India ops; HQ San Francisco, USA)",2021-07-28,2021-07-28,2021,FY21-22,Series F follow-on,,USD,,1400.0,USD,post-money,,,0,existing,"Secondary + primary, employee exits",SRC00224,HIGH,added session-2 gapfill
R00053,S0013,Bengaluru,,2023-10-01,2023,FY23-24,Debt,24.0,USD,1987.2,,,,INV0053,INV0104,2,initial (DERIVED),,SRC00242,MEDIUM,
R00054,S0013,Bengaluru,,2024-01-26,2024,FY24-25,Series B (first equity round),50.0,USD,4185.0,1000.0,USD,,INV0053,INV0104;INV0105,3,mixed (DERIVED),,SRC00239,HIGH,
R00055,S0013,Bengaluru,,2025-02-04,2025,FY25-26,Founder commitment,230.0,USD,19711.0,,,,INV0106,INV0106,2,all-new-investors (DERIVED),"Krutrim AI Labs, Rs 2000 crore investment plan",SRC00240,HIGH,
R00056,S0013,Bengaluru,,2025-03-06,2025,FY25-26,Debt (share pledge),,INR,,,,,INV0107,INV0108;INV0109;INV0110,4,all-new-investors (DERIVED),Krutrim Data Centre funding,SRC00254,HIGH,
R00057,S0014,Bengaluru (founding reported Chennai/IIT Madras; HQ Bengaluru per 2026 disclosures),,2023-12-07,2023,FY23-24,Seed (disclosed within $41M announcement),12.0,USD,993.6,,,,INV0046;INV0037,INV0046;INV0037,4,initial (DERIVED),,SRC00273,HIGH,
R00058,S0014,Bengaluru (founding reported Chennai/IIT Madras; HQ Bengaluru per 2026 disclosures),,2023-12-07,2023,FY23-24,Series A ($41M total incl. seed),29.0,USD,2401.2,,,,INV0046,INV0046;INV0037;INV0075,4,mixed (DERIVED),,SRC00264,HIGH,
R00059,S0014,Bengaluru (founding reported Chennai/IIT Madras; HQ Bengaluru per 2026 disclosures),,2026-06-15,2026,FY26-27,Series B first close (of $300M),234.0,USD,20358.0,1500.0,USD,,INV0111,INV0111;INV0112;INV0075;INV0037;INV0113,6,mixed (DERIVED),,SRC00262,HIGH,
R00060,S0014,Bengaluru (founding reported Chennai/IIT Madras; HQ Bengaluru per 2026 disclosures),,2026-08-04,2026,FY26-27,Series B second tranche,75.0,USD,6525.0,1500.0,USD,,INV0114,INV0114;INV0115;INV0116;INV0117,5,all-new-investors (DERIVED),,SRC00265,MEDIUM,
R00061,S0014,Bengaluru (founding reported Chennai/IIT Madras; HQ Bengaluru per 2026 disclosures),2026-06-01,2026-06-01,2026,FY26-27,Series B,,USD,,,,reported,,,0,unknown,sovereign AI stack scale-up,SRC00269,HIGH,added session-2 gapfill
R00062,S0015,Bengaluru,2021-11-28,2021-11-28,2021,FY21-22,Series B,220.0,USD,16390.0,1000.0,USD,post-money,INV0029;INV0119,INV0029;INV0119,4,initial (DERIVED),growth,SRC00282,HIGH,
R00063,S0015,Bengaluru,2024-10-17,2024-10-17,2024,FY24-25,Insider equity (partly paid shares),8.53,USD,713.96,,,,INV0120,INV0120,2,all-new-investors (DERIVED),,SRC00279,HIGH,
R00064,S0015,Bengaluru,2026-04-23,2026-04-23,2026,FY26-27,Later-stage (negotiations),100.0,USD,8700.0,1000.0,USD,,INV0003;INV0121;INV0037,INV0003;INV0121;INV0037,6,all-new-investors (DERIVED),,SRC00276,MEDIUM,In talks; <$1B valuation discussed vs $1.3-1.4B 2022 peak
R00065,S0015,Bengaluru,2026-09-03,2026-09-03,2026,FY26-27,Later-stage,100.0,USD,8700.0,450.0,USD,post-money,INV0122,INV0122;INV0123;INV0124,4,all-new-investors (DERIVED),,SRC00278,MEDIUM,Includes secondary sale; ~$40M via Neo Wealth HNWI pool
R00066,S0016,Mumbai,2021-08-01,2021-08-01,2021,FY21-22,Equity,185.0,USD,13782.5,1200.0,USD,priced round (secondary-reported),,INV0126,1,initial (DERIVED),,SRC00292,MEDIUM,
R00067,S0016,Mumbai,2024-10-01,2024-10-01,2024,FY24-25,Equity,60.0,USD,5022.0,2250.0,USD,priced round (secondary-reported),,INV0127,1,all-new-investors (DERIVED),,SRC00292,MEDIUM,
R00068,S0016,Mumbai,2026-02-01,2026-02-01,2026,FY26-27,Equity,,USD,,,,all-stock acquisition (Internshala 90%),,,0,unknown,Campus-to-corporate pipeline,SRC00306,HIGH,
R00069,S0016,Mumbai,2026-09-01,2026-09-01,2026,FY26-27,Equity,206.0,USD,17922.0,,,all-stock acquisition (Unacademy),,,0,unknown,Entry into test-prep/K-12; consolidation,SRC00288,HIGH,
R00070,S0017,"Mumbai (India HQ / ops); corporate HQ Dublin, Ireland",2018-01-01,2018-01-01,2018,FY18-19,Series A,50.0,USD,4300.0,500.0,USD,press-reported,INV0003,INV0003;INV0128,3,initial (DERIVED),,SRC00347,HIGH,
R00071,S0017,"Mumbai (India HQ / ops); corporate HQ Dublin, Ireland",2021-06-16,2021-06-16,2021,FY21-22,Series B,200.0,USD,14900.0,4000.0,USD,priced round,INV0129,INV0129;INV0119;INV0003,4,mixed (DERIVED),,SRC00332,HIGH,
R00072,S0018,Mumbai,,,2025,FY25-26,Series B,120.0,USD,10284.0,1200.0,USD,post-money (per sources),INV0009;INV0015,INV0009;INV0015;INV0130;INV0131;INV0132;INV0133;INV0134,9,mixed (DERIVED),"Growth, AI investing products, financial-services distribution expansion",SRC00352,HIGH,announcement_date stated loosely: October 2025
R00073,S0018,Mumbai,,,2022,FY22-23,Series A,22.0,USD,1727.0,125.0,USD,post-money (per Inc42),INV0130;INV0135,INV0130;INV0135,4,mixed (DERIVED),,SRC00354,HIGH,announcement_date stated loosely: January 2022
R00074,S0018,Mumbai,,2021-02-01,2021,FY21-22,Seed,,USD,,,,,INV0135,INV0135;INV0136;INV0137;INV0138;INV0139;INV0140,7,initial (DERIVED),Initial funding for Raise Financial Services,SRC00354,MEDIUM,
R00075,S0019,Mumbai,,,2024,FY24-25,"Growth (rights issue, down round)",216.0,USD,18079.2,710.0,USD,post-money,,,0,initial (DERIVED),Recapitalization / down round,SRC00369,HIGH,announcement_date stated loosely: April 2024
R00076,S0019,Mumbai,,,2025,FY25-26,"Debt (NCD, Thyrocare-pledge)",1700.0,INR,1700.0,,,,,,0,unknown,Refinance earlier NCDs,SRC00370,HIGH,announcement_date stated loosely: September 2025
R00077,S0020,Mumbai,2025-10-31,2025-10-31,2025,FY25-26,Series B,125.0,USD,10712.5,141.0,USD,pre-money estimate (Tracxn),INV0027,INV0027;INV0144;INV0145;INV0146;INV0147,6,new,Expand EMI-on-UPI offering; grow merchant network,SRC00407,HIGH,
R00078,S0020,Mumbai,,2024-12-12,2024,FY24-25,debt+equity (unlettered),18.0,USD,1506.6,,,,INV0144,INV0148,2,all-new-investors (DERIVED),Launch new BNPL products,SRC00409,MEDIUM,
R00079,S0020,Mumbai,,2022-10-17,2022,FY22-23,debt+equity (unlettered),21.0,USD,1648.5,,,,,,0,initial (DERIVED),UNKNOWN,SRC00410,MEDIUM,
R00080,S0020,Mumbai,2024-12-11,2024-12-11,2024,FY24-25,Pre-Series B,,USD,,,,UNKNOWN,,,0,new,Launch new BNPL products,SRC00409,HIGH,added session-2 gapfill
R00081,S0021,Mumbai,,,2021,FY21-22,Series C (extension tranche; part of ~$200M round context),25.0,USD,1862.5,3000.0,USD,post-money (reported),INV0029,,1,unknown,Growth; take on Groww/Zerodha,SRC00429,HIGH,valuation range per source: $3-3.5B (low end stored) | announcement_date stated loosely: November 2021
R00082,S0021,Mumbai,,2019-09-24,2019,FY19-20,Series B,25.0,USD,2150.0,,,,INV0029,,1,initial (DERIVED),"Discount-broking growth, tech",SRC00428,HIGH,
R00083,S0022,Bengaluru,2025-02-17,2025-02-17,2025,FY25-26,Series G,75.0,USD,6427.5,1800.0,USD,post-money,INV0153,INV0153;INV0118,3,initial (DERIVED),,SRC00443,HIGH,
R00084,S0022,Bengaluru,2025-06-02,2025-06-02,2025,FY25-26,Series G,114.0,USD,9769.8,1800.0,USD,post-money,INV0153;INV0118,INV0153;INV0118,4,all-follow-on (DERIVED),,SRC00444,HIGH,
R00085,S0022,Bengaluru,2026-07-14,2026-07-14,2026,FY26-27,Series H / structured,160.0,USD,13920.0,1800.0,USD,,INV0118;INV0154,INV0118;INV0154;INV0155;INV0156,6,mixed (DERIVED),,SRC00445,HIGH,Structured: fresh equity + new debt + bond conversion; residual notes extended
R00086,S0023,Bengaluru,2021-10-27,2021-10-28,2021,FY21-22,Series D,255.0,USD,18997.5,1100.0,USD,post-money,INV0027;INV0159,INV0027;INV0159;INV0160;INV0046;INV0006,7,existing,growth/expansion,SRC00457,HIGH,
R00087,S0023,Bengaluru,2020-09-14,2020-09-14,2020,FY20-21,Series D,60.0,USD,4440.0,,,,INV0161,INV0161,2,all-new-investors (DERIVED),,SRC00460,MEDIUM,
R00088,S0023,Bengaluru,2019-03-12,2019-03-12,2019,FY19-20,Series C,65.0,USD,5590.0,,,,INV0121,INV0121;INV0105,3,all-follow-on (DERIVED),,SRC00460,MEDIUM,
R00089,S0023,Bengaluru,2018-05-26,2018-05-26,2018,FY18-19,Series B,12.0,USD,1032.0,,,,INV0162,INV0162;INV0163;INV0105,4,mixed (DERIVED),,SRC00460,MEDIUM,
R00090,S0023,Bengaluru,2017-05-22,2017-05-22,2017,FY17-18,Seed,30.0,USD,2580.0,,,,INV0121,INV0121;INV0003;INV0105,4,initial (DERIVED),,SRC00460,MEDIUM,
R00091,S0023,Bengaluru,2023-06-06,2023-06-06,2023,FY23-24,Private Equity,,USD,,,,,INV0027,INV0027,2,all-new-investors (DERIVED),,SRC00460,LOW,
R00092,S0023,Bengaluru,2025-07-30,2025-07-30,2025,FY25-26,Undisclosed (late stage),,USD,,,,,,,0,unknown,,SRC00460,LOW,
R00093,S0023,Bengaluru,2025-07-30,2025-07-30,2025,FY25-26,Series E,,USD,,,,undisclosed,,,0,new,Pre-IPO funding,SRC00464,HIGH,added session-2 gapfill
R00094,S0024,Bengaluru (operating; Tracxn lists Chennai/Tamil Nadu — conflict),2021-01-13,2021-01-13,2021,FY21-22,Series A,15.0,USD,1117.5,,,,INV0039;INV0167,INV0084;INV0039;INV0167;INV0136,6,initial (DERIVED),,SRC00483,HIGH,
R00095,S0024,Bengaluru (operating; Tracxn lists Chennai/Tamil Nadu — conflict),2021-04-22,2021-04-22,2021,FY21-22,Series B,25.0,USD,1862.5,500.0,USD,post-money,INV0029,INV0029,2,all-new-investors (DERIVED),,SRC00473,HIGH,
R00096,S0024,Bengaluru (operating; Tracxn lists Chennai/Tamil Nadu — conflict),2021-10-06,2021-10-06,2021,FY21-22,Series C,260.0,USD,19370.0,1900.0,USD,post-money,INV0168;INV0169,INV0168;INV0169;INV0167;INV0039;INV0084;INV0029,8,mixed (DERIVED),Growth; a16z first India investment,SRC00472,HIGH,
R00097,S0025,Bengaluru,2016-07-04,2016-07-04,2016,FY16-17,Series A,15.0,USD,1290.0,,,,INV0003;INV0170;INV0171,INV0003;INV0172;INV0173;INV0105,7,initial (DERIVED),,SRC00506,MEDIUM,
R00098,S0025,Bengaluru,2021-06-07,2021-06-07,2021,FY21-22,Series E,75.0,USD,5587.5,,,post-money,INV0174,INV0174;INV0175,3,new,Growth,SRC00492,HIGH,
R00099,S0025,Bengaluru,2021-11-10,2021-12-03,2021,FY21-22,Series F,145.0,USD,10802.5,1560.0,USD,post-money,INV0176,INV0177;INV0127;INV0003;INV0178;INV0179,6,mixed (DERIVED),,SRC00491,HIGH,
R00100,S0025,Bengaluru,2026-03-17,2026-03-17,2026,FY26-27,Series G,47.6,USD,4141.2,126000.0,INR,post-money,INV0127,INV0127,2,new,Growth and IPO preparation,SRC00507,MEDIUM,
R00101,S0025,Bengaluru,2025-03-29,2025-03-29,2025,FY25-26,Series F,,USD,,,,UNKNOWN,,,0,new,Growth,SRC00497,MEDIUM,added session-2 gapfill
R00102,S0025,Bengaluru,2023-10-27,2023-10-27,2023,FY23-24,Series F,,USD,,,,UNKNOWN,,,0,new,Growth,SRC00497,MEDIUM,added session-2 gapfill
R00103,S0025,Bengaluru,2020-03-18,2020-03-18,2020,FY20-21,Series D,,USD,,,,UNKNOWN,,,0,new,Growth,SRC00497,MEDIUM,added session-2 gapfill
R00104,S0025,Bengaluru,2018-05-18,2018-05-18,2018,FY18-19,Series B,,USD,,,,UNKNOWN,,,0,new,Growth,SRC00497,MEDIUM,added session-2 gapfill
R00105,S0026,San Francisco / Pleasanton,2021-05-24,2021-05-24,2021,FY21-22,Series A,14.0,USD,1043.0,,,UNKNOWN,INV0075,,1,new,growth,SRC00516,HIGH,
R00106,S0026,San Francisco / Pleasanton,2025-06-12,2025-06-12,2025,FY25-26,Tender / Secondary,,USD,,,,tender-implied,,INV0187,1,all-new-investors (DERIVED),employee liquidity,SRC00514,HIGH,"Secondary tender, not primary capital; valuation >$1B"
R00107,S0026,San Francisco / Pleasanton,2025-06-12,2025-06-12,2025,FY25-26,Tender Offer,,USD,,1000.0,USD,tender offer (secondary),,,0,existing,Liquidity for early team members; secondary transaction,SRC00514,HIGH,added session-2 gapfill
R00108,S0026,San Francisco / Pleasanton,2019-10-29,2019-10-29,2019,FY19-20,Seed,,USD,,,,UNKNOWN,,,0,new,Early stage,SRC00518,HIGH,added session-2 gapfill
R00109,S0027,Bengaluru (India ops) / San Francisco (HQ),2017-08-02,2017-08-02,2017,FY17-18,Seed,1.6,USD,137.6,,,,INV0048,INV0197;INV0198,3,initial (DERIVED),,SRC00533,MEDIUM,
R00110,S0027,Bengaluru (India ops) / San Francisco (HQ),2020-02-26,2020-02-26,2020,FY20-21,Series A,9.9,USD,732.6,,,,,INV0199;INV0200;INV0197;INV0201;INV0202,5,mixed (DERIVED),,SRC00533,HIGH,
R00111,S0027,Bengaluru (India ops) / San Francisco (HQ),2020-09-08,2020-09-08,2020,FY20-21,Series B,25.0,USD,1850.0,,,,INV0118,INV0199;INV0200;INV0197;INV0201,5,all-follow-on (DERIVED),,SRC00532,HIGH,
R00112,S0027,Bengaluru (India ops) / San Francisco (HQ),2022-02-22,2022-02-22,2022,FY22-23,Series C,100.0,USD,7850.0,1000.0,USD,post-money,INV0203,INV0048;INV0118;INV0204,4,all-new-investors (DERIVED),R&D + global GTM for GraphQL Engine/Hasura Cloud,SRC00531,HIGH,
R00113,S0028,Pune (India ops) / Bellevue (HQ),2019-07-17,2019-07-17,2019,FY19-20,Series E,115.0,USD,9890.0,,,,INV0013;INV0205,INV0206;INV0205;INV0207;INV0143,6,initial (DERIVED),,SRC00547,HIGH,
R00114,S0028,Pune (India ops) / Bellevue (HQ),2021-03-11,2021-03-11,2021,FY21-22,Series F,80.0,USD,5960.0,2800.0,USD,post-money,INV0208,INV0143;INV0013;INV0209;INV0210;INV0205,6,mixed (DERIVED),,SRC00553,HIGH,
R00115,S0028,Pune (India ops) / Bellevue (HQ),2025-03-18,2025-03-19,2025,FY25-26,Series F/G (label conflicts),50.0,USD,4285.0,,,,,INV0211,1,all-new-investors (DERIVED),,SRC00547,HIGH,
R00116,S0029,Bengaluru,2019-05-17,2019-05-17,2019,FY19-20,Series A,3.0,USD,258.0,,,,INV0214,INV0215;INV0216,3,all-new-investors (DERIVED),,SRC00561,MEDIUM,
R00117,S0029,Bengaluru,2020-12-14,2020-12-14,2020,FY20-21,Series B,32.6,USD,2412.4,,,,INV0115,INV0217;INV0215;INV0216,4,mixed (DERIVED),,SRC00576,HIGH,
R00118,S0029,Bengaluru,2021-08-05,2021-08-05,2021,FY21-22,Series B extension,12.5,USD,931.25,,,,,INV0115;INV0218;INV0217;INV0105,4,mixed (DERIVED),,SRC00576,MEDIUM,
R00119,S0029,Bengaluru,2022-06-21,2022-06-21,2022,FY22-23,Series C,153.0,USD,12010.5,1000.0,USD,post-money,INV0004,INV0115;INV0218;INV0217;INV0105,5,valuation post-money,India + North America growth; APAC/EMEA build; product + acquisitions; double headcount,SRC00558,HIGH,
R00120,S0029,Bengaluru,2013-04-26,2013-04-26,2013,FY13-14,Seed,,USD,,,,,,INV0202,1,initial (DERIVED),Initial incorporation and product development,SRC00572,MEDIUM,
R00121,S0029,Bengaluru,2022-07-04,2022-07-04,2022,FY22-23,Series C2,,USD,,,,,,INV0004;INV0105,2,mixed (DERIVED),Follow-on,SRC00572,MEDIUM,
R00122,S0029,Bengaluru,2022-11-03,2022-11-03,2022,FY22-23,Series C3,,USD,,,,,,INV0004;INV0105,2,all-follow-on (DERIVED),Follow-on,SRC00572,MEDIUM,
R00123,S0030,Bengaluru,2025-11-05,2025-11-05,2025,FY25-26,Series F (tranche 1),100.0,USD,8570.0,,,,INV0219;INV0220,INV0219;INV0220,4,all-new-investors (DERIVED),"Merlin AI innovation, North America/EMEA GTM expansion",SRC00582,HIGH,
R00124,S0030,Bengaluru,2025-12-17,2025-12-17,2025,FY25-26,Series F (follow-on),180.0,USD,15426.0,900.0,USD,post-money (source-close person),INV0221;INV0222,INV0221;INV0222;INV0181;INV0223;INV0143,7,mixed (DERIVED),"Merlin AI agents, North America/EMEA GTM, strategic acquisitions",SRC00580,HIGH,"$57M primary + ~$123M secondary (incl $15M employee tender, 259 staff). Secondary sellers: Eight Roads, Helion, Z47, Ventureast (full exit, ~10x blended). Total Series F $280M. ~$307M primary raised to date."
R00125,S0030,Bengaluru,2022-06-01,2022-06-01,2022,FY22-23,Series E,77.0,USD,6044.5,,,,INV0224;INV0143,INV0224;INV0143;INV0225;INV0226;INV0227;INV0053,8,initial (DERIVED),"US/Europe/Asia/MEA footprint, LatAm/Australia expansion, acquisitions",SRC00581,HIGH,
R00126,S0031,Bengaluru,2022-12-26,2022-12-26,2022,FY22-23,Series E,75.0,USD,5887.5,900.0,USD,post-money,INV0228,INV0228;INV0029;INV0229;INV0230,5,initial (DERIVED),,SRC00589,HIGH,
R00127,S0031,Bengaluru,2024-09-12,2024-09-12,2024,FY24-25,Series E-II,4.65,USD,389.21,1200.0,USD,post-money,INV0003;INV0048,INV0003;INV0048,4,all-new-investors (DERIVED),,SRC00596,MEDIUM,Tracxn-recorded Series E top-up alongside Jify share-swap unicorn event; primary evidence weaker — treat as reported
R00128,S0031,Bengaluru,2025-11-27,2025-11-27,2025,FY25-26,Debt (conventional),11.4,USD,976.98,,,,INV0231,INV0231;INV0016,3,all-new-investors (DERIVED),,SRC00596,MEDIUM,
R00129,S0032,Bengaluru,2008-09-25,2008-09-25,2008,FY08-09,Series A / growth,30.0,USD,2580.0,,,,INV0232,INV0232,2,initial (DERIVED),,SRC00598,HIGH,
R00130,S0032,Bengaluru,2011-04-01,2011-04-01,2011,FY11-12,Growth,25.0,USD,2150.0,,,,INV0233,INV0233,2,all-new-investors (DERIVED),,SRC00598,HIGH,
R00131,S0032,Bengaluru,2011-12-28,2011-12-28,2011,FY11-12,Growth,108.0,USD,9288.0,,,,INV0233;INV0027,INV0233;INV0027,4,mixed (DERIVED),,SRC00598,HIGH,
R00132,S0032,Bengaluru,2013-02-20,2013-02-20,2013,FY13-14,Corporate minority,45.0,USD,3870.0,1000.0,USD,post-money,INV0234,INV0234;INV0102,3,all-new-investors (DERIVED),,SRC00598,HIGH,
R00133,S0032,Bengaluru,2024-05-06,2024-05-06,2024,FY24-25,Unattributed,2.01,USD,168.24,,,,,,0,unknown,,SRC00600,MEDIUM,
R00134,S0032,Bengaluru,2011-04-01,2011-04-01,2011,FY11-12,Series B,25.0,USD,2150.0,,,,INV0233,INV0233,2,all-follow-on (DERIVED),growth,SRC00598,HIGH,
R00135,S0032,Bengaluru,2011-12-28,2011-12-28,2011,FY11-12,Series C / D,108.0,USD,9288.0,,,,INV0233;INV0027,INV0233;INV0027,4,all-follow-on (DERIVED),growth,SRC00598,HIGH,
R00136,S0033,Bengaluru,2016-07-15,2016-07-15,2016,FY16-17,Series A,18.12,USD,1558.32,,,,INV0236,INV0236,2,initial (DERIVED),,SRC00607,MEDIUM,
R00137,S0033,Bengaluru,2018-09-27,2018-09-27,2018,FY18-19,Series B,21.0,USD,1806.0,,,,INV0237;INV0238,INV0237;INV0238;INV0236,5,mixed (DERIVED),,SRC00607,MEDIUM,
R00138,S0033,Bengaluru,2021-07-15,2021-07-15,2021,FY21-22,Series C,150.0,USD,11175.0,786.68,USD,,INV0007,INV0007;INV0237;INV0238,4,mixed (DERIVED),,SRC00607,HIGH,
R00139,S0033,Bengaluru,2022-01-01,2022-01-01,2022,FY22-23,Debt/mezzanine,65.0,USD,5102.5,,,,INV0239,INV0239,2,all-new-investors (DERIVED),,SRC00607,MEDIUM,Mezzanine debt+equity mix
R00140,S0033,Bengaluru,2025-01-16,2025-01-16,2025,FY25-26,Series D,90.0,USD,7713.0,1340.0,USD,post-money,INV0240,INV0240;INV0241;INV0242,4,all-new-investors (DERIVED),"R&D, GTM, global expansion (Japan/Spain/Ireland/France/Italy)",SRC00605,HIGH,
R00141,S0034,Bengaluru,,2021-08-18,2021,FY21-22,Series D,225.0,USD,16762.5,5600.0,USD,post-money,INV0119,INV0119;INV0245;INV0246;INV0129;INV0247;INV0048,7,mixed (DERIVED),,SRC00613,HIGH,
R00142,S0034,Bengaluru,,2020-06-11,2020,FY20-21,Series C,150.0,USD,11100.0,2000.0,USD,post-money,INV0119,INV0119;INV0247;INV0048,4,mixed (DERIVED),,SRC00615,HIGH,
R00143,S0034,Bengaluru,,2019-06-19,2019,FY19-20,Series B,50.0,USD,4300.0,,,,INV0247,INV0247;INV0048,3,mixed (DERIVED),,SRC00615,HIGH,
R00144,S0034,Bengaluru,,2016-10-13,2016,FY16-17,Series A,7.0,USD,602.0,,,,,,0,unknown,,SRC00620,MEDIUM,
R00145,S0034,Bengaluru,,2015-05-01,2015,FY15-16,Seed,1.0,USD,86.0,,,,,,0,unknown,,SRC00620,MEDIUM,
R00146,S0034,Bengaluru,,2014-10-31,2014,FY14-15,Seed,0.977,USD,84.02,,,,,INV0048,1,initial (DERIVED),,SRC00615,MEDIUM,
R00147,S0034,Bengaluru,,2024-08-01,2024,FY24-25,Secondary,,USD,,3360.0,USD,secondary-market,INV0048;INV0248;INV0246,INV0048;INV0248;INV0246,6,mixed (DERIVED),Existing investors selling stakes at 30-40% discount to peak valuation,SRC00614,MEDIUM,
R00148,S0035,Bengaluru,,,2021,FY21-22,Series D (unicorn),250.0,USD,18625.0,1450.0,USD,,INV0005,INV0005,2,all-follow-on (DERIVED),,SRC00636,MEDIUM,Unicorn round; valuation $1.15-1.45Bn per various reports | announcement_date stated loosely: May 2021
R00149,S0035,Bengaluru,,,2025,FY25-26,Strategic,50.0,USD,4285.0,2000.0,USD,,INV0249,INV0250,2,all-follow-on (DERIVED),,SRC00623,HIGH,Valuation jump from $1.15Bn pre-money | announcement_date stated loosely: Feb 2025
R00150,S0035,Bengaluru,2025-02-11,2025-02-11,2025,FY25-26,Series D,50.0,USD,4285.0,,,post-money,INV0251,INV0250,2,all-new-investors (DERIVED),Cash reserves for operational resilience and unforeseen expenses,SRC00623,HIGH,Pre-money valuation $1.15Bn; post-money $2Bn. Zeta press release confirms.
R00151,S0035,Bengaluru,2022-03-07,2022-03-07,2022,FY22-23,Series C,30.0,USD,2355.0,,,,INV0234,INV0234,2,all-new-investors (DERIVED),Unknown,SRC00637,MEDIUM,Mastercard capital investment per Zeta newsroom; Tracxn confirms Mastercard Series C 2022
R00152,S0035,Bengaluru,2021-05-24,2021-05-24,2021,FY21-22,Series C,250.0,USD,18625.0,,,post-money,INV0005,INV0005;INV0252;INV0253,4,all-new-investors (DERIVED),"Accelerate growth in US, Europe, India; scale operations, team, platform",SRC00635,HIGH,Valuation $1.45Bn per multiple sources; Zeta newsroom headline says $1.5Bn
R00153,S0035,Bengaluru,2019-07-23,2019-07-23,2019,FY19-20,Series C,,USD,,,,post-money,INV0254,INV0254,2,initial (DERIVED),Unknown,SRC00638,MEDIUM,First external funding round; $300M valuation per Bhavin Turakhia interview
R00154,S0036,Bengaluru,,,2018,FY18-19,Acquisition (majority),16000.0,USD,1376000.0,21000.0,USD,,INV0028,INV0028,2,all-follow-on (DERIVED),,SRC00651,MEDIUM,77% stake for $16Bn widely reported | announcement_date stated loosely: May 2018
R00155,S0036,Bengaluru,2018-05-01,2018-05-09,2018,FY18-19,Acquisition (majority stake),16000.0,USD,1376000.0,20800.0,USD,transaction,INV0028,INV0028,2,initial (DERIVED),Walmart acquires 77% stake; includes $2Bn fresh equity,SRC00651,HIGH,"Values Flipkart at $20.8Bn; Sachin Bansal sold 5% for ~$1Bn; remaining held by Binny Bansal, Tencent, Tiger Global, Microsoft"
R00156,S0036,Bengaluru,2021-07-01,2021-07-01,2021,FY21-22,primary,3600.0,USD,268200.0,,,post-money,INV0028,INV0028;INV0160;INV0036;INV0005;INV0255,6,mixed (DERIVED),Funding round at $37.6Bn valuation,SRC00650,MEDIUM,Walmart closed $3.6Bn round at $37.6Bn valuation in 2021; Tiger Global and Accel exited
R00157,S0036,Bengaluru,2023-12-01,2023-12-01,2023,FY23-24,primary,600.0,USD,49680.0,,,,INV0028,INV0028,2,all-follow-on (DERIVED),Walmart parent infusion; round kicked off Dec 2023,SRC00650,HIGH,Walmart infused $600M in Dec 2023 as part of extended round
R00158,S0036,Bengaluru,2024-05-01,2024-05-24,2024,FY24-25,primary,950.0,USD,79515.0,,,post-money,INV0028;INV0256,INV0028;INV0256;INV0006,5,mixed (DERIVED),"Double down on quick commerce, travel (Cleartrip), Shopsy, financial services; pre-IPO domicile shift",SRC00650,HIGH,Google invested $350M; Walmart $600M; total ~$950M; CCI approval for Google stake Nov 2024
R00159,S0036,Bengaluru,2025-07-01,2025-07-01,2025,FY25-26,ESOP buyback,25.0,USD,2142.5,,,ESOP buyback,INV0257,INV0257,2,all-new-investors (DERIVED),Employee liquidity; first tranche of two-part buyback,SRC00646,MEDIUM,First tranche ~$25M at $174.32/option; effective Rs 672/option after domicile adjustment
R00160,S0036,Bengaluru,2026-07-01,2026-07-01,2026,FY26-27,ESOP buyback,25.0,USD,2175.0,,,ESOP buyback,INV0257,INV0257,2,all-follow-on (DERIVED),Second tranche contingent on performance milestones; achieved per Group CEO memo Jul 6 2026,SRC00646,MEDIUM,Second tranche ~$25M at Rs 713.4/option; total ESOP liquidity >$1.5Bn since 2017; $700M in 2023 was largest
R00161,S0037,Bengaluru,,,2025,FY25-26,Series F,200.0,USD,17140.0,1200.0,USD,,INV0001;INV0258,INV0001;INV0258,4,all-new-investors (DERIVED),,SRC00656,HIGH,Unicorn round confirmed by multiple outlets | announcement_date stated loosely: May 2025
R00162,S0037,Bengaluru,,2015-02-20,2015,FY15-16,Seed,0.481,USD,41.37,,,,INV0145,INV0145;INV0259;INV0260,4,initial (DERIVED),early-stage funding,SRC00662,MEDIUM,
R00163,S0037,Bengaluru,,2015-06-10,2015,FY15-16,Series A,5.5,USD,473.0,,,,INV0037,INV0037;INV0145;INV0261;INV0262;INV0263;INV0264;INV0265;INV0266;INV0260,10,mixed (DERIVED),early-stage funding,SRC00662,MEDIUM,
R00164,S0037,Bengaluru,,2016-07-12,2016,FY16-17,Series B,2.53,USD,217.58,,,post-money,INV0037,INV0037,2,all-follow-on (DERIVED),early-stage funding,SRC00662,MEDIUM,
R00165,S0037,Bengaluru,,2016-12-13,2016,FY16-17,Series B,1.47,USD,126.42,,,post-money,,INV0145;INV0267,2,mixed (DERIVED),early-stage funding,SRC00662,MEDIUM,
R00166,S0037,Bengaluru,,2017-05-02,2017,FY17-18,Series B,1.34,USD,115.24,,,post-money,INV0267,INV0267,2,all-follow-on (DERIVED),early-stage funding,SRC00662,MEDIUM,
R00167,S0037,Bengaluru,,2017-08-30,2017,FY17-18,Series B,2.01,USD,172.86,,,post-money,INV0037,INV0037;INV0145;INV0268;INV0269;INV0270;INV0271;INV0272;INV0273;INV0274;INV0260,11,mixed (DERIVED),early-stage funding,SRC00662,MEDIUM,
R00168,S0037,Bengaluru,,2018-03-28,2018,FY18-19,Series C,7.7,USD,662.2,,,post-money,INV0267,INV0267,2,all-follow-on (DERIVED),early-stage funding,SRC00662,MEDIUM,
R00169,S0037,Bengaluru,,2019-08-06,2019,FY19-20,Series C,10.0,USD,860.0,,,post-money,,INV0145;INV0037;INV0267,3,all-follow-on (DERIVED),early-stage funding,SRC00662,MEDIUM,
R00170,S0037,Bengaluru,,2020-04-10,2020,FY20-21,Series D,18.5,USD,1369.0,,,post-money,,INV0275,1,all-new-investors (DERIVED),early-stage funding,SRC00662,MEDIUM,
R00171,S0037,Bengaluru,,2021-09-01,2021,FY21-22,Series E,101.0,USD,7524.5,,,post-money,INV0103;INV0276,INV0103;INV0276;INV0277;INV0278;INV0279;INV0280;INV0037;INV0084,10,mixed (DERIVED),"consolidate position, acquire talent, expand to top 35 cities",SRC00663,HIGH,
R00172,S0037,Bengaluru,,2024,2024,FY24-25,Series F (internal/ESOP),,USD,,,,post-money,,INV0281,1,all-new-investors (DERIVED),ESOP liquidation at $1B valuation,SRC00667,MEDIUM,
R00173,S0037,Bengaluru,,2025-09-09,2025,FY25-26,Series F (extended),100.0,USD,8570.0,,,post-money,INV0276;INV0146,INV0276;INV0146;INV0282,5,mixed (DERIVED),"additional capital; ~$50M primary, ~$250-260M secondary",SRC00666,MEDIUM,
R00174,S0037,Bengaluru,,2026-01-15,2026,FY26-27,Series F (tranche),46.5,USD,4045.5,,,post-money,INV0283;INV0284,INV0283;INV0284,4,all-new-investors (DERIVED),continued Series F funding,SRC00662,MEDIUM,
R00175,S0038,Bengaluru,,,2026,FY26-27,Acquisition,206.0,USD,17922.0,19000.0,INR,,INV0285,INV0286,2,all-new-investors (DERIVED),,SRC00288,HIGH,"Peak $3.44Bn (2021) per TechCrunch; Munjal confirmed 'raised at peak, sold at fraction' | announcement_date stated loosely: Sep 2026"
R00176,S0038,Bengaluru,,2021-08-01,2021,FY21-22,Series H,440.0,USD,32780.0,3440.0,USD,peak,INV0127,INV0002;INV0029;INV0027;INV0037;INV0127;INV0018,7,initial (DERIVED),Pandemic-era edtech expansion,SRC00288,HIGH,
R00177,S0038,Bengaluru,,2026-03-01,2026,FY26-27,internal_funding,360.0,USD,31320.0,,,,INV0287,INV0127;INV0218;INV0288,4,mixed (DERIVED),upGrad internal round ahead of Unacademy acquisition,SRC00687,MEDIUM,
R00178,S0039,Bengaluru,2020-07-17,,2020,FY20-21,Series D,100.0,USD,7400.0,600.0,USD,post-money,INV0245,INV0245,2,new,Growth,SRC00701,MEDIUM,Lead investor needs corroboration; recorded as reported | announcement_date stated loosely: Jul 2020
R00179,S0039,Bengaluru,2021-09-29,,2021,FY21-22,Series E (unicorn),100.0,USD,7450.0,1000.0,USD,post-money,INV0289,INV0289,2,new,Growth and expansion,SRC00696,HIGH,announcement_date stated loosely: Sep 2021
R00180,S0039,Bengaluru,,,2025,FY25-26,Internal/bridge,11.0,USD,942.7,,,,INV0290,INV0289,2,all-new-investors (DERIVED),,SRC00707,MEDIUM,External secondary round planned per Mint | announcement_date stated loosely: Sep 2025
R00181,S0039,Bengaluru,2025-09-26,2025-09-26,2025,FY25-26,Series F,,USD,,868.0,USD,post-money (Tracxn),,,0,existing,"Category expansion, technology, AI development; IPO preparation",SRC00699,HIGH,added session-2 gapfill
R00182,S0040,Bengaluru,,,2024,FY24-25,Venture round,90.0,USD,7533.0,3000.0,USD,,INV0075,INV0075;INV0294,3,all-follow-on (DERIVED),,SRC00729,LOW,$90M + investor names per FE; $3Bn valuation only from ET headline snippet — LOW confidence | announcement_date stated loosely: Dec 2024
R00183,S0040,Bengaluru,,2021-08-20,2021,FY21-22,Series E,150.0,USD,11175.0,1330.0,USD,post-money,INV0295,INV0295,2,initial (DERIVED),International expansion,SRC00723,HIGH,
R00184,S0040,Bengaluru,,2021-12-29,2021,FY21-22,Series F,210.0,USD,15645.0,2700.0,USD,post-money,INV0225,INV0225;INV0080;INV0003;INV0046;INV0296,6,all-new-investors (DERIVED),Growth and acquisitions,SRC00721,MEDIUM,
R00185,S0040,Bengaluru,,2024-12-19,2024,FY24-25,Venture round,100.0,USD,8370.0,3000.0,USD,post-money,INV0075;INV0294,INV0075;INV0294;INV0297,5,all-new-investors (DERIVED),Growth capital,SRC00726,MEDIUM,
R00186,S0040,Bengaluru,,2026-03-30,2026,FY26-27,Pre-IPO,500.0,USD,43500.0,3000.0,USD,post-money,INV0298,INV0298;INV0299,3,all-new-investors (DERIVED),Pre-IPO balance sheet strengthening,SRC00724,MEDIUM,
R00187,S0040,Bengaluru,,2026-09-15,2026,FY26-27,Total raised,931.0,USD,80997.0,,,,,,0,unknown,Cumulative across 20 rounds,SRC00727,MEDIUM,
R00188,S0041,Mumbai,2014,2014,2014,FY14-15,Series A,,USD,,,,,INV0170,INV0170;INV0094,3,initial (DERIVED),,SRC00747,LOW,
R00189,S0041,Mumbai,2017-01-17,2017-01-17,2017,FY17-18,Series C,2.17,USD,186.62,,,,INV0226,INV0226;INV0170,3,mixed (DERIVED),,SRC00747,LOW,
R00190,S0041,Mumbai,2018-09-06,2018-09-06,2018,FY18-19,Series D,100.0,USD,8600.0,,,,INV0158,INV0158;INV0170;INV0226;INV0094,5,mixed (DERIVED),,SRC00735,MEDIUM,
R00191,S0041,Mumbai,2020-09-14,2020-09-14,2020,FY20-21,Series E,225.0,USD,16650.0,2500.0,USD,post-money,INV0029;INV0020,INV0029;INV0020;INV0221;INV0300,6,all-new-investors (DERIVED),,SRC00735,HIGH,
R00192,S0041,Mumbai,2021-03-25,2021-03-25,2021,FY21-22,Secondary,400.0,USD,29800.0,5000.0,USD,post-money,INV0035;INV0296;INV0064,INV0035;INV0296;INV0301;INV0029;INV0221;INV0302;INV0303;INV0300,11,mixed (DERIVED),"secondary (early investors Multiples, Kalaari sold)",SRC00736,HIGH,
R00193,S0041,Mumbai,2021-11-24,2021-11-25,2021,FY21-22,Series F,840.0,USD,62580.0,8000.0,USD,post-money,INV0301;INV0157;INV0296;INV0304;INV0029,INV0301;INV0157;INV0296;INV0304;INV0029;INV0020;INV0300,12,mixed (DERIVED),,SRC00737,HIGH,
R00194,S0042,Bengaluru,2011,2011,2011,FY11-12,"Equity (early backer; ~$200-220M invested, per ET Dec 2025)",,USD,,,,,INV0002,INV0002,2,initial (DERIVED),,SRC00752,MEDIUM,
R00195,S0042,Bengaluru,2024-09-10,2024-09-10,2024,FY24-25,Debt,100.0,USD,8370.0,,,,INV0306,INV0307,2,all-new-investors (DERIVED),,SRC00752,MEDIUM,
R00196,S0042,Bengaluru,2025-12-04,2025-12-04,2025,FY25-26,"Loan (2 tranches, 13-14%, secured on founders' stake)",350.0,USD,29995.0,1000.0,USD,transaction,INV0308;INV0309;INV0310,INV0308;INV0309;INV0310,6,all-new-investors (DERIVED),share buyback from SoftBank/PE holders ahead of IPO,SRC00751,HIGH,
R00197,S0042,Bengaluru,2011,2011,2011,FY11-12,Seed/Series A,,USD,,,,,INV0002,INV0002,2,all-follow-on (DERIVED),Early-stage funding,SRC00752,MEDIUM,SoftBank invested ~$200-220M; stake 35%->5-7%
R00198,S0042,Bengaluru,2024-07-01,2024-07-01,2024,FY24-25,Series A,830.0,INR,830.0,,,,INV0311,INV0311,2,all-new-investors (DERIVED),,SRC00755,MEDIUM,₹83 crore Series A led by Baring per Mint
R00199,S0042,Bengaluru,2025-12-04,2025-12-04,2025,FY25-26,Debt,350.0,USD,29995.0,,,transaction (under $1B),INV0308;INV0309;INV0310,INV0308;INV0309;INV0310,6,all-follow-on (DERIVED),Share buyback from SoftBank/PE holders ahead of IPO,SRC00751,HIGH,$200M opco + $150M holdco; secured against founders' stake
R00200,S0042,Bengaluru,,2025-12-31,2025,FY25-26,Pre-IPO (talks),150.0,USD,12855.0,,,,,,0,unknown,Realign cap table ahead of FY27 IPO,SRC00755,MEDIUM,Early talks; IPO bankers may lead
R00201,S0042,Bengaluru,,2025-01-22,2025,FY25-26,Series E (talks),400.0,USD,34280.0,,,post-money target,,,0,unknown,GenAI advertising; DRHP filing,SRC00753,MEDIUM,Advanced talks; DRHP eyed by early April 2025; did not close as planned
R00202,S0042,Bengaluru,,2025-01-22,2025,FY25-26,Total PE raised,216.0,USD,18511.2,,,,,INV0002;INV0312;INV0313;INV0311,4,mixed (DERIVED),,SRC00753,HIGH,$216M PE to date; plus $100M Mars debt
R00203,S0043,Mumbai,2019-03-01,2019-03-01,2019,FY19-20,Primary (unicorn round),,INR,,1200.0,USD,post-money,INV0225,INV0225,2,initial (DERIVED),,SRC00777,MEDIUM,
R00204,S0043,Mumbai,2020-11-01,2020-11-01,2020,FY20-21,Secondary,,USD,,1800.0,USD,post-money,,INV0316,1,all-new-investors (DERIVED),secondary (partial exit early investors/employees),SRC00777,LOW,
R00205,S0043,Mumbai,2021-11-10,2021-10-28,2021,FY21-22,IPO,53520.0,INR,53520.0,7100.0,USD,post-money,,INV0317,1,all-new-investors (DERIVED),"new stores/warehouses, debt retirement, marketing/owned brands",SRC00774,HIGH,
R00206,S0044,Mumbai,,2024-12-12,2024,FY24-25,Series G,210.0,USD,17577.0,750.0,USD,post-money (primary),INV0127,INV0127;INV0319,3,all-new-investors (DERIVED),,SRC00786,HIGH,valuation range per source: 1.4B (primary); ~750-800M (sec (low end stored)
R00207,S0044,Mumbai,,2024-12-19,2024,FY24-25,Secondary,,USD,,750.0,USD,secondary transaction valuation,INV0070,INV0320;INV0321;INV0322,4,all-new-investors (DERIVED),,SRC00785,HIGH,valuation range per source: ~750-800M (low end stored)
R00208,S0044,Mumbai,,2025-04-22,2025,FY25-26,Unattributed top-up,25.0,USD,2142.5,1400.0,USD,reported post-money,INV0323,INV0323,2,all-follow-on (DERIVED),,SRC00787,MEDIUM,Reported by Mint via Verdict/Yahoo; company did not comment; fetch hit login wall
R00209,S0044,Mumbai,,2021-10-07,2021,FY21-22,Series F,175.0,USD,13037.5,1400.0,USD,post-money,INV0323,INV0323,2,all-new-investors (DERIVED),,SRC00789,MEDIUM,
R00210,S0044,Mumbai,,2025-04-22,2025,FY25-26,Top-up (unattributed),25.0,USD,2142.5,,,reported post-money,INV0323,INV0323,2,all-follow-on (DERIVED),Omnichannel/food-court expansion,SRC00787,MEDIUM,Reported by Mint/Verdict/Yahoo; company did not comment
R00211,S0044,Mumbai,,2017,2017,FY17-18,Series A,,USD,,,,,,INV0324,1,initial (DERIVED),,SRC00795,LOW,
R00212,S0044,Mumbai,,2018,2018,FY18-19,Series B,,USD,,,,,,INV0245;INV0325,2,all-new-investors (DERIVED),,SRC00785,LOW,
R00213,S0044,Mumbai,,2019,2019,FY19-20,Series C,,USD,,,,,,INV0037;INV0245;INV0325,3,mixed (DERIVED),,SRC00795,LOW,
R00214,S0045,"Bengaluru (operating/brand HQ); registered office Rajnandgaon, Chhattisgarh",,2023-06-20,2023,FY23-24,Private Equity minority,60.0,USD,4968.0,600.0,USD,,INV0326,,1,initial (DERIVED),,SRC00797,,
R00215,S0045,"Bengaluru (operating/brand HQ); registered office Rajnandgaon, Chhattisgarh",,2025-05-26,2025,FY25-26,Corporate minority,,USD,,1000.0,USD,,INV0327,,1,unknown,,SRC00798,,
R00216,S0045,"Bengaluru (operating/brand HQ); registered office Rajnandgaon, Chhattisgarh",2025-05-26,2025-05-26,2025,FY25-26,Corporate minority,,USD,,,,post-money (company-claimed unicorn),INV0327,INV0327,2,all-new-investors (DERIVED),Financial investment; Drools remains operationally independent,SRC00798,HIGH,
R00217,S0046,Mumbai,,2016-05-10,2016,FY16-17,Series C,100.0,USD,8600.0,300.0,USD,post-money,INV0328,INV0328,2,initial (DERIVED),,SRC00824,MEDIUM,
R00218,S0046,Mumbai,,2019-01-01,2019,FY19-20,Series D (Apax),200.0,USD,17200.0,,,,INV0329,INV0329,2,all-new-investors (DERIVED),,SRC00825,MEDIUM,
R00219,S0046,Mumbai,,2022-01-05,2022,FY22-23,Series D (TPG),360.0,USD,28260.0,1550.0,USD,post-money,INV0330,INV0330,2,all-new-investors (DERIVED),,SRC00825,HIGH,
R00220,S0046,Mumbai,,2025-07-15,2025,FY25-26,Secondary,170.0,USD,14569.0,2440.0,USD,secondary transaction valuation,,INV0331;INV0011;INV0115;INV0332,4,all-new-investors (DERIVED),,SRC00816,HIGH,Secondary: Apax sold 6% equity to 22 investors
R00221,S0047,"Bengaluru, Karnataka",,2021-12-20,2021,FY21-22,Series C,85.0,USD,6332.5,,,,INV0335,,1,unknown,,SRC00844,,
R00222,S0047,"Bengaluru, Karnataka",,2025-06-30,2025,FY25-26,Series D,120.0,USD,10284.0,1000.0,USD,post-money,INV0336,,1,new (SC Ventures-led) + Solv acquisition close,"scale, Solv merger completion",SRC00829,,
R00223,S0047,"Bengaluru, Karnataka",2015-12-16,2015-12-16,2015,FY15-16,Seed,1.97,USD,169.42,,,post-money,INV0048,INV0048,2,initial (DERIVED),Initial funding,SRC00837,HIGH,
R00224,S0047,"Bengaluru, Karnataka",2017-05-15,2017-05-15,2017,FY17-18,Series A,11.4,USD,980.4,,,post-money,INV0048,INV0048;INV0170,3,mixed (DERIVED),Marketplace expansion,SRC00837,HIGH,
R00225,S0047,"Bengaluru, Karnataka",2019-01-04,2019-01-04,2019,FY19-20,Series B,15.8,USD,1358.8,,,post-money,INV0337,INV0337;INV0338;INV0170;INV0048;INV0339;INV0340,7,mixed (DERIVED),Scale kirana network,SRC00837,HIGH,
R00226,S0047,"Bengaluru, Karnataka",2020-10-20,2020-10-20,2020,FY20-21,Series B,25.1,USD,1857.4,,,post-money,INV0337;INV0341,INV0337;INV0341;INV0342;INV0048;INV0343;INV0344;INV0339;INV0170;INV0345;INV0346;INV0347;INV0348;INV0349;INV0350;INV0351;INV0352;INV0353;INV0354;INV0355;INV0356;INV0357;INV0358;INV0359;INV0360;INV0361;INV0362;INV0363;INV0364;INV0365;INV0366;INV0367;INV0368;INV0369;INV0370;INV0371;INV0372;INV0373;INV0374;INV0375;INV0376;INV0377,43,mixed (DERIVED),Pan-India kirana expansion,SRC00837,HIGH,
R00227,S0047,"Bengaluru, Karnataka",2021-12-20,2021-12-20,2021,FY21-22,Series C,69.8,USD,5200.1,,,post-money,INV0378;INV0379,INV0378;INV0379;INV0048;INV0170;INV0380,7,mixed (DERIVED),"Scale kirana network, expand cities",SRC00837,HIGH,
R00228,S0047,"Bengaluru, Karnataka",2021-06-04,2021-06-04,2021,FY21-22,Venture Debt,4.79,USD,356.86,,,,INV0371,INV0371,2,all-follow-on (DERIVED),Working capital,SRC00837,HIGH,
R00229,S0047,"Bengaluru, Karnataka",2023-03-14,2023-03-14,2023,FY23-24,Venture Debt,9.13,USD,755.96,,,,INV0371;INV0381,INV0371;INV0381,4,mixed (DERIVED),Working capital,SRC00837,HIGH,
R00230,S0047,"Bengaluru, Karnataka",2024-03-18,2024-03-18,2024,FY24-25,Series C3,18.2,USD,1523.34,,,post-money,INV0379,INV0379;INV0337;INV0347;INV0370;INV0382;INV0383;INV0025;INV0384;INV0343;INV0366;INV0376;INV0385;INV0365;INV0374;INV0386;INV0387;INV0388;INV0389;INV0390;INV0391;INV0392;INV0393;INV0394;INV0395;INV0396,26,mixed (DERIVED),"Scale GTM products for brands, kirana expansion",SRC00840,HIGH,
R00231,S0047,"Bengaluru, Karnataka",2023-05-26,2023-05-26,2023,FY23-24,Series C,0.459,USD,38.01,,,,INV0371;INV0381,INV0371;INV0381,4,all-follow-on (DERIVED),Debt-related,SRC00837,MEDIUM,
R00232,S0047,"Bengaluru, Karnataka",2026-03-03,2026-03-03,2026,FY26-27,Strategic Investment,,USD,,,,,INV0397,INV0397,2,all-new-investors (DERIVED),"AI and retail technology integration for kirana stores, J24 expansion",SRC00836,HIGH,
R00233,S0048,Bengaluru (HQ); Singapore domicile (reverse flip planned); ops India/Singapore/Middle East,,2018-09-19,2018,FY18-19,Series C,70.0,USD,6020.0,,,,INV0302;INV0401,,2,unknown,,SRC00868,,
R00234,S0048,Bengaluru (HQ); Singapore domicile (reverse flip planned); ops India/Singapore/Middle East,,2022-02-08,2022,FY22-23,Series F,180.0,USD,14130.0,1200.0,USD,,INV0070,,1,unknown,,SRC00851,,
R00235,S0048,Bengaluru (HQ); Singapore domicile (reverse flip planned); ops India/Singapore/Middle East,,2024-02-29,2024,FY24-25,Series F tranche,,USD,,,,,INV0402,,1,unknown,,SRC00869,,
R00236,S0048,Bengaluru (HQ); Singapore domicile (reverse flip planned); ops India/Singapore/Middle East,,2014-12-17,2014,FY14-15,Series A,4.6,USD,395.6,,,,INV0403;INV0404;INV0112;INV0405,,4,initial (DERIVED),,SRC00867,HIGH,
R00237,S0048,Bengaluru (HQ); Singapore domicile (reverse flip planned); ops India/Singapore/Middle East,,2015-08-11,2015,FY15-16,Series A (second tranche),8.6,USD,739.6,,,,INV0112;INV0404;INV0403;INV0406,,4,unknown,,SRC00867,HIGH,
R00238,S0048,Bengaluru (HQ); Singapore domicile (reverse flip planned); ops India/Singapore/Middle East,,2016-05-13,2016,FY16-17,Series B,15.0,USD,1290.0,,,,INV0112;INV0403;INV0404;INV0405,,4,unknown,,SRC00870,HIGH,
R00239,S0048,Bengaluru (HQ); Singapore domicile (reverse flip planned); ops India/Singapore/Middle East,,2019-05-20,2019,FY19-20,Series D,,USD,,,,,INV0407,,1,unknown,,SRC00867,MEDIUM,
R00240,S0048,Bengaluru (HQ); Singapore domicile (reverse flip planned); ops India/Singapore/Middle East,,2020-01-28,2020,FY20-21,Series D (second tranche),60.0,USD,4440.0,,,,INV0408;INV0409;INV0410,,3,unknown,,SRC00867,HIGH,
R00241,S0048,Bengaluru (HQ); Singapore domicile (reverse flip planned); ops India/Singapore/Middle East,,2020-09-03,2020,FY20-21,Series D (third tranche),90.0,USD,6660.0,,,,INV0401;INV0411;INV0409;INV0412;INV0408,,5,unknown,,SRC00867,HIGH,
R00242,S0048,Bengaluru (HQ); Singapore domicile (reverse flip planned); ops India/Singapore/Middle East,,2020-10-02,2020,FY20-21,Venture Debt,,USD,,,,,INV0413,,1,unknown,,SRC00867,MEDIUM,
R00243,S0048,Bengaluru (HQ); Singapore domicile (reverse flip planned); ops India/Singapore/Middle East,,2021-10-07,2021,FY21-22,Series F (first tranche),57.8,USD,4306.1,647.0,USD,post-money,INV0402;INV0407,INV0020;INV0414;INV0413;INV0415;INV0404,7,all-new-investors (DERIVED),,SRC00861,HIGH,
R00244,S0048,Bengaluru (HQ); Singapore domicile (reverse flip planned); ops India/Singapore/Middle East,,2022-02-07,2022,FY22-23,Series F (second tranche),180.0,USD,14130.0,1200.0,USD,post-money,INV0070,INV0404;INV0409;INV0416;INV0412;INV0411;INV0417,7,mixed (DERIVED),"Global expansion, brand building, M&A",SRC00857,HIGH,
R00245,S0048,Bengaluru (HQ); Singapore domicile (reverse flip planned); ops India/Singapore/Middle East,,2024-02-29,2024,FY24-25,Series F tranche,,USD,,,,,INV0402,,1,unknown,,SRC00871,MEDIUM,
R00246,S0048,Bengaluru (HQ); Singapore domicile (reverse flip planned); ops India/Singapore/Middle East,,2025-04-28,2025,FY25-26,Late VC,427.21,INR,427.21,,,,INV0418,,1,unknown,Reverse flip to India; IPO preparation,SRC00864,HIGH,
R00247,S0048,Bengaluru (HQ); Singapore domicile (reverse flip planned); ops India/Singapore/Middle East,,2025-07-24,2025,FY25-26,Late VC,42.0,USD,3599.4,,,,INV0419,,1,unknown,,SRC00872,MEDIUM,
R00248,S0048,Bengaluru (HQ); Singapore domicile (reverse flip planned); ops India/Singapore/Middle East,,2026-07-19,2026,FY26-27,Secondary Transaction,,USD,,,,,INV0419,,1,unknown,,SRC00873,MEDIUM,
R00249,S0049,"Bengaluru, Karnataka",,2021-09-01,2021,FY21-22,Series F,570.0,USD,42465.0,4900.0,USD,,INV0421,,1,unknown,,SRC00894,,
R00250,S0049,"Bengaluru, Karnataka",,2025-01-27,2025,FY25-26,Series F (late private),270.0,USD,23139.0,3900.0,USD,,INV0422,,1,unknown,,SRC00902,,
R00251,S0049,"Bengaluru, Karnataka",,2025-12-03,2025,FY25-26,IPO,606.0,USD,51934.2,5600.0,USD,,INV0423,,1,unknown,,SRC00889,,
R00252,S0049,"Bengaluru, Karnataka",,2015,2015,FY15-16,Seed,0.3,USD,25.8,0.07,USD,post-money,INV0038,INV0038,2,initial (DERIVED),Initial funding,SRC00894,MEDIUM,
R00253,S0049,"Bengaluru, Karnataka",,2019,2019,FY19-20,Series A,125.0,USD,10750.0,700.0,USD,post-money,INV0084,INV0084,2,all-new-investors (DERIVED),Growth,SRC00894,HIGH,
R00254,S0049,"Bengaluru, Karnataka",,2021-04-01,2021,FY21-22,Series B,300.0,USD,22350.0,2100.0,USD,post-money,INV0005,INV0005,2,all-new-investors (DERIVED),Unicorn round,SRC00894,HIGH,
R00255,S0050,Bengaluru,,2021-07-09,2021,FY21-22,Pre-IPO (ANI Technologies),500.0,USD,37250.0,,,,INV0127;INV0429;INV0430,,3,unknown,,SRC00908,,
R00256,S0050,Bengaluru,2021-12-08,2021-12-01,2021,FY21-22,Series J,139.0,USD,10355.5,6600.0,USD,post-money,INV0431,,1,new,Growth,SRC00920,,
R00257,S0050,Bengaluru,2022-02-22,2022-02-22,2022,FY22-23,Series J,,USD,,7300.0,USD,post-money (peak),,,0,new,Growth and IPO preparation,SRC00912,HIGH,added session-2 gapfill
R00258,S0050,Bengaluru,2019-05-15,2019-05-15,2019,FY19-20,Series J,,USD,,,,UNKNOWN,,,0,new,Growth,SRC00911,MEDIUM,added session-2 gapfill
R00259,S0050,Bengaluru,2015-12-11,2015-12-11,2015,FY15-16,Series F,,USD,,5000.0,USD,post-money,,,0,new,Growth,SRC00494,HIGH,added session-2 gapfill
R00260,S0051,"Bengaluru, Karnataka",,2022-04-01,2022,FY22-23,Series D,180.0,USD,14130.0,830.0,USD,,INV0442,,1,unknown,,SRC00926,,
R00261,S0051,"Bengaluru, Karnataka",,2024-07-29,2024,FY24-25,Series E,120.0,USD,10044.0,1100.0,USD,,INV0004,,1,unknown,,SRC00926,,
R00262,S0051,"Bengaluru, Karnataka",,2026-05-15,2026,FY26-27,Series F (primary; part of $730M primary+secondary),240.0,USD,20880.0,3000.0,USD,,INV0142,,1,unknown,,SRC00925,,
R00263,S0051,"Bengaluru, Karnataka",,2016,2016,FY16-17,Seed,,INR,,,,,INV0443;INV0444;INV0445,INV0446;INV0444;INV0445;INV0447,7,initial (DERIVED),Initial operations,SRC00938,MEDIUM,
R00264,S0051,"Bengaluru, Karnataka",,2019-01-10,2019,FY19-20,Series A,11.2,USD,963.2,,,,INV0048;INV0448,INV0048;INV0448;INV0449;INV0444;INV0450;INV0446,8,mixed (DERIVED),Expansion,SRC00939,HIGH,
R00265,S0051,"Bengaluru, Karnataka",,2019-08-14,2019,FY19-20,Series B,54.6,USD,4695.6,,,,INV0004,INV0004;INV0048;INV0451;INV0452;INV0453;INV0454;INV0455,8,mixed (DERIVED),Expansion,SRC00939,HIGH,
R00266,S0051,"Bengaluru, Karnataka",,2021-08-16,2021,FY21-22,Series C,52.0,USD,3874.0,,,,INV0004,INV0456;INV0457;INV0458;INV0459;INV0460;INV0004;INV0048;INV0461;INV0462;INV0454;INV0463,12,mixed (DERIVED),"Hiring, strategic investments, technology",SRC00940,HIGH,
R00267,S0051,"Bengaluru, Karnataka",,2025-02-11,2025,FY25-26,Series E (secondary),30.0,USD,2571.0,,,,INV0142,INV0142,2,all-new-investors (DERIVED),Secondary share purchase,SRC00941,MEDIUM,
R00268,S0051,"Bengaluru, Karnataka",,2026-05-15,2026,FY26-27,Series F (primary),240.0,USD,20880.0,3000.0,USD,,INV0142,INV0142;INV0004;INV0003,4,mixed (DERIVED),"Expand footprint, grow captain network, invest in ",SRC00925,HIGH,
R00269,S0051,"Bengaluru, Karnataka",,2025-09-23,2025,FY25-26,Series F (secondary),270.0,USD,23139.0,2300.0,USD,,INV0142;INV0004,INV0464;INV0465,4,all-new-investors (DERIVED),Swiggy full exit (12% stake),SRC00933,HIGH,
R00270,S0051,"Bengaluru, Karnataka",,2026-06-18,2026,FY26-27,Series F (secondary - ongoing),100.0,INR,100.0,3000.0,USD,,,INV0466,1,all-new-investors (DERIVED),Early backers liquidity; part of larger $730M roun,SRC00936,MEDIUM,
R00271,S0052,Bengaluru,,,2021,FY21-22,Series E,502.0,USD,37399.0,,,,INV0029,,1,unknown,,SRC00978,,announcement_date stated loosely: Apr 2021
R00272,S0052,Bengaluru,2022-06-01,,2022,FY22-23,Series H,255.0,USD,20017.5,4900.0,USD,post-money,INV0256;INV0469,,2,unknown,Growth; Google + Temasek participation,SRC00978,,announcement_date stated loosely: Jun 2022
R00273,S0052,Bengaluru,,,2024,FY24-25,debt/convertible,49.0,USD,4101.3,,,,INV0046;INV0127,,2,unknown,,SRC00979,,debt/convertible down-round; survival capital | announcement_date stated loosely: Apr 2024
R00274,S0052,Bengaluru,,2015-10-03,2015,FY15-16,Seed,0.7,USD,60.2,,,,INV0121;INV0470,INV0121;INV0470,4,initial (DERIVED),,SRC00980,MEDIUM,
R00275,S0052,Bengaluru,,2016-11-12,2016,FY16-17,Series A,4.0,USD,344.0,,,,INV0118,INV0046;INV0428;INV0121;INV0470,5,mixed (DERIVED),,SRC00980,MEDIUM,
R00276,S0052,Bengaluru,,2017-12-06,2017,FY17-18,Series B,8.0,USD,688.0,,,,INV0121,INV0121;INV0471;INV0118;INV0470;INV0452;INV0428,7,mixed (DERIVED),,SRC00980,MEDIUM,
R00277,S0052,Bengaluru,,2018-09-14,2018,FY18-19,Series C,50.0,USD,4300.0,,,,INV0118,INV0046;INV0118;INV0471;INV0472;INV0121;INV0428;INV0452,8,mixed (DERIVED),,SRC00980,MEDIUM,
R00278,S0052,Bengaluru,,2019-08-22,2019,FY19-20,Series D,100.0,USD,8600.0,,,,INV0046,INV0046;INV0473;INV0118;INV0474;INV0470;INV0452;INV0475;INV0472;INV0121,10,mixed (DERIVED),,SRC00981,HIGH,
R00279,S0052,Bengaluru,,2021-12-16,2021,FY21-22,Series G,266.0,USD,19817.0,,,,INV0476,INV0476;INV0470;INV0477;INV0186;INV0127;INV0478;INV0479;INV0480,9,mixed (DERIVED),,SRC00980,MEDIUM,
R00280,S0052,Bengaluru,,2022-06-01,2022,FY22-23,Series H (add-on),78.0,USD,6123.0,4900.0,USD,post-money,INV0256,INV0256;INV0127;INV0481;INV0186,5,mixed (DERIVED),,SRC00967,MEDIUM,
R00281,S0052,Bengaluru,,2023-07-01,2023,FY23-24,Venture Debt / Convertible,50.0,USD,4140.0,,,,INV0127;INV0158,INV0127;INV0158;INV0006,5,mixed (DERIVED),Bridge round at ~$2.2B valuation (55% drop from $5B),SRC00982,MEDIUM,
R00282,S0052,Bengaluru,,2024-03-27,2024,FY24-25,Convertible Note,49.0,USD,4101.3,,,,INV0046;INV0127,INV0046;INV0127;INV0479;INV0476;INV0124;INV0482;INV0158;INV0256,10,mixed (DERIVED),Convertible debt; valuation below $2B per TechCrunch source,SRC00983,HIGH,
R00283,S0052,Bengaluru,,2024-08-03,2024,FY24-25,Conventional Debt,16.0,USD,1339.2,,,,INV0411,INV0411,2,all-new-investors (DERIVED),,SRC00980,MEDIUM,
R00284,S0052,Bengaluru,,2021,2021,FY21-22,Tencent convertible debt,225.0,USD,16762.5,,,,INV0158,INV0483,2,all-new-investors (DERIVED),Convertible debt via European entities; 19.74% if converted,SRC00984,HIGH,
R00285,S0052,Bengaluru,,2020-08-01,2020,FY20-21,Sequoia Capital talks,200.0,USD,14800.0,,,,INV0233,INV0233;INV0484,3,all-new-investors (DERIVED),Early-stage talks to raise up to $200M; could value at over $1Bn,SRC00976,MEDIUM,Talks reported by Reuters; deal status unclear
R00286,S0053,Bengaluru,,,2021,FY21-22,Series C,100.0,USD,7450.0,,,post-money,INV0029,,1,"new + existing (Owl, Insight, Sequoia, Maverick)","product, hiring, expansion",SRC00998,,announcement_date stated loosely: Sep 2021
R00287,S0053,Bengaluru,,,2021,FY21-22,Series B,70.0,USD,5215.0,,,,INV0029;INV0119,,2,unknown,,SRC00998,,announcement_date stated loosely: Jun 2021
R00288,S0053,Bengaluru,,,2021,FY21-22,Series A,12.5,USD,931.25,,,,INV0203;INV0485,,2,unknown,,SRC00998,,announcement_date stated loosely: Mar 2021
R00289,S0053,Bengaluru,,2019-07-01,2019,FY19-20,Seed,3.0,USD,258.0,,,,INV0203;INV0046,INV0203;INV0046,4,new,early-stage product development,SRC00998,MEDIUM,
R00290,S0054,New Delhi,,2021-08-03,2021,FY21-22,Series E,370.0,USD,27565.0,2850.0,USD,post-money,INV0029,INV0029;INV0485;INV0245;INV0031;INV0067;INV0303;INV0088,8,new (Tiger Global lead),,SRC01015,HIGH,
R00291,S0054,New Delhi,,2021-02-10,2021,FY21-22,Series D,108.0,USD,8046.0,900.0,USD,post-money,INV0485,,1,unknown,,SRC01015,HIGH,
R00292,S0054,New Delhi,,2020-02-01,2020,FY20-21,Series C,75.0,USD,5550.0,,,,INV0245,,1,unknown,,SRC01019,MEDIUM,
R00293,S0054,New Delhi,,2025-05-05,2025,FY25-26,Debt,15.0,USD,1285.5,,,,,INV0487,1,all-new-investors (DERIVED),,SRC01015,HIGH,
R00294,S0054,New Delhi,,,,,Secondary,,USD,,2850.0,USD,secondary-implied,,,0,initial (DERIVED),,SRC01011,MEDIUM,
R00295,S0055,Delhi (batch said Bengaluru — corrected: Delhi HQ per all sources),,,2026,FY26-27,Series E,4375.0,INR,4375.0,,,undisclosed,INV0280,,1,unknown,"Expand product line, manufacturing, R&D and network",SRC01025,,announcement_date stated loosely: Mar 2026
R00296,S0055,Delhi (batch said Bengaluru — corrected: Delhi HQ per all sources),,,2025,FY25-26,Series D,6380.0,INR,6380.0,,,,INV0488,,1,unknown,,SRC01033,,announcement_date stated loosely: May 2025
R00297,S0055,Delhi (batch said Bengaluru — corrected: Delhi HQ per all sources),,,2024,FY24-25,Series C,5250.0,INR,5250.0,,,,,,0,unknown,,SRC01027,,announcement_date stated loosely: Mar 2024
R00298,S0055,Delhi (batch said Bengaluru — corrected: Delhi HQ per all sources),,2022-10-03,2022,FY22-23,Series C,60.0,USD,4710.0,,,disclosed,INV0036,INV0036;INV0125;INV0489;INV0490;INV0491;INV0492,7,initial (DERIVED),"Scale manufacturing capacity, expand distribution, strengthen team",SRC01031,HIGH,
R00299,S0055,Delhi (batch said Bengaluru — corrected: Delhi HQ per all sources),,2024-05-29,2024,FY24-25,Series C (additional),200.0,INR,200.0,,,undisclosed,,,0,unknown,Production capacity and R&D,SRC01034,MEDIUM,
R00300,S0055,Delhi (batch said Bengaluru — corrected: Delhi HQ per all sources),,2024-03-01,2024,FY24-25,Series C,525.0,INR,525.0,,,undisclosed,,INV0280;INV0493;INV0494,3,all-new-investors (DERIVED),"Expand product line, manufacturing, R&D",SRC01027,HIGH,
R00301,S0055,Delhi (batch said Bengaluru — corrected: Delhi HQ per all sources),,2025-05-01,2025,FY25-26,Series D,638.0,INR,638.0,,,undisclosed,INV0488,INV0488;INV0494,3,mixed (DERIVED),"Boost production capacity, R&D, distribution to 80 cities",SRC01033,HIGH,
R00302,S0055,Delhi (batch said Bengaluru — corrected: Delhi HQ per all sources),,2026-03-24,2026,FY26-27,Series E (equity),437.5,INR,437.5,,,undisclosed,INV0280,INV0280;INV0488;INV0125,4,all-follow-on (DERIVED),"Expand manufacturing, scale network, R&D",SRC01025,HIGH,
R00303,S0055,Delhi (batch said Bengaluru — corrected: Delhi HQ per all sources),,2026-03-24,2026,FY26-27,Series E (debt),250.0,INR,250.0,,,n/a,,INV0495;INV0413;INV0381;INV0371,4,all-new-investors (DERIVED),"Manufacturing expansion, network scaling",SRC01025,HIGH,
R00304,S0055,Delhi (batch said Bengaluru — corrected: Delhi HQ per all sources),,2025-01-01,2025,FY25-26,Debt,20.0,USD,1714.0,,,n/a,,INV0496,1,all-new-investors (DERIVED),Working capital,SRC01026,MEDIUM,
R00305,S0056,Pune (batch said Bengaluru — corrected: Pune HQ per all sources),2024-06-01,,2024,FY24-25,Series E,,USD,,,,,INV0498;INV0499,,2,new (Amara) + existing,lending scale-up,SRC01046,,announcement_date stated loosely: Jun 2024
R00306,S0056,Pune (batch said Bengaluru — corrected: Pune HQ per all sources),,,2022,FY22-23,Series D,110.0,USD,8635.0,,,,INV0500;INV0063,,2,unknown,,SRC01046,,announcement_date stated loosely: Aug 2022
R00307,S0056,Pune (batch said Bengaluru — corrected: Pune HQ per all sources),,,,,Series F,,USD,,,,,,,0,initial (DERIVED),,SRC01049,HIGH,added session-2 gapfill
R00308,S0057,Noida,,2025-01-09,2025,FY25-26,Series F,275.0,USD,23567.5,3450.0,USD,post-money (primary),INV0143,INV0143;INV0502;INV0503;INV0504;INV0505;INV0237,7,all-new-investors (DERIVED),,SRC01052,HIGH,
R00309,S0057,Noida,,2021-12-14,2021,FY21-22,Series E,150.0,USD,11175.0,3200.0,USD,post-money,,,0,unknown,,SRC01054,HIGH,
R00310,S0057,Noida,,2021-02-04,2021,FY21-22,Series D,105.0,USD,7822.5,,,,INV0029,,1,initial (DERIVED),,SRC01054,MEDIUM,
R00311,S0058,Bengaluru,2021-03-17,2021-03-17,2021,FY21-22,Seed,7.3,USD,543.85,,,None,INV0125,INV0125;INV0506;INV0507;INV0508;INV0509;INV0510,7,initial (DERIVED),Build hyperspectral constellation,SRC01066,HIGH,
R00312,S0058,Bengaluru,2022-03-29,2022-03-29,2022,FY22-23,Series A,25.0,USD,1962.5,,,None,INV0511,INV0511;INV0512;INV0046;INV0513;INV0507,6,mixed (DERIVED),Constellation + Aurora platform,SRC01065,HIGH,
R00313,S0058,Bengaluru,2023-06-01,2023-06-01,2023,FY23-24,Series B,36.0,USD,2980.8,,,None,INV0256,INV0256;INV0511;INV0046;INV0125;INV0507;INV0514;INV0515;INV0516;INV0512;INV0517,11,mixed (DERIVED),"Hyperspectral constellation + Aurora analytics platform; 6 sats 2024, 18 more by 2025",SRC01059,HIGH,
R00314,S0058,Bengaluru,2024-12-09,2024-12-09,2024,FY24-25,Series B extension,24.0,USD,2008.8,,,None,INV0518;INV0117,INV0518;INV0117,4,all-new-investors (DERIVED),Series B extension,SRC01076,HIGH,Series B extension; total Series B $60M; cumulative $95M
R00315,S0058,Bengaluru,2026-09-06,2026-09-06,2026,FY26-27,Series C,100.0,USD,8700.0,350.0,USD,press-quoted,INV0127;INV0512,INV0127;INV0512;INV0288;INV0519,6,mixed (DERIVED),Expand satellite production across India and US; next-gen sats; US government business,SRC01058,HIGH,Largest Indian spacetech round to date per TNW; announced Sept 6 US / Sept 7 IST; total raised $195M
R00316,S0059,Mumbai,,2024-01-12,2024,FY24-25,Series B,900.0,INR,900.0,,,,INV0520,INV0520,2,initial (DERIVED),,SRC01092,MEDIUM,
R00317,S0059,Mumbai,,2026-03-16,2026,FY26-27,Series B extension / growth equity,3805.0,INR,3805.0,,,,INV0494;INV0521,INV0494;INV0522;INV0523;INV0520,6,mixed (DERIVED),,SRC01094,HIGH,
R00318,S0059,Mumbai,,2026-05-06,2026,FY26-27,Debt,15.0,USD,1305.0,,,,INV0524,INV0525,2,all-new-investors (DERIVED),,SRC01093,HIGH,
R00319,S0059,Mumbai,2026-03-01,2026-03-01,2026,FY26-27,Series B,,USD,,,,,,,0,unknown,"Expand retail green lending (EV, rooftop solar, SME)",SRC01096,MEDIUM,added session-2 gapfill
R00320,S0060,Mumbai,,2021-08-11,2021,FY21-22,Series B,29.0,USD,2160.5,87.0,USD,post-money,INV0528,INV0171;INV0528;INV0529;INV0530;INV0531;INV0439,7,initial (DERIVED),,SRC01113,MEDIUM,
R00321,S0060,Mumbai,,2024-10-28,2024,FY24-25,Series D,15.8,USD,1322.46,,,,INV0528,INV0528;INV0288;INV0171,4,mixed (DERIVED),,SRC01106,MEDIUM,
R00322,S0060,Mumbai,,2025-08-25,2025,FY25-26,Series D (pending),155.0,USD,13283.5,550.0,USD,estimated post-money,INV0532,INV0532,2,all-new-investors (DERIVED),,SRC01104,MEDIUM,Board resolution reported; close unconfirmed
R00323,S0060,Mumbai,,2025-11-07,2025,FY25-26,Corporate Minority (Series D extension),10.5,USD,899.85,,,,INV0533,INV0533,2,all-new-investors (DERIVED),,SRC01103,HIGH,
R00324,S0060,Mumbai,2025-08-25,2025-08-25,2025,FY25-26,Series D,,USD,,550.0,USD,post-money,,,0,new,Business requirements and general corporate purposes; AMDG-PAX Foundation to hold 27.87% post-allotment,SRC01107,MEDIUM,added session-2 gapfill
R00325,S0060,Mumbai,2024-08-22,2024-08-22,2024,FY24-25,Series C,,USD,,207.0,USD,post-money,,,0,new,Angel investors and Moneycrew Fintech,SRC01108,MEDIUM,added session-2 gapfill
R00326,S0060,Mumbai,2023-03-30,2023-03-30,2023,FY23-24,Series C,,USD,,200.0,USD,post-money,,,0,new,IvyCap Ventures Trust Fund III CCPS issuance,SRC01107,MEDIUM,added session-2 gapfill
R00327,S0061,Mumbai,2019,2019,2019,FY19-20,Series A,4.0,USD,344.0,,,,INV0145;INV0536,INV0145;INV0536,4,initial (DERIVED),,SRC01118,MEDIUM,Per VCCircle Sept 2026 recap of history.
R00328,S0061,Mumbai,2021-06-01,2021-06-01,2021,FY21-22,pre-Series B,7.1,USD,528.95,,,,INV0536,INV0536,2,all-follow-on (DERIVED),,SRC01132,MEDIUM,
R00329,S0061,Mumbai,2025-02-01,2025-02-01,2025,FY25-26,pre-Series C,35.0,INR,35.0,,,,INV0537,INV0537;INV0538;INV0539;INV0540,5,all-new-investors (DERIVED),,SRC01118,MEDIUM,
R00330,S0061,Mumbai,2026-09-07,2026-09-07,2026,FY26-27,Series C,50.0,USD,4350.0,,,,INV0037;INV0541,INV0037;INV0541;INV0537;INV0300,6,led by Peak XV Partners and Filter Capital; existing investors participated,"Brand building, distribution expansion, R&D",SRC01118,HIGH,"Mix of primary + secondary; partial exits to Kae Capital, Lightbox VC, angels. Valuation undisclosed. INR ~472.4 Cr per VCCircle."
R00331,S0062,Mumbai,2022-04-01,2022-04-01,2022,FY22-23,Series B,22.0,USD,1727.0,,,,INV0004,,1,unknown,,SRC01147,MEDIUM,
R00332,S0062,Mumbai,2025-03-01,2025-03-01,2025,FY25-26,Series C (tranche 1),44.0,USD,3770.8,,,,INV0003,,1,unknown,,SRC01154,HIGH,C1 tranche; Accel India Rs 285.4 Cr per RoC; valuation ~$340M post-money (Entrackr est).
R00333,S0062,Mumbai,2025-07-01,2025-07-16,2025,FY25-26,Series C (tranche 2),20.0,USD,1714.0,,,,INV0037,,1,unknown,,SRC01141,HIGH,"C2 tranche; 19,737 Series C2 CCPS at Rs 88,331; valuation ~$410M (Entrackr est)."
R00334,S0062,Mumbai,2025-08-11,2025-08-11,2025,FY25-26,Series C (total),85.0,USD,7284.5,,,,INV0003;INV0037,INV0003;INV0037;INV0004;INV0542,6,mixed (DERIVED),,SRC01139,HIGH,"$65M primary + $20M secondary; valuation >$400M (TechCrunch). Two closes: $44M Accel-led, $40M Peak XV-led."
R00335,S0062,Mumbai,,,,,Series C,,USD,,,,reported_pre-round,,,0,initial (DERIVED),,SRC01142,MEDIUM,added session-2 gapfill
R00336,S0062,Mumbai,2020-05-16,2020-05-16,2020,FY20-21,Seed,0.497776,USD,36.84,,,,INV0543,INV0542,2,all-new-investors (DERIVED),Business operations expansion,SRC01155,HIGH,"Rs 3.7 Cr per InfoEdge NSE filing; 24,980 seed CCP shares; 17.80% stake"
R00337,S0062,Mumbai,2021-06-08,2021-06-08,2021,FY21-22,Series A,5.0,USD,372.5,,,,INV0542,INV0542;INV0544;INV0545,4,mixed (DERIVED),Expand to three new cities; product/technology; supply chain,SRC01156,HIGH,Rs 36 crore per IndianStartupNews
R00338,S0063,Mumbai,2025-08-19,2025-08-19,2025,FY25-26,Growth equity,170.0,USD,14569.0,,,,INV0046;INV0013,INV0046;INV0013;INV0115,5,initial (DERIVED),"Asset acquisitions, tech development, tier-2/3 expansion",SRC01163,HIGH,"Rs ~1,481.5 Cr; subject to regulatory approvals."
R00339,S0063,Mumbai,2026-03-18,2026-03-18,2026,FY26-27,Growth equity (two tranches),1450.0,INR,1450.0,,,,INV0013;INV0118,INV0013;INV0118;INV0115,5,mixed (DERIVED),scale affordable housing finance book,SRC01165,HIGH,Two tranches; Rs 950 Cr second tranche; funded 75% Centrum HFL stake.
R00340,S0064,Bengaluru,,,2021,FY21-22,Series E,210.0,USD,15645.0,,,post-money,INV0027;INV0029;INV0124,,3,"new and existing (General Atlantic, Tiger Global, Moore Strategic)",,SRC01192,,announcement_date stated loosely: Nov 2021
R00341,S0064,Bengaluru,,,2019,FY19-20,Series D,80.0,USD,6880.0,,,,INV0029,,1,unknown,,SRC01192,,announcement_date stated loosely: Oct 2019
R00342,S0064,Bengaluru,,,2023,FY23-24,Series E extension,5.0,USD,414.0,,,undisclosed,INV0256,,1,new investor Google,,SRC01192,,announcement_date stated loosely: Mar 2023
R00343,S0064,Bengaluru,2019-06-22,2019-06-22,2019,FY19-20,Series C,51.0,USD,4386.0,,,undisclosed,INV0027,INV0027,2,initial (DERIVED),Series C funding,SRC01193,MEDIUM,
R00344,S0064,Bengaluru,2019-10-01,2019-10-01,2019,FY19-20,Series D,50.0,USD,4300.0,,,undisclosed,INV0029,INV0029,2,all-new-investors (DERIVED),Series D funding,SRC01194,MEDIUM,
R00345,S0064,Bengaluru,2021-11-23,2021-11-23,2021,FY21-22,Total funding,361.0,USD,26894.5,,,post-money,INV0027;INV0029;INV0124,INV0027;INV0029;INV0124;INV0121;INV0130;INV0546;INV0547;INV0548;INV0549;INV0256,13,mixed (DERIVED),Total funding raised to date,SRC01189,HIGH,Total raised $361M per PTI/Rediff Sep 2026; $366M per Zivora PR; $368M per Tracxn; $430.9M per StartupTalky (includes debt/secondary)
R00346,S0065,Hyderabad,,2026-05-07,2026,FY26-27,pre-Series C (second),60.0,USD,5220.0,1100.0,USD,pre-money,INV0313;INV0036,INV0313;INV0036;INV0550;INV0551;INV0552;INV0553;INV0025,9,all-new-investors (DERIVED),,SRC01200,HIGH,
R00347,S0065,Hyderabad,,2023-11-01,2023,FY23-24,pre-Series C (first),27.5,USD,2277.0,550.0,USD,post-money (reported),INV0127,,1,unknown,,SRC01202,HIGH,
R00348,S0065,Hyderabad,,2022-09-01,2022,FY22-23,Series B,51.0,USD,4003.5,,,,,,0,unknown,,SRC01207,HIGH,
R00349,S0065,Hyderabad,,2022-01-01,2022,FY22-23,Series B (early tranche; Sherpalo participated),4.5,USD,353.25,,,,,,0,initial (DERIVED),,SRC01204,MEDIUM,
R00350,S0066,Bengaluru,,,2021,FY21-22,Seed,2.5,USD,186.25,,,,INV0170,,1,unknown,,SRC01211,,announcement_date stated loosely: Jul 2021
R00351,S0066,Bengaluru,,,2023,FY23-24,Series A1,,USD,,,,,INV0037,,1,unknown,,SRC01212,,announcement_date stated loosely: Jun 2023 / Feb 2024
R00352,S0066,Bengaluru,,,2025,FY25-26,Series B,50.0,USD,4285.0,,,post-money (press-quoted),INV0556,,1,"new (Reliance lead); existing Peak XV, Kalaari participated per VCCircle",Scale global operations; defence customers and missile-tracking expansion,SRC01210,,announcement_date stated loosely: Dec 2025
R00353,S0066,Bengaluru,2023-06-01,2023-06-20,2023,FY23-24,Series A1,10.0,USD,828.0,,,,INV0037,INV0037;INV0170,3,all-new-investors (DERIVED),Deploy first phase of space surveillance constellation; launch satellites,SRC01216,HIGH,
R00354,S0066,Bengaluru,2024-02-01,2024-02-28,2024,FY24-25,Series A1 (extension),2.0,USD,167.4,,,,INV0557;INV0558,INV0557;INV0558,4,all-new-investors (DERIVED),Extended Series A1 close at $12M total,SRC01223,HIGH,
R00355,S0066,Bengaluru,2020-08-20,2020-08-20,2020,FY20-21,Grant (prize money),0.25,INR,0.25,,,,INV0559,INV0560,2,initial (DERIVED),Pre-seed grant for space debris monitoring R&D,SRC01215,HIGH,
R00356,S0067,Mumbai,2022-03-30,2022-03-30,2022,FY22-23,Venture round (unicorn),75.0,USD,5887.5,,,post-money (reported),INV0562,INV0562;INV0029;INV0563,4,"new (Malabar-led) + existing Tiger Global, Raine",growth,SRC01229,HIGH,
R00357,S0067,Mumbai,2022,2022,2022,FY22-23,UNKNOWN,48.0,USD,3768.0,,,,,,0,unknown,,SRC01247,LOW,Per GetLatka structured dataset citing livemint; not corroborated in this pass — UNVERIFIED.
R00358,S0067,Mumbai,2006-06-01,2006-06-01,2006,FY06-07,Seed,,USD,,,,,,,0,unknown,founding,SRC01240,LOW,Seed round per PitchBook/Tracxn; amount undisclosed
R00359,S0067,Mumbai,2021-06-25,2021-06-25,2021,FY21-22,Series B,,USD,,,,,,INV0103,1,all-new-investors (DERIVED),growth,SRC01244,MEDIUM,Tiger Global first institutional investor (2011); Series B per PitchBook
R00360,S0067,Mumbai,2022-03-30,2022-03-30,2022,FY22-23,Series C (unicorn),75.0,USD,5887.5,,,post-money (reported),INV0564,INV0564;INV0103;INV0565;INV0566;INV0567;INV0568;INV0569,8,mixed (DERIVED),growth + investment arm,SRC01237,HIGH,14th unicorn of 2022 / 99th Indian unicorn per Inc42; Raine Group was financial advisor
R00361,S0067,Mumbai,2021-11-03,2021-11-03,2021,FY21-22,Angel,0.0366,USD,2.73,,,,,INV0570,1,all-new-investors (DERIVED),,SRC01240,LOW,Per Tracxn funding table; $36.6K angel round
R00362,S0067,Mumbai,,,,,Total disclosed,98.1,USD,8407.17,,,post-money (Tracxn),,,0,initial (DERIVED),,SRC01240,HIGH,Total $98.1M across 6 rounds per Tracxn; 8 institutional + 26 angel investors
R00363,S0068,Thane,,2025-09-18,2025,FY25-26,Series G,731.5,USD,62689.55,2800.0,USD,post-money reported,INV0571,INV0571;INV0572;INV0029;INV0291;INV0573;INV0574,7,mixed (DERIVED),Pre-IPO; founders raise stake to ~30% promoter status,SRC01255,HIGH,
R00364,S0068,Thane,2019,2019,2019,FY19-20,Seed/Series A,10.0,USD,860.0,,,,INV0003;INV0048,INV0003;INV0048;INV0575;INV0576,6,initial (DERIVED),early-stage growth,SRC01259,MEDIUM,
R00365,S0068,Thane,2021-02-01,2021-02-01,2021,FY21-22,Series B,100.0,USD,7450.0,1000.0,USD,post-money,INV0029,INV0029;INV0003;INV0048;INV0575;INV0576,6,mixed (DERIVED),growth capital,SRC01259,HIGH,
R00366,S0068,Thane,2024,2024,2024,FY24-25,debt,50.0,USD,4185.0,,,,INV0306,INV0306,2,all-new-investors (DERIVED),growth capital,SRC01261,MEDIUM,
R00367,S0068,Thane,2025-01-01,2025-01-01,2025,FY25-26,Series F,121.0,USD,10369.7,2800.0,USD,post-money,INV0029;INV0230;INV0577;INV0578,INV0029;INV0230;INV0577;INV0579;INV0580,9,mixed (DERIVED),pre-IPO growth,SRC01266,MEDIUM,
R00368,S0068,Thane,2025,2025,2025,FY25-26,debt,150.0,USD,12855.0,,,,INV0581,INV0306,2,all-follow-on (DERIVED),growth capital,SRC01255,HIGH,
R00369,S0068,Thane,2025-02-01,2025-02-01,2025,FY25-26,debt,1250.0,INR,1250.0,,,,INV0582,INV0582,2,all-new-investors (DERIVED),growth capital,SRC01260,MEDIUM,
R00370,S0068,Thane,2026,2026,2026,FY26-27,debt,1250.0,INR,1250.0,,,,INV0582,INV0582,2,all-follow-on (DERIVED),growth capital,SRC01260,MEDIUM,
R00371,S0069,"Hyderabad (India R&D; HQ Los Altos, USA)",,2021-09-14,2021,FY21-22,Series B,35.0,USD,2607.5,,,,INV0103,,1,unknown,,,,
R00372,S0069,"Hyderabad (India R&D; HQ Los Altos, USA)",,,,,Acquisition (NXP Semiconductors; enrich $35M round type/date still unverified),,USD,,,,acquisition_price_reported,,,0,initial (DERIVED),,SRC01278,MEDIUM,added session-2 gapfill
R00373,S0070,Bengaluru,,2026-08-19,2026,FY26-27,Series C (first institutional equity),100.0,USD,8700.0,,,post-money (per ET headline),INV0142,,1,first institutional / new investor Prosus,,SRC01281,,
R00374,S0070,Bengaluru,,2025-07-28,2025,FY25-26,debt (NCD),20.0,USD,1714.0,,,,INV0584,,1,unknown,,SRC01299,,
R00375,S0070,Bengaluru,2025-07-28,2025-07-28,2025,FY25-26,Conventional Debt (NCD),20.0,USD,1714.0,,,,INV0584,INV0584;INV0585,3,all-new-investors (DERIVED),NBFC capital raising,SRC01299,MEDIUM,
R00376,S0070,Bengaluru,2024-05-23,2024-05-23,2024,FY24-25,Convertible Debt,18.01215,USD,1507.62,,,,INV0586,INV0586;INV0587;INV0588;INV0589;INV0590;INV0591,7,initial (DERIVED),,SRC01292,MEDIUM,Per Tracxn funding history
R00377,S0070,Bengaluru,,2026-08-13,2026,FY26-27,IPO (planned),3000.0,INR,3000.0,,,target IPO valuation,INV0592;INV0593;INV0401;INV0594,,4,unknown,Public listing,SRC01289,MEDIUM,"DRHP filing reportedly planned Dec 2026; no OFS component; previously filed 2022 for ₹3,350 cr, abandoned 2023"
R00378,S0070,Bengaluru,,2025,2025,FY25-26,Preferential shares (NBFC capital),5000.0,INR,5000.0,,,,,,0,unknown,NBFC equity capital,SRC00082,MEDIUM,"₹500 cr raised in two tranches via preferential shares; Navi Finserv equity capital ~₹4,000 cr"
R00379,S0071,Bengaluru,,2026-07-02,2026,FY26-27,Series E (tranche 1),6.0,USD,522.0,,,,INV0003;INV0596;INV0029,,3,unknown,,SRC01308,,
R00380,S0071,Bengaluru,,2021-12-13,2021,FY21-22,Series D-II,145.0,USD,10802.5,,,,INV0597,,1,unknown,,SRC01314,,
R00381,S0071,Bengaluru,,2019-04-24,2019,FY19-20,Series C,90.0,USD,7740.0,,,,INV0029,,1,unknown,,SRC01318,,
R00382,S0071,Bengaluru,,,,,Growth (Flipkart/Walmart-led $145M),,USD,,,,reported_post_money,,,0,initial (DERIVED),,SRC01311,HIGH,added session-2 gapfill
R00383,S0071,Bengaluru,2018-12-12,2018-12-12,2018,FY18-19,Series B,3100.0,INR,3100.0,,,,INV0598;INV0599,INV0598;INV0599;INV0600;INV0601;INV0602;INV0413;INV0291;INV0596;INV0603;INV0241,12,all-new-investors (DERIVED),"Expand to new geographies, strengthen product/tech, build supply chain infrastructure",SRC01317,HIGH,Rs 250 crore (~$31M); total raised Rs 310 crore at that point
R00384,S0071,Bengaluru,2022-05-01,2022-05-01,2022,FY22-23,Growth (STIC Investments),9.2,USD,722.2,,,reported_post_money,INV0604,INV0604,2,all-new-investors (DERIVED),,SRC01310,MEDIUM,Per ET citing Tracxn; valuation $756M as of May 2022
R00385,S0071,Bengaluru,2021-12-13,2022-01-24,2022,FY22-23,Growth (Flipkart/Walmart-led $145M),145.0,USD,11382.5,,,reported_post_money,INV0028;INV0605,INV0028;INV0605,4,all-new-investors (DERIVED),,SRC01311,HIGH,Entrackr estimate from regulatory filings; $72.5M each from Walmart and Flipkart
R00386,S0072,Noida,,2018-05-01,2018,FY18-19,Private,125.0,USD,10750.0,1000.0,USD,,,INV0127;INV0606,2,all-new-investors (DERIVED),,SRC01324,MEDIUM,Unicorn round; search-snippet fact (Wikipedia snippet)
R00387,S0072,Noida,,2020-01-01,2020,FY20-21,Private,,USD,,1000.0,USD,,INV0234,INV0234,2,all-new-investors (DERIVED),,SRC01324,MEDIUM,Undisclosed sum; first Indian unicorn of 2020 per StartupTalky
R00388,S0072,Noida,,2021-07-01,2021,FY21-22,Private,325.0,USD,24212.5,3500.0,USD,,INV0093;INV0607,INV0093;INV0607,4,all-new-investors (DERIVED),,SRC01324,MEDIUM,Search-snippet fact
R00389,S0072,Noida,,2022-01-01,2022,FY22-23,Series F,150.0,USD,11775.0,5000.0,USD,,INV0066,,1,unknown,,SRC01324,MEDIUM,Search-snippet fact
R00390,S0072,Noida,,2022-03-04,2022,FY22-23,Series F,50.0,USD,3925.0,5050.0,USD,,INV0276,INV0606;INV0608;INV0127;INV0037,5,all-follow-on (DERIVED),,SRC01332,MEDIUM,Tracxn snippet
R00391,S0072,Noida,,2025-11-03,2025,FY25-26,IPO,3900.0,USD,334230.0,2900.0,USD,,,INV0609,1,all-follow-on (DERIVED),,SRC01321,HIGH,"Fresh Rs 2,080 cr + OFS 82.34M shares; price band Rs 210-221; ~$440M; valuation ~$2.9B"
R00392,S0072,Noida,,2009-01-01,2009,FY09-10,Seed,,USD,,,,undisclosed,INV0610,INV0037,2,initial (DERIVED),,SRC01333,MEDIUM,
R00393,S0072,Noida,,2014-05-08,2014,FY14-15,Series A,,USD,,,,undisclosed,INV0037,INV0037;INV0065,3,mixed (DERIVED),,SRC01334,MEDIUM,
R00394,S0072,Noida,,2018-01-12,2018,FY18-19,Series B,82.0,USD,7052.0,,,undisclosed,INV0608;INV0611,INV0608;INV0611;INV0612;INV0065,6,mixed (DERIVED),,SRC01324,MEDIUM,
R00395,S0072,Noida,,2018-05-31,2018,FY18-19,Series C,125.0,USD,10750.0,,,post-money,INV0127;INV0606,INV0127;INV0606;INV0065,5,all-follow-on (DERIVED),,SRC01324,MEDIUM,
R00396,S0072,Noida,,2020-01-01,2020,FY20-21,Corporate,,USD,,,,post-money,INV0234,INV0234,2,all-follow-on (DERIVED),,SRC01335,MEDIUM,
R00397,S0072,Noida,,2020-12-21,2020,FY20-21,Series D,41.0,USD,3034.0,,,post-money,INV0033,INV0033,2,all-new-investors (DERIVED),,SRC01334,MEDIUM,
R00398,S0072,Noida,,2021-04-20,2021,FY21-22,Series D,5.5,USD,409.75,,,post-money,INV0613;INV0037;INV0614,INV0613;INV0037;INV0614;INV0615;INV0616;INV0127;INV0033;INV0617;INV0618;INV0619,13,mixed (DERIVED),,SRC01334,MEDIUM,
R00399,S0072,Noida,,2021-05-17,2021,FY21-22,Series E,285.0,USD,21232.5,,,post-money,INV0614;INV0615;INV0616;INV0127;INV0033,INV0614;INV0615;INV0616;INV0127;INV0033;INV0288;INV0620;INV0621;INV0622;INV0623;INV0624;INV0619,17,mixed (DERIVED),,SRC01336,HIGH,
R00400,S0072,Noida,,2021-07-06,2021,FY21-22,Series E,315.0,USD,23467.5,,,post-money,INV0102;INV0607;INV0625,INV0102;INV0607;INV0625;INV0288;INV0620;INV0621;INV0622;INV0623;INV0624;INV0619,13,mixed (DERIVED),,SRC01324,MEDIUM,
R00401,S0072,Noida,,2021-09-16,2021,FY21-22,Series F,100.0,USD,7450.0,,,post-money,INV0626,INV0626,2,all-new-investors (DERIVED),,SRC01334,MEDIUM,
R00402,S0072,Noida,,2022-01-04,2022,FY22-23,Corporate,20.0,USD,1570.0,,,undisclosed,INV0627,INV0627,2,all-new-investors (DERIVED),,SRC01337,MEDIUM,
R00403,S0072,Noida,,2025-06-26,2025,FY25-26,IPO,2600.0,USD,222820.0,,,target,,INV0609,1,all-new-investors (DERIVED),,SRC01323,HIGH,
R00404,S0072,Noida,,2025-11-06,2025,FY25-26,Secondary,197.88,USD,16958.32,,,undisclosed,INV0628,INV0628;INV0629,3,all-new-investors (DERIVED),,SRC01338,LOW,
R00405,S0073,Bengaluru (factory Hoskote),,2026-08-05,2026,FY26-27,Series C (equity+debt),120.0,USD,10440.0,,,,INV0146;INV0630,,2,unknown,,SRC01362,,
R00406,S0073,Bengaluru (factory Hoskote),2024-02-05,2024-02-05,2024,FY24-25,Series B,40.0,USD,3348.0,,,undisclosed,INV0631,,1,existing,"Ramp up production, expand distribution, launch second product",SRC01373,,
R00407,S0073,Bengaluru (factory Hoskote),2023-06-01,2023-06-01,2023,FY23-24,Series A,15.0,USD,1242.0,,,undisclosed,INV0632,,1,existing,Initial product development and launch,SRC01371,,
R00408,S0073,Bengaluru (factory Hoskote),,,,,Series C,,USD,,,,undisclosed,,,0,initial (DERIVED),"New factory, 2 new scooters, manufacturing scale-up",SRC01364,HIGH,added session-2 gapfill
R00409,S0073,Bengaluru (factory Hoskote),,,,,Series C,,USD,,,,,,,0,unknown,Expand portfolio and build factory,SRC01365,HIGH,added session-2 gapfill
R00410,S0073,Bengaluru (factory Hoskote),2026-08-05,2026-08-05,2026,FY26-27,Series C,,USD,,,,undisclosed,,,0,new,"New factory, 2 new scooters, manufacturing scale-up",SRC01362,HIGH,added session-2 gapfill
R00411,S0074,"Chennai (dual HQ Wilmington, Delaware, USA)",2026-03-25,2026-03-25,2026,FY26-27,Series C,60.0,USD,5220.0,300.0,USD,post-money,INV0119,,1,new,"Nitro agentic platform, enterprise GTM, global expansion",SRC01387,,
R00412,S0074,"Chennai (dual HQ Wilmington, Delaware, USA)",2024-06-25,2024-06-25,2024,FY24-25,Series B,24.0,USD,2008.8,100.0,USD,post-money,INV0634;INV0635;INV0199,,3,existing,"New products, customer portal, AI roadmap",SRC01388,,
R00413,S0074,"Chennai (dual HQ Wilmington, Delaware, USA)",2022-01-19,2022-01-19,2022,FY22-23,Series A,18.0,USD,1413.0,,,undisclosed,INV0636;INV0199;INV0634,,3,existing,Initial PSA platform development,SRC01381,,
R00414,S0075,Bengaluru,2026-09-03,2026-09-03,2026,FY26-27,Series C extension,70.0,USD,6090.0,365.0,USD,post-money,INV0638;INV0639;INV0513;INV0199;INV0640,,5,extension,"Ring as computer, AI interactions, gaming",SRC01390,,
R00415,S0075,Bengaluru,2026-03-17,2026-03-17,2026,FY26-27,Series C,48.0,USD,4176.0,,,undisclosed,INV0641,,1,new,"Return to US market, expand geographies, new wearable categories",SRC01417,,
R00416,S0075,Bengaluru,2025-11-20,2025-11-20,2025,FY25-26,venture debt,100.0,INR,100.0,,,debt,INV0371,,1,new,Working capital,SRC01395,,
R00417,S0075,Bengaluru,,,,,Series B,,USD,,,,None,,,0,"existing (Deepinder Goyal $10M, Blume)","manufacturing, R&D",SRC01398,MEDIUM,added session-2 gapfill
R00418,S0075,Bengaluru,,,,,"Venture (reported, unclosed)",,USD,,,,reported post-money (unclosed),,,0,"new (WestBridge-led, reported)",growth,SRC01399,MEDIUM,added session-2 gapfill
R00419,S0075,Bengaluru,2019-12-11,2019-12-11,2019,FY19-20,Seed,,USD,,,,undisclosed,INV0125;INV0048,INV0125;INV0642;INV0048;INV0643;INV0644,7,all-new-investors (DERIVED),founding/early development,SRC01408,MEDIUM,
R00420,S0075,Bengaluru,2021-08-14,2021-08-14,2021,FY21-22,Series A,17.5,USD,1303.75,,,undisclosed,INV0645;INV0225,INV0645;INV0225;INV0048;INV0125;INV0646;INV0647;INV0648;INV0136;INV0642;INV0649,12,mixed (DERIVED),"geographical expansion, product development",SRC01418,HIGH,
R00421,S0075,Bengaluru,2024-03-20,2024-03-20,2024,FY24-25,Series B,35.0,USD,2929.5,,,post-money,INV0125;INV0225;INV0048,INV0125;INV0225;INV0048;INV0066;INV0647,8,mixed (DERIVED),"manufacturing capacity, health tracking research",SRC01403,HIGH,
R00422,S0075,Bengaluru,,2025-04-28,2025,FY25-26,Reported (unclosed),120.0,USD,10284.0,,,reported post-money (unclosed),INV0004,INV0004;INV0650,3,all-new-investors (DERIVED),"growth, international expansion",SRC01399,MEDIUM,Reported but did not close as described; SoftBank talks also fell through prior
R00423,S0076,Bengaluru,,2026-08-24,2026,FY26-27,Private growth round (primary + small secondary),408.0,INR,408.0,20000.0,INR,reported post-money,INV0004,INV0004;INV0076;INV0652,4,mixed (DERIVED),"Geographic expansion (9 new cities), scale Third Rush Desserts",SRC01438,HIGH,
R00424,S0076,Bengaluru,,2023-09-01,2023,FY23-24,Series C,35.0,USD,2898.0,,,,INV0076,INV0076;INV0004;INV0653,4,mixed (DERIVED),,SRC01441,HIGH,
R00425,S0076,Bengaluru,,2022,2022,FY22-23,Series B,21.0,USD,1648.5,,,,INV0004,INV0004,2,all-new-investors (DERIVED),,SRC01440,MEDIUM,
R00426,S0076,Bengaluru,,2021,2021,FY21-22,Series A,6.0,USD,447.0,,,,INV0004,,1,initial (DERIVED),,SRC01440,MEDIUM,
R00427,S0076,Bengaluru,2026-08-24,2026-08-24,2026,FY26-27,Series D,408.0,INR,408.0,2000.0,INR,reported post-money,INV0004,INV0004;INV0076;INV0652,4,all-follow-on (DERIVED),"Geographic expansion (9 new cities), scale Third Rush Desserts, F&B innovation",SRC01449,HIGH,"WestBridge ~47%, Creaegis ~15%; small secondary from early founders exiting; PitchBook confirms Series D completed Aug 24, 2026"
R00428,S0077,Navi Mumbai,2025-05-06,2025-05-06,2025,FY25-26,Series B (equity + debt + secondary),250.0,USD,21425.0,,,,INV0654;INV0655,INV0654;INV0655;INV0528;INV0413;INV0656;INV0495;INV0657;INV0658,10,co-led by Eurazeo and Omnivore,"Expand to 1000+ cities/tiers III-IV, pharma vertical, TMS/WMS tech stack; debt for working capital",SRC01457,HIGH,
R00429,S0078,Gurugram,,2025-11-28,2025,FY25-26,Private,35.0,USD,2999.5,900.0,USD,,INV0659,,1,unknown,,SRC01467,MEDIUM,Valuation $900M (Inc42) / $935M post-money (Entrackr); conflict logged
R00430,S0078,Gurugram,,2026-06-23,2026,FY26-27,Private,900.0,USD,78300.0,1000.0,USD,,INV0660,INV0661,2,all-follow-on (DERIVED),,SRC01467,HIGH,~$95M; ~1/3 equity + 2/3 debt; valuation >$1B; 131st unicorn; IPO-bound; may raise +$50-60M at ~$1.6B
R00431,S0078,Gurugram,2026-06-01,2026-06-23,2026,FY26-27,Private,95.0,USD,8265.0,1000.0,USD,post-money,INV0660,INV0660;INV0661,3,all-new-investors (DERIVED),"market expansion, technology, IPO prep",SRC01472,HIGH,Rs 900 cr (~$95M); ~1/3 equity + 2/3 debt; 131st Indian unicorn; may raise +$50-60M at ~$1.6B
R00432,S0078,Gurugram,2023-03-01,2023-03-01,2023,FY23-24,Private,112.0,INR,112.0,,,,INV0662,INV0662,2,all-new-investors (DERIVED),purchase of 1 lakh sq ft office space in Hyderabad,SRC01470,MEDIUM,"Per VCCircle; early round-by-round history (Kae, Times Group, ADM, Reliance) not fully reconstructed"
R00433,S0078,Gurugram,2014,2014,2014,FY14-15,Private,,USD,,,,,,INV0145;INV0663;INV0664;INV0665,4,initial (DERIVED),seed/early stage,SRC01472,LOW,Early investors named in Inc42; specific round amounts/dates not available from fetched sources
R00434,S0079,Bengaluru,2026-01-01,2026-01-14,2026,FY26-27,Series B,250.0,USD,21750.0,,,,INV0667,INV0667;INV0227;INV0668;INV0025;INV0669,6,unknown,"Grow bond business, strengthen NBFC credit offerings",SRC01477,HIGH,
R00435,S0079,Bengaluru,,2022-05-01,2022,FY22-23,Series A,17.0,USD,1334.5,,,,INV0227,INV0227;INV0668,3,initial (DERIVED),,SRC01482,MEDIUM,
R00436,S0080,Bengaluru,,2026-08-24,2026,FY26-27,Series A,37.0,USD,3219.0,,,,INV0203,INV0203;INV0671;INV0672;INV0046;INV0673,6,mixed (DERIVED),"Scale engineering, commercial-scale manufacturing, go-to-market",SRC01485,HIGH,
R00437,S0080,Bengaluru,,2025-10-14,2025,FY25-26,Seed,8.65,USD,741.31,,,,INV0672,INV0672;INV0046;INV0673,4,initial (DERIVED),"Pilot with Narayana Health, expand beyond medical deliveries",SRC01487,HIGH,
R00438,S0081,Bengaluru,,2025-01-23,2025,FY25-26,Series B,20.0,USD,1714.0,,,,INV0674;INV0675,INV0674;INV0675;INV0676;INV0677;INV0489;INV0125,8,all-new-investors (DERIVED),"Product development, North America + APAC expansion",SRC01491,HIGH,
R00439,S0081,Bengaluru,,2023-07-21,2023,FY23-24,Series A,10.9,USD,902.52,,,,,,0,initial (DERIVED),,SRC01492,MEDIUM,
R00440,S0081,Bengaluru,,2023-10-10,2023,FY23-24,Undisclosed,6.9,USD,571.32,,,,,,0,unknown,,SRC01492,MEDIUM,
R00441,S0082,San Francisco (US) — NOT Bengaluru; batch city attribution unsupported by evidence,,2026-08-05,2026,FY26-27,Series A,35.0,USD,3045.0,,,,INV0678,INV0679;INV0680,3,all-new-investors (DERIVED),Scale model-routing / agent cost-optimization infra,SRC01499,MEDIUM,
R00442,S0082,San Francisco (US) — NOT Bengaluru; batch city attribution unsupported by evidence,,2026-02-05,2026,FY26-27,Seed,15.0,USD,1305.0,,,,,INV0681,1,initial (DERIVED),Build financial infrastructure layer for AI agents,SRC01498,HIGH,
R00443,S0083,Delhi NCR (seed) — CORRECTED: Mumbai/Delhi ops,,2021-01-05,2021,FY21-22,Series B,100.0,USD,7450.0,300.0,USD,,INV0683,,1,unknown,,SRC01506,HIGH,Series B; ~$300M post-money per TechCrunch source; Fireside part-exit
R00444,S0083,Delhi NCR (seed) — CORRECTED: Mumbai/Delhi ops,,2021,2021,FY21-22,Venture,,USD,,,,,INV0241,,1,initial (DERIVED),,SRC01510,MEDIUM,Undisclosed amount
R00445,S0083,Delhi NCR (seed) — CORRECTED: Mumbai/Delhi ops,,2022,2022,FY22-23,Private placement,500.0,USD,39250.0,,,,INV0436,INV0095,2,all-new-investors (DERIVED),,SRC01505,MEDIUM,Private placement after shelving 2022 IPO
R00446,S0083,Delhi NCR (seed) — CORRECTED: Mumbai/Delhi ops,,2025-10-29,2025,FY25-26,IPO-UDRHP,1500.0,USD,128550.0,,,,,,0,unknown,,SRC01504,HIGH,"Fresh Rs 500 cr (WC Rs 225 cr + brand Rs 150 cr) + OFS Rs 1,000 cr (Sameer 75, Aman 225, South Lake 500, Fireside 150, Qualcomm 50)"
R00447,S0084,Gurugram,,2016-05-01,2016,FY16-17,Series C,50.0,USD,4300.0,,,,INV0684,INV0685,2,initial (DERIVED),,SRC01518,MEDIUM,"Series C; snippet fact (fetch 403, snippet only → MEDIUM)"
R00448,S0084,Gurugram,2024-12-01,2024-12-11,2024,FY24-25,IPO,572.0,USD,47876.4,,,,,,0,new,public listing on BSE/NSE (listed 18 Dec 2024),SRC01515,HIGH,"Fresh issue 2.05 cr shares Rs 265-279; listed Dec 18 2024; net proceeds Rs 530.5 cr (objects: financial svcs 150, payments 135, R&D/AI, devices, GCP)"
R00449,S0085,Gurugram,2021-12-20,2021-12-01,2021,FY21-22,Series G,325.0,USD,24212.5,,,post-money,INV0066;INV0029;INV0002,INV0066;INV0029;INV0002,6,mixed (DERIVED),Growth,SRC01531,MEDIUM,
R00450,S0085,Gurugram,2025-04-16,2025-04-16,2025,FY25-26,Series G extension (Unattributed VC per CB Insights),11.7,USD,1002.69,,,None,INV0687,INV0687,2,all-new-investors (DERIVED),UNKNOWN,SRC01532,MEDIUM,
R00451,S0085,Gurugram,,2026-08-05,2026,FY26-27,IPO (planned/rumored),800.0,USD,69600.0,,,None,,INV0688,1,all-new-investors (DERIVED),$200M fresh issue + remainder OFS,SRC01529,MEDIUM,
R00452,S0085,Gurugram,2015-09-26,2015-09-26,2015,FY15-16,Series A,4.3,USD,369.8,,,,INV0689,INV0689;INV0690;INV0691;INV0692;INV0693,6,initial (DERIVED),Seed/Series A - prove procurement model,SRC01545,MEDIUM,
R00453,S0085,Gurugram,2016-11-21,2016-11-21,2016,FY16-17,Series B,11.12,USD,956.32,,,,INV0694;INV0056,INV0694;INV0695;INV0696;INV0056;INV0693,7,mixed (DERIVED),Category expansion beyond steel,SRC01545,MEDIUM,
R00454,S0085,Gurugram,2018-06-26,2018-06-26,2018,FY18-19,Series C,29.3,USD,2519.8,,,,INV0056;INV0694;INV0066;INV0697,INV0056;INV0694;INV0066;INV0697,8,mixed (DERIVED),"Expansion into polymers, chemicals",SRC01545,MEDIUM,
R00455,S0085,Gurugram,2019-09-18,2019-09-18,2019,FY19-20,Series D,34.15,USD,2936.9,,,,INV0056;INV0694;INV0063;INV0066,INV0056;INV0694;INV0698;INV0066;INV0697,9,mixed (DERIVED),COVID-era expansion; PPE pivot,SRC01545,MEDIUM,
R00456,S0085,Gurugram,2021-07-31,2021-07-31,2021,FY21-22,Series E,160.0,USD,11920.0,,,,INV0699;INV0066,INV0700;INV0007;INV0066,5,mixed (DERIVED),Unicorn milestone; acquisitions,SRC01546,HIGH,
R00457,S0085,Gurugram,2021-09-30,2021-09-30,2021,FY21-22,Series F,194.0,USD,14453.0,,,,INV0029,INV0029;INV0699;INV0066;INV0616;INV0056,6,mixed (DERIVED),Expansion; valuation to $3B,SRC01544,HIGH,
R00458,S0085,Gurugram,2025-04-16,2025-04-16,2025,FY25-26,Series G extension,11.7,USD,1002.69,,,,INV0687,INV0687,2,all-follow-on (DERIVED),Pre-IPO growth capital,SRC01532,MEDIUM,
R00459,S0085,Gurugram,,2026-08-05,2026,FY26-27,IPO (planned),800.0,USD,69600.0,,,,,INV0688,1,all-follow-on (DERIVED),"$200M fresh issue + ~$600M OFS; bankers: Axis, Morgan Stanley, JPMorgan, Citi, BofA",SRC01529,MEDIUM,
R00460,S0085,Gurugram,2022-03-24,2022-03-24,2022,FY22-23,Oxyzo Series A,200.0,USD,15700.0,,,post-money,INV0063;INV0053;INV0066,INV0063;INV0053;INV0066;INV0029;INV0697,8,mixed (DERIVED),Oxyzo standalone unicorn round; ~75% retained by OfBusiness,SRC01547,HIGH,
R00461,S0085,Gurugram,2025-02-24,2025-02-24,2025,FY25-26,Oxyzo debt (NCD),1000.0,INR,1000.0,,,,INV0701,INV0701,2,all-new-investors (DERIVED),Augment long-term resources; working capital,SRC01548,HIGH,
R00462,S0085,Gurugram,2025-05-21,2025-05-21,2025,FY25-26,Oxyzo debt (NCD),5330.0,INR,5330.0,,,,INV0702,INV0702;INV0703,3,all-new-investors (DERIVED),Day-to-day business operations including lending to SMEs,SRC01549,HIGH,
R00463,S0085,Gurugram,2025-03-19,2025-03-19,2025,FY25-26,Oxyzo debt (NCD),3500.0,INR,3500.0,,,,,INV0704,1,all-new-investors (DERIVED),"Fresh debt; total borrowings closed at Rs 6,028 Cr",SRC01538,HIGH,
R00464,S0085,Gurugram,,2025-09-25,2025,FY25-26,Oxyzo equity raise (planned),150.0,USD,12855.0,,,,INV0705,,1,unknown,Primary capital; 20% reserved for internal investors; IPO prep in 2.5-3 years,SRC01550,MEDIUM,
R00465,S0086,Gurugram,2019-06-02,2019-06-02,2019,FY19-20,Series A,4.0,USD,344.0,,,None,INV0037,INV0037,2,initial (DERIVED),UNKNOWN,SRC01574,MEDIUM,
R00466,S0086,Gurugram,2019-12-17,2019-12-17,2019,FY19-20,Series B,12.0,USD,1032.0,,,None,INV0037,INV0037,2,all-follow-on (DERIVED),UNKNOWN,SRC01574,MEDIUM,
R00467,S0086,Gurugram,2020-09-26,2020-09-26,2020,FY20-21,Series C,12.0,USD,888.0,,,None,INV0037,INV0037;INV0707;INV0708,4,mixed (DERIVED),UNKNOWN,SRC01574,MEDIUM,
R00468,S0086,Gurugram,2021-04-19,2021-04-19,2021,FY21-22,Series D,53.0,USD,3948.5,,,None,INV0037,INV0037;INV0707;INV0708,4,all-follow-on (DERIVED),UNKNOWN,SRC01574,MEDIUM,
R00469,S0086,Gurugram,2021-12-07,2021-12-07,2021,FY21-22,Series E,100.0,USD,7450.0,,,post-money,INV0103,INV0103;INV0707;INV0708;INV0037;INV0413,6,mixed (DERIVED),Growth,SRC01569,HIGH,
R00470,S0086,Gurugram,2025-07-22,2025-07-23,2025,FY25-26,Series E extension,4.0,USD,342.8,,,None,INV0037,INV0037;INV0707,3,all-follow-on (DERIVED),Scale owned hospitals; bridge to larger round,SRC01573,HIGH,
R00471,S0087,Bengaluru,,2026-09-10,2026,FY26-27,Private round (series unspecified),24.0,USD,2088.0,175.0,USD,reported post-money (unverified),INV0709,INV0709,2,all-new-investors (DERIVED),Expand kitchen network + supply chain infrastructure,SRC01583,HIGH,
R00472,S0087,Bengaluru,,2026-03-24,2026,FY26-27,Series B,38.0,USD,3306.0,,,,INV0710;INV0711,INV0710;INV0711;INV0003;INV0371;INV0293,7,mixed (DERIVED),"Multi-city expansion, kitchen automation + supply chain, team",SRC01582,HIGH,
R00473,S0087,Bengaluru,,2025-03-01,2025,FY25-26,Series A,14.0,USD,1199.8,,,,INV0003;INV0710,INV0003;INV0710,4,mixed (DERIVED),,SRC01585,MEDIUM,
R00474,S0087,Bengaluru,,2024-11-19,2024,FY24-25,Seed,2.0,USD,167.4,,,,INV0003,INV0003;INV0202,3,initial (DERIVED),,SRC01584,HIGH,
R00475,S0087,Bengaluru,,2026-06-30,2026,FY26-27,Private round (reported),20.0,USD,1740.0,,,,,,0,unknown,,SRC01595,LOW,PitchBook lists a $20M deal dated 30-Jun-2026 as 'In Progress'; may overlap with or be a separate tranche. Not independently confirmed.
R00476,S0088,Bengaluru,2026-06-24,2026-06-24,2026,FY26-27,seed,32.0,USD,2784.0,,,,INV0712,INV0712;INV0713;INV0652,4,initial (DERIVED),Team build-out and expanding work with global enterprises,SRC01602,HIGH,
R00477,S0089,Bengaluru,2025-01-07,2025-01-07,2025,FY25-26,seed,2.2,USD,188.54,,,,INV0714;INV0715,INV0714;INV0715;INV0652,5,initial (DERIVED),"Vehicle engineering, software, battery technology",SRC01607,HIGH,
R00478,S0089,Bengaluru,2025-12-10,2025-12-10,2025,FY25-26,series-a,6.0,USD,514.2,,,,INV0716,INV0716;INV0717;INV0006,4,all-new-investors (DERIVED),"Deliver first 100 tractors, manufacturing scale-up, field validation, supply chain",SRC01606,HIGH,
R00479,S0090,Bengaluru,2023-01-10,2023-01-10,2023,FY23-24,series-a,17.0,USD,1407.6,136.0,USD,,INV0718,INV0084;INV0719;INV0413;INV0689;INV0130;INV0720,7,initial (DERIVED),,SRC01613,HIGH,
R00480,S0090,Bengaluru,2024-11-12,2024-11-12,2024,FY24-25,later-stage vc,16.5,USD,1381.05,,,,,INV0719;INV0413;INV0056,3,mixed (DERIVED),Later-stage VC round,SRC01622,MEDIUM,
R00481,S0090,Bengaluru,2025-01-24,2025-01-24,2025,FY25-26,series-a,6.06,USD,519.34,135.78,USD,post-money,INV0721,INV0721;INV0722,3,all-new-investors (DERIVED),Series A extension,SRC01623,MEDIUM,
R00482,S0091,Bengaluru,2025-12-11,2025-12-11,2025,FY25-26,series-b,29.0,USD,2485.3,,,,INV0709,INV0709;INV0184,3,mixed (DERIVED),"AI-engineered antibodies R&D, scale manufacturing, global expansion",SRC01632,HIGH,
R00483,S0091,Bengaluru,,2023,2023,FY23-24,venture,6.0,USD,496.8,,,,INV0184,INV0184,2,initial (DERIVED),,SRC01633,MEDIUM,
R00484,S0091,Bengaluru,,,2023,FY23-24,venture,9.0,USD,745.2,,,,,INV0038;INV0724;INV0725,3,all-new-investors (DERIVED),,SRC01633,MEDIUM,announcement_date stated loosely: UNKNOWN pre-2023
R00485,S0092,Mumbai,2021,2021-07-29,2021,FY21-22,seed,35.0,USD,2607.5,,,,INV0726,INV0726,2,initial (DERIVED),,SRC01648,MEDIUM,
R00486,S0092,Mumbai,2025-02-06,2025-02-06,2025,FY25-26,growth-equity,135.0,USD,11569.5,350.0,USD,,INV0013;INV0630,INV0013;INV0630;INV0060;INV0727,6,all-new-investors (DERIVED),"Fleet growth, international operations, aircraft payments",SRC01637,HIGH,
R00487,S0092,Mumbai,2025-08-20,2025-08-20,2025,FY25-26,growth-equity,125.0,USD,10712.5,,,,INV0013;INV0630;INV0060,INV0013;INV0630;INV0060;INV0728,7,mixed (DERIVED),"Fleet expansion, international operations, customer experience",SRC01649,HIGH,
R00488,S0092,Mumbai,,2023-09-27,2023,FY23-24,planned,400.0,USD,33120.0,1000.0,USD,target,,,0,unknown,Capital expansion; multiple tranches planned,SRC01645,MEDIUM,Reported by Mint via ch-aviation; fundraising in multiple tranches with valuation up to $1B from ~$650M; Jhunjhunwala family unlikely to buy additional shares
R00489,S0093,Mumbai,,2025-07-25,2025,FY25-26,Series D-II (Later Stage VC),185.0,USD,15854.5,540.0,USD,reported-estimate,INV0029,INV0029;INV0220;INV0731,4,mixed (DERIVED),growth and expansion,SRC01676,HIGH,
R00490,S0093,Mumbai,,2021-11-30,2021,FY21-22,Series D,40.0,USD,2980.0,300.0,USD,,INV0029,INV0029,2,all-new-investors (DERIVED),,SRC01677,HIGH,valuation range per source: ~$300-340M (CB Insights: $340M (low end stored)
R00491,S0093,Mumbai,2022-03-09,2022-03-09,2022,FY22-23,Secondary,30.0,USD,2355.0,,,undisclosed,,,0,unknown,secondary transaction,SRC01681,MEDIUM,
R00492,S0093,Mumbai,2025-07-25,2025-07-25,2025,FY25-26,Series D-II,185.0,USD,15854.5,4585.0,USD,reported-estimate,INV0029,INV0029;INV0220;INV0731,4,all-follow-on (DERIVED),growth and expansion,SRC01682,HIGH,
R00493,S0093,Mumbai,,2015,2015,FY15-16,Seed/Early,,USD,,,,,INV0732,INV0732,2,initial (DERIVED),early-stage funding,SRC01677,MEDIUM,Mayfield India was first institutional investor; holds ~20-22% stake
R00494,S0093,Mumbai,,2016,2016,FY16-17,Series B/C,,USD,,,,,,INV0288,1,all-new-investors (DERIVED),growth,SRC01684,LOW,360 ONE participated in Series B/C tranches per CB Insights
R00495,S0094,Mumbai,,2024-10-18,2024,FY24-25,Series F,150.0,USD,12555.0,3200.0,USD,post-money,INV0734,INV0734;INV0005;INV0735;INV0003;INV0160;INV0736,7,all-new-investors (DERIVED),"expansion, AI products, enterprise/govt, India/APAC",SRC01687,HIGH,
R00496,S0094,Mumbai,,2021-08-01,2021,FY21-22,Series E,650.0,USD,48425.0,3200.0,USD,post-money,INV0598;INV0699,INV0598;INV0699;INV0737;INV0142,6,all-new-investors (DERIVED),"courses, products, geos, acquisitions",SRC01691,HIGH,
R00497,S0094,Mumbai,2025-09-11,2025-09-11,2025,FY25-26,Debt refinancing,150.0,USD,12855.0,,,,INV0306,INV0306;INV0738,3,all-new-investors (DERIVED),"4-year renewal; $130M loan + $20M credit line (HSBC up to $50M, MARS up to $100M)",SRC01688,HIGH,
R00498,S0094,Mumbai,2022-03-08,2022-03-08,2022,FY22-23,Debt financing,350.0,USD,27475.0,,,,INV0739,INV0739,2,all-new-investors (DERIVED),Fund mergers and acquisitions globally,SRC01700,HIGH,
R00499,S0094,Mumbai,2017-04-03,2017-04-03,2017,FY17-18,Stake acquisition,,USD,,,,,INV0740,INV0740,2,initial (DERIVED),Expansion in strategic growth region (India),SRC01702,HIGH,
R00500,S0095,Gurugram,,2025-04-07,2025,FY25-26,Series B,136.0,USD,11655.2,,,,INV0741,INV0741;INV0537;INV0742;INV0743,5,mixed (DERIVED),"product innovation, market reach, team",SRC01723,HIGH,
R00501,S0095,Gurugram,,2023-05-09,2023,FY23-24,Series A,7.0,USD,579.6,42.5,USD,post-money-reported,INV0744,INV0744;INV0745;INV0746;INV0003;INV0743,6,initial (DERIVED),,SRC01724,MEDIUM,
R00502,S0095,Gurugram,2026-06-18,2026-06-18,2026,FY26-27,majority acquisition,,USD,,4100.0,USD,press-reported-estimate,INV0747,INV0747,2,all-new-investors (DERIVED),L'Oreal India expansion; brands into Consumer Products Division,SRC01720,HIGH,"Official deal value undisclosed; press estimates ~Rs 4,100cr (~$480M); founders remain minority"
R00503,S0096,Bengaluru,,2025-01-29,2025,FY25-26,Series E,65.0,USD,5570.5,700.0,USD,reported,INV0228,INV0228;INV0486;INV0404;INV0037,5,mixed (DERIVED),"AI product, global expansion, M&A",SRC01740,HIGH,valuation range per source: $700-800M flat (sources) (low end stored)
R00504,S0096,Bengaluru,,2025-03-05,2025,FY25-26,Debt,100.0,USD,8570.0,,,,INV0738,INV0738,2,all-new-investors (DERIVED),student loans via Leap Finance,SRC01743,HIGH,
R00505,S0096,Bengaluru,,2022-06-22,2022,FY22-23,Series D,75.0,USD,5887.5,,,,INV0486,INV0486;INV0225;INV0748;INV0404;INV0749,6,mixed (DERIVED),,SRC01742,HIGH,
R00506,S0096,Bengaluru,,2021-07-15,2021,FY21-22,Series C,55.0,USD,4097.5,,,,INV0750;INV0486;INV0404,INV0750;INV0486;INV0404,6,mixed (DERIVED),,SRC01749,MEDIUM,
R00507,S0096,Bengaluru,2020-03-01,2020-03-01,2020,FY20-21,Series A,5.5,USD,407.0,,,,INV0051,INV0051,2,initial (DERIVED),initial product development,SRC01748,MEDIUM,$5.5M round in 2020 per PIE News; investors not disclosed
R00508,S0096,Bengaluru,2021-03-16,2021-03-16,2021,FY21-22,Series B,17.0,USD,1266.5,,,,INV0404,INV0404;INV0084;INV0486,4,all-new-investors (DERIVED),"expand geographical footprint, ramp up tech and business teams",SRC01748,HIGH,
R00509,S0097,Mumbai,,2023-09-04,2023,FY23-24,Post-IPO,12.0883,USD,1000.91,,,,INV0751,INV0751;INV0752,3,all-new-investors (DERIVED),,SRC01760,MEDIUM,
R00510,S0097,Mumbai,,2021-10-06,2021,FY21-22,Post-IPO,42.2797,USD,3149.84,,,,INV0753;INV0036,INV0753;INV0036,4,all-new-investors (DERIVED),,SRC01760,MEDIUM,
R00511,S0097,Mumbai,,2021-02-04,2021,FY21-22,Series C (pre-IPO),13.6947,USD,1020.26,383.0,USD,post-money,INV0754;INV0009,INV0754;INV0009,4,initial (DERIVED),,SRC01760,MEDIUM,
R00512,S0098,Mumbai,,2023-10-01,2023,FY23-24,Series A,3000.0,INR,3000.0,,,,INV0037,INV0037,2,all-new-investors (DERIVED),,SRC01764,,
R00513,S0098,Mumbai,,2024-08-01,2024,FY24-25,Series B,4000.0,INR,4000.0,,,,INV0756;INV0757,INV0756;INV0757;INV0037,5,mixed (DERIVED),,SRC01764,,
R00514,S0098,Mumbai,,2026-03-20,2026,FY26-27,PE growth,5000.0,INR,5000.0,,,pre-money,INV0059,INV0059,2,all-new-investors (DERIVED),,SRC01764,,
R00515,S0098,Mumbai,,2026-07-16,2026,FY26-27,growth,3500.0,INR,3500.0,,,,INV0037,INV0037,2,all-follow-on (DERIVED),,SRC01765,,
R00516,S0098,Mumbai,,2021-12-15,2021,FY21-22,angel/seed,40.0,USD,2980.0,,,,,INV0758,1,initial (DERIVED),,SRC01770,MEDIUM,Tracxn shows first round Dec 15 2021; Moneycontrol says ~Rs 400cr equity from undisclosed private investors before Peak XV
R00517,S0098,Mumbai,,2023-10-01,2023,FY23-24,Series A,35.0,USD,2898.0,,,,INV0037,INV0037,2,all-follow-on (DERIVED),,SRC01770,HIGH,Peak XV was first institutional investor; ~$35M
R00518,S0098,Mumbai,,2024-08-12,2024,FY24-25,Series B,47.6,USD,3984.12,,,,INV0756;INV0757,INV0756;INV0757;INV0037,5,all-follow-on (DERIVED),,SRC01774,HIGH,BS Aug 2024; Tracxn shows Rs 400cr round
R00519,S0098,Mumbai,,2026-03-20,2026,FY26-27,PE growth,5500.0,INR,5500.0,100000000000.0,INR,pre-money,INV0759,INV0759,2,all-new-investors (DERIVED),,SRC01764,HIGH,"VCCircle says Rs 500cr at Rs 10,000cr pre-money; ET says Rs 550cr; Tracxn shows Rs 558cr"
R00520,S0098,Mumbai,,2025-11-25,2025,FY25-26,Series B follow-on,2210.0,INR,2210.0,,,,INV0760,INV0761,2,all-new-investors (DERIVED),,SRC01769,MEDIUM,Entrackr: Rs 221cr follow-on led by Crystal Investment Advisors (Atha Group) in Nov 2025
R00521,S0098,Mumbai,,2026-07-16,2026,FY26-27,Series C,3500.0,INR,3500.0,,,,INV0037,INV0037,2,all-follow-on (DERIVED),,SRC01765,HIGH,ET Jul 2026; ~$36.3M; Tracxn shows Series C Jul 16 2026
R00522,S0098,Mumbai,,2025-08-21,2025,FY25-26,follow-on,19.0,USD,1628.3,,,,,INV0762,1,all-new-investors (DERIVED),,SRC01769,MEDIUM,Entrackr Aug 2025: $19Mn led by VT Capital at 2.7X valuation surge to $686M
R00523,S0098,Mumbai,,2025-03-13,2025,FY25-26,debt,30.0,USD,2571.0,,,,,INV0109,1,all-new-investors (DERIVED),,SRC01769,LOW,Entrackr news list mentions InCred raises $30Mn debt; Neo may be investor/lender
R00524,S0099,Bengaluru,,2024-10-21,2024,FY24-25,Series C,26.0,USD,2176.2,,,,INV0125;INV0655,INV0125;INV0655;INV0764;INV0765;INV0766;INV0767;INV0768,9,mixed (DERIVED),scale mooMark VADP + exports,SRC01777,,
R00525,S0099,Bengaluru,,2021-10-29,2021,FY21-22,Series C,18.0,USD,1341.0,,,,INV0655,INV0655;INV0769;INV0770;INV0771;INV0241;INV0772;INV0773,8,mixed (DERIVED),,SRC01781,,
R00526,S0099,Bengaluru,,2018-05-30,2018,FY18-19,Series B,14.0,USD,1204.0,,,,INV0125,INV0125;INV0130;INV0241;INV0428;INV0655;INV0774,7,initial (DERIVED),,SRC01781,,
R00527,S0100,Mumbai,,2023-11-20,2023,FY23-24,Series D,8.0,USD,662.4,352.0,USD,company-claimed,INV0776,INV0777;INV0778;INV0779;INV0780;INV0781,6,all-new-investors (DERIVED),,SRC01784,,
R00528,S0100,Mumbai,,2025-03-13,2025,FY25-26,Series E,40.0,USD,3428.0,,,,INV0782;INV0783;INV0784;INV0785,INV0782;INV0783;INV0784;INV0785,8,all-new-investors (DERIVED),,SRC01783,,
R00529,S0100,Mumbai,,2026-08-31,2026,FY26-27,IPO (fresh issue),6800.0,INR,6800.0,,,,,INV0786,1,all-new-investors (DERIVED),,SRC01786,,
R00530,S0100,Mumbai,,2022-06-01,2022,FY22-23,Pre-Series D,10.0,USD,785.0,,,,,INV0787,1,all-new-investors (DERIVED),,SRC01784,MEDIUM,Mid-2022: raised $10M from clutch of investors + Rs 10Cr from Klub
R00531,S0100,Mumbai,,,,,Seed/Early,,USD,,,,,,,0,initial (DERIVED),,,LOW,Total funding raised across all rounds: $78.4M (per Inc42)
R00532,S0101,Gurugram,,2023-02-08,2023,FY23-24,Series B ($20M equity + $5M debt),25.0,USD,2070.0,13000.0,INR,company-claimed,INV0789,INV0789;INV0790;INV0150;INV0791;INV0792;INV0793;INV0794;INV0795;INV0796,10,initial (DERIVED),,SRC01791,,
R00533,S0101,Gurugram,,2024-05-27,2024,FY24-25,Series C (C1 equity close; $50M round: $40M eq + $10M debt),15.0,USD,1255.5,,,,INV0797,INV0797;INV0150;INV0798;INV0792;INV0791,6,mixed (DERIVED),"fleet 21k→200k scooters, 15 cities by 2026",SRC01792,,
R00534,S0102,Mumbai,,2026-09-03,2026,FY26-27,equity (first institutional),2150.0,INR,2150.0,,,,INV0800,INV0801;INV0802;INV0803;INV0804,5,initial (DERIVED),"capital base, tech-led secured lending platform scale, underserved MSME expansion",SRC01800,,
R00535,S0103,Bengaluru,2024-08-01,2024-08-06,2024,FY24-25,Seed,5.0,USD,418.5,,,,INV0529,INV0529;INV0805;INV0806;INV0807;INV0808,6,initial (DERIVED),,SRC01808,HIGH,
R00536,S0103,Bengaluru,2026-01-01,2026-01-15,2026,FY26-27,Series A,20.5,USD,1783.5,,,,INV0809;INV0810,INV0809;INV0810;INV0003;INV0074;INV0811;INV0812;INV0807;INV0813,10,mixed (DERIVED),,SRC01807,HIGH,TechCrunch Dec 2025 reported round in progress at ~$20.5M; Jan 2026 close confirmed at $20.5M (~INR 185 Cr per SIA-India).
R00537,S0104,Bengaluru,2026-09-09,2026-09-09,2026,FY26-27,Series A1,200.0,INR,200.0,,,,INV0814;INV0815,INV0816;INV0815;INV0817;INV0115;INV0818,7,all-new-investors (DERIVED),,SRC01814,HIGH,
R00538,S0104,Bengaluru,2025-04-24,2025-04-24,2025,FY25-26,Series A,9.106583,USD,780.43,,,,INV0717,INV0717;INV0819,3,all-new-investors (DERIVED),,SRC01817,MEDIUM,
R00539,S0104,Bengaluru,2024-11-26,2024-11-26,2024,FY24-25,Grant (prize money),7.942464,USD,664.78,,,,INV0820,INV0820,2,initial (DERIVED),,SRC01817,MEDIUM,
R00540,S0104,Bengaluru,,2026-09-09,2026,FY26-27,Series A (cumulative),375.0,INR,375.0,,,,,,0,unknown,Total capital raised including Series A1,SRC01814,HIGH,
R00541,S0104,Bengaluru,,2026-09-09,2026,FY26-27,Convertible debt,150.0,INR,150.0,,,,INV0821,INV0821,2,all-new-investors (DERIVED),Contribution to IQSN project under RDI,SRC01815,MEDIUM,
R00542,S0105,Bengaluru,2025-08-01,2025-08-01,2025,FY25-26,Series E (tranche),21.0,USD,1799.7,,,,INV0809,INV0809,2,initial (DERIVED),,SRC01829,MEDIUM,Part of ongoing Series E; reported inside Dec-2025 $45M coverage.
R00543,S0105,Bengaluru,2025-12-04,2025-12-04,2025,FY25-26,Series E (tranche),45.0,USD,3856.5,,,,INV0823;INV0824,INV0823;INV0824,4,all-new-investors (DERIVED),,SRC01830,HIGH,
R00544,S0106,Bengaluru,2024-12-01,2024-12-18,2024,FY24-25,Series D,40.0,USD,3348.0,,,,INV0827;INV0171;INV0828,INV0827;INV0171;INV0828;INV0829;INV0830,8,mixed (DERIVED),,SRC01839,HIGH,Mix of primary + secondary.
R00545,S0106,Bengaluru,2025-09-26,2025-09-26,2025,FY25-26,Pre-IPO,160.0,INR,160.0,4000.0,INR,post-money (press-quoted),INV0831,INV0831,2,all-new-investors (DERIVED),,SRC01838,HIGH,"Pre-IPO placement at Rs 124/share; ~Rs 4,000 Cr valuation."
R00546,S0106,Bengaluru,2020,2020,2020,FY20-21,Seed,,USD,,,,,,,0,initial (DERIVED),,SRC01853,LOW,
R00547,S0106,Bengaluru,2021-08-25,2021-08-25,2021,FY21-22,Series A,13.0,USD,968.5,,,,INV0827,INV0827;INV0832;INV0833;INV0834;INV0835;INV0836;INV0136,8,all-new-investors (DERIVED),Acquire more digital food brands across geographies; expand across multiple cities,SRC01853,HIGH,
R00548,S0106,Bengaluru,2022-01-12,2022-01-12,2022,FY22-23,Series B,62.0,USD,4867.0,280.0,USD,press-quoted (industry source),INV0827;INV0171;INV0837;INV0838;INV0833,INV0827;INV0171;INV0837;INV0838;INV0833;INV0371;INV0839;INV0413,13,mixed (DERIVED),Continue acquiring cloud kitchen brands; build D2C platform,SRC01849,HIGH,
R00549,S0106,Bengaluru,2022-06-01,2022-06-01,2022,FY22-23,Series C,50.0,USD,3925.0,,,,INV0840,INV0827;INV0291;INV0171;INV0837;INV0371;INV0841;INV0842;INV0781;INV0413,10,mixed (DERIVED),Expansion of existing brands into newer geographies; acquisition of newer brands,SRC01848,HIGH,
R00550,S0106,Bengaluru,2023-04-06,2023-04-06,2023,FY23-24,Series C (continued),300.0,INR,300.0,,,,INV0843,INV0828;INV0827;INV0171;INV0844;INV0229,6,mixed (DERIVED),Expand geographical reach; diversify brands into offline formats; open 50 new locations,SRC01852,HIGH,
R00551,S0106,Bengaluru,2025-03-24,2025-03-24,2025,FY25-26,Conventional Debt,6.6,USD,565.62,,,,INV0495;INV0845;INV0833,INV0495;INV0845;INV0833,6,mixed (DERIVED),Working capital,SRC01847,MEDIUM,
R00552,S0106,Bengaluru,2025-02-03,2025-02-03,2025,FY25-26,Angel,,USD,,,,,INV0182,INV0182,2,all-new-investors (DERIVED),Investor-ambassador for Kitchens of EatFit,SRC01854,MEDIUM,
R00553,S0107,Mumbai,2024-07-05,2024-07-09,2024,FY24-25,Series B,265.0,INR,265.0,,,,INV0013,INV0013;INV0121;INV0003;INV0847,5,initial (DERIVED),,SRC01863,HIGH,
R00554,S0107,Mumbai,2025-10-07,2025-10-13,2025,FY25-26,Series C,350.0,INR,350.0,,,,INV0013;INV0003,INV0013;INV0003;INV0121;INV0056,6,mixed (DERIVED),,SRC01862,HIGH,Total raised >Rs 850 Cr post-round.
R00555,S0108,Bengaluru,2026-03-16,2026-03-24,2026,FY26-27,Series B,50.0,USD,4350.0,,,,,INV0849,1,all-new-investors (DERIVED),Global hiring infrastructure: credential verification and job matching,SRC01873,MEDIUM,
R00556,S0108,Bengaluru,2025-06-16,2025-06-16,2025,FY25-26,Series A,0.25,USD,21.43,,,,,INV0419,1,all-new-investors (DERIVED),,SRC01874,LOW,
R00557,S0108,Bengaluru,2026-03-02,2026-03-02,2026,FY26-27,Angel,,USD,,,,,,INV0850,1,all-new-investors (DERIVED),,SRC01875,LOW,Tracxn lists Angel round Mar 02 2026; amounts redacted on Tracxn
R00558,S0108,Bengaluru,2025-05-27,2025-05-27,2025,FY25-26,Grant (prize money),,USD,,,,,,INV0851,1,all-new-investors (DERIVED),,SRC01875,LOW,"Tracxn: Grant round May 27 2025, Open Campus (Kigali)"
R00559,S0108,Bengaluru,2024-08-12,2024-08-12,2024,FY24-25,Incubator/Accelerator,,USD,,,,,,INV0852,1,initial (DERIVED),,SRC01874,LOW,CB Insights: Incubator/Accelerator - IV on Aug 12 2024; XDC Accelerator Program (Switzerland)
R00560,S0108,Bengaluru,,,,,Seed,,USD,,,,,,INV0853,1,all-new-investors (DERIVED),,SRC01875,LOW,Tracxn: 5 Seed rounds total; XVC Tech (UAE VC) listed as investor
R00561,S0108,Bengaluru,,,,,Grant,,USD,,,,,,INV0854,1,all-new-investors (DERIVED),,SRC01874,LOW,CB Insights: Polygon Labs (Cayman Islands) as investor; Tracxn: 8 Grant rounds total
R00562,S0109,Bengaluru,2025-04-10,2025-04-10,2025,FY25-26,Series B,13.5,USD,1156.95,,,,INV0857,INV0857;INV0170;INV0858;INV0859;INV0860;INV0861;INV0862;INV0863,9,mixed (DERIVED),"Gen-AI use cases, intl expansion (diaspora), revenue scale-up",SRC01879,HIGH,
R00563,S0109,Bengaluru,2023-09-01,2023-09-01,2023,FY23-24,Pre-Series B,22.0,USD,1821.6,,,,INV0862;INV0860,INV0862;INV0860,4,all-new-investors (DERIVED),,SRC01897,MEDIUM,
R00564,S0109,Bengaluru,2021-07-27,2021-07-27,2021,FY21-22,Seed,2.1,USD,156.45,,,,INV0861;INV0864,INV0861;INV0864;INV0865;INV0720,6,initial (DERIVED),Creator partnerships and platform development,SRC01890,HIGH,Dealroom lists this as Seed round Jul 2021
R00565,S0109,Bengaluru,2022-06-02,2022-06-02,2022,FY22-23,Series A,13.0,USD,1020.5,,,,INV0866;INV0170,INV0866;INV0170;INV0861,5,mixed (DERIVED),Platform expansion and creator ecosystem,SRC01888,HIGH,YourStory confirms $13M Series A; some sources call this $13M pre-Series B
R00566,S0109,Bengaluru,,2026-03-31,2026,FY26-27,Series B (upcoming),50.0,USD,4350.0,,,,,,0,unknown,Growth and expansion,SRC01877,MEDIUM,Avendus mandated for $50M+ raise; unclosed at time of report; pitch deck claim
R00567,S0110,Bengaluru,2025-06-25,2025-06-25,2025,FY25-26,Series C,5300.0,INR,5300.0,40000.0,INR,,INV0076,INV0076;INV0013;INV0708;INV0867,5,mixed (DERIVED),,SRC01910,HIGH,
R00568,S0110,Bengaluru,2026-02-19,2026-02-19,2026,FY26-27,Series C extension,1100.0,INR,1100.0,49000.0,INR,,INV0868,INV0868;INV0869;INV0013;INV0870,5,mixed (DERIVED),,SRC01911,HIGH,
R00569,S0110,Bengaluru,2024-10-01,2024-10-01,2024,FY24-25,Series B extended,2550.0,INR,2550.0,,,,INV0013,INV0013;INV0708;INV0867,4,mixed (DERIVED),,SRC01921,MEDIUM,
R00570,S0110,Bengaluru,2023-07-05,2023-07-05,2023,FY23-24,Series B,2000.0,INR,2000.0,,,,INV0013,INV0013;INV0557;INV0371;INV0220,5,initial (DERIVED),Product innovation and category expansion,SRC01923,HIGH,
R00571,S0110,Bengaluru,2024-09-25,2024-09-25,2024,FY24-25,Series B extended,1000.0,INR,1000.0,20000000000.0,INR,estimated,INV0013,INV0871,2,all-new-investors (DERIVED),Continued expansion; partial exit for A91 Partners and India Quotient,SRC01924,HIGH,
R00572,S0110,Bengaluru,2026-05-21,2026-05-21,2026,FY26-27,Debt,2700.0,INR,2700.0,,,,INV0495,INV0872;INV0873;INV0874;INV0875,5,all-new-investors (DERIVED),Working capital and store capex,SRC01914,MEDIUM,
R00573,S0110,Bengaluru,,2026-07-14,2026,FY26-27,PE Growth (rumor),80.0,USD,6960.0,60000000000.0,INR,estimated,INV0020;INV0065;INV0876,INV0020;INV0065;INV0876,6,all-new-investors (DERIVED),Growth capital,SRC01918,MEDIUM,
R00574,S0111,Bengaluru,2025-01-01,2025-01-01,2025,FY25-26,strategic/PE growth,350.0,USD,29995.0,,,,INV0001,INV0001,2,initial (DERIVED),,SRC01940,MEDIUM,
R00575,S0112,Noida,,2021-05-17,2021,FY21-22,Series E,120.0,USD,8940.0,1000.0,USD,post-money (press),INV0877;INV0878,INV0879;INV0878;INV0029;INV0084;INV0428,7,mixed (DERIVED),,SRC01945,HIGH,
R00576,S0112,Noida,,,2019,FY19-20,Series D,60.0,USD,5160.0,,,,,INV0029;INV0066;INV0880,3,all-follow-on (DERIVED),,SRC01961,MEDIUM,announcement_date stated loosely: July 2019
R00577,S0112,Noida,,2022-01-28,2022,FY22-23,Series F,250.0,USD,19625.0,2600.0,USD,post-money (company-stated),INV0029;INV0066,INV0029;INV0066;INV0880,5,all-new-investors (DERIVED),,SRC01944,HIGH,
R00578,S0112,Noida,,,2025,FY25-26,Series F (extension/secondary per VI label),12.3,USD,1054.11,,,,,INV0881,1,initial (DERIVED),,SRC01949,LOW,announcement_date stated loosely: February 2025
R00579,S0113,Bengaluru,2021-09-15,2021-09-15,2021,FY21-22,Series E,150.0,USD,11175.0,2300.0,USD,,INV0885,INV0885;INV0886;INV0887,4,initial (DERIVED),,SRC01967,HIGH,
R00580,S0114,Noida,2022-06-07,2022-06-07,2022,FY22-23,Series A,100.0,USD,7850.0,1100.0,USD,post-money,INV0004,INV0004;INV0721;INV0454;INV0453,5,initial (DERIVED),"Expansion, inorganic growth",SRC01973,HIGH,
R00581,S0114,Noida,2024-09-20,2024-09-20,2024,FY24-25,Series B,210.0,USD,17577.0,2800.0,USD,post-money,INV0009,INV0009;INV0118;INV0721;INV0004;INV0888;INV0454;INV0453,8,mixed (DERIVED),"Consolidation in education market, inorganic growth, K-12 entry",SRC01975,HIGH,
R00582,S0115,Bengaluru,,2026-09-11,2026,FY26-27,Strategic Investment (Significant Minority),5320.0,INR,5320.0,12500.0,INR,post-money,INV0889,INV0379,2,initial (DERIVED),Expansion beyond Bengaluru across India,SRC01979,HIGH,round_date stated loosely: Sep 2026
R00583,S0116,Bengaluru,2015,2015,2015,FY15-16,Series A,18.5,USD,1591.0,,,N/A,INV0227,INV0227,2,initial (DERIVED),Initial expansion,SRC01988,MEDIUM,
R00584,S0116,Bengaluru,2019-12-05,2019-12-05,2019,FY19-20,Series D,60.0,USD,5160.0,250.0,USD,post-money,INV0605,INV0605;INV0227;INV0891;INV0241;INV0892;INV0218,7,mixed (DERIVED),Logistics network expansion,SRC01989,HIGH,
R00585,S0116,Bengaluru,2024-02-27,2024-02-27,2024,FY24-25,Series E,100.0,USD,8370.0,500.0,USD,post-money,INV0893,INV0893;INV0135;INV0605;INV0218;INV0891;INV0894;INV0413,8,mixed (DERIVED),"Middle-mile network, last-mile delivery expansion to 20,000 pin codes",SRC01986,HIGH,valuation range per source: $500-550M (low end stored)
R00586,S0116,Bengaluru,2025-02-03,2025-02-03,2025,FY25-26,Series F,342.40000000000003,INR,342.4,708.0,USD,post-money,INV0018;INV0675,INV0018;INV0675,4,all-new-investors (DERIVED),Pre-IPO funding,SRC01990,HIGH,valuation range per source: $708-712M (low end stored)
R00587,S0116,Bengaluru,2026-01-28,2026-01-28,2026,FY26-27,IPO,19070.0,INR,19070.0,717.0,USD,market cap,INV0895,INV0896;INV0897;INV0016;INV0898;INV0738,6,all-new-investors (DERIVED),Public listing,SRC01984,HIGH,
R00588,S0117,Bengaluru,,,2017,FY17-18,Seed,,USD,,,,N/A,INV0125;INV0900;INV0901;INV0902,INV0125;INV0900;INV0901;INV0902;INV0903,9,mixed (DERIVED),Initial product development,SRC01997,MEDIUM,round_date stated loosely: Jul 2017 | announcement_date stated loosely: Jul 2017
R00589,S0117,Bengaluru,2019-02-12,2019-02-12,2019,FY19-20,Series A,,USD,,,,N/A,INV0130;INV0900;INV0037;INV0125;INV0901,INV0130;INV0900;INV0037;INV0125;INV0901,10,all-follow-on (DERIVED),Platform expansion,SRC01997,MEDIUM,
R00590,S0117,Bengaluru,2020-09-26,2020-09-26,2020,FY20-21,Series B,,USD,,,,N/A,INV0037;INV0125;INV0904;INV0130,INV0037;INV0125;INV0904;INV0130;INV0900;INV0025,10,mixed (DERIVED),Growth,SRC01997,MEDIUM,
R00591,S0117,Bengaluru,2021-08-18,2021-08-18,2021,FY21-22,Series C,40.0,USD,2980.0,159.0,USD,post-money,INV0905;INV0013,INV0905;INV0013;INV0162;INV0233;INV0125;INV0130;INV0901;INV0025;INV0900;INV0906;INV0037,13,initial (DERIVED),Ecosystem expansion,SRC01996,HIGH,valuation range per source: $159-199M (low end stored)
R00592,S0117,Bengaluru,2025-03-28,2025-03-28,2025,FY25-26,Series D,50.0,USD,4285.0,,,N/A,INV0146,INV0146;INV0907;INV0908;INV0905;INV0025,6,mixed (DERIVED),Expand investment product offerings across asset classes,SRC01995,HIGH,
R00593,S0118,Bengaluru,2020-06-24,2020-06-24,2020,FY20-21,Seed,1.0,USD,74.0,,,N/A,INV0462;INV0793,INV0462;INV0793;INV0909;INV0910;INV0911;INV0912,8,mixed (DERIVED),Initial product development,SRC02002,MEDIUM,
R00594,S0118,Bengaluru,2022-01-20,2022-01-20,2022,FY22-23,Series A,32.0,USD,2512.0,,,N/A,INV0913;INV0042;INV0914,INV0913;INV0042;INV0914;INV0909;INV0915,8,mixed (DERIVED),"Market expansion, product development, hiring",SRC02003,HIGH,
R00595,S0118,Bengaluru,2025-11-26,2025-11-26,2025,FY25-26,Series B,41.9,USD,3590.83,379.7,USD,post-money,INV0916;INV0917,INV0916;INV0917;INV0913;INV0918;INV0919;INV0920,8,mixed (DERIVED),"Geographic expansion, product features, asset classes",SRC02004,HIGH,
R00596,S0118,Bengaluru,2025-12-19,2025-12-19,2025,FY25-26,Series B1,13.0,USD,1114.1,,,N/A,INV0913,INV0913,2,all-new-investors (DERIVED),"Geographic expansion, advisory capabilities",SRC02005,HIGH,
R00597,S0118,Bengaluru,2026-06-13,2026-06-13,2026,FY26-27,Series B (Extended),11.6,USD,1009.2,377.9,USD,post-money,INV0921;INV0922,INV0921;INV0922;INV0913;INV0923,6,mixed (DERIVED),Continued growth,SRC02002,MEDIUM,
R00598,S0118,Bengaluru,2020-12-01,2020-12-01,2020,FY20-21,Pre-Series A / Angel,1.0,USD,74.0,,,N/A,INV0924,INV0458;INV0925;INV0926;INV0927;INV0928;INV0929;INV0930;INV0931;INV0932;INV0933;INV0934;INV0935;INV0936;INV0937,15,initial (DERIVED),"User base growth, tech hiring",SRC02008,HIGH,
R00599,S0118,Bengaluru,2021-08-04,2021-08-04,2021,FY21-22,Pre-Series A,5.0,USD,372.5,,,N/A,INV0909;INV0938,INV0909;INV0938,4,all-new-investors (DERIVED),"Grow user base, hire tech talent, build new features",SRC02008,HIGH,
R00600,S0118,Bengaluru,2025-09-01,2025-09-01,2025,FY25-26,Debt,50.0,INR,50.0,,,N/A,INV0413,INV0413,2,all-new-investors (DERIVED),Working capital,SRC02002,MEDIUM,
R00601,S0118,Bengaluru,2025-12-02,2025-12-02,2025,FY25-26,Series B,150.0,INR,150.0,,,convertible,INV0916;INV0917,INV0916;INV0917,4,all-new-investors (DERIVED),"Geographic expansion, product features, asset classes",SRC02004,HIGH,
R00602,S0119,Bengaluru,,,2017,FY17-18,Seed,1.5,USD,129.0,,,,,,0,unknown,,SRC02025,HIGH,Early seed round | announcement_date stated loosely: Dec 2017
R00603,S0119,Bengaluru,,,2019,FY19-20,Series A,12.0,USD,1032.0,,,,,,0,unknown,,SRC02025,HIGH,Raised to date $53.7M | announcement_date stated loosely: Nov 2019
R00604,S0119,Bengaluru,,,2022,FY22-23,Series B,6530.0,INR,6530.0,,,,INV0940,INV0940;INV0941,3,all-follow-on (DERIVED),,SRC02018,HIGH,Led by Magna; existing investors Bajaj Auto participated | announcement_date stated loosely: Sep 2022
R00605,S0119,Bengaluru,,,2024,FY24-25,Post-Series B (equity),1600.0,INR,1600.0,,,,INV0940;INV0941,,2,unknown,,SRC02026,HIGH,announcement_date stated loosely: Feb 2024
R00606,S0119,Bengaluru,,,2025,FY25-26,Post-Series B (tranche),11.3,USD,968.41,,,,INV0942;INV0941,,2,unknown,,SRC02013,MEDIUM,announcement_date stated loosely: Jul 2025
R00607,S0119,Bengaluru,,,2026,FY26-27,Series C,93.0,USD,8091.0,,,,INV0943,INV0943;INV0940;INV0941,4,all-new-investors (DERIVED),"Fleet expansion, entry into hyperlocal mobility use-cases, path to public listing",SRC02012,HIGH,Valuation ~$173M post-money; $5.5M equity used to buy shares from seed investors | announcement_date stated loosely: Aug 2026
R00608,S0119,Bengaluru,,2022-09-11,2022,FY22-23,Series B,82.0,USD,6437.0,,,,INV0940,,1,unknown,,SRC02018,HIGH,Rs 653 Cr ($82M); Bajaj Auto participated; led by Magna
R00609,S0119,Bengaluru,,2024-02-23,2024,FY24-25,Post-Series B (equity),19.25,USD,1611.23,,,,INV0940;INV0941,,2,unknown,,SRC02026,HIGH,Rs 160 Cr equity infusion from existing strategic investors
R00610,S0119,Bengaluru,,2024-01-01,2024,FY24-25,Debt,25.0,INR,25.0,,,,INV0944,,1,unknown,,SRC02022,HIGH,Rs 25 Cr debt from Northern Arc Capital
R00611,S0119,Bengaluru,,2022,2022,FY22-23,Debt,12.0,USD,942.0,,,,INV0945;INV0944,,2,initial (DERIVED),,SRC02013,MEDIUM,$12M debt from US DFC and Northern Arc
R00612,S0120,Hyderabad,,,2021,FY21-22,Series D,80.0,USD,5960.0,,,,INV0014;INV0020,INV0014;INV0020;INV0951;INV0952;INV0953,7,all-follow-on (DERIVED),"Expansion, acquisitions",SRC02036,HIGH,Valuation $1.5B; PE Growth round | announcement_date stated loosely: Jun 2021
R00613,S0120,Hyderabad,,,,,Series C,,USD,,,,,,,0,unknown,,SRC02036,LOW,Details not available from search results
R00614,S0120,Hyderabad,,2021,2021,FY21-22,PE Growth,331.0,USD,24659.5,,,,,,0,unknown,,SRC02037,MEDIUM,7 financing rounds total; $334M raised
R00615,S0120,Hyderabad,2015-07-27,2015-07-27,2015,FY15-16,Series A,6.0,USD,516.0,,,,INV0003,INV0003,2,initial (DERIVED),Early-stage growth,SRC02036,HIGH,
R00616,S0120,Hyderabad,2016-08-11,2016-08-11,2016,FY16-17,Series B,15.0,USD,1290.0,,,,INV0063,INV0003;INV0063,3,mixed (DERIVED),Market expansion,SRC02049,HIGH,
R00617,S0120,Hyderabad,2019-05-01,2019-05-01,2019,FY19-20,Series C,50.0,USD,4300.0,,,,INV0103,INV0103;INV0003;INV0063,4,mixed (DERIVED),Growth,SRC02036,HIGH,
R00618,S0120,Hyderabad,2019-08-22,2019-08-22,2019,FY19-20,Series C,20.0,USD,1720.0,,,,INV0225,INV0225,2,all-new-investors (DERIVED),Growth,SRC02036,HIGH,
R00619,S0120,Hyderabad,2020-12-15,2020-12-15,2020,FY20-21,Series D,160.0,USD,11840.0,,,post-money,INV0014,INV0014;INV0103;INV0225;INV0953,5,mixed (DERIVED),"Growth, M&A, ESOP liquidity",SRC02047,HIGH,
R00620,S0120,Hyderabad,2021-06-02,2021-06-02,2021,FY21-22,Series D - II,80.0,USD,5960.0,,,post-money,INV0020,INV0020;INV0014;INV0951;INV0952;INV0953,6,mixed (DERIVED),"Expansion, M&A, ESOP liquidation",SRC02046,HIGH,
R00621,S0121,Bengaluru,,2026-01-14,2026,FY26-27,Series C,45.0,USD,3915.0,,,,,,0,initial (DERIVED),,SRC02061,MEDIUM,Tracxn lists Series C on 2026-01-14 for $45M
R00622,S0121,Bengaluru,,2026-01-22,2026,FY26-27,PE Growth / Minority Investment,,USD,,,,,INV0955,INV0955,2,all-new-investors (DERIVED),Accelerate product innovation and expand reach across healthcare education,SRC02060,HIGH,Accel-KKR is a global technology-focused investment firm with $23B+ cumulative capital
R00623,S0122,Bengaluru,,2026-03-27,2026,FY26-27,Pre-Series B,20.0,USD,1740.0,,,,INV0956,INV0956;INV0957;INV0958;INV0959;INV0960;INV0961;INV0962;INV0507;INV0963;INV0964,11,initial (DERIVED),"Expansion of production facilities, high-throughput manufacturing lines, customer programs",SRC02067,HIGH,Valuation ~$89M; company moving from flight-proven to factory-ready
R00624,S0122,Bengaluru,,,,,Series A,14.4,USD,1234.08,,,,,,0,unknown,,SRC02068,MEDIUM,Total disclosed funding $34.4M; Pre-Series B was $20M
R00625,S0123,Mumbai,,,2021,FY21-22,Seed,0.7296,USD,54.36,,,,INV0145,INV0145,2,initial (DERIVED),,SRC02074,HIGH,announcement_date stated loosely: Dec 2021
R00626,S0123,Mumbai,,,2022,FY22-23,Seed,4.0,USD,314.0,,,,INV0966,INV0056;INV0145,3,all-follow-on (DERIVED),,SRC02074,HIGH,announcement_date stated loosely: Jun 2022
R00627,S0123,Mumbai,,,2024,FY24-25,Series A,14.45,USD,1209.46,,,,INV0056,INV0056;INV0145,3,all-follow-on (DERIVED),,SRC02074,HIGH,announcement_date stated loosely: Mar 2024
R00628,S0123,Mumbai,,,2024,FY24-25,Series B,17.95,USD,1502.41,,,,INV0967,INV0056;INV0967;INV0145,4,all-follow-on (DERIVED),,SRC02075,HIGH,announcement_date stated loosely: Jun 2024
R00629,S0123,Mumbai,,2025-01-14,2025,FY25-26,Series C,30.0,USD,2571.0,,,,INV0954,INV0954;INV0967;INV0056;INV0145,5,mixed (DERIVED),"Deepen footprint in existing markets, strengthen R&D capabilities",SRC02075,HIGH,Strategic partnership with KOSÉ Corporation (Japanese beauty company); Foxtale entered strategic partnership to expand KOSÉ's presence in India
R00630,S0124,Bengaluru,,2026-03-12,2026,FY26-27,Series A extension,4.8,USD,417.6,,,,,INV0815;INV0969;INV0669;INV0970;INV0971;INV0972;INV0973;INV0974;INV0975;INV0976,10,initial (DERIVED),Ongoing Series A extension; satellite development,SRC02089,HIGH,
R00631,S0125,Bengaluru,,2025,2025,FY25-26,Seed/early,10.0,USD,857.0,,,,INV0978,INV0978,2,initial (DERIVED),Initial backing,SRC02095,HIGH,
R00632,S0125,Bengaluru,,2026-09-07,2026,FY26-27,Growth commitment (debt + quasi-equity + equity over 30 months),40.0,USD,3480.0,,,,INV0978,INV0978,2,all-follow-on (DERIVED),Expand housing network in KA/TN/AP manufacturing hubs; people and systems,SRC02095,MEDIUM,
R00633,S0125,Bengaluru,2026-09-07,2026-09-07,2026,FY26-27,Growth commitment,40.0,USD,3480.0,,,,INV0978,INV0978,2,all-follow-on (DERIVED),"Expand housing network in Greater Bengaluru/Hosur, Chennai, Andhra Pradesh; people and systems",SRC02095,HIGH,
R00634,S0126,Bengaluru,,2023-12-01,2023,FY23-24,Series A (Rs 110 Cr),13.1,USD,1084.68,,,,INV0979;INV0528,INV0979;INV0528,4,initial (DERIVED),Growth,SRC02104,HIGH,
R00635,S0126,Bengaluru,,2025-06-02,2025,FY25-26,Series B,40.0,USD,3428.0,25000.0,INR,post-money (press),INV0060,INV0060;INV0980;INV0528;INV0979,5,mixed (DERIVED),100+ offline stores; quick commerce; new categories; international pilot,SRC02103,HIGH,
R00636,S0126,Bengaluru,2023-12-01,2023-12-01,2023,FY23-24,Series A,13.1,USD,1084.68,500.0,INR,post-money (press),INV0979;INV0528,INV0979;INV0528,4,all-follow-on (DERIVED),Growth,SRC02109,HIGH,Rs 110 Cr (~$13M) Series A; valuation Rs 500 Cr per Entrackr
R00637,S0126,Bengaluru,2025-06-02,2025-05-29,2025,FY25-26,Series B,39.6,USD,3393.72,2500.0,INR,post-money (press),INV0060,INV0060;INV0979;INV0528;INV0980,5,all-follow-on (DERIVED),100+ offline stores; quick commerce; new categories; international pilot,SRC02109,HIGH,"Rs 278.93 Cr total; 360 ONE Rs 220 Cr, SWC Global Rs 29.4 Cr, IvyCap Rs 29.4 Cr; valuation Rs 2400-2500 Cr (~$294M); 5x Series A"
R00638,S0126,Bengaluru,2025-06-02,2025-06-02,2025,FY25-26,Series B (close confirmation),40.0,USD,3428.0,2500.0,INR,post-money (press),INV0060,INV0060;INV0979;INV0528;INV0980,5,all-follow-on (DERIVED),100+ offline stores; quick commerce; new categories; international pilot,SRC02106,HIGH,Inc42 reports $39.6M (~Rs 340 Cr) raised in June 2025; total funding ~$53M to date
R00639,S0127,Pune,,2024-12-13,2024,FY24-25,Series D tranche,25.5,USD,2134.35,,,,,INV0981;INV0982;INV0037;INV0056,4,initial (DERIVED),Enhancing product,SRC02116,HIGH,
R00640,S0127,Pune,,2026-07-13,2026,FY26-27,Series D extension (Rs 72 Cr),7.6,USD,661.2,,,,INV0037,INV0037,2,all-follow-on (DERIVED),Ongoing Series D,SRC02115,MEDIUM,
R00641,S0128,Mumbai,,2025,2025,FY25-26,Seed,3.5,USD,299.95,,,,INV0668,INV0668,2,initial (DERIVED),Build AI-native collections product,SRC02125,HIGH,
R00642,S0128,Mumbai,,2026-08-01,2026,FY26-27,Series A,12.5,USD,1087.5,,,,INV0698,INV0698,2,all-new-investors (DERIVED),Expand AI tools; standardise AI-native collections,SRC02123,HIGH,
R00643,S0129,San Francisco,,2024-08-01,2024,FY24-25,Seed,1.7,USD,142.29,,,,INV0037;INV0038,INV0037;INV0038,4,initial (DERIVED),,SRC02134,,
R00644,S0129,San Francisco,,2026-06-24,2026,FY26-27,Series A,17.0,USD,1479.0,,,,INV0983,INV0983;INV0038;INV0037;INV0984,5,mixed (DERIVED),"Scale engineering and GTM teams, strengthen agentic AI infra, expand to ecommerce/B2B, India hiring/opportunities",SRC02133,,
R00645,S0130,Mumbai,,2022-04-01,2022,FY22-23,Series A,52.0,INR,52.0,,,,INV0985,INV0986,2,all-new-investors (DERIVED),,SRC02139,,
R00646,S0130,Mumbai,,2025-01-01,2025,FY25-26,Series B,1610.0,INR,1610.0,,,,INV0298,INV0298,2,all-new-investors (DERIVED),,SRC02139,,
R00647,S0130,Mumbai,,2026-08-20,2026,FY26-27,Series D,1100.0,INR,1100.0,10000.0,INR,post-money (press-reported),INV0987,INV0987;INV0298;INV0988;INV0989,5,mixed (DERIVED),"Scale operations, strengthen product portfolio, expansion",SRC02139,,
R00648,S0130,Mumbai,,,,,Series C,,USD,,,,,,,0,initial (DERIVED),,,LOW,"No Series C found in any source. Tracxn reports 4 rounds total. Dealroom shows Series A (Apr 2022), then 'OTHER/SECONDARY' and 'EARLY VC' in Jan 2025, then Series D (Aug 2026). The jump from Series A to Series D naming is unexplained; an in"
R00649,S0131,Bengaluru,,2024-05-01,2024,FY24-25,Seed,1.2,USD,100.44,,,,INV0991,INV0991;INV0992,3,initial (DERIVED),,SRC02159,,
R00650,S0131,Bengaluru,,2025-01-07,2025,FY25-26,Series A,6.2,USD,531.34,,,,INV0993,INV0993;INV0994;INV0995;INV0991,5,mixed (DERIVED),"Scale to 1 lakh vehicles, 1 GWh storage, R&D battery-health software, team",SRC02159,,
R00651,S0131,Bengaluru,,2026-06-01,2026,FY26-27,pre-Series B,6.2,USD,539.4,90.0,USD,post-money (press-reported),INV0996,INV0996;INV0997;INV0991;INV0998;INV0999,6,mixed (DERIVED),,SRC02160,,
R00652,S0132,Delhi NCR (batch says Bengaluru — press says Delhi NCR; kept batch city with conflict note),,2023-11-21,2023,FY23-24,Series A,8.0,USD,662.4,,,,INV1000,INV0810,2,initial (DERIVED),,SRC02164,,
R00653,S0133,Bengaluru (batch; ops US),,2026-09-10,2026,FY26-27,Series A,15.0,USD,1305.0,,,,INV1001,INV1001,2,initial (DERIVED),"Expand payments network, product development, hiring",SRC02168,,
R00654,S0134,Chennai,,2022-02-01,2022,FY22-23,Series H,250.0,USD,19625.0,3500.0,USD,post-money,INV0029;INV0233,INV0029;INV0233;INV0119;INV1002;INV0225,7,mixed (DERIVED),,SRC02173,HIGH,
R00655,S0134,Chennai,,2021-04-20,2021,FY21-22,Series G,125.0,USD,9312.5,1400.0,USD,post-money,INV1002;INV0029;INV0119,INV1002;INV0029;INV0119;INV0225,7,mixed (DERIVED),,SRC02174,HIGH,
R00656,S0134,Chennai,2020-10-06,2020-10-06,2020,FY20-21,Series F,55.0,USD,4070.0,,,post-money,INV0119,INV0119;INV0103;INV0225,4,mixed (DERIVED),product enhancement,SRC02190,HIGH,
R00657,S0134,Chennai,2018-03-20,2018-03-20,2018,FY18-19,Series C,18.3644,USD,1579.34,,,post-money,INV0119,INV0103;INV0003;INV0119,4,mixed (DERIVED),product development,SRC02191,HIGH,
R00658,S0134,Chennai,2015-03-10,2015-03-10,2015,FY15-16,Series B,5.0,USD,430.0,,,post-money,INV0103,INV0103;INV0003,3,mixed (DERIVED),growth stage,SRC02188,MEDIUM,
R00659,S0134,Chennai,2014-01-12,2014-01-12,2014,FY14-15,Series A,0.8,USD,68.8,,,post-money,INV0003,INV0003,2,all-follow-on (DERIVED),early growth,SRC02188,MEDIUM,
R00660,S0134,Chennai,2013-10-03,2013-10-03,2013,FY13-14,Seed,1.20822,USD,103.91,,,post-money,INV0003,INV0003,2,all-new-investors (DERIVED),seed funding,SRC02187,MEDIUM,
R00661,S0134,Chennai,2012-09-30,2012-09-30,2012,FY12-13,Angel,0.37,USD,31.82,,,post-money,,,0,initial (DERIVED),angel funding,SRC02188,MEDIUM,
R00662,S0135,Gurugram,,2021-05-30,2021,FY21-22,Series H,277.0,USD,20636.5,,,,INV0102;INV0036,INV0093;INV0036;INV0876;INV0029;INV0199;INV0303;INV0297;INV1003;INV1004;INV0007;INV1005,13,initial (DERIVED),,SRC02219,HIGH,
R00663,S0135,Gurugram,,2022-05-11,2022,FY22-23,IPO,52350.0,INR,52350.0,352830.0,INR,IPO valuation,,,0,unknown,,SRC02211,HIGH,
R00664,S0135,Gurugram,2022-05-24,2022-05-11,2022,FY22-23,IPO,5235.0,INR,5235.0,35283.0,INR,IPO valuation,,INV0786,1,all-new-investors (DERIVED),Public listing on NSE/BSE,SRC02211,HIGH,
R00665,S0135,Gurugram,2021-08-25,2021-08-25,2021,FY21-22,Acquisition (Spoton),1600.0,INR,1600.0,,,,,INV1006,1,all-new-investors (DERIVED),Acquired Spoton Logistics for B2B PTL expansion,SRC02220,HIGH,
R00666,S0135,Gurugram,2025-07-01,2025-04-05,2025,FY25-26,Acquisition (Ecom Express),1407.0,INR,1407.0,,,,,INV1006,1,all-follow-on (DERIVED),Acquired controlling stake in Ecom Express; CCI approval required,SRC02210,HIGH,
R00667,S0136,Delhi NCR,,2025-03-17,2025,FY25-26,Series D,1000.0,USD,85700.0,,,,INV1007,INV1007,2,initial (DERIVED),,SRC02233,HIGH,Investor name not disclosed in press; EPC partner CCEED named separately (not investor).
R00668,S0137,Chennai,,2019-11-04,2019,FY19-20,Series H,150.0,USD,12900.0,3500.0,USD,post-money,INV0233;INV1008;INV0003,INV0233;INV1008;INV0003,6,initial (DERIVED),,SRC02239,HIGH,
R00669,S0137,Chennai,,2021-09-22,2021,FY21-22,IPO,1030.0,USD,76735.0,10130.0,USD,IPO valuation,,,0,unknown,,SRC02240,HIGH,
R00670,S0138,Gurugram,,2024-12-15,2024,FY24-25,Series G,,USD,,,,,,INV0750;INV1010;INV0046;INV0007;INV1011;INV1012;INV1013;INV0030;INV1014;INV1015,10,all-new-investors (DERIVED),,SRC02261,MEDIUM,Tracxn round list only; LITE did not verify amounts per round.
R00671,S0138,Gurugram,,2025-12-20,2025,FY25-26,IPO (pending),66500.0,INR,66500.0,7000.0,USD,target,,,0,unknown,,SRC02246,HIGH,valuation range per source: $7-8B (target) (low end stored)
R00672,S0138,Gurugram,,2024-12-15,2024,FY24-25,Series G,,USD,,,,unknown,,INV0750;INV1010;INV0046;INV0007;INV1011;INV1012;INV1013;INV0030;INV1014;INV1015,10,all-follow-on (DERIVED),Growth capital,SRC02261,MEDIUM,Tracxn list; per-round amounts not verified
R00673,S0138,Gurugram,2025-12-31,2025-12-20,2025,FY25-26,IPO (pending),6650.0,INR,6650.0,7000.0,USD,target,,,0,unknown,"Rs 4,987.5 Cr debt repayment; general corporate purposes",SRC02253,HIGH,Confidential pre-filing Dec 31 2025; SEBI approval Jun 2026; UDRHP-I filed Jul 2026
R00674,S0138,Gurugram,,2024-12-13,2024,FY24-25,Secondary,100.0,INR,100.0,4600.0,USD,implied,INV1016,INV1016,2,initial (DERIVED),Share acquisition at Rs 53/share,SRC02262,HIGH,Nuvama Wealth bought Rs 100 Cr stake; valuation $4.6B
R00675,S0138,Gurugram,,2025-09-23,2025,FY25-26,Equity (Sunday PropTech),50.0,INR,50.0,,,unknown,INV0109;INV1017,INV0109;INV1017,4,all-new-investors (DERIVED),Premium hotels expansion,SRC02263,HIGH,Sunday PropTech (OYO Assets) raised Rs 50 Cr
R00676,S0138,Gurugram,,2025-11-23,2025,FY25-26,Equity (Sunday PropTech),125.0,INR,125.0,,,unknown,INV0109,INV0109;INV1018,3,mixed (DERIVED),Premium hotel acquisition and development,SRC02264,HIGH,Follow-on funding for Sunday PropTech
R00677,S0138,Gurugram,,2025-01-28,2025,FY25-26,Equity (Innov8),110.0,INR,110.0,1000.0,INR,implied,INV1019,INV1019,2,all-new-investors (DERIVED),Co-working expansion,SRC02265,HIGH,"Innov8 raised at Rs 1,000 Cr valuation"
R00678,S0139,Gurugram,2021-02-24,2021-02-24,2021,FY21-22,Series G,,USD,,,,post-money,INV0066,INV0066;INV1020;INV0007;INV1021;INV0103;INV1022,7,initial (DERIVED),Pre-IPO growth capital,SRC02271,MEDIUM,Total raised $443M across 11 rounds; exact amounts redacted on Tracxn
R00679,S0139,Gurugram,2021-11-01,2021-11-01,2021,FY21-22,IPO,,INR,,,,market-cap,INV1023,INV0093;INV1024;INV1025;INV0036,5,all-new-investors (DERIVED),Public listing on NSE/BSE,SRC02272,HIGH,
R00680,S0140,Chennai / Palo Alto,2025-10-22,2025-10-22,2025,FY25-26,Series F,,USD,,2500.0,USD,post-money,INV0114;INV1026;INV1027;INV1028;INV1029;INV1030;INV1031;INV1032;INV1033,INV0114;INV1026;INV1027;INV1028;INV1029;INV1030;INV1031;INV1032;INV1033,18,mixed (DERIVED),Accelerate innovation on Business AI Cloud platform,SRC02275,HIGH,
R00681,S0140,Chennai / Palo Alto,2022-02-16,2022-02-16,2022,FY22-23,Series E,,USD,,2500.0,USD,post-money,INV1029,INV1029;INV1030;INV1032;INV1034;INV1035;INV1036,7,mixed (DERIVED),Growth capital,SRC02277,HIGH,
R00682,S0140,Chennai / Palo Alto,2021-03-31,2021-03-31,2021,FY21-22,Series D,,USD,,,,post-money,INV0051,INV1034;INV1035;INV1032;INV1037,5,initial (DERIVED),Growth capital,SRC02279,MEDIUM,
R00683,S0141,Gurugram,2025-09-10,2025-04-28,2025,FY25-26,IPO,,INR,,,,market-cap,INV1023,INV1038;INV1024;INV0401;INV0592,5,all-new-investors (DERIVED),"Fresh issue Rs 472 Cr + OFS Rs 1,428 Cr; total Rs 1,900 Cr",,,
R00684,S0141,Gurugram,2025-02-01,2024-09-01,2024,FY24-25,Pre-IPO Secondary,,INR,,,,secondary,INV0074;INV1039;INV0094,INV0074;INV1039;INV0094;INV1040;INV1041;INV1042,9,initial (DERIVED),Founders sold shares worth Rs 780 Cr ahead of DRHP,,,
R00685,S0142,Gurugram,2021-07-01,2021-07-01,2021,FY21-22,IPO,,INR,,,,market-cap,INV1023,INV0093;INV1024;INV1025;INV0036;INV1021,6,mixed (DERIVED),Public listing on NSE/BSE,SRC02292,HIGH,
R00686,S0142,Gurugram,2021,2021,2021,FY21-22,Pre-IPO,,USD,,,,post-money,INV1021,INV1021;INV0127;INV0225;INV0033,5,initial (DERIVED),Pre-IPO growth capital,SRC02296,MEDIUM,
R00687,S0143,Bengaluru,2023-12-19,2023-12-19,2023,FY23-24,Seed,,USD,,,,post-money,INV0056;INV0118,INV0056;INV0118,4,initial (DERIVED),Initial platform development and healthcare skilling model design,SRC02299,HIGH,
R00688,S0143,Bengaluru,2024-04-18,2024-04-18,2024,FY24-25,Seed,,USD,,,,post-money,INV0056;INV0118,INV0056;INV0118,4,all-follow-on (DERIVED),Expansion of campuses and programs,SRC02299,HIGH,
R00689,S0143,Bengaluru,2025-04-23,2025-04-23,2025,FY25-26,Pre-Series A,,USD,,,,post-money,INV0056;INV0118,INV0056;INV0118,4,all-follow-on (DERIVED),Scale to 36 campuses across 18 states; hospitality launch,SRC02298,HIGH,
R00690,S0143,Bengaluru,2026-01-14,2026-01-14,2026,FY26-27,Series A,,USD,,,,post-money,INV0013,INV0013;INV0118;INV0056,4,mixed (DERIVED),Expand to 200+ campuses; launch EPC and manufacturing skilling; enter international markets,SRC02298,HIGH,
R00691,S0144,Bengaluru,,2023-02-23,2023,FY23-24,Seed,20.0,USD,1656.0,,,,,INV0003;INV0074;INV0862;INV0048;INV1043,5,mixed (DERIVED),,SRC02304,,
R00692,S0144,Bengaluru,,2024-11-20,2024,FY24-25,Ecosystem,10.0,USD,837.0,500.0,USD,,INV1044,INV1044;INV1045;INV1046,4,all-new-investors (DERIVED),,SRC02304,,
R00693,S0144,Bengaluru,,2025-09-30,2025,FY25-26,Strategic,13.5,USD,1156.95,,,,INV1047;INV0003;INV0074,INV1047;INV0003;INV0074,6,mixed (DERIVED),,SRC02305,,
R00694,S0144,Bengaluru,2023-02-08,2023-02-23,2023,FY23-24,Seed,4.909074,USD,406.47,,,post-money,INV0003,INV0003;INV0142;INV0048;INV0862,5,all-new-investors (DERIVED),Initial platform build and gamer network expansion,SRC02309,MEDIUM,
R00695,S0144,Bengaluru,2024-11-20,2024-11-20,2024,FY24-25,Seed,1.628864,USD,136.34,,,post-money,INV1044,INV1044;INV1045;INV1046,4,all-follow-on (DERIVED),Developer partnerships and ecosystem expansion,SRC02304,MEDIUM,Reported as $10M in media; Tracxn shows $1.63M for this round; discrepancy likely due to different reporting scope
R00696,S0144,Bengaluru,2024-11-28,2024-11-28,2024,FY24-25,Seed,0.95,USD,79.52,,,,,INV1048;INV1045;INV1046,3,mixed (DERIVED),Decentralize gamer data ownership,SRC02315,MEDIUM,LatamList reports $9.5M; may overlap with Nov 2024 round
R00697,S0144,Bengaluru,2025-10-04,2025-09-30,2025,FY25-26,Series A,13.5,USD,1156.95,,,post-money,INV1047;INV0003;INV0074,INV1047;INV0003;INV0074,6,all-follow-on (DERIVED),"Platform growth, operational expansion, strategic initiatives",SRC02305,HIGH,
R00698,S0144,Bengaluru,2022-03-08,2022-03-08,2022,FY22-23,ICO,,USD,,,,,,,0,initial (DERIVED),Initial token offering,SRC02309,LOW,"Tracxn mentions first funding round was ICO on Mar 08, 2022; amount not disclosed"
R00699,S0145,Bengaluru,,2023-03-01,2023,FY23-24,Seed,3.0,USD,248.4,,,,,INV0121,1,initial (DERIVED),,SRC02326,,
R00700,S0145,Bengaluru,,2024-12-01,2024,FY24-25,Series A,8.0,USD,669.6,,,,INV0118,INV0118,2,all-new-investors (DERIVED),,SRC02326,,
R00701,S0145,Bengaluru,,2025-09-03,2025,FY25-26,Series B,28.0,USD,2399.6,180.0,USD,,INV0112,INV0112;INV1049;INV0118;INV0121,5,mixed (DERIVED),,SRC02326,,
R00702,S0146,Bengaluru,,2025-05-12,2025,FY25-26,Series A,12.0,USD,1028.4,,,,INV1050;INV1051;INV1052,INV1050;INV1051;INV1052;INV0528;INV1053,8,all-new-investors (DERIVED),,SRC02346,,
R00703,S0146,Bengaluru,,2022-07-15,2022,FY22-23,Seed,,USD,,,,,INV1054,INV1054,2,initial (DERIVED),IND-enabling studies for immuno-oncology asset,SRC02355,MEDIUM,Amount undisclosed per company
R00704,S0146,Bengaluru,2025-05-12,2025-05-12,2025,FY25-26,Series A,,USD,,,,post-money,INV1050;INV1051;INV1052,INV1050;INV1051;INV1052;INV0528;INV1053,8,all-follow-on (DERIVED),Clinical development of AVA-NP-695; IP portfolio expansion; preclinical work on pipeline,SRC02346,HIGH,"INR 100 crore; oversubscribed; co-led by Capital 2B, Shastra VC, Kotak Lifesciences Fund I"
R00705,S0146,Bengaluru,,2025-05-12,2025,FY25-26,Series A (total raised),,USD,,,,,,,0,unknown,,SRC02359,MEDIUM,Tracxn reports $12M over 4 early-stage rounds; total raised including seed
R00706,S0147,Gurugram,,2021-09-14,2021,FY21-22,Seed,4.6,USD,342.7,,,,,INV0171;INV0668;INV1055,3,initial (DERIVED),,SRC02365,,
R00707,S0147,Gurugram,,2025-04-30,2025,FY25-26,Series A,12.0,USD,1028.4,,,,INV1056;INV0668,INV1056;INV0668;INV1057;INV1058;INV0171;INV1055,8,mixed (DERIVED),,SRC02362,,
R00708,S0148,Bengaluru,,2025-07-22,2025,FY25-26,Seed,5.0,USD,428.5,,,,INV0404;INV0184,INV1059;INV0184,4,initial (DERIVED),,SRC02368,,
R00709,S0148,Bengaluru,,2026-01-22,2026,FY26-27,Series A,25.0,USD,2175.0,,,,INV0404,INV0404;INV0184;INV0116,4,mixed (DERIVED),,SRC02369,,
R00710,S0149,Ahmedabad,2025-03-27,2025-03-27,2025,FY25-26,Series E3,29.5,USD,2528.15,,,,INV1060,INV1060;INV0740;INV0732;INV1061,5,initial (DERIVED),Capital infusion post Fullerton majority acquisition,SRC02386,HIGH,
R00711,S0149,Ahmedabad,2025-05-27,2025-05-27,2025,FY25-26,Venture Debt,11.7,USD,1002.69,,,,INV0381,INV0381,2,all-new-investors (DERIVED),Venture debt financing,SRC02392,MEDIUM,
R00712,S0149,Ahmedabad,,,2024,FY24-25,Series D (multiple tranches),,USD,,,,,INV1060,INV1060;INV0293;INV1062,4,mixed (DERIVED),Bridge funding before Fullerton takeover,SRC02393,HIGH,round_date stated loosely: Oct 2024 - Jan 2025 | announcement_date stated loosely: Oct 2024 - Jan 2025
R00713,S0150,Gurugram,2025-05-08,2025-05-08,2025,FY25-26,Seed,218.0,USD,18682.6,,,,INV0042,INV0042;INV1063;INV0094;INV0905;INV1064;INV1065,7,mixed (DERIVED),"Set up PB Health hospital network in Delhi NCR, product development",SRC02396,HIGH,
R00714,S0150,Gurugram,2026-06-30,2026-06-30,2026,FY26-27,Seed (extension),5394.0,INR,5394.0,,,,INV1063,INV1063,2,initial (DERIVED),Continued investment in PB Healthcare subsidiary,SRC02402,HIGH,
R00715,S0151,Mumbai,2025-12-02,2025-12-02,2025,FY25-26,Series A,7.2,USD,617.04,,,,INV1066,INV1066,2,initial (DERIVED),Accelerate digital health innovation,SRC02404,HIGH,
R00716,S0151,Mumbai,2024-06-11,2024-06-11,2024,FY24-25,Strategic Investment,,USD,,,,,,,0,unknown,Accelerate digital health innovation,SRC02407,MEDIUM,
R00717,S0151,Mumbai,2022-11-21,2022-11-21,2022,FY22-23,Seed,,USD,,,,,,,0,unknown,Initial funding,SRC02404,MEDIUM,
R00718,S0152,Bengaluru,2026-05-27,2026-05-27,2026,FY26-27,Series A (extension),16.7,USD,1452.9,,,,INV0037;INV0809,INV0037;INV0809;INV1068,5,all-follow-on (DERIVED),Power delivery network bottleneck solutions for AI/HPC,SRC02412,HIGH,
R00719,S0152,Bengaluru,,,2026,FY26-27,Series A,15.0,USD,1305.0,,,,INV0037,INV0037;INV1068;INV0809,4,initial (DERIVED),System-level power delivery solutions for AI data centers,SRC02413,HIGH,round_date stated loosely: Feb 2026 | announcement_date stated loosely: Feb 2026
R00720,S0152,Bengaluru,,,2024,FY24-25,Seed,4.0,USD,334.8,,,,INV1068,INV1068,2,all-follow-on (DERIVED),Initial development,SRC02412,HIGH,round_date stated loosely: Nov 2024 | announcement_date stated loosely: Nov 2024
R00721,S0153,Bengaluru,2024-11-05,2024-11-05,2024,FY24-25,Series A,10.0,USD,837.0,,,,INV1069;INV0489,INV1069;INV0489;INV0815;INV1070;INV1071,7,mixed (DERIVED),"Scaling CyRo robotic platform, expanding Bengaluru lab",SRC02420,HIGH,
R00722,S0153,Bengaluru,2022-04-05,2022-04-05,2022,FY22-23,Pre-Series A,4.5,USD,353.25,,,,INV0815;INV1072,INV0815;INV1072;INV0149;INV1021;INV1073;INV0792;INV1070,9,all-new-investors (DERIVED),Pre-Series A funding,SRC02423,HIGH,
R00723,S0153,Bengaluru,2019-08-06,2019-08-06,2019,FY19-20,Seed,0.775,USD,66.65,,,,INV0815;INV1070,INV0815;INV1070,4,all-follow-on (DERIVED),Initial seed funding,SRC02424,HIGH,
R00724,S0153,Bengaluru,2021-04-08,2021-04-08,2021,FY21-22,Incubator/Accelerator,,USD,,,,,INV1074,INV1074,2,initial (DERIVED),Incubation support,SRC02431,MEDIUM,
R00725,S0154,Bengaluru,,,2022,FY22-23,Seed,5.2,USD,408.2,,,,INV0121,INV0121;INV1075,3,all-follow-on (DERIVED),,SRC02454,HIGH,announcement_date stated loosely: Jun 28 2022
R00726,S0154,Bengaluru,,,2024,FY24-25,Seed VC - II (Pre-Series A),5.0,USD,418.5,,,,INV0121,INV0121,2,all-follow-on (DERIVED),,SRC02455,HIGH,announcement_date stated loosely: Aug 13 2024
R00727,S0154,Bengaluru,,,2025,FY25-26,Series A,10.0,USD,857.0,77.48,USD,post-money,INV1076,INV1076;INV0121;INV1075,4,mixed (DERIVED),"Geographic expansion to 20+ countries, global licensing, card acceptance (InstaLinks), compliance automation, developer APIs",SRC02443,HIGH,announcement_date stated loosely: Dec 10 2025
R00728,S0154,Bengaluru,,,2025,FY25-26,Series A (reported by Tracxn),5.72,USD,490.2,,,,,,0,unknown,,SRC02446,MEDIUM,Tracxn reports different amount ($5.72M) vs press ($10M); discrepancy likely due to partial disclosure | announcement_date stated loosely: Dec 10 2025
R00729,S0154,Bengaluru,,2024-08-13,2024,FY24-25,Pre-Series A,5.0,USD,418.5,,,,INV0121,INV0121,2,initial (DERIVED),Pre-Series A funding,SRC02455,HIGH,
R00730,S0154,Bengaluru,,2025-12-10,2025,FY25-26,Series A (Tracxn variant),5.72,USD,490.2,,,,INV1076,INV1076,2,all-new-investors (DERIVED),,SRC02446,MEDIUM,Tracxn reports $5.72M vs press $10M; discrepancy likely partial disclosure
R00731,S0155,Delhi (New Delhi),,,2020,FY20-21,Seed,,USD,,,,,,,0,unknown,,SRC02465,MEDIUM,announcement_date stated loosely: Jun 30 2020
R00732,S0155,Delhi (New Delhi),,,2021,FY21-22,Series A,4.1,USD,305.45,,,,,INV1077;INV1078,2,all-new-investors (DERIVED),,SRC02464,MEDIUM,announcement_date stated loosely: Mar 17 2021
R00733,S0155,Delhi (New Delhi),,,2021,FY21-22,Series A - II,,USD,,,,,,,0,initial (DERIVED),,SRC02465,MEDIUM,announcement_date stated loosely: Apr 21 2021
R00734,S0155,Delhi (New Delhi),,,2024,FY24-25,Debt,8.0,USD,669.6,,,,INV1079,INV1080,2,all-new-investors (DERIVED),,SRC02466,HIGH,announcement_date stated loosely: Feb 29 2024
R00735,S0155,Delhi (New Delhi),,,2025,FY25-26,Series B,10.0,USD,857.0,,,,INV1081,INV1081;INV1082;INV1083,4,all-new-investors (DERIVED),"Expansion into manufacturing, building automation, district cooling; enhance DeJoule analytics",SRC02461,HIGH,announcement_date stated loosely: Nov 28 2025
R00736,S0156,Greater Noida (Bengaluru R&D),,,2026,FY26-27,Seed,0.5,USD,43.5,,,,,,0,unknown,,SRC02479,MEDIUM,announcement_date stated loosely: Pre-2026
R00737,S0156,Greater Noida (Bengaluru R&D),,,2026,FY26-27,Series A,10.0,USD,870.0,,,,INV1084;INV1085,INV1086;INV1085;INV0909;INV1087;INV1088;INV1089,8,all-new-investors (DERIVED),"Accelerate commercialization of ML-enabled analog signal-chain ICs, initiate silicon chip production, expand global market presence",SRC00059,HIGH,announcement_date stated loosely: Feb 18 2026
R00738,S0156,Greater Noida (Bengaluru R&D),,,2026,FY26-27,Series A (reported by ET),900.0,INR,900.0,,,,,,0,unknown,,SRC02473,HIGH,announcement_date stated loosely: Feb 18 2026
R00739,S0156,Greater Noida (Bengaluru R&D),,2026-02-18,2026,FY26-27,Series A (INR equivalent),90.5,INR,90.5,,,,,,0,initial (DERIVED),,SRC02473,HIGH,ET Manufacturing reports same round as ~Rs 90 Cr / $10M
R00740,S0157,Mumbai,,2024,2024,FY24-25,Series A,320.0,INR,320.0,,,,INV1090,INV1090;INV1057,3,all-new-investors (DERIVED),,,HIGH,
R00741,S0157,Mumbai,,,2026,FY26-27,Pre-Series B,650.0,INR,650.0,,,,INV1091,INV1091;INV1092;INV1057;INV1093,5,mixed (DERIVED),"Expand centre network beyond Maharashtra, strengthen technology platform and AI capabilities, scale Get SET Early through hospitals and paediatricians, expand therapist training pr",SRC02481,HIGH,announcement_date stated loosely: Aug 19 2026
R00742,S0157,Mumbai,2022,2022-01-01,2022,FY22-23,Seed,2.0,USD,157.0,,,un-disclosed,INV1092,INV1092;INV0150;INV0792,4,initial (DERIVED),Initial operations and therapy programme development,SRC02488,HIGH,Amount: $2 million; investors per Entrackr and Inc42
R00743,S0158,Mumbai,,2022,2022,FY22-23,Series D,50.0,USD,3925.0,30000.0,INR,post-money,INV0326,INV0326,2,initial (DERIVED),Offline retail expansion,,HIGH,
R00744,S0158,Mumbai,,,2026,FY26-27,Series D7,1445.0,INR,1445.0,7550.0,INR,post-money,INV0220,INV1095,2,all-follow-on (DERIVED),Fresh capital amid revenue decline and widening losses,SRC02495,HIGH,announcement_date stated loosely: Sep 1 2026
R00745,S0158,Mumbai,,,2026,FY26-27,Series D7 (MCA filing details),1444.7,INR,1444.7,,,,INV0220,INV0220,2,all-follow-on (DERIVED),,SRC02496,HIGH,announcement_date stated loosely: Sep 1 2026
R00746,S0158,Mumbai,2026-09-01,2026-09-01,2026,FY26-27,Series D7,144.5,INR,144.5,7550000000.0,INR,post-money,INV0220,INV1095,2,all-new-investors (DERIVED),Fresh capital amid revenue decline and widening losses,SRC02495,HIGH,"1,12,248 Series D7 CCPS at Rs 12,871/share; A91 to hold ~19.97%"
R00747,S0158,Mumbai,2026-09-01,2026-09-01,2026,FY26-27,Series D7 (MCA filing details),144.47,INR,144.47,5500000000.0,INR,post-money,INV0220,INV0220,2,all-new-investors (DERIVED),Fresh capital,SRC02497,HIGH,"Inc42 calculations: post-money ₹550-600 Cr; pre-money ₹433.6 Cr; peak valuation ~₹3,000 Cr in 2022"
R00748,S0158,Mumbai,2024-11-01,2024-11-01,2024,FY24-25,Series D (secondary),,INR,,2650000000.0,INR,post-money,,,0,unknown,Unknown,SRC02497,MEDIUM,"Inc42 references Nov 2024 fundraise at ₹2,600-2,700 Cr valuation; details not fully confirmed"
R00749,S0159,Bengaluru,,,2025,FY25-26,Pre-Series B,,USD,,,,,INV1096,,1,unknown,,SRC02502,,announcement_date stated loosely: Aug 2025
R00750,S0159,Bengaluru,,,2026,FY26-27,Series B,17.0,USD,1479.0,,,,,,0,unknown,,SRC02503,,announcement_date stated loosely: Aug 2026
R00751,S0159,Bengaluru,,2022-04-01,2022,FY22-23,Seed,7.14,USD,560.49,,,,,,0,initial (DERIVED),Initial product development,SRC02522,MEDIUM,
R00752,S0159,Bengaluru,2022-08-16,2022-08-17,2022,FY22-23,Series A,40.0,USD,3140.0,,,,INV1097;INV1098,INV1099;INV1100;INV1101;INV1102;INV1103,7,all-new-investors (DERIVED),Launch Growth-as-a-Service; acquire Shoptimize and SELLinALL,SRC02513,HIGH,
R00753,S0159,Bengaluru,,2025-01-01,2025,FY25-26,Convertible Note,,USD,,,,,,,0,unknown,Bridge financing,SRC02523,LOW,
R00754,S0159,Bengaluru,2025-08-11,2025-08-11,2025,FY25-26,Pre-Series B,9.0,USD,771.3,,,,INV1096,INV1096;INV1104;INV1105;INV1101;INV1102,6,mixed (DERIVED),Expand Agent Foundry in India,SRC02512,HIGH,
R00755,S0161,Bengaluru,,,2026,FY26-27,Seed,8.0,USD,696.0,,,,INV0037,INV0037;INV0652,3,mixed (DERIVED),,SRC02529,,announcement_date stated loosely: Jan 2026
R00756,S0161,Bengaluru,,2026-09-01,2026,FY26-27,Series A (ongoing/negotiating),50.0,USD,4350.0,,,pre-money,INV0037,INV0037;INV0288,3,initial (DERIVED),"Silicon prototyping, MPW runs at foundries, compiler development, hardware emulation",SRC02534,MEDIUM,Peak XV contributing ~$15M; 360 One as new investor. Valuation $160-200M. Not yet closed as of Sep 2026.
R00757,S0162,Bengaluru,,,2024,FY24-25,Series B,12.0,USD,1004.4,,,,INV0037,INV0743;INV0037,3,all-follow-on (DERIVED),,SRC02544,,announcement_date stated loosely: Feb 2024
R00758,S0162,Bengaluru,,,2026,FY26-27,Series C,1700.0,INR,1700.0,,,,INV0743,,1,unknown,,SRC02542,,announcement_date stated loosely: Sep 2026
R00759,S0162,Bengaluru,2020-03-09,2020-03-09,2020,FY20-21,Seed,0.32,USD,23.68,,,,INV1106;INV1107,INV1106;INV1107;INV1108;INV1109;INV1110;INV1111;INV1112;INV1113;INV1114;INV1115;INV1116;INV1117;INV1118;INV1119;INV1120;INV1121;INV1122;INV1123;INV1124,21,initial (DERIVED),early-stage product development,SRC02553,MEDIUM,
R00760,S0162,Bengaluru,2022-03-31,2022-03-31,2022,FY22-23,Series A,4.961002,USD,389.44,,,,INV1061,INV1061;INV0371;INV1106;INV1125;INV1126;INV1118;INV1127;INV1128;INV1129;INV1111;INV1110;INV1130;INV1119;INV1131;INV1121;INV1132;INV1133;INV1122;INV1134;INV1115;INV1116;INV1108;INV1135;INV1113;INV1136;INV1109;INV1137;INV1112;INV1138;INV1139;INV1120;INV1107;INV1140;INV1141,35,mixed (DERIVED),scaling product and team,SRC02553,MEDIUM,
R00761,S0162,Bengaluru,2023-08-23,2023-08-23,2023,FY23-24,Series A-2,3.749322,USD,310.44,,,,INV0371,INV0371;INV1131;INV1115;INV1121;INV1126;INV1114;INV1138;INV1130;INV1118;INV1111;INV1116;INV1142;INV1136;INV1122;INV1108;INV1113;INV1120;INV1112;INV1106;INV1143;INV1133;INV1129;INV1109;INV1117;INV1119;INV1140,27,mixed (DERIVED),pre-Series B bridge,SRC02553,MEDIUM,
R00762,S0162,Bengaluru,2026-09-01,2026-09-01,2026,FY26-27,Series C,170.0,INR,170.0,19300000000.0,INR,post-money,INV0743,INV0743;INV0037;INV1144;INV1145;INV1146,6,all-new-investors (DERIVED),"growth acceleration, ESOP secondaries",SRC02542,HIGH,
R00763,S0162,Bengaluru,2026-09-02,2026-09-02,2026,FY26-27,Series C (primary tranche),90.66,INR,90.66,19300000000.0,INR,post-money,INV0743,INV0743;INV0037;INV1147;INV1144;INV1146,6,mixed (DERIVED),"growth, financial position, long-term resources",SRC02543,HIGH,
R00764,S0163,Pune,,,,,Total disclosed (Tracxn),356.0,USD,30509.2,,,,,INV1148;INV0121;INV0057,3,initial (DERIVED),,SRC02565,,
R00765,S0163,Pune,2015-11-05,2015-11-05,2015,FY15-16,Series A,12.5,USD,1075.0,,,,,,0,unknown,,SRC02565,MEDIUM,
R00766,S0163,Pune,2020-11-08,2020-11-08,2020,FY20-21,Series E,110.0,USD,8140.0,396.0,USD,post-money,INV0698,INV0698;INV0115;INV1149;INV1150,5,all-new-investors (DERIVED),"Automating hubs and sort centres, technology investment, expanding delivery footprint",SRC02565,HIGH,
R00767,S0163,Pune,2022-02-09,2022-02-09,2022,FY22-23,Series F,100.0,USD,7850.0,1140.0,USD,post-money,INV0057;INV0020;INV0221,INV0057;INV0020;INV0221;INV1149;INV0381;INV1151;INV1152;INV0698,11,mixed (DERIVED),,SRC02565,HIGH,
R00768,S0163,Pune,2023-11-07,2023-11-07,2023,FY23-24,Series G,80.0,USD,6624.0,1440.0,USD,post-money,INV1153,INV1153;INV0057;INV0020;INV0221;INV0328;INV1148;INV0121;INV1149;INV0115;INV0698,11,mixed (DERIVED),,SRC02565,HIGH,
R00769,S0164,Mumbai,,,,,venture (extension),4.0,USD,342.8,,,,INV0003;INV1154,INV0003;INV1154,4,initial (DERIVED),,SRC02570,,
R00770,S0164,Mumbai,2023-05-01,2023-05-08,2023,FY23-24,seed,3.0,USD,248.4,,,,INV0003,INV0003;INV1154;INV0652,4,mixed (DERIVED),Initial seed funding for pharma supply-chain financing platform,SRC02581,HIGH,
R00771,S0164,Mumbai,2026-09-08,2026-09-08,2026,FY26-27,pre-Series A,4.0,USD,348.0,,,,INV0003;INV1154,INV0003;INV1154;INV1155;INV0652,6,mixed (DERIVED),"Expand commerce, payments, and credit operations across India's pharma supply chain",SRC02570,HIGH,
R00772,S0164,Mumbai,2026-09-08,2026-09-08,2026,FY26-27,venture debt,0.9,USD,78.3,,,,INV0371,INV0371,2,all-new-investors (DERIVED),Working capital for expansion,SRC02571,HIGH,
R00773,S0165,Bengaluru,,,,,Series B,15.0,USD,1285.5,,,,INV0112,INV0112;INV0048,3,initial (DERIVED),,SRC02585,,
R00774,S0165,Bengaluru,2025-08-04,2025-08-04,2025,FY25-26,Series A,5.9,USD,505.63,,,,INV0048,INV0048;INV0870;INV0900,4,mixed (DERIVED),"Scale AI-powered cyber platform, build three Global SOCs in Bengaluru/Delhi/Mumbai, expand service suite, hire talent",SRC02591,HIGH,
R00775,S0165,Bengaluru,2026-06-23,2026-06-23,2026,FY26-27,Series B,15.0,USD,1305.0,,,,INV0112,INV0112;INV0048;INV0870;INV0900,5,all-follow-on (DERIVED),"Expand AI-native products, scale SOC capabilities, enter Middle East and Southeast Asia, double team",SRC02588,HIGH,
R00776,S0166,Bengaluru (+ San Mateo),,,,,seed,6.5,USD,557.05,,,,INV1156;INV1157,INV1156;INV1157,4,initial (DERIVED),,SRC02600,,
R00777,S0167,Bengaluru,,,,,Series D/D1,25.0,USD,2142.5,,,,,INV0003;INV0171;INV0569;INV0431,4,initial (DERIVED),,SRC02606,,
R00778,S0167,Bengaluru,,,,,Series D (prior),,USD,,,,,INV0003,INV0003;INV0171;INV0569,4,all-follow-on (DERIVED),,SRC02608,MEDIUM,"Accel, Chiratae, Bain Capital are early backers; specific round amounts/dates not disclosed in fetched sources"
R00779,S0167,Bengaluru,2026-09-09,2026-03-30,2026,FY26-27,IPO,1255.57,INR,1255.57,4206.0,INR,market_cap,,INV1158,1,all-new-investors (DERIVED),"debt repayment, lease payments, general corporate",SRC02605,HIGH,Fresh issue Rs 150cr + OFS Rs 1105.57cr; price band Rs 384-404; subscribed 72.88x; anchor allotment Rs 376.1cr to 41 investors
R00780,S0167,Bengaluru,,,,,debt,179.5,INR,179.5,,,,,INV1159,1,all-new-investors (DERIVED),working capital,SRC02608,MEDIUM,Outstanding borrowings Rs 179.5cr as of Jan 2026 (consolidated); company also supported by banks and NBFCs
R00781,S0168,Gurugram,,,,,acquisition by Zomato (all-stock),568.0,USD,48677.6,,,,,,0,initial (DERIVED),,SRC02617,,
R00782,S0169,Gurugram,2026-07-30,2025-06-27,2025,FY25-26,IPO,,INR,,1800.0,USD,IPO price band 214-225,INV0896;INV1161;INV0011,INV1162,4,all-new-investors (DERIVED),Repay borrowings; capacity expansion,SRC02621,HIGH,"1800 Cr fresh issue, no OFS"
R00783,S0169,Gurugram,,2018,2018,FY18-19,Debt Financing,,USD,,,,,,,0,initial (DERIVED),,SRC02622,MEDIUM,Total funding since founding
R00784,S0170,Gurugram,,2026-07-09,2026,FY26-27,Debt Financing,,USD,,,,,INV1077,INV1165;INV1166;INV1167;INV1168,5,all-new-investors (DERIVED),"Develop and refinance 200 MW solar-wind hybrid project in Koppal, Karnataka",SRC02623,HIGH,
R00785,S0170,Gurugram,,2022,2022,FY22-23,Equity/Debt,,USD,,,,,INV0070,INV0070;INV1169,3,initial (DERIVED),Backing for renewable energy IPP operations,SRC02623,MEDIUM,
R00786,S0170,Gurugram,,2026,2026,FY26-27,Planned InvIT,,USD,,,,,INV0070;INV1169,,2,unknown,Setting up InvIT for renewable energy assets,SRC02626,MEDIUM,
R00787,S0170,Gurugram,,2026-07-17,2026,FY26-27,Equity Stake Sale,,INR,,,,,INV1170,,1,unknown,Acquisition of 26% equity stake for 58 MW renewable power,SRC02627,MEDIUM,
R00788,S0171,Bengaluru,2024-11-06,2024-09-27,2024,FY24-25,IPO,,INR,,11300.0,USD,IPO price 390/share,,INV1172,1,all-new-investors (DERIVED),"Fund Instamart expansion, compete with Blinkit and Zepto",SRC02631,HIGH,
R00789,S0171,Bengaluru,,2022,2022,FY22-23,Pre-IPO,,USD,,10700.0,USD,,,,0,initial (DERIVED),,SRC02632,HIGH,Private market peak valuation from early 2022
R00790,S0172,Mumbai,2026-03-06,2026-03-06,2026,FY26-27,Series A,,INR,,,,Post-money ~$48M,INV1175,INV1176;INV1177;INV1178;INV1179;INV1180,6,all-new-investors (DERIVED),"Expand offline retail footprint, strengthen supply chain, invest in technology, scale omnichannel presence",SRC02638,HIGH,
R00791,S0172,Mumbai,,2026-01-01,2026,FY26-27,Shark Tank India Deal,3000.0,INR,3000.0,,,,,,0,initial (DERIVED),,SRC02641,MEDIUM,Namita Thapar invested via Shark Tank India Season 5
R00792,S0173,Bengaluru,2025-11-25,2025-11-25,2025,FY25-26,Series A,,USD,,,,Not disclosed,INV1086,INV1184;INV1185;INV1186;INV0668;INV1187;INV1188;INV1189;INV1190,9,initial (DERIVED),Build antibodies for identified diseases; develop IP; wet lab testing,SRC02644,HIGH,
R00793,S0173,Bengaluru,,,2025,FY25-26,Seed/Bridge,,USD,,,,,,,0,unknown,,SRC02644,HIGH,Prior seed and bridge funding; spent on platform tech and trial readiness | announcement_date stated loosely: Pre-2025
R00794,S0174,Bengaluru,,2024-09-03,2024,FY24-25,Seed,,USD,,,,,INV0667,INV0667;INV1037;INV0528,4,initial (DERIVED),Build SoC solutions for surveillance cameras,SRC02652,HIGH,
R00795,S0174,Bengaluru,,2026-05-06,2026,FY26-27,Pre-Series A,,USD,,,,,INV1191,INV1191;INV0667;INV0528,4,mixed (DERIVED),Commercialise first Vision AI SoC after tape-out,SRC02649,HIGH,
R00796,S0175,Bengaluru,,2018-04-11,2018,FY18-19,Seed,,USD,,,,,INV1053;INV1192,INV1053;INV1192,4,initial (DERIVED),Initial seed funding,SRC02662,MEDIUM,
R00797,S0175,Bengaluru,,2026-02-23,2026,FY26-27,Series A,,USD,,,,,INV1191,INV1191;INV1053,3,mixed (DERIVED),Global expansion and product innovation,SRC02659,HIGH,
R00798,S0175,Bengaluru,,2026-04-28,2026,FY26-27,Series A Extension,,USD,,,,,INV1193,INV1193,2,all-new-investors (DERIVED),Additional Series A funding,SRC02659,HIGH,
R00799,S0176,Mumbai,,2026-03-25,2026,FY26-27,Series B,,USD,,,,,INV0059,INV0059;INV0750;INV0015,4,mixed (DERIVED),Accelerate growth in Indian wealth ecosystem,SRC02666,HIGH,
R00800,S0176,Mumbai,,,,,Series B (prior),,USD,,,,,INV0750;INV0015,INV0750;INV0015,4,initial (DERIVED),Prior round placing Neo among India's unicorns,SRC02668,MEDIUM,
R00801,S0177,Bengaluru,,2025-11-14,2025,FY25-26,IPO,,USD,,,,,,INV1172,1,all-new-investors (DERIVED),"Fresh issue ₹3,450 Cr + OFS ₹5,325 Cr",SRC02677,HIGH,
R00802,S0177,Bengaluru,,,,,Series A,,USD,,,,,INV0233,INV1010;INV0698;INV0436;INV0241,5,initial (DERIVED),Growth funding,SRC02679,MEDIUM,
R00803,S0178,Bengaluru,,2025-06-11,2025,FY25-26,Seed,,USD,,,,,INV0003,INV0003;INV0125;INV0145;INV1195;INV1196,6,all-new-investors (DERIVED),Formal spin-off from Uni Cards; build wealth management platform,SRC02685,HIGH,
R00804,S0178,Bengaluru,,2025-12-22,2025,FY25-26,Series A,,USD,,,,,INV0037,INV0037;INV0003;INV0125;INV0145;INV1195;INV1196,7,mixed (DERIVED),Strengthen advisory team; accelerate user acquisition; launch PowerUp Elite and Infinite,SRC02684,HIGH,
R00805,S0178,Bengaluru,,2025-02-18,2025,FY25-26,Pre-seed / Spin-off,,USD,,,,,,INV1197,1,initial (DERIVED),Spin-off from Uni Cards as independent company,SRC02687,HIGH,
R00806,S0179,Mumbai,,2024-08-12,2024,FY24-25,seed,,USD,,,,,INV1198,,1,initial (DERIVED),,SRC02692,HIGH,
R00807,S0179,Mumbai,,2026-01-15,2026,FY26-27,series_a,,USD,,,,,INV1198;INV1199,INV1198;INV1199;INV1200;INV1201;INV1132;INV1202;INV1203,9,all-new-investors (DERIVED),,SRC02692,HIGH,
R00808,S0179,Mumbai,,2026-01-15,2026,FY26-27,venture_debt,,USD,,,,,INV1200,,1,unknown,,SRC02692,HIGH,
R00809,S0180,Bengaluru,,2026-05-04,2026,FY26-27,series_unknown,,USD,,,,,INV0962,,1,unknown,,SRC02697,HIGH,
R00810,S0180,Bengaluru,,2025-11-10,2025,FY25-26,pre_orders,,USD,,,,,,,0,initial (DERIVED),,SRC02698,HIGH,
R00811,S0181,Noida,,2026-01-01,2026,FY26-27,private_equity,31000.0,INR,31000.0,,,,INV0043,INV0043;INV1205;INV1206;INV1207;INV1208;INV1209,7,initial (DERIVED),,SRC02700,HIGH,
R00812,S0181,Noida,,2026-07-01,2026,FY26-27,private_equity,7000.0,INR,7000.0,,,,INV1210,,1,unknown,,SRC02701,HIGH,
R00813,S0181,Noida,,2026-05-01,2026,FY26-27,equity,55000.0,INR,55000.0,,,,,,0,unknown,,SRC02700,HIGH,
R00814,S0182,Noida,,2022-08-01,2022,FY22-23,seed,,USD,,,,,,,0,initial (DERIVED),,SRC02710,MEDIUM,
R00815,S0182,Noida,,2023-04-01,2023,FY23-24,angel,,USD,,,,,,,0,unknown,,SRC02710,MEDIUM,
R00816,S0182,Noida,,2023-11-01,2023,FY23-24,series_a,,USD,,,,,,,0,unknown,,SRC02710,MEDIUM,
R00817,S0182,Noida,,2025-06-25,2025,FY25-26,series_b,,USD,,,,,INV0042,INV0042;INV0094,3,all-new-investors (DERIVED),,SRC02705,HIGH,
R00818,S0182,Noida,,2025,2025,FY25-26,ccps,4850.0,INR,4850.0,,,,,,0,unknown,,SRC02707,HIGH,
R00819,S0183,Gurugram,,2020-06-01,2020,FY20-21,seed,,USD,,,,,,,0,initial (DERIVED),,SRC02716,MEDIUM,
R00820,S0183,Gurugram,,2024-06-11,2024,FY24-25,series_b,,USD,,,,,,,0,unknown,,SRC02719,MEDIUM,
R00821,S0183,Gurugram,,2025-06-30,2025,FY25-26,series_b_extended,,USD,,,,,,,0,unknown,,SRC02719,MEDIUM,
R00822,S0183,Gurugram,,2026-03-01,2026,FY26-27,pre_series_c,660.0,INR,660.0,,,,INV1212;INV0125;INV1213,,3,unknown,,SRC02714,HIGH,
R00823,S0183,Gurugram,,2026-04-01,2026,FY26-27,debt,,USD,,,,,INV0524,,1,unknown,,SRC02714,HIGH,
R00824,S0183,Gurugram,,2026-08-30,2026,FY26-27,series_c,1855.0,INR,1855.0,,,,INV1214,INV1214;INV1215;INV0125,4,all-new-investors (DERIVED),,SRC02714,HIGH,
R00825,S0183,Gurugram,,2026-07-01,2026,FY26-27,debt,,USD,,,,,,,0,unknown,,SRC02719,MEDIUM,
R00826,S0184,Bengaluru,,,2026,FY26-27,Series B,10.0,USD,870.0,168.0,USD,,INV1217,INV1217,2,initial (DERIVED),,SRC02721,HIGH,"Valuation $168M per TechCrunch; fleet crossed 5,000 vehicles and 18,000 drivers per ascendants.in | round_date stated loosely: Sep 2026 | announcement_date stated loosely: Sep 2026"
R00827,S0185,Bengaluru,,,2024,FY24-25,Seed/Series A,5.0,USD,418.5,,,,INV0668,INV0668,2,all-follow-on (DERIVED),,SRC02725,MEDIUM,round_date stated loosely: Sep 2024 | announcement_date stated loosely: Sep 2024
R00828,S0185,Bengaluru,,,2025,FY25-26,Series B,10.4,USD,891.28,,,,INV0204,INV0204;INV1218;INV0668,4,mixed (DERIVED),,SRC02726,HIGH,round_date stated loosely: Aug 2025 | announcement_date stated loosely: Aug 2025
R00829,S0185,Bengaluru,2023-11-27,2023-11-27,2023,FY23-24,Seed,2.5,USD,207.0,,,,INV1219,INV1219,2,initial (DERIVED),,SRC02734,MEDIUM,
R00830,S0185,Bengaluru,2024-04-15,2024-04-15,2024,FY24-25,Seed,2.5,USD,209.25,,,,INV1220,INV1220;INV1221;INV1222,4,all-new-investors (DERIVED),,SRC02729,MEDIUM,
R00831,S0185,Bengaluru,2024-09-20,2024-09-20,2024,FY24-25,Series A,5.0,USD,418.5,,,,INV0668,INV0668;INV1219;INV0652,4,mixed (DERIVED),Expansion to every major leisure destination in India,SRC02725,HIGH,
R00832,S0186,Bengaluru,,,2022,FY22-23,Series A,10.0,USD,785.0,,,,INV1223;INV1224,INV1223;INV1224,4,initial (DERIVED),,SRC02742,HIGH,round_date stated loosely: Jan 2022 | announcement_date stated loosely: Jan 2022
R00833,S0187,Bengaluru,,,2025,FY25-26,pre-Series A,3.75,USD,321.38,,,,INV0046,INV0046,2,initial (DERIVED),,SRC02744,HIGH,"For in-house AI, tech hires, global user growth | round_date stated loosely: May 2025 | announcement_date stated loosely: May 2025"
R00834,S0189,Bengaluru,,2023-11-14,2023,FY23-24,Pre-Seed,,USD,,,,,INV0470;INV0121,,2,initial (DERIVED),,SRC02753,HIGH,
R00835,S0189,Bengaluru,,2026-05-06,2026,FY26-27,Seed,,USD,,,,,INV0121;INV0470,,2,unknown,,SRC02753,HIGH,
R00836,S0191,Bengaluru,,2026-06-24,2026,FY26-27,Seed,,USD,,,,,INV0003;INV0142,INV0003;INV0142;INV0178;INV1228;INV1229,7,initial (DERIVED),Deploy optical ground stations and satellite communication terminals,SRC02760,HIGH,
R00837,S0192,Bengaluru,,2022-08-23,2022,FY22-23,Seed,,USD,,,,,,,0,initial (DERIVED),,SRC02764,MEDIUM,
R00838,S0192,Bengaluru,,2024-02-01,2024,FY24-25,Seed,,USD,,,,,INV1230,,1,unknown,,SRC02764,MEDIUM,
R00839,S0193,Gurugram,,2025-08-27,2025,FY25-26,Series B,,USD,,,,,INV0112,INV0112;INV0025;INV1232;INV1195;INV1233;INV1234,7,initial (DERIVED),"Geographical expansion (Southeast Asia, Middle East) and strengthening technology and product talent",SRC02767,HIGH,
R00840,S0194,Pune,2025-08-01,2025-08-13,2025,FY25-26,seed,3.0,USD,257.1,,,undisclosed,INV1235,INV1235;INV1236,3,initial (DERIVED),Scale production of laser-based communication and directed energy weapon systems,SRC02772,HIGH,Seed round from Rockstud Capital and other domestic/international investors
R00841,S0195,Delhi NCR,2026-03-01,2026-03-16,2026,FY26-27,Series C,36.0,USD,3132.0,,,reported,INV1237,INV1237;INV0121;INV1238;INV0037;INV1239,6,initial (DERIVED),Expand visa platform globally and invest in AI tools,SRC02778,HIGH,
R00842,S0196,Surat,2025-10-01,2025-10-29,2025,FY25-26,pre-IPO,14220.0,INR,14220.0,,,undisclosed,INV1240,INV1240;INV1241,3,initial (DERIVED),Expand production capacity and strengthen global renewable energy presence,SRC02787,HIGH,
R00843,S0197,Bengaluru,2025-08-01,2025-08-25,2025,FY25-26,Series B,24.0,USD,2056.8,,,reported,INV1242,INV1242;INV0048;INV1204;INV1055,5,mixed (DERIVED),"Expand Credit-on-UPI innovation, product expansion, deepen rewards",SRC02794,HIGH,
R00844,S0197,Bengaluru,2022-12-30,2022-12-30,2022,FY22-23,Seed,8.847392,USD,694.52,,,,INV0048,INV0048;INV1204;INV0652,4,initial (DERIVED),Product development and launch,SRC02795,HIGH,
R00845,S0197,Bengaluru,2023-11-10,2023-11-10,2023,FY23-24,Series A,10.37456,USD,859.01,,,,INV0048,INV0048;INV1204;INV1055,4,mixed (DERIVED),Expand Credit-on-UPI innovation,SRC02795,HIGH,
R00846,S0198,Mumbai,2026-09-01,2026-09-09,2026,FY26-27,pre-Series A,4.5,USD,391.5,,,undisclosed,INV1243,INV1243;INV1244;INV0105,4,initial (DERIVED),Expand cooling-as-a-service business across India,SRC02810,HIGH,
R00847,S0199,Chennai,,,2023,FY23-24,Series B,,USD,,,,,INV1246,INV1246,2,all-new-investors (DERIVED),commercial space launches,SRC02821,HIGH,Forbes also covered | round_date stated loosely: October 2023 | announcement_date stated loosely: October 2023
R00848,S0199,Chennai,,,2025,FY25-26,Series C,1500.0,INR,1500.0,,,,INV0051,INV1247,2,initial (DERIVED),UNKNOWN,SRC02820,HIGH,Rs 60 crore from new investors | round_date stated loosely: November 2025 | announcement_date stated loosely: November 2025
R00849,S0200,Mumbai,,,2026,FY26-27,Acquisition of Housing.com,,USD,,,,,,,0,initial (DERIVED),,SRC02824,HIGH,announcement_date stated loosely: Jul 2026
R00850,S0201,Gurugram,,,2025,FY25-26,Series C,,USD,,,,,INV1249,,1,unknown,,SRC02833,HIGH,announcement_date stated loosely: Jun 2025
R00851,S0201,Gurugram,,,2024,FY24-25,Series C1,,USD,,,,,,,0,initial (DERIVED),,SRC02836,HIGH,announcement_date stated loosely: Aug 2024
R00852,S0202,Gurugram,,,2023,FY23-24,Pre-Series B,,USD,,,,,INV1251,,1,unknown,,SRC02840,HIGH,announcement_date stated loosely: Feb 2023
R00853,S0202,Gurugram,,2026-09-15,2026,FY26-27,Total funding,,USD,,,,,,,0,initial (DERIVED),,SRC02842,MEDIUM,Across 11 rounds since Aug 2015
R00854,S0203,Bengaluru,,,2026,FY26-27,Seed/Series A,,USD,,,,,INV0542,INV0542;INV1252;INV1253,4,initial (DERIVED),global expansion and AI-native lawyer network development,SRC02847,HIGH,About Rs 21 Cr | round_date stated loosely: May 2026 | announcement_date stated loosely: May 2026
R00855,S0207,Bengaluru,,2025-07-31,2025,FY25-26,Pre-Series A,,USD,,,,,INV0074;INV0003;INV1254,INV0074;INV0003;INV1254,6,initial (DERIVED),"Expansion into three more states, strengthen AI",SRC02859,HIGH,Also reported by Moneycontrol and VCCircle | round_date stated loosely: Jul 2025
R00856,S0208,Bengaluru,,,2024,FY24-25,Pre-Series A,100.0,INR,100.0,,,,INV1085,INV1085,2,initial (DERIVED),Build Edge AI for IoT products,SRC02868,MEDIUM,From Instagram post | round_date stated loosely: Dec 2024 | announcement_date stated loosely: Dec 2024
R00857,S0208,Bengaluru,,2025-07-24,2025,FY25-26,Series A,1070.0,INR,1070.0,,,,INV0823,INV0823;INV1085,3,mixed (DERIVED),"Accelerate R&D, manufacturing",SRC02863,HIGH,Valuation surged 6.6X in Series A per Entrackr | round_date stated loosely: Jul 2025
R00858,S0209,Kolkata,,,2023,FY23-24,PE Share Sale,,INR,,,,,,INV1255,1,all-new-investors (DERIVED),Capital expansion,SRC02877,MEDIUM,announcement_date stated loosely: Apr 2023
R00859,S0209,Kolkata,,2026-05-18,2026,FY26-27,IPO (DRHP filed),,INR,,,,,,,0,unknown,Fresh issue via IPO,SRC02874,HIGH,
R00860,S0209,Kolkata,2008-07-05,2008-07-05,2008,FY08-09,Series A,,USD,,,,,,,0,initial (DERIVED),,SRC02875,LOW,
R00861,S0209,Kolkata,2021-02-01,2021-02-01,2021,FY21-22,Equity Raise,168.0,USD,12516.0,,,,,,0,unknown,Capital expansion,SRC02877,MEDIUM,
R00862,S0209,Kolkata,2023-04-09,2023-04-09,2023,FY23-24,PE Share Sale (CCPS),730.0,USD,60444.0,,,,INV1256,INV1257;INV0520;INV1256;INV1258,5,all-new-investors (DERIVED),Capital expansion; promoter Aavishkaar Group retains ~33% without dilution until conversion,SRC02877,HIGH,
R00863,S0209,Kolkata,2023-07-03,2023-07-03,2023,FY23-24,Series C,,USD,,,,,,,0,unknown,,SRC02875,LOW,
R00864,S0209,Kolkata,2026-05-15,2026-05-15,2026,FY26-27,IPO (DRHP filed),600.0,USD,52200.0,,,,,INV1259;INV1260;INV1261;INV1262;INV1263;INV1264,6,all-new-investors (DERIVED),Boost capital base and general corporate purposes,SRC02874,HIGH,
R00865,S0209,Kolkata,,2026-07-16,2026,FY26-27,Offshore Capital,,USD,,,,,,,0,unknown,Loan book expansion,SRC02890,MEDIUM,
R00866,S0210,Bengaluru,2025-05-06,2025-04-28,2025,FY25-26,IPO,,INR,,,,,,INV0895,1,all-new-investors (DERIVED),"E2W plant, debt repayment, R&D",SRC02894,HIGH,
R00867,S0210,Bengaluru,,,2026,FY26-27,Preferential,,INR,,,,,INV0488;INV1266,INV0488;INV1267;INV1268,5,initial (DERIVED),"Manufacturing expansion, R&D",SRC02893,HIGH,announcement_date stated loosely: Jul 2026
R00868,S0211,Delhi NCR,,,2026,FY26-27,Maiden Round,,USD,,,,,INV1269;INV0146,INV1269;INV0146,4,all-follow-on (DERIVED),Expand technology platform for wealth management,SRC02901,HIGH,announcement_date stated loosely: Aug 2026
R00869,S0211,Delhi NCR,2026-08-25,2026-08-25,2026,FY26-27,Maiden Round,20.0,USD,1740.0,,,post-money,INV1269;INV0146,INV1269;INV0146,4,mixed (DERIVED),"Strengthen technology platform, expand senior banker network, extend footprint across India including Tier-II and Tier-III cities, build NRI proposition and NBFC business",SRC02904,HIGH,
R00870,S0211,Delhi NCR,,2026-06-09,2026,FY26-27,Pre-seed / Talks,25.0,USD,2175.0,,,,INV1269,INV1269,2,initial (DERIVED),First institutional funding round (in talks as of Jun 2026),SRC02903,MEDIUM,Reported as in talks in Jun 2026; actual closed round was $20M in Aug 2026
R00871,S0212,Delhi NCR,2026-08-19,2026-08-12,2026,FY26-27,IPO,,INR,,,,,,INV0895,1,initial (DERIVED),Growth and expansion,SRC02919,HIGH,
R00872,S0212,Delhi NCR,,,2025,FY25-26,Private (pre-IPO),,USD,,,,,INV0176;INV0127,INV0176;INV0127,4,all-new-investors (DERIVED),Growth,SRC02921,MEDIUM,announcement_date stated loosely: Nov 2025
R00873,S0213,Mumbai,,,2025,FY25-26,Pre-Series A,,INR,,,,,INV1270,INV1270;INV1271;INV0287;INV0649,5,all-follow-on (DERIVED),Scale Indic speech tech,SRC02925,HIGH,announcement_date stated loosely: Jul 2025
R00874,S0213,Mumbai,,,2026,FY26-27,Series A,,INR,,,,,INV0287,INV0287;INV0006,3,mixed (DERIVED),"Expand BFSI deployments, advance speech models across 12 Indian languages",SRC02924,HIGH,announcement_date stated loosely: Sep 2026
R00875,S0213,Mumbai,2026-09-07,2026-09-07,2026,FY26-27,Series A,40.0,INR,40.0,,,,INV0287,INV0287;INV1270;INV1272;INV0649;INV1273,6,mixed (DERIVED),"Expand BFSI deployments, advance speech models across 12 Indian languages, develop AI Contact Centre and automated evaluation platform",SRC02924,HIGH,
R00876,S0213,Mumbai,2025-07-15,2025-07-15,2025,FY25-26,Pre-Series A,7.0,INR,7.0,,,,INV1270,INV1270;INV1271;INV0287;INV0649,5,initial (DERIVED),"Scale Indic speech tech, R&D, product scale",SRC02925,HIGH,
R00877,S0214,Mumbai,,2026-09-01,2026,FY26-27,Growth capital,19.0,INR,19.0,,,,INV1274,INV1274,2,initial (DERIVED),"manufacturing capacity, product development, distribution",SRC02943,HIGH,
R00878,S0215,Mumbai,,2020-07-01,2020,FY20-21,Seed,0.292702,USD,21.66,,,,,,0,initial (DERIVED),business expansion,SRC02951,HIGH,
R00879,S0215,Mumbai,,2021-04-01,2021,FY21-22,Pre-Series A,55.0,INR,55.0,,,,INV1276,INV1276,2,all-new-investors (DERIVED),category disruption and consumer awareness,SRC02954,HIGH,
R00880,S0215,Mumbai,,2022-06-01,2022,FY22-23,Equity,2.0,USD,157.0,,,,INV1277,INV1277;INV1278,3,all-new-investors (DERIVED),growth,SRC02950,HIGH,
R00881,S0215,Mumbai,,2026-01-01,2026,FY26-27,Pre-Series A,180.0,INR,180.0,,,,INV1279,INV1279;INV1280,3,all-new-investors (DERIVED),scale used-car leasing services,SRC02948,HIGH,
R00882,S0215,Mumbai,,2021-09-30,2021,FY21-22,Bridge Round,20.0,INR,20.0,,,,INV1281,INV1281,2,all-new-investors (DERIVED),expansion,SRC02955,MEDIUM,
R00883,S0215,Mumbai,,2024-03-01,2024,FY24-25,Pre-Series A,20.0,INR,20.0,,,,INV1276,INV1276,2,all-follow-on (DERIVED),expansion,SRC02956,MEDIUM,
R00884,S0216,Bengaluru,,2022-10-01,2022,FY22-23,Seed,2.0,USD,157.0,,,,INV1284,INV1284,2,initial (DERIVED),develop bespoke insurance products and risk-management technology,SRC02963,HIGH,
R00885,S0217,Hyderabad,,2026-08-01,2026,FY26-27,Growth capital,2500.0,INR,2500.0,,,,INV1285;INV1286,INV1285;INV1286,4,initial (DERIVED),India expansion,SRC02968,HIGH,
R00886,S0218,Mumbai MMR (Thane),,2024-07-01,2024,FY24-25,Undisclosed,5.0,USD,418.5,,,,,,0,initial (DERIVED),growth and platform expansion,SRC02976,HIGH,
R00887,S0219,Gurugram,,2026-06-04,2026,FY26-27,Series A,,USD,,,,,INV1288;INV1289,INV1288;INV1289,4,initial (DERIVED),"international expansion, product development",SRC02980,HIGH,
R00888,S0219,Gurugram,,2026-06-04,2026,FY26-27,pre-Series A / seed,,USD,,,,,INV1290,INV1290,2,all-new-investors (DERIVED),5% equity stake acquisition,SRC02983,HIGH,
R00889,S0220,Mumbai,,2026-02-23,2026,FY26-27,Seed,,USD,,,,,INV1291,INV1291,2,initial (DERIVED),"scale manufacturing capabilities, expand presence in India's EV sector, strengthen OEM partnerships",SRC02987,HIGH,
R00890,S0221,Bengaluru,,2024-09-30,2024,FY24-25,Seed,,USD,,,,,INV1086;INV1292,INV1086;INV1292,4,initial (DERIVED),expand IC product offering,SRC02993,HIGH,
R00891,S0221,Bengaluru,,2024-09-30,2024,FY24-25,Series A (planned),,USD,,,,,INV1086,,1,unknown,expand IC product offering,SRC02993,MEDIUM,
R00892,S0222,Bengaluru,,2025-02-13,2025,FY25-26,Seed,,USD,,,,,INV0542,INV0542,2,initial (DERIVED),expand autonomous mobile robot offerings,SRC03002,HIGH,
R00893,S0222,Bengaluru,,2026-05-20,2026,FY26-27,Series A,,USD,,,,,INV1191,INV1191;INV1037,3,all-new-investors (DERIVED),"product development, scaling operations, market expansion, US expansion",SRC03001,HIGH,
R00894,S0223,Bengaluru,,2026-08-04,2026,FY26-27,pre-Series A / Seed,,USD,,,,,INV1219,INV1219,2,initial (DERIVED),"expand enterprise go-to-market operations, advance AI capabilities, scale AI-native CRM platform",SRC03009,HIGH,
R00895,S0224,Mumbai,,2026,2026,FY26-27,pre-seed,0.5,USD,43.5,,,,INV1293,,1,initial (DERIVED),,SRC03014,LOW,The fetched article describes a Singapore-based Fire AI/data company; not enough evidence it is the Mumbai candidate.
R00896,S0225,Ahmedabad,,,2026,FY26-27,growth equity,25.0,USD,2175.0,,,,INV1294;INV1050;INV1295;INV1296;INV1297,INV1294;INV1050;INV1295;INV1296;INV1297,10,initial (DERIVED),,SRC03016,HIGH,Existing investors are reported; article does not specify individual cheque sizes. | announcement_date stated loosely: August 2026
R00897,S0226,Mumbai,,,2026,FY26-27,Series B,1000.0,INR,1000.0,,,,INV1298,INV1298;INV0121;INV0048;INV0652,5,mixed (DERIVED),,SRC01075,MEDIUM,Article states Rs 100 crore and investor list; valuation not disclosed. | announcement_date stated loosely: September 2026
R00898,S0226,Mumbai,2024-07-01,2024-07-01,2024,FY24-25,Series A,42.3,INR,42.3,1670000000.0,INR,post-money,INV0121,INV0121;INV0048;INV1299,4,initial (DERIVED),"Product development, marketing, distribution",SRC03024,HIGH,"Rs 42.3 crore ($5M); board approved 10 equity + 50,076 Series A CCPS at Rs 8,445/share; Nexus Ventures Rs 8.34 crore, AngelList India Rs 60 lakh"
R00899,S0226,Mumbai,2026-08-28,2026-09-04,2026,FY26-27,Series B,98.75,INR,98.75,5350000000.0,INR,post-money,INV1298,INV1298;INV0121;INV0048;INV1300;INV1301;INV1302,7,mixed (DERIVED),"Working capital, capex, general corporate purposes",SRC03020,HIGH,"Rs 98.75 crore ($10.2M); 70,618 Series B CCPS + 10 equity at Rs 13,983/share; Verlinvest Rs 61.73 crore, Elevation Rs 17.90 crore, Nexus Rs 17.90 crore; valuation 3.2X from Series A; Abhiraj Singh Bhal (Urban Company) and Ajit Mohan (Snap) "
R00900,S0226,Mumbai,2026-08-28,2026-09-07,2026,FY26-27,Series B,100.0,INR,100.0,5350000000.0,INR,post-money,INV1298,INV1298;INV0121;INV0048;INV1300;INV1302;INV1303,7,mixed (DERIVED),"Retail expansion, product innovation, technology development",SRC03019,MEDIUM,"IndianRetailer reports Rs 100 crore; Entrackr reports Rs 98.75 crore; discrepancy in amount; valuation ~Rs 535 crore; angel investors include Abhiraj Singh Bhal (Urban Company cofounder), Ajit Mohan (Snap GCB), Anand Ahuja (Bhaane founder)"
R00901,S0227,Rajkot,,,2026,FY26-27,secondary,,USD,,346.85,USD,reported unicorn valuation,,,0,initial (DERIVED),,SRC03031,MEDIUM,Source table lists approximate valuation in INR billion and deal type secondary. | announcement_date stated loosely: January 2026
R00902,S0228,Mumbai,,,2022,FY22-23,Series D,105.0,USD,8242.5,,,,INV1304,INV1304;INV0029;INV1305,4,mixed (DERIVED),,SRC03034,MEDIUM,Article says funding was confirmed via official press release but does not link it. | announcement_date stated loosely: August 2022
R00903,S0228,Mumbai,,2013,2013,FY13-14,Seed,,USD,,,,,INV0080,INV0080,2,initial (DERIVED),,SRC03039,LOW,User prompt states Sequoia India seed 2013; Entrackr article mentions Sequoia as existing investor but does not specify seed round amount
R00904,S0228,Mumbai,,2019-10-01,2019,FY19-20,Series C,35.0,USD,3010.0,385.0,USD,post-money,INV0029;INV0084,INV0029;INV0084,4,all-new-investors (DERIVED),,SRC03039,HIGH,"Entrackr: In October 2019, CleverTap raised $35 million from Tiger Global and Sequoia Capital India at valuation of $385 million."
R00905,S0228,Mumbai,,2022,2022,FY22-23,CPEF (Conflict/Unverified),125.0,USD,9812.5,1500.0,USD,post-money,INV0037,INV0037,2,all-new-investors (DERIVED),,,LOW,User prompt claims $125M CPEF 2022 at $1.5B valuation. NOT confirmed by any source found. Entrackr says Series D was $105M at $775M. Inc42 says total funding $181.60M. This may be a secondary transaction or user claim requiring verification
R00906,S0229,Mumbai,2015-08-17,2015-08-17,2015,FY15-16,Seed,,USD,,,,,INV0038,,1,initial (DERIVED),,SRC03046,MEDIUM,
R00907,S0229,Mumbai,2018-06-20,2018-06-20,2018,FY18-19,Series A,,USD,,,,,INV0003;INV0037;INV1306;INV0038,,4,unknown,,SRC03046,MEDIUM,
R00908,S0229,Mumbai,2019-07-24,2019-07-24,2019,FY19-20,Series B,,USD,,,,,INV0003,,1,unknown,,SRC03050,HIGH,
R00909,S0229,Mumbai,2021-10-28,2021-10-28,2021,FY21-22,Series C,,USD,,,,,INV1307,,1,unknown,,SRC03050,HIGH,
R00910,S0229,Mumbai,2024-09-05,2024-09-05,2024,FY24-25,Later Stage VC,,USD,,,,,INV0218;INV1308;INV1309;INV1310,,4,unknown,,SRC03046,MEDIUM,
R00911,S0229,Mumbai,2025-10-30,2025-10-30,2025,FY25-26,Conventional Debt,,USD,,,,,INV1311,,1,unknown,,SRC03047,HIGH,
R00912,S0230,Mumbai,2016-07-11,2016-07-11,2016,FY16-17,Seed,,USD,,,,,INV1312;INV1313,,2,initial (DERIVED),,SRC03053,MEDIUM,
R00913,S0230,Mumbai,2016-07-21,2016-07-21,2016,FY16-17,Series A,,USD,,,,,INV1314;INV1315;INV1316,,3,unknown,,SRC03053,MEDIUM,
R00914,S0230,Mumbai,2017-10-25,2017-10-25,2017,FY17-18,Series B,,USD,,,,,INV0694;INV1314;INV1315,,3,unknown,,SRC03053,MEDIUM,
R00915,S0230,Mumbai,2018-09-07,2018-09-07,2018,FY18-19,Series C,,USD,,,,,INV1314;INV0204;INV1316,,3,unknown,,SRC03053,MEDIUM,
R00916,S0230,Mumbai,2019-11-17,2019-11-17,2019,FY19-20,Series C,,USD,,,,,INV1317;INV1315;INV1316;INV1318,,4,unknown,,SRC03053,MEDIUM,
R00917,S0230,Mumbai,2022-04-22,2022-04-22,2022,FY22-23,Series D,,USD,,,,,INV0381,,1,unknown,,SRC03053,MEDIUM,
R00918,S0230,Mumbai,2022-06-01,2022-06-01,2022,FY22-23,Series E,,USD,,,,,INV1319;INV1314;INV0413,,3,unknown,,SRC03053,MEDIUM,
R00919,S0230,Mumbai,2024-12-18,2024-12-18,2024,FY24-25,Angel,,USD,,,,,INV1320,,1,unknown,,SRC03053,MEDIUM,
R00920,S0230,Mumbai,2026-05-08,2026-04-30,2026,FY26-27,IPO,,USD,,,,,INV0895,,1,unknown,,SRC03055,HIGH,
R00921,S0231,Gurugram,2011,2011,2011,FY11-12,Series A,,USD,,,,,INV1321,,1,initial (DERIVED),,SRC03061,MEDIUM,
R00922,S0231,Gurugram,2012,2012,2012,FY12-13,Series B,,USD,,,,,INV1322,,1,unknown,,SRC03061,MEDIUM,
R00923,S0231,Gurugram,2015,2015,2015,FY15-16,Series C,,USD,,,,,INV0013;INV1321,,2,unknown,,SRC03061,MEDIUM,
R00924,S0231,Gurugram,2016,2016,2016,FY16-17,Series D,,USD,,,,,INV1323,,1,unknown,,SRC03061,MEDIUM,
R00925,S0231,Gurugram,2017,2017,2017,FY17-18,Series E,,USD,,,,,INV0225;INV0013,,2,unknown,,SRC03061,MEDIUM,
R00926,S0231,Gurugram,2018,2018,2018,FY18-19,Series F,,USD,,,,,INV0007,,1,unknown,,SRC03061,MEDIUM,
R00927,S0231,Gurugram,2019,2019,2019,FY19-20,Series G,,USD,,,,,INV0001,,1,unknown,,SRC03061,MEDIUM,
R00928,S0231,Gurugram,2021,2021,2021,FY21-22,Series H,,USD,,,,,INV0066;INV0127,,2,unknown,,SRC03061,MEDIUM,
R00929,S0231,Gurugram,2023-07-21,2023-07-21,2023,FY23-24,Series I,,USD,,,,,INV0066;INV0127;INV0093,,3,unknown,,SRC03061,MEDIUM,
R00930,S0231,Gurugram,2025-10-31,2025-07-29,2025,FY25-26,IPO,,USD,,,,,INV0895,,1,unknown,,SRC03063,HIGH,
R00931,S0232,Mumbai,2025-03-10,2025-03-10,2025,FY25-26,Seed,,USD,,,,,INV1324;INV1325,,2,initial (DERIVED),,SRC03071,HIGH,
R00932,S0232,Mumbai,2025-03-10,2025-03-10,2025,FY25-26,Seed,,USD,,,,,INV1324;INV1325;INV1326,,3,unknown,,SRC03070,MEDIUM,
R00933,S0233,Mumbai,2021-03-22,2021-03-22,2021,FY21-22,Seed,,USD,,,,,INV1283;INV1327,,2,initial (DERIVED),,SRC03080,MEDIUM,
R00934,S0233,Mumbai,2023-09-18,2023-09-18,2023,FY23-24,Seed,,USD,,,,,INV1283,,1,unknown,,SRC03080,MEDIUM,
R00935,S0233,Mumbai,2024-10-21,2024-10-21,2024,FY24-25,Pre-Series A,,USD,,,,,INV1328;INV1085,,2,unknown,,SRC03081,HIGH,
R00936,S0233,Mumbai,2026-06-11,2026-06-11,2026,FY26-27,Series A,,USD,,,,,INV1085;INV1329;INV1330;INV1331;INV1332;INV1333,,6,unknown,,SRC00388,HIGH,
R00937,S0234,Mumbai,2024-09-24,2024-09-24,2024,FY24-25,Series D,65.0,USD,5440.5,,,,INV0046;INV0060,INV0046;INV0060;INV1334;INV0145;INV1335,7,initial (DERIVED),Expand healthcare globally and invest in AI models,SRC03084,HIGH,
R00938,S0235,Pune,2026-03-01,2026-09-01,2026,FY26-27,Credit line / project financing,31.5,USD,2740.5,,,,INV1336,INV1336,2,initial (DERIVED),"Build integrated PET recycling facility in Odisha producing rPET flakes, pellets and food-grade output",SRC03087,HIGH,Search result describes $31.5M financing; OeEB/EDFI result also states EUR27M loan.
R00939,S0236,Mumbai,2025-08-05,2025-08-05,2025,FY25-26,Seed,1.0,USD,85.7,,,,INV0652,INV0652;INV1339,3,initial (DERIVED),Develop a cinematic third-person shooter for global audiences; support MVP and hiring,SRC03092,HIGH,
R00940,S0237,Gurugram,2025-12-10,2025-12-10,2025,FY25-26,Pre-Series B,7.0,USD,599.9,,,,INV1340,INV1340;INV0125;INV1341;INV1342,5,mixed (DERIVED),Expand AI adoption in Indian schools,SRC03097,HIGH,
R00941,S0237,Gurugram,2022-12-07,2022-12-07,2022,FY22-23,Series A / debt mix,22.5,USD,1766.25,,,,INV0125,INV0125,2,initial (DERIVED),Scale school-learning platform,SRC03099,MEDIUM,Exact article URL unavailable in returned results.
R00942,S0238,Pune,2025-11-20,2025-11-20,2025,FY25-26,Series E / equity,30.0,USD,2571.0,293.0,USD,reported post-money,INV1343,INV1343,2,all-new-investors (DERIVED),Enhance digital farming and farmer access,SRC03101,HIGH,
R00943,S0238,Pune,2025-04-09,2025-04-09,2025,FY25-26,Equity funding,57.65,USD,4940.61,293.0,USD,reported,INV0006,INV0006,2,all-new-investors (DERIVED),Not reported,SRC03104,MEDIUM,
R00944,S0238,Pune,2013-04-04,2013-04-04,2013,FY13-14,Seed,0.734,USD,63.12,,,,INV1344,INV1344;INV1345;INV1346,4,initial (DERIVED),Seed funding,SRC03122,MEDIUM,
R00945,S0238,Pune,2014-11-29,2014-11-29,2014,FY14-15,Seed,0.645,USD,55.47,,,,INV1344,INV1344,2,all-follow-on (DERIVED),Seed funding,SRC03122,MEDIUM,
R00946,S0238,Pune,2015-06-15,2015-06-15,2015,FY15-16,Series A,4.0,USD,344.0,,,,INV0171;INV1344,INV0171;INV1344,4,mixed (DERIVED),Series A,SRC03122,MEDIUM,
R00947,S0238,Pune,2017-03-07,2017-03-07,2017,FY17-18,Series B,10.0,USD,860.0,,,,INV0003,INV0003;INV0171;INV1344,4,mixed (DERIVED),Series B,SRC03123,MEDIUM,
R00948,S0238,Pune,2019-03-07,2019-03-07,2019,FY19-20,Series C,27.0,USD,2322.0,,,,INV0709,INV0709;INV0003;INV0171;INV1344;INV1347,6,mixed (DERIVED),Series C,SRC03124,MEDIUM,
R00949,S0238,Pune,2021-12-07,2021-12-07,2021,FY21-22,Series D,70.0,USD,5215.0,,,,INV0230;INV0181;INV1348;INV1349,INV0230;INV0181;INV1348;INV1349;INV1344;INV0003;INV0740;INV0171;INV1347,13,mixed (DERIVED),"Strengthen tech platform, hire senior talent, scale omnichannel strategy, expand to 5,000 branded retail stores",SRC03116,HIGH,
R00950,S0238,Pune,2022-05-13,2022-05-13,2022,FY22-23,Series E,40.0,USD,3140.0,,,,INV0181,INV0181;INV0003;INV0171;INV0230;INV1344;INV0709;INV1348;INV1347;INV1350;INV0218,11,mixed (DERIVED),"Omnichannel expansion, market linkages",SRC03117,HIGH,
R00951,S0238,Pune,2023-02-01,2023-02-01,2023,FY23-24,Series E2,,USD,,,,,,INV1351;INV0574;INV1352;INV0003;INV0171;INV0709;INV0293,7,mixed (DERIVED),Not reported,SRC03112,MEDIUM,
R00952,S0238,Pune,2024-12-18,2024-12-18,2024,FY24-25,Equity funding,,USD,,,,,,INV0381,1,all-new-investors (DERIVED),Not reported,SRC03112,LOW,
R00953,S0238,Pune,2024-05-01,2024-05-01,2024,FY24-25,Debt,,USD,,,,,,INV0293,1,all-follow-on (DERIVED),Not reported,SRC03125,LOW,
R00954,S0238,Pune,2025-04-09,2025-04-09,2025,FY25-26,Equity funding,6.7,USD,574.19,293.0,USD,reported post-money,INV0291,INV0291;INV1351;INV0740;INV0574;INV0171;INV1353,7,mixed (DERIVED),Not reported,SRC03108,HIGH,
R00955,S0239,Gurugram,,2024-11-08,2024,FY24-25,pre-seed,0.77,USD,64.45,,,,INV0542,,1,initial (DERIVED),,SRC03138,MEDIUM,
R00956,S0239,Gurugram,,2026-07-21,2026,FY26-27,Series A,610.0,INR,610.0,,,,INV0112,INV0112;INV0542,3,all-new-investors (DERIVED),Scale AI-native travel platform,SRC03136,HIGH,
R00957,S0240,Thane,,2026-01-20,2026,FY26-27,seed,1.2,USD,104.4,,,,INV1354,,1,initial (DERIVED),Expand digital lending for small businesses and partnerships,SRC03145,HIGH,
R00958,S0241,Noida,,2026-01-01,2026,FY26-27,Series D,7250.0,INR,7250.0,,,,INV0943,,1,unknown,"Expand climate-smart agriculture, farmgate infrastructure and storage-linked finance",SRC03160,HIGH,
R00959,S0241,Noida,2020-03-01,2020-03-01,2020,FY20-21,Pre-Series B,6.0,USD,444.0,,,,INV0655;INV1355,,2,initial (DERIVED),Pre-Series B funding,SRC03157,MEDIUM,
R00960,S0241,Noida,2020-12-01,2020-12-01,2020,FY20-21,Series B,21.0,USD,1554.0,,,,INV1356;INV1355,,2,unknown,Series B funding,SRC03157,MEDIUM,
R00961,S0241,Noida,2022-01-18,2022-01-18,2022,FY22-23,Series C,60.0,USD,4710.0,300.0,USD,post-money,INV1357;INV1358;INV1356,INV1357;INV1358;INV1356;INV0945,7,all-new-investors (DERIVED),"Enhance technology, hire tech staff, penetrate deeper into domestic geographies",SRC03157,HIGH,
R00962,S0241,Noida,2024-07-04,2024-07-04,2024,FY24-25,Conventional Debt,29.2,USD,2444.04,325.0,USD,post-money,INV1359;INV1356;INV1360,INV1359;INV1356;INV1360,6,mixed (DERIVED),Pre-Series D equity funding,SRC03158,HIGH,
R00963,S0241,Noida,2024-10-28,2024-10-28,2024,FY24-25,Conventional Debt,19.8,USD,1657.26,,,,INV1361,INV1361,2,all-new-investors (DERIVED),Boost agri-commerce platform,SRC03161,HIGH,
R00964,S0241,Noida,2025-01-23,2025-01-23,2025,FY25-26,Conventional Debt,30.0,USD,2571.0,,,,INV0738,INV0738;INV1362,3,all-new-investors (DERIVED),Working capital and growth,SRC03162,MEDIUM,
R00965,S0241,Noida,2026-01-02,2026-01-02,2026,FY26-27,Series D,81.0,USD,7047.0,,,post-money,INV0943,INV0943;INV1363;INV0494;INV1364,5,all-new-investors (DERIVED),"Expand climate-smart agriculture, farmgate infrastructure, storage-linked finance; IPO readiness",SRC03156,HIGH,
R00966,S0241,Noida,2026-03-09,2026-03-09,2026,FY26-27,Co-investment,12.8,USD,1113.6,,,,INV1365,INV0218;INV0494;INV1364;INV1363,5,mixed (DERIVED),"Reduce post-harvest losses, expand formal finance for smallholder farmers, scale sustainable storage and logistics",SRC03155,HIGH,
R00967,S0241,Noida,2025-01-23,2025-01-23,2025,FY25-26,Conventional Debt,250.0,INR,250.0,,,,INV0738,INV0738;INV1362,3,all-follow-on (DERIVED),Working capital,SRC03162,MEDIUM,
R00968,S0242,Ahmedabad,,2021-10-11,2021,FY21-22,Series B,125.0,USD,9312.5,,,,INV0034,,1,initial (DERIVED),Build and expand virtual and live events platform,SRC03169,HIGH,
R00969,S0243,Bengaluru,,2026-08-04,2026,FY26-27,seed,1.5,USD,130.5,,,,INV1204,INV1204;INV0668;INV1042,4,initial (DERIVED),,SRC03176,MEDIUM,
R00970,S0244,Ahmedabad,,,2025,FY25-26,Series C,30.0,USD,2571.0,,,,,INV0551,1,initial (DERIVED),,SRC03179,,announcement_date stated loosely: Aug 2025
R00971,S0246,Bengaluru,,,2026,FY26-27,pre-seed,60.0,INR,60.0,,,,,INV1366,1,all-follow-on (DERIVED),,SRC03183,,announcement_date stated loosely: ~Aug 2026
R00972,S0246,Bengaluru,,2026-08-11,2026,FY26-27,pre-seed,6.0,INR,6.0,,,,INV1366,INV1366;INV1367,3,initial (DERIVED),"Accelerate enterprise-ready AI solutions, strengthen FDE model, expand BFSI presence",SRC03183,HIGH,
R00973,S0247,Bengaluru,,,2026,FY26-27,first round (pre-seed),17.0,INR,17.0,,,,,INV1368,1,initial (DERIVED),,SRC03195,,announcement_date stated loosely: Sep 10 2026
R00974,S0248,Bengaluru,,,2025,FY25-26,seed,1.1,USD,94.27,,,,,INV1369;INV1370,2,all-new-investors (DERIVED),,SRC03198,,announcement_date stated loosely: Jul 25 2025
R00975,S0248,Bengaluru,2024,2024,2024,FY24-25,accelerator/incubator,,USD,,,,,INV1371,INV1372,2,initial (DERIVED),Incubation support for women-led defence tech startup,SRC03206,MEDIUM,Listed as incubator: Women Startup Program 2024; NSRCEL at IIM Bangalore
R00976,S0248,Bengaluru,,2026-07-09,2026,FY26-27,seed (planned),,USD,,,,,,,0,unknown,Second funding round planned over next 4-5 months,SRC03199,MEDIUM,Founder Priyanka Singhal stated planning second funding round; details not yet disclosed
R00977,S0251,Delhi (batch says Bengaluru; press says Delhi),,,2026,FY26-27,undisclosed (life-sciences investment),200.0,INR,200.0,,,,,INV1373,1,initial (DERIVED),,SRC03214,,announcement_date stated loosely: May 18 2026
R00978,S0252,Bengaluru (IISc-incubated),,,2026,FY26-27,Series A (2nd tranche),420.0,INR,420.0,,,,,INV1374;INV1375;INV1376,3,initial (DERIVED),,SRC03217,,announcement_date stated loosely: Apr 27 2026
R00979,S0255,Bengaluru,,2022,2022,FY22-23,Series C,100.0,USD,7850.0,,,,INV0003;INV1358,INV0003;INV1358,4,all-new-investors (DERIVED),,SRC03225,,
R00980,S0255,Bengaluru,,,2026,FY26-27,acquisition,,USD,,,,,,,0,unknown,,SRC03224,,"Acquisition of RemitX forex assets, 32-branch network | announcement_date stated loosely: Sep 2026"
R00981,S0255,Bengaluru,,2016-01-20,2016,FY16-17,Seed,0.15,USD,12.9,,,,INV1377,INV1377,2,initial (DERIVED),,SRC03229,MEDIUM,
R00982,S0255,Bengaluru,,2016-07-19,2016,FY16-17,Seed,1.0,USD,86.0,,,,INV1377,INV1377,2,all-follow-on (DERIVED),,SRC03229,MEDIUM,
R00983,S0255,Bengaluru,,2018-01-09,2018,FY18-19,Series A,13.200648,USD,1135.26,,,,INV1377,INV1378;INV1379;INV1377;INV1380,5,mixed (DERIVED),,SRC03229,HIGH,
R00984,S0255,Bengaluru,,2019-07-09,2019,FY19-20,Series B,35.0,USD,3010.0,,,,INV1380,INV1377;INV1380;INV0158;INV1379,5,mixed (DERIVED),,SRC03236,HIGH,
R00985,S0255,Bengaluru,,2022-07-19,2022,FY22-23,Series C,30.0,USD,2355.0,,,,INV0226,INV0226,2,all-new-investors (DERIVED),,SRC03229,HIGH,
R00986,S0255,Bengaluru,,2023-10-20,2023,FY23-24,Series C,,USD,,,,,INV1381,INV1381,2,all-new-investors (DERIVED),,SRC03241,HIGH,
R00987,S0256,Bengaluru,,,,,Series A,15.0,USD,1285.5,,,,,,0,unknown,,SRC03269,,
R00988,S0256,Bengaluru,,2026,2026,FY26-27,aggregate,5120.0,INR,5120.0,,,,,,0,unknown,,SRC03258,,
R00989,S0256,Bengaluru,2019-02-11,2019-02-11,2019,FY19-20,Seed,,USD,,,,,,,0,initial (DERIVED),,SRC03265,MEDIUM,"First funding round Feb 11, 2019 per Tracxn; amount not disclosed"
R00990,S0256,Bengaluru,2021-10-01,2021-10-01,2021,FY21-22,Pre-Series A,,USD,,,,,INV1288,INV1288,2,all-new-investors (DERIVED),,SRC03259,HIGH,BPEP India led pre-Series A in October 2021 per Series A PR
R00991,S0256,Bengaluru,2022-02-07,2022-02-07,2022,FY22-23,Pre-Series A,5.0,USD,392.5,,,,INV1288;INV0491,INV1288;INV0491;INV0105,5,mixed (DERIVED),Expand footprint in Southeast Asia and accelerate product development,SRC03267,HIGH,$5M pre-Series A; also confirmed by TechPluto
R00992,S0256,Bengaluru,2023-08-30,2023-08-30,2023,FY23-24,Series A,15.0,USD,1242.0,,,,INV1288;INV1382,INV1288;INV1382;INV1055;INV1383;INV1384;INV1385;INV1386,9,mixed (DERIVED),Launch fleet of four high resolution optical and multispectral satellites by Q4 2025; accelerate pro,SRC03259,HIGH,"Also included participation from existing investors Force Ventures, Luckbox Ventures, IndigoEdge Adv"
R00993,S0256,Bengaluru,2024-04-02,2024-04-02,2024,FY24-25,Strategic Investment,,USD,,,,,INV1387,INV1387,2,all-new-investors (DERIVED),Accelerate product innovation with TransUnion in India; joint product development for agricultural f,SRC03260,HIGH,TransUnion (NYSE: TRU) took minority stake; amount not disclosed
R00994,S0256,Bengaluru,2026-06-11,2026-06-11,2026,FY26-27,Grant (Technology Adoption Fund),246.0,INR,246.0,,,,INV1388,INV1388,2,all-new-investors (DERIVED),Develop AI-powered Earth observation models using satellite and drone data,SRC03257,HIGH,₹24.6 crore grant from IN-SPACe Technology Adoption Fund; SatSure selected alongside Astrobase Space
R00995,S0256,Bengaluru,,2026-08-21,2026,FY26-27,Aggregate,28.9,USD,2514.3,,,,,,0,unknown,Total funding across all rounds,SRC03265,MEDIUM,"Tracxn: $28.9M over 12 rounds (3 Seed, 5 Early-Stage, 1 Debt, 3 Grant/prize money); first round Feb "
R00996,S0258,Bengaluru,,,,,late-stage (widely reported tranche),805.0,USD,68988.5,,,,,,0,initial (DERIVED),,SRC03284,,
R00997,S0258,Bengaluru,2022-04-01,2022-04-06,2022,FY22-23,Series J,805.0,USD,63192.5,5000.0,USD,post-money,INV0160,INV0160;INV1153;INV1391;INV1392;INV1393;INV0297,7,mixed (DERIVED),Deepen AI/ML and data science capabilities; expand local language platform,SRC03284,HIGH,
R00998,S0258,Bengaluru,2022-01-01,2022-01-01,2022,FY22-23,Series I,450.0,USD,35325.0,3100.0,USD,post-money,INV1394,INV1394;INV1395;INV0297;INV1396;INV0117;INV0256;INV0030;INV0323,9,mixed (DERIVED),Growth and platform expansion,SRC03293,MEDIUM,
R00999,S0258,Bengaluru,2022-01-01,2022-01-01,2022,FY22-23,Series I (CPPIB tranche),28.0,USD,2198.0,3100.0,USD,post-money,INV0160,INV0160,2,all-new-investors (DERIVED),General corporate purposes,SRC03293,HIGH,
R01000,S0258,Bengaluru,2024-02-07,2024-02-07,2024,FY24-25,Venture Debt,6.0,USD,502.2,,,,INV0371,INV0371,2,all-new-investors (DERIVED),Working capital,SRC03301,MEDIUM,
R01001,S0258,Bengaluru,2021-02-01,2021-02-01,2021,FY21-22,Series H,100.0,USD,7450.0,,,post-money,INV0323;INV0050,INV0323;INV0050,4,all-new-investors (DERIVED),Short video app Josh growth; creator ecosystem,SRC03302,MEDIUM,
R01002,S0258,Bengaluru,2020-04-01,2020-04-01,2020,FY20-21,Series G,,USD,,,,,INV1397;INV0401,INV1397;INV0401;INV1398;INV0014;INV1399,7,mixed (DERIVED),Platform growth,SRC03301,MEDIUM,
R01003,S0258,Bengaluru,2019-07-01,2019-07-01,2019,FY19-20,Series F,25.0,USD,2150.0,,,,INV0401;INV0014;INV0065,INV0401;INV0014;INV0065,6,all-new-investors (DERIVED),Growth,SRC03301,MEDIUM,
R01004,S0259,Kolkata,,,2026,FY26-27,debt,1850.0,INR,1850.0,,,,INV0109,,1,unknown,,SRC03307,,announcement_date stated loosely: Jul 2026
R01005,S0259,Kolkata,,,2025,FY25-26,bridge,8.4,USD,719.88,,,,,,0,initial (DERIVED),,SRC03309,,announcement_date stated loosely: Dec 2025
R01006,S0260,Bengaluru,,,2026,FY26-27,pre-seed,105.0,INR,105.0,,,,INV1401;INV1402,INV1401;INV1402,4,initial (DERIVED),,SRC03311,,announcement_date stated loosely: Sep 2026
R01007,S0261,Gurugram,,,2026,FY26-27,Series A,12.0,USD,1044.0,,,,INV0717;INV1403,INV0717;INV1403,4,initial (DERIVED),,SRC03313,,announcement_date stated loosely: Aug 2026
R01008,S0262,Bengaluru,,,2026,FY26-27,seed,1.05,INR,1.05,,,,INV1404;INV1405,INV1404;INV1405,4,initial (DERIVED),,SRC03316,,announcement_date stated loosely: Sep 2026
R01009,S0263,Bengaluru,,2025,2025,FY25-26,pre-seed,1.0,USD,85.7,,,,INV1401,INV1401,2,initial (DERIVED),,SRC03319,,
R01010,S0264,Kolkata,,2021,2021,FY21-22,IPO/Listed,,INR,,,,,INV0605,INV0605,2,initial (DERIVED),Flipkart acquired 75% stake in SastaSundar Marketplace,SRC03322,HIGH,Flipkart later exited; SastaSundar reclaimed brand IPRs
R01011,S0264,Kolkata,,2025,2025,FY25-26,Internal restructuring,,INR,,,,,,,0,unknown,Rs 150 Cr investment for digital healthcare platform turnaround,SRC03323,HIGH,Funded from Flipkart exit settlement and internal treasury
R01012,S0265,Delhi NCR (Noida),,2024,2024,FY24-25,Series A,,USD,,,,,INV0146;INV1407,INV0146;INV1407,4,initial (DERIVED),Platform expansion,SRC03326,HIGH,Total funding $34Mn; last disclosed financing was Series A
R01013,S0265,Delhi NCR (Noida),,2026-08-12,2026,FY26-27,ESOP Buyback (unicorn valuation),,USD,,,,,,,0,unknown,"ESOP buyback for 100+ employees, funded from profits",SRC03327,HIGH,"Self-assessed valuation, no new external capital"
R01014,S0266,Jaipur,,2021-10-01,2021,FY21-22,Series E,,USD,,,,,INV0750;INV1408;INV1409,INV0750;INV1408;INV1409;INV1216,7,initial (DERIVED),Auto classifieds expansion,SRC03331,HIGH,Attained unicorn status in Oct 2021
R01015,S0266,Jaipur,,2026-07-01,2026,FY26-27,IPO preparation,,INR,,,,,,,0,unknown,"Rs 3,000 Cr IPO, mostly Offer for Sale",SRC03330,HIGH,"DRHP expected before Sep 30, 2026"
R01016,S0267,Mumbai,,2026-03-30,2026,FY26-27,Series B,,USD,,,,,INV1410;INV1411;INV1412,INV1410;INV1413;INV1412,6,initial (DERIVED),Autonomous maritime and aerial systems expansion,SRC03333,MEDIUM,Total funding $48.2M over 8 rounds
R01017,S0267,Mumbai,,2026-06-05,2026,FY26-27,IPO Announced,,USD,,,,,,,0,unknown,"IPO filing, INR 2000-3000 Cr range",SRC03334,HIGH,DAM Capital appointed as BRLM
R01018,S0268,Ahmedabad,,2025-01-01,2025,FY25-26,Seed,,USD,,,,,INV0112,INV0112,2,initial (DERIVED),Technology development,SRC03335,HIGH,Amount undisclosed
R01019,S0268,Ahmedabad,,2026-08-05,2026,FY26-27,Series A,,USD,,,,,INV0112;INV1414,INV0112;INV1414,4,mixed (DERIVED),"Technology stack, talent, regulatory capital for EarthRe",SRC03336,HIGH,EarthRe got IFSCA reinsurance licence
R01020,S0269,Kolkata,,2023-09-14,2023,FY23-24,Series B,,USD,,,,,INV1415,INV1415;INV1416;INV1417,4,all-new-investors (DERIVED),Video analytics platform expansion,SRC03339,MEDIUM,Total funding $18.1M over 6 rounds
R01021,S0269,Kolkata,,2023-09-01,2023,FY23-24,Private Equity / M&A Offer,,USD,,,,,,,0,initial (DERIVED),Secondary market transaction,SRC03341,MEDIUM,Florintree invested Rs 115 crore
R01022,S0270,Gurgaon,,2026-02-01,2026,FY26-27,Debt Financing,,USD,,,,,INV1419,INV1419,2,initial (DERIVED),Roll out electric buses and trucks across India,SRC03343,HIGH,Senior secured debt + equity component
R01023,S0270,Gurgaon,,2026-04-01,2026,FY26-27,Venture,,USD,,,,,,,0,unknown,Fleet electrification expansion,SRC03344,MEDIUM,Total funding $140M
R01024,S0271,Mumbai,,2026-06-19,2026,FY26-27,IPO,,INR,,,,,,,0,unknown,Rs 661 Cr fresh issue + Rs 222 Cr OFS,SRC03345,HIGH,"Price band Rs 144-152, subscription June 19-23, 2026"
R01025,S0271,Mumbai,,2015,2015,FY15-16,Early VC,,USD,,,,,INV0750;INV0573;INV1420;INV0125,INV1421;INV0573;INV1420;INV0125;INV0458,9,initial (DERIVED),Insurance tech platform growth,SRC03345,HIGH,Investors cashing out via IPO
R01026,S0272,Mumbai,,2023-07-11,2023,FY23-24,Seed,,USD,,,,,INV1422,INV1422;INV1423;INV1424,4,initial (DERIVED),Platform development for insurers,SRC03348,MEDIUM,Total funding $1.13M over 3 rounds
R01027,S0272,Mumbai,,2026-05-18,2026,FY26-27,Grant,,USD,,,,,,,0,unknown,HDFC Parivartan Grant,SRC03349,MEDIUM,Grant received
R01028,S0273,Mumbai,,2026-02-12,2026,FY26-27,Acquisition,,INR,,,,,INV1426,INV1426;INV1427;INV1428,4,initial (DERIVED),USV acquired 79% stake in Wellbeing Nutrition,SRC03353,HIGH,HUL and Fireside exited; founder Avnish Chhabria retains 15%
R01029,S0274,Kolkata,,,2025,FY25-26,seed,12.0,USD,1028.4,,,,,INV1430,1,initial (DERIVED),,SRC03358,,announcement_date stated loosely: May 2025
R01030,S0275,Noida,,,2026,FY26-27,pre-Series A,3.8,USD,330.6,,,,,INV1431;INV1432,2,initial (DERIVED),,SRC03361,,announcement_date stated loosely: May 2026
R01031,S0277,Jaipur,,,2025,FY25-26,Series B (ESTIMATE — reported as $15M raise; series label per Tracxn snippet),15.0,USD,1285.5,,,,,INV1433;INV0698,2,initial (DERIVED),,SRC03367,,announcement_date stated loosely: June 2025
R01032,S0277,Jaipur,,,2026,FY26-27,debt,5.2,USD,452.4,,,,,INV0839,1,all-new-investors (DERIVED),,SRC03366,,announcement_date stated loosely: June 2026
R01033,S0278,Bengaluru,,,2025,FY25-26,Series D (pre-IPO),175.0,INR,175.0,15000.0,INR,,,INV1434,1,all-follow-on (DERIVED),,SRC03371,,announcement_date stated loosely: April 2025
R01034,S0278,Bengaluru,,2011-10-16,2011,FY11-12,Seed,0.5,USD,43.0,,,,INV1435,INV1435,2,initial (DERIVED),,SRC03385,HIGH,
R01035,S0278,Bengaluru,,2012-10-16,2012,FY12-13,Series A,6.4,USD,550.4,,,,INV1436,INV1436,2,all-new-investors (DERIVED),,SRC03385,HIGH,
R01036,S0278,Bengaluru,,2017-09-11,2017,FY17-18,Series B,17.0,USD,1462.0,,,,INV1437,INV1437;INV0241;INV1438;INV1436,5,mixed (DERIVED),,SRC03386,HIGH,
R01037,S0278,Bengaluru,,2022-09-13,2022,FY22-23,Venture Debt,8.0,USD,628.0,,,,INV0495,INV0495,2,all-new-investors (DERIVED),,SRC03385,HIGH,
R01038,S0278,Bengaluru,,2023-01-31,2023,FY23-24,Grant (prize money),,INR,,,,,INV1439,INV1439,2,all-new-investors (DERIVED),,SRC03381,MEDIUM,
R01039,S0278,Bengaluru,,2023-01-31,2023,FY23-24,Series C,9.057855,USD,749.99,,,,INV1440,INV1440,2,all-new-investors (DERIVED),,SRC03381,MEDIUM,
R01040,S0278,Bengaluru,,2025-04-03,2025,FY25-26,Series D (pre-IPO),1750.0,INR,1750.0,15000000000.0,INR,post-money,INV1434;INV0719;INV1166,INV1434;INV0719;INV1166,6,all-new-investors (DERIVED),"Accelerate development of next-generation infrared sensors, commercial deployment of high-power microwave technologies, working capital for global expansion",SRC03371,HIGH,
R01041,S0279,Gurugram,,,2026,FY26-27,UNKNOWN (reported as Rs 22 Cr raise; $2.3M per discovery hint),22.0,INR,22.0,,,,,INV1441,1,initial (DERIVED),,SRC03402,,announcement_date stated loosely: September 2026
R01042,S0280,Bengaluru (ESTIMATE — Instagram snippet says Bengaluru-based; HQ not primary-sourced),,,2026,FY26-27,Series A,35.0,USD,3045.0,,,,,INV1442,1,all-new-investors (DERIVED),,SRC03405,,announcement_date stated loosely: September 2026
R01043,S0280,Bengaluru (ESTIMATE — Instagram snippet says Bengaluru-based; HQ not primary-sourced),,2026-09-01,2026,FY26-27,Acquisition,,USD,,,,,,,0,initial (DERIVED),Yuma Energy acquired battery technology company Grinntech alongside Series A,SRC01075,MEDIUM,
R01044,S0283,Bengaluru,,,2025,FY25-26,IPO (fresh Rs 650 Cr + Rs 50 Cr OFS = Rs 700 Cr total),650.0,INR,650.0,,,,,INV1443,1,all-new-investors (DERIVED),,SRC03413,,announcement_date stated loosely: July 2025
R01045,S0283,Bengaluru,,2017-09-11,2017,FY17-18,Angel,0.312,USD,26.83,,,,INV1444,INV1444,2,initial (DERIVED),Early-stage workspace platform development,SRC03431,MEDIUM,
R01046,S0283,Bengaluru,,2018-06-05,2018,FY18-19,Series A,15.0,USD,1290.0,,,,INV0004,INV0004;INV1444;INV1445,4,mixed (DERIVED),"Strengthen execution capabilities and expand to Pune, Hyderabad, Mumbai, Chennai",SRC03423,HIGH,
R01047,S0283,Bengaluru,,2022-04-04,2022,FY22-23,Series B,30.000648,USD,2355.05,,,,INV0004,INV0004;INV1444;INV1446;INV1447,5,mixed (DERIVED),Expansion and scale,SRC03431,MEDIUM,
R01048,S0283,Bengaluru,,2025-07-23,2025,FY25-26,IPO (fresh issue),650.0,INR,650.0,,,market cap at IPO price band upper,INV1023,INV1448,2,all-new-investors (DERIVED),Capex for new centers Rs 462.6 Cr; debt repayment Rs 93 Cr; general corporate,SRC03422,HIGH,
R01049,S0283,Bengaluru,,2025-07-23,2025,FY25-26,IPO (OFS),50.0,INR,50.0,,,,INV1449,INV1023,2,all-new-investors (DERIVED),Promoter offer for sale,SRC03422,HIGH,
R01050,S0284,Gurugram,2025-07-17,,2025,FY25-26,IPO,5825.5,INR,5825.5,46450.0,INR,IPO price band upper,INV0895,INV1450,2,all-new-investors (DERIVED),,SRC03437,HIGH,announcement_date stated loosely: July 2025
R01051,S0284,Gurugram,2024-06-11,,2024,FY24-25,Series B-II,1680.0,INR,1680.0,333.26,USD,post-money,INV1451;INV1452,INV1453;INV1454;INV1455,5,all-new-investors (DERIVED),,SRC03439,HIGH,announcement_date stated loosely: June 2024
R01052,S0284,Gurugram,2019-10-31,,2019,FY19-20,Series A,25.0,USD,2150.0,,,unknown,INV1456,INV1456,2,initial (DERIVED),,SRC03438,HIGH,announcement_date stated loosely: Oct 2019
R01053,S0285,Ahmedabad,2025-08-18,2025-08-18,2025,FY25-26,Growth Capital,4600.0,INR,4600.0,,,unknown,INV1457,INV1457,2,initial (DERIVED),Scale AI and smart infrastructure solutions,SRC03445,HIGH,
R01054,S0286,Gurugram,2010-09-17,2010-09-17,2010,FY10-11,IPO,80.5,USD,6923.0,478.0,USD,IPO,INV0895,INV0895,2,initial (DERIVED),,SRC03450,HIGH,
R01055,S0286,Gurugram,2025-07-17,2025-07-17,2025,FY25-26,Post-IPO Equity,1400.0,USD,119980.0,,,post-IPO,INV1459,INV1459,2,all-new-investors (DERIVED),,SRC03451,HIGH,
R01056,S0287,Gurugram,2025-12-12,2025-12-12,2025,FY25-26,Series G,90.0,USD,7713.0,1240.0,USD,post-money,INV0003,INV0102,2,all-follow-on (DERIVED),,SRC03457,HIGH,
R01057,S0287,Gurugram,2025-03-13,2025-03-13,2025,FY25-26,Series F,130.0,USD,11141.0,1120.0,USD,post-money,INV0003,INV0121;INV0103;INV1460;INV0004;INV1461,6,all-new-investors (DERIVED),,SRC03456,HIGH,
R01058,S0287,Gurugram,2021-11-24,2021-11-24,2021,FY21-22,Series E,250.0,USD,18625.0,1700.0,USD,post-money,INV0103;INV1462,INV1463;INV1464;INV1465;INV1466;INV1320;INV1467;INV0094,9,initial (DERIVED),,SRC03457,HIGH,
R01059,S0287,Gurugram,2025-06-01,2025-06-01,2025,FY25-26,Series F (extended),161.0,USD,13797.7,1500.0,USD,post-money,INV1468;INV0004,INV0102,3,all-new-investors (DERIVED),,SRC03455,HIGH,
R01060,S0288,Gurugram,2025-11-11,2025-11-11,2025,FY25-26,Seed,0.998,USD,85.53,6.0,USD,current,INV1469;INV1470,INV1469;INV1470;INV1471;INV1472,6,initial (DERIVED),,SRC03461,HIGH,
R01061,S0289,Gurugram,2026-06-12,2026-06-12,2026,FY26-27,Seed,1.0,USD,87.0,,,unknown,INV1369;INV1473,INV1474;INV1475;INV1476;INV1477;INV1478,7,initial (DERIVED),"Fleet expansion, technology development, marketing, operations",SRC03467,HIGH,
R01062,S0290,Bengaluru,2026-08-26,2026-08-26,2026,FY26-27,Series A,21.0,USD,1827.0,65.0,USD,post-money,INV1479;INV0048,INV0073;INV1480,4,all-follow-on (DERIVED),"Expand growth capabilities, scale Runable Academy, hiring",SRC03472,HIGH,
R01063,S0290,Bengaluru,2025-01-01,2025-01-01,2025,FY25-26,Seed,,USD,,,,,INV0073;INV1480,INV0073;INV1480;INV1481;INV1482,6,initial (DERIVED),Initial development of AI infrastructure/browser agent,SRC03482,MEDIUM,PitchBook lists Seed Round 01-Jan-2025; amount not disclosed. Together Fund confirms seed investment in 2025.
R01064,S0291,Mumbai,2025-04-10,2025-04-10,2025,FY25-26,Equity Investment,275.0,USD,23567.5,,,unknown,INV0578,INV1483;INV1484;INV1485,4,initial (DERIVED),"Deploy 10,000 LNG and EV trucks; establish 100 LNG refuelling stations",SRC03488,HIGH,
R01065,S0291,Mumbai,,,,,Series A,32.0,USD,2742.4,,,unknown,INV1484;INV1485,INV1484;INV1485,4,all-follow-on (DERIVED),,SRC03489,HIGH,
R01066,S0292,Mumbai,2026-02-13,2026-02-13,2026,FY26-27,Series F,4760.0,INR,4760.0,,,unknown,INV0332,INV0125;INV1486;INV1487;INV1488;INV0145,6,mixed (DERIVED),"Strategic acquisitions, international expansion, product development",SRC03494,HIGH,
R01067,S0292,Mumbai,2024,2024,2024,FY24-25,Series F (earlier),17.0,USD,1422.9,,,unknown,INV1488;INV1487,INV1488;INV1487,4,initial (DERIVED),,SRC03448,HIGH,
R01068,S0292,Mumbai,2026-06-22,2026-06-22,2026,FY26-27,Series F (later),73.0,USD,6351.0,,,unknown,INV0332,INV1489,2,all-new-investors (DERIVED),,SRC03496,HIGH,
R01069,S0293,Bengaluru,2025-12-04,2025-12-04,2025,FY25-26,Corporate Round,10000.0,INR,10000.0,,,unknown,INV1490;INV1491,INV1490;INV1491,4,mixed (DERIVED),Scale Qween as India's first self-discovery experiential jewellery brand,SRC03500,HIGH,
R01070,S0293,Bengaluru,2025-12-22,2025-12-22,2025,FY25-26,Angel,,INR,,,,unknown,INV1492;INV1493,INV1492;INV1493,4,all-new-investors (DERIVED),,SRC03502,HIGH,
R01071,S0293,Bengaluru,2025-01-01,2025-01-01,2025,FY25-26,Seed,,INR,,,,unknown,INV1491,INV1491,2,initial (DERIVED),,SRC03500,HIGH,
R01072,S0296,Kolkata,,2024-09-11,2024,FY24-25,venture (unspecified),8.35,USD,698.89,,,,,,0,unknown,"offline expansion, brand building",SRC03523,MEDIUM,
R01073,S0296,Kolkata,2021-12-15,2021-12-15,2021,FY21-22,Series A,4.0,USD,298.0,,,,INV1204,INV1204,2,initial (DERIVED),"brand growth, product expansion",SRC03521,HIGH,
R01074,S0296,Kolkata,2024-08-27,2024-08-27,2024,FY24-25,Series A,7.52,USD,629.42,,,,INV1494,INV1494;INV1204;INV1495,4,mixed (DERIVED),"offline expansion, brand building",SRC03516,MEDIUM,
R01075,S0296,Kolkata,2024-09-10,2024-09-10,2024,FY24-25,Angel,7.88,USD,659.56,,,,,INV1237;INV1204;INV0652,3,mixed (DERIVED),"offline expansion, new categories, team growth",SRC03513,HIGH,
R01076,S0298,Hyderabad,,2025-01-23,2025,FY25-26,Series X,5.0,USD,428.5,,,,INV1496,INV1496,2,all-new-investors (DERIVED),expand AI/ML capabilities via Landeed Labs,SRC03530,MEDIUM,
R01077,S0298,Hyderabad,,2022-08-10,2022,FY22-23,pre-seed,19.5,INR,19.5,,,,INV1497,,1,initial (DERIVED),property documentation retrieval system,SRC03531,LOW,
R01078,S0299,Erode / Perundurai,,2026-08-18,2026,FY26-27,IPO,163.0,USD,14181.0,1500.0,USD,market-cap at listing,,,0,initial (DERIVED),capex incl Rs 469.24 cr plant; growth,SRC03534,HIGH,
R01079,S0300,Gurugram,,2025-11-11,2025,FY25-26,pre-Series A,22.0,INR,22.0,,,,INV1498,,1,initial (DERIVED),"AI-led fulfilment platform, teams, N/S India expansion",SRC03539,MEDIUM,
R01080,S0301,New Delhi,,2024-05-08,2024,FY24-25,Series C,105.0,USD,8788.5,,,,,,0,initial (DERIVED),data control plane; LLM-era data importance,SRC03542,MEDIUM,
R01081,S0302,Chennai,,2026-05-04,2026,FY26-27,Series A,5.0,USD,435.0,,,,INV0184,,1,initial (DERIVED),"expand science-led skincare, India + global",SRC03546,MEDIUM,
R01082,S0303,UNKNOWN,,2026-08-01,2026,FY26-27,"private equity (minority, undisclosed stake)",300.0,INR,300.0,,,,INV1499,,1,initial (DERIVED),growth (unstated),SRC03549,MEDIUM,
R01083,S0304,Gurugram,,2026-04-01,2026,FY26-27,Series A,2800.0,INR,2800.0,18000.0,INR,post-money,INV1500,INV1500;INV0046,3,initial (DERIVED),"scale B2B2C distribution, expand technology",SRC03551,HIGH,Approx $30M
R01084,S0305,Pleasanton,,2026-09-10,2026,FY26-27,Series A,13.3,USD,1157.1,,,,INV0119,INV0119;INV0112,3,mixed (DERIVED),,SRC03557,HIGH,
R01085,S0305,Pleasanton,,2025-10-01,2025,FY25-26,Seed,3.0,USD,257.1,,,,INV0112,INV0112,2,initial (DERIVED),,SRC03558,HIGH,
R01086,S0306,Surat,,2025-05-28,2025,FY25-26,Series A,3.0,USD,257.1,,,,INV1501,INV1501;INV1502;INV1503;INV1469;INV1504;INV1505;INV1506,8,initial (DERIVED),,SRC03564,HIGH,
R01087,S0307,Chennai,,,2023,FY23-24,Seed,2.325,USD,192.51,,,,INV0233,INV0233;INV0815,3,initial (DERIVED),,SRC03568,MEDIUM,announcement_date stated loosely: UNKNOWN-2023
R01088,S0307,Chennai,,,2024,FY24-25,Series A,8.0,USD,669.6,,,,,,0,unknown,,SRC03567,MEDIUM,announcement_date stated loosely: UNKNOWN-2024
R01089,S0308,Gurugram,,2026-08-18,2026,FY26-27,Series A,20.0,USD,1740.0,,,,INV1507;INV1344,INV1507;INV1344,4,initial (DERIVED),"expand in Europe and US, strengthen India business, shift from services to product",SRC03579,HIGH,
R01090,S0309,Bengaluru,,2026-09-01,2026,FY26-27,Seed,8.0,USD,696.0,,,,INV0767,INV0767;INV1473,3,initial (DERIVED),,SRC03582,HIGH,
R01091,S0310,Gurugram,,2020-11-01,2020,FY20-21,Series F (unicorn),200.0,USD,14800.0,,,post-money,,,0,unknown,,SRC03607,HIGH,
R01092,S0310,Gurugram,,2015-11-25,2015,FY15-16,Series A,,USD,,,,,INV1508;INV1509;INV1510;INV0157,INV1511;INV1512;INV1508;INV1509;INV1513;INV1514;INV1510;INV0428;INV1515;INV1516;INV0157,15,initial (DERIVED),early-stage growth,SRC03608,MEDIUM,
R01093,S0310,Gurugram,,2020-11-24,2020,FY20-21,Series E,200.0,USD,14800.0,,,post-money,INV0157,INV1517;INV1518;INV1519;INV0124;INV1520;INV1521;INV1522;INV0157;INV1523;INV1524;INV1525;INV0037;INV1526,14,mixed (DERIVED),growth; became unicorn,SRC03607,HIGH,
R01094,S0310,Gurugram,,2021-09-08,2021,FY21-22,Series F,340.0,USD,25330.0,,,post-money,INV0157;INV1524;INV0066;INV0158,INV0157;INV1524;INV0066;INV0158;INV1518;INV0618;INV1003;INV1527;INV0007;INV1528;INV1522,15,mixed (DERIVED),growth; international expansion,SRC03603,HIGH,
R01095,S0310,Gurugram,,2021-12-20,2021,FY21-22,Series G,300.0,USD,22350.0,,,post-money,INV0066,INV0066;INV0700;INV1529;INV1522;INV0158;INV0413;INV1528,8,mixed (DERIVED),international expansion; mega refurbishment labs,SRC03595,HIGH,
R01096,S0310,Gurugram,,2021-11-30,2021,FY21-22,Series G (debt),100.0,USD,7450.0,,,,INV1530;INV1531,INV1530;INV1531,4,all-new-investors (DERIVED),international expansion,SRC03595,HIGH,
R01097,S0310,Gurugram,,2024-07-27,2024,FY24-25,Corporate Round,29.86,USD,2499.28,,,,INV1532,INV1532,2,all-new-investors (DERIVED),corporate round,SRC03609,MEDIUM,
R01098,S0312,Delhi NCR,,2025-09-22,2025,FY25-26,Series C,23.0,USD,1971.1,,,,INV0827,INV0827,2,initial (DERIVED),,SRC03627,HIGH,
R01099,S0313,Hyderabad,,,2025,FY25-26,UNKNOWN (fund investment; round type unverified),60.0,USD,5142.0,,,,INV1533,,1,initial (DERIVED),,SRC03632,MEDIUM,announcement_date stated loosely: UNKNOWN-2025/26
R01100,S0314,Delhi NCR,,,2025,FY25-26,Pre-Series A,2.5,USD,214.25,,,,INV1534,INV1534;INV1535,3,all-new-investors (DERIVED),,SRC03634,HIGH,announcement_date stated loosely: May 2025
R01101,S0314,Delhi NCR,,,2026,FY26-27,Series A,5.2,USD,452.4,70.0,USD,reported,,,0,initial (DERIVED),,SRC03635,MEDIUM,"Reported as being in talks, not yet closed | announcement_date stated loosely: Apr 2026"
R01102,S0315,Hyderabad,,,2023,FY23-24,Post-IPO,13.7,USD,1134.36,,,,,,0,initial (DERIVED),,SRC03641,MEDIUM,"7 funding rounds total: 1 Seed, 2 Early-Stage, 1 Debt, 3 Post IPO | announcement_date stated loosely: Jan 2023"
R01103,S0316,Ahmedabad,,2025-08-19,2025,FY25-26,Primary-Secondary,27.0,USD,2313.9,,,,INV0541;INV0668,,2,unknown,,SRC03644,HIGH,Early investor exited
R01104,S0316,Ahmedabad,,2014,2014,FY14-15,Seed,40.0,INR,40.0,,,,INV1536,INV1537;INV1538,3,initial (DERIVED),Initial capital from personal savings,SRC03650,HIGH,Approx Rs 40 lakh from savings; side hustle
R01105,S0316,Ahmedabad,,2021-10-27,2021,FY21-22,Series A,40.0,INR,40.0,,,,INV1539,INV1539,2,all-new-investors (DERIVED),"Strengthen brand, scale distribution and operations",SRC03659,HIGH,Rs 40 crore (~$5.3M); Xponentia later exited in 2025
R01106,S0316,Ahmedabad,,2023,2023,FY23-24,Series A (additional),,INR,,,,,INV0151,INV0151,2,all-new-investors (DERIVED),Growth capital,SRC03649,MEDIUM,Negen Capital invested in 2023 per Entrackr regulatory filings; amount not disclosed
R01107,S0316,Ahmedabad,2025-08-19,2025-08-19,2025,FY25-26,Series B,27.0,USD,2313.9,850.0,INR,post-money,INV0541;INV0668,INV0541;INV0668;INV1540,5,all-new-investors (DERIVED),"Fuel growth, strengthen omnichannel distribution, enhance product innovation, expand digital initiatives",SRC03648,HIGH,"Rs 110 crore primary (Filter Rs 70Cr, 3one4 Rs 40Cr) + secondary exit for Xponentia (Rs 120Cr). Post-money valuation ~Rs 850 crore ($100M). 3one4 14.12% stake, Filter 10.6%"
R01108,S0316,Ahmedabad,2025-08-19,2025-08-19,2025,FY25-26,Series B,110.0,INR,110.0,850.0,INR,post-money,INV0541,INV0541;INV0668,3,all-follow-on (DERIVED),Primary capital infusion,SRC03649,HIGH,"Rs 110 crore primary; 1839 Series B CCPS at Rs 5,98,202/share; Filter Rs 70Cr, 3one4 Rs 40Cr"
R01109,S0316,Ahmedabad,2025-08-19,2025-08-19,2025,FY25-26,Secondary,120.0,INR,120.0,,,,INV0668,INV1541,2,all-new-investors (DERIVED),Xponentia Capital full exit,SRC03649,HIGH,"Xponentia exited with Rs 120 crore, ~3X return on 2021 investment"
R01110,S0319,Gurugram,,,2026,FY26-27,Seed,120.0,INR,120.0,,,,INV1542,,1,initial (DERIVED),,SRC03666,HIGH,Also reported as $1.44M; company operates as Yantraksh Logistics | announcement_date stated loosely: Aug 2026
R01111,S0320,Bengaluru,,,2026,FY26-27,Series A,12.0,USD,1044.0,,,,INV1543;INV0668,,2,unknown,,SRC03671,HIGH,announcement_date stated loosely: Sep 2026
R01112,S0320,Bengaluru,2018-02-06,2018-02-06,2018,FY18-19,Angel,3.897905,USD,335.22,,,post-money,INV1544,INV1544;INV1545,3,initial (DERIVED),early product development,SRC03686,MEDIUM,
R01113,S0320,Bengaluru,2019-01-01,2019-01-01,2019,FY19-20,Seed,1.0,USD,86.0,,,,INV0720,INV0720,2,all-new-investors (DERIVED),product development and HAX accelerator,SRC03675,MEDIUM,
R01114,S0320,Bengaluru,2021-07-14,2021-07-14,2021,FY21-22,Seed,7.0,USD,521.5,,,,INV1546;INV1547;INV0720,INV1546;INV1547;INV0720;INV1548,7,mixed (DERIVED),scaling operations and market expansion,SRC03678,MEDIUM,
R01115,S0320,Bengaluru,2021-07-14,2021-07-14,2021,FY21-22,Conventional Debt,1.844936,USD,137.45,,,,,,0,unknown,,SRC03686,MEDIUM,
R01116,S0321,"Manno, Switzerland",,2026-09-07,2026,FY26-27,Seed,,USD,,,,,INV1549;INV1550,,2,initial (DERIVED),,SRC03690,HIGH,"Swiss-based company, not Indian startup; batch listed as Jaipur Robotics but HQ is in Switzerland"
R01117,S0322,Gurugram,,,2025,FY25-26,Series,70.0,USD,5999.0,,,,INV0800;INV1551,,2,unknown,,SRC03696,HIGH,announcement_date stated loosely: Mar 2025
R01118,S0322,Gurugram,,,2026,FY26-27,Corporate,385.0,INR,385.0,,,,INV0401;INV0759;INV1552,,3,unknown,,SRC03707,HIGH,announcement_date stated loosely: Jan 2026
R01119,S0322,Gurugram,,,2025,FY25-26,Merger,74000.0,INR,74000.0,,,,,,0,unknown,,SRC03694,HIGH,Merger with RenewBuy through share swap; Ankit Agrawal CEO of combined entity | announcement_date stated loosely: Sep 2025
R01120,S0322,Gurugram,2023-02-09,2023-02-09,2023,FY23-24,Series A,150.0,USD,12420.0,1100000000.0,INR,post-money,INV0224;INV0759,INV0224;INV0759;INV1149;INV1553;INV1554,7,initial (DERIVED),"Strengthen tech stack, expand distribution, grow agent network",SRC03708,HIGH,
R01121,S0322,Gurugram,2023-10-06,2023-10-06,2023,FY23-24,Series B,60.0,USD,4968.0,,,post-money,INV1555;INV1556,INV1555;INV1556;INV0759;INV1149;INV1553,7,mixed (DERIVED),"Expand distribution, technology enhancement",SRC03699,HIGH,
R01122,S0322,Gurugram,2025-03-04,2025-03-04,2025,FY25-26,Series C,70.0,USD,5999.0,,,post-money,INV0800;INV1555;INV1556,INV0800;INV1555;INV1556;INV0401;INV0759;INV1149;INV1553;INV1216,11,mixed (DERIVED),"Expand footprint, enhance tech stack, strengthen position in Indian insurance market",SRC03699,HIGH,
R01123,S0322,Gurugram,2026-01-22,2026-01-22,2026,FY26-27,Corporate Restructuring,38.5,INR,38.5,,,,INV0401;INV0759;INV1552,INV0401;INV0759;INV1552,6,mixed (DERIVED),Corporate restructuring within Cardekho group,SRC03707,MEDIUM,
R01124,S0322,Gurugram,2025-12-04,2025-12-04,2025,FY25-26,Series C (additional),5.920627,USD,507.4,,,,INV0224,INV0224;INV1557,3,mixed (DERIVED),Additional Series C capital,SRC03704,MEDIUM,
R01125,S0323,Gurugram,,,2025,FY25-26,Strategic Investment,,INR,,,,,INV1558,,1,initial (DERIVED),,SRC03720,HIGH,Strategic investment; MOPP Foods featured on Shark Tank India | announcement_date stated loosely: Mar 2025
R01126,S0325,Chennai,,,2025,FY25-26,equity+debt,,INR,,,,,INV1559,INV1560,2,all-follow-on (DERIVED),overseas expansion,SRC03727,HIGH,announcement_date stated loosely: Nov 2025
R01127,S0325,Chennai,,,2024,FY24-25,equity infusion,,INR,,,,,INV1560,INV1560,2,initial (DERIVED),capital infusion,SRC03730,HIGH,announcement_date stated loosely: Aug 2024
R01128,S0326,Bengaluru,,,2026,FY26-27,seed,,USD,,,,,INV1561,INV1561,2,initial (DERIVED),"measuring AI usage and spending, improving visibility across corporate systems",SRC03732,HIGH,announcement_date stated loosely: Aug 2026
R01129,S0326,Bengaluru,,,2026,FY26-27,seed,,USD,,,,,INV1561,INV1561,2,all-follow-on (DERIVED),enterprise AI cost management,SRC03734,MEDIUM,announcement_date stated loosely: Aug 2026
R01130,S0328,Hyderabad,,,2025,FY25-26,Series A (or equivalent),,INR,,,,,INV1562,INV1562,2,all-follow-on (DERIVED),revolutionize last-mile integrated logistics in Bharat,SRC03738,HIGH,announcement_date stated loosely: Oct 2025
R01131,S0328,Hyderabad,,,2025,FY25-26,funding,,INR,,,,,INV1562,INV1562,2,initial (DERIVED),last-mile logistics,SRC03737,MEDIUM,announcement_date stated loosely: Aug 2025
R01132,S0330,Kolkata,,,,,funding,,USD,,,,,INV0051,INV0051,2,initial (DERIVED),platform expansion,SRC03744,MEDIUM,
R01133,S0331,Kolkata,,,2018,FY18-19,seed/early,,USD,,,,,INV0131,INV0131;INV0105,3,initial (DERIVED),introduce new and innovative products,SRC03746,HIGH,announcement_date stated loosely: Sep 2018
R01134,S0332,Kochi,,,2024,FY24-25,funding,,INR,,,,,INV0051,INV0051,2,initial (DERIVED),expansion into international markets and advancing marine robotics products,SRC03749,HIGH,announcement_date stated loosely: Aug 2024
R01135,S0332,Kochi,,,2025,FY25-26,contract,,INR,,,,,INV1563,INV1563,2,all-new-investors (DERIVED),delivery of underwater remotely operated vehicles (UWROVs),SRC03748,HIGH,announcement_date stated loosely: Oct 2025
R01136,S0333,Kochi,,,2025,FY25-26,pre-seed,,INR,,,,,INV0051,INV0051,2,initial (DERIVED),establish India's largest humanoid robotics manufacturing facility,SRC03755,HIGH,announcement_date stated loosely: Mar 2025
R01137,S0338,Surat,2026-07-15,2026-07-15,2026,FY26-27,Seed,,USD,,,,pre-money,INV1564,INV0652;INV1565,3,initial (DERIVED),Expand AI accounting tools and SME CA Partner Program,SRC03764,HIGH,
R01138,S0339,Chandigarh,2025-02-27,2025-02-27,2025,FY25-26,Seed,,USD,,,,private,INV1469,INV1469,2,initial (DERIVED),Expand electric fleet and enhance logistics technology,SRC03767,HIGH,
R01139,S0340,Indore,2022-01-26,2022-01-26,2022,FY22-23,Series C,,USD,,,,private,INV1021,INV1021;INV1566;INV1251,4,mixed (DERIVED),B2B platform expansion,SRC03773,HIGH,
R01140,S0340,Indore,2019-08-17,2019-08-17,2019,FY19-20,Series B,,USD,,,,private,INV1021,INV1021;INV1567;INV1568,4,mixed (DERIVED),B2B ecommerce expansion,SRC03775,HIGH,
R01141,S0340,Indore,2016-02-11,2016-02-11,2016,FY16-17,Seed,,USD,,,,private,,INV1569;INV1567,2,initial (DERIVED),Platform development,SRC03776,MEDIUM,
R01142,S0341,Chandigarh,2026-09-10,2026-09-10,2026,FY26-27,Series A,,INR,,,,post-money,INV0742,INV0742,2,all-new-investors (DERIVED),Expand offline presence,SRC03780,HIGH,
R01143,S0341,Chandigarh,2024-04-03,2024-04-03,2024,FY24-25,Pre-Series A,,INR,,,,private,INV1275,INV1275;INV1571,3,initial (DERIVED),Growth and innovation,SRC03781,HIGH,
R01144,S0343,Gurugram,,,2025,FY25-26,Pre-Series A,,USD,,,,,INV1572,INV1572,2,all-new-investors (DERIVED),Expand network of centres and technological infrastructure,SRC03786,HIGH,announcement_date stated loosely: {'v': 'Sep 2025'}
R01145,S0343,Gurugram,,,2026,FY26-27,Series A,,USD,,,,,INV1573,INV1573;INV1574;INV1575,4,initial (DERIVED),AI-led solutions development,SRC03787,MEDIUM,announcement_date stated loosely: {'v': 'Jun 2026'}
R01146,S0344,Pune,,,2026,FY26-27,Pre-Series B,,USD,,,,,INV1576,INV1576;INV1577,3,initial (DERIVED),Scale manufacturing and R&D,SRC03790,HIGH,Also reported as $4.7 million | announcement_date stated loosely: {'v': 'Sep 2026'}
R01147,S0345,Bengaluru,,,2023,FY23-24,Seed,,USD,,,,,INV1578,INV1578,2,initial (DERIVED),Product development,SRC03796,HIGH,announcement_date stated loosely: {'v': '2023'}
R01148,S0346,Bengaluru,,,2016,FY16-17,Series A,,USD,,,,,INV1579,INV1579,2,initial (DERIVED),Growth,SRC03801,MEDIUM,announcement_date stated loosely: {'v': 'Jan 2016'}
R01149,S0347,Bengaluru,,,2021,FY21-22,Series D,,USD,,,,,INV1580,INV1580,2,initial (DERIVED),Growth,SRC03804,HIGH,Stripe-backed | announcement_date stated loosely: {'v': 'Oct 2021'}
R01150,S0349,Hyderabad,,,2025,FY25-26,Series A,,USD,,,,,,,0,initial (DERIVED),Scale anti-drone capabilities,SRC03814,HIGH,Amount and investors not fully disclosed in search results | announcement_date stated loosely: {'v': 'Aug 2025'}
R01151,S0349,Hyderabad,,,2026,FY26-27,Government contracts,,USD,,,,,,,0,unknown,Defence ministry contracts for naval and army assets,SRC03815,HIGH,"Government contracts, not equity funding | announcement_date stated loosely: {'v': 'Jan 2026'}"
R01152,S0350,Bengaluru,,,2026,FY26-27,IPO,,USD,,,,,,,0,initial (DERIVED),Public listing,SRC03822,HIGH,"IPO opened Aug 7 2026, listed Aug 14 2026 at 4% premium | announcement_date stated loosely: {'v': 'Aug 2026'}"
R01153,S0351,Bengaluru,,,2024,FY24-25,IPO,,USD,,,,,,,0,initial (DERIVED),Public listing,,HIGH,Listed company; SoftBank-backed pre-IPO | announcement_date stated loosely: {'v': '2024'}
R01154,S0352,Mumbai,,,,,Venture,,USD,,,,,INV1581,INV1581,2,initial (DERIVED),Growth,SRC03831,HIGH,Peak XV-backed; acquisition amount undisclosed | announcement_date stated loosely: {'v': ''}
R01155,S0353,Bengaluru,,,2025,FY25-26,Series A,,USD,,,,,INV1582;INV1583,INV1582;INV1583;INV1584,5,initial (DERIVED),"Boost indigenous defence electronics, AESA radar and EW system development",SRC03838,HIGH,Also reported as $22 million | announcement_date stated loosely: {'v': 'Jun 2025'}
R01156,S0354,Bengaluru,,2021,2021,FY21-22,Seed,,USD,,,,,INV0029,,1,initial (DERIVED),,SRC03848,MEDIUM,
R01157,S0355,San Francisco,,2025-08-01,2025,FY25-26,Seed,,USD,,,,,INV1585,INV1585;INV0668;INV0720,4,initial (DERIVED),,SRC03854,HIGH,
R01158,S0355,San Francisco,,2026-07-31,2026,FY26-27,Series A,,USD,,,,,INV1586,INV1586;INV0668,3,mixed (DERIVED),,SRC03852,HIGH,
R01159,S0357,Mumbai,,2026-01-27,2026,FY26-27,Acquisition,,USD,,,,,INV1587,INV1587,2,initial (DERIVED),Marico acquired 93.27% stake from PVR INOX,SRC03863,HIGH,
R01160,S0359,Bengaluru,,,,,Series A,,USD,,,,,INV0170,,1,initial (DERIVED),,SRC03879,MEDIUM,
R01161,S0361,Hyderabad,,,,,Series A,,USD,,,,,INV1588,,1,initial (DERIVED),,SRC03888,MEDIUM,
R01162,S0363,Bengaluru,,2026-06-12,2026,FY26-27,Acquisition,,USD,,,,,INV1589,INV1589;INV1590,3,initial (DERIVED),Meesho acquired 100% shareholding of Kirana Club Pte Ltd and indirect stake in Indian subsidiary,SRC03900,HIGH,
R01163,S0364,Bengaluru,,,2023,FY23-24,Series B,,USD,,,,,,,0,initial (DERIVED),Scale battery manufacturing,SRC03912,MEDIUM,announcement_date stated loosely: {'v': 'Jan 2023'}
R01164,S0366,Bengaluru,,,2024,FY24-25,Seed/Series A,,USD,,,,,,,0,initial (DERIVED),Home services expansion,SRC03925,HIGH,announcement_date stated loosely: {'v': '2024-2025'}
R01165,S0367,Bengaluru,,,2021,FY21-22,Series A,700.9000000000001,INR,700.9,7400.0,INR,,INV1591,INV1591;INV1592,3,all-new-investors (DERIVED),,SRC03928,HIGH,"announcement_date stated loosely: {'v': 'Jan 2021', 'conf': 0.9, 'src': 'Entrackr'}"
R01166,S0367,Bengaluru,,,2021,FY21-22,Series B,30.0,USD,2235.0,500.0,USD,,INV1593;INV1594,INV1593;INV1594,4,all-new-investors (DERIVED),,SRC03929,HIGH,"announcement_date stated loosely: {'v': 'Aug 2021', 'conf': 0.9, 'src': 'PR Newswire'}"
R01167,S0367,Bengaluru,2019,2019-01-01,2019,FY19-20,Seed,1.0,USD,86.0,,,,INV1595,INV1595,2,initial (DERIVED),Initial product development,SRC03935,MEDIUM,
R01168,S0367,Bengaluru,2020,2020-04-01,2020,FY20-21,Series A,8.0,USD,592.0,,,post-money,INV1596,INV1596;INV1597,3,all-new-investors (DERIVED),"Technology, team, marketing",SRC03941,HIGH,
R01169,S0367,Bengaluru,2021,2021-01-01,2021,FY21-22,Series A (second tranche),10.0,USD,745.0,,,post-money,INV1598,INV1598;INV1599,3,all-new-investors (DERIVED),Expansion,SRC03930,MEDIUM,
R01170,S0367,Bengaluru,2022-01-01,2022-01-05,2022,FY22-23,Series B (extension),72.0,USD,5652.0,,,post-money,INV1600,INV1600;INV1601;INV1602;INV1603;INV1604;INV1605,7,all-new-investors (DERIVED),"New products, immersive design, geographic expansion, marketing, hiring",SRC03935,HIGH,
R01171,S0367,Bengaluru,2022-01-01,2022-01-05,2022,FY22-23,Series B (total),102.0,USD,8007.0,,,post-money,INV1600,INV1600;INV1601;INV1602;INV1603;INV1604;INV1605;INV1595,8,all-follow-on (DERIVED),"Product development, expansion",SRC03936,HIGH,
R01172,S0368,Surat,2024-06-25,2024-06-25,2024,FY24-25,Seed,0.119764,USD,10.02,,,Post-money,INV1607;INV1608,INV1607;INV1608,4,initial (DERIVED),Product development,SRC03947,MEDIUM,PitchBook also lists $278K accelerator deal Jan 2026
