link_id,startup_id,investor_id,investor_name,investor_type,round_type,round_date,first_seen,rounds,lead,disclosed_amount,amount,board_seat,status,source_id,confidence
IL00001,S0001,INV0001,Kedaara Capital,,Series D,2025-04-07,,,lead,60.0,,,,SRC00001,HIGH
IL00002,S0001,INV0002,SoftBank,,Series D,2025-04-07,,,,60.0,,,,SRC00001,HIGH
IL00003,S0001,INV0003,Accel,,Series D,2025-04-07,,,,60.0,,,,SRC00001,HIGH
IL00004,S0001,INV0001,Kedaara Capital,,Series D,2025-04-07,,,lead,60.0,,,,SRC00001,HIGH
IL00005,S0001,INV0004,WestBridge Capital,,Series D follow-on,2026-01-23,,,lead,50.0,,,,SRC00002,HIGH
IL00006,S0001,INV0004,WestBridge Capital,,Series D follow-on,2026-01-23,,,lead,50.0,,,,SRC00002,HIGH
IL00007,S0001,INV0005,SoftBank Vision Fund 2,,Series C,2021-12-15,,,lead,60.0,,,,SRC00013,HIGH
IL00008,S0001,INV0003,Accel,,Series C,2021-12-15,,,,60.0,,,,SRC00013,HIGH
IL00009,S0001,INV0006,existing investors,,Series C,2021-12-15,,,,60.0,,,,SRC00013,HIGH
IL00010,S0001,INV0005,SoftBank Vision Fund 2,,Series C,2021-12-15,,,lead,60.0,,,,SRC00013,HIGH
IL00011,S0001,INV0001,Kedaara Capital,PE,,,2025-04,['Series D'],True,,,,,SRC00001,HIGH
IL00012,S0001,INV0004,WestBridge Capital,VC,,,2026-01,['Series D follow-on'],True,,,,,SRC00002,HIGH
IL00013,S0001,INV0007,SoftBank Vision Fund,VC,,,2021,['Series D'],False,,,,,SRC00001,HIGH
IL00014,S0001,INV0003,Accel,VC,,,2015,['Series D'],False,,,,,SRC00001,HIGH
IL00015,S0001,INV0005,SoftBank Vision Fund 2,VC,,,2021,['Series C'],True,,60,,,SRC00013,HIGH
IL00016,S0002,INV0008,Motilal Oswal Alternates,,Series E,2026-04-08,,,lead,280.0,,,,SRC00031,HIGH
IL00017,S0002,INV0009,Hornbill Capital,,Series E,2026-04-08,,,lead,280.0,,,,SRC00031,HIGH
IL00018,S0002,INV0010,MUFG-backed Dragon Funds,,Series E,2026-04-08,,,lead,280.0,,,,SRC00031,HIGH
IL00019,S0002,INV0011,WhiteOak Capital,,Series E,2026-04-08,,,,280.0,,,,SRC00031,HIGH
IL00020,S0002,INV0012,A.P. Moller Holding,,Series E,2026-04-08,,,,280.0,,,,SRC00031,HIGH
IL00021,S0002,INV0013,Premji Invest,,Series E,2026-04-08,,,,280.0,,,,SRC00031,HIGH
IL00022,S0002,INV0014,Advent International,,Series E,2026-04-08,,,,280.0,,,,SRC00031,HIGH
IL00023,S0002,INV0008,Motilal Oswal Alternates,,Series E,2026-04-08,,,lead,280.0,,,,SRC00031,HIGH
IL00024,S0002,INV0009,Hornbill Capital,,Series E,2026-04-08,,,lead,280.0,,,,SRC00031,HIGH
IL00025,S0002,INV0010,MUFG-backed Dragon Funds,,Series E,2026-04-08,,,lead,280.0,,,,SRC00031,HIGH
IL00026,S0002,INV0015,MUFG,,Series D extension,2023-01-01,,,lead,200.0,,,,SRC00032,MEDIUM
IL00027,S0002,INV0015,MUFG,,Series D extension,2023-01-01,,,lead,200.0,,,,SRC00032,MEDIUM
IL00028,S0002,INV0016,Motilal Oswal,,Series D extension,2024-03-27,,,lead,9.4,,,,SRC00041,MEDIUM
IL00029,S0002,INV0017,Newquest,,Series D extension,2024-03-27,,,,9.4,,,,SRC00041,MEDIUM
IL00030,S0002,INV0013,Premji Invest,,Series D extension,2024-03-27,,,,9.4,,,,SRC00041,MEDIUM
IL00031,S0002,INV0018,Mirae Asset,,Series D extension,2024-03-27,,,,9.4,,,,SRC00041,MEDIUM
IL00032,S0002,INV0015,MUFG,,Series D extension,2024-03-27,,,,9.4,,,,SRC00041,MEDIUM
IL00033,S0002,INV0019,Wiseanya,,Series D extension,2024-03-27,,,,9.4,,,,SRC00041,MEDIUM
IL00034,S0002,INV0016,Motilal Oswal,,Series D extension,2024-03-27,,,lead,9.4,,,,SRC00041,MEDIUM
IL00035,S0002,INV0015,MUFG,,Series D,2023-01-06,,,lead,200.0,,,,SRC00032,MEDIUM
IL00036,S0002,INV0020,TPG,,Series D,2023-01-06,,,,200.0,,,,SRC00032,MEDIUM
IL00037,S0002,INV0018,Mirae Asset,,Series D,2023-01-06,,,,200.0,,,,SRC00032,MEDIUM
IL00038,S0002,INV0014,Advent International,,Series D,2023-01-06,,,,200.0,,,,SRC00032,MEDIUM
IL00039,S0002,INV0016,Motilal Oswal,,Series D,2023-01-06,,,,200.0,,,,SRC00032,MEDIUM
IL00040,S0002,INV0013,Premji Invest,,Series D,2023-01-06,,,,200.0,,,,SRC00032,MEDIUM
IL00041,S0002,INV0019,Wiseanya,,Series D,2023-01-06,,,,200.0,,,,SRC00032,MEDIUM
IL00042,S0002,INV0015,MUFG,,Series D,2023-01-06,,,lead,200.0,,,,SRC00032,MEDIUM
IL00043,S0002,INV0021,TPG-backed NewQuest Capital Partners,,Series C (tranche 2),2021-03-22,,,lead,70.0,,,,SRC00042,HIGH
IL00044,S0002,INV0022,Motilal Oswal Private Equity,,Series C (tranche 2),2021-03-22,,,lead,70.0,,,,SRC00042,HIGH
IL00045,S0002,INV0021,TPG-backed NewQuest Capital Partners,,Series C (tranche 2),2021-03-22,,,lead,70.0,,,,SRC00042,HIGH
IL00046,S0002,INV0022,Motilal Oswal Private Equity,,Series C (tranche 2),2021-03-22,,,lead,70.0,,,,SRC00042,HIGH
IL00047,S0002,INV0013,Premji Invest,,Series C (tranche 1),2021-02-15,,,lead,75.0,,,,SRC00043,HIGH
IL00048,S0002,INV0023,Mirae Asset Ventures,,Series C (tranche 1),2021-02-15,,,lead,75.0,,,,SRC00043,HIGH
IL00049,S0002,INV0024,Alpine Capital Advisors,,Series C (tranche 1),2021-02-15,,,lead,75.0,,,,SRC00043,HIGH
IL00050,S0002,INV0025,Arkam Ventures,,Series C (tranche 1),2021-02-15,,,lead,75.0,,,,SRC00043,HIGH
IL00051,S0002,INV0013,Premji Invest,,Series C (tranche 1),2021-02-15,,,lead,75.0,,,,SRC00043,HIGH
IL00052,S0002,INV0023,Mirae Asset Ventures,,Series C (tranche 1),2021-02-15,,,lead,75.0,,,,SRC00043,HIGH
IL00053,S0002,INV0024,Alpine Capital Advisors,,Series C (tranche 1),2021-02-15,,,lead,75.0,,,,SRC00043,HIGH
IL00054,S0002,INV0025,Arkam Ventures,,Series C (tranche 1),2021-02-15,,,lead,75.0,,,,SRC00043,HIGH
IL00055,S0002,INV0013,Premji Invest,PE/VC,,,2021,"['Series D', 'Series E']",False,,,,,SRC00031,HIGH
IL00056,S0002,INV0014,Advent International,PE,,,2023,"['Series D', 'Series E']",False,,,,,SRC00031,HIGH
IL00057,S0002,INV0026,MUFG (Dragon Funds),bank/strategic,,,2023,"['Series D', 'Series E']",True,,,,,SRC00031,HIGH
IL00058,S0002,INV0008,Motilal Oswal Alternates,PE,,,2026,['Series E'],True,,,,,SRC00031,HIGH
IL00059,S0002,INV0009,Hornbill Capital,VC,,,2026,['Series E'],True,,,,,SRC00031,HIGH
IL00060,S0003,INV0028,Walmart,,growth/secondary mix,2023-01-01,,,,100.0,,,,SRC00080,HIGH
IL00061,S0003,INV0027,General Atlantic,,growth/secondary mix,2023-01-01,,,lead,100.0,,,,SRC00080,HIGH
IL00062,S0003,INV0029,Tiger Global,,growth/secondary mix,2023-01-01,,,,100.0,,,,SRC00080,HIGH
IL00063,S0003,INV0030,Microsoft,,growth/secondary mix,2023-01-01,,,,100.0,,,,SRC00080,HIGH
IL00064,S0003,INV0031,Ribbit,,growth/secondary mix,2023-01-01,,,,100.0,,,,SRC00080,HIGH
IL00065,S0003,INV0027,General Atlantic,,growth/secondary mix,2023-01-01,,,lead,100.0,,,,SRC00080,HIGH
IL00066,S0003,INV0027,General Atlantic,,secondary,2026-01-22,,,lead,430.0,,,,SRC00073,HIGH
IL00067,S0003,INV0027,General Atlantic,,secondary,2026-01-22,,,lead,430.0,,,,SRC00073,HIGH
IL00068,S0003,INV0027,General Atlantic,,growth/secondary,2023-01-15,,,lead,350.0,,,,SRC00074,MEDIUM
IL00069,S0003,INV0028,Walmart,,growth/secondary,2023-01-15,,,,350.0,,,,SRC00074,MEDIUM
IL00070,S0003,INV0029,Tiger Global,,growth/secondary,2023-01-15,,,,350.0,,,,SRC00074,MEDIUM
IL00071,S0003,INV0030,Microsoft,,growth/secondary,2023-01-15,,,,350.0,,,,SRC00074,MEDIUM
IL00072,S0003,INV0031,Ribbit,,growth/secondary,2023-01-15,,,,350.0,,,,SRC00074,MEDIUM
IL00073,S0003,INV0027,General Atlantic,,growth/secondary,2023-01-15,,,lead,350.0,,,,SRC00074,MEDIUM
IL00074,S0003,INV0032,Walmart (WM Digital Commerce Holdings),strategic/corporate,,,2018,"['acquisition-via-Flipkart', 'growth']",True,,,,,SRC00072,HIGH
IL00075,S0003,INV0027,General Atlantic,PE,,,2023,"['2023 growth', '2025 secondary']",True,,,,,SRC00073,HIGH
IL00076,S0003,INV0029,Tiger Global,VC,,,2021,['growth'],False,,,,,SRC00072,HIGH
IL00077,S0003,INV0030,Microsoft,strategic,,,2022,['growth'],False,,,,,SRC00072,HIGH
IL00078,S0004,INV0033,Lone Pine Capital,,Series F,2021-12-20,,,lead,375.0,,,,SRC00099,HIGH
IL00079,S0004,INV0034,Alkeon Capital,,Series F,2021-12-20,,,lead,375.0,,,,SRC00099,HIGH
IL00080,S0004,INV0035,TCV,,Series F,2021-12-20,,,lead,375.0,,,,SRC00099,HIGH
IL00081,S0004,INV0036,GIC,,Series F,2021-12-20,,,,375.0,,,,SRC00099,HIGH
IL00082,S0004,INV0037,Peak XV Partners,,Series F,2021-12-20,,,,375.0,,,,SRC00099,HIGH
IL00083,S0004,INV0029,Tiger Global,,Series F,2021-12-20,,,,375.0,,,,SRC00099,HIGH
IL00084,S0004,INV0038,Y Combinator,,Series F,2021-12-20,,,,375.0,,,,SRC00099,HIGH
IL00085,S0004,INV0033,Lone Pine Capital,,Series F,2021-12-20,,,lead,375.0,,,,SRC00099,HIGH
IL00086,S0004,INV0034,Alkeon Capital,,Series F,2021-12-20,,,lead,375.0,,,,SRC00099,HIGH
IL00087,S0004,INV0035,TCV,,Series F,2021-12-20,,,lead,375.0,,,,SRC00099,HIGH
IL00088,S0004,INV0036,GIC,,Series E,2021-04-18,,,lead,160.0,,,,SRC00093,HIGH
IL00089,S0004,INV0037,Peak XV Partners,,Series E,2021-04-18,,,lead,160.0,,,,SRC00093,HIGH
IL00090,S0004,INV0039,Ribbit Capital,,Series E,2021-04-18,,,,160.0,,,,SRC00093,HIGH
IL00091,S0004,INV0029,Tiger Global,,Series E,2021-04-18,,,,160.0,,,,SRC00093,HIGH
IL00092,S0004,INV0036,GIC,,Series E,2021-04-18,,,lead,160.0,,,,SRC00093,HIGH
IL00093,S0004,INV0037,Peak XV Partners,,Series E,2021-04-18,,,lead,160.0,,,,SRC00093,HIGH
IL00094,S0004,INV0036,GIC,,Series D,2020-10-12,,,lead,100.0,,,,SRC00093,HIGH
IL00095,S0004,INV0037,Peak XV Partners,,Series D,2020-10-12,,,lead,100.0,,,,SRC00093,HIGH
IL00096,S0004,INV0039,Ribbit Capital,,Series D,2020-10-12,,,,100.0,,,,SRC00093,HIGH
IL00097,S0004,INV0029,Tiger Global,,Series D,2020-10-12,,,,100.0,,,,SRC00093,HIGH
IL00098,S0004,INV0038,Y Combinator,,Series D,2020-10-12,,,,100.0,,,,SRC00093,HIGH
IL00099,S0004,INV0036,GIC,,Series D,2020-10-12,,,lead,100.0,,,,SRC00093,HIGH
IL00100,S0004,INV0037,Peak XV Partners,,Series D,2020-10-12,,,lead,100.0,,,,SRC00093,HIGH
IL00101,S0004,INV0039,Ribbit Capital,,Series C,2019-06-18,,,lead,75.0,,,,SRC00093,MEDIUM
IL00102,S0004,INV0037,Peak XV Partners,,Series C,2019-06-18,,,lead,75.0,,,,SRC00093,MEDIUM
IL00103,S0004,INV0029,Tiger Global,,Series C,2019-06-18,,,,75.0,,,,SRC00093,MEDIUM
IL00104,S0004,INV0038,Y Combinator,,Series C,2019-06-18,,,,75.0,,,,SRC00093,MEDIUM
IL00105,S0004,INV0039,Ribbit Capital,,Series C,2019-06-18,,,lead,75.0,,,,SRC00093,MEDIUM
IL00106,S0004,INV0037,Peak XV Partners,,Series C,2019-06-18,,,lead,75.0,,,,SRC00093,MEDIUM
IL00107,S0004,INV0033,Lone Pine Capital,hedge/VC,,,2021,['Series F'],True,,,,,SRC00093,HIGH
IL00108,S0004,INV0040,Peak XV Partners (Sequoia India),VC,,,2019,"['Series C', 'Series D', 'Series E', 'Series F']",True,,,,,SRC00093,HIGH
IL00109,S0004,INV0029,Tiger Global,VC,,,2015,"['Series A', 'Series B', 'Series C+ ']",True,,,,,SRC00093,HIGH
IL00110,S0004,INV0036,GIC,sovereign,,,2020,"['Series D', 'Series E', 'Series F']",True,,,,,SRC00093,HIGH
IL00111,S0004,INV0038,Y Combinator,accelerator,,,2015,"['Seed', 'Series F']",False,,,,,SRC00094,MEDIUM
IL00112,S0005,INV0043,CalPERS,,pre-IPO,2025-10-16,,,,450.0,,,,SRC00104,HIGH
IL00113,S0005,INV0042,General Catalyst,,pre-IPO,2025-10-16,,,lead,450.0,,,,SRC00104,HIGH
IL00114,S0005,INV0044,Avenir,,pre-IPO,2025-10-16,,,,450.0,,,,SRC00104,HIGH
IL00115,S0005,INV0045,Glade Brook,,pre-IPO,2025-10-16,,,,450.0,,,,SRC00104,HIGH
IL00116,S0005,INV0046,Lightspeed,,pre-IPO,2025-10-16,,,,450.0,,,,SRC00104,HIGH
IL00117,S0005,INV0047,StepStone Group,,pre-IPO,2025-10-16,,,,450.0,,,,SRC00104,HIGH
IL00118,S0005,INV0048,Nexus Venture Partners,,pre-IPO,2025-10-16,,,,450.0,,,,SRC00104,HIGH
IL00119,S0005,INV0041,California Public Employees' Retirement System (CalPERS),,pre-IPO,2025-10-16,,,lead,450.0,,,,SRC00104,HIGH
IL00120,S0005,INV0042,General Catalyst,,pre-IPO,2025-10-16,,,lead,450.0,,,,SRC00104,HIGH
IL00121,S0005,INV0049,unspecified private-placement investors,,pre-IPO placement,2026-08-01,,,,105.0,,,,SRC00108,LOW
IL00122,S0005,INV0038,Y Combinator,,seed,2021-07,,,,,,,,SRC00110,MEDIUM
IL00123,S0005,INV0048,Nexus Venture Partners,,Series A,2022-01,,,lead,60.0,,,,SRC00110,MEDIUM
IL00124,S0005,INV0038,Y Combinator,,Series A,2022-01,,,,60.0,,,,SRC00110,MEDIUM
IL00125,S0005,INV0048,Nexus Venture Partners,,Series A,2022-01,,,lead,60.0,,,,SRC00110,MEDIUM
IL00126,S0005,INV0050,Glade Brook Capital Partners,,Series B,2022-11,,,lead,100.0,,,,SRC00110,MEDIUM
IL00127,S0005,INV0048,Nexus Venture Partners,,Series B,2022-11,,,,100.0,,,,SRC00110,MEDIUM
IL00128,S0005,INV0046,Lightspeed,,Series B,2022-11,,,,100.0,,,,SRC00110,MEDIUM
IL00129,S0005,INV0050,Glade Brook Capital Partners,,Series B,2022-11,,,lead,100.0,,,,SRC00110,MEDIUM
IL00130,S0005,INV0047,StepStone Group,,Series C,2023-08,,,lead,200.0,,,,SRC00104,MEDIUM
IL00131,S0005,INV0048,Nexus Venture Partners,,Series C,2023-08,,,,200.0,,,,SRC00104,MEDIUM
IL00132,S0005,INV0046,Lightspeed,,Series C,2023-08,,,,200.0,,,,SRC00104,MEDIUM
IL00133,S0005,INV0044,Avenir,,Series C,2023-08,,,,200.0,,,,SRC00104,MEDIUM
IL00134,S0005,INV0047,StepStone Group,,Series C,2023-08,,,lead,200.0,,,,SRC00104,MEDIUM
IL00135,S0005,INV0042,General Catalyst,,Series D,2024-06,,,lead,665.0,,,,SRC00110,HIGH
IL00136,S0005,INV0048,Nexus Venture Partners,,Series D,2024-06,,,,665.0,,,,SRC00110,HIGH
IL00137,S0005,INV0046,Lightspeed,,Series D,2024-06,,,,665.0,,,,SRC00110,HIGH
IL00138,S0005,INV0044,Avenir,,Series D,2024-06,,,,665.0,,,,SRC00110,HIGH
IL00139,S0005,INV0045,Glade Brook,,Series D,2024-06,,,,665.0,,,,SRC00110,HIGH
IL00140,S0005,INV0047,StepStone Group,,Series D,2024-06,,,,665.0,,,,SRC00110,HIGH
IL00141,S0005,INV0042,General Catalyst,,Series D,2024-06,,,lead,665.0,,,,SRC00110,HIGH
IL00142,S0005,INV0051,unknown,,Series E,2024-08,,,lead,340.0,,,,SRC00110,MEDIUM
IL00143,S0005,INV0051,unknown,,Series E,2024-08,,,lead,340.0,,,,SRC00110,MEDIUM
IL00144,S0005,INV0052,domestic investors,,Series F,2024-11,,,lead,350.0,,,,SRC00110,MEDIUM
IL00145,S0005,INV0052,domestic investors,,Series F,2024-11,,,lead,350.0,,,,SRC00110,MEDIUM
IL00146,S0005,INV0043,CalPERS,pension fund,,,2025,['Oct-2025 pre-IPO'],True,,,,,SRC00104,HIGH
IL00147,S0005,INV0047,StepStone Group,PE/secondary,,,2023,['Oct-2025 pre-IPO'],False,,,,,SRC00104,HIGH
IL00148,S0005,INV0048,Nexus Venture Partners,VC,,,2021,"['earlier', 'Oct-2025 pre-IPO']",False,,,,,SRC00105,HIGH
IL00149,S0005,INV0046,Lightspeed,VC,,,2022,"['earlier', 'Oct-2025 pre-IPO']",False,,,,,SRC00105,HIGH
IL00150,S0005,INV0042,General Catalyst,VC,,,2024,['Oct-2025 pre-IPO'],True,,,,,SRC00104,MEDIUM
IL00151,S0006,INV0055,Matrix Partners India (now Z47),,Seed,2024-04-10,,,,20.0,,,,SRC00117,HIGH
IL00152,S0006,INV0048,Nexus Venture Partners,,Seed,2024-04-10,,,lead,20.0,,,,SRC00117,HIGH
IL00153,S0006,INV0054,NTTVC,,Seed,2024-04-10,,,lead,20.0,,,,SRC00117,HIGH
IL00154,S0006,INV0053,Matrix Partners India,,Seed,2024-04-10,,,lead,20.0,,,,SRC00117,HIGH
IL00155,S0006,INV0048,Nexus Venture Partners,,Seed,2024-04-10,,,lead,20.0,,,,SRC00117,HIGH
IL00156,S0006,INV0054,NTTVC,,Seed,2024-04-10,,,lead,20.0,,,,SRC00117,HIGH
IL00157,S0006,INV0054,NTTVC,,Series A,2024-10-22,,,lead,30.0,,,,SRC00118,HIGH
IL00158,S0006,INV0056,Z47,,Series A,2024-10-22,,,lead,30.0,,,,SRC00118,HIGH
IL00159,S0006,INV0048,Nexus Venture Partners,,Series A,2024-10-22,,,lead,30.0,,,,SRC00118,HIGH
IL00160,S0006,INV0054,NTTVC,,Series A,2024-10-22,,,lead,30.0,,,,SRC00118,HIGH
IL00161,S0006,INV0056,Z47,,Series A,2024-10-22,,,lead,30.0,,,,SRC00118,HIGH
IL00162,S0006,INV0048,Nexus Venture Partners,,Series A,2024-10-22,,,lead,30.0,,,,SRC00118,HIGH
IL00163,S0006,INV0057,Blackstone,,Growth equity,2026-02-16,,,lead,600.0,,,,SRC00115,HIGH
IL00164,S0006,INV0058,Teachers' Venture Growth,,Growth equity,2026-02-16,,,,600.0,,,,SRC00115,HIGH
IL00165,S0006,INV0059,TVS Capital,,Growth equity,2026-02-16,,,,600.0,,,,SRC00115,HIGH
IL00166,S0006,INV0060,360 ONE Asset,,Growth equity,2026-02-16,,,,600.0,,,,SRC00115,HIGH
IL00167,S0006,INV0048,Nexus Venture Partners,,Growth equity,2026-02-16,,,,600.0,,,,SRC00115,HIGH
IL00168,S0006,INV0057,Blackstone,,Growth equity,2026-02-16,,,lead,600.0,,,,SRC00115,HIGH
IL00169,S0006,INV0048,Nexus Venture Partners,VC,,,2024-04,"['Seed', 'Series A', 'Growth equity']",True,,,,,SRC00115,HIGH
IL00170,S0006,INV0054,NTTVC,CVC,,,2024-04,"['Seed', 'Series A']",True,,,,,SRC00117,HIGH
IL00171,S0006,INV0061,Z47 (fka Matrix Partners India),VC,,,2024-04,"['Seed', 'Series A']",True,,,,,SRC00117,HIGH
IL00172,S0006,INV0057,Blackstone,PE,,,2026-02,['Growth equity'],True,,,,,SRC00114,HIGH
IL00173,S0006,INV0058,Teachers' Venture Growth,Institutional,,,2026-02,['Growth equity'],False,,,,,SRC00115,MEDIUM
IL00174,S0006,INV0059,TVS Capital,PE/VC,,,2026-02,['Growth equity'],False,,,,,SRC00115,MEDIUM
IL00175,S0006,INV0060,360 ONE Asset,Asset manager,,,2026-02,['Growth equity'],False,,,,,SRC00115,MEDIUM
IL00176,S0007,INV0027,General Atlantic,,Series F-II,2022-11-01,,,lead,100.0,,,,SRC00136,HIGH
IL00177,S0007,INV0027,General Atlantic,,Series F-II,2022-11-01,,,lead,100.0,,,,SRC00136,HIGH
IL00178,S0007,INV0027,General Atlantic,PE,,,,['Series F-II'],True,,,,,SRC00136,HIGH
IL00179,S0007,INV0003,Accel,VC,,,,"['early', 'IPO OFS seller']",,,,,,SRC00137,MEDIUM
IL00180,S0007,INV0063,Norwest Venture Partners,VC,,,,"['early', 'IPO OFS seller']",,,,,,SRC00137,MEDIUM
IL00181,S0007,INV0013,Premji Invest,family-office-VC,,,,,,,,,,SRC00137,MEDIUM
IL00182,S0008,INV0029,Tiger Global,,Series E (reported Oct 2021),2021-10-01,,,lead,251.0,,,,SRC00145,MEDIUM
IL00183,S0008,INV0064,Falcon Edge,,Series E (reported Oct 2021),2021-10-01,,,lead,251.0,,,,SRC00145,MEDIUM
IL00184,S0008,INV0029,Tiger Global,,Series E (reported Oct 2021),2021-10-01,,,lead,251.0,,,,SRC00145,MEDIUM
IL00185,S0008,INV0064,Falcon Edge,,Series E (reported Oct 2021),2021-10-01,,,lead,251.0,,,,SRC00145,MEDIUM
IL00186,S0008,INV0036,GIC,,Series F,2022-06-09,,,lead,140.0,,,,SRC00146,HIGH
IL00187,S0008,INV0029,Tiger Global,,Series F,2022-06-09,,,,140.0,,,,SRC00146,HIGH
IL00188,S0008,INV0065,Sofina,,Series F,2022-06-09,,,,140.0,,,,SRC00146,HIGH
IL00189,S0008,INV0066,Alpha Wave Global,,Series F,2022-06-09,,,,140.0,,,,SRC00146,HIGH
IL00190,S0008,INV0067,Dragoneer,,Series F,2022-06-09,,,,140.0,,,,SRC00146,HIGH
IL00191,S0008,INV0036,GIC,,Series F,2022-06-09,,,lead,140.0,,,,SRC00146,HIGH
IL00192,S0008,INV0036,GIC,SWF,,,,['Series F'],True,,,,,SRC00145,HIGH
IL00193,S0008,INV0029,Tiger Global,VC,,,,"['Series E', 'Series F']",,,,,,SRC00145,MEDIUM
IL00194,S0008,INV0040,Peak XV Partners (Sequoia India),VC,,,,['early'],,,,,,SRC00148,MEDIUM
IL00195,S0009,INV0068,Technology Crossover Ventures (TCV),,Series D,2022-01-25,,,lead,72.0,,,,SRC00162,HIGH
IL00196,S0009,INV0068,Technology Crossover Ventures (TCV),,Series D,2022-01-25,,,lead,72.0,,,,SRC00162,HIGH
IL00197,S0009,INV0069,Partners Group,,growth,2025-03-05,,,lead,140.0,,,,SRC00154,HIGH
IL00198,S0009,INV0070,KKR,,growth,2025-03-05,,,lead,140.0,,,,SRC00154,HIGH
IL00199,S0009,INV0071,Gravity Holdings,,growth,2025-03-05,,,,140.0,,,,SRC00154,HIGH
IL00200,S0009,INV0069,Partners Group,,growth,2025-03-05,,,lead,140.0,,,,SRC00154,HIGH
IL00201,S0009,INV0070,KKR,,growth,2025-03-05,,,lead,140.0,,,,SRC00154,HIGH
IL00202,S0009,INV0072,Teachers' Venture Growth (OTPP),,growth,2025-08-14,,,lead,40.0,,,,SRC00156,HIGH
IL00203,S0009,INV0072,Teachers' Venture Growth (OTPP),,growth,2025-08-14,,,lead,40.0,,,,SRC00156,HIGH
IL00204,S0009,INV0069,Partners Group,PE,,,,['2025-03 $140M'],True,,,,,SRC00154,HIGH
IL00205,S0009,INV0070,KKR,PE,,,,['2025-03 $140M'],True,,,,,SRC00154,HIGH
IL00206,S0009,INV0072,Teachers' Venture Growth (OTPP),pension-growth,,,,['2025-08 $40M'],,,,,,SRC00157,HIGH
IL00207,S0009,INV0035,TCV,VC,,,,['Series D 2022'],True,,,,,SRC00162,MEDIUM
IL00208,S0009,INV0037,Peak XV Partners,VC,,,,"['early', 'partial selldown 2025']",,,,,,SRC00156,MEDIUM
IL00209,S0009,INV0046,Lightspeed,VC,,,,"['Series A 2017', 'partial selldown 2025']",,,,,,SRC00155,MEDIUM
IL00210,S0009,INV0030,Microsoft,corporate,,,,"['extended Series D (Jan 2023, undisclosed)']",,,,,,SRC00164,MEDIUM
IL00211,S0010,INV0038,Y Combinator,,Seed,2024-01-01,,,,7.0,,,,SRC00168,MEDIUM
IL00212,S0010,INV0073,Together Fund,,Seed,2024-01-01,,,,7.0,,,,SRC00168,MEDIUM
IL00213,S0010,INV0046,Lightspeed,,Series A,2025-09-01,,,lead,23.0,,,,SRC00170,HIGH
IL00214,S0010,INV0073,Together Fund,,Series A,2025-09-01,,,,23.0,,,,SRC00170,HIGH
IL00215,S0010,INV0038,Y Combinator,,Series A,2025-09-01,,,,23.0,,,,SRC00170,HIGH
IL00216,S0010,INV0074,Prosus Ventures,,Series A,2025-09-01,,,,23.0,,,,SRC00170,HIGH
IL00217,S0010,INV0046,Lightspeed,,Series A,2025-09-01,,,lead,23.0,,,,SRC00170,HIGH
IL00218,S0010,INV0075,Khosla Ventures,,Series B,2026-01-01,,,lead,70.0,,,,SRC00167,HIGH
IL00219,S0010,INV0005,SoftBank Vision Fund 2,,Series B,2026-01-01,,,lead,70.0,,,,SRC00167,HIGH
IL00220,S0010,INV0075,Khosla Ventures,,Series B,2026-01-01,,,lead,70.0,,,,SRC00167,HIGH
IL00221,S0010,INV0005,SoftBank Vision Fund 2,,Series B,2026-01-01,,,lead,70.0,,,,SRC00167,HIGH
IL00222,S0010,INV0076,Creaegis,,Series C,2026-07-15,,,lead,130.0,,,,SRC00167,HIGH
IL00223,S0010,INV0077,MNI Ventures-Claypond Capital,,Series C,2026-07-15,,,,130.0,,,,SRC00167,HIGH
IL00224,S0010,INV0078,Sentinel Global,,Series C,2026-07-15,,,,130.0,,,,SRC00167,HIGH
IL00225,S0010,INV0075,Khosla Ventures,,Series C,2026-07-15,,,,130.0,,,,SRC00167,HIGH
IL00226,S0010,INV0005,SoftBank Vision Fund 2,,Series C,2026-07-15,,,,130.0,,,,SRC00167,HIGH
IL00227,S0010,INV0046,Lightspeed,,Series C,2026-07-15,,,,130.0,,,,SRC00167,HIGH
IL00228,S0010,INV0038,Y Combinator,,Series C,2026-07-15,,,,130.0,,,,SRC00167,HIGH
IL00229,S0010,INV0076,Creaegis,,Series C,2026-07-15,,,lead,130.0,,,,SRC00167,HIGH
IL00230,S0010,INV0076,Creaegis,PE,,,,['Series C'],True,,,,,SRC00167,HIGH
IL00231,S0010,INV0075,Khosla Ventures,VC,,,,"['Series B', 'Series C']",True,,,,,SRC00167,HIGH
IL00232,S0010,INV0005,SoftBank Vision Fund 2,VC,,,,"['Series B', 'Series C']",True,,,,,SRC00167,HIGH
IL00233,S0010,INV0046,Lightspeed,VC,,,,"['Series A', 'Series C']",True,,,,,SRC00170,HIGH
IL00234,S0010,INV0038,Y Combinator,accelerator,,,,"['Seed', 'Series A', 'Series B', 'Series C']",,,,,,SRC00168,MEDIUM
IL00235,S0010,INV0079,Google AI Futures Fund,corporate,,,,['strategic Dec 2025 (undisclosed)'],,,,,,SRC00168,MEDIUM
IL00236,S0011,INV0081,Sequoia India (Peak XV),,Series A,2019-01-23,,,,6.2,,,,SRC00180,HIGH
IL00237,S0011,INV0038,Y Combinator,,Series A,2019-01-23,,,,6.2,,,,SRC00180,HIGH
IL00238,S0011,INV0082,Propel Venture Partners,,Series A,2019-01-23,,,,6.2,,,,SRC00180,HIGH
IL00239,S0011,INV0083,Kauffman Fellows,,Series A,2019-01-23,,,,6.2,,,,SRC00180,HIGH
IL00240,S0011,INV0080,Sequoia India,,Series A,2019-01-23,,,lead,6.2,,,,SRC00180,HIGH
IL00241,S0011,INV0084,Sequoia Capital India,,Series D,2021-04-07,,,,83.0,,,,SRC00179,HIGH
IL00242,S0011,INV0039,Ribbit Capital,,Series D,2021-04-07,,,,83.0,,,,SRC00179,HIGH
IL00243,S0011,INV0085,YC Continuity,,Series D,2021-04-07,,,,83.0,,,,SRC00179,HIGH
IL00244,S0011,INV0029,Tiger Global,,Series D,2021-04-07,,,lead,83.0,,,,SRC00179,HIGH
IL00245,S0011,INV0082,Propel Venture Partners,,Series D,2021-04-07,,,,83.0,,,,SRC00179,HIGH
IL00246,S0011,INV0029,Tiger Global,,Series D,2021-04-07,,,lead,83.0,,,,SRC00179,HIGH
IL00247,S0011,INV0086,Iconiq Growth,,Series E,2021-10-24,,,lead,251.0,,,,SRC00178,HIGH
IL00248,S0011,INV0084,Sequoia Capital India,,Series E,2021-10-24,,,,251.0,,,,SRC00178,HIGH
IL00249,S0011,INV0039,Ribbit Capital,,Series E,2021-10-24,,,,251.0,,,,SRC00178,HIGH
IL00250,S0011,INV0085,YC Continuity,,Series E,2021-10-24,,,,251.0,,,,SRC00178,HIGH
IL00251,S0011,INV0029,Tiger Global,,Series E,2021-10-24,,,,251.0,,,,SRC00178,HIGH
IL00252,S0011,INV0082,Propel Venture Partners,,Series E,2021-10-24,,,,251.0,,,,SRC00178,HIGH
IL00253,S0011,INV0087,Alkeon,,Series E,2021-10-24,,,,251.0,,,,SRC00178,HIGH
IL00254,S0011,INV0033,Lone Pine Capital,,Series E,2021-10-24,,,,251.0,,,,SRC00178,HIGH
IL00255,S0011,INV0088,Steadfast,,Series E,2021-10-24,,,,251.0,,,,SRC00178,HIGH
IL00256,S0011,INV0086,Iconiq Growth,,Series E,2021-10-24,,,lead,251.0,,,,SRC00178,HIGH
IL00257,S0011,INV0036,GIC,,Series F,2025-06-13,,,lead,202.3,,,,SRC00176,HIGH
IL00258,S0011,INV0089,Iconiq Capital,,Series F,2025-06-13,,,,202.3,,,,SRC00176,HIGH
IL00259,S0011,INV0036,GIC,,Series F,2025-06-13,,,lead,202.3,,,,SRC00176,HIGH
IL00260,S0011,INV0090,Peak XV Partners (fka Sequoia India),VC,,,2019,"['Series A', 'Series D', 'Series E']",True,,,,,SRC00203,HIGH
IL00261,S0011,INV0029,Tiger Global,VC,,,2021,['Series D'],True,,,,,SRC00179,HIGH
IL00262,S0011,INV0091,Iconiq Growth/Capital,Growth equity,,,2021,"['Series E', 'Series F']",True,,,,,SRC00178,HIGH
IL00263,S0011,INV0036,GIC,Sovereign wealth,,,2025,['Series F'],True,,,,,SRC00176,HIGH
IL00264,S0011,INV0039,Ribbit Capital,VC,,,2019,"['Series D', 'Series E']",False,,,,,SRC00178,MEDIUM
IL00265,S0011,INV0038,Y Combinator,Accelerator,,,2018,"['Seed', 'Series A', 'Series D', 'Series E']",False,,,,,SRC00180,MEDIUM
IL00266,S0012,INV0029,Tiger Global,,Series F,2021-04-08,,,lead,100.0,,,,SRC00230,HIGH
IL00267,S0012,INV0029,Tiger Global,,Series F,2021-04-08,,,lead,100.0,,,,SRC00230,HIGH
IL00268,S0012,INV0093,Fidelity,,Series F extension,2021-07-28,,,lead,240.0,,,,SRC00220,HIGH
IL00269,S0012,INV0029,Tiger Global,,Series F extension,2021-07-28,,,,240.0,,,,SRC00220,HIGH
IL00270,S0012,INV0094,Think Investments,,Series F extension,2021-07-28,,,,240.0,,,,SRC00220,HIGH
IL00271,S0012,INV0095,Malabar Investments,,Series F extension,2021-07-28,,,,240.0,,,,SRC00220,HIGH
IL00272,S0012,INV0096,Harbor Spring Capital,,Series F extension,2021-07-28,,,,240.0,,,,SRC00220,HIGH
IL00273,S0012,INV0097,Neuberger Berman,,Series F extension,2021-07-28,,,,240.0,,,,SRC00220,HIGH
IL00274,S0012,INV0098,White Oak,,Series F extension,2021-07-28,,,,240.0,,,,SRC00220,HIGH
IL00275,S0012,INV0099,Neeraj Arora,,Series F extension,2021-07-28,,,,240.0,,,,SRC00220,HIGH
IL00276,S0012,INV0093,Fidelity,,Series F extension,2021-07-28,,,lead,240.0,,,,SRC00220,HIGH
IL00277,S0012,INV0100,Globespan Capital Partners,,"Series F extension (equity+debt, unpriced)",2025-07-22,,,lead,60.0,,,,SRC00217,HIGH
IL00278,S0012,INV0101,EvolutionX Debt Capital,,"Series F extension (equity+debt, unpriced)",2025-07-22,,,,60.0,,,,SRC00217,HIGH
IL00279,S0012,INV0100,Globespan Capital Partners,,"Series F extension (equity+debt, unpriced)",2025-07-22,,,lead,60.0,,,,SRC00217,HIGH
IL00280,S0012,INV0029,Tiger Global,VC,,,2021,['Series F'],True,,,,,SRC00230,HIGH
IL00281,S0012,INV0102,Fidelity Investments,Mutual fund / crossover,,,2021,['Series F extension'],True,,,,,SRC00220,HIGH
IL00282,S0012,INV0094,Think Investments,VC,,,2021,['Series F extension'],False,,,,,SRC00220,MEDIUM
IL00283,S0012,INV0095,Malabar Investments,VC,,,2021,['Series F extension'],False,,,,,SRC00220,MEDIUM
IL00284,S0012,INV0100,Globespan Capital Partners,VC,,,2025,['2025 extension'],True,,,,,SRC00217,HIGH
IL00285,S0012,INV0101,EvolutionX Debt Capital,Debt,,,2025,['2025 extension'],False,,,,,SRC00217,HIGH
IL00286,S0013,INV0104,Matrix Partners India (Z47),,Debt,2023-10,,,,24.0,,,,SRC00242,MEDIUM
IL00287,S0013,INV0053,Matrix Partners India,,Debt,2023-10,,,lead,24.0,,,,SRC00242,MEDIUM
IL00288,S0013,INV0104,Matrix Partners India (Z47),,Series B (first equity round),2024-01-26,,,,50.0,,,,SRC00239,HIGH
IL00289,S0013,INV0105,others,,Series B (first equity round),2024-01-26,,,,50.0,,,,SRC00239,HIGH
IL00290,S0013,INV0053,Matrix Partners India,,Series B (first equity round),2024-01-26,,,lead,50.0,,,,SRC00239,HIGH
IL00291,S0013,INV0106,Bhavish Aggarwal family office,,Founder commitment,2025-02-04,,,,230.0,,,,SRC00240,HIGH
IL00292,S0013,INV0106,Bhavish Aggarwal (family office),,Founder commitment,2025-02-04,,,lead,230.0,,,,SRC00240,HIGH
IL00293,S0013,INV0108,Avendus,,Debt (share pledge),2025-03-06,,,,,,,,SRC00254,HIGH
IL00294,S0013,INV0109,InCred,,Debt (share pledge),2025-03-06,,,,,,,,SRC00254,HIGH
IL00295,S0013,INV0110,India Credit Opportunities,,Debt (share pledge),2025-03-06,,,,,,,,SRC00254,HIGH
IL00296,S0013,INV0107,"Axis Trustee Services (on behalf of Avendus, InCred, India Credit Opportunities)",,Debt (share pledge),2025-03-06,,,lead,,,,,SRC00254,HIGH
IL00297,S0013,INV0104,Matrix Partners India / Z47,VC,,,2023,"['Debt 2023', 'Series B Jan 2024']",True,,,,,SRC00239,HIGH
IL00298,S0014,INV0046,Lightspeed,,Seed (disclosed within $41M announcement),2023-12-07,,,lead,12.0,,,,SRC00273,HIGH
IL00299,S0014,INV0037,Peak XV Partners,,Seed (disclosed within $41M announcement),2023-12-07,,,lead,12.0,,,,SRC00273,HIGH
IL00300,S0014,INV0046,Lightspeed,,Seed (disclosed within $41M announcement),2023-12-07,,,lead,12.0,,,,SRC00273,HIGH
IL00301,S0014,INV0037,Peak XV Partners,,Seed (disclosed within $41M announcement),2023-12-07,,,lead,12.0,,,,SRC00273,HIGH
IL00302,S0014,INV0046,Lightspeed,,Series A ($41M total incl. seed),2023-12-07,,,lead,29.0,,,,SRC00264,HIGH
IL00303,S0014,INV0037,Peak XV Partners,,Series A ($41M total incl. seed),2023-12-07,,,,29.0,,,,SRC00264,HIGH
IL00304,S0014,INV0075,Khosla Ventures,,Series A ($41M total incl. seed),2023-12-07,,,,29.0,,,,SRC00264,HIGH
IL00305,S0014,INV0046,Lightspeed,,Series A ($41M total incl. seed),2023-12-07,,,lead,29.0,,,,SRC00264,HIGH
IL00306,S0014,INV0111,HCLTech,,Series B first close (of $300M),2026-06-15,,,lead,234.0,,,,SRC00262,HIGH
IL00307,S0014,INV0112,Bessemer Venture Partners,,Series B first close (of $300M),2026-06-15,,,,234.0,,,,SRC00262,HIGH
IL00308,S0014,INV0075,Khosla Ventures,,Series B first close (of $300M),2026-06-15,,,,234.0,,,,SRC00262,HIGH
IL00309,S0014,INV0037,Peak XV Partners,,Series B first close (of $300M),2026-06-15,,,,234.0,,,,SRC00262,HIGH
IL00310,S0014,INV0113,Activate,,Series B first close (of $300M),2026-06-15,,,,234.0,,,,SRC00262,HIGH
IL00311,S0014,INV0111,HCLTech,,Series B first close (of $300M),2026-06-15,,,lead,234.0,,,,SRC00262,HIGH
IL00312,S0014,INV0114,Nvidia,,Series B second tranche,2026-08-04,,,lead,75.0,,,,SRC00265,MEDIUM
IL00313,S0014,INV0115,Gaja Capital,,Series B second tranche,2026-08-04,,,,75.0,,,,SRC00265,MEDIUM
IL00314,S0014,INV0116,IndiGo Ventures,,Series B second tranche,2026-08-04,,,,75.0,,,,SRC00265,MEDIUM
IL00315,S0014,INV0117,Glade Brook Capital,,Series B second tranche,2026-08-04,,,,75.0,,,,SRC00265,MEDIUM
IL00316,S0014,INV0114,Nvidia,,Series B second tranche,2026-08-04,,,lead,75.0,,,,SRC00265,MEDIUM
IL00317,S0014,INV0118,Lightspeed Venture Partners,VC,,,2023,"['Seed', 'Series A']",True,,,,,SRC00264,HIGH
IL00318,S0014,INV0037,Peak XV Partners,VC,,,2023,"['Seed', 'Series A', 'Series B']",False,,,,,SRC00264,HIGH
IL00319,S0014,INV0075,Khosla Ventures,VC,,,2023,"['Series A', 'Series B']",False,,,,,SRC00264,HIGH
IL00320,S0014,INV0111,HCLTech,Strategic corporate,,,2026,['Series B'],True,,,,,SRC00262,HIGH
IL00321,S0014,INV0112,Bessemer Venture Partners,VC,,,2026,['Series B'],False,,,,,SRC00262,HIGH
IL00322,S0014,INV0114,Nvidia,Strategic corporate,,,2026,['Series B tranche 2'],True,,,,,SRC00265,MEDIUM
IL00323,S0015,INV0029,Tiger Global,,Series B,2021-11-28,,,lead,220.0,,,,SRC00282,HIGH
IL00324,S0015,INV0119,Insight Partners,,Series B,2021-11-28,,,lead,220.0,,,,SRC00282,HIGH
IL00325,S0015,INV0029,Tiger Global,,Series B,2021-11-28,,,lead,220.0,,,,SRC00282,HIGH
IL00326,S0015,INV0119,Insight Partners,,Series B,2021-11-28,,,lead,220.0,,,,SRC00282,HIGH
IL00327,S0015,INV0120,Rajan Bajaj,,Insider equity (partly paid shares),2024-10-17,,,lead,8.53,,,,SRC00279,HIGH
IL00328,S0015,INV0120,Rajan Bajaj,,Insider equity (partly paid shares),2024-10-17,,,lead,8.53,,,,SRC00279,HIGH
IL00329,S0015,INV0003,Accel,,Later-stage (negotiations),2026-04-23,,,lead,100.0,,,,SRC00276,MEDIUM
IL00330,S0015,INV0121,Elevation Capital,,Later-stage (negotiations),2026-04-23,,,lead,100.0,,,,SRC00276,MEDIUM
IL00331,S0015,INV0037,Peak XV Partners,,Later-stage (negotiations),2026-04-23,,,lead,100.0,,,,SRC00276,MEDIUM
IL00332,S0015,INV0003,Accel,,Later-stage (negotiations),2026-04-23,,,lead,100.0,,,,SRC00276,MEDIUM
IL00333,S0015,INV0121,Elevation Capital,,Later-stage (negotiations),2026-04-23,,,lead,100.0,,,,SRC00276,MEDIUM
IL00334,S0015,INV0037,Peak XV Partners,,Later-stage (negotiations),2026-04-23,,,lead,100.0,,,,SRC00276,MEDIUM
IL00335,S0015,INV0122,Neo Wealth,,Later-stage,2026-09-03,,,lead,100.0,,,,SRC00278,MEDIUM
IL00336,S0015,INV0123,Kado Global,,Later-stage,2026-09-03,,,,100.0,,,,SRC00278,MEDIUM
IL00337,S0015,INV0124,Moore Strategic Ventures,,Later-stage,2026-09-03,,,,100.0,,,,SRC00278,MEDIUM
IL00338,S0015,INV0122,Neo Wealth,,Later-stage,2026-09-03,,,lead,100.0,,,,SRC00278,MEDIUM
IL00339,S0015,INV0029,Tiger Global,VC,,,2021,['Series B 2021'],True,,,,,SRC00277,HIGH
IL00340,S0015,INV0119,Insight Partners,VC,,,2021,['Series B 2021'],True,,,,,SRC00277,HIGH
IL00341,S0015,INV0125,Blume Ventures,VC,,,2021,['early + CCD 2024'],,,,,,SRC00277,MEDIUM
IL00342,S0015,INV0122,Neo Wealth,wealth platform,,,,['Sep 2026 $100M'],True,,,,,SRC00278,MEDIUM
IL00343,S0016,INV0126,Temasek and others,,Equity,2021-08,,,,185.0,,,,SRC00292,MEDIUM
IL00344,S0016,INV0127,Temasek,,Equity,2024-10,,,,60.0,,,,SRC00292,MEDIUM
IL00345,S0016,INV0127,Temasek,Sovereign wealth,,,2024-10,['2024 equity'],True,,,,,SRC00292,MEDIUM
IL00346,S0017,INV0003,Accel,,Series A,2018-01,,,lead,50.0,,,,SRC00347,HIGH
IL00347,S0017,INV0128,angels incl. Bessemer/Steve Blank per CB Insights,,Series A,2018-01,,,,50.0,,,,SRC00347,HIGH
IL00348,S0017,INV0003,Accel,,Series A,2018-01,,,lead,50.0,,,,SRC00347,HIGH
IL00349,S0017,INV0129,BOND,,Series B,2021-06-16,,,lead,200.0,,,,SRC00332,HIGH
IL00350,S0017,INV0119,Insight Partners,,Series B,2021-06-16,,,,200.0,,,,SRC00332,HIGH
IL00351,S0017,INV0003,Accel,,Series B,2021-06-16,,,,200.0,,,,SRC00332,HIGH
IL00352,S0017,INV0129,BOND,,Series B,2021-06-16,,,lead,200.0,,,,SRC00332,HIGH
IL00353,S0017,INV0003,Accel,VC,,,2018-01,"['Series A', 'Series B']",True,,,,,SRC00332,HIGH
IL00354,S0017,INV0129,BOND,VC,,,2021-06,['Series B'],True,,,,,SRC00332,HIGH
IL00355,S0017,INV0119,Insight Partners,PE/VC,,,2021-06,['Series B'],False,,,,,SRC00332,HIGH
IL00356,S0018,INV0009,Hornbill Capital,,Series B,October 2025,,,lead,120.0,,,,SRC00352,HIGH
IL00357,S0018,INV0015,MUFG,,Series B,October 2025,,,lead,120.0,,,,SRC00352,HIGH
IL00358,S0018,INV0130,BEENEXT,,Series B,October 2025,,,,120.0,,,,SRC00352,HIGH
IL00359,S0018,INV0131,Ramesh Damani,,Series B,October 2025,,,,120.0,,,,SRC00352,HIGH
IL00360,S0018,INV0132,DSP Family Office,,Series B,October 2025,,,,120.0,,,,SRC00352,HIGH
IL00361,S0018,INV0133,JM Financial Family Office,,Series B,October 2025,,,,120.0,,,,SRC00352,HIGH
IL00362,S0018,INV0134,Aashish Somaiyaa,,Series B,October 2025,,,,120.0,,,,SRC00352,HIGH
IL00363,S0018,INV0009,Hornbill Capital,,Series B,October 2025,,,lead,120.0,,,,SRC00352,HIGH
IL00364,S0018,INV0015,MUFG,,Series B,October 2025,,,lead,120.0,,,,SRC00352,HIGH
IL00365,S0018,INV0130,BEENEXT,,Series A,January 2022,,,lead,22.0,,,,SRC00354,HIGH
IL00366,S0018,INV0135,Mirae Asset Venture Investments,,Series A,January 2022,,,lead,22.0,,,,SRC00354,HIGH
IL00367,S0018,INV0130,BEENEXT,,Series A,January 2022,,,lead,22.0,,,,SRC00354,HIGH
IL00368,S0018,INV0135,Mirae Asset Venture Investments,,Series A,January 2022,,,lead,22.0,,,,SRC00354,HIGH
IL00369,S0018,INV0135,Mirae Asset Venture Investments,,Seed,2021-02,,,lead,,,,,SRC00354,MEDIUM
IL00370,S0018,INV0136,Kunal Shah,,Seed,2021-02,,,,,,,,SRC00354,MEDIUM
IL00371,S0018,INV0137,Kalyan Krishnamurthy,,Seed,2021-02,,,,,,,,SRC00354,MEDIUM
IL00372,S0018,INV0138,Sameer Nigam,,Seed,2021-02,,,,,,,,SRC00354,MEDIUM
IL00373,S0018,INV0139,Amrish Rau,,Seed,2021-02,,,,,,,,SRC00354,MEDIUM
IL00374,S0018,INV0140,Pravin Jadhav,,Seed,2021-02,,,,,,,,SRC00354,MEDIUM
IL00375,S0018,INV0135,Mirae Asset Venture Investments,,Seed,2021-02,,,lead,,,,,SRC00354,MEDIUM
IL00376,S0018,INV0130,BEENEXT,VC,,,2022,"['Series A', 'Series B (participation)']",True,,,,,,HIGH
IL00377,S0018,INV0009,Hornbill Capital,VC/growth,,,2025,['Series B'],True,,,,,,HIGH
IL00378,S0018,INV0015,MUFG,corporate/strategic,,,2025,['Series B'],True,,,,,,HIGH
IL00379,S0018,INV0135,Mirae Asset Venture Investments,VC,,,2022,['Series A'],True,,,,,,MEDIUM
IL00380,S0019,INV0141,Ranjan Pai (MEMG),family office/strategic,,,2024 (rights issue),['2024 rights issue'],False,,,,,,HIGH
IL00381,S0019,INV0142,Prosus,corporate VC,,,,,False,,,,,,HIGH
IL00382,S0019,INV0127,Temasek,sovereign,,,,,False,,,,,,HIGH
IL00383,S0019,INV0020,TPG,PE,,,,,False,,,,,,MEDIUM
IL00384,S0019,INV0143,B Capital,VC,,,,,False,,,,,,MEDIUM
IL00385,S0020,INV0027,General Atlantic,,Series B,2025-10-31,,,lead,125.0,,,,SRC00407,HIGH
IL00386,S0020,INV0144,Prudent Investment Managers,,Series B,2025-10-31,,,,125.0,,,,SRC00407,HIGH
IL00387,S0020,INV0145,Kae Capital,,Series B,2025-10-31,,,,125.0,,,,SRC00407,HIGH
IL00388,S0020,INV0146,Elev8 Venture Partners,,Series B,2025-10-31,,,,125.0,,,,SRC00407,HIGH
IL00389,S0020,INV0147,existing angel investors,,Series B,2025-10-31,,,,125.0,,,,SRC00407,HIGH
IL00390,S0020,INV0027,General Atlantic,,Series B,2025-10-31,,,lead,125.0,,,,SRC00407,HIGH
IL00391,S0020,INV0148,Prudent Investment Managers (Prashasta Seth),,debt+equity (unlettered),2024-12-12,,,,18.0,,,,SRC00409,MEDIUM
IL00392,S0020,INV0144,Prudent Investment Managers,,debt+equity (unlettered),2024-12-12,,,lead,18.0,,,,SRC00409,MEDIUM
IL00393,S0020,INV0027,General Atlantic,growth equity/PE,,,2025,['Series B'],True,,,,,,HIGH
IL00394,S0020,INV0144,Prudent Investment Managers,investment manager,,,2024,"['2024 debt+equity', 'Series B (participation)']",True,,,,,,MEDIUM
IL00395,S0020,INV0145,Kae Capital,VC,,,2025,['Series B'],False,,,,,,MEDIUM
IL00396,S0020,INV0146,Elev8 Venture Partners,VC,,,2025,['Series B'],False,,,,,,MEDIUM
IL00397,S0021,INV0029,Tiger Global,,Series C (extension tranche; part of ~$200M round context),November 2021,,,lead,25.0,,,,SRC00429,HIGH
IL00398,S0021,INV0029,Tiger Global,,Series B,2019-09-24,,,lead,25.0,,,,SRC00428,HIGH
IL00399,S0021,INV0029,Tiger Global,growth/hedge-crossover,,,2019,"['Series B', 'Series C']",True,,,,,,HIGH
IL00400,S0021,INV0152,Ratan Tata,angel,,,2016,['2016 angel (1.33% stake per company release)'],False,,,,,,HIGH
IL00401,S0022,INV0153,M&G,,Series G,2025-02-17,,,lead,75.0,,,,SRC00443,HIGH
IL00402,S0022,INV0118,Lightspeed Venture Partners,,Series G,2025-02-17,,,,75.0,,,,SRC00443,HIGH
IL00403,S0022,INV0153,M&G,,Series G,2025-02-17,,,lead,75.0,,,,SRC00443,HIGH
IL00404,S0022,INV0153,M&G,,Series G,2025-06-02,,,lead,114.0,,,,SRC00444,HIGH
IL00405,S0022,INV0118,Lightspeed Venture Partners,,Series G,2025-06-02,,,lead,114.0,,,,SRC00444,HIGH
IL00406,S0022,INV0153,M&G,,Series G,2025-06-02,,,lead,114.0,,,,SRC00444,HIGH
IL00407,S0022,INV0118,Lightspeed Venture Partners,,Series G,2025-06-02,,,lead,114.0,,,,SRC00444,HIGH
IL00408,S0022,INV0118,Lightspeed Venture Partners,,Series H / structured,2026-07-14,,,lead,160.0,,,,SRC00445,HIGH
IL00409,S0022,INV0154,M&G Investments,,Series H / structured,2026-07-14,,,lead,160.0,,,,SRC00445,HIGH
IL00410,S0022,INV0155,new investor,,Series H / structured,2026-07-14,,,,160.0,,,,SRC00445,HIGH
IL00411,S0022,INV0156,BlackRock (private credit ~$45M reported),,Series H / structured,2026-07-14,,,,160.0,,,,SRC00445,HIGH
IL00412,S0022,INV0118,Lightspeed Venture Partners,,Series H / structured,2026-07-14,,,lead,160.0,,,,SRC00445,HIGH
IL00413,S0022,INV0154,M&G Investments,,Series H / structured,2026-07-14,,,lead,160.0,,,,SRC00445,HIGH
IL00414,S0022,INV0118,Lightspeed Venture Partners,VC,,,2016,"['Series A 2016', 'Series G', 'Series H']",True,,,,,SRC00443,HIGH
IL00415,S0022,INV0154,M&G Investments,institutional,,,2023,"['Series E 2023', 'Series G', 'Series H']",True,,,,,SRC00443,HIGH
IL00416,S0022,INV0157,DST Global,VC,,,,['Series C/D'],,,,,,SRC00453,MEDIUM
IL00417,S0022,INV0158,Tencent,corporate,,,,['Series D'],,,,,,SRC00453,MEDIUM
IL00418,S0023,INV0027,General Atlantic,,Series D,2021-10-28,,,lead,255.0,,,,SRC00457,HIGH
IL00419,S0023,INV0159,Multiples Private Equity,,Series D,2021-10-28,,,lead,255.0,,,,SRC00457,HIGH
IL00420,S0023,INV0160,CPP Investments,,Series D,2021-10-28,,,,255.0,,,,SRC00457,HIGH
IL00421,S0023,INV0046,Lightspeed,,Series D,2021-10-28,,,,255.0,,,,SRC00457,HIGH
IL00422,S0023,INV0006,existing investors,,Series D,2021-10-28,,,,255.0,,,,SRC00457,HIGH
IL00423,S0023,INV0027,General Atlantic,,Series D,2021-10-28,,,lead,255.0,,,,SRC00457,HIGH
IL00424,S0023,INV0159,Multiples Private Equity,,Series D,2021-10-28,,,lead,255.0,,,,SRC00457,HIGH
IL00425,S0023,INV0161,Intact Ventures,,Series D,2020-09-14,,,lead,60.0,,,,SRC00460,MEDIUM
IL00426,S0023,INV0161,Intact Ventures,,Series D,2020-09-14,,,lead,60.0,,,,SRC00460,MEDIUM
IL00427,S0023,INV0121,Elevation Capital,,Series C,2019-03-12,,,lead,65.0,,,,SRC00460,MEDIUM
IL00428,S0023,INV0105,others,,Series C,2019-03-12,,,,65.0,,,,SRC00460,MEDIUM
IL00429,S0023,INV0121,Elevation Capital,,Series C,2019-03-12,,,lead,65.0,,,,SRC00460,MEDIUM
IL00430,S0023,INV0162,Amazon,,Series B,2018-05-26,,,lead,12.0,,,,SRC00460,MEDIUM
IL00431,S0023,INV0163,Catamaran,,Series B,2018-05-26,,,,12.0,,,,SRC00460,MEDIUM
IL00432,S0023,INV0105,others,,Series B,2018-05-26,,,,12.0,,,,SRC00460,MEDIUM
IL00433,S0023,INV0162,Amazon,,Series B,2018-05-26,,,lead,12.0,,,,SRC00460,MEDIUM
IL00434,S0023,INV0121,Elevation Capital,,Seed,2017-05-22,,,lead,30.0,,,,SRC00460,MEDIUM
IL00435,S0023,INV0003,Accel,,Seed,2017-05-22,,,,30.0,,,,SRC00460,MEDIUM
IL00436,S0023,INV0105,others,,Seed,2017-05-22,,,,30.0,,,,SRC00460,MEDIUM
IL00437,S0023,INV0121,Elevation Capital,,Seed,2017-05-22,,,lead,30.0,,,,SRC00460,MEDIUM
IL00438,S0023,INV0027,General Atlantic,,Private Equity,2023-06-06,,,lead,,,,,SRC00460,LOW
IL00439,S0023,INV0027,General Atlantic,,Private Equity,2023-06-06,,,lead,,,,,SRC00460,LOW
IL00440,S0023,INV0027,General Atlantic,PE,,,2021-10,['Series D 2021'],True,,,,,SRC00457,HIGH
IL00441,S0023,INV0159,Multiples Private Equity,PE,,,2021-10,['Series D 2021'],True,,,,,SRC00457,HIGH
IL00442,S0023,INV0160,CPP Investments,pension,,,2021-10,['Series D 2021'],False,,,,,SRC00457,MEDIUM
IL00443,S0023,INV0003,Accel,VC,,,2017,"['Seed', 'Series C']",False,,,,,SRC00460,MEDIUM
IL00444,S0023,INV0162,Amazon,corporate,,,2018,['Series B'],False,,,,,SRC00460,MEDIUM
IL00445,S0023,INV0164,Elevation Capital (ex-SAIF),VC,,,2017,"['Seed', 'Series C']",False,,,,,SRC00460,MEDIUM
IL00446,S0023,INV0118,Lightspeed Venture Partners,VC,,,2021-10,['Series D 2021'],False,,,,,SRC00457,MEDIUM
IL00447,S0024,INV0084,Sequoia Capital India,,Series A,2021-01-13,,,,15.0,,,,SRC00483,HIGH
IL00448,S0024,INV0039,Ribbit Capital,,Series A,2021-01-13,,,lead,15.0,,,,SRC00483,HIGH
IL00449,S0024,INV0167,Paradigm,,Series A,2021-01-13,,,lead,15.0,,,,SRC00483,HIGH
IL00450,S0024,INV0136,Kunal Shah,,Series A,2021-01-13,,,,15.0,,,,SRC00483,HIGH
IL00451,S0024,INV0039,Ribbit Capital,,Series A,2021-01-13,,,lead,15.0,,,,SRC00483,HIGH
IL00452,S0024,INV0167,Paradigm,,Series A,2021-01-13,,,lead,15.0,,,,SRC00483,HIGH
IL00453,S0024,INV0029,Tiger Global,,Series B,2021-04-22,,,lead,25.0,,,,SRC00473,HIGH
IL00454,S0024,INV0029,Tiger Global,,Series B,2021-04-22,,,lead,25.0,,,,SRC00473,HIGH
IL00455,S0024,INV0168,Andreessen Horowitz (a16z),,Series C,2021-10-06,,,lead,260.0,,,,SRC00472,HIGH
IL00456,S0024,INV0169,Coinbase Ventures,,Series C,2021-10-06,,,lead,260.0,,,,SRC00472,HIGH
IL00457,S0024,INV0167,Paradigm,,Series C,2021-10-06,,,,260.0,,,,SRC00472,HIGH
IL00458,S0024,INV0039,Ribbit Capital,,Series C,2021-10-06,,,,260.0,,,,SRC00472,HIGH
IL00459,S0024,INV0084,Sequoia Capital India,,Series C,2021-10-06,,,,260.0,,,,SRC00472,HIGH
IL00460,S0024,INV0029,Tiger Global,,Series C,2021-10-06,,,,260.0,,,,SRC00472,HIGH
IL00461,S0024,INV0168,Andreessen Horowitz (a16z),,Series C,2021-10-06,,,lead,260.0,,,,SRC00472,HIGH
IL00462,S0024,INV0169,Coinbase Ventures,,Series C,2021-10-06,,,lead,260.0,,,,SRC00472,HIGH
IL00463,S0024,INV0168,Andreessen Horowitz (a16z),VC,,,2021,['Series C 2021'],True,,,,,SRC00472,HIGH
IL00464,S0024,INV0169,Coinbase Ventures,CVC,,,2021,['Series C 2021'],True,,,,,SRC00472,HIGH
IL00465,S0024,INV0029,Tiger Global,VC,,,2021,"['Series B', 'Series C']",True,,,,,SRC00473,HIGH
IL00466,S0024,INV0040,Peak XV Partners (Sequoia India),VC,,,2021,"['Series A', 'Series C']",,,,,,SRC00472,HIGH
IL00467,S0024,INV0167,Paradigm,VC,,,2021,"['Series A', 'Series C']",,,,,,SRC00472,MEDIUM
IL00468,S0024,INV0039,Ribbit Capital,VC,,,2021,"['Series A', 'Series C']",,,,,,SRC00472,MEDIUM
IL00469,S0025,INV0003,Accel,,Series A,2016-07-04,,,lead,15.0,,,,SRC00506,MEDIUM
IL00470,S0025,INV0172,Kalaari,,Series A,2016-07-04,,,,15.0,,,,SRC00506,MEDIUM
IL00471,S0025,INV0173,Chiratae,,Series A,2016-07-04,,,,15.0,,,,SRC00506,MEDIUM
IL00472,S0025,INV0105,others,,Series A,2016-07-04,,,,15.0,,,,SRC00506,MEDIUM
IL00473,S0025,INV0003,Accel,,Series A,2016-07-04,,,lead,15.0,,,,SRC00506,MEDIUM
IL00474,S0025,INV0170,Kalaari Capital,,Series A,2016-07-04,,,lead,15.0,,,,SRC00506,MEDIUM
IL00475,S0025,INV0171,Chiratae Ventures,,Series A,2016-07-04,,,lead,15.0,,,,SRC00506,MEDIUM
IL00476,S0025,INV0174,Tata Digital,,Series E,2021-06-07,,,lead,75.0,,,,SRC00492,HIGH
IL00477,S0025,INV0175,Sixth Sense,,Series E,2021-06-07,,,,75.0,,,,SRC00492,HIGH
IL00478,S0025,INV0174,Tata Digital,,Series E,2021-06-07,,,lead,75.0,,,,SRC00492,HIGH
IL00479,S0025,INV0177,Zomato ($100M),,Series F,2021-12-03,,,,145.0,,,,SRC00491,HIGH
IL00480,S0025,INV0127,Temasek,,Series F,2021-12-03,,,,145.0,,,,SRC00491,HIGH
IL00481,S0025,INV0003,Accel,,Series F,2021-12-03,,,,145.0,,,,SRC00491,HIGH
IL00482,S0025,INV0178,South Park Commons,,Series F,2021-12-03,,,,145.0,,,,SRC00491,HIGH
IL00483,S0025,INV0179,Mukesh Bansal ($5M),,Series F,2021-12-03,,,,145.0,,,,SRC00491,HIGH
IL00484,S0025,INV0176,Zomato,,Series F,2021-12-03,,,lead,145.0,,,,SRC00491,HIGH
IL00485,S0025,INV0127,Temasek,,Series G,2026-03-17,,,lead,47.6,,,,SRC00507,MEDIUM
IL00486,S0025,INV0127,Temasek,,Series G,2026-03-17,,,lead,47.6,,,,SRC00507,MEDIUM
IL00487,S0025,INV0003,Accel,VC,,,2016,"['Series A 2016', 'Series D', 'Series F']",,,,,,SRC00491,HIGH
IL00488,S0025,INV0127,Temasek,sovereign,,,2020,"['Series D', 'Series F', 'Series G 2026']",True,,,,,SRC00507,HIGH
IL00489,S0025,INV0180,Zomato (Eternal),corporate,,,2021,['Series F 2021'],True,,,,,SRC00491,HIGH
IL00490,S0025,INV0174,Tata Digital,corporate,,,2021,['Series E 2021'],True,,,,,SRC00492,HIGH
IL00491,S0025,INV0170,Kalaari Capital,VC,,,2016,"['Series A', 'Series D']",,,,,,SRC00506,MEDIUM
IL00492,S0025,INV0171,Chiratae Ventures,VC,,,2016,"['Series A', 'Series D']",,,,,,SRC00506,MEDIUM
IL00493,S0026,INV0075,Khosla Ventures,,Series A,2021-05-24,,,lead,14.0,,,,SRC00516,HIGH
IL00494,S0026,INV0187,early employees (liquidity),,Tender / Secondary,2025-06-12,,,,,,,,SRC00514,HIGH
IL00495,S0026,INV0075,Khosla Ventures,VC,,,2021,['Series A'],True,,,,,SRC00516,HIGH
IL00496,S0026,INV0188,Canaan Partners,VC,,,2019,"['Seed', 'Series A']",False,,,,,SRC00516,HIGH
IL00497,S0027,INV0197,STRIVE,,Seed,2017-08-02,,,,1.6,,,,SRC00533,MEDIUM
IL00498,S0027,INV0198,ATI Investments,,Seed,2017-08-02,,,,1.6,,,,SRC00533,MEDIUM
IL00499,S0027,INV0048,Nexus Venture Partners,,Seed,2017-08-02,,,lead,1.6,,,,SRC00533,MEDIUM
IL00500,S0027,INV0199,Nexus,,Series A,2020-02-26,,,,9.9,,,,SRC00533,HIGH
IL00501,S0027,INV0200,Vertex,,Series A,2020-02-26,,,,9.9,,,,SRC00533,HIGH
IL00502,S0027,INV0197,STRIVE,,Series A,2020-02-26,,,,9.9,,,,SRC00533,HIGH
IL00503,S0027,INV0201,SAP.iO,,Series A,2020-02-26,,,,9.9,,,,SRC00533,HIGH
IL00504,S0027,INV0202,angels,,Series A,2020-02-26,,,,9.9,,,,SRC00533,HIGH
IL00505,S0027,INV0199,Nexus,,Series B,2020-09-08,,,,25.0,,,,SRC00532,HIGH
IL00506,S0027,INV0200,Vertex,,Series B,2020-09-08,,,,25.0,,,,SRC00532,HIGH
IL00507,S0027,INV0197,STRIVE,,Series B,2020-09-08,,,,25.0,,,,SRC00532,HIGH
IL00508,S0027,INV0201,SAP.iO,,Series B,2020-09-08,,,,25.0,,,,SRC00532,HIGH
IL00509,S0027,INV0118,Lightspeed Venture Partners,,Series B,2020-09-08,,,lead,25.0,,,,SRC00532,HIGH
IL00510,S0027,INV0048,Nexus Venture Partners,,Series C,2022-02-22,,,,100.0,,,,SRC00531,HIGH
IL00511,S0027,INV0118,Lightspeed Venture Partners,,Series C,2022-02-22,,,,100.0,,,,SRC00531,HIGH
IL00512,S0027,INV0204,Vertex Ventures,,Series C,2022-02-22,,,,100.0,,,,SRC00531,HIGH
IL00513,S0027,INV0203,Greenoaks,,Series C,2022-02-22,,,lead,100.0,,,,SRC00531,HIGH
IL00514,S0027,INV0048,Nexus Venture Partners,VC,,,2017,"['Seed', 'Series A', 'Series B', 'Series C']",True,,,,,SRC00531,HIGH
IL00515,S0027,INV0203,Greenoaks,VC,,,2022,['Series C'],True,,,,,SRC00532,HIGH
IL00516,S0027,INV0118,Lightspeed Venture Partners,VC,,,2020,"['Series B', 'Series C']",True,,,,,SRC00532,HIGH
IL00517,S0027,INV0204,Vertex Ventures,VC,,,2019,"['Series A', 'Series B', 'Series C']",False,,,,,SRC00531,HIGH
IL00518,S0028,INV0206,Ignition,,Series E,2019-07-17,,,,115.0,,,,SRC00547,HIGH
IL00519,S0028,INV0205,Greycroft,,Series E,2019-07-17,,,lead,115.0,,,,SRC00547,HIGH
IL00520,S0028,INV0207,Eight Roads,,Series E,2019-07-17,,,,115.0,,,,SRC00547,HIGH
IL00521,S0028,INV0143,B Capital,,Series E,2019-07-17,,,,115.0,,,,SRC00547,HIGH
IL00522,S0028,INV0013,PremjiInvest,,Series E,2019-07-17,,,lead,115.0,,,,SRC00547,HIGH
IL00523,S0028,INV0205,Greycroft,,Series E,2019-07-17,,,lead,115.0,,,,SRC00547,HIGH
IL00524,S0028,INV0143,B Capital,,Series F,2021-03-11,,,,80.0,,,,SRC00553,HIGH
IL00525,S0028,INV0013,Premji Invest,,Series F,2021-03-11,,,,80.0,,,,SRC00553,HIGH
IL00526,S0028,INV0209,e.ventures,,Series F,2021-03-11,,,,80.0,,,,SRC00553,HIGH
IL00527,S0028,INV0210,PSP,,Series F,2021-03-11,,,,80.0,,,,SRC00553,HIGH
IL00528,S0028,INV0205,Greycroft,,Series F,2021-03-11,,,,80.0,,,,SRC00553,HIGH
IL00529,S0028,INV0208,Meritech,,Series F,2021-03-11,,,lead,80.0,,,,SRC00553,HIGH
IL00530,S0028,INV0211,undisclosed (5 per SEC filing),,Series F/G (label conflicts),2025-03-19,,,,50.0,,,,SRC00547,HIGH
IL00531,S0028,INV0013,PremjiInvest,PE/VC,,,2019,['Series E'],True,,,,,SRC00547,HIGH
IL00532,S0028,INV0205,Greycroft,VC,,,2015,['Series A-G'],False,,,,,SRC00554,HIGH
IL00533,S0028,INV0212,SoftBank Vision Fund II (secondary),VC,,,2021,['Secondary'],False,,,,,SRC00549,MEDIUM
IL00534,S0028,INV0213,SAP (strategic minority),Corporate,,,2022,['Corporate Minority'],False,,,,,SRC00549,MEDIUM
IL00535,S0029,INV0215,Jyoti Bansal,,Series A,2019-05-17,,,,3.0,,,,SRC00561,MEDIUM
IL00536,S0029,INV0216,JI Company,,Series A,2019-05-17,,,,3.0,,,,SRC00561,MEDIUM
IL00537,S0029,INV0214,Stakeboat Capital,,Series A,2019-05-17,,,lead,3.0,,,,SRC00561,MEDIUM
IL00538,S0029,INV0217,Stakeboat,,Series B,2020-12-14,,,,32.6,,,,SRC00576,HIGH
IL00539,S0029,INV0215,Jyoti Bansal,,Series B,2020-12-14,,,,32.6,,,,SRC00576,HIGH
IL00540,S0029,INV0216,JI Company,,Series B,2020-12-14,,,,32.6,,,,SRC00576,HIGH
IL00541,S0029,INV0115,Gaja Capital,,Series B,2020-12-14,,,lead,32.6,,,,SRC00576,HIGH
IL00542,S0029,INV0115,Gaja Capital,,Series B extension,2021-08-05,,,,12.5,,,,SRC00576,MEDIUM
IL00543,S0029,INV0218,IFC,,Series B extension,2021-08-05,,,,12.5,,,,SRC00576,MEDIUM
IL00544,S0029,INV0217,Stakeboat,,Series B extension,2021-08-05,,,,12.5,,,,SRC00576,MEDIUM
IL00545,S0029,INV0105,others,,Series B extension,2021-08-05,,,,12.5,,,,SRC00576,MEDIUM
IL00546,S0029,INV0115,Gaja Capital,,Series C,2022-06-21,,,,153.0,,,,SRC00558,HIGH
IL00547,S0029,INV0218,IFC,,Series C,2022-06-21,,,,153.0,,,,SRC00558,HIGH
IL00548,S0029,INV0217,Stakeboat,,Series C,2022-06-21,,,,153.0,,,,SRC00558,HIGH
IL00549,S0029,INV0105,others,,Series C,2022-06-21,,,,153.0,,,,SRC00558,HIGH
IL00550,S0029,INV0004,WestBridge Capital,,Series C,2022-06-21,,,lead,153.0,,,,SRC00558,HIGH
IL00551,S0029,INV0202,Angels,,Seed,2013-04-26,,,,,,,,SRC00572,MEDIUM
IL00552,S0029,INV0004,WestBridge Capital,,Series C2,2022-07-04,,,,,,,,SRC00572,MEDIUM
IL00553,S0029,INV0105,others,,Series C2,2022-07-04,,,,,,,,SRC00572,MEDIUM
IL00554,S0029,INV0004,WestBridge Capital,,Series C3,2022-11-03,,,,,,,,SRC00572,MEDIUM
IL00555,S0029,INV0105,others,,Series C3,2022-11-03,,,,,,,,SRC00572,MEDIUM
IL00556,S0029,INV0004,WestBridge Capital,PE/VC,,,2022,['Series C'],True,,,,,SRC00558,HIGH
IL00557,S0029,INV0115,Gaja Capital,VC,,,2020,"['Series B', 'Series C']",True,,,,,SRC00561,HIGH
IL00558,S0029,INV0218,IFC,DFI,,,2021,"['Series B ext', 'Series C']",False,,,,,SRC00576,MEDIUM
IL00559,S0029,INV0214,Stakeboat Capital,VC,,,2019,['Series A'],True,,,,,SRC00576,MEDIUM
IL00560,S0029,INV0215,Jyoti Bansal,Angel,,,2019,"['Series A', 'Series B']",False,,,,,SRC00569,HIGH
IL00561,S0029,INV0216,JI Company,Angel/PE,,,2019,"['Series A', 'Series B']",False,,,,,SRC00572,MEDIUM
IL00562,S0030,INV0219,Goldman Sachs Alternatives,,Series F (tranche 1),2025-11-05,,,lead,100.0,,,,SRC00582,HIGH
IL00563,S0030,INV0220,A91 Partners,,Series F (tranche 1),2025-11-05,,,lead,100.0,,,,SRC00582,HIGH
IL00564,S0030,INV0219,Goldman Sachs Alternatives,,Series F (tranche 1),2025-11-05,,,lead,100.0,,,,SRC00582,HIGH
IL00565,S0030,INV0220,A91 Partners,,Series F (tranche 1),2025-11-05,,,lead,100.0,,,,SRC00582,HIGH
IL00566,S0030,INV0221,ChrysCapital,,Series F (follow-on),2025-12-17,,,lead,180.0,,,,SRC00580,HIGH
IL00567,S0030,INV0222,Dragon Funds,,Series F (follow-on),2025-12-17,,,lead,180.0,,,,SRC00580,HIGH
IL00568,S0030,INV0181,Schroders Capital,,Series F (follow-on),2025-12-17,,,,180.0,,,,SRC00580,HIGH
IL00569,S0030,INV0223,TR Capital,,Series F (follow-on),2025-12-17,,,,180.0,,,,SRC00580,HIGH
IL00570,S0030,INV0143,B Capital,,Series F (follow-on),2025-12-17,,,,180.0,,,,SRC00580,HIGH
IL00571,S0030,INV0221,ChrysCapital,,Series F (follow-on),2025-12-17,,,lead,180.0,,,,SRC00580,HIGH
IL00572,S0030,INV0222,Dragon Funds,,Series F (follow-on),2025-12-17,,,lead,180.0,,,,SRC00580,HIGH
IL00573,S0030,INV0224,Goldman Sachs Asset Management,,Series E,2022-06-01,,,lead,77.0,,,,SRC00581,HIGH
IL00574,S0030,INV0143,B Capital,,Series E,2022-06-01,,,lead,77.0,,,,SRC00581,HIGH
IL00575,S0030,INV0225,Steadview Capital,,Series E,2022-06-01,,,,77.0,,,,SRC00581,HIGH
IL00576,S0030,INV0226,Multiples Alternate Asset Management,,Series E,2022-06-01,,,,77.0,,,,SRC00581,HIGH
IL00577,S0030,INV0227,Eight Roads Ventures,,Series E,2022-06-01,,,,77.0,,,,SRC00581,HIGH
IL00578,S0030,INV0053,Matrix Partners India,,Series E,2022-06-01,,,,77.0,,,,SRC00581,HIGH
IL00579,S0030,INV0224,Goldman Sachs Asset Management,,Series E,2022-06-01,,,lead,77.0,,,,SRC00581,HIGH
IL00580,S0030,INV0143,B Capital,,Series E,2022-06-01,,,lead,77.0,,,,SRC00581,HIGH
IL00581,S0030,INV0219,Goldman Sachs Alternatives,growth equity,,,2022,"['Series E', 'Series F tranche 1']",True,,,,,SRC00581,HIGH
IL00582,S0030,INV0221,ChrysCapital,PE,,,2025,['Series F follow-on'],True,,,,,SRC00580,HIGH
IL00583,S0030,INV0220,A91 Partners,VC,,,2025,['Series F tranche 1'],True,,,,,SRC00582,HIGH
IL00584,S0030,INV0143,B Capital,VC,,,2022,"['Series E', 'Series F follow-on']",True,,,,,SRC00580,MEDIUM
IL00585,S0031,INV0228,Apis Partners,,Series E,2022-12-26,,,lead,75.0,,,,SRC00589,HIGH
IL00586,S0031,INV0029,Tiger Global,,Series E,2022-12-26,,,,75.0,,,,SRC00589,HIGH
IL00587,S0031,INV0229,Winter Capital,,Series E,2022-12-26,,,,75.0,,,,SRC00589,HIGH
IL00588,S0031,INV0230,Evolvence,,Series E,2022-12-26,,,,75.0,,,,SRC00589,HIGH
IL00589,S0031,INV0228,Apis Partners,,Series E,2022-12-26,,,lead,75.0,,,,SRC00589,HIGH
IL00590,S0031,INV0003,Accel,,Series E-II,2024-09-12,,,lead,4.65,,,,SRC00596,MEDIUM
IL00591,S0031,INV0048,Nexus Venture Partners,,Series E-II,2024-09-12,,,lead,4.65,,,,SRC00596,MEDIUM
IL00592,S0031,INV0003,Accel,,Series E-II,2024-09-12,,,lead,4.65,,,,SRC00596,MEDIUM
IL00593,S0031,INV0048,Nexus Venture Partners,,Series E-II,2024-09-12,,,lead,4.65,,,,SRC00596,MEDIUM
IL00594,S0031,INV0231,RevX Capital,,Debt (conventional),2025-11-27,,,lead,11.4,,,,SRC00596,MEDIUM
IL00595,S0031,INV0016,Motilal Oswal,,Debt (conventional),2025-11-27,,,,11.4,,,,SRC00596,MEDIUM
IL00596,S0031,INV0231,RevX Capital,,Debt (conventional),2025-11-27,,,lead,11.4,,,,SRC00596,MEDIUM
IL00597,S0031,INV0003,Accel,VC,,,2014,"['Seed+', 'Series E-II']",False,,,,,SRC00592,HIGH
IL00598,S0031,INV0228,Apis Partners,PE,,,2022,['Series E'],True,,,,,SRC00589,HIGH
IL00599,S0031,INV0029,Tiger Global,VC,,,2015,"['Series D', 'Series E']",False,,,,,SRC00589,HIGH
IL00600,S0031,INV0039,Ribbit Capital,VC,,,2019,['Series C+'],False,,,,,SRC00592,MEDIUM
IL00601,S0032,INV0232,FTV Capital,,Series A / growth,2008-09-25,,,lead,30.0,,,,SRC00598,HIGH
IL00602,S0032,INV0232,FTV Capital,,Series A / growth,2008-09-25,,,lead,30.0,,,,SRC00598,HIGH
IL00603,S0032,INV0233,Sequoia Capital,,Growth,2011-04-01,,,lead,25.0,,,,SRC00598,HIGH
IL00604,S0032,INV0233,Sequoia Capital,,Growth,2011-04-01,,,lead,25.0,,,,SRC00598,HIGH
IL00605,S0032,INV0233,Sequoia Capital,,Growth,2011-12-28,,,lead,108.0,,,,SRC00598,HIGH
IL00606,S0032,INV0027,General Atlantic,,Growth,2011-12-28,,,lead,108.0,,,,SRC00598,HIGH
IL00607,S0032,INV0233,Sequoia Capital,,Growth,2011-12-28,,,lead,108.0,,,,SRC00598,HIGH
IL00608,S0032,INV0027,General Atlantic,,Growth,2011-12-28,,,lead,108.0,,,,SRC00598,HIGH
IL00609,S0032,INV0234,Mastercard,,Corporate minority,2013-02-20,,,lead,45.0,,,,SRC00598,HIGH
IL00610,S0032,INV0102,Fidelity Investments,,Corporate minority,2013-02-20,,,,45.0,,,,SRC00598,HIGH
IL00611,S0032,INV0234,Mastercard,,Corporate minority,2013-02-20,,,lead,45.0,,,,SRC00598,HIGH
IL00612,S0032,INV0233,Sequoia Capital,,Series B,2011-04-01,,,lead,25.0,,,,SRC00598,HIGH
IL00613,S0032,INV0233,Sequoia Capital,,Series B,2011-04-01,,,lead,25.0,,,,SRC00598,HIGH
IL00614,S0032,INV0233,Sequoia Capital,,Series C / D,2011-12-28,,,lead,108.0,,,,SRC00598,HIGH
IL00615,S0032,INV0027,General Atlantic,,Series C / D,2011-12-28,,,lead,108.0,,,,SRC00598,HIGH
IL00616,S0032,INV0233,Sequoia Capital,,Series C / D,2011-12-28,,,lead,108.0,,,,SRC00598,HIGH
IL00617,S0032,INV0027,General Atlantic,,Series C / D,2011-12-28,,,lead,108.0,,,,SRC00598,HIGH
IL00618,S0032,INV0232,FTV Capital,VC,,,2008,['Series A 2008'],True,,,,,SRC00598,HIGH
IL00619,S0032,INV0235,Sequoia Capital (Peak XV),VC,,,2011,"['2011 $25M', '2011 $108M']",True,,,,,SRC00598,HIGH
IL00620,S0032,INV0027,General Atlantic,growth equity,,,2011,['2011 $108M'],True,,,,,SRC00598,HIGH
IL00621,S0032,INV0234,Mastercard,corporate,,,2013,['2013 $45M'],True,,,,,SRC00598,HIGH
IL00622,S0033,INV0236,Reliance Industries,,Series A,2016-07-15,,,lead,18.12,,,,SRC00607,MEDIUM
IL00623,S0033,INV0236,Reliance Industries,,Series A,2016-07-15,,,lead,18.12,,,,SRC00607,MEDIUM
IL00624,S0033,INV0237,M12,,Series B,2018-09-27,,,lead,21.0,,,,SRC00607,MEDIUM
IL00625,S0033,INV0238,Point72 Ventures,,Series B,2018-09-27,,,lead,21.0,,,,SRC00607,MEDIUM
IL00626,S0033,INV0236,Reliance Industries,,Series B,2018-09-27,,,,21.0,,,,SRC00607,MEDIUM
IL00627,S0033,INV0237,M12,,Series B,2018-09-27,,,lead,21.0,,,,SRC00607,MEDIUM
IL00628,S0033,INV0238,Point72 Ventures,,Series B,2018-09-27,,,lead,21.0,,,,SRC00607,MEDIUM
IL00629,S0033,INV0007,SoftBank Vision Fund,,Series C,2021-07-15,,,lead,150.0,,,,SRC00607,HIGH
IL00630,S0033,INV0237,M12,,Series C,2021-07-15,,,,150.0,,,,SRC00607,HIGH
IL00631,S0033,INV0238,Point72 Ventures,,Series C,2021-07-15,,,,150.0,,,,SRC00607,HIGH
IL00632,S0033,INV0007,SoftBank Vision Fund,,Series C,2021-07-15,,,lead,150.0,,,,SRC00607,HIGH
IL00633,S0033,INV0239,Silicon Valley Bank,,Debt/mezzanine,2022-01-01,,,lead,65.0,,,,SRC00607,MEDIUM
IL00634,S0033,INV0239,Silicon Valley Bank,,Debt/mezzanine,2022-01-01,,,lead,65.0,,,,SRC00607,MEDIUM
IL00635,S0033,INV0240,Point72 Private Investments,,Series D,2025-01-16,,,lead,90.0,,,,SRC00605,HIGH
IL00636,S0033,INV0241,Qualcomm Ventures,,Series D,2025-01-16,,,,90.0,,,,SRC00605,HIGH
IL00637,S0033,INV0242,Pavilion Capital,,Series D,2025-01-16,,,,90.0,,,,SRC00605,HIGH
IL00638,S0033,INV0240,Point72 Private Investments,,Series D,2025-01-16,,,lead,90.0,,,,SRC00605,HIGH
IL00639,S0033,INV0236,Reliance Industries,corporate,,,2016,['Series A'],True,,,,,SRC00607,HIGH
IL00640,S0033,INV0007,SoftBank Vision Fund,VC,,,2021,['Series C'],True,,,,,SRC00607,HIGH
IL00641,S0033,INV0243,Point72 Private Investments/Ventures,VC,,,2018,"['Series B', 'Series D']",True,,,,,SRC00605,HIGH
IL00642,S0033,INV0241,Qualcomm Ventures,CVC,,,2025,['Series D'],False,,,,,SRC00605,HIGH
IL00643,S0033,INV0244,M12 (Microsoft),CVC,,,2018,"['Series B', 'Series C']",False,,,,,SRC00607,MEDIUM
IL00644,S0034,INV0119,Insight Partners,,Series D,2021-08-18,,,lead,225.0,,,,SRC00613,HIGH
IL00645,S0034,INV0245,Coatue,,Series D,2021-08-18,,,,225.0,,,,SRC00613,HIGH
IL00646,S0034,INV0246,Battery Ventures,,Series D,2021-08-18,,,,225.0,,,,SRC00613,HIGH
IL00647,S0034,INV0129,BOND,,Series D,2021-08-18,,,,225.0,,,,SRC00613,HIGH
IL00648,S0034,INV0247,CRV,,Series D,2021-08-18,,,,225.0,,,,SRC00613,HIGH
IL00649,S0034,INV0048,Nexus Venture Partners,,Series D,2021-08-18,,,,225.0,,,,SRC00613,HIGH
IL00650,S0034,INV0119,Insight Partners,,Series D,2021-08-18,,,lead,225.0,,,,SRC00613,HIGH
IL00651,S0034,INV0119,Insight Partners,,Series C,2020-06-11,,,lead,150.0,,,,SRC00615,HIGH
IL00652,S0034,INV0247,CRV,,Series C,2020-06-11,,,,150.0,,,,SRC00615,HIGH
IL00653,S0034,INV0048,Nexus Venture Partners,,Series C,2020-06-11,,,,150.0,,,,SRC00615,HIGH
IL00654,S0034,INV0119,Insight Partners,,Series C,2020-06-11,,,lead,150.0,,,,SRC00615,HIGH
IL00655,S0034,INV0247,CRV,,Series B,2019-06-19,,,lead,50.0,,,,SRC00615,HIGH
IL00656,S0034,INV0048,Nexus Venture Partners,,Series B,2019-06-19,,,,50.0,,,,SRC00615,HIGH
IL00657,S0034,INV0247,CRV,,Series B,2019-06-19,,,lead,50.0,,,,SRC00615,HIGH
IL00658,S0034,INV0048,Nexus Venture Partners,,Seed,2014-10-31,,,,0.977,,,,SRC00615,MEDIUM
IL00659,S0034,INV0048,Nexus Venture Partners,,Secondary,2024-08,,,lead,,,,,SRC00614,MEDIUM
IL00660,S0034,INV0248,Bond Capital,,Secondary,2024-08,,,lead,,,,,SRC00614,MEDIUM
IL00661,S0034,INV0246,Battery Ventures,,Secondary,2024-08,,,lead,,,,,SRC00614,MEDIUM
IL00662,S0034,INV0048,Nexus Venture Partners,,Secondary,2024-08,,,lead,,,,,SRC00614,MEDIUM
IL00663,S0034,INV0248,Bond Capital,,Secondary,2024-08,,,lead,,,,,SRC00614,MEDIUM
IL00664,S0034,INV0246,Battery Ventures,,Secondary,2024-08,,,lead,,,,,SRC00614,MEDIUM
IL00665,S0034,INV0048,Nexus Venture Partners,VC,,,2015,"['Seed', 'Series B', 'Series C', 'Series D']",False,,,,,SRC00613,HIGH
IL00666,S0034,INV0119,Insight Partners,VC,,,,"['Series C', 'Series D']",True,,,,,SRC00613,HIGH
IL00667,S0034,INV0247,CRV,VC,,,,"['Series B', 'Series C', 'Series D']",True,,,,,SRC00615,HIGH
IL00668,S0034,INV0245,Coatue,VC,,,,['Series D'],,,,,,SRC00612,HIGH
IL00669,S0034,INV0246,Battery Ventures,VC,,,,['Series D'],,,,,,SRC00612,HIGH
IL00670,S0034,INV0129,BOND,VC,,,,['Series D'],,,,,,SRC00612,HIGH
IL00671,S0035,INV0005,SoftBank Vision Fund 2,,Series D (unicorn),May 2021,,,lead,250.0,,,,SRC00636,MEDIUM
IL00672,S0035,INV0005,SoftBank Vision Fund 2,,Series D (unicorn),May 2021,,,lead,250.0,,,,SRC00636,MEDIUM
IL00673,S0035,INV0250,Optum,,Strategic,Feb 2025,,,,50.0,,,,SRC00623,HIGH
IL00674,S0035,INV0249,Optum (UnitedHealth),,Strategic,Feb 2025,,,lead,50.0,,,,SRC00623,HIGH
IL00675,S0035,INV0250,Optum,,Series D,2025-02-11,,,,50.0,,,,SRC00623,HIGH
IL00676,S0035,INV0251,Optum (UnitedHealth Group),,Series D,2025-02-11,,,lead,50.0,,,,SRC00623,HIGH
IL00677,S0035,INV0234,Mastercard,,Series C,2022-03-07,,,lead,30.0,,,,SRC00637,MEDIUM
IL00678,S0035,INV0234,Mastercard,,Series C,2022-03-07,,,lead,30.0,,,,SRC00637,MEDIUM
IL00679,S0035,INV0005,SoftBank Vision Fund 2,,Series C,2021-05-24,,,lead,250.0,,,,SRC00635,HIGH
IL00680,S0035,INV0252,Sodexo,,Series C,2021-05-24,,,,250.0,,,,SRC00635,HIGH
IL00681,S0035,INV0253,F2A,,Series C,2021-05-24,,,,250.0,,,,SRC00635,HIGH
IL00682,S0035,INV0005,SoftBank Vision Fund 2,,Series C,2021-05-24,,,lead,250.0,,,,SRC00635,HIGH
IL00683,S0035,INV0254,Sodexo BRS,,Series C,2019-07-23,,,lead,,,,,SRC00638,MEDIUM
IL00684,S0035,INV0254,Sodexo BRS,,Series C,2019-07-23,,,lead,,,,,SRC00638,MEDIUM
IL00685,S0035,INV0005,SoftBank Vision Fund 2,,,,2021,['Series D'],True,,,,,SRC00636,MEDIUM
IL00686,S0035,INV0250,Optum,,,,2025,['Strategic'],True,,,,,SRC00624,HIGH
IL00687,S0036,INV0028,Walmart,,Acquisition (majority),May 2018,,,lead,16000.0,,,,SRC00651,MEDIUM
IL00688,S0036,INV0028,Walmart,,Acquisition (majority),May 2018,,,lead,16000.0,,,,SRC00651,MEDIUM
IL00689,S0036,INV0028,Walmart,,Acquisition (majority stake),2018-05-09,,,lead,16000.0,,,,SRC00651,HIGH
IL00690,S0036,INV0028,Walmart,,Acquisition (majority stake),2018-05-09,,,lead,16000.0,,,,SRC00651,HIGH
IL00691,S0036,INV0028,Walmart,,primary,2021-07,,,lead,3600.0,,,,SRC00650,MEDIUM
IL00692,S0036,INV0160,CPP Investments,,primary,2021-07,,,,3600.0,,,,SRC00650,MEDIUM
IL00693,S0036,INV0036,GIC,,primary,2021-07,,,,3600.0,,,,SRC00650,MEDIUM
IL00694,S0036,INV0005,SoftBank Vision Fund 2,,primary,2021-07,,,,3600.0,,,,SRC00650,MEDIUM
IL00695,S0036,INV0255,QIA,,primary,2021-07,,,,3600.0,,,,SRC00650,MEDIUM
IL00696,S0036,INV0028,Walmart,,primary,2021-07,,,lead,3600.0,,,,SRC00650,MEDIUM
IL00697,S0036,INV0028,Walmart,,primary,2023-12,,,lead,600.0,,,,SRC00650,HIGH
IL00698,S0036,INV0028,Walmart,,primary,2023-12,,,lead,600.0,,,,SRC00650,HIGH
IL00699,S0036,INV0028,Walmart,,primary,2024-05-24,,,lead,950.0,,,,SRC00650,HIGH
IL00700,S0036,INV0256,Google,,primary,2024-05-24,,,lead,950.0,,,,SRC00650,HIGH
IL00701,S0036,INV0006,existing investors,,primary,2024-05-24,,,,950.0,,,,SRC00650,HIGH
IL00702,S0036,INV0028,Walmart,,primary,2024-05-24,,,lead,950.0,,,,SRC00650,HIGH
IL00703,S0036,INV0256,Google,,primary,2024-05-24,,,lead,950.0,,,,SRC00650,HIGH
IL00704,S0036,INV0257,Flipkart (company-funded),,ESOP buyback,2025-07,,,lead,25.0,,,,SRC00646,MEDIUM
IL00705,S0036,INV0257,Flipkart (company-funded),,ESOP buyback,2025-07,,,lead,25.0,,,,SRC00646,MEDIUM
IL00706,S0036,INV0257,Flipkart (company-funded),,ESOP buyback,2026-07,,,lead,25.0,,,,SRC00646,MEDIUM
IL00707,S0036,INV0257,Flipkart (company-funded),,ESOP buyback,2026-07,,,lead,25.0,,,,SRC00646,MEDIUM
IL00708,S0036,INV0028,Walmart,strategic/corporate,,,2018,['Acquisition'],True,,,,,SRC00651,MEDIUM
IL00709,S0037,INV0001,Kedaara Capital,,Series F,May 2025,,,lead,200.0,,,,SRC00656,HIGH
IL00710,S0037,INV0258,Wellington Management,,Series F,May 2025,,,lead,200.0,,,,SRC00656,HIGH
IL00711,S0037,INV0001,Kedaara Capital,,Series F,May 2025,,,lead,200.0,,,,SRC00656,HIGH
IL00712,S0037,INV0258,Wellington Management,,Series F,May 2025,,,lead,200.0,,,,SRC00656,HIGH
IL00713,S0037,INV0145,Kae Capital,,Seed,2015-02-20,,,lead,0.481,,,,SRC00662,MEDIUM
IL00714,S0037,INV0259,Navin Honagudi,,Seed,2015-02-20,,,,0.481,,,,SRC00662,MEDIUM
IL00715,S0037,INV0260,Kalysta Capital,,Seed,2015-02-20,,,,0.481,,,,SRC00662,MEDIUM
IL00716,S0037,INV0145,Kae Capital,,Seed,2015-02-20,,,lead,0.481,,,,SRC00662,MEDIUM
IL00717,S0037,INV0037,Peak XV Partners,,Series A,2015-06-10,,,lead,5.5,,,,SRC00662,MEDIUM
IL00718,S0037,INV0145,Kae Capital,,Series A,2015-06-10,,,,5.5,,,,SRC00662,MEDIUM
IL00719,S0037,INV0261,Sandeep Tandon,,Series A,2015-06-10,,,,5.5,,,,SRC00662,MEDIUM
IL00720,S0037,INV0262,Rajeev Chitrabhanu,,Series A,2015-06-10,,,,5.5,,,,SRC00662,MEDIUM
IL00721,S0037,INV0263,Vellayan Subbiah,,Series A,2015-06-10,,,,5.5,,,,SRC00662,MEDIUM
IL00722,S0037,INV0264,Anupam Mittal,,Series A,2015-06-10,,,,5.5,,,,SRC00662,MEDIUM
IL00723,S0037,INV0265,Central Park Securities Holding,,Series A,2015-06-10,,,,5.5,,,,SRC00662,MEDIUM
IL00724,S0037,INV0266,Ramachandran Sridhar,,Series A,2015-06-10,,,,5.5,,,,SRC00662,MEDIUM
IL00725,S0037,INV0260,Kalysta Capital,,Series A,2015-06-10,,,,5.5,,,,SRC00662,MEDIUM
IL00726,S0037,INV0037,Peak XV Partners,,Series A,2015-06-10,,,lead,5.5,,,,SRC00662,MEDIUM
IL00727,S0037,INV0037,Peak XV Partners,,Series B,2016-07-12,,,lead,2.53,,,,SRC00662,MEDIUM
IL00728,S0037,INV0037,Peak XV Partners,,Series B,2016-07-12,,,lead,2.53,,,,SRC00662,MEDIUM
IL00729,S0037,INV0145,Kae Capital,,Series B,2016-12-13,,,,1.47,,,,SRC00662,MEDIUM
IL00730,S0037,INV0267,Mahindra,,Series B,2016-12-13,,,,1.47,,,,SRC00662,MEDIUM
IL00731,S0037,INV0267,Mahindra,,Series B,2017-05-02,,,lead,1.34,,,,SRC00662,MEDIUM
IL00732,S0037,INV0267,Mahindra,,Series B,2017-05-02,,,lead,1.34,,,,SRC00662,MEDIUM
IL00733,S0037,INV0037,Peak XV Partners,,Series B,2017-08-30,,,lead,2.01,,,,SRC00662,MEDIUM
IL00734,S0037,INV0145,Kae Capital,,Series B,2017-08-30,,,,2.01,,,,SRC00662,MEDIUM
IL00735,S0037,INV0268,Claris Capital,,Series B,2017-08-30,,,,2.01,,,,SRC00662,MEDIUM
IL00736,S0037,INV0269,Saragroup,,Series B,2017-08-30,,,,2.01,,,,SRC00662,MEDIUM
IL00737,S0037,INV0270,Enrsingapore,,Series B,2017-08-30,,,,2.01,,,,SRC00662,MEDIUM
IL00738,S0037,INV0271,Satya Remala,,Series B,2017-08-30,,,,2.01,,,,SRC00662,MEDIUM
IL00739,S0037,INV0272,Rao Remala,,Series B,2017-08-30,,,,2.01,,,,SRC00662,MEDIUM
IL00740,S0037,INV0273,Balz Roth,,Series B,2017-08-30,,,,2.01,,,,SRC00662,MEDIUM
IL00741,S0037,INV0274,Mahindra Partners,,Series B,2017-08-30,,,,2.01,,,,SRC00662,MEDIUM
IL00742,S0037,INV0260,Kalysta Capital,,Series B,2017-08-30,,,,2.01,,,,SRC00662,MEDIUM
IL00743,S0037,INV0037,Peak XV Partners,,Series B,2017-08-30,,,lead,2.01,,,,SRC00662,MEDIUM
IL00744,S0037,INV0267,Mahindra,,Series C,2018-03-28,,,lead,7.7,,,,SRC00662,MEDIUM
IL00745,S0037,INV0267,Mahindra,,Series C,2018-03-28,,,lead,7.7,,,,SRC00662,MEDIUM
IL00746,S0037,INV0145,Kae Capital,,Series C,2019-08-06,,,,10.0,,,,SRC00662,MEDIUM
IL00747,S0037,INV0037,Peak XV Partners,,Series C,2019-08-06,,,,10.0,,,,SRC00662,MEDIUM
IL00748,S0037,INV0267,Mahindra,,Series C,2019-08-06,,,,10.0,,,,SRC00662,MEDIUM
IL00749,S0037,INV0275,Lightstone Ventures,,Series D,2020-04-10,,,,18.5,,,,SRC00662,MEDIUM
IL00750,S0037,INV0103,Tiger Global Management,,Series E,2021-09-01,,,lead,101.0,,,,SRC00663,HIGH
IL00751,S0037,INV0276,Vitruvian Partners,,Series E,2021-09-01,,,lead,101.0,,,,SRC00663,HIGH
IL00752,S0037,INV0277,Pirozshaw Sarkari,,Series E,2021-09-01,,,,101.0,,,,SRC00663,HIGH
IL00753,S0037,INV0278,India Internet Fund,,Series E,2021-09-01,,,,101.0,,,,SRC00663,HIGH
IL00754,S0037,INV0279,Portobello Holdco Sarl,,Series E,2021-09-01,,,,101.0,,,,SRC00663,HIGH
IL00755,S0037,INV0280,Lightrock,,Series E,2021-09-01,,,,101.0,,,,SRC00663,HIGH
IL00756,S0037,INV0037,Peak XV Partners,,Series E,2021-09-01,,,,101.0,,,,SRC00663,HIGH
IL00757,S0037,INV0084,Sequoia Capital India,,Series E,2021-09-01,,,,101.0,,,,SRC00663,HIGH
IL00758,S0037,INV0103,Tiger Global Management,,Series E,2021-09-01,,,lead,101.0,,,,SRC00663,HIGH
IL00759,S0037,INV0276,Vitruvian Partners,,Series E,2021-09-01,,,lead,101.0,,,,SRC00663,HIGH
IL00760,S0037,INV0281,ESOP pool buyers,,Series F (internal/ESOP),2024,,,,,,,,SRC00667,MEDIUM
IL00761,S0037,INV0276,Vitruvian Partners,,Series F (extended),2025-09-09,,,lead,100.0,,,,SRC00666,MEDIUM
IL00762,S0037,INV0146,Elev8 Venture Partners,,Series F (extended),2025-09-09,,,lead,100.0,,,,SRC00666,MEDIUM
IL00763,S0037,INV0282,Digga Family Trust,,Series F (extended),2025-09-09,,,,100.0,,,,SRC00666,MEDIUM
IL00764,S0037,INV0276,Vitruvian Partners,,Series F (extended),2025-09-09,,,lead,100.0,,,,SRC00666,MEDIUM
IL00765,S0037,INV0146,Elev8 Venture Partners,,Series F (extended),2025-09-09,,,lead,100.0,,,,SRC00666,MEDIUM
IL00766,S0037,INV0283,Kedaara,,Series F (tranche),2026-01-15,,,lead,46.5,,,,SRC00662,MEDIUM
IL00767,S0037,INV0284,Wellington,,Series F (tranche),2026-01-15,,,lead,46.5,,,,SRC00662,MEDIUM
IL00768,S0037,INV0283,Kedaara,,Series F (tranche),2026-01-15,,,lead,46.5,,,,SRC00662,MEDIUM
IL00769,S0037,INV0284,Wellington,,Series F (tranche),2026-01-15,,,lead,46.5,,,,SRC00662,MEDIUM
IL00770,S0037,INV0001,Kedaara Capital,,,,2025,['Series F'],True,,,,,SRC00656,HIGH
IL00771,S0037,INV0258,Wellington Management,,,,2025,['Series F'],True,,,,,SRC00656,HIGH
IL00772,S0038,INV0286,upGrad,,Acquisition,Sep 2026,,,,206.0,,,,SRC00288,HIGH
IL00773,S0038,INV0285,upGrad (buyer),,Acquisition,Sep 2026,,,lead,206.0,,,,SRC00288,HIGH
IL00774,S0038,INV0002,SoftBank,,Series H,2021-08,,,,440.0,,,,SRC00288,HIGH
IL00775,S0038,INV0029,Tiger Global,,Series H,2021-08,,,,440.0,,,,SRC00288,HIGH
IL00776,S0038,INV0027,General Atlantic,,Series H,2021-08,,,,440.0,,,,SRC00288,HIGH
IL00777,S0038,INV0037,Peak XV Partners,,Series H,2021-08,,,,440.0,,,,SRC00288,HIGH
IL00778,S0038,INV0127,Temasek,,Series H,2021-08,,,lead,440.0,,,,SRC00288,HIGH
IL00779,S0038,INV0018,Mirae Asset,,Series H,2021-08,,,,440.0,,,,SRC00288,HIGH
IL00780,S0038,INV0127,Temasek,,Series H,2021-08,,,lead,440.0,,,,SRC00288,HIGH
IL00781,S0038,INV0127,Temasek,,internal_funding,2026-03,,,,360.0,,,,SRC00687,MEDIUM
IL00782,S0038,INV0218,IFC,,internal_funding,2026-03,,,,360.0,,,,SRC00687,MEDIUM
IL00783,S0038,INV0288,360 One,,internal_funding,2026-03,,,,360.0,,,,SRC00687,MEDIUM
IL00784,S0038,INV0287,Ronnie Screwvala,,internal_funding,2026-03,,,lead,360.0,,,,SRC00687,MEDIUM
IL00785,S0039,INV0245,Coatue,,Series D,Jul 2020,,,lead,100.0,,,,SRC00701,MEDIUM
IL00786,S0039,INV0245,Coatue,,Series D,Jul 2020,,,lead,100.0,,,,SRC00701,MEDIUM
IL00787,S0039,INV0289,ABC World Asia,,Series E (unicorn),Sep 2021,,,lead,100.0,,,,SRC00696,HIGH
IL00788,S0039,INV0289,ABC World Asia,,Series E (unicorn),Sep 2021,,,lead,100.0,,,,SRC00696,HIGH
IL00789,S0039,INV0289,ABC World Asia,,Internal/bridge,Sep 2025,,,,11.0,,,,SRC00707,MEDIUM
IL00790,S0039,INV0290,existing investors incl. ABC World,,Internal/bridge,Sep 2025,,,lead,11.0,,,,SRC00707,MEDIUM
IL00791,S0039,INV0289,ABC World Asia,,,,2021,['Series E'],True,,,,,SRC00709,MEDIUM
IL00792,S0039,INV0003,Accel,,,,UNKNOWN,,False,,,,,SRC00710,LOW
IL00793,S0040,INV0075,Khosla Ventures,,Venture round,Dec 2024,,,lead,90.0,,,,SRC00729,LOW
IL00794,S0040,INV0294,Rakesh Gangwal,,Venture round,Dec 2024,,,,90.0,,,,SRC00729,LOW
IL00795,S0040,INV0075,Khosla Ventures,,Venture round,Dec 2024,,,lead,90.0,,,,SRC00729,LOW
IL00796,S0040,INV0295,D1 Capital Partners,,Series E,2021-08-20,,,lead,150.0,,,,SRC00723,HIGH
IL00797,S0040,INV0295,D1 Capital Partners,,Series E,2021-08-20,,,lead,150.0,,,,SRC00723,HIGH
IL00798,S0040,INV0225,Steadview Capital,,Series F,2021-12-29,,,lead,210.0,,,,SRC00721,MEDIUM
IL00799,S0040,INV0080,Sequoia India,,Series F,2021-12-29,,,,210.0,,,,SRC00721,MEDIUM
IL00800,S0040,INV0003,Accel,,Series F,2021-12-29,,,,210.0,,,,SRC00721,MEDIUM
IL00801,S0040,INV0046,Lightspeed,,Series F,2021-12-29,,,,210.0,,,,SRC00721,MEDIUM
IL00802,S0040,INV0296,D1 Capital,,Series F,2021-12-29,,,,210.0,,,,SRC00721,MEDIUM
IL00803,S0040,INV0225,Steadview Capital,,Series F,2021-12-29,,,lead,210.0,,,,SRC00721,MEDIUM
IL00804,S0040,INV0075,Khosla Ventures,,Venture round,2024-12-19,,,lead,100.0,,,,SRC00726,MEDIUM
IL00805,S0040,INV0294,Rakesh Gangwal,,Venture round,2024-12-19,,,lead,100.0,,,,SRC00726,MEDIUM
IL00806,S0040,INV0297,Baillie Gifford,,Venture round,2024-12-19,,,,100.0,,,,SRC00726,MEDIUM
IL00807,S0040,INV0075,Khosla Ventures,,Venture round,2024-12-19,,,lead,100.0,,,,SRC00726,MEDIUM
IL00808,S0040,INV0294,Rakesh Gangwal,,Venture round,2024-12-19,,,lead,100.0,,,,SRC00726,MEDIUM
IL00809,S0040,INV0298,Bharat Value Fund,,Pre-IPO,2026-03-30,,,lead,500.0,,,,SRC00724,MEDIUM
IL00810,S0040,INV0299,HNIs,,Pre-IPO,2026-03-30,,,,500.0,,,,SRC00724,MEDIUM
IL00811,S0040,INV0298,Bharat Value Fund,,Pre-IPO,2026-03-30,,,lead,500.0,,,,SRC00724,MEDIUM
IL00812,S0040,INV0075,Khosla Ventures,,,,2024,['2024 round'],False,,,,,SRC00729,LOW
IL00813,S0040,INV0295,D1 Capital Partners,hedge fund,,,2021,['Series E'],True,,150,,,SRC00723,HIGH
IL00814,S0040,INV0037,Peak XV Partners,venture capital,,,early,['multiple'],False,,,,,SRC00721,MEDIUM
IL00815,S0040,INV0003,Accel,venture capital,,,early,['multiple'],False,,,,,SRC00721,MEDIUM
IL00816,S0040,INV0118,Lightspeed Venture Partners,venture capital,,,early,['multiple'],False,,,,,SRC00721,MEDIUM
IL00817,S0040,INV0203,Greenoaks,hedge fund,,,early,['multiple'],False,,,,,SRC00720,MEDIUM
IL00818,S0040,INV0297,Baillie Gifford,asset management,,,2024,['2024 round'],False,,,,,SRC00726,MEDIUM
IL00819,S0040,INV0294,Rakesh Gangwal,angel/individual,,,2024,['2024 round'],True,,70,,,SRC00726,MEDIUM
IL00820,S0040,INV0298,Bharat Value Fund,Category II AIF,,,2026,['Pre-IPO'],True,,500,,,SRC00724,MEDIUM
IL00821,S0040,INV0225,Steadview Capital,hedge fund,,,2021,['Series F'],True,,,,,SRC00721,MEDIUM
IL00822,S0040,INV0145,Kae Capital,venture capital,,,early,['multiple'],False,,,,,SRC00718,MEDIUM
IL00823,S0041,INV0170,Kalaari Capital,,Series A,2014,,,lead,,,,,SRC00747,LOW
IL00824,S0041,INV0094,Think Investments,,Series A,2014,,,,,,,,SRC00747,LOW
IL00825,S0041,INV0170,Kalaari Capital,,Series A,2014,,,lead,,,,,SRC00747,LOW
IL00826,S0041,INV0226,Multiples Alternate Asset Management,,Series C,2017-01-17,,,lead,2.17,,,,SRC00747,LOW
IL00827,S0041,INV0170,Kalaari Capital,,Series C,2017-01-17,,,,2.17,,,,SRC00747,LOW
IL00828,S0041,INV0226,Multiples Alternate Asset Management,,Series C,2017-01-17,,,lead,2.17,,,,SRC00747,LOW
IL00829,S0041,INV0158,Tencent,,Series D,2018-09-06,,,lead,100.0,,,,SRC00735,MEDIUM
IL00830,S0041,INV0170,Kalaari Capital,,Series D,2018-09-06,,,,100.0,,,,SRC00735,MEDIUM
IL00831,S0041,INV0226,Multiples Alternate Asset Management,,Series D,2018-09-06,,,,100.0,,,,SRC00735,MEDIUM
IL00832,S0041,INV0094,Think Investments,,Series D,2018-09-06,,,,100.0,,,,SRC00735,MEDIUM
IL00833,S0041,INV0158,Tencent,,Series D,2018-09-06,,,lead,100.0,,,,SRC00735,MEDIUM
IL00834,S0041,INV0029,Tiger Global,,Series E,2020-09-14,,,lead,225.0,,,,SRC00735,HIGH
IL00835,S0041,INV0020,TPG,,Series E,2020-09-14,,,lead,225.0,,,,SRC00735,HIGH
IL00836,S0041,INV0221,ChrysCapital,,Series E,2020-09-14,,,,225.0,,,,SRC00735,HIGH
IL00837,S0041,INV0300,Footpath Ventures,,Series E,2020-09-14,,,,225.0,,,,SRC00735,HIGH
IL00838,S0041,INV0029,Tiger Global,,Series E,2020-09-14,,,lead,225.0,,,,SRC00735,HIGH
IL00839,S0041,INV0020,TPG,,Series E,2020-09-14,,,lead,225.0,,,,SRC00735,HIGH
IL00840,S0041,INV0035,TCV,,Secondary,2021-03-25,,,lead,400.0,,,,SRC00736,HIGH
IL00841,S0041,INV0296,D1 Capital,,Secondary,2021-03-25,,,lead,400.0,,,,SRC00736,HIGH
IL00842,S0041,INV0301,Falcon Edge/Alpha Wave,,Secondary,2021-03-25,,,,400.0,,,,SRC00736,HIGH
IL00843,S0041,INV0029,Tiger Global,,Secondary,2021-03-25,,,,400.0,,,,SRC00736,HIGH
IL00844,S0041,INV0221,ChrysCapital,,Secondary,2021-03-25,,,,400.0,,,,SRC00736,HIGH
IL00845,S0041,INV0302,TPG Growth,,Secondary,2021-03-25,,,,400.0,,,,SRC00736,HIGH
IL00846,S0041,INV0303,Steadview,,Secondary,2021-03-25,,,,400.0,,,,SRC00736,HIGH
IL00847,S0041,INV0300,Footpath Ventures,,Secondary,2021-03-25,,,,400.0,,,,SRC00736,HIGH
IL00848,S0041,INV0035,TCV,,Secondary,2021-03-25,,,lead,400.0,,,,SRC00736,HIGH
IL00849,S0041,INV0296,D1 Capital,,Secondary,2021-03-25,,,lead,400.0,,,,SRC00736,HIGH
IL00850,S0041,INV0064,Falcon Edge,,Secondary,2021-03-25,,,lead,400.0,,,,SRC00736,HIGH
IL00851,S0041,INV0301,Falcon Edge/Alpha Wave,,Series F,2021-11-25,,,lead,840.0,,,,SRC00737,HIGH
IL00852,S0041,INV0157,DST Global,,Series F,2021-11-25,,,lead,840.0,,,,SRC00737,HIGH
IL00853,S0041,INV0296,D1 Capital,,Series F,2021-11-25,,,lead,840.0,,,,SRC00737,HIGH
IL00854,S0041,INV0304,Redbird Capital,,Series F,2021-11-25,,,lead,840.0,,,,SRC00737,HIGH
IL00855,S0041,INV0029,Tiger Global,,Series F,2021-11-25,,,lead,840.0,,,,SRC00737,HIGH
IL00856,S0041,INV0020,TPG,,Series F,2021-11-25,,,,840.0,,,,SRC00737,HIGH
IL00857,S0041,INV0300,Footpath Ventures,,Series F,2021-11-25,,,,840.0,,,,SRC00737,HIGH
IL00858,S0041,INV0301,Falcon Edge/Alpha Wave,,Series F,2021-11-25,,,lead,840.0,,,,SRC00737,HIGH
IL00859,S0041,INV0157,DST Global,,Series F,2021-11-25,,,lead,840.0,,,,SRC00737,HIGH
IL00860,S0041,INV0296,D1 Capital,,Series F,2021-11-25,,,lead,840.0,,,,SRC00737,HIGH
IL00861,S0041,INV0304,Redbird Capital,,Series F,2021-11-25,,,lead,840.0,,,,SRC00737,HIGH
IL00862,S0041,INV0029,Tiger Global,,Series F,2021-11-25,,,lead,840.0,,,,SRC00737,HIGH
IL00863,S0041,INV0029,Tiger Global,VC,,,2020-09,"['Series E', 'Secondary 2021', 'Series F']",True,,,,,SRC00735,HIGH
IL00864,S0041,INV0158,Tencent,corporate,,,2018-09,['Series D'],True,,,,,SRC00735,MEDIUM
IL00865,S0041,INV0020,TPG,PE,,,2020-09,"['Series E', 'Series F']",True,,,,,SRC00735,MEDIUM
IL00866,S0041,INV0170,Kalaari Capital,VC,,,2014,"['Series A', 'Series C', 'Series D']",True,,,,,SRC00747,MEDIUM
IL00867,S0041,INV0226,Multiples Alternate Asset Management,PE,,,2017-01,"['Series C', 'Series D']",True,,,,,SRC00747,MEDIUM
IL00868,S0041,INV0305,Alpha Wave Global (Falcon Edge),VC,,,2021-03,"['Secondary 2021', 'Series F']",True,,,,,SRC00737,HIGH
IL00869,S0042,INV0002,SoftBank,,"Equity (early backer; ~$200-220M invested, per ET Dec 2025)",2011,,,lead,,,,,SRC00752,MEDIUM
IL00870,S0042,INV0002,SoftBank,,"Equity (early backer; ~$200-220M invested, per ET Dec 2025)",2011,,,lead,,,,,SRC00752,MEDIUM
IL00871,S0042,INV0307,Mars Growth Capital (MUFG/Liquidity JV),,Debt,2024-09-10,,,,100.0,,,,SRC00752,MEDIUM
IL00872,S0042,INV0306,Mars Growth Capital,,Debt,2024-09-10,,,lead,100.0,,,,SRC00752,MEDIUM
IL00873,S0042,INV0308,Varde Partners,,"Loan (2 tranches, 13-14%, secured on founders' stake)",2025-12-04,,,lead,350.0,,,,SRC00751,HIGH
IL00874,S0042,INV0309,Elham Credit Partners,,"Loan (2 tranches, 13-14%, secured on founders' stake)",2025-12-04,,,lead,350.0,,,,SRC00751,HIGH
IL00875,S0042,INV0310,SeaTown Holdings,,"Loan (2 tranches, 13-14%, secured on founders' stake)",2025-12-04,,,lead,350.0,,,,SRC00751,HIGH
IL00876,S0042,INV0308,Varde Partners,,"Loan (2 tranches, 13-14%, secured on founders' stake)",2025-12-04,,,lead,350.0,,,,SRC00751,HIGH
IL00877,S0042,INV0309,Elham Credit Partners,,"Loan (2 tranches, 13-14%, secured on founders' stake)",2025-12-04,,,lead,350.0,,,,SRC00751,HIGH
IL00878,S0042,INV0310,SeaTown Holdings,,"Loan (2 tranches, 13-14%, secured on founders' stake)",2025-12-04,,,lead,350.0,,,,SRC00751,HIGH
IL00879,S0042,INV0002,SoftBank,,Seed/Series A,2011,,,lead,,,,,SRC00752,MEDIUM
IL00880,S0042,INV0002,SoftBank,,Seed/Series A,2011,,,lead,,,,,SRC00752,MEDIUM
IL00881,S0042,INV0311,Baring,,Series A,2024-07,,,lead,830.0,,,,SRC00755,MEDIUM
IL00882,S0042,INV0311,Baring,,Series A,2024-07,,,lead,830.0,,,,SRC00755,MEDIUM
IL00883,S0042,INV0308,Varde Partners,,Debt,2025-12-04,,,lead,350.0,,,,SRC00751,HIGH
IL00884,S0042,INV0309,Elham Credit Partners,,Debt,2025-12-04,,,lead,350.0,,,,SRC00751,HIGH
IL00885,S0042,INV0310,SeaTown Holdings,,Debt,2025-12-04,,,lead,350.0,,,,SRC00751,HIGH
IL00886,S0042,INV0308,Varde Partners,,Debt,2025-12-04,,,lead,350.0,,,,SRC00751,HIGH
IL00887,S0042,INV0309,Elham Credit Partners,,Debt,2025-12-04,,,lead,350.0,,,,SRC00751,HIGH
IL00888,S0042,INV0310,SeaTown Holdings,,Debt,2025-12-04,,,lead,350.0,,,,SRC00751,HIGH
IL00889,S0042,INV0002,SoftBank,,Total PE raised,2025-01-22,,,,216.0,,,,SRC00753,HIGH
IL00890,S0042,INV0312,Kleiner Perkins,,Total PE raised,2025-01-22,,,,216.0,,,,SRC00753,HIGH
IL00891,S0042,INV0313,Sherpalo Ventures,,Total PE raised,2025-01-22,,,,216.0,,,,SRC00753,HIGH
IL00892,S0042,INV0311,Baring,,Total PE raised,2025-01-22,,,,216.0,,,,SRC00753,HIGH
IL00893,S0042,INV0002,SoftBank,corporate-VC,,,2011,['2011 equity -> Dec 2025 selldown to 5-7%'],True,,,,,SRC00752,HIGH
IL00894,S0042,INV0308,Varde Partners,credit,,,2025-12,['Dec 2025 $350M loan'],True,,,,,SRC00751,HIGH
IL00895,S0042,INV0309,Elham Credit Partners,credit,,,2025-12,['Dec 2025 $350M loan'],False,,,,,SRC00751,HIGH
IL00896,S0042,INV0310,SeaTown Holdings,credit,,,2025-12,['Dec 2025 $350M loan'],False,,,,,SRC00751,HIGH
IL00897,S0042,INV0306,Mars Growth Capital,credit,,,2024-09,['Sep 2024 $100M debt'],True,,,,,SRC00752,MEDIUM
IL00898,S0042,INV0314,"Google (Glance backer, 20.3%)",corporate,,,,['Glance'],False,,,,,SRC00753,MEDIUM
IL00899,S0042,INV0315,"Jio Platforms (Glance backer, 10.1%)",corporate,,,,['Glance'],False,,,,,SRC00753,MEDIUM
IL00900,S0043,INV0225,Steadview Capital,,Primary (unicorn round),2019-03,,,lead,,,,,SRC00777,MEDIUM
IL00901,S0043,INV0225,Steadview Capital,,Primary (unicorn round),2019-03,,,lead,,,,,SRC00777,MEDIUM
IL00902,S0043,INV0316,Fidelity Investments (secondary),,Secondary,2020-11,,,,,,,,SRC00777,LOW
IL00903,S0043,INV0317,"public shareholders; OFS sellers: Sanjay Nayar Family Trust, TPG Growth IV SF, Lighthouse funds, JM Financial, others",,IPO,2021-10-28,,,,53520.0,,,,SRC00774,HIGH
IL00904,S0043,INV0302,TPG Growth,PE,,,2021-10,['pre-IPO; OFS seller'],False,,,,,SRC00774,HIGH
IL00905,S0043,INV0225,Steadview Capital,VC,,,2019-03,['2019 unicorn round'],True,,,,,SRC00777,MEDIUM
IL00906,S0043,INV0102,Fidelity Investments,AM,,,2020-11,['2020 secondary'],False,,,,,SRC00777,MEDIUM
IL00907,S0043,INV0318,Lighthouse Advisors,PE,,,2021-10,['pre-IPO; OFS seller'],False,,,,,SRC00777,MEDIUM
IL00908,S0044,INV0127,Temasek,,Series G,2024-12-12,,,lead,210.0,,,,SRC00786,HIGH
IL00909,S0044,INV0319,Evolvence Capital,,Series G,2024-12-12,,,,210.0,,,,SRC00786,HIGH
IL00910,S0044,INV0127,Temasek,,Series G,2024-12-12,,,lead,210.0,,,,SRC00786,HIGH
IL00911,S0044,INV0320,KKR (secondary buyer),,Secondary,2024-12-19,,,,,,,,SRC00785,HIGH
IL00912,S0044,INV0321,Coatue (seller),,Secondary,2024-12-19,,,,,,,,SRC00785,HIGH
IL00913,S0044,INV0322,Lightbox (seller),,Secondary,2024-12-19,,,,,,,,SRC00785,HIGH
IL00914,S0044,INV0070,KKR,,Secondary,2024-12-19,,,lead,,,,,SRC00785,HIGH
IL00915,S0044,INV0323,Qatar Investment Authority,,Unattributed top-up,2025-04-22,,,lead,25.0,,,,SRC00787,MEDIUM
IL00916,S0044,INV0323,Qatar Investment Authority,,Unattributed top-up,2025-04-22,,,lead,25.0,,,,SRC00787,MEDIUM
IL00917,S0044,INV0323,Qatar Investment Authority,,Series F,2021-10-07,,,lead,175.0,,,,SRC00789,MEDIUM
IL00918,S0044,INV0323,Qatar Investment Authority,,Series F,2021-10-07,,,lead,175.0,,,,SRC00789,MEDIUM
IL00919,S0044,INV0323,Qatar Investment Authority,,Top-up (unattributed),2025-04-22,,,lead,25.0,,,,SRC00787,MEDIUM
IL00920,S0044,INV0323,Qatar Investment Authority,,Top-up (unattributed),2025-04-22,,,lead,25.0,,,,SRC00787,MEDIUM
IL00921,S0044,INV0324,Sequoia India (now Peak XV Partners),,Series A,2017,,,,,,,,SRC00795,LOW
IL00922,S0044,INV0245,Coatue,,Series B,2018,,,,,,,,SRC00785,LOW
IL00923,S0044,INV0325,Lightbox,,Series B,2018,,,,,,,,SRC00785,LOW
IL00924,S0044,INV0037,Peak XV Partners,,Series C,2019,,,,,,,,SRC00795,LOW
IL00925,S0044,INV0245,Coatue,,Series C,2019,,,,,,,,SRC00795,LOW
IL00926,S0044,INV0325,Lightbox,,Series C,2019,,,,,,,,SRC00795,LOW
IL00927,S0044,INV0127,Temasek,sovereign,,,,['Series G'],True,,,,,SRC00786,HIGH
IL00928,S0044,INV0323,Qatar Investment Authority,sovereign,,,,"['Series F', '2025 top-up']",True,,,,,SRC00787,HIGH
IL00929,S0044,INV0070,KKR,PE,,,,['Secondary Dec 2024'],True,,,,,SRC00785,HIGH
IL00930,S0044,INV0319,Evolvence Capital,PE,,,,['Series G'],,,,,,SRC00785,MEDIUM
IL00931,S0044,INV0245,Coatue,VC,,,,['earlier'],,,,,,SRC00785,MEDIUM
IL00932,S0044,INV0040,Peak XV Partners (Sequoia India),VC,,,,['earlier'],,,,,,SRC00795,MEDIUM
IL00933,S0045,INV0326,L Catterton,,Private Equity minority,2023-06-20,,,lead,60.0,,,,SRC00797,
IL00934,S0045,INV0327,Nestle S.A.,,Corporate minority,2025-05-26,,,lead,,,,,SRC00798,
IL00935,S0045,INV0327,Nestle S.A.,,Corporate minority,2025-05-26,,,lead,,,,,SRC00798,HIGH
IL00936,S0045,INV0327,Nestle S.A.,,Corporate minority,2025-05-26,,,lead,,,,,SRC00798,HIGH
IL00937,S0045,INV0326,L Catterton,,,,,['2023 PE'],True,,,,,SRC00797,
IL00938,S0045,INV0327,Nestle S.A.,,,,,['2025 corporate minority'],True,,,,,SRC00798,
IL00939,S0046,INV0328,Khazanah Nasional Berhad,,Series C,2016-05-10,,,lead,100.0,,,,SRC00824,MEDIUM
IL00940,S0046,INV0328,Khazanah Nasional Berhad,,Series C,2016-05-10,,,lead,100.0,,,,SRC00824,MEDIUM
IL00941,S0046,INV0329,Apax Partners,,Series D (Apax),2019-01-01,,,lead,200.0,,,,SRC00825,MEDIUM
IL00942,S0046,INV0329,Apax Partners,,Series D (Apax),2019-01-01,,,lead,200.0,,,,SRC00825,MEDIUM
IL00943,S0046,INV0330,TPG Capital,,Series D (TPG),2022-01-05,,,lead,360.0,,,,SRC00825,HIGH
IL00944,S0046,INV0330,TPG Capital,,Series D (TPG),2022-01-05,,,lead,360.0,,,,SRC00825,HIGH
IL00945,S0046,INV0331,Trust Investment Advisors funds,,Secondary,2025-07-15,,,,170.0,,,,SRC00816,HIGH
IL00946,S0046,INV0011,White Oak Capital,,Secondary,2025-07-15,,,,170.0,,,,SRC00816,HIGH
IL00947,S0046,INV0115,Gaja Capital,,Secondary,2025-07-15,,,,170.0,,,,SRC00816,HIGH
IL00948,S0046,INV0332,Neo Asset Management,,Secondary,2025-07-15,,,,170.0,,,,SRC00816,HIGH
IL00949,S0046,INV0330,TPG Capital,PE,,,,['Series D 2022'],True,,,,,SRC00825,HIGH
IL00950,S0046,INV0333,Apax Partners (Quinag Bidco),PE,,,,"['2019', 'OFS seller 2025']",True,,,,,SRC00815,HIGH
IL00951,S0046,INV0328,Khazanah Nasional Berhad,sovereign,,,,['Series C 2016'],,,,,,SRC00824,MEDIUM
IL00952,S0046,INV0334,TA Associates,PE,,,,['Series B'],,,,,,SRC00825,MEDIUM
IL00953,S0047,INV0335,Artal Asia (Invus affiliate),,Series C,2021-12-20,,,lead,85.0,,,,SRC00844,
IL00954,S0047,INV0336,SC Ventures (Standard Chartered),,Series D,2025-06-30,,,lead,120.0,,,,SRC00829,
IL00955,S0047,INV0048,Nexus Venture Partners,,Seed,2015-12-16,,,lead,1.97,,,,SRC00837,HIGH
IL00956,S0047,INV0048,Nexus Venture Partners,,Seed,2015-12-16,,,lead,1.97,,,,SRC00837,HIGH
IL00957,S0047,INV0048,Nexus Venture Partners,,Series A,2017-05-15,,,lead,11.4,,,,SRC00837,HIGH
IL00958,S0047,INV0170,Kalaari Capital,,Series A,2017-05-15,,,,11.4,,,,SRC00837,HIGH
IL00959,S0047,INV0048,Nexus Venture Partners,,Series A,2017-05-15,,,lead,11.4,,,,SRC00837,HIGH
IL00960,S0047,INV0337,Heron Rock,,Series B,2019-01-04,,,lead,15.8,,,,SRC00837,HIGH
IL00961,S0047,INV0338,William R Jarvis,,Series B,2019-01-04,,,,15.8,,,,SRC00837,HIGH
IL00962,S0047,INV0170,Kalaari Capital,,Series B,2019-01-04,,,,15.8,,,,SRC00837,HIGH
IL00963,S0047,INV0048,Nexus Venture Partners,,Series B,2019-01-04,,,,15.8,,,,SRC00837,HIGH
IL00964,S0047,INV0339,Capria,,Series B,2019-01-04,,,,15.8,,,,SRC00837,HIGH
IL00965,S0047,INV0340,BNK Ventures,,Series B,2019-01-04,,,,15.8,,,,SRC00837,HIGH
IL00966,S0047,INV0337,Heron Rock,,Series B,2019-01-04,,,lead,15.8,,,,SRC00837,HIGH
IL00967,S0047,INV0337,Heron Rock,,Series B,2020-10-20,,,lead,25.1,,,,SRC00837,HIGH
IL00968,S0047,INV0341,JumboFund,,Series B,2020-10-20,,,lead,25.1,,,,SRC00837,HIGH
IL00969,S0047,INV0342,Jarvis Family Investments,,Series B,2020-10-20,,,,25.1,,,,SRC00837,HIGH
IL00970,S0047,INV0048,Nexus Venture Partners,,Series B,2020-10-20,,,,25.1,,,,SRC00837,HIGH
IL00971,S0047,INV0343,Siddhi Capital,,Series B,2020-10-20,,,,25.1,,,,SRC00837,HIGH
IL00972,S0047,INV0344,William Jarvis,,Series B,2020-10-20,,,,25.1,,,,SRC00837,HIGH
IL00973,S0047,INV0339,Capria,,Series B,2020-10-20,,,,25.1,,,,SRC00837,HIGH
IL00974,S0047,INV0170,Kalaari Capital,,Series B,2020-10-20,,,,25.1,,,,SRC00837,HIGH
IL00975,S0047,INV0345,SEE,,Series B,2020-10-20,,,,25.1,,,,SRC00837,HIGH
IL00976,S0047,INV0346,e Analytics Partners,,Series B,2020-10-20,,,,25.1,,,,SRC00837,HIGH
IL00977,S0047,INV0347,Reaction,,Series B,2020-10-20,,,,25.1,,,,SRC00837,HIGH
IL00978,S0047,INV0348,Vikas Aggarwal,,Series B,2020-10-20,,,,25.1,,,,SRC00837,HIGH
IL00979,S0047,INV0349,Radha B G,,Series B,2020-10-20,,,,25.1,,,,SRC00837,HIGH
IL00980,S0047,INV0350,Anjana Aggarwal,,Series B,2020-10-20,,,,25.1,,,,SRC00837,HIGH
IL00981,S0047,INV0351,Abheek Singhi,,Series B,2020-10-20,,,,25.1,,,,SRC00837,HIGH
IL00982,S0047,INV0352,Rubal Jain,,Series B,2020-10-20,,,,25.1,,,,SRC00837,HIGH
IL00983,S0047,INV0353,Janmejaya Sinha,,Series B,2020-10-20,,,,25.1,,,,SRC00837,HIGH
IL00984,S0047,INV0354,Raman Aggarwal,,Series B,2020-10-20,,,,25.1,,,,SRC00837,HIGH
IL00985,S0047,INV0355,Sudhir Menon,,Series B,2020-10-20,,,,25.1,,,,SRC00837,HIGH
IL00986,S0047,INV0356,Sachin Nandgaonkar,,Series B,2020-10-20,,,,25.1,,,,SRC00837,HIGH
IL00987,S0047,INV0357,Rohan Lamba,,Series B,2020-10-20,,,,25.1,,,,SRC00837,HIGH
IL00988,S0047,INV0358,Bhago Mobility,,Series B,2020-10-20,,,,25.1,,,,SRC00837,HIGH
IL00989,S0047,INV0359,Pimpernel Holdings,,Series B,2020-10-20,,,,25.1,,,,SRC00837,HIGH
IL00990,S0047,INV0360,Compaa de Galletas Noel,,Series B,2020-10-20,,,,25.1,,,,SRC00837,HIGH
IL00991,S0047,INV0361,Natesan Synchrocones,,Series B,2020-10-20,,,,25.1,,,,SRC00837,HIGH
IL00992,S0047,INV0362,Alpesh Shah,,Series B,2020-10-20,,,,25.1,,,,SRC00837,HIGH
IL00993,S0047,INV0363,Srinivasan Raman,,Series B,2020-10-20,,,,25.1,,,,SRC00837,HIGH
IL00994,S0047,INV0364,Ravi Srivastava,,Series B,2020-10-20,,,,25.1,,,,SRC00837,HIGH
IL00995,S0047,INV0365,Arindam Kumar Bhattacharya,,Series B,2020-10-20,,,,25.1,,,,SRC00837,HIGH
IL00996,S0047,INV0366,Veronorte,,Series B,2020-10-20,,,,25.1,,,,SRC00837,HIGH
IL00997,S0047,INV0367,The Peter Crosby Estate Discretionary,,Series B,2020-10-20,,,,25.1,,,,SRC00837,HIGH
IL00998,S0047,INV0368,Euthymia,,Series B,2020-10-20,,,,25.1,,,,SRC00837,HIGH
IL00999,S0047,INV0369,Klinkert Investments,,Series B,2020-10-20,,,,25.1,,,,SRC00837,HIGH
IL01000,S0047,INV0370,VII Ventures,,Series B,2020-10-20,,,,25.1,,,,SRC00837,HIGH
IL01001,S0047,INV0371,Alteria Capital,,Series B,2020-10-20,,,,25.1,,,,SRC00837,HIGH
IL01002,S0047,INV0372,Shyam Narayan Viswanathan,,Series B,2020-10-20,,,,25.1,,,,SRC00837,HIGH
IL01003,S0047,INV0373,Ganesh Guruswamy,,Series B,2020-10-20,,,,25.1,,,,SRC00837,HIGH
IL01004,S0047,INV0374,Venkateshwaran Balaram,,Series B,2020-10-20,,,,25.1,,,,SRC00837,HIGH
IL01005,S0047,INV0375,Rishikeshvakula Varadarajan,,Series B,2020-10-20,,,,25.1,,,,SRC00837,HIGH
IL01006,S0047,INV0376,Discovery Ventures,,Series B,2020-10-20,,,,25.1,,,,SRC00837,HIGH
IL01007,S0047,INV0377,Natesan,,Series B,2020-10-20,,,,25.1,,,,SRC00837,HIGH
IL01008,S0047,INV0337,Heron Rock,,Series B,2020-10-20,,,lead,25.1,,,,SRC00837,HIGH
IL01009,S0047,INV0341,JumboFund,,Series B,2020-10-20,,,lead,25.1,,,,SRC00837,HIGH
IL01010,S0047,INV0378,Invus,,Series C,2021-12-20,,,lead,69.8,,,,SRC00837,HIGH
IL01011,S0047,INV0379,Artal Asia,,Series C,2021-12-20,,,lead,69.8,,,,SRC00837,HIGH
IL01012,S0047,INV0048,Nexus Venture Partners,,Series C,2021-12-20,,,,69.8,,,,SRC00837,HIGH
IL01013,S0047,INV0170,Kalaari Capital,,Series C,2021-12-20,,,,69.8,,,,SRC00837,HIGH
IL01014,S0047,INV0380,Ajax Partners,,Series C,2021-12-20,,,,69.8,,,,SRC00837,HIGH
IL01015,S0047,INV0378,Invus,,Series C,2021-12-20,,,lead,69.8,,,,SRC00837,HIGH
IL01016,S0047,INV0379,Artal Asia,,Series C,2021-12-20,,,lead,69.8,,,,SRC00837,HIGH
IL01017,S0047,INV0371,Alteria Capital,,Venture Debt,2021-06-04,,,lead,4.79,,,,SRC00837,HIGH
IL01018,S0047,INV0371,Alteria Capital,,Venture Debt,2021-06-04,,,lead,4.79,,,,SRC00837,HIGH
IL01019,S0047,INV0371,Alteria Capital,,Venture Debt,2023-03-14,,,lead,9.13,,,,SRC00837,HIGH
IL01020,S0047,INV0381,Innoven Capital,,Venture Debt,2023-03-14,,,lead,9.13,,,,SRC00837,HIGH
IL01021,S0047,INV0371,Alteria Capital,,Venture Debt,2023-03-14,,,lead,9.13,,,,SRC00837,HIGH
IL01022,S0047,INV0381,Innoven Capital,,Venture Debt,2023-03-14,,,lead,9.13,,,,SRC00837,HIGH
IL01023,S0047,INV0379,Artal Asia,,Series C3,2024-03-18,,,lead,18.2,,,,SRC00840,HIGH
IL01024,S0047,INV0337,Heron Rock,,Series C3,2024-03-18,,,,18.2,,,,SRC00840,HIGH
IL01025,S0047,INV0347,Reaction,,Series C3,2024-03-18,,,,18.2,,,,SRC00840,HIGH
IL01026,S0047,INV0370,VII Ventures,,Series C3,2024-03-18,,,,18.2,,,,SRC00840,HIGH
IL01027,S0047,INV0382,Jarvis Reserve Fund,,Series C3,2024-03-18,,,,18.2,,,,SRC00840,HIGH
IL01028,S0047,INV0383,Sabre Investment,,Series C3,2024-03-18,,,,18.2,,,,SRC00840,HIGH
IL01029,S0047,INV0025,Arkam Ventures,,Series C3,2024-03-18,,,,18.2,,,,SRC00840,HIGH
IL01030,S0047,INV0384,W250 Venture Fund,,Series C3,2024-03-18,,,,18.2,,,,SRC00840,HIGH
IL01031,S0047,INV0343,Siddhi Capital,,Series C3,2024-03-18,,,,18.2,,,,SRC00840,HIGH
IL01032,S0047,INV0366,Veronorte,,Series C3,2024-03-18,,,,18.2,,,,SRC00840,HIGH
IL01033,S0047,INV0376,Discovery Ventures,,Series C3,2024-03-18,,,,18.2,,,,SRC00840,HIGH
IL01034,S0047,INV0385,Dfosg,,Series C3,2024-03-18,,,,18.2,,,,SRC00840,HIGH
IL01035,S0047,INV0365,Arindam Kumar Bhattacharya,,Series C3,2024-03-18,,,,18.2,,,,SRC00840,HIGH
IL01036,S0047,INV0374,Venkateshwaran Balaram,,Series C3,2024-03-18,,,,18.2,,,,SRC00840,HIGH
IL01037,S0047,INV0386,Yogesh Chaudhary,,Series C3,2024-03-18,,,,18.2,,,,SRC00840,HIGH
IL01038,S0047,INV0387,Alok Kumar Ramsisaria,,Series C3,2024-03-18,,,,18.2,,,,SRC00840,HIGH
IL01039,S0047,INV0388,Sameer Jain,,Series C3,2024-03-18,,,,18.2,,,,SRC00840,HIGH
IL01040,S0047,INV0389,Vasudha Karthik,,Series C3,2024-03-18,,,,18.2,,,,SRC00840,HIGH
IL01041,S0047,INV0390,Sampat Singh Ahluwalia,,Series C3,2024-03-18,,,,18.2,,,,SRC00840,HIGH
IL01042,S0047,INV0391,Chitranjan Agarwal,,Series C3,2024-03-18,,,,18.2,,,,SRC00840,HIGH
IL01043,S0047,INV0392,Sabre Investment Consultants,,Series C3,2024-03-18,,,,18.2,,,,SRC00840,HIGH
IL01044,S0047,INV0393,Jarvis,,Series C3,2024-03-18,,,,18.2,,,,SRC00840,HIGH
IL01045,S0047,INV0394,Abhinav Bhalaik,,Series C3,2024-03-18,,,,18.2,,,,SRC00840,HIGH
IL01046,S0047,INV0395,Ramesh Gopal,,Series C3,2024-03-18,,,,18.2,,,,SRC00840,HIGH
IL01047,S0047,INV0396,Kashish Bhatia,,Series C3,2024-03-18,,,,18.2,,,,SRC00840,HIGH
IL01048,S0047,INV0379,Artal Asia,,Series C3,2024-03-18,,,lead,18.2,,,,SRC00840,HIGH
IL01049,S0047,INV0371,Alteria Capital,,Series C,2023-05-26,,,lead,0.459,,,,SRC00837,MEDIUM
IL01050,S0047,INV0381,Innoven Capital,,Series C,2023-05-26,,,lead,0.459,,,,SRC00837,MEDIUM
IL01051,S0047,INV0371,Alteria Capital,,Series C,2023-05-26,,,lead,0.459,,,,SRC00837,MEDIUM
IL01052,S0047,INV0381,Innoven Capital,,Series C,2023-05-26,,,lead,0.459,,,,SRC00837,MEDIUM
IL01053,S0047,INV0397,NEC Corporation,,Strategic Investment,2026-03-03,,,lead,,,,,SRC00836,HIGH
IL01054,S0047,INV0397,NEC Corporation,,Strategic Investment,2026-03-03,,,lead,,,,,SRC00836,HIGH
IL01055,S0047,INV0398,SC Ventures,,,,,['Series D 2025'],True,,,,,SRC00829,
IL01056,S0047,INV0399,Artal Asia (Invus),,,,,"['Series C 2021', 'Series D 2025']",True,,,,,SRC00845,
IL01057,S0047,INV0400,"Nexus Venture Partners, Kalaari Capital",,,,,['early Series A/B'],False,,,,,SRC00846,
IL01058,S0048,INV0302,TPG Growth,,Series C,2018-09-19,,,lead,70.0,,,,SRC00868,
IL01059,S0048,INV0401,Goldman Sachs,,Series C,2018-09-19,,,lead,70.0,,,,SRC00868,
IL01060,S0048,INV0070,KKR,,Series F,2022-02-08,,,lead,180.0,,,,SRC00851,
IL01061,S0048,INV0402,Saint-Gobain,,Series F tranche,2024-02-29,,,lead,,,,,SRC00869,
IL01062,S0048,INV0403,Helion Venture Partners,,Series A,2014-12-17,,,lead,4.6,,,,SRC00867,HIGH
IL01063,S0048,INV0404,Jungle Ventures,,Series A,2014-12-17,,,lead,4.6,,,,SRC00867,HIGH
IL01064,S0048,INV0112,Bessemer Venture Partners,,Series A,2014-12-17,,,lead,4.6,,,,SRC00867,HIGH
IL01065,S0048,INV0405,Oak Group,,Series A,2014-12-17,,,lead,4.6,,,,SRC00867,HIGH
IL01066,S0048,INV0112,Bessemer Venture Partners,,Series A (second tranche),2015-08-11,,,lead,8.6,,,,SRC00867,HIGH
IL01067,S0048,INV0404,Jungle Ventures,,Series A (second tranche),2015-08-11,,,lead,8.6,,,,SRC00867,HIGH
IL01068,S0048,INV0403,Helion Venture Partners,,Series A (second tranche),2015-08-11,,,lead,8.6,,,,SRC00867,HIGH
IL01069,S0048,INV0406,Gokul Rajaram,,Series A (second tranche),2015-08-11,,,lead,8.6,,,,SRC00867,HIGH
IL01070,S0048,INV0112,Bessemer Venture Partners,,Series B,2016-05-13,,,lead,15.0,,,,SRC00870,HIGH
IL01071,S0048,INV0403,Helion Venture Partners,,Series B,2016-05-13,,,lead,15.0,,,,SRC00870,HIGH
IL01072,S0048,INV0404,Jungle Ventures,,Series B,2016-05-13,,,lead,15.0,,,,SRC00870,HIGH
IL01073,S0048,INV0405,Oak Group,,Series B,2016-05-13,,,lead,15.0,,,,SRC00870,HIGH
IL01074,S0048,INV0407,IKEA (Ingka Group),,Series D,2019-05-20,,,lead,,,,,SRC00867,MEDIUM
IL01075,S0048,INV0408,Kharis Capital,,Series D (second tranche),2020-01-28,,,lead,60.0,,,,SRC00867,HIGH
IL01076,S0048,INV0409,Venturi Partners,,Series D (second tranche),2020-01-28,,,lead,60.0,,,,SRC00867,HIGH
IL01077,S0048,INV0410,Tahoe Investment Group,,Series D (second tranche),2020-01-28,,,lead,60.0,,,,SRC00867,HIGH
IL01078,S0048,INV0401,Goldman Sachs,,Series D (third tranche),2020-09-03,,,lead,90.0,,,,SRC00867,HIGH
IL01079,S0048,INV0411,EDBI,,Series D (third tranche),2020-09-03,,,lead,90.0,,,,SRC00867,HIGH
IL01080,S0048,INV0409,Venturi Partners,,Series D (third tranche),2020-09-03,,,lead,90.0,,,,SRC00867,HIGH
IL01081,S0048,INV0412,Ingka Group,,Series D (third tranche),2020-09-03,,,lead,90.0,,,,SRC00867,HIGH
IL01082,S0048,INV0408,Kharis Capital,,Series D (third tranche),2020-09-03,,,lead,90.0,,,,SRC00867,HIGH
IL01083,S0048,INV0413,Trifecta Capital,,Venture Debt,2020-10-02,,,lead,,,,,SRC00867,MEDIUM
IL01084,S0048,INV0020,TPG,,Series F (first tranche),2021-10-07,,,,57.8,,,,SRC00861,HIGH
IL01085,S0048,INV0414,QuaeroQ,,Series F (first tranche),2021-10-07,,,,57.8,,,,SRC00861,HIGH
IL01086,S0048,INV0413,Trifecta Capital,,Series F (first tranche),2021-10-07,,,,57.8,,,,SRC00861,HIGH
IL01087,S0048,INV0415,JV LivSpace SPV,,Series F (first tranche),2021-10-07,,,,57.8,,,,SRC00861,HIGH
IL01088,S0048,INV0404,Jungle Ventures,,Series F (first tranche),2021-10-07,,,,57.8,,,,SRC00861,HIGH
IL01089,S0048,INV0402,Saint-Gobain,,Series F (first tranche),2021-10-07,,,lead,57.8,,,,SRC00861,HIGH
IL01090,S0048,INV0407,IKEA (Ingka Group),,Series F (first tranche),2021-10-07,,,lead,57.8,,,,SRC00861,HIGH
IL01091,S0048,INV0404,Jungle Ventures,,Series F (second tranche),2022-02-07,,,,180.0,,,,SRC00857,HIGH
IL01092,S0048,INV0409,Venturi Partners,,Series F (second tranche),2022-02-07,,,,180.0,,,,SRC00857,HIGH
IL01093,S0048,INV0416,Peugeot Invest,,Series F (second tranche),2022-02-07,,,,180.0,,,,SRC00857,HIGH
IL01094,S0048,INV0412,Ingka Group,,Series F (second tranche),2022-02-07,,,,180.0,,,,SRC00857,HIGH
IL01095,S0048,INV0411,EDBI,,Series F (second tranche),2022-02-07,,,,180.0,,,,SRC00857,HIGH
IL01096,S0048,INV0417,Reno Asia Holdings,,Series F (second tranche),2022-02-07,,,,180.0,,,,SRC00857,HIGH
IL01097,S0048,INV0070,KKR,,Series F (second tranche),2022-02-07,,,lead,180.0,,,,SRC00857,HIGH
IL01098,S0048,INV0402,Saint-Gobain,,Series F tranche,2024-02-29,,,lead,,,,,SRC00871,MEDIUM
IL01099,S0048,INV0418,Singapore parent entity (rights issue),,Late VC,2025-04-28,,,lead,427.21,,,,SRC00864,HIGH
IL01100,S0048,INV0419,Undisclosed,,Late VC,2025-07-24,,,lead,42.0,,,,SRC00872,MEDIUM
IL01101,S0048,INV0419,Undisclosed,,Secondary Transaction,2026-07-19,,,lead,,,,,SRC00873,MEDIUM
IL01102,S0048,INV0070,KKR,,,,,['Series F 2022'],True,,,,,SRC00851,
IL01103,S0048,INV0420,"Ingka Group (IKEA), Jungle Ventures, Venturi Partners, Peugeot Invest",,,,,['Series D-F'],False,,,,,SRC00851,
IL01104,S0048,INV0402,Saint-Gobain,,,,,"['2021, 2024 tranches']",True,,,,,SRC00869,
IL01105,S0049,INV0421,"Fidelity, B Capital, Prosus, SoftBank Vision Fund 2",,Series F,2021-09,,,lead,570.0,,,,SRC00894,
IL01106,S0049,INV0422,"Tiger Global, Think Investments, Mars Growth Capital",,Series F (late private),2025-01-27,,,lead,270.0,,,,SRC00902,
IL01107,S0049,INV0423,public IPO; anchor $270M,,IPO,2025-12-03,,,lead,606.0,,,,SRC00889,
IL01108,S0049,INV0038,Y Combinator,,Seed,2015,,,lead,0.3,,,,SRC00894,MEDIUM
IL01109,S0049,INV0038,Y Combinator,,Seed,2015,,,lead,0.3,,,,SRC00894,MEDIUM
IL01110,S0049,INV0084,Sequoia Capital India,,Series A,2019,,,lead,125.0,,,,SRC00894,HIGH
IL01111,S0049,INV0084,Sequoia Capital India,,Series A,2019,,,lead,125.0,,,,SRC00894,HIGH
IL01112,S0049,INV0005,SoftBank Vision Fund 2,,Series B,2021-04,,,lead,300.0,,,,SRC00894,HIGH
IL01113,S0049,INV0005,SoftBank Vision Fund 2,,Series B,2021-04,,,lead,300.0,,,,SRC00894,HIGH
IL01114,S0049,INV0424,"SoftBank, Prosus, Fidelity (no OFS sale at IPO)",,,,,['late private; IPO holders'],False,,,,,SRC00888,
IL01115,S0049,INV0425,"Elevation Capital, Peak XV Partners, Y Combinator (sold partial in IPO)",,,,,['early; IPO OFS sellers'],False,,,,,SRC00889,
IL01116,S0049,INV0422,"Tiger Global, Think Investments, Mars Growth Capital",,,,,['Jan 2025 round'],True,,,,,SRC00902,
IL01117,S0049,INV0005,SoftBank Vision Fund 2,VC,,,2021-04,"['Series B', 'Series F']",True,,300,,,SRC00894,HIGH
IL01118,S0049,INV0142,Prosus,VC/PE,,,2021-09,['Series F'],False,,,,,SRC00888,HIGH
IL01119,S0049,INV0093,Fidelity,Asset manager,,,2021-09,['Series F'],False,,,,,SRC00894,HIGH
IL01120,S0049,INV0426,Peak XV Partners (formerly Sequoia India),VC,,,2018,"['Series A', 'early']",False,,125,,,SRC00888,HIGH
IL01121,S0049,INV0038,Y Combinator,Accelerator,,,2015,['Seed'],False,,,,,SRC00894,MEDIUM
IL01122,S0049,INV0029,Tiger Global,Hedge fund,,,2025-01,['Series F late'],True,,270,,,SRC00890,HIGH
IL01123,S0049,INV0094,Think Investments,Investment firm,,,2025-01,['Series F late'],False,,,,,SRC00890,HIGH
IL01124,S0049,INV0306,Mars Growth Capital,Investment firm,,,2025-01,['Series F late'],False,,,,,SRC00890,HIGH
IL01125,S0049,INV0143,B Capital,VC,,,2021-09,['Series F'],False,,,,,SRC00894,HIGH
IL01126,S0049,INV0427,Facebook,Corporate,,,2021-09,['Series F'],False,,,,,SRC00894,HIGH
IL01127,S0049,INV0121,Elevation Capital,VC,,,early,['early'],False,,,,,SRC00889,HIGH
IL01128,S0049,INV0428,Venture Highway,VC,,,early,['early'],False,,,,,SRC00894,HIGH
IL01129,S0049,INV0004,WestBridge Capital,PE,,,2023-10,['secondary'],False,,,,,SRC00894,HIGH
IL01130,S0050,INV0127,Temasek,,Pre-IPO (ANI Technologies),2021-07-09,,,lead,500.0,,,,SRC00908,
IL01131,S0050,INV0429,Plum Wood (Warburg Pincus affiliate),,Pre-IPO (ANI Technologies),2021-07-09,,,lead,500.0,,,,SRC00908,
IL01132,S0050,INV0430,Bhavish Aggarwal,,Pre-IPO (ANI Technologies),2021-07-09,,,lead,500.0,,,,SRC00908,
IL01133,S0050,INV0431,Edelweiss,,Series J,2021-12,,,lead,139.0,,,,SRC00920,
IL01134,S0050,INV0432,"SoftBank (~26%), Tiger Global, Tencent (historic stakes)",,,,,['multiple'],False,,,,,SRC00923,
IL01135,S0050,INV0433,Temasek / Warburg Pincus,,,,,['2021 pre-IPO'],True,,,,,SRC00908,
IL01136,S0050,INV0434,"Vanguard (markdown holder, not lead investor)",,,,,,False,,,,,SRC00909,
IL01137,S0051,INV0442,Swiggy,,Series D,2022-04,,,lead,180.0,,,,SRC00926,
IL01138,S0051,INV0004,WestBridge Capital,,Series E,2024-07-29,,,lead,120.0,,,,SRC00926,
IL01139,S0051,INV0142,Prosus,,Series F (primary; part of $730M primary+secondary),2026-05-15,,,lead,240.0,,,,SRC00925,
IL01140,S0051,INV0446,AdvantEdge,,Seed,2016,,,,,,,,SRC00938,MEDIUM
IL01141,S0051,INV0444,Astarc Ventures,,Seed,2016,,,lead,,,,,SRC00938,MEDIUM
IL01142,S0051,INV0445,Tessellate Ventures,,Seed,2016,,,lead,,,,,SRC00938,MEDIUM
IL01143,S0051,INV0447,private backers,,Seed,2016,,,,,,,,SRC00938,MEDIUM
IL01144,S0051,INV0443,AdvantEdge Partners,,Seed,2016,,,lead,,,,,SRC00938,MEDIUM
IL01145,S0051,INV0444,Astarc Ventures,,Seed,2016,,,lead,,,,,SRC00938,MEDIUM
IL01146,S0051,INV0445,Tessellate Ventures,,Seed,2016,,,lead,,,,,SRC00938,MEDIUM
IL01147,S0051,INV0048,Nexus Venture Partners,,Series A,2019-01-10,,,lead,11.2,,,,SRC00939,HIGH
IL01148,S0051,INV0448,Integrated Capital,,Series A,2019-01-10,,,lead,11.2,,,,SRC00939,HIGH
IL01149,S0051,INV0449,Merchants Capital,,Series A,2019-01-10,,,,11.2,,,,SRC00939,HIGH
IL01150,S0051,INV0444,Astarc Ventures,,Series A,2019-01-10,,,,11.2,,,,SRC00939,HIGH
IL01151,S0051,INV0450,Abhimanyu Munjal,,Series A,2019-01-10,,,,11.2,,,,SRC00939,HIGH
IL01152,S0051,INV0446,AdvantEdge,,Series A,2019-01-10,,,,11.2,,,,SRC00939,HIGH
IL01153,S0051,INV0048,Nexus Venture Partners,,Series A,2019-01-10,,,lead,11.2,,,,SRC00939,HIGH
IL01154,S0051,INV0448,Integrated Capital,,Series A,2019-01-10,,,lead,11.2,,,,SRC00939,HIGH
IL01155,S0051,INV0004,WestBridge Capital,,Series B,2019-08-14,,,lead,54.6,,,,SRC00939,HIGH
IL01156,S0051,INV0048,Nexus Venture Partners,,Series B,2019-08-14,,,,54.6,,,,SRC00939,HIGH
IL01157,S0051,INV0451,BAce Capital,,Series B,2019-08-14,,,,54.6,,,,SRC00939,HIGH
IL01158,S0051,INV0452,Shunwei Capital,,Series B,2019-08-14,,,,54.6,,,,SRC00939,HIGH
IL01159,S0051,INV0453,Konark Trust,,Series B,2019-08-14,,,,54.6,,,,SRC00939,HIGH
IL01160,S0051,INV0454,MMPL Trust,,Series B,2019-08-14,,,,54.6,,,,SRC00939,HIGH
IL01161,S0051,INV0455,Everblue Bangladesh,,Series B,2019-08-14,,,,54.6,,,,SRC00939,HIGH
IL01162,S0051,INV0004,WestBridge Capital,,Series B,2019-08-14,,,lead,54.6,,,,SRC00939,HIGH
IL01163,S0051,INV0456,Shell Ventures,,Series C,2021-08-16,,,,52.0,,,,SRC00940,HIGH
IL01164,S0051,INV0457,Yamaha,,Series C,2021-08-16,,,,52.0,,,,SRC00940,HIGH
IL01165,S0051,INV0458,Kunal Shah (CRED),,Series C,2021-08-16,,,,52.0,,,,SRC00940,HIGH
IL01166,S0051,INV0459,Amarjit Singh Batra (Spotify India),,Series C,2021-08-16,,,,52.0,,,,SRC00940,HIGH
IL01167,S0051,INV0460,Positive Moves Consulting,,Series C,2021-08-16,,,,52.0,,,,SRC00940,HIGH
IL01168,S0051,INV0004,WestBridge Capital,,Series C,2021-08-16,,,lead,52.0,,,,SRC00940,HIGH
IL01169,S0051,INV0048,Nexus Venture Partners,,Series C,2021-08-16,,,,52.0,,,,SRC00940,HIGH
IL01170,S0051,INV0461,Everblue Management,,Series C,2021-08-16,,,,52.0,,,,SRC00940,HIGH
IL01171,S0051,INV0462,QED Innovation Labs,,Series C,2021-08-16,,,,52.0,,,,SRC00940,HIGH
IL01172,S0051,INV0454,MMPL Trust,,Series C,2021-08-16,,,,52.0,,,,SRC00940,HIGH
IL01173,S0051,INV0463,Motherson Lease Solutions,,Series C,2021-08-16,,,,52.0,,,,SRC00940,HIGH
IL01174,S0051,INV0004,WestBridge Capital,,Series C,2021-08-16,,,lead,52.0,,,,SRC00940,HIGH
IL01175,S0051,INV0142,Prosus,,Series E (secondary),2025-02-11,,,lead,30.0,,,,SRC00941,MEDIUM
IL01176,S0051,INV0142,Prosus,,Series E (secondary),2025-02-11,,,lead,30.0,,,,SRC00941,MEDIUM
IL01177,S0051,INV0142,Prosus,,Series F (primary),2026-05-15,,,lead,240.0,,,,SRC00925,HIGH
IL01178,S0051,INV0004,WestBridge Capital,,Series F (primary),2026-05-15,,,,240.0,,,,SRC00925,HIGH
IL01179,S0051,INV0003,Accel,,Series F (primary),2026-05-15,,,,240.0,,,,SRC00925,HIGH
IL01180,S0051,INV0142,Prosus,,Series F (primary),2026-05-15,,,lead,240.0,,,,SRC00925,HIGH
IL01181,S0051,INV0464,Prosus (MIH Investments One BV),,Series F (secondary),2025-09-23,,,,270.0,,,,SRC00933,HIGH
IL01182,S0051,INV0465,WestBridge Capital (Setu AIF Trust),,Series F (secondary),2025-09-23,,,,270.0,,,,SRC00933,HIGH
IL01183,S0051,INV0142,Prosus,,Series F (secondary),2025-09-23,,,lead,270.0,,,,SRC00933,HIGH
IL01184,S0051,INV0004,WestBridge Capital,,Series F (secondary),2025-09-23,,,lead,270.0,,,,SRC00933,HIGH
IL01185,S0051,INV0466,angel investors (via private wealth platforms),,Series F (secondary - ongoing),2026-06-18,,,,100.0,,,,SRC00936,MEDIUM
IL01186,S0051,INV0142,Prosus,,,,,['Series F 2026'],True,,,,,SRC00925,
IL01187,S0051,INV0467,WestBridge Capital (largest holder ~25.6%),,,,,"['Series E 2024', 'Series F 2026']",True,,,,,SRC00926,
IL01188,S0051,INV0003,Accel,,,,,['Series F 2026'],False,,,,,SRC00925,
IL01189,S0051,INV0468,Swiggy (exited Sep 2025),,,,,['Series D 2022'],True,,,,,SRC00944,
IL01190,S0052,INV0029,Tiger Global,,Series E,Apr 2021,,,lead,502.0,,,,SRC00978,
IL01191,S0052,INV0256,Google,,Series H,Jun 2022,,,lead,255.0,,,,SRC00978,
IL01192,S0052,INV0469,Times Group,,Series H,Jun 2022,,,lead,255.0,,,,SRC00978,
IL01193,S0052,INV0046,Lightspeed,,debt/convertible,Apr 2024,,,lead,49.0,,,,SRC00979,
IL01194,S0052,INV0127,Temasek,,debt/convertible,Apr 2024,,,lead,49.0,,,,SRC00979,
IL01195,S0052,INV0121,Elevation Capital,,Seed,2015-10-03,,,lead,0.7,,,,SRC00980,MEDIUM
IL01196,S0052,INV0470,India Quotient,,Seed,2015-10-03,,,lead,0.7,,,,SRC00980,MEDIUM
IL01197,S0052,INV0121,Elevation Capital,,Seed,2015-10-03,,,lead,0.7,,,,SRC00980,MEDIUM
IL01198,S0052,INV0470,India Quotient,,Seed,2015-10-03,,,lead,0.7,,,,SRC00980,MEDIUM
IL01199,S0052,INV0046,Lightspeed,,Series A,2016-11-12,,,,4.0,,,,SRC00980,MEDIUM
IL01200,S0052,INV0428,Venture Highway,,Series A,2016-11-12,,,,4.0,,,,SRC00980,MEDIUM
IL01201,S0052,INV0121,Elevation Capital,,Series A,2016-11-12,,,,4.0,,,,SRC00980,MEDIUM
IL01202,S0052,INV0470,India Quotient,,Series A,2016-11-12,,,,4.0,,,,SRC00980,MEDIUM
IL01203,S0052,INV0118,Lightspeed Venture Partners,,Series A,2016-11-12,,,lead,4.0,,,,SRC00980,MEDIUM
IL01204,S0052,INV0121,Elevation Capital,,Series B,2017-12-06,,,lead,8.0,,,,SRC00980,MEDIUM
IL01205,S0052,INV0471,Xiaomi,,Series B,2017-12-06,,,,8.0,,,,SRC00980,MEDIUM
IL01206,S0052,INV0118,Lightspeed Venture Partners,,Series B,2017-12-06,,,,8.0,,,,SRC00980,MEDIUM
IL01207,S0052,INV0470,India Quotient,,Series B,2017-12-06,,,,8.0,,,,SRC00980,MEDIUM
IL01208,S0052,INV0452,Shunwei Capital,,Series B,2017-12-06,,,,8.0,,,,SRC00980,MEDIUM
IL01209,S0052,INV0428,Venture Highway,,Series B,2017-12-06,,,,8.0,,,,SRC00980,MEDIUM
IL01210,S0052,INV0121,Elevation Capital,,Series B,2017-12-06,,,lead,8.0,,,,SRC00980,MEDIUM
IL01211,S0052,INV0046,Lightspeed,,Series C,2018-09-14,,,,50.0,,,,SRC00980,MEDIUM
IL01212,S0052,INV0118,Lightspeed Venture Partners,,Series C,2018-09-14,,,lead,50.0,,,,SRC00980,MEDIUM
IL01213,S0052,INV0471,Xiaomi,,Series C,2018-09-14,,,,50.0,,,,SRC00980,MEDIUM
IL01214,S0052,INV0472,5Y Capital,,Series C,2018-09-14,,,,50.0,,,,SRC00980,MEDIUM
IL01215,S0052,INV0121,Elevation Capital,,Series C,2018-09-14,,,,50.0,,,,SRC00980,MEDIUM
IL01216,S0052,INV0428,Venture Highway,,Series C,2018-09-14,,,,50.0,,,,SRC00980,MEDIUM
IL01217,S0052,INV0452,Shunwei Capital,,Series C,2018-09-14,,,,50.0,,,,SRC00980,MEDIUM
IL01218,S0052,INV0118,Lightspeed Venture Partners,,Series C,2018-09-14,,,lead,50.0,,,,SRC00980,MEDIUM
IL01219,S0052,INV0046,Lightspeed,,Series D,2019-08-22,,,lead,100.0,,,,SRC00981,HIGH
IL01220,S0052,INV0473,Hillhouse,,Series D,2019-08-22,,,,100.0,,,,SRC00981,HIGH
IL01221,S0052,INV0118,Lightspeed Venture Partners,,Series D,2019-08-22,,,,100.0,,,,SRC00981,HIGH
IL01222,S0052,INV0474,TrustBridge Partners,,Series D,2019-08-22,,,,100.0,,,,SRC00981,HIGH
IL01223,S0052,INV0470,India Quotient,,Series D,2019-08-22,,,,100.0,,,,SRC00981,HIGH
IL01224,S0052,INV0452,Shunwei Capital,,Series D,2019-08-22,,,,100.0,,,,SRC00981,HIGH
IL01225,S0052,INV0475,Twitter Ventures,,Series D,2019-08-22,,,,100.0,,,,SRC00981,HIGH
IL01226,S0052,INV0472,5Y Capital,,Series D,2019-08-22,,,,100.0,,,,SRC00981,HIGH
IL01227,S0052,INV0121,Elevation Capital,,Series D,2019-08-22,,,,100.0,,,,SRC00981,HIGH
IL01228,S0052,INV0046,Lightspeed,,Series D,2019-08-22,,,lead,100.0,,,,SRC00981,HIGH
IL01229,S0052,INV0476,HarbourVest Partners,,Series G,2021-12-16,,,lead,266.0,,,,SRC00980,MEDIUM
IL01230,S0052,INV0470,India Quotient,,Series G,2021-12-16,,,,266.0,,,,SRC00980,MEDIUM
IL01231,S0052,INV0477,SWC Global Ventures,,Series G,2021-12-16,,,,266.0,,,,SRC00980,MEDIUM
IL01232,S0052,INV0186,MacRitchie Investments,,Series G,2021-12-16,,,,266.0,,,,SRC00980,MEDIUM
IL01233,S0052,INV0127,Temasek,,Series G,2021-12-16,,,,266.0,,,,SRC00980,MEDIUM
IL01234,S0052,INV0478,Touchstone Partners,,Series G,2021-12-16,,,,266.0,,,,SRC00980,MEDIUM
IL01235,S0052,INV0479,Alkeon Capital Management,,Series G,2021-12-16,,,,266.0,,,,SRC00980,MEDIUM
IL01236,S0052,INV0480,Moore Capital Management,,Series G,2021-12-16,,,,266.0,,,,SRC00980,MEDIUM
IL01237,S0052,INV0476,HarbourVest Partners,,Series G,2021-12-16,,,lead,266.0,,,,SRC00980,MEDIUM
IL01238,S0052,INV0256,Google,,Series H (add-on),2022-06,,,lead,78.0,,,,SRC00967,MEDIUM
IL01239,S0052,INV0127,Temasek,,Series H (add-on),2022-06,,,,78.0,,,,SRC00967,MEDIUM
IL01240,S0052,INV0481,Brand Capital,,Series H (add-on),2022-06,,,,78.0,,,,SRC00967,MEDIUM
IL01241,S0052,INV0186,MacRitchie Investments,,Series H (add-on),2022-06,,,,78.0,,,,SRC00967,MEDIUM
IL01242,S0052,INV0256,Google,,Series H (add-on),2022-06,,,lead,78.0,,,,SRC00967,MEDIUM
IL01243,S0052,INV0127,Temasek,,Venture Debt / Convertible,2023-07,,,lead,50.0,,,,SRC00982,MEDIUM
IL01244,S0052,INV0158,Tencent,,Venture Debt / Convertible,2023-07,,,lead,50.0,,,,SRC00982,MEDIUM
IL01245,S0052,INV0006,existing investors,,Venture Debt / Convertible,2023-07,,,,50.0,,,,SRC00982,MEDIUM
IL01246,S0052,INV0127,Temasek,,Venture Debt / Convertible,2023-07,,,lead,50.0,,,,SRC00982,MEDIUM
IL01247,S0052,INV0158,Tencent,,Venture Debt / Convertible,2023-07,,,lead,50.0,,,,SRC00982,MEDIUM
IL01248,S0052,INV0046,Lightspeed,,Convertible Note,2024-03-27,,,lead,49.0,,,,SRC00983,HIGH
IL01249,S0052,INV0127,Temasek,,Convertible Note,2024-03-27,,,lead,49.0,,,,SRC00983,HIGH
IL01250,S0052,INV0479,Alkeon Capital Management,,Convertible Note,2024-03-27,,,,49.0,,,,SRC00983,HIGH
IL01251,S0052,INV0476,HarbourVest Partners,,Convertible Note,2024-03-27,,,,49.0,,,,SRC00983,HIGH
IL01252,S0052,INV0124,Moore Strategic Ventures,,Convertible Note,2024-03-27,,,,49.0,,,,SRC00983,HIGH
IL01253,S0052,INV0482,RIMCO,,Convertible Note,2024-03-27,,,,49.0,,,,SRC00983,HIGH
IL01254,S0052,INV0158,Tencent,,Convertible Note,2024-03-27,,,,49.0,,,,SRC00983,HIGH
IL01255,S0052,INV0256,Google,,Convertible Note,2024-03-27,,,,49.0,,,,SRC00983,HIGH
IL01256,S0052,INV0046,Lightspeed,,Convertible Note,2024-03-27,,,lead,49.0,,,,SRC00983,HIGH
IL01257,S0052,INV0127,Temasek,,Convertible Note,2024-03-27,,,lead,49.0,,,,SRC00983,HIGH
IL01258,S0052,INV0411,EDBI,,Conventional Debt,2024-08-03,,,lead,16.0,,,,SRC00980,MEDIUM
IL01259,S0052,INV0411,EDBI,,Conventional Debt,2024-08-03,,,lead,16.0,,,,SRC00980,MEDIUM
IL01260,S0052,INV0483,Tencent (via Zennis Capital BV and Hlodyn BV),,Tencent convertible debt,2021,,,,225.0,,,,SRC00984,HIGH
IL01261,S0052,INV0158,Tencent,,Tencent convertible debt,2021,,,lead,225.0,,,,SRC00984,HIGH
IL01262,S0052,INV0233,Sequoia Capital,,Sequoia Capital talks,2020-08,,,lead,200.0,,,,SRC00976,MEDIUM
IL01263,S0052,INV0484,other investors,,Sequoia Capital talks,2020-08,,,,200.0,,,,SRC00976,MEDIUM
IL01264,S0052,INV0233,Sequoia Capital,,Sequoia Capital talks,2020-08,,,lead,200.0,,,,SRC00976,MEDIUM
IL01265,S0052,INV0118,Lightspeed Venture Partners,,,,,,,,,,,SRC00963,
IL01266,S0052,INV0029,Tiger Global,,,,,,,,,,,SRC00963,
IL01267,S0052,INV0256,Google,,,,,,,,,,,SRC00964,
IL01268,S0052,INV0127,Temasek,,,,,,,,,,,SRC00964,
IL01269,S0053,INV0029,Tiger Global,,Series C,Sep 2021,,,lead,100.0,,,,SRC00998,
IL01270,S0053,INV0029,Tiger Global,,Series B,Jun 2021,,,lead,70.0,,,,SRC00998,
IL01271,S0053,INV0119,Insight Partners,,Series B,Jun 2021,,,lead,70.0,,,,SRC00998,
IL01272,S0053,INV0203,Greenoaks,,Series A,Mar 2021,,,lead,12.5,,,,SRC00998,
IL01273,S0053,INV0485,Peak XV (Sequoia),,Series A,Mar 2021,,,lead,12.5,,,,SRC00998,
IL01274,S0053,INV0203,Greenoaks,,Seed,2019-07-01,,,lead,3.0,,,,SRC00998,MEDIUM
IL01275,S0053,INV0046,Lightspeed,,Seed,2019-07-01,,,lead,3.0,,,,SRC00998,MEDIUM
IL01276,S0053,INV0203,Greenoaks,,Seed,2019-07-01,,,lead,3.0,,,,SRC00998,MEDIUM
IL01277,S0053,INV0046,Lightspeed,,Seed,2019-07-01,,,lead,3.0,,,,SRC00998,MEDIUM
IL01278,S0053,INV0103,Tiger Global Management,,,,,,,,,,,SRC00998,
IL01279,S0053,INV0037,Peak XV Partners,,,,,,,,,,,SRC00998,
IL01280,S0053,INV0119,Insight Partners,,,,,,,,,,,SRC00998,
IL01281,S0053,INV0486,Owl Ventures,,,,,,,,,,,SRC01000,
IL01282,S0054,INV0029,Tiger Global,,Series E,2021-08-03,,,lead,370.0,,,,SRC01015,HIGH
IL01283,S0054,INV0485,Peak XV/Sequoia,,Series E,2021-08-03,,,,370.0,,,,SRC01015,HIGH
IL01284,S0054,INV0245,Coatue,,Series E,2021-08-03,,,,370.0,,,,SRC01015,HIGH
IL01285,S0054,INV0031,Ribbit,,Series E,2021-08-03,,,,370.0,,,,SRC01015,HIGH
IL01286,S0054,INV0067,Dragoneer,,Series E,2021-08-03,,,,370.0,,,,SRC01015,HIGH
IL01287,S0054,INV0303,Steadview,,Series E,2021-08-03,,,,370.0,,,,SRC01015,HIGH
IL01288,S0054,INV0088,Steadfast,,Series E,2021-08-03,,,,370.0,,,,SRC01015,HIGH
IL01289,S0054,INV0029,Tiger Global,,Series E,2021-08-03,,,lead,370.0,,,,SRC01015,HIGH
IL01290,S0054,INV0485,Peak XV/Sequoia,,Series D,2021-02-10,,,lead,108.0,,,,SRC01015,HIGH
IL01291,S0054,INV0245,Coatue,,Series C,2020-02-01,,,lead,75.0,,,,SRC01019,MEDIUM
IL01292,S0054,INV0487,Alteria Capital + others,,Debt,2025-05-05,,,,15.0,,,,SRC01015,HIGH
IL01293,S0054,INV0029,Tiger Global,VC,,,,['Series E'],True,,,,,SRC01019,HIGH
IL01294,S0054,INV0040,Peak XV Partners (Sequoia India),VC,,,,"['Seed', 'Series A', 'Series D', 'Series E']",True,,,,,SRC01015,HIGH
IL01295,S0054,INV0245,Coatue,VC,,,,"['Series C', 'Series D']",True,,,,,SRC01019,HIGH
IL01296,S0054,INV0039,Ribbit Capital,VC,,,,['Series E'],,,,,,SRC01022,MEDIUM
IL01297,S0054,INV0067,Dragoneer,VC,,,,['Series E'],,,,,,SRC01011,MEDIUM
IL01298,S0055,INV0280,Lightrock,,Series E,Mar 2026,,,lead,4375.0,,,,SRC01025,
IL01299,S0055,INV0488,Hero MotoCorp,,Series D,May 2025,,,lead,6380.0,,,,SRC01033,
IL01300,S0055,INV0036,GIC,,Series C,2022-10-03,,,lead,60.0,,,,SRC01031,HIGH
IL01301,S0055,INV0125,Blume Ventures,,Series C,2022-10-03,,,,60.0,,,,SRC01031,HIGH
IL01302,S0055,INV0489,Athera Venture Partners,,Series C,2022-10-03,,,,60.0,,,,SRC01031,HIGH
IL01303,S0055,INV0490,QRG,,Series C,2022-10-03,,,,60.0,,,,SRC01031,HIGH
IL01304,S0055,INV0491,ADB Ventures,,Series C,2022-10-03,,,,60.0,,,,SRC01031,HIGH
IL01305,S0055,INV0492,Moglix,,Series C,2022-10-03,,,,60.0,,,,SRC01031,HIGH
IL01306,S0055,INV0036,GIC,,Series C,2022-10-03,,,lead,60.0,,,,SRC01031,HIGH
IL01307,S0055,INV0280,Lightrock,,Series C,2024-03,,,,525.0,,,,SRC01027,HIGH
IL01308,S0055,INV0493,Trifecta,,Series C,2024-03,,,,525.0,,,,SRC01027,HIGH
IL01309,S0055,INV0494,British International Investment,,Series C,2024-03,,,,525.0,,,,SRC01027,HIGH
IL01310,S0055,INV0488,Hero MotoCorp,,Series D,2025-05,,,lead,638.0,,,,SRC01033,HIGH
IL01311,S0055,INV0494,British International Investment,,Series D,2025-05,,,,638.0,,,,SRC01033,HIGH
IL01312,S0055,INV0488,Hero MotoCorp,,Series D,2025-05,,,lead,638.0,,,,SRC01033,HIGH
IL01313,S0055,INV0280,Lightrock,,Series E (equity),2026-03-24,,,lead,437.5,,,,SRC01025,HIGH
IL01314,S0055,INV0488,Hero MotoCorp,,Series E (equity),2026-03-24,,,,437.5,,,,SRC01025,HIGH
IL01315,S0055,INV0125,Blume Ventures,,Series E (equity),2026-03-24,,,,437.5,,,,SRC01025,HIGH
IL01316,S0055,INV0280,Lightrock,,Series E (equity),2026-03-24,,,lead,437.5,,,,SRC01025,HIGH
IL01317,S0055,INV0495,BlackSoil,,Series E (debt),2026-03-24,,,,250.0,,,,SRC01025,HIGH
IL01318,S0055,INV0413,Trifecta Capital,,Series E (debt),2026-03-24,,,,250.0,,,,SRC01025,HIGH
IL01319,S0055,INV0381,InnoVen Capital,,Series E (debt),2026-03-24,,,,250.0,,,,SRC01025,HIGH
IL01320,S0055,INV0371,Alteria Capital,,Series E (debt),2026-03-24,,,,250.0,,,,SRC01025,HIGH
IL01321,S0055,INV0496,responsAbility Investments AG,,Debt,2025-01,,,,20.0,,,,SRC01026,MEDIUM
IL01322,S0055,INV0497,Hero MotoCorp (~35-36% stake),,,,,,,,,,,SRC01025,
IL01323,S0055,INV0280,Lightrock,,,,,,,,,,,SRC01025,
IL01324,S0055,INV0125,Blume Ventures,,,,,,,,,,,SRC01025,
IL01325,S0055,INV0494,British International Investment,,,,,,,,,,,SRC01027,
IL01326,S0056,INV0498,TR Capital (secondary-heavy),,Series E,Jun 2024,,,lead,,,,,SRC01046,
IL01327,S0056,INV0499,TPG Rise Fund (primary),,Series E,Jun 2024,,,lead,,,,,SRC01046,
IL01328,S0056,INV0500,TPG Rise Fund,,Series D,Aug 2022,,,lead,110.0,,,,SRC01046,
IL01329,S0056,INV0063,Norwest Venture Partners,,Series D,Aug 2022,,,lead,110.0,,,,SRC01046,
IL01330,S0056,INV0500,TPG Rise Fund,,,,,,,,,,,SRC01045,
IL01331,S0056,INV0063,Norwest Venture Partners,,,,,,,,,,,SRC01045,
IL01332,S0056,INV0227,Eight Roads Ventures,,,,,,,,,,,SRC01045,
IL01333,S0056,INV0223,TR Capital,,,,,,,,,,,SRC01046,
IL01334,S0056,INV0171,Chiratae Ventures,,,,,,,,,,,SRC01046,
IL01335,S0057,INV0143,B Capital,,Series F,2025-01-09,,,lead,275.0,,,,SRC01052,HIGH
IL01336,S0057,INV0502,Banner Health,,Series F,2025-01-09,,,,275.0,,,,SRC01052,HIGH
IL01337,S0057,INV0503,Danaher Ventures,,Series F,2025-01-09,,,,275.0,,,,SRC01052,HIGH
IL01338,S0057,INV0504,Generation IM,,Series F,2025-01-09,,,,275.0,,,,SRC01052,HIGH
IL01339,S0057,INV0505,Kaiser Permanente,,Series F,2025-01-09,,,,275.0,,,,SRC01052,HIGH
IL01340,S0057,INV0237,M12,,Series F,2025-01-09,,,,275.0,,,,SRC01052,HIGH
IL01341,S0057,INV0143,B Capital,,Series F,2025-01-09,,,lead,275.0,,,,SRC01052,HIGH
IL01342,S0057,INV0029,Tiger Global,,Series D,2021-02-04,,,lead,105.0,,,,SRC01054,MEDIUM
IL01343,S0057,INV0143,B Capital,VC,,,,['Series F'],,,,,,SRC01052,HIGH
IL01344,S0057,INV0505,Kaiser Permanente,strategic,,,,['Series F'],,,,,,SRC01052,HIGH
IL01345,S0057,INV0237,M12,CVC,,,,"['Series D', 'Series F']",,,,,,SRC01052,HIGH
IL01346,S0057,INV0029,Tiger Global,VC,,,,['Series D'],True,,,,,SRC01054,MEDIUM
IL01347,S0057,INV0004,WestBridge Capital,VC,,,,['early'],,,,,,SRC01054,MEDIUM
IL01348,S0058,INV0125,Blume Ventures,,Seed,2021-03-17,,,lead,7.3,,,,SRC01066,HIGH
IL01349,S0058,INV0506,Lightspeed Ventures,,Seed,2021-03-17,,,,7.3,,,,SRC01066,HIGH
IL01350,S0058,INV0507,growX,,Seed,2021-03-17,,,,7.3,,,,SRC01066,HIGH
IL01351,S0058,INV0508,Omnivore VC,,Seed,2021-03-17,,,,7.3,,,,SRC01066,HIGH
IL01352,S0058,INV0509,Techstars,,Seed,2021-03-17,,,,7.3,,,,SRC01066,HIGH
IL01353,S0058,INV0510,Ryan Johnson,,Seed,2021-03-17,,,,7.3,,,,SRC01066,HIGH
IL01354,S0058,INV0125,Blume Ventures,,Seed,2021-03-17,,,lead,7.3,,,,SRC01066,HIGH
IL01355,S0058,INV0511,Radical Ventures,,Series A,2022-03-29,,,lead,25.0,,,,SRC01065,HIGH
IL01356,S0058,INV0512,Seraphim,,Series A,2022-03-29,,,,25.0,,,,SRC01065,HIGH
IL01357,S0058,INV0046,Lightspeed,,Series A,2022-03-29,,,,25.0,,,,SRC01065,HIGH
IL01358,S0058,INV0513,Blume,,Series A,2022-03-29,,,,25.0,,,,SRC01065,HIGH
IL01359,S0058,INV0507,growX,,Series A,2022-03-29,,,,25.0,,,,SRC01065,HIGH
IL01360,S0058,INV0511,Radical Ventures,,Series A,2022-03-29,,,lead,25.0,,,,SRC01065,HIGH
IL01361,S0058,INV0256,Google,,Series B,2023-06-01,,,lead,36.0,,,,SRC01059,HIGH
IL01362,S0058,INV0511,Radical Ventures,,Series B,2023-06-01,,,,36.0,,,,SRC01059,HIGH
IL01363,S0058,INV0046,Lightspeed,,Series B,2023-06-01,,,,36.0,,,,SRC01059,HIGH
IL01364,S0058,INV0125,Blume Ventures,,Series B,2023-06-01,,,,36.0,,,,SRC01059,HIGH
IL01365,S0058,INV0507,growX,,Series B,2023-06-01,,,,36.0,,,,SRC01059,HIGH
IL01366,S0058,INV0514,Sparta,,Series B,2023-06-01,,,,36.0,,,,SRC01059,HIGH
IL01367,S0058,INV0515,Athera,,Series B,2023-06-01,,,,36.0,,,,SRC01059,HIGH
IL01368,S0058,INV0516,Accenture Ventures,,Series B,2023-06-01,,,,36.0,,,,SRC01059,HIGH
IL01369,S0058,INV0512,Seraphim,,Series B,2023-06-01,,,,36.0,,,,SRC01059,HIGH
IL01370,S0058,INV0517,Jordan Noone,,Series B,2023-06-01,,,,36.0,,,,SRC01059,HIGH
IL01371,S0058,INV0256,Google,,Series B,2023-06-01,,,lead,36.0,,,,SRC01059,HIGH
IL01372,S0058,INV0518,M&G plc,,Series B extension,2024-12-09,,,lead,24.0,,,,SRC01076,HIGH
IL01373,S0058,INV0117,Glade Brook Capital,,Series B extension,2024-12-09,,,lead,24.0,,,,SRC01076,HIGH
IL01374,S0058,INV0518,M&G plc,,Series B extension,2024-12-09,,,lead,24.0,,,,SRC01076,HIGH
IL01375,S0058,INV0117,Glade Brook Capital,,Series B extension,2024-12-09,,,lead,24.0,,,,SRC01076,HIGH
IL01376,S0058,INV0127,Temasek,,Series C,2026-09-06,,,lead,100.0,,,,SRC01058,HIGH
IL01377,S0058,INV0512,Seraphim,,Series C,2026-09-06,,,lead,100.0,,,,SRC01058,HIGH
IL01378,S0058,INV0288,360 ONE,,Series C,2026-09-06,,,,100.0,,,,SRC01058,HIGH
IL01379,S0058,INV0519,IMM Investment,,Series C,2026-09-06,,,,100.0,,,,SRC01058,HIGH
IL01380,S0058,INV0127,Temasek,,Series C,2026-09-06,,,lead,100.0,,,,SRC01058,HIGH
IL01381,S0058,INV0512,Seraphim,,Series C,2026-09-06,,,lead,100.0,,,,SRC01058,HIGH
IL01382,S0058,INV0256,Google,corporate VC,,,2023-06-01,['Series B'],True,,,,,SRC01059,HIGH
IL01383,S0058,INV0127,Temasek,sovereign/PE,,,2026-09-06,['Series C'],True,,,,,SRC01058,HIGH
IL01384,S0058,INV0512,Seraphim,VC (space),,,2022-03-29,"['Series A', 'Series C']",True,,,,,SRC01065,HIGH
IL01385,S0058,INV0511,Radical Ventures,VC,,,2022-03-29,"['Series A', 'Series B']",True,,,,,SRC01065,HIGH
IL01386,S0058,INV0125,Blume Ventures,VC,,,2021-03-17,"['Seed', 'Series A', 'Series B']",True,,,,,SRC01066,MEDIUM
IL01387,S0059,INV0520,FMO,,Series B,2024-01-12,,,lead,900.0,,,,SRC01092,MEDIUM
IL01388,S0059,INV0520,FMO,,Series B,2024-01-12,,,lead,900.0,,,,SRC01092,MEDIUM
IL01389,S0059,INV0494,British International Investment,,Series B extension / growth equity,2026-03-16,,,lead,3805.0,,,,SRC01094,HIGH
IL01390,S0059,INV0522,Finnfund DAIF,,Series B extension / growth equity,2026-03-16,,,,3805.0,,,,SRC01094,HIGH
IL01391,S0059,INV0523,Eversource Capital,,Series B extension / growth equity,2026-03-16,,,,3805.0,,,,SRC01094,HIGH
IL01392,S0059,INV0520,FMO,,Series B extension / growth equity,2026-03-16,,,,3805.0,,,,SRC01094,HIGH
IL01393,S0059,INV0494,British International Investment,,Series B extension / growth equity,2026-03-16,,,lead,3805.0,,,,SRC01094,HIGH
IL01394,S0059,INV0521,Finnfund,,Series B extension / growth equity,2026-03-16,,,lead,3805.0,,,,SRC01094,HIGH
IL01395,S0059,INV0525,Mirova (Natixis IM),,Debt,2026-05-06,,,,15.0,,,,SRC01093,HIGH
IL01396,S0059,INV0524,Mirova,,Debt,2026-05-06,,,lead,15.0,,,,SRC01093,HIGH
IL01397,S0059,INV0526,Eversource Capital (Everstone + Lightsource bp),PE,,,,"['seed/backing', 'Mar 2026 follow-on']",True,,,,,SRC01095,HIGH
IL01398,S0059,INV0527,FMO (Dutch DFI),DFI,,,,"['Series B Jan 2024', 'Mar 2026 follow-on']",,,,,,SRC01092,HIGH
IL01399,S0059,INV0494,British International Investment,DFI,,,,['Mar 2026'],True,,,,,SRC01094,HIGH
IL01400,S0059,INV0522,Finnfund DAIF,DFI,,,,['Mar 2026'],True,,,,,SRC01094,HIGH
IL01401,S0059,INV0525,Mirova (Natixis IM),debt,,,,['May 2026 debt'],,,,,,SRC01093,HIGH
IL01402,S0060,INV0171,Chiratae Ventures,,Series B,2021-08-11,,,,29.0,,,,SRC01113,MEDIUM
IL01403,S0060,INV0528,IvyCap Ventures,,Series B,2021-08-11,,,lead,29.0,,,,SRC01113,MEDIUM
IL01404,S0060,INV0529,YourNest,,Series B,2021-08-11,,,,29.0,,,,SRC01113,MEDIUM
IL01405,S0060,INV0530,Aroa Ventures,,Series B,2021-08-11,,,,29.0,,,,SRC01113,MEDIUM
IL01406,S0060,INV0531,Ritesh Agarwal,,Series B,2021-08-11,,,,29.0,,,,SRC01113,MEDIUM
IL01407,S0060,INV0439,IIFL,,Series B,2021-08-11,,,,29.0,,,,SRC01113,MEDIUM
IL01408,S0060,INV0528,IvyCap Ventures,,Series B,2021-08-11,,,lead,29.0,,,,SRC01113,MEDIUM
IL01409,S0060,INV0528,IvyCap Ventures,,Series D,2024-10-28,,,lead,15.8,,,,SRC01106,MEDIUM
IL01410,S0060,INV0288,360 One,,Series D,2024-10-28,,,,15.8,,,,SRC01106,MEDIUM
IL01411,S0060,INV0171,Chiratae Ventures,,Series D,2024-10-28,,,,15.8,,,,SRC01106,MEDIUM
IL01412,S0060,INV0528,IvyCap Ventures,,Series D,2024-10-28,,,lead,15.8,,,,SRC01106,MEDIUM
IL01413,S0060,INV0532,AMDG-PAX Foundation,,Series D (pending),2025-08-25,,,lead,155.0,,,,SRC01104,MEDIUM
IL01414,S0060,INV0532,AMDG-PAX Foundation,,Series D (pending),2025-08-25,,,lead,155.0,,,,SRC01104,MEDIUM
IL01415,S0060,INV0533,iHeartMedia,,Corporate Minority (Series D extension),2025-11-07,,,lead,10.5,,,,SRC01103,HIGH
IL01416,S0060,INV0533,iHeartMedia,,Corporate Minority (Series D extension),2025-11-07,,,lead,10.5,,,,SRC01103,HIGH
IL01417,S0060,INV0528,IvyCap Ventures,VC,,,,"['Series B', 'Series D']",True,,,,,SRC01106,HIGH
IL01418,S0060,INV0171,Chiratae Ventures,VC,,,,"['Series A', 'Series B']",,,,,,SRC01113,HIGH
IL01419,S0060,INV0529,YourNest,VC,,,,"['Seed', 'Series B']",,,,,,SRC01113,MEDIUM
IL01420,S0060,INV0533,iHeartMedia,corporate,,,,['Nov 2025'],True,,,,,SRC01103,HIGH
IL01421,S0060,INV0288,360 One,VC,,,,['Series D'],,,,,,SRC01114,MEDIUM
IL01422,S0060,INV0534,Stride Ventures / Trifecta (debt),debt,,,,['venture debt'],,,,,,SRC01113,MEDIUM
IL01423,S0061,INV0145,Kae Capital,,Series A,2019,,,lead,4.0,,,,SRC01118,MEDIUM
IL01424,S0061,INV0536,Lightbox Ventures,,Series A,2019,,,lead,4.0,,,,SRC01118,MEDIUM
IL01425,S0061,INV0145,Kae Capital,,Series A,2019,,,lead,4.0,,,,SRC01118,MEDIUM
IL01426,S0061,INV0536,Lightbox Ventures,,Series A,2019,,,lead,4.0,,,,SRC01118,MEDIUM
IL01427,S0061,INV0536,Lightbox Ventures,,pre-Series B,2021-06,,,lead,7.1,,,,SRC01132,MEDIUM
IL01428,S0061,INV0536,Lightbox Ventures,,pre-Series B,2021-06,,,lead,7.1,,,,SRC01132,MEDIUM
IL01429,S0061,INV0537,Mirabilis Investment Trust,,pre-Series C,2025-02,,,lead,35.0,,,,SRC01118,MEDIUM
IL01430,S0061,INV0538,Samir Singh,,pre-Series C,2025-02,,,,35.0,,,,SRC01118,MEDIUM
IL01431,S0061,INV0539,Shuchi Kothari,,pre-Series C,2025-02,,,,35.0,,,,SRC01118,MEDIUM
IL01432,S0061,INV0540,SRF Ltd,,pre-Series C,2025-02,,,,35.0,,,,SRC01118,MEDIUM
IL01433,S0061,INV0537,Mirabilis Investment Trust,,pre-Series C,2025-02,,,lead,35.0,,,,SRC01118,MEDIUM
IL01434,S0061,INV0037,Peak XV Partners,,Series C,2026-09-07,,,lead,50.0,,,,SRC01118,HIGH
IL01435,S0061,INV0541,Filter Capital,,Series C,2026-09-07,,,lead,50.0,,,,SRC01118,HIGH
IL01436,S0061,INV0537,Mirabilis Investment Trust,,Series C,2026-09-07,,,,50.0,,,,SRC01118,HIGH
IL01437,S0061,INV0300,Footpath Ventures,,Series C,2026-09-07,,,,50.0,,,,SRC01118,HIGH
IL01438,S0061,INV0037,Peak XV Partners,,Series C,2026-09-07,,,lead,50.0,,,,SRC01118,HIGH
IL01439,S0061,INV0541,Filter Capital,,Series C,2026-09-07,,,lead,50.0,,,,SRC01118,HIGH
IL01440,S0061,INV0037,Peak XV Partners,VC,,,2026-09-07,['Series C'],True,,,,,SRC01118,HIGH
IL01441,S0061,INV0541,Filter Capital,growth equity,,,2026-09-07,['Series C'],True,,,,,SRC01118,HIGH
IL01442,S0061,INV0537,Mirabilis Investment Trust,investment trust,,,2025-02,"['pre-Series C', 'Series C']",False,,,,,SRC01118,HIGH
IL01443,S0061,INV0300,Footpath Ventures,VC,,,2026-09-07,['Series C'],False,,,,,SRC01133,MEDIUM
IL01444,S0061,INV0145,Kae Capital,VC,,,2019,['Series A'],False,,,,,SRC01119,HIGH
IL01445,S0061,INV0536,Lightbox Ventures,VC,,,2019,"['Series A', 'pre-Series B']",False,,,,,SRC01119,HIGH
IL01446,S0062,INV0004,WestBridge Capital,,Series B,2022-04,,,lead,22.0,,,,SRC01147,MEDIUM
IL01447,S0062,INV0003,Accel,,Series C (tranche 1),2025-03,,,lead,44.0,,,,SRC01154,HIGH
IL01448,S0062,INV0037,Peak XV Partners,,Series C (tranche 2),2025-07-16,,,lead,20.0,,,,SRC01141,HIGH
IL01449,S0062,INV0003,Accel,,Series C (total),2025-08-11,,,lead,85.0,,,,SRC01139,HIGH
IL01450,S0062,INV0037,Peak XV Partners,,Series C (total),2025-08-11,,,lead,85.0,,,,SRC01139,HIGH
IL01451,S0062,INV0004,WestBridge Capital,,Series C (total),2025-08-11,,,,85.0,,,,SRC01139,HIGH
IL01452,S0062,INV0542,Info Edge Ventures,,Series C (total),2025-08-11,,,,85.0,,,,SRC01139,HIGH
IL01453,S0062,INV0003,Accel,,Series C (total),2025-08-11,,,lead,85.0,,,,SRC01139,HIGH
IL01454,S0062,INV0037,Peak XV Partners,,Series C (total),2025-08-11,,,lead,85.0,,,,SRC01139,HIGH
IL01455,S0062,INV0542,Info Edge Ventures,,Seed,2020-05-16,,,,0.497776,,,,SRC01155,HIGH
IL01456,S0062,INV0543,Info Edge Ventures (IE Venture Fund I),,Seed,2020-05-16,,,lead,0.497776,,,,SRC01155,HIGH
IL01457,S0062,INV0542,InfoEdge Ventures,,Series A,2021-06-08,,,lead,5.0,,,,SRC01156,HIGH
IL01458,S0062,INV0544,Asha Impact,,Series A,2021-06-08,,,,5.0,,,,SRC01156,HIGH
IL01459,S0062,INV0545,Indian Angel Network Fund,,Series A,2021-06-08,,,,5.0,,,,SRC01156,HIGH
IL01460,S0062,INV0542,InfoEdge Ventures,,Series A,2021-06-08,,,lead,5.0,,,,SRC01156,HIGH
IL01461,S0062,INV0003,Accel,VC,,,2025-03,['Series C'],True,,,,,SRC01139,HIGH
IL01462,S0062,INV0037,Peak XV Partners,VC,,,2025-07,['Series C'],True,,,,,SRC01139,HIGH
IL01463,S0062,INV0004,WestBridge Capital,PE,,,2022-04,"['Series B', 'Series C']",True,,,,,SRC01157,HIGH
IL01464,S0062,INV0542,Info Edge Ventures,VC,,,2022 or earlier,['Series C'],False,,,,,SRC01139,HIGH
IL01465,S0063,INV0046,Lightspeed,,Growth equity,2025-08-19,,,lead,170.0,,,,SRC01163,HIGH
IL01466,S0063,INV0013,Premji Invest,,Growth equity,2025-08-19,,,lead,170.0,,,,SRC01163,HIGH
IL01467,S0063,INV0115,Gaja Capital,,Growth equity,2025-08-19,,,,170.0,,,,SRC01163,HIGH
IL01468,S0063,INV0046,Lightspeed,,Growth equity,2025-08-19,,,lead,170.0,,,,SRC01163,HIGH
IL01469,S0063,INV0013,Premji Invest,,Growth equity,2025-08-19,,,lead,170.0,,,,SRC01163,HIGH
IL01470,S0063,INV0013,Premji Invest,,Growth equity (two tranches),2026-03-18,,,lead,1450.0,,,,SRC01165,HIGH
IL01471,S0063,INV0118,Lightspeed Venture Partners,,Growth equity (two tranches),2026-03-18,,,lead,1450.0,,,,SRC01165,HIGH
IL01472,S0063,INV0115,Gaja Capital,,Growth equity (two tranches),2026-03-18,,,,1450.0,,,,SRC01165,HIGH
IL01473,S0063,INV0013,Premji Invest,,Growth equity (two tranches),2026-03-18,,,lead,1450.0,,,,SRC01165,HIGH
IL01474,S0063,INV0118,Lightspeed Venture Partners,,Growth equity (two tranches),2026-03-18,,,lead,1450.0,,,,SRC01165,HIGH
IL01475,S0063,INV0046,Lightspeed,VC,,,2025-08-19,"['Growth 2025-08', 'Growth 2026-03']",True,,,,,SRC01163,HIGH
IL01476,S0063,INV0013,Premji Invest,PE / family office,,,2025-08-12,"['Growth 2025-08', 'Growth 2026-03']",True,,,,,SRC01164,HIGH
IL01477,S0063,INV0115,Gaja Capital,PE,,,2025-08-19,"['Growth 2025-08', 'Growth 2026-03']",False,,,,,SRC01163,HIGH
IL01478,S0064,INV0027,General Atlantic,,Series E,Nov 2021,,,lead,210.0,,,,SRC01192,
IL01479,S0064,INV0029,Tiger Global,,Series E,Nov 2021,,,lead,210.0,,,,SRC01192,
IL01480,S0064,INV0124,Moore Strategic Ventures,,Series E,Nov 2021,,,lead,210.0,,,,SRC01192,
IL01481,S0064,INV0029,Tiger Global,,Series D,Oct 2019,,,lead,80.0,,,,SRC01192,
IL01482,S0064,INV0256,Google,,Series E extension,Mar 2023,,,lead,5.0,,,,SRC01192,
IL01483,S0064,INV0027,General Atlantic,,Series C,2019-06-22,,,lead,51.0,,,,SRC01193,MEDIUM
IL01484,S0064,INV0027,General Atlantic,,Series C,2019-06-22,,,lead,51.0,,,,SRC01193,MEDIUM
IL01485,S0064,INV0029,Tiger Global,,Series D,2019-10-01,,,lead,50.0,,,,SRC01194,MEDIUM
IL01486,S0064,INV0029,Tiger Global,,Series D,2019-10-01,,,lead,50.0,,,,SRC01194,MEDIUM
IL01487,S0064,INV0027,General Atlantic,,Total funding,2021-11-23,,,lead,361.0,,,,SRC01189,HIGH
IL01488,S0064,INV0029,Tiger Global,,Total funding,2021-11-23,,,lead,361.0,,,,SRC01189,HIGH
IL01489,S0064,INV0124,Moore Strategic Ventures,,Total funding,2021-11-23,,,lead,361.0,,,,SRC01189,HIGH
IL01490,S0064,INV0121,Elevation Capital,,Total funding,2021-11-23,,,,361.0,,,,SRC01189,HIGH
IL01491,S0064,INV0130,Beenext,,Total funding,2021-11-23,,,,361.0,,,,SRC01189,HIGH
IL01492,S0064,INV0546,Digital Garage,,Total funding,2021-11-23,,,,361.0,,,,SRC01189,HIGH
IL01493,S0064,INV0547,BEENOS,,Total funding,2021-11-23,,,,361.0,,,,SRC01189,HIGH
IL01494,S0064,INV0548,SAIF Partners,,Total funding,2021-11-23,,,,361.0,,,,SRC01189,HIGH
IL01495,S0064,INV0549,KTB Ventures,,Total funding,2021-11-23,,,,361.0,,,,SRC01189,HIGH
IL01496,S0064,INV0256,Google,,Total funding,2021-11-23,,,,361.0,,,,SRC01189,HIGH
IL01497,S0064,INV0027,General Atlantic,,Total funding,2021-11-23,,,lead,361.0,,,,SRC01189,HIGH
IL01498,S0064,INV0029,Tiger Global,,Total funding,2021-11-23,,,lead,361.0,,,,SRC01189,HIGH
IL01499,S0064,INV0124,Moore Strategic Ventures,,Total funding,2021-11-23,,,lead,361.0,,,,SRC01189,HIGH
IL01500,S0064,INV0027,General Atlantic,,,,,,,,,,,SRC01192,
IL01501,S0064,INV0103,Tiger Global Management,,,,,,,,,,,SRC01192,
IL01502,S0064,INV0121,Elevation Capital,,,,,,,,,,,SRC01195,
IL01503,S0064,INV0256,Google,,,,,,,,,,,SRC01195,
IL01504,S0064,INV0124,Moore Strategic Ventures,,,,,,,,,,,SRC01192,
IL01505,S0064,INV0027,General Atlantic,PE/VC,,,2019,"['Series C', 'Series E']",True,,51000000,Unknown,,SRC01193,HIGH
IL01506,S0064,INV0103,Tiger Global Management,VC,,,2019,"['Series D', 'Series E']",True,,50000000,Unknown,,SRC01194,HIGH
IL01507,S0064,INV0256,Google,Corporate VC,,,2023,['Series E extension'],False,,5000000,Unknown,,SRC01185,HIGH
IL01508,S0064,INV0124,Moore Strategic Ventures,VC,,,2021,['Series E'],False,,,Unknown,,SRC01192,HIGH
IL01509,S0065,INV0313,Sherpalo Ventures,,pre-Series C (second),2026-05-07,,,lead,60.0,,,,SRC01200,HIGH
IL01510,S0065,INV0036,GIC,,pre-Series C (second),2026-05-07,,,lead,60.0,,,,SRC01200,HIGH
IL01511,S0065,INV0550,BlackRock (debt),,pre-Series C (second),2026-05-07,,,,60.0,,,,SRC01200,HIGH
IL01512,S0065,INV0551,Playbook Partners,,pre-Series C (second),2026-05-07,,,,60.0,,,,SRC01200,HIGH
IL01513,S0065,INV0552,Shanghvi Family Office,,pre-Series C (second),2026-05-07,,,,60.0,,,,SRC01200,HIGH
IL01514,S0065,INV0553,Greenko founders,,pre-Series C (second),2026-05-07,,,,60.0,,,,SRC01200,HIGH
IL01515,S0065,INV0025,Arkam Ventures,,pre-Series C (second),2026-05-07,,,,60.0,,,,SRC01200,HIGH
IL01516,S0065,INV0313,Sherpalo Ventures,,pre-Series C (second),2026-05-07,,,lead,60.0,,,,SRC01200,HIGH
IL01517,S0065,INV0036,GIC,,pre-Series C (second),2026-05-07,,,lead,60.0,,,,SRC01200,HIGH
IL01518,S0065,INV0127,Temasek,,pre-Series C (first),2023-11,,,lead,27.5,,,,SRC01202,HIGH
IL01519,S0065,INV0313,Sherpalo Ventures,VC,,,,"['Series B', '2026 $60M']",True,,,,,SRC01200,HIGH
IL01520,S0065,INV0036,GIC,sovereign,,,,"['Series B', '2026 $60M']",True,,,,,SRC01200,HIGH
IL01521,S0065,INV0554,BlackRock (managed funds),debt/asset-manager,,,,['2026 $60M (structured debt)'],,,,,,SRC01200,HIGH
IL01522,S0065,INV0127,Temasek,sovereign,,,,"['Series B 2022', 'pre-Series C 2023']",,,,,,SRC01202,MEDIUM
IL01523,S0065,INV0025,Arkam Ventures,VC,,,,['2026 $60M'],,,,,,SRC01201,MEDIUM
IL01524,S0065,INV0555,Greenko Group founders,angel/family,,,,['2026 $60M'],,,,,,SRC01201,MEDIUM
IL01525,S0065,INV0551,Playbook Partners,VC,,,,['2026 $60M'],,,,,,SRC01201,MEDIUM
IL01526,S0065,INV0552,Shanghvi Family Office,family-office,,,,['2026 $60M'],,,,,,SRC01201,MEDIUM
IL01527,S0066,INV0170,Kalaari Capital,,Seed,Jul 2021,,,lead,2.5,,,,SRC01211,
IL01528,S0066,INV0037,Peak XV Partners,,Series A1,Jun 2023 / Feb 2024,,,lead,,,,,SRC01212,
IL01529,S0066,INV0556,"Reliance Industries (per RoC, Jan 2026)",,Series B,Dec 2025,,,lead,50.0,,,,SRC01210,
IL01530,S0066,INV0037,Peak XV Partners,,Series A1,2023-06-20,,,lead,10.0,,,,SRC01216,HIGH
IL01531,S0066,INV0170,Kalaari Capital,,Series A1,2023-06-20,,,,10.0,,,,SRC01216,HIGH
IL01532,S0066,INV0037,Peak XV Partners,,Series A1,2023-06-20,,,lead,10.0,,,,SRC01216,HIGH
IL01533,S0066,INV0557,Aditya Birla Ventures,,Series A1 (extension),2024-02-28,,,lead,2.0,,,,SRC01223,HIGH
IL01534,S0066,INV0558,SIDBI,,Series A1 (extension),2024-02-28,,,lead,2.0,,,,SRC01223,HIGH
IL01535,S0066,INV0557,Aditya Birla Ventures,,Series A1 (extension),2024-02-28,,,lead,2.0,,,,SRC01223,HIGH
IL01536,S0066,INV0558,SIDBI,,Series A1 (extension),2024-02-28,,,lead,2.0,,,,SRC01223,HIGH
IL01537,S0066,INV0560,IISc SID,,Grant (prize money),2020-08-20,,,,0.25,,,,SRC01215,HIGH
IL01538,S0066,INV0559,IISc SID (Society for Innovation and Development),,Grant (prize money),2020-08-20,,,lead,0.25,,,,SRC01215,HIGH
IL01539,S0066,INV0170,Kalaari Capital,,,,,,,,,,,SRC01211,
IL01540,S0066,INV0037,Peak XV Partners,,,,,,,,,,,SRC01211,
IL01541,S0066,INV0236,Reliance Industries,,,,,,,,,,,SRC01210,
IL01542,S0066,INV0060,360 ONE Asset,,,,,,,,,,,SRC01209,
IL01543,S0066,INV0561,SBI Investment (Japan),,,,,,,,,,,SRC01209,
IL01544,S0066,INV0557,Aditya Birla Ventures,,,,,,,,,,,SRC01212,
IL01545,S0067,INV0562,Malabar Investment,,Venture round (unicorn),2022-03-30,,,lead,75.0,,,,SRC01229,HIGH
IL01546,S0067,INV0029,Tiger Global,,Venture round (unicorn),2022-03-30,,,,75.0,,,,SRC01229,HIGH
IL01547,S0067,INV0563,Raine Group,,Venture round (unicorn),2022-03-30,,,,75.0,,,,SRC01229,HIGH
IL01548,S0067,INV0562,Malabar Investment,,Venture round (unicorn),2022-03-30,,,lead,75.0,,,,SRC01229,HIGH
IL01549,S0067,INV0103,Tiger Global Management,,Series B,2021-06-25,,,,,,,,SRC01244,MEDIUM
IL01550,S0067,INV0564,Malabar Investment Advisors,,Series C (unicorn),2022-03-30,,,lead,75.0,,,,SRC01237,HIGH
IL01551,S0067,INV0103,Tiger Global Management,,Series C (unicorn),2022-03-30,,,,75.0,,,,SRC01237,HIGH
IL01552,S0067,INV0565,The Raine Group,,Series C (unicorn),2022-03-30,,,,75.0,,,,SRC01237,HIGH
IL01553,S0067,INV0566,The Howard Partnership Trust,,Series C (unicorn),2022-03-30,,,,75.0,,,,SRC01237,HIGH
IL01554,S0067,INV0567,S A Gamez Evolution,,Series C (unicorn),2022-03-30,,,,75.0,,,,SRC01237,HIGH
IL01555,S0067,INV0568,Vijay Mansukhani,,Series C (unicorn),2022-03-30,,,,75.0,,,,SRC01237,HIGH
IL01556,S0067,INV0569,Bain Capital,,Series C (unicorn),2022-03-30,,,,75.0,,,,SRC01237,HIGH
IL01557,S0067,INV0564,Malabar Investment Advisors,,Series C (unicorn),2022-03-30,,,lead,75.0,,,,SRC01237,HIGH
IL01558,S0067,INV0570,Alex Roetter,,Angel,2021-11-03,,,,0.0366,,,,SRC01240,LOW
IL01559,S0067,INV0562,Malabar Investment,investment firm,,,2022-03-30,['2022-03 unicorn round'],True,,,,,SRC01229,HIGH
IL01560,S0067,INV0029,Tiger Global,hedge fund / VC,,,2022-03-30,['2022-03 unicorn round'],False,,,,,SRC01248,HIGH
IL01561,S0067,INV0563,Raine Group,investment bank / investor,,,2022-03-30,['2022-03 unicorn round'],False,,,,,SRC01248,MEDIUM
IL01562,S0068,INV0571,Silverline Homes,,Series G,2025-09-18,,,lead,731.5,,,,SRC01255,HIGH
IL01563,S0068,INV0572,NK Squared,,Series G,2025-09-18,,,,731.5,,,,SRC01255,HIGH
IL01564,S0068,INV0029,Tiger Global,,Series G,2025-09-18,,,,731.5,,,,SRC01255,HIGH
IL01565,S0068,INV0291,Accel India,,Series G,2025-09-18,,,,731.5,,,,SRC01255,HIGH
IL01566,S0068,INV0573,Nexus Ventures,,Series G,2025-09-18,,,,731.5,,,,SRC01255,HIGH
IL01567,S0068,INV0574,Evolvence India,,Series G,2025-09-18,,,,731.5,,,,SRC01255,HIGH
IL01568,S0068,INV0571,Silverline Homes,,Series G,2025-09-18,,,lead,731.5,,,,SRC01255,HIGH
IL01569,S0068,INV0003,Accel,,Seed/Series A,2019,,,lead,10.0,,,,SRC01259,MEDIUM
IL01570,S0068,INV0048,Nexus Venture Partners,,Seed/Series A,2019,,,lead,10.0,,,,SRC01259,MEDIUM
IL01571,S0068,INV0575,Evolvence India Fund,,Seed/Series A,2019,,,,10.0,,,,SRC01259,MEDIUM
IL01572,S0068,INV0576,Sistema Asia Fund,,Seed/Series A,2019,,,,10.0,,,,SRC01259,MEDIUM
IL01573,S0068,INV0003,Accel,,Seed/Series A,2019,,,lead,10.0,,,,SRC01259,MEDIUM
IL01574,S0068,INV0048,Nexus Venture Partners,,Seed/Series A,2019,,,lead,10.0,,,,SRC01259,MEDIUM
IL01575,S0068,INV0029,Tiger Global,,Series B,2021-02,,,lead,100.0,,,,SRC01259,HIGH
IL01576,S0068,INV0003,Accel,,Series B,2021-02,,,,100.0,,,,SRC01259,HIGH
IL01577,S0068,INV0048,Nexus Venture Partners,,Series B,2021-02,,,,100.0,,,,SRC01259,HIGH
IL01578,S0068,INV0575,Evolvence India Fund,,Series B,2021-02,,,,100.0,,,,SRC01259,HIGH
IL01579,S0068,INV0576,Sistema Asia Fund,,Series B,2021-02,,,,100.0,,,,SRC01259,HIGH
IL01580,S0068,INV0029,Tiger Global,,Series B,2021-02,,,lead,100.0,,,,SRC01259,HIGH
IL01581,S0068,INV0306,Mars Growth Capital,,debt,2024,,,lead,50.0,,,,SRC01261,MEDIUM
IL01582,S0068,INV0306,Mars Growth Capital,,debt,2024,,,lead,50.0,,,,SRC01261,MEDIUM
IL01583,S0068,INV0029,Tiger Global,,Series F,2025-01,,,lead,121.0,,,,SRC01266,MEDIUM
IL01584,S0068,INV0230,Evolvence,,Series F,2025-01,,,lead,121.0,,,,SRC01266,MEDIUM
IL01585,S0068,INV0577,Foundamental,,Series F,2025-01,,,lead,121.0,,,,SRC01266,MEDIUM
IL01586,S0068,INV0579,NK Squared (Nikhil Kamath),,Series F,2025-01,,,,121.0,,,,SRC01266,MEDIUM
IL01587,S0068,INV0580,Capri Global,,Series F,2025-01,,,,121.0,,,,SRC01266,MEDIUM
IL01588,S0068,INV0029,Tiger Global,,Series F,2025-01,,,lead,121.0,,,,SRC01266,MEDIUM
IL01589,S0068,INV0230,Evolvence,,Series F,2025-01,,,lead,121.0,,,,SRC01266,MEDIUM
IL01590,S0068,INV0577,Foundamental,,Series F,2025-01,,,lead,121.0,,,,SRC01266,MEDIUM
IL01591,S0068,INV0578,Nikhil Kamath,,Series F,2025-01,,,lead,121.0,,,,SRC01266,MEDIUM
IL01592,S0068,INV0306,Mars Growth Capital,,debt,2025,,,,150.0,,,,SRC01255,HIGH
IL01593,S0068,INV0581,Mars Growth Capital (Liquidity Group + MUFG Bank),,debt,2025,,,lead,150.0,,,,SRC01255,HIGH
IL01594,S0068,INV0582,Ascertis Credit,,debt,2025-02,,,lead,1250.0,,,,SRC01260,MEDIUM
IL01595,S0068,INV0582,Ascertis Credit,,debt,2025-02,,,lead,1250.0,,,,SRC01260,MEDIUM
IL01596,S0068,INV0582,Ascertis Credit,,debt,2026,,,lead,1250.0,,,,SRC01260,MEDIUM
IL01597,S0068,INV0582,Ascertis Credit,,debt,2026,,,lead,1250.0,,,,SRC01260,MEDIUM
IL01598,S0068,INV0003,Accel,VC,,,2019,['Series G'],False,,,,,SRC01255,HIGH
IL01599,S0068,INV0029,Tiger Global,VC,,,2020,"['Series F', 'Series G']",False,,,,,SRC01255,HIGH
IL01600,S0068,INV0048,Nexus Venture Partners,VC,,,2019,['Series G'],False,,,,,SRC01255,HIGH
IL01601,S0068,INV0579,NK Squared (Nikhil Kamath),family office,,,2024,"['Series F', 'Series G']",False,,,,,SRC01255,MEDIUM
IL01602,S0069,INV0103,Tiger Global Management,,Series B,2021-09-14,,,lead,35.0,,,,,
IL01603,S0069,INV0103,Tiger Global Management,,,,,['Series B'],,,,,,,
IL01604,S0069,INV0583,Silicon Motion Technology,,,,,,,,,,,,
IL01605,S0070,INV0142,Prosus,,Series C (first institutional equity),2026-08-19,,,lead,100.0,,,,SRC01281,
IL01606,S0070,INV0584,PhillipCapital,,debt (NCD),2025-07-28,,,lead,20.0,,,,SRC01299,
IL01607,S0070,INV0584,PhillipCapital,,Conventional Debt (NCD),2025-07-28,,,lead,20.0,,,,SRC01299,MEDIUM
IL01608,S0070,INV0585,Ambit,,Conventional Debt (NCD),2025-07-28,,,,20.0,,,,SRC01299,MEDIUM
IL01609,S0070,INV0584,PhillipCapital,,Conventional Debt (NCD),2025-07-28,,,lead,20.0,,,,SRC01299,MEDIUM
IL01610,S0070,INV0586,Kairus Shavak Dadachanji,,Convertible Debt,2024-05-23,,,lead,18.01215,,,,SRC01292,MEDIUM
IL01611,S0070,INV0587,Rishad Kairus Dadachanji,,Convertible Debt,2024-05-23,,,,18.01215,,,,SRC01292,MEDIUM
IL01612,S0070,INV0588,Sandhya Rohit Kapadia,,Convertible Debt,2024-05-23,,,,18.01215,,,,SRC01292,MEDIUM
IL01613,S0070,INV0589,Pervin Kairus Dadachanji,,Convertible Debt,2024-05-23,,,,18.01215,,,,SRC01292,MEDIUM
IL01614,S0070,INV0590,Rohit Kapadia,,Convertible Debt,2024-05-23,,,,18.01215,,,,SRC01292,MEDIUM
IL01615,S0070,INV0591,Yash Kapadia,,Convertible Debt,2024-05-23,,,,18.01215,,,,SRC01292,MEDIUM
IL01616,S0070,INV0586,Kairus Shavak Dadachanji,,Convertible Debt,2024-05-23,,,lead,18.01215,,,,SRC01292,MEDIUM
IL01617,S0070,INV0592,JM Financial,,IPO (planned),2026-08-13,,,lead,3000.0,,,,SRC01289,MEDIUM
IL01618,S0070,INV0593,Kotak Mahindra Capital,,IPO (planned),2026-08-13,,,lead,3000.0,,,,SRC01289,MEDIUM
IL01619,S0070,INV0401,Goldman Sachs,,IPO (planned),2026-08-13,,,lead,3000.0,,,,SRC01289,MEDIUM
IL01620,S0070,INV0594,JPMorgan,,IPO (planned),2026-08-13,,,lead,3000.0,,,,SRC01289,MEDIUM
IL01621,S0070,INV0142,Prosus,,,,,['Series C'],True,,,,,,
IL01622,S0070,INV0595,Sachin Bansal (founder self-funding),,,,,,,,,,,,
IL01623,S0071,INV0003,Accel,,Series E (tranche 1),2026-07-02,,,lead,6.0,,,,SRC01308,
IL01624,S0071,INV0596,Nandan Nilekani,,Series E (tranche 1),2026-07-02,,,lead,6.0,,,,SRC01308,
IL01625,S0071,INV0029,Tiger Global,,Series E (tranche 1),2026-07-02,,,lead,6.0,,,,SRC01308,
IL01626,S0071,INV0597,Walmart + Flipkart,,Series D-II,2021-12-13,,,lead,145.0,,,,SRC01314,
IL01627,S0071,INV0029,Tiger Global,,Series C,2019-04-24,,,lead,90.0,,,,SRC01318,
IL01628,S0071,INV0598,Accel US,,Series B,2018-12-12,,,lead,3100.0,,,,SRC01317,HIGH
IL01629,S0071,INV0599,Syngenta Ventures,,Series B,2018-12-12,,,lead,3100.0,,,,SRC01317,HIGH
IL01630,S0071,INV0600,Neoplux,,Series B,2018-12-12,,,,3100.0,,,,SRC01317,HIGH
IL01631,S0071,INV0601,Jo Hirao,,Series B,2018-12-12,,,,3100.0,,,,SRC01317,HIGH
IL01632,S0071,INV0602,HR Capital,,Series B,2018-12-12,,,,3100.0,,,,SRC01317,HIGH
IL01633,S0071,INV0413,Trifecta Capital,,Series B,2018-12-12,,,,3100.0,,,,SRC01317,HIGH
IL01634,S0071,INV0291,Accel India,,Series B,2018-12-12,,,,3100.0,,,,SRC01317,HIGH
IL01635,S0071,INV0596,Nandan Nilekani,,Series B,2018-12-12,,,,3100.0,,,,SRC01317,HIGH
IL01636,S0071,INV0603,Mistletoe,,Series B,2018-12-12,,,,3100.0,,,,SRC01317,HIGH
IL01637,S0071,INV0241,Qualcomm Ventures,,Series B,2018-12-12,,,,3100.0,,,,SRC01317,HIGH
IL01638,S0071,INV0598,Accel US,,Series B,2018-12-12,,,lead,3100.0,,,,SRC01317,HIGH
IL01639,S0071,INV0599,Syngenta Ventures,,Series B,2018-12-12,,,lead,3100.0,,,,SRC01317,HIGH
IL01640,S0071,INV0604,STIC Investments,,Growth (STIC Investments),2022-05,,,lead,9.2,,,,SRC01310,MEDIUM
IL01641,S0071,INV0604,STIC Investments,,Growth (STIC Investments),2022-05,,,lead,9.2,,,,SRC01310,MEDIUM
IL01642,S0071,INV0028,Walmart,,Growth (Flipkart/Walmart-led $145M),2022-01-24,,,lead,145.0,,,,SRC01311,HIGH
IL01643,S0071,INV0605,Flipkart,,Growth (Flipkart/Walmart-led $145M),2022-01-24,,,lead,145.0,,,,SRC01311,HIGH
IL01644,S0071,INV0028,Walmart,,Growth (Flipkart/Walmart-led $145M),2022-01-24,,,lead,145.0,,,,SRC01311,HIGH
IL01645,S0071,INV0605,Flipkart,,Growth (Flipkart/Walmart-led $145M),2022-01-24,,,lead,145.0,,,,SRC01311,HIGH
IL01646,S0071,INV0029,Tiger Global,,,,,"['Series C', 'Series E']",,,,,,,
IL01647,S0071,INV0003,Accel,,,,,"['Series B', 'Series E']",,,,,,,
IL01648,S0071,INV0597,Walmart/Flipkart,,,,,['Series D-II'],,,,,,,
IL01649,S0071,INV0596,Nandan Nilekani,,,,,['Series E'],,,,,,,
IL01650,S0072,INV0127,Temasek,,Private,2018-05,,,,125.0,,,,SRC01324,MEDIUM
IL01651,S0072,INV0606,PayPal,,Private,2018-05,,,,125.0,,,,SRC01324,MEDIUM
IL01652,S0072,INV0234,Mastercard,,Private,2020-01,,,lead,,,,,SRC01324,MEDIUM
IL01653,S0072,INV0234,Mastercard,,Private,2020-01,,,lead,,,,,SRC01324,MEDIUM
IL01654,S0072,INV0093,Fidelity,,Private,2021-07,,,lead,325.0,,,,SRC01324,MEDIUM
IL01655,S0072,INV0607,BlackRock,,Private,2021-07,,,lead,325.0,,,,SRC01324,MEDIUM
IL01656,S0072,INV0093,Fidelity,,Private,2021-07,,,lead,325.0,,,,SRC01324,MEDIUM
IL01657,S0072,INV0607,BlackRock,,Private,2021-07,,,lead,325.0,,,,SRC01324,MEDIUM
IL01658,S0072,INV0066,Alpha Wave Global,,Series F,2022-01,,,lead,150.0,,,,SRC01324,MEDIUM
IL01659,S0072,INV0606,PayPal,,Series F,2022-03-04,,,,50.0,,,,SRC01332,MEDIUM
IL01660,S0072,INV0608,Actis,,Series F,2022-03-04,,,,50.0,,,,SRC01332,MEDIUM
IL01661,S0072,INV0127,Temasek,,Series F,2022-03-04,,,,50.0,,,,SRC01332,MEDIUM
IL01662,S0072,INV0037,Peak XV Partners,,Series F,2022-03-04,,,,50.0,,,,SRC01332,MEDIUM
IL01663,S0072,INV0276,Vitruvian Partners,,Series F,2022-03-04,,,lead,50.0,,,,SRC01332,MEDIUM
IL01664,S0072,INV0609,anchor + public investors,,IPO,2025-11-03,,,,3900.0,,,,SRC01321,HIGH
IL01665,S0072,INV0037,Peak XV Partners,,Seed,2009-01-01,,,,,,,,SRC01333,MEDIUM
IL01666,S0072,INV0610,Peak XV Partners (ex-Sequoia India),,Seed,2009-01-01,,,lead,,,,,SRC01333,MEDIUM
IL01667,S0072,INV0037,Peak XV Partners,,Series A,2014-05-08,,,lead,,,,,SRC01334,MEDIUM
IL01668,S0072,INV0065,Sofina,,Series A,2014-05-08,,,,,,,,SRC01334,MEDIUM
IL01669,S0072,INV0037,Peak XV Partners,,Series A,2014-05-08,,,lead,,,,,SRC01334,MEDIUM
IL01670,S0072,INV0608,Actis,,Series B,2018-01-12,,,lead,82.0,,,,SRC01324,MEDIUM
IL01671,S0072,INV0611,Altimeter Capital,,Series B,2018-01-12,,,lead,82.0,,,,SRC01324,MEDIUM
IL01672,S0072,INV0612,Madison India Capital,,Series B,2018-01-12,,,,82.0,,,,SRC01324,MEDIUM
IL01673,S0072,INV0065,Sofina,,Series B,2018-01-12,,,,82.0,,,,SRC01324,MEDIUM
IL01674,S0072,INV0608,Actis,,Series B,2018-01-12,,,lead,82.0,,,,SRC01324,MEDIUM
IL01675,S0072,INV0611,Altimeter Capital,,Series B,2018-01-12,,,lead,82.0,,,,SRC01324,MEDIUM
IL01676,S0072,INV0127,Temasek,,Series C,2018-05-31,,,lead,125.0,,,,SRC01324,MEDIUM
IL01677,S0072,INV0606,PayPal,,Series C,2018-05-31,,,lead,125.0,,,,SRC01324,MEDIUM
IL01678,S0072,INV0065,Sofina,,Series C,2018-05-31,,,,125.0,,,,SRC01324,MEDIUM
IL01679,S0072,INV0127,Temasek,,Series C,2018-05-31,,,lead,125.0,,,,SRC01324,MEDIUM
IL01680,S0072,INV0606,PayPal,,Series C,2018-05-31,,,lead,125.0,,,,SRC01324,MEDIUM
IL01681,S0072,INV0234,Mastercard,,Corporate,2020-01-01,,,lead,,,,,SRC01335,MEDIUM
IL01682,S0072,INV0234,Mastercard,,Corporate,2020-01-01,,,lead,,,,,SRC01335,MEDIUM
IL01683,S0072,INV0033,Lone Pine Capital,,Series D,2020-12-21,,,lead,41.0,,,,SRC01334,MEDIUM
IL01684,S0072,INV0033,Lone Pine Capital,,Series D,2020-12-21,,,lead,41.0,,,,SRC01334,MEDIUM
IL01685,S0072,INV0613,Smallcap World Fund,,Series D,2021-04-20,,,lead,5.5,,,,SRC01334,MEDIUM
IL01686,S0072,INV0037,Peak XV Partners,,Series D,2021-04-20,,,lead,5.5,,,,SRC01334,MEDIUM
IL01687,S0072,INV0614,Baron Capital Group,,Series D,2021-04-20,,,lead,5.5,,,,SRC01334,MEDIUM
IL01688,S0072,INV0615,Duro Capital,,Series D,2021-04-20,,,,5.5,,,,SRC01334,MEDIUM
IL01689,S0072,INV0616,Marshall Wace,,Series D,2021-04-20,,,,5.5,,,,SRC01334,MEDIUM
IL01690,S0072,INV0127,Temasek,,Series D,2021-04-20,,,,5.5,,,,SRC01334,MEDIUM
IL01691,S0072,INV0033,Lone Pine Capital,,Series D,2021-04-20,,,,5.5,,,,SRC01334,MEDIUM
IL01692,S0072,INV0617,Lenarco,,Series D,2021-04-20,,,,5.5,,,,SRC01334,MEDIUM
IL01693,S0072,INV0618,Moore Ventures,,Series D,2021-04-20,,,,5.5,,,,SRC01334,MEDIUM
IL01694,S0072,INV0619,WFM Asia,,Series D,2021-04-20,,,,5.5,,,,SRC01334,MEDIUM
IL01695,S0072,INV0613,Smallcap World Fund,,Series D,2021-04-20,,,lead,5.5,,,,SRC01334,MEDIUM
IL01696,S0072,INV0037,Peak XV Partners,,Series D,2021-04-20,,,lead,5.5,,,,SRC01334,MEDIUM
IL01697,S0072,INV0614,Baron Capital Group,,Series D,2021-04-20,,,lead,5.5,,,,SRC01334,MEDIUM
IL01698,S0072,INV0614,Baron Capital Group,,Series E,2021-05-17,,,lead,285.0,,,,SRC01336,HIGH
IL01699,S0072,INV0615,Duro Capital,,Series E,2021-05-17,,,lead,285.0,,,,SRC01336,HIGH
IL01700,S0072,INV0616,Marshall Wace,,Series E,2021-05-17,,,lead,285.0,,,,SRC01336,HIGH
IL01701,S0072,INV0127,Temasek,,Series E,2021-05-17,,,lead,285.0,,,,SRC01336,HIGH
IL01702,S0072,INV0033,Lone Pine Capital,,Series E,2021-05-17,,,lead,285.0,,,,SRC01336,HIGH
IL01703,S0072,INV0288,360 One,,Series E,2021-05-17,,,,285.0,,,,SRC01336,HIGH
IL01704,S0072,INV0620,Ishana Capital,,Series E,2021-05-17,,,,285.0,,,,SRC01336,HIGH
IL01705,S0072,INV0621,IC Partners Long Only Fund,,Series E,2021-05-17,,,,285.0,,,,SRC01336,HIGH
IL01706,S0072,INV0622,Founders Global,,Series E,2021-05-17,,,,285.0,,,,SRC01336,HIGH
IL01707,S0072,INV0623,Yeoh Chen Chow,,Series E,2021-05-17,,,,285.0,,,,SRC01336,HIGH
IL01708,S0072,INV0624,Kotak Investment Advisors,,Series E,2021-05-17,,,,285.0,,,,SRC01336,HIGH
IL01709,S0072,INV0619,WFM Asia,,Series E,2021-05-17,,,,285.0,,,,SRC01336,HIGH
IL01710,S0072,INV0614,Baron Capital Group,,Series E,2021-05-17,,,lead,285.0,,,,SRC01336,HIGH
IL01711,S0072,INV0615,Duro Capital,,Series E,2021-05-17,,,lead,285.0,,,,SRC01336,HIGH
IL01712,S0072,INV0616,Marshall Wace,,Series E,2021-05-17,,,lead,285.0,,,,SRC01336,HIGH
IL01713,S0072,INV0127,Temasek,,Series E,2021-05-17,,,lead,285.0,,,,SRC01336,HIGH
IL01714,S0072,INV0033,Lone Pine Capital,,Series E,2021-05-17,,,lead,285.0,,,,SRC01336,HIGH
IL01715,S0072,INV0102,Fidelity Investments,,Series E,2021-07-06,,,lead,315.0,,,,SRC01324,MEDIUM
IL01716,S0072,INV0607,BlackRock,,Series E,2021-07-06,,,lead,315.0,,,,SRC01324,MEDIUM
IL01717,S0072,INV0625,Tree Line Investment Management,,Series E,2021-07-06,,,lead,315.0,,,,SRC01324,MEDIUM
IL01718,S0072,INV0288,360 One,,Series E,2021-07-06,,,,315.0,,,,SRC01324,MEDIUM
IL01719,S0072,INV0620,Ishana Capital,,Series E,2021-07-06,,,,315.0,,,,SRC01324,MEDIUM
IL01720,S0072,INV0621,IC Partners Long Only Fund,,Series E,2021-07-06,,,,315.0,,,,SRC01324,MEDIUM
IL01721,S0072,INV0622,Founders Global,,Series E,2021-07-06,,,,315.0,,,,SRC01324,MEDIUM
IL01722,S0072,INV0623,Yeoh Chen Chow,,Series E,2021-07-06,,,,315.0,,,,SRC01324,MEDIUM
IL01723,S0072,INV0624,Kotak Investment Advisors,,Series E,2021-07-06,,,,315.0,,,,SRC01324,MEDIUM
IL01724,S0072,INV0619,WFM Asia,,Series E,2021-07-06,,,,315.0,,,,SRC01324,MEDIUM
IL01725,S0072,INV0102,Fidelity Investments,,Series E,2021-07-06,,,lead,315.0,,,,SRC01324,MEDIUM
IL01726,S0072,INV0607,BlackRock,,Series E,2021-07-06,,,lead,315.0,,,,SRC01324,MEDIUM
IL01727,S0072,INV0625,Tree Line Investment Management,,Series E,2021-07-06,,,lead,315.0,,,,SRC01324,MEDIUM
IL01728,S0072,INV0626,Invesco Mutual Fund,,Series F,2021-09-16,,,lead,100.0,,,,SRC01334,MEDIUM
IL01729,S0072,INV0626,Invesco Mutual Fund,,Series F,2021-09-16,,,lead,100.0,,,,SRC01334,MEDIUM
IL01730,S0072,INV0627,State Bank of India,,Corporate,2022-01-04,,,lead,20.0,,,,SRC01337,MEDIUM
IL01731,S0072,INV0627,State Bank of India,,Corporate,2022-01-04,,,lead,20.0,,,,SRC01337,MEDIUM
IL01732,S0072,INV0609,anchor + public investors,,IPO,2025-06-26,,,,2600.0,,,,SRC01323,HIGH
IL01733,S0072,INV0628,Amundi Funds,,Secondary,2025-11-06,,,lead,197.88,,,,SRC01338,LOW
IL01734,S0072,INV0629,+9 more,,Secondary,2025-11-06,,,,197.88,,,,SRC01338,LOW
IL01735,S0072,INV0628,Amundi Funds,,Secondary,2025-11-06,,,lead,197.88,,,,SRC01338,LOW
IL01736,S0072,INV0610,Peak XV Partners (ex-Sequoia India),VC,,,2009,"['Seed 2009', 'Series F 2022', 'IPO OFS seller']",False,,,,,SRC01321,HIGH
IL01737,S0072,INV0606,PayPal,corporate,,,2018,"['2018', 'Series F 2022']",False,,,,,SRC01324,MEDIUM
IL01738,S0072,INV0127,Temasek,sovereign,,,2018,['2018'],False,,,,,SRC01324,MEDIUM
IL01739,S0072,INV0234,Mastercard,corporate,,,2020,['2020'],True,,,,,SRC01324,MEDIUM
IL01740,S0072,INV0066,Alpha Wave Global,PE/VC,,,2022,['Series F 2022'],True,,,,,SRC01324,MEDIUM
IL01741,S0073,INV0146,Elev8 Venture Partners,,Series C (equity+debt),2026-08-05,,,lead,120.0,,,,SRC01362,
IL01742,S0073,INV0630,Claypond Capital,,Series C (equity+debt),2026-08-05,,,lead,120.0,,,,SRC01362,
IL01743,S0073,INV0631,Yamaha Motor,,Series B,2024-02-05,,,lead,40.0,,,,SRC01373,
IL01744,S0073,INV0632,Al-Futtaim Group,,Series A,2023-06,,,lead,15.0,,,,SRC01371,
IL01745,S0073,INV0146,Elev8 Venture Partners,,,,,['Series C'],True,,,,,,
IL01746,S0073,INV0630,Claypond Capital,,,,,['Series C'],True,,,,,,
IL01747,S0073,INV0631,Yamaha Motor,,,,,"['Series B', 'Series C']",,,,,,,
IL01748,S0073,INV0632,Al-Futtaim Group,,,,,"['Series A', 'Series C']",,,,,,,
IL01749,S0073,INV0633,Mitsui,,,,,['Series C'],,,,,,,
IL01750,S0074,INV0119,Insight Partners,,Series C,2026-03-25,,,lead,60.0,,,,SRC01387,
IL01751,S0074,INV0634,8VC,,Series B,2024-06-25,,,lead,24.0,,,,SRC01388,
IL01752,S0074,INV0635,Matrix/Z47,,Series B,2024-06-25,,,lead,24.0,,,,SRC01388,
IL01753,S0074,INV0199,Nexus,,Series B,2024-06-25,,,lead,24.0,,,,SRC01388,
IL01754,S0074,INV0636,Matrix,,Series A,2022-01-19,,,lead,18.0,,,,SRC01381,
IL01755,S0074,INV0199,Nexus,,Series A,2022-01-19,,,lead,18.0,,,,SRC01381,
IL01756,S0074,INV0634,8VC,,Series A,2022-01-19,,,lead,18.0,,,,SRC01381,
IL01757,S0074,INV0119,Insight Partners,,,,,['Series C'],True,,,,,,
IL01758,S0074,INV0634,8VC,,,,,"['Series A', 'Series B']",,,,,,,
IL01759,S0074,INV0048,Nexus Venture Partners,,,,,"['Seed', 'Series A', 'Series B']",,,,,,,
IL01760,S0074,INV0635,Matrix/Z47,,,,,"['Series A', 'Series B']",,,,,,,
IL01761,S0074,INV0637,Atlassian Ventures,,,,,['Series C (Jul 2026 entry per Tracxn)'],,,,,,,
IL01762,S0075,INV0638,Qualcomm Ventures (+ Labcorp,,Series C extension,2026-09-03,,,lead,70.0,,,,SRC01390,
IL01763,S0075,INV0639,Alpha Wave,,Series C extension,2026-09-03,,,lead,70.0,,,,SRC01390,
IL01764,S0075,INV0513,Blume,,Series C extension,2026-09-03,,,lead,70.0,,,,SRC01390,
IL01765,S0075,INV0199,Nexus,,Series C extension,2026-09-03,,,lead,70.0,,,,SRC01390,
IL01766,S0075,INV0640,Alteria),,Series C extension,2026-09-03,,,lead,70.0,,,,SRC01390,
IL01767,S0075,INV0641,undisclosed (Premji Invest denied),,Series C,2026-03-17,,,lead,48.0,,,,SRC01417,
IL01768,S0075,INV0371,Alteria Capital,,venture debt,2025-11-20,,,lead,100.0,,,,SRC01395,
IL01769,S0075,INV0125,Blume Ventures,,Seed,2019-12-11,,,lead,,,,,SRC01408,MEDIUM
IL01770,S0075,INV0642,Gaurav Munjal,,Seed,2019-12-11,,,,,,,,SRC01408,MEDIUM
IL01771,S0075,INV0048,Nexus Venture Partners,,Seed,2019-12-11,,,lead,,,,,SRC01408,MEDIUM
IL01772,S0075,INV0643,Adit Parekh,,Seed,2019-12-11,,,,,,,,SRC01408,MEDIUM
IL01773,S0075,INV0644,Nishith Rastogi,,Seed,2019-12-11,,,,,,,,SRC01408,MEDIUM
IL01774,S0075,INV0125,Blume Ventures,,Seed,2019-12-11,,,lead,,,,,SRC01408,MEDIUM
IL01775,S0075,INV0048,Nexus Venture Partners,,Seed,2019-12-11,,,lead,,,,,SRC01408,MEDIUM
IL01776,S0075,INV0645,Alpha Wave Incubation,,Series A,2021-08-14,,,lead,17.5,,,,SRC01418,HIGH
IL01777,S0075,INV0225,Steadview Capital,,Series A,2021-08-14,,,lead,17.5,,,,SRC01418,HIGH
IL01778,S0075,INV0048,Nexus Venture Partners,,Series A,2021-08-14,,,,17.5,,,,SRC01418,HIGH
IL01779,S0075,INV0125,Blume Ventures,,Series A,2021-08-14,,,,17.5,,,,SRC01418,HIGH
IL01780,S0075,INV0646,iSeed,,Series A,2021-08-14,,,,17.5,,,,SRC01418,HIGH
IL01781,S0075,INV0647,Deepinder Goyal,,Series A,2021-08-14,,,,17.5,,,,SRC01418,HIGH
IL01782,S0075,INV0648,Scott Schleifer,,Series A,2021-08-14,,,,17.5,,,,SRC01418,HIGH
IL01783,S0075,INV0136,Kunal Shah,,Series A,2021-08-14,,,,17.5,,,,SRC01418,HIGH
IL01784,S0075,INV0642,Gaurav Munjal,,Series A,2021-08-14,,,,17.5,,,,SRC01418,HIGH
IL01785,S0075,INV0649,Sandeep Singhal,,Series A,2021-08-14,,,,17.5,,,,SRC01418,HIGH
IL01786,S0075,INV0645,Alpha Wave Incubation,,Series A,2021-08-14,,,lead,17.5,,,,SRC01418,HIGH
IL01787,S0075,INV0225,Steadview Capital,,Series A,2021-08-14,,,lead,17.5,,,,SRC01418,HIGH
IL01788,S0075,INV0125,Blume Ventures,,Series B,2024-03-20,,,lead,35.0,,,,SRC01403,HIGH
IL01789,S0075,INV0225,Steadview Capital,,Series B,2024-03-20,,,lead,35.0,,,,SRC01403,HIGH
IL01790,S0075,INV0048,Nexus Venture Partners,,Series B,2024-03-20,,,lead,35.0,,,,SRC01403,HIGH
IL01791,S0075,INV0066,Alpha Wave Global,,Series B,2024-03-20,,,,35.0,,,,SRC01403,HIGH
IL01792,S0075,INV0647,Deepinder Goyal,,Series B,2024-03-20,,,,35.0,,,,SRC01403,HIGH
IL01793,S0075,INV0125,Blume Ventures,,Series B,2024-03-20,,,lead,35.0,,,,SRC01403,HIGH
IL01794,S0075,INV0225,Steadview Capital,,Series B,2024-03-20,,,lead,35.0,,,,SRC01403,HIGH
IL01795,S0075,INV0048,Nexus Venture Partners,,Series B,2024-03-20,,,lead,35.0,,,,SRC01403,HIGH
IL01796,S0075,INV0004,WestBridge Capital,,Reported (unclosed),2025-04-28,,,lead,120.0,,,,SRC01399,MEDIUM
IL01797,S0075,INV0650,private equity investors,,Reported (unclosed),2025-04-28,,,,120.0,,,,SRC01399,MEDIUM
IL01798,S0075,INV0004,WestBridge Capital,,Reported (unclosed),2025-04-28,,,lead,120.0,,,,SRC01399,MEDIUM
IL01799,S0075,INV0241,Qualcomm Ventures,,,,,['2026 extension'],,,,,,,
IL01800,S0075,INV0066,Alpha Wave Global,,,,,"['Series B', '2026 extension']",,,,,,,
IL01801,S0075,INV0125,Blume Ventures,,,,,"['Seed', 'Series A', 'Series B', '2026 extension']",,,,,,,
IL01802,S0075,INV0048,Nexus Venture Partners,,,,,"['Series A', 'Series B', '2026 extension']",,,,,,,
IL01803,S0075,INV0371,Alteria Capital,,,,,"['debt', '2026 extension']",,,,,,,
IL01804,S0075,INV0651,Labcorp,,,,,['2026 extension'],,,,,,,
IL01805,S0076,INV0004,WestBridge Capital,,Private growth round (primary + small secondary),2026-08-24,,,lead,408.0,,,,SRC01438,HIGH
IL01806,S0076,INV0076,Creaegis,,Private growth round (primary + small secondary),2026-08-24,,,,408.0,,,,SRC01438,HIGH
IL01807,S0076,INV0652,angel investors,,Private growth round (primary + small secondary),2026-08-24,,,,408.0,,,,SRC01438,HIGH
IL01808,S0076,INV0004,WestBridge Capital,,Private growth round (primary + small secondary),2026-08-24,,,lead,408.0,,,,SRC01438,HIGH
IL01809,S0076,INV0076,Creaegis,,Series C,2023-09,,,lead,35.0,,,,SRC01441,HIGH
IL01810,S0076,INV0004,WestBridge Capital,,Series C,2023-09,,,,35.0,,,,SRC01441,HIGH
IL01811,S0076,INV0653,Sujeet Kumar (angel),,Series C,2023-09,,,,35.0,,,,SRC01441,HIGH
IL01812,S0076,INV0076,Creaegis,,Series C,2023-09,,,lead,35.0,,,,SRC01441,HIGH
IL01813,S0076,INV0004,WestBridge Capital,,Series B,2022,,,lead,21.0,,,,SRC01440,MEDIUM
IL01814,S0076,INV0004,WestBridge Capital,,Series B,2022,,,lead,21.0,,,,SRC01440,MEDIUM
IL01815,S0076,INV0004,WestBridge Capital,,Series A,2021,,,lead,6.0,,,,SRC01440,MEDIUM
IL01816,S0076,INV0004,WestBridge Capital,,Series D,2026-08-24,,,lead,408.0,,,,SRC01449,HIGH
IL01817,S0076,INV0076,Creaegis,,Series D,2026-08-24,,,,408.0,,,,SRC01449,HIGH
IL01818,S0076,INV0652,angel investors,,Series D,2026-08-24,,,,408.0,,,,SRC01449,HIGH
IL01819,S0076,INV0004,WestBridge Capital,,Series D,2026-08-24,,,lead,408.0,,,,SRC01449,HIGH
IL01820,S0076,INV0004,WestBridge Capital,PE/VC,,,2021,"['Series A 2021', 'Series B 2022', 'Aug 2026 Rs 408cr']",True,,,,,SRC01438,HIGH
IL01821,S0076,INV0076,Creaegis,PE,,,2023,"['Series C 2023', 'Aug 2026 Rs 408cr']",True,,,,,SRC01441,HIGH
IL01822,S0077,INV0654,Eurazeo,,Series B (equity + debt + secondary),2025-05-06,,,lead,250.0,,,,SRC01457,HIGH
IL01823,S0077,INV0655,Omnivore,,Series B (equity + debt + secondary),2025-05-06,,,lead,250.0,,,,SRC01457,HIGH
IL01824,S0077,INV0528,IvyCap Ventures,,Series B (equity + debt + secondary),2025-05-06,,,,250.0,,,,SRC01457,HIGH
IL01825,S0077,INV0413,Trifecta Capital,,Series B (equity + debt + secondary),2025-05-06,,,,250.0,,,,SRC01457,HIGH
IL01826,S0077,INV0656,Lighthouse Canton,,Series B (equity + debt + secondary),2025-05-06,,,,250.0,,,,SRC01457,HIGH
IL01827,S0077,INV0495,BlackSoil,,Series B (equity + debt + secondary),2025-05-06,,,,250.0,,,,SRC01457,HIGH
IL01828,S0077,INV0657,UCIC,,Series B (equity + debt + secondary),2025-05-06,,,,250.0,,,,SRC01457,HIGH
IL01829,S0077,INV0658,GetVantage,,Series B (equity + debt + secondary),2025-05-06,,,,250.0,,,,SRC01457,HIGH
IL01830,S0077,INV0654,Eurazeo,,Series B (equity + debt + secondary),2025-05-06,,,lead,250.0,,,,SRC01457,HIGH
IL01831,S0077,INV0655,Omnivore,,Series B (equity + debt + secondary),2025-05-06,,,lead,250.0,,,,SRC01457,HIGH
IL01832,S0077,INV0528,IvyCap Ventures,VC,,,2023-04,"['Series A (Rs 100 Cr, Apr 2023)', 'pre-Series B', 'Series B']",True,,,,,SRC01462,HIGH
IL01833,S0077,INV0654,Eurazeo,VC,,,2025-05,['Series B'],True,,,,,SRC01457,HIGH
IL01834,S0077,INV0655,Omnivore,VC,,,2025-05,['Series B'],True,,,,,SRC01457,HIGH
IL01835,S0078,INV0659,Smilegate Group,,Private,2025-11-28,,,lead,35.0,,,,SRC01467,MEDIUM
IL01836,S0078,INV0661,Muzinich & Co.,,Private,2026-06-23,,,,900.0,,,,SRC01467,HIGH
IL01837,S0078,INV0660,EAAA Alternatives,,Private,2026-06-23,,,lead,900.0,,,,SRC01467,HIGH
IL01838,S0078,INV0660,EAAA Alternatives,,Private,2026-06-23,,,lead,95.0,,,,SRC01472,HIGH
IL01839,S0078,INV0661,Muzinich & Co.,,Private,2026-06-23,,,,95.0,,,,SRC01472,HIGH
IL01840,S0078,INV0660,EAAA Alternatives,,Private,2026-06-23,,,lead,95.0,,,,SRC01472,HIGH
IL01841,S0078,INV0662,high-net-worth investors,,Private,2023-03,,,lead,112.0,,,,SRC01470,MEDIUM
IL01842,S0078,INV0662,high-net-worth investors,,Private,2023-03,,,lead,112.0,,,,SRC01470,MEDIUM
IL01843,S0078,INV0145,Kae Capital,,Private,2014,,,,,,,,SRC01472,LOW
IL01844,S0078,INV0663,Bennett Coleman & Co. Ltd.,,Private,2014,,,,,,,,SRC01472,LOW
IL01845,S0078,INV0664,Reliance Group Holdings,,Private,2014,,,,,,,,SRC01472,LOW
IL01846,S0078,INV0665,ADM Capital,,Private,2014,,,,,,,,SRC01472,LOW
IL01847,S0078,INV0660,EAAA Alternatives,PE/credit,,,2026-06,['June 2026'],True,,,,,SRC01467,HIGH
IL01848,S0078,INV0661,Muzinich & Co.,credit,,,2026-06,['June 2026'],False,,,,,SRC01467,HIGH
IL01849,S0078,INV0659,Smilegate Group,VC,,,2025-11,['Dec 2025 $35M'],True,,,,,SRC01474,MEDIUM
IL01850,S0078,INV0666,Kae Capital / Bennett Coleman / Reliance Group / ADM Capital,mixed,,,,['earlier'],False,,,,,SRC01467,LOW
IL01851,S0079,INV0667,Vertex Ventures SEA & India,,Series B,2026-01-14,,,lead,250.0,,,,SRC01477,HIGH
IL01852,S0079,INV0227,Eight Roads Ventures,,Series B,2026-01-14,,,,250.0,,,,SRC01477,HIGH
IL01853,S0079,INV0668,3one4 Capital,,Series B,2026-01-14,,,,250.0,,,,SRC01477,HIGH
IL01854,S0079,INV0025,Arkam Ventures,,Series B,2026-01-14,,,,250.0,,,,SRC01477,HIGH
IL01855,S0079,INV0669,Rainmatter,,Series B,2026-01-14,,,,250.0,,,,SRC01477,HIGH
IL01856,S0079,INV0667,Vertex Ventures SEA & India,,Series B,2026-01-14,,,lead,250.0,,,,SRC01477,HIGH
IL01857,S0079,INV0227,Eight Roads Ventures,,Series A,2022-05,,,lead,17.0,,,,SRC01482,MEDIUM
IL01858,S0079,INV0668,3one4 Capital,,Series A,2022-05,,,,17.0,,,,SRC01482,MEDIUM
IL01859,S0079,INV0227,Eight Roads Ventures,,Series A,2022-05,,,lead,17.0,,,,SRC01482,MEDIUM
IL01860,S0079,INV0667,Vertex Ventures SEA & India,VC,,,2026-01,['Series B'],True,,,,,SRC01477,HIGH
IL01861,S0079,INV0227,Eight Roads Ventures,VC,,,2022-05,"['Series A', 'Series B']",True,,,,,SRC01482,MEDIUM
IL01862,S0079,INV0668,3one4 Capital,VC,,,2022,"['Series A', 'Series B']",False,,,,,SRC01477,MEDIUM
IL01863,S0079,INV0025,Arkam Ventures,VC,,,2026-01,['Series B'],False,,,,,SRC01477,MEDIUM
IL01864,S0079,INV0670,Rainmatter (Zerodha),corporate VC,,,2021,"['Seed', 'Series B']",False,,,,,SRC01477,MEDIUM
IL01865,S0080,INV0203,Greenoaks,,Series A,2026-08-24,,,lead,37.0,,,,SRC01485,HIGH
IL01866,S0080,INV0671,DoorDash,,Series A,2026-08-24,,,,37.0,,,,SRC01485,HIGH
IL01867,S0080,INV0672,Lachy Groom,,Series A,2026-08-24,,,,37.0,,,,SRC01485,HIGH
IL01868,S0080,INV0046,Lightspeed,,Series A,2026-08-24,,,,37.0,,,,SRC01485,HIGH
IL01869,S0080,INV0673,Humba Ventures,,Series A,2026-08-24,,,,37.0,,,,SRC01485,HIGH
IL01870,S0080,INV0203,Greenoaks,,Series A,2026-08-24,,,lead,37.0,,,,SRC01485,HIGH
IL01871,S0080,INV0672,Lachy Groom,,Seed,2025-10-14,,,lead,8.65,,,,SRC01487,HIGH
IL01872,S0080,INV0046,Lightspeed,,Seed,2025-10-14,,,,8.65,,,,SRC01487,HIGH
IL01873,S0080,INV0673,Humba Ventures,,Seed,2025-10-14,,,,8.65,,,,SRC01487,HIGH
IL01874,S0080,INV0672,Lachy Groom,,Seed,2025-10-14,,,lead,8.65,,,,SRC01487,HIGH
IL01875,S0080,INV0203,Greenoaks,VC (growth),,,2026-08,['Series A Aug 2026'],True,,,,,SRC01485,HIGH
IL01876,S0080,INV0672,Lachy Groom,Angel/individual (Physical Intelligence co-founder),,,2025-10,"['Seed Oct 2025', 'Series A Aug 2026']",True,,,,,SRC01489,HIGH
IL01877,S0080,INV0046,Lightspeed,VC,,,2025-10,"['Seed Oct 2025', 'Series A Aug 2026']",False,,,,,SRC01489,HIGH
IL01878,S0080,INV0673,Humba Ventures,VC,,,2025-10,"['Seed Oct 2025', 'Series A Aug 2026']",False,,,,,SRC01489,HIGH
IL01879,S0080,INV0671,DoorDash,Strategic corporate,,,2026-08,['Series A Aug 2026'],False,,,,,SRC01485,HIGH
IL01880,S0081,INV0674,Walden Catalyst Ventures,,Series B,2025-01-23,,,lead,20.0,,,,SRC01491,HIGH
IL01881,S0081,INV0675,NGP Capital,,Series B,2025-01-23,,,lead,20.0,,,,SRC01491,HIGH
IL01882,S0081,INV0676,True Ventures,,Series B,2025-01-23,,,,20.0,,,,SRC01491,HIGH
IL01883,S0081,INV0677,Exfinity Venture Partners,,Series B,2025-01-23,,,,20.0,,,,SRC01491,HIGH
IL01884,S0081,INV0489,Athera Venture Partners,,Series B,2025-01-23,,,,20.0,,,,SRC01491,HIGH
IL01885,S0081,INV0125,Blume Ventures,,Series B,2025-01-23,,,,20.0,,,,SRC01491,HIGH
IL01886,S0081,INV0674,Walden Catalyst Ventures,,Series B,2025-01-23,,,lead,20.0,,,,SRC01491,HIGH
IL01887,S0081,INV0675,NGP Capital,,Series B,2025-01-23,,,lead,20.0,,,,SRC01491,HIGH
IL01888,S0081,INV0674,Walden Catalyst Ventures,VC,,,2025-01,['Series B Jan 2025'],True,,,,,SRC01491,HIGH
IL01889,S0081,INV0675,NGP Capital,VC,,,2025-01,['Series B Jan 2025'],True,,,,,SRC01491,HIGH
IL01890,S0081,INV0676,True Ventures,VC,,,2025-01,['Series B Jan 2025 (existing)'],False,,,,,SRC01491,MEDIUM
IL01891,S0081,INV0125,Blume Ventures,VC,,,2025-01,['Series B Jan 2025 (existing)'],False,,,,,SRC01491,MEDIUM
IL01892,S0081,INV0677,Exfinity Venture Partners,VC,,,2025-01,['Series B Jan 2025 (existing)'],False,,,,,SRC01491,MEDIUM
IL01893,S0082,INV0679,Dragonfly (reported lead),,Series A,2026-08-05,,,,35.0,,,,SRC01499,MEDIUM
IL01894,S0082,INV0680,Anthropic (reported participant),,Series A,2026-08-05,,,,35.0,,,,SRC01499,MEDIUM
IL01895,S0082,INV0678,Dragonfly,,Series A,2026-08-05,,,lead,35.0,,,,SRC01499,MEDIUM
IL01896,S0082,INV0681,"Accel (backing, per TechCrunch snippet)",,Seed,2026-02-05,,,,15.0,,,,SRC01498,HIGH
IL01897,S0082,INV0003,Accel,VC,,,2026-02,['Seed Feb 2026 (backing per TechCrunch snippet)'],False,,,,,SRC01498,MEDIUM
IL01898,S0082,INV0678,Dragonfly,VC,,,2026-08,['Series A Aug 2026 (reported)'],True,,,,,SRC01499,MEDIUM
IL01899,S0082,INV0682,Anthropic,Strategic corporate,,,2026-08,['Series A Aug 2026 (reported participant)'],False,,,,,SRC01501,LOW
IL01900,S0083,INV0683,Warburg Pincus (South Lake Investment),,Series B,2021-01-05,,,lead,100.0,,,,SRC01506,HIGH
IL01901,S0083,INV0241,Qualcomm Ventures,,Venture,2021,,,lead,,,,,SRC01510,MEDIUM
IL01902,S0083,INV0095,Malabar Investments,,Private placement,2022,,,,500.0,,,,SRC01505,MEDIUM
IL01903,S0083,INV0436,Warburg Pincus,,Private placement,2022,,,lead,500.0,,,,SRC01505,MEDIUM
IL01904,S0083,INV0683,Warburg Pincus (South Lake Investment),PE,,,2021-01,"['Series B 2021', '2022 placement', 'OFS Rs 500 cr']",True,,,,,SRC01507,HIGH
IL01905,S0083,INV0241,Qualcomm Ventures,CVC,,,2021,"['2021 venture', 'OFS Rs 50 cr']",False,,,,,SRC01510,MEDIUM
IL01906,S0083,INV0184,Fireside Ventures,VC,,,2018,"['early (Rs 6 cr 2018)', 'OFS Rs 150 cr']",False,,,,,SRC01511,MEDIUM
IL01907,S0084,INV0685,MediaTek,,Series C,2016-05,,,,50.0,,,,SRC01518,MEDIUM
IL01908,S0084,INV0684,GMO (Japan),,Series C,2016-05,,,lead,50.0,,,,SRC01518,MEDIUM
IL01909,S0084,INV0684,GMO (Japan),corporate/VC,,,2016,['Series C 2016'],True,,,,,SRC01518,MEDIUM
IL01910,S0084,INV0685,MediaTek,corporate,,,2016,['Series C 2016'],False,,,,,SRC01524,MEDIUM
IL01911,S0084,INV0686,HDFC MF / SBI MF / Axis MF / Eastspring (IPO anchors),MF,,,2024,['IPO 2024'],False,,,,,SRC01515,HIGH
IL01912,S0085,INV0066,Alpha Wave Global,,Series G,2021-12,,,lead,325.0,,,,SRC01531,MEDIUM
IL01913,S0085,INV0029,Tiger Global,,Series G,2021-12,,,lead,325.0,,,,SRC01531,MEDIUM
IL01914,S0085,INV0002,SoftBank,,Series G,2021-12,,,lead,325.0,,,,SRC01531,MEDIUM
IL01915,S0085,INV0066,Alpha Wave Global,,Series G,2021-12,,,lead,325.0,,,,SRC01531,MEDIUM
IL01916,S0085,INV0029,Tiger Global,,Series G,2021-12,,,lead,325.0,,,,SRC01531,MEDIUM
IL01917,S0085,INV0002,SoftBank,,Series G,2021-12,,,lead,325.0,,,,SRC01531,MEDIUM
IL01918,S0085,INV0687,Cornerstone Ventures,,Series G extension (Unattributed VC per CB Insights),2025-04-16,,,lead,11.7,,,,SRC01532,MEDIUM
IL01919,S0085,INV0687,Cornerstone Ventures,,Series G extension (Unattributed VC per CB Insights),2025-04-16,,,lead,11.7,,,,SRC01532,MEDIUM
IL01920,S0085,INV0688,Public (planned),,IPO (planned/rumored),2026-08-05,,,,800.0,,,,SRC01529,MEDIUM
IL01921,S0085,INV0689,Matrix Partners,,Series A,2015-09-26,,,lead,4.3,,,,SRC01545,MEDIUM
IL01922,S0085,INV0690,Gopikrishna Patibanda,,Series A,2015-09-26,,,,4.3,,,,SRC01545,MEDIUM
IL01923,S0085,INV0691,Nitin Gupta,,Series A,2015-09-26,,,,4.3,,,,SRC01545,MEDIUM
IL01924,S0085,INV0692,Pranaya Chulet,,Series A,2015-09-26,,,,4.3,,,,SRC01545,MEDIUM
IL01925,S0085,INV0693,Apoorva Patni,,Series A,2015-09-26,,,,4.3,,,,SRC01545,MEDIUM
IL01926,S0085,INV0689,Matrix Partners,,Series A,2015-09-26,,,lead,4.3,,,,SRC01545,MEDIUM
IL01927,S0085,INV0694,Zodius,,Series B,2016-11-21,,,lead,11.12,,,,SRC01545,MEDIUM
IL01928,S0085,INV0695,Rohit Arora,,Series B,2016-11-21,,,,11.12,,,,SRC01545,MEDIUM
IL01929,S0085,INV0696,Rohit Kapoor,,Series B,2016-11-21,,,,11.12,,,,SRC01545,MEDIUM
IL01930,S0085,INV0056,Z47,,Series B,2016-11-21,,,lead,11.12,,,,SRC01545,MEDIUM
IL01931,S0085,INV0693,Apoorva Patni,,Series B,2016-11-21,,,,11.12,,,,SRC01545,MEDIUM
IL01932,S0085,INV0694,Zodius,,Series B,2016-11-21,,,lead,11.12,,,,SRC01545,MEDIUM
IL01933,S0085,INV0056,Z47,,Series B,2016-11-21,,,lead,11.12,,,,SRC01545,MEDIUM
IL01934,S0085,INV0056,Z47,,Series C,2018-06-26,,,lead,29.3,,,,SRC01545,MEDIUM
IL01935,S0085,INV0694,Zodius,,Series C,2018-06-26,,,lead,29.3,,,,SRC01545,MEDIUM
IL01936,S0085,INV0066,Alpha Wave Global,,Series C,2018-06-26,,,lead,29.3,,,,SRC01545,MEDIUM
IL01937,S0085,INV0697,Creation Investments,,Series C,2018-06-26,,,lead,29.3,,,,SRC01545,MEDIUM
IL01938,S0085,INV0056,Z47,,Series C,2018-06-26,,,lead,29.3,,,,SRC01545,MEDIUM
IL01939,S0085,INV0694,Zodius,,Series C,2018-06-26,,,lead,29.3,,,,SRC01545,MEDIUM
IL01940,S0085,INV0066,Alpha Wave Global,,Series C,2018-06-26,,,lead,29.3,,,,SRC01545,MEDIUM
IL01941,S0085,INV0697,Creation Investments,,Series C,2018-06-26,,,lead,29.3,,,,SRC01545,MEDIUM
IL01942,S0085,INV0056,Z47,,Series D,2019-09-18,,,lead,34.15,,,,SRC01545,MEDIUM
IL01943,S0085,INV0694,Zodius,,Series D,2019-09-18,,,lead,34.15,,,,SRC01545,MEDIUM
IL01944,S0085,INV0698,Norwest,,Series D,2019-09-18,,,,34.15,,,,SRC01545,MEDIUM
IL01945,S0085,INV0066,Alpha Wave Global,,Series D,2019-09-18,,,lead,34.15,,,,SRC01545,MEDIUM
IL01946,S0085,INV0697,Creation Investments,,Series D,2019-09-18,,,,34.15,,,,SRC01545,MEDIUM
IL01947,S0085,INV0056,Z47,,Series D,2019-09-18,,,lead,34.15,,,,SRC01545,MEDIUM
IL01948,S0085,INV0694,Zodius,,Series D,2019-09-18,,,lead,34.15,,,,SRC01545,MEDIUM
IL01949,S0085,INV0063,Norwest Venture Partners,,Series D,2019-09-18,,,lead,34.15,,,,SRC01545,MEDIUM
IL01950,S0085,INV0066,Alpha Wave Global,,Series D,2019-09-18,,,lead,34.15,,,,SRC01545,MEDIUM
IL01951,S0085,INV0700,SoftBank Group,,Series E,2021-07-31,,,,160.0,,,,SRC01546,HIGH
IL01952,S0085,INV0007,SoftBank Vision Fund,,Series E,2021-07-31,,,,160.0,,,,SRC01546,HIGH
IL01953,S0085,INV0066,Alpha Wave Global,,Series E,2021-07-31,,,lead,160.0,,,,SRC01546,HIGH
IL01954,S0085,INV0699,SoftBank Vision Fund II,,Series E,2021-07-31,,,lead,160.0,,,,SRC01546,HIGH
IL01955,S0085,INV0066,Alpha Wave Global,,Series E,2021-07-31,,,lead,160.0,,,,SRC01546,HIGH
IL01956,S0085,INV0029,Tiger Global,,Series F,2021-09-30,,,lead,194.0,,,,SRC01544,HIGH
IL01957,S0085,INV0699,SoftBank Vision Fund II,,Series F,2021-09-30,,,,194.0,,,,SRC01544,HIGH
IL01958,S0085,INV0066,Alpha Wave Global,,Series F,2021-09-30,,,,194.0,,,,SRC01544,HIGH
IL01959,S0085,INV0616,Marshall Wace,,Series F,2021-09-30,,,,194.0,,,,SRC01544,HIGH
IL01960,S0085,INV0056,Z47,,Series F,2021-09-30,,,,194.0,,,,SRC01544,HIGH
IL01961,S0085,INV0029,Tiger Global,,Series F,2021-09-30,,,lead,194.0,,,,SRC01544,HIGH
IL01962,S0085,INV0687,Cornerstone Ventures,,Series G extension,2025-04-16,,,lead,11.7,,,,SRC01532,MEDIUM
IL01963,S0085,INV0687,Cornerstone Ventures,,Series G extension,2025-04-16,,,lead,11.7,,,,SRC01532,MEDIUM
IL01964,S0085,INV0688,Public (planned),,IPO (planned),2026-08-05,,,,800.0,,,,SRC01529,MEDIUM
IL01965,S0085,INV0063,Norwest Venture Partners,,Oxyzo Series A,2022-03-24,,,lead,200.0,,,,SRC01547,HIGH
IL01966,S0085,INV0053,Matrix Partners India,,Oxyzo Series A,2022-03-24,,,lead,200.0,,,,SRC01547,HIGH
IL01967,S0085,INV0066,Alpha Wave Global,,Oxyzo Series A,2022-03-24,,,lead,200.0,,,,SRC01547,HIGH
IL01968,S0085,INV0029,Tiger Global,,Oxyzo Series A,2022-03-24,,,,200.0,,,,SRC01547,HIGH
IL01969,S0085,INV0697,Creation Investments,,Oxyzo Series A,2022-03-24,,,,200.0,,,,SRC01547,HIGH
IL01970,S0085,INV0063,Norwest Venture Partners,,Oxyzo Series A,2022-03-24,,,lead,200.0,,,,SRC01547,HIGH
IL01971,S0085,INV0053,Matrix Partners India,,Oxyzo Series A,2022-03-24,,,lead,200.0,,,,SRC01547,HIGH
IL01972,S0085,INV0066,Alpha Wave Global,,Oxyzo Series A,2022-03-24,,,lead,200.0,,,,SRC01547,HIGH
IL01973,S0085,INV0701,AK Capital Finance,,Oxyzo debt (NCD),2025-02-24,,,lead,1000.0,,,,SRC01548,HIGH
IL01974,S0085,INV0701,AK Capital Finance,,Oxyzo debt (NCD),2025-02-24,,,lead,1000.0,,,,SRC01548,HIGH
IL01975,S0085,INV0702,Neo Group,,Oxyzo debt (NCD),2025-05-21,,,lead,5330.0,,,,SRC01549,HIGH
IL01976,S0085,INV0703,Multiple investors,,Oxyzo debt (NCD),2025-05-21,,,,5330.0,,,,SRC01549,HIGH
IL01977,S0085,INV0702,Neo Group,,Oxyzo debt (NCD),2025-05-21,,,lead,5330.0,,,,SRC01549,HIGH
IL01978,S0085,INV0704,"Banks, FIs, NBFCs",,Oxyzo debt (NCD),2025-03-19,,,,3500.0,,,,SRC01538,HIGH
IL01979,S0085,INV0705,JP Morgan (advisor),,Oxyzo equity raise (planned),2025-09-25,,,lead,150.0,,,,SRC01550,MEDIUM
IL01980,S0085,INV0700,SoftBank Group,VC,,,2021,['Series G'],True,,,,,SRC01529,MEDIUM
IL01981,S0085,INV0103,Tiger Global Management,VC,,,2021,['Series G'],True,,,,,SRC01529,MEDIUM
IL01982,S0085,INV0305,Alpha Wave Global (Falcon Edge),VC,,,2021,['Series G'],True,,,,,SRC01531,LOW
IL01983,S0085,INV0063,Norwest Venture Partners,VC,,,,,False,,,,,SRC01529,LOW
IL01984,S0085,INV0706,Matrix Partners (Z47),VC,,,,,False,,,,,SRC01529,LOW
IL01985,S0085,INV0687,Cornerstone Ventures,VC,,,2025-04-16,['Series G extension'],True,,,,,SRC01532,MEDIUM
IL01986,S0086,INV0037,Peak XV Partners,,Series A,2019-06-02,,,lead,4.0,,,,SRC01574,MEDIUM
IL01987,S0086,INV0037,Peak XV Partners,,Series A,2019-06-02,,,lead,4.0,,,,SRC01574,MEDIUM
IL01988,S0086,INV0037,Peak XV Partners,,Series B,2019-12-17,,,lead,12.0,,,,SRC01574,MEDIUM
IL01989,S0086,INV0037,Peak XV Partners,,Series B,2019-12-17,,,lead,12.0,,,,SRC01574,MEDIUM
IL01990,S0086,INV0037,Peak XV Partners,,Series C,2020-09-26,,,lead,12.0,,,,SRC01574,MEDIUM
IL01991,S0086,INV0707,Hummingbird Ventures,,Series C,2020-09-26,,,,12.0,,,,SRC01574,MEDIUM
IL01992,S0086,INV0708,Epiq Capital,,Series C,2020-09-26,,,,12.0,,,,SRC01574,MEDIUM
IL01993,S0086,INV0037,Peak XV Partners,,Series C,2020-09-26,,,lead,12.0,,,,SRC01574,MEDIUM
IL01994,S0086,INV0037,Peak XV Partners,,Series D,2021-04-19,,,lead,53.0,,,,SRC01574,MEDIUM
IL01995,S0086,INV0707,Hummingbird Ventures,,Series D,2021-04-19,,,,53.0,,,,SRC01574,MEDIUM
IL01996,S0086,INV0708,Epiq Capital,,Series D,2021-04-19,,,,53.0,,,,SRC01574,MEDIUM
IL01997,S0086,INV0037,Peak XV Partners,,Series D,2021-04-19,,,lead,53.0,,,,SRC01574,MEDIUM
IL01998,S0086,INV0103,Tiger Global Management,,Series E,2021-12-07,,,lead,100.0,,,,SRC01569,HIGH
IL01999,S0086,INV0707,Hummingbird Ventures,,Series E,2021-12-07,,,,100.0,,,,SRC01569,HIGH
IL02000,S0086,INV0708,Epiq Capital,,Series E,2021-12-07,,,,100.0,,,,SRC01569,HIGH
IL02001,S0086,INV0037,Peak XV Partners,,Series E,2021-12-07,,,,100.0,,,,SRC01569,HIGH
IL02002,S0086,INV0413,Trifecta Capital,,Series E,2021-12-07,,,,100.0,,,,SRC01569,HIGH
IL02003,S0086,INV0103,Tiger Global Management,,Series E,2021-12-07,,,lead,100.0,,,,SRC01569,HIGH
IL02004,S0086,INV0037,Peak XV Partners,,Series E extension,2025-07-23,,,lead,4.0,,,,SRC01573,HIGH
IL02005,S0086,INV0707,Hummingbird Ventures,,Series E extension,2025-07-23,,,,4.0,,,,SRC01573,HIGH
IL02006,S0086,INV0037,Peak XV Partners,,Series E extension,2025-07-23,,,lead,4.0,,,,SRC01573,HIGH
IL02007,S0086,INV0040,Peak XV Partners (Sequoia India),VC,,,2019-06,"['Series A', 'Series B', 'Series D', 'Series E', 'Series E extension']",True,,,,,SRC01573,HIGH
IL02008,S0086,INV0707,Hummingbird Ventures,VC,,,2019-12,"['Series B', 'Series C', 'Series D', 'Series E', 'Series E extension']",False,,,,,SRC01573,HIGH
IL02009,S0086,INV0103,Tiger Global Management,VC,,,2021-12,['Series E'],True,,,,,SRC01569,MEDIUM
IL02010,S0086,INV0708,Epiq Capital,VC,,,2020-09,"['Series C', 'Series D', 'Series E']",False,,,,,SRC01573,MEDIUM
IL02011,S0087,INV0709,Bertelsmann India Investments,,Private round (series unspecified),2026-09-10,,,lead,24.0,,,,SRC01583,HIGH
IL02012,S0087,INV0709,Bertelsmann India Investments,,Private round (series unspecified),2026-09-10,,,lead,24.0,,,,SRC01583,HIGH
IL02013,S0087,INV0710,Hara Global,,Series B,2026-03-24,,,lead,38.0,,,,SRC01582,HIGH
IL02014,S0087,INV0711,Bain Capital Ventures,,Series B,2026-03-24,,,lead,38.0,,,,SRC01582,HIGH
IL02015,S0087,INV0003,Accel,,Series B,2026-03-24,,,,38.0,,,,SRC01582,HIGH
IL02016,S0087,INV0371,Alteria Capital,,Series B,2026-03-24,,,,38.0,,,,SRC01582,HIGH
IL02017,S0087,INV0293,Stride Ventures,,Series B,2026-03-24,,,,38.0,,,,SRC01582,HIGH
IL02018,S0087,INV0710,Hara Global,,Series B,2026-03-24,,,lead,38.0,,,,SRC01582,HIGH
IL02019,S0087,INV0711,Bain Capital Ventures,,Series B,2026-03-24,,,lead,38.0,,,,SRC01582,HIGH
IL02020,S0087,INV0003,Accel,,Series A,2025-03,,,lead,14.0,,,,SRC01585,MEDIUM
IL02021,S0087,INV0710,Hara Global,,Series A,2025-03,,,lead,14.0,,,,SRC01585,MEDIUM
IL02022,S0087,INV0003,Accel,,Series A,2025-03,,,lead,14.0,,,,SRC01585,MEDIUM
IL02023,S0087,INV0710,Hara Global,,Series A,2025-03,,,lead,14.0,,,,SRC01585,MEDIUM
IL02024,S0087,INV0003,Accel,,Seed,2024-11-19,,,lead,2.0,,,,SRC01584,HIGH
IL02025,S0087,INV0202,angels,,Seed,2024-11-19,,,,2.0,,,,SRC01584,HIGH
IL02026,S0087,INV0003,Accel,,Seed,2024-11-19,,,lead,2.0,,,,SRC01584,HIGH
IL02027,S0087,INV0003,Accel,VC,,,2024-11,"['Seed Nov 2024', 'Series A 2025', 'Series B Mar 2026 (re-up)']",True,,,,,SRC01582,HIGH
IL02028,S0087,INV0710,Hara Global,VC/PE,,,2025-03,"['Series A 2025', 'Series B Mar 2026 (co-lead)']",True,,,,,SRC01582,HIGH
IL02029,S0087,INV0711,Bain Capital Ventures,VC,,,2026-03,['Series B Mar 2026 (co-lead)'],True,,,,,SRC01582,HIGH
IL02030,S0087,INV0709,Bertelsmann India Investments,Corporate VC,,,2026-09,['$24M Sep 2026'],True,,,,,SRC01583,HIGH
IL02031,S0087,INV0371,Alteria Capital,Venture debt,,,2026-03,['Series B Mar 2026'],False,,,,,SRC01582,MEDIUM
IL02032,S0087,INV0293,Stride Ventures,Venture debt,,,2026-03,['Series B Mar 2026'],False,,,,,SRC01582,MEDIUM
IL02033,S0088,INV0712,Mayfield,,seed,2026-06-24,,,lead,32.0,,,,SRC01602,HIGH
IL02034,S0088,INV0713,Aramco Ventures,,seed,2026-06-24,,,,32.0,,,,SRC01602,HIGH
IL02035,S0088,INV0652,angel investors,,seed,2026-06-24,,,,32.0,,,,SRC01602,HIGH
IL02036,S0088,INV0712,Mayfield,,seed,2026-06-24,,,lead,32.0,,,,SRC01602,HIGH
IL02037,S0088,INV0712,Mayfield,VC,,,2026-06-24,['seed'],True,,,,,SRC01602,HIGH
IL02038,S0088,INV0713,Aramco Ventures,CVC (strategic),,,2026-06-24,['seed'],False,,,,,SRC01602,HIGH
IL02039,S0089,INV0714,AdvantEdge Founders,,seed,2025-01-07,,,lead,2.2,,,,SRC01607,HIGH
IL02040,S0089,INV0715,Micelio Technology Fund,,seed,2025-01-07,,,lead,2.2,,,,SRC01607,HIGH
IL02041,S0089,INV0652,angel investors,,seed,2025-01-07,,,,2.2,,,,SRC01607,HIGH
IL02042,S0089,INV0714,AdvantEdge Founders,,seed,2025-01-07,,,lead,2.2,,,,SRC01607,HIGH
IL02043,S0089,INV0715,Micelio Technology Fund,,seed,2025-01-07,,,lead,2.2,,,,SRC01607,HIGH
IL02044,S0089,INV0716,PI Ventures,,series-a,2025-12-10,,,lead,6.0,,,,SRC01606,HIGH
IL02045,S0089,INV0717,Singularity AMC,,series-a,2025-12-10,,,,6.0,,,,SRC01606,HIGH
IL02046,S0089,INV0006,existing investors,,series-a,2025-12-10,,,,6.0,,,,SRC01606,HIGH
IL02047,S0089,INV0716,PI Ventures,,series-a,2025-12-10,,,lead,6.0,,,,SRC01606,HIGH
IL02048,S0089,INV0714,AdvantEdge Founders,VC,,,2025-01-07,['seed'],True,,,,,SRC01607,HIGH
IL02049,S0089,INV0715,Micelio Technology Fund,VC,,,2025-01-07,['seed'],True,,,,,SRC01607,HIGH
IL02050,S0089,INV0716,PI Ventures,VC,,,2025-12-10,['series-a'],True,,,,,SRC01606,HIGH
IL02051,S0089,INV0717,Singularity AMC,VC,,,2025-12-10,['series-a'],False,,,,,SRC01606,MEDIUM
IL02052,S0090,INV0084,Sequoia Capital India,,series-a,2023-01-10,,,,17.0,,,,SRC01613,HIGH
IL02053,S0090,INV0719,Tenacity Ventures,,series-a,2023-01-10,,,,17.0,,,,SRC01613,HIGH
IL02054,S0090,INV0413,Trifecta Capital,,series-a,2023-01-10,,,,17.0,,,,SRC01613,HIGH
IL02055,S0090,INV0689,Matrix Partners,,series-a,2023-01-10,,,,17.0,,,,SRC01613,HIGH
IL02056,S0090,INV0130,Beenext,,series-a,2023-01-10,,,,17.0,,,,SRC01613,HIGH
IL02057,S0090,INV0720,Better Capital,,series-a,2023-01-10,,,,17.0,,,,SRC01613,HIGH
IL02058,S0090,INV0718,Sequoia Capital India (now Peak XV),,series-a,2023-01-10,,,lead,17.0,,,,SRC01613,HIGH
IL02059,S0090,INV0719,Tenacity Ventures,,later-stage vc,2024-11-12,,,,16.5,,,,SRC01622,MEDIUM
IL02060,S0090,INV0413,Trifecta Capital,,later-stage vc,2024-11-12,,,,16.5,,,,SRC01622,MEDIUM
IL02061,S0090,INV0056,Z47,,later-stage vc,2024-11-12,,,,16.5,,,,SRC01622,MEDIUM
IL02062,S0090,INV0721,GSV Ventures,,series-a,2025-01-24,,,lead,6.06,,,,SRC01623,MEDIUM
IL02063,S0090,INV0722,Shreyasi Singh,,series-a,2025-01-24,,,,6.06,,,,SRC01623,MEDIUM
IL02064,S0090,INV0721,GSV Ventures,,series-a,2025-01-24,,,lead,6.06,,,,SRC01623,MEDIUM
IL02065,S0090,INV0723,Peak XV Partners (Sequoia Capital India),VC,,,2023-01-10,['series-a'],True,,,,,SRC01613,HIGH
IL02066,S0090,INV0053,Matrix Partners India,VC,,,2023-01-10,['series-a'],False,,,,,SRC01613,MEDIUM
IL02067,S0090,INV0413,Trifecta Capital,VC/debt,,,2023-01-10,['series-a'],False,,,,,SRC01613,MEDIUM
IL02068,S0090,INV0721,GSV Ventures,VC,,,2025-01-24,['series-a'],True,,6.06,,,SRC01623,MEDIUM
IL02069,S0091,INV0709,Bertelsmann India Investments,,series-b,2025-12-11,,,lead,29.0,,,,SRC01632,HIGH
IL02070,S0091,INV0184,Fireside Ventures,,series-b,2025-12-11,,,,29.0,,,,SRC01632,HIGH
IL02071,S0091,INV0709,Bertelsmann India Investments,,series-b,2025-12-11,,,lead,29.0,,,,SRC01632,HIGH
IL02072,S0091,INV0184,Fireside Ventures,,venture,2023,,,lead,6.0,,,,SRC01633,MEDIUM
IL02073,S0091,INV0184,Fireside Ventures,,venture,2023,,,lead,6.0,,,,SRC01633,MEDIUM
IL02074,S0091,INV0038,Y Combinator,,venture,UNKNOWN pre-2023,,,,9.0,,,,SRC01633,MEDIUM
IL02075,S0091,INV0724,Varsha Rao (ex-Nurx CEO),,venture,UNKNOWN pre-2023,,,,9.0,,,,SRC01633,MEDIUM
IL02076,S0091,INV0725,physicians and family offices,,venture,UNKNOWN pre-2023,,,,9.0,,,,SRC01633,MEDIUM
IL02077,S0091,INV0709,Bertelsmann India Investments,VC/CVC,,,2025-12-11,['series-b'],True,,,,,SRC01632,HIGH
IL02078,S0091,INV0184,Fireside Ventures,VC,,,2023,"['series-b', 'venture']",True,,,,,SRC01633,HIGH
IL02079,S0091,INV0038,Y Combinator,accelerator,,,2019,['venture'],False,,,,,SRC01633,MEDIUM
IL02080,S0092,INV0726,Rakesh Jhunjhunwala (family),,seed,2021-07-29,,,lead,35.0,,,,SRC01648,MEDIUM
IL02081,S0092,INV0726,Rakesh Jhunjhunwala (family),,seed,2021-07-29,,,lead,35.0,,,,SRC01648,MEDIUM
IL02082,S0092,INV0013,Premji Invest,,growth-equity,2025-02-06,,,lead,135.0,,,,SRC01637,HIGH
IL02083,S0092,INV0630,Claypond Capital,,growth-equity,2025-02-06,,,lead,135.0,,,,SRC01637,HIGH
IL02084,S0092,INV0060,360 ONE Asset,,growth-equity,2025-02-06,,,,135.0,,,,SRC01637,HIGH
IL02085,S0092,INV0727,Jhunjhunwala family (follow-on),,growth-equity,2025-02-06,,,,135.0,,,,SRC01637,HIGH
IL02086,S0092,INV0013,Premji Invest,,growth-equity,2025-02-06,,,lead,135.0,,,,SRC01637,HIGH
IL02087,S0092,INV0630,Claypond Capital,,growth-equity,2025-02-06,,,lead,135.0,,,,SRC01637,HIGH
IL02088,S0092,INV0013,Premji Invest,,growth-equity,2025-08-20,,,lead,125.0,,,,SRC01649,HIGH
IL02089,S0092,INV0630,Claypond Capital,,growth-equity,2025-08-20,,,lead,125.0,,,,SRC01649,HIGH
IL02090,S0092,INV0060,360 ONE Asset,,growth-equity,2025-08-20,,,lead,125.0,,,,SRC01649,HIGH
IL02091,S0092,INV0728,Jhunjhunwala family (additional),,growth-equity,2025-08-20,,,,125.0,,,,SRC01649,HIGH
IL02092,S0092,INV0013,Premji Invest,,growth-equity,2025-08-20,,,lead,125.0,,,,SRC01649,HIGH
IL02093,S0092,INV0630,Claypond Capital,,growth-equity,2025-08-20,,,lead,125.0,,,,SRC01649,HIGH
IL02094,S0092,INV0060,360 ONE Asset,,growth-equity,2025-08-20,,,lead,125.0,,,,SRC01649,HIGH
IL02095,S0092,INV0729,Jhunjhunwala family,family office / anchor,,,2021,"['seed', 'growth-equity']",True,,,,,SRC01637,HIGH
IL02096,S0092,INV0013,Premji Invest,family office VC,,,2025-02-06,['growth-equity'],True,,,,,SRC01637,HIGH
IL02097,S0092,INV0730,Claypond Capital (Ranjan Pai),family office,,,2025-02-06,['growth-equity'],True,,,,,SRC01637,HIGH
IL02098,S0092,INV0060,360 ONE Asset,AMC,,,2025-02-06,['growth-equity'],False,,,,,SRC01637,MEDIUM
IL02099,S0093,INV0029,Tiger Global,,Series D-II (Later Stage VC),2025-07-25,,,lead,185.0,,,,SRC01676,HIGH
IL02100,S0093,INV0220,A91 Partners,,Series D-II (Later Stage VC),2025-07-25,,,,185.0,,,,SRC01676,HIGH
IL02101,S0093,INV0731,360 One Asset Management,,Series D-II (Later Stage VC),2025-07-25,,,,185.0,,,,SRC01676,HIGH
IL02102,S0093,INV0029,Tiger Global,,Series D-II (Later Stage VC),2025-07-25,,,lead,185.0,,,,SRC01676,HIGH
IL02103,S0093,INV0029,Tiger Global,,Series D,2021-11-30,,,lead,40.0,,,,SRC01677,HIGH
IL02104,S0093,INV0029,Tiger Global,,Series D,2021-11-30,,,lead,40.0,,,,SRC01677,HIGH
IL02105,S0093,INV0029,Tiger Global,,Series D-II,2025-07-25,,,lead,185.0,,,,SRC01682,HIGH
IL02106,S0093,INV0220,A91 Partners,,Series D-II,2025-07-25,,,,185.0,,,,SRC01682,HIGH
IL02107,S0093,INV0731,360 One Asset Management,,Series D-II,2025-07-25,,,,185.0,,,,SRC01682,HIGH
IL02108,S0093,INV0029,Tiger Global,,Series D-II,2025-07-25,,,lead,185.0,,,,SRC01682,HIGH
IL02109,S0093,INV0732,Mayfield India,,Seed/Early,2015,,,lead,,,,,SRC01677,MEDIUM
IL02110,S0093,INV0732,Mayfield India,,Seed/Early,2015,,,lead,,,,,SRC01677,MEDIUM
IL02111,S0093,INV0288,360 ONE,,Series B/C,2016,,,,,,,,SRC01684,LOW
IL02112,S0093,INV0029,Tiger Global,VC,,,2021-12,"['Series D (2021)', 'Series D-II (2025)']",True,,,,,SRC01676,HIGH
IL02113,S0093,INV0732,Mayfield India,VC,,,2015,"['early', 'holds ~20-22% stake']",False,,,,,SRC01676,HIGH
IL02114,S0093,INV0220,A91 Partners,VC,,,2025-07,['Series D-II (2025)'],False,,,,,SRC01676,HIGH
IL02115,S0093,INV0288,360 ONE,asset-manager,,,2016,"['Series B/C tranches', 'Series D-II (2025)']",False,,,,,SRC01684,HIGH
IL02116,S0093,INV0731,360 One Asset Management,asset-manager,,,2016,"['Series B/C', 'Series D-II (2025)']",False,,INR 21cr,,,SRC01684,MEDIUM
IL02117,S0093,INV0733,Mentor India,VC,,,,,False,,,,,,LOW
IL02118,S0094,INV0734,TPG Rise,,Series F,2024-10-18,,,lead,150.0,,,,SRC01687,HIGH
IL02119,S0094,INV0005,SoftBank Vision Fund 2,,Series F,2024-10-18,,,,150.0,,,,SRC01687,HIGH
IL02120,S0094,INV0735,Leeds Illuminate,,Series F,2024-10-18,,,,150.0,,,,SRC01687,HIGH
IL02121,S0094,INV0003,Accel,,Series F,2024-10-18,,,,150.0,,,,SRC01687,HIGH
IL02122,S0094,INV0160,CPP Investments,,Series F,2024-10-18,,,,150.0,,,,SRC01687,HIGH
IL02123,S0094,INV0736,Chan Zuckerberg Initiative,,Series F,2024-10-18,,,,150.0,,,,SRC01687,HIGH
IL02124,S0094,INV0734,TPG Rise,,Series F,2024-10-18,,,lead,150.0,,,,SRC01687,HIGH
IL02125,S0094,INV0598,Accel US,,Series E,2021-08,,,lead,650.0,,,,SRC01691,HIGH
IL02126,S0094,INV0699,SoftBank Vision Fund II,,Series E,2021-08,,,lead,650.0,,,,SRC01691,HIGH
IL02127,S0094,INV0737,Canada Pension Plan Investment Board,,Series E,2021-08,,,,650.0,,,,SRC01691,HIGH
IL02128,S0094,INV0142,Prosus,,Series E,2021-08,,,,650.0,,,,SRC01691,HIGH
IL02129,S0094,INV0598,Accel US,,Series E,2021-08,,,lead,650.0,,,,SRC01691,HIGH
IL02130,S0094,INV0699,SoftBank Vision Fund II,,Series E,2021-08,,,lead,650.0,,,,SRC01691,HIGH
IL02131,S0094,INV0306,MARS Growth Capital,,Debt refinancing,2025-09-11,,,lead,150.0,,,,SRC01688,HIGH
IL02132,S0094,INV0738,HSBC,,Debt refinancing,2025-09-11,,,,150.0,,,,SRC01688,HIGH
IL02133,S0094,INV0306,MARS Growth Capital,,Debt refinancing,2025-09-11,,,lead,150.0,,,,SRC01688,HIGH
IL02134,S0094,INV0739,CPP Investments (CPPIB),,Debt financing,2022-03-08,,,lead,350.0,,,,SRC01700,HIGH
IL02135,S0094,INV0739,CPP Investments (CPPIB),,Debt financing,2022-03-08,,,lead,350.0,,,,SRC01700,HIGH
IL02136,S0094,INV0740,Bertelsmann,,Stake acquisition,2017-04-03,,,lead,,,,,SRC01702,HIGH
IL02137,S0094,INV0740,Bertelsmann,,Stake acquisition,2017-04-03,,,lead,,,,,SRC01702,HIGH
IL02138,S0094,INV0734,TPG Rise,PE,,,2024-10,['Series F'],True,,,,,SRC01687,HIGH
IL02139,S0094,INV0005,SoftBank Vision Fund 2,VC,,,2021-08,"['Series E', 'Series F']",True,,,,,SRC01691,HIGH
IL02140,S0094,INV0003,Accel,VC,,,2021-08,"['Series E', 'Series F']",True,,,,,SRC01691,HIGH
IL02141,S0094,INV0074,Prosus Ventures,VC,,,2021-08,['Series E'],False,,,,,SRC01691,MEDIUM
IL02142,S0095,INV0741,ICICI Venture,,Series B,2025-04-07,,,lead,136.0,,,,SRC01723,HIGH
IL02143,S0095,INV0537,Mirabilis Investment Trust,,Series B,2025-04-07,,,,136.0,,,,SRC01723,HIGH
IL02144,S0095,INV0742,Niveshaay,,Series B,2025-04-07,,,,136.0,,,,SRC01723,HIGH
IL02145,S0095,INV0743,Sauce VC,,Series B,2025-04-07,,,,136.0,,,,SRC01723,HIGH
IL02146,S0095,INV0741,ICICI Venture,,Series B,2025-04-07,,,lead,136.0,,,,SRC01723,HIGH
IL02147,S0095,INV0744,Amazon Smbhav Venture Fund,,Series A,2023-05-09,,,lead,7.0,,,,SRC01724,MEDIUM
IL02148,S0095,INV0745,72 Ventures,,Series A,2023-05-09,,,,7.0,,,,SRC01724,MEDIUM
IL02149,S0095,INV0746,Falguni/Sanjay Nayar FO,,Series A,2023-05-09,,,,7.0,,,,SRC01724,MEDIUM
IL02150,S0095,INV0003,Accel,,Series A,2023-05-09,,,,7.0,,,,SRC01724,MEDIUM
IL02151,S0095,INV0743,Sauce VC,,Series A,2023-05-09,,,,7.0,,,,SRC01724,MEDIUM
IL02152,S0095,INV0744,Amazon Smbhav Venture Fund,,Series A,2023-05-09,,,lead,7.0,,,,SRC01724,MEDIUM
IL02153,S0095,INV0747,L'Oreal,,majority acquisition,2026-06-18,,,lead,,,,,SRC01720,HIGH
IL02154,S0095,INV0747,L'Oreal,,majority acquisition,2026-06-18,,,lead,,,,,SRC01720,HIGH
IL02155,S0095,INV0741,ICICI Venture,PE/VC,,,2025-04,['Series B'],True,,,,,SRC01723,HIGH
IL02156,S0095,INV0747,L'Oreal,strategic,,,2026-06,['majority acquisition'],True,,,,,SRC01720,HIGH
IL02157,S0095,INV0744,Amazon Smbhav Venture Fund,CVC,,,2023-05,['Series A'],True,,,,,SRC01724,MEDIUM
IL02158,S0095,INV0743,Sauce VC,VC,,,2019,"[""seed+; exited/partial in L'Oreal deal ~Rs 450-500cr cash (ET)""]",False,,,,,SRC01736,MEDIUM
IL02159,S0096,INV0228,Apis Partners,,Series E,2025-01-29,,,lead,65.0,,,,SRC01740,HIGH
IL02160,S0096,INV0486,Owl Ventures,,Series E,2025-01-29,,,,65.0,,,,SRC01740,HIGH
IL02161,S0096,INV0404,Jungle Ventures,,Series E,2025-01-29,,,,65.0,,,,SRC01740,HIGH
IL02162,S0096,INV0037,Peak XV Partners,,Series E,2025-01-29,,,,65.0,,,,SRC01740,HIGH
IL02163,S0096,INV0228,Apis Partners,,Series E,2025-01-29,,,lead,65.0,,,,SRC01740,HIGH
IL02164,S0096,INV0738,HSBC,,Debt,2025-03-05,,,lead,100.0,,,,SRC01743,HIGH
IL02165,S0096,INV0738,HSBC,,Debt,2025-03-05,,,lead,100.0,,,,SRC01743,HIGH
IL02166,S0096,INV0486,Owl Ventures,,Series D,2022-06-22,,,lead,75.0,,,,SRC01742,HIGH
IL02167,S0096,INV0225,Steadview Capital,,Series D,2022-06-22,,,,75.0,,,,SRC01742,HIGH
IL02168,S0096,INV0748,Paramark Ventures,,Series D,2022-06-22,,,,75.0,,,,SRC01742,HIGH
IL02169,S0096,INV0404,Jungle Ventures,,Series D,2022-06-22,,,,75.0,,,,SRC01742,HIGH
IL02170,S0096,INV0749,Peak XV (Sequoia India),,Series D,2022-06-22,,,,75.0,,,,SRC01742,HIGH
IL02171,S0096,INV0486,Owl Ventures,,Series D,2022-06-22,,,lead,75.0,,,,SRC01742,HIGH
IL02172,S0096,INV0750,Peak XV,,Series C,2021-07-15,,,lead,55.0,,,,SRC01749,MEDIUM
IL02173,S0096,INV0486,Owl Ventures,,Series C,2021-07-15,,,lead,55.0,,,,SRC01749,MEDIUM
IL02174,S0096,INV0404,Jungle Ventures,,Series C,2021-07-15,,,lead,55.0,,,,SRC01749,MEDIUM
IL02175,S0096,INV0750,Peak XV,,Series C,2021-07-15,,,lead,55.0,,,,SRC01749,MEDIUM
IL02176,S0096,INV0486,Owl Ventures,,Series C,2021-07-15,,,lead,55.0,,,,SRC01749,MEDIUM
IL02177,S0096,INV0404,Jungle Ventures,,Series C,2021-07-15,,,lead,55.0,,,,SRC01749,MEDIUM
IL02178,S0096,INV0051,unknown,,Series A,2020-03-01,,,lead,5.5,,,,SRC01748,MEDIUM
IL02179,S0096,INV0051,unknown,,Series A,2020-03-01,,,lead,5.5,,,,SRC01748,MEDIUM
IL02180,S0096,INV0404,Jungle Ventures,,Series B,2021-03-16,,,lead,17.0,,,,SRC01748,HIGH
IL02181,S0096,INV0084,Sequoia Capital India,,Series B,2021-03-16,,,,17.0,,,,SRC01748,HIGH
IL02182,S0096,INV0486,Owl Ventures,,Series B,2021-03-16,,,,17.0,,,,SRC01748,HIGH
IL02183,S0096,INV0404,Jungle Ventures,,Series B,2021-03-16,,,lead,17.0,,,,SRC01748,HIGH
IL02184,S0096,INV0228,Apis Partners,PE,,,2025-01,['Series E'],True,,,,,SRC01740,HIGH
IL02185,S0096,INV0486,Owl Ventures,VC,,,2022-06,"['Series D', 'Series E']",True,,,,,SRC01742,HIGH
IL02186,S0096,INV0404,Jungle Ventures,VC,,,2021,"['Series C', 'Series D', 'Series E']",False,,,,,SRC01749,HIGH
IL02187,S0096,INV0037,Peak XV Partners,VC,,,2021,"['Series C', 'Series D', 'Series E']",False,,,,,SRC01749,HIGH
IL02188,S0097,INV0751,SBI Mutual Fund,,Post-IPO,2023-09-04,,,lead,12.0883,,,,SRC01760,MEDIUM
IL02189,S0097,INV0752,Kamath Associates,,Post-IPO,2023-09-04,,,,12.0883,,,,SRC01760,MEDIUM
IL02190,S0097,INV0751,SBI Mutual Fund,,Post-IPO,2023-09-04,,,lead,12.0883,,,,SRC01760,MEDIUM
IL02191,S0097,INV0753,Plutus Wealth Management,,Post-IPO,2021-10-06,,,lead,42.2797,,,,SRC01760,MEDIUM
IL02192,S0097,INV0036,GIC,,Post-IPO,2021-10-06,,,lead,42.2797,,,,SRC01760,MEDIUM
IL02193,S0097,INV0753,Plutus Wealth Management,,Post-IPO,2021-10-06,,,lead,42.2797,,,,SRC01760,MEDIUM
IL02194,S0097,INV0036,GIC,,Post-IPO,2021-10-06,,,lead,42.2797,,,,SRC01760,MEDIUM
IL02195,S0097,INV0754,Instant Growth,,Series C (pre-IPO),2021-02-04,,,lead,13.6947,,,,SRC01760,MEDIUM
IL02196,S0097,INV0009,Hornbill Capital,,Series C (pre-IPO),2021-02-04,,,lead,13.6947,,,,SRC01760,MEDIUM
IL02197,S0097,INV0754,Instant Growth,,Series C (pre-IPO),2021-02-04,,,lead,13.6947,,,,SRC01760,MEDIUM
IL02198,S0097,INV0009,Hornbill Capital,,Series C (pre-IPO),2021-02-04,,,lead,13.6947,,,,SRC01760,MEDIUM
IL02199,S0097,INV0755,Plutus Wealth / GIC,institutional,,,2021-10,['Post-IPO 2021'],False,,,,,SRC01760,MEDIUM
IL02200,S0097,INV0751,SBI Mutual Fund,MF,,,2023-09,"['Post-IPO 2023', 'Post-IPO 2024']",True,,,,,SRC01760,MEDIUM
IL02201,S0097,INV0004,WestBridge Capital,VC,,,2005,['Seed 2005'],False,,,,,SRC01760,MEDIUM
IL02202,S0098,INV0037,Peak XV Partners,,Series A,2023-10-01,,,lead,3000.0,,,,SRC01764,
IL02203,S0098,INV0037,Peak XV Partners,,Series A,2023-10-01,,,lead,3000.0,,,,SRC01764,
IL02204,S0098,INV0756,MUFG Bank,,Series B,2024-08-01,,,lead,4000.0,,,,SRC01764,
IL02205,S0098,INV0757,Euclidean Capital,,Series B,2024-08-01,,,lead,4000.0,,,,SRC01764,
IL02206,S0098,INV0037,Peak XV Partners,,Series B,2024-08-01,,,,4000.0,,,,SRC01764,
IL02207,S0098,INV0756,MUFG Bank,,Series B,2024-08-01,,,lead,4000.0,,,,SRC01764,
IL02208,S0098,INV0757,Euclidean Capital,,Series B,2024-08-01,,,lead,4000.0,,,,SRC01764,
IL02209,S0098,INV0059,TVS Capital,,PE growth,2026-03-20,,,lead,5000.0,,,,SRC01764,
IL02210,S0098,INV0059,TVS Capital,,PE growth,2026-03-20,,,lead,5000.0,,,,SRC01764,
IL02211,S0098,INV0037,Peak XV Partners,,growth,2026-07-16,,,lead,3500.0,,,,SRC01765,
IL02212,S0098,INV0037,Peak XV Partners,,growth,2026-07-16,,,lead,3500.0,,,,SRC01765,
IL02213,S0098,INV0758,undisclosed private investors,,angel/seed,2021-12-15,,,,40.0,,,,SRC01770,MEDIUM
IL02214,S0098,INV0037,Peak XV Partners,,Series A,2023-10-01,,,lead,35.0,,,,SRC01770,HIGH
IL02215,S0098,INV0037,Peak XV Partners,,Series A,2023-10-01,,,lead,35.0,,,,SRC01770,HIGH
IL02216,S0098,INV0756,MUFG Bank,,Series B,2024-08-12,,,lead,47.6,,,,SRC01774,HIGH
IL02217,S0098,INV0757,Euclidean Capital,,Series B,2024-08-12,,,lead,47.6,,,,SRC01774,HIGH
IL02218,S0098,INV0037,Peak XV Partners,,Series B,2024-08-12,,,,47.6,,,,SRC01774,HIGH
IL02219,S0098,INV0756,MUFG Bank,,Series B,2024-08-12,,,lead,47.6,,,,SRC01774,HIGH
IL02220,S0098,INV0757,Euclidean Capital,,Series B,2024-08-12,,,lead,47.6,,,,SRC01774,HIGH
IL02221,S0098,INV0759,TVS Capital Funds,,PE growth,2026-03-20,,,lead,5500.0,,,,SRC01764,HIGH
IL02222,S0098,INV0759,TVS Capital Funds,,PE growth,2026-03-20,,,lead,5500.0,,,,SRC01764,HIGH
IL02223,S0098,INV0761,Crystal Investment Advisors (Atha Group),,Series B follow-on,2025-11-25,,,,2210.0,,,,SRC01769,MEDIUM
IL02224,S0098,INV0760,Crystal Investment Advisors,,Series B follow-on,2025-11-25,,,lead,2210.0,,,,SRC01769,MEDIUM
IL02225,S0098,INV0037,Peak XV Partners,,Series C,2026-07-16,,,lead,3500.0,,,,SRC01765,HIGH
IL02226,S0098,INV0037,Peak XV Partners,,Series C,2026-07-16,,,lead,3500.0,,,,SRC01765,HIGH
IL02227,S0098,INV0762,VT Capital,,follow-on,2025-08-21,,,,19.0,,,,SRC01769,MEDIUM
IL02228,S0098,INV0109,InCred,,debt,2025-03-13,,,,30.0,,,,SRC01769,LOW
IL02229,S0098,INV0037,Peak XV Partners,VC,,,,"['Series A 2023', 'Series B 2024', 'growth Jul 2026']",True,,,,,SRC01764,HIGH
IL02230,S0098,INV0759,TVS Capital Funds,PE,,,,['PE Mar 2026'],True,,,,,SRC01764,HIGH
IL02231,S0098,INV0756,MUFG Bank,strategic/corporate,,,,['Series B Aug 2024'],True,,,,,SRC01775,HIGH
IL02232,S0098,INV0757,Euclidean Capital,family office/asset manager,,,,['Series B Aug 2024'],True,,,,,SRC01775,HIGH
IL02233,S0098,INV0761,Crystal Investment Advisors (Atha Group),PE,,,,['follow-on Nov 2025'],True,,,,,SRC01769,MEDIUM
IL02234,S0098,INV0762,VT Capital,PE,,,,['follow-on Aug 2025'],True,,,,,SRC01769,MEDIUM
IL02235,S0098,INV0763,Morde,UNKNOWN,,,,['unknown'],False,,,,,SRC01768,LOW
IL02236,S0099,INV0125,Blume Ventures,,Series C,2024-10-21,,,lead,26.0,,,,SRC01777,
IL02237,S0099,INV0655,Omnivore,,Series C,2024-10-21,,,lead,26.0,,,,SRC01777,
IL02238,S0099,INV0764,Bill & Melinda Gates Foundation,,Series C,2024-10-21,,,,26.0,,,,SRC01777,
IL02239,S0099,INV0765,IDH Farmfit Fund,,Series C,2024-10-21,,,,26.0,,,,SRC01777,
IL02240,S0099,INV0766,500 Startups,,Series C,2024-10-21,,,,26.0,,,,SRC01777,
IL02241,S0099,INV0767,Blue Ashva Capital,,Series C,2024-10-21,,,,26.0,,,,SRC01777,
IL02242,S0099,INV0768,Miledeep Capital,,Series C,2024-10-21,,,,26.0,,,,SRC01777,
IL02243,S0099,INV0125,Blume Ventures,,Series C,2024-10-21,,,lead,26.0,,,,SRC01777,
IL02244,S0099,INV0655,Omnivore,,Series C,2024-10-21,,,lead,26.0,,,,SRC01777,
IL02245,S0099,INV0655,Omnivore,,Series C,2021-10-29,,,lead,18.0,,,,SRC01781,
IL02246,S0099,INV0769,Nutreco,,Series C,2021-10-29,,,,18.0,,,,SRC01781,
IL02247,S0099,INV0770,Celesta Capital,,Series C,2021-10-29,,,,18.0,,,,SRC01781,
IL02248,S0099,INV0771,IndusAge,,Series C,2021-10-29,,,,18.0,,,,SRC01781,
IL02249,S0099,INV0241,Qualcomm Ventures,,Series C,2021-10-29,,,,18.0,,,,SRC01781,
IL02250,S0099,INV0772,Blue Ashva,,Series C,2021-10-29,,,,18.0,,,,SRC01781,
IL02251,S0099,INV0773,IDH,,Series C,2021-10-29,,,,18.0,,,,SRC01781,
IL02252,S0099,INV0655,Omnivore,,Series C,2021-10-29,,,lead,18.0,,,,SRC01781,
IL02253,S0099,INV0125,Blume Ventures,,Series B,2018-05-30,,,lead,14.0,,,,SRC01781,
IL02254,S0099,INV0130,BEENEXT,,Series B,2018-05-30,,,,14.0,,,,SRC01781,
IL02255,S0099,INV0241,Qualcomm Ventures,,Series B,2018-05-30,,,,14.0,,,,SRC01781,
IL02256,S0099,INV0428,Venture Highway,,Series B,2018-05-30,,,,14.0,,,,SRC01781,
IL02257,S0099,INV0655,Omnivore,,Series B,2018-05-30,,,,14.0,,,,SRC01781,
IL02258,S0099,INV0774,Gates Foundation,,Series B,2018-05-30,,,,14.0,,,,SRC01781,
IL02259,S0099,INV0125,Blume Ventures,,Series B,2018-05-30,,,lead,14.0,,,,SRC01781,
IL02260,S0099,INV0125,Blume Ventures,VC,,,,"['Series B 2018', 'Series C 2024']",True,,,,,SRC01777,HIGH
IL02261,S0099,INV0655,Omnivore,VC,,,,"['Seed', 'Series B', 'Series C']",True,,,,,SRC01777,HIGH
IL02262,S0099,INV0775,US DFC,DFI,,,,['Series C debt 2024'],False,,,,,SRC01777,MEDIUM
IL02263,S0099,INV0764,Bill & Melinda Gates Foundation,philanthropic/strategic,,,,['Series C 2024'],False,,,,,SRC01777,MEDIUM
IL02264,S0100,INV0777,Sanket Parekh (Pidilite family office),,Series D,2023-11-20,,,,8.0,,,,SRC01784,
IL02265,S0100,INV0778,Signet,,Series D,2023-11-20,,,,8.0,,,,SRC01784,
IL02266,S0100,INV0779,Hira Group family office,,Series D,2023-11-20,,,,8.0,,,,SRC01784,
IL02267,S0100,INV0780,Singularity Growth,,Series D,2023-11-20,,,,8.0,,,,SRC01784,
IL02268,S0100,INV0781,NB Ventures,,Series D,2023-11-20,,,,8.0,,,,SRC01784,
IL02269,S0100,INV0776,Sanket Parekh,,Series D,2023-11-20,,,lead,8.0,,,,SRC01784,
IL02270,S0100,INV0782,SageOne,,Series E,2025-03-13,,,lead,40.0,,,,SRC01783,
IL02271,S0100,INV0783,Alchemy Long Term Ventures,,Series E,2025-03-13,,,lead,40.0,,,,SRC01783,
IL02272,S0100,INV0784,Bajaj Holdings & Investment,,Series E,2025-03-13,,,lead,40.0,,,,SRC01783,
IL02273,S0100,INV0785,Minerva Ventures,,Series E,2025-03-13,,,lead,40.0,,,,SRC01783,
IL02274,S0100,INV0782,SageOne,,Series E,2025-03-13,,,lead,40.0,,,,SRC01783,
IL02275,S0100,INV0783,Alchemy Long Term Ventures,,Series E,2025-03-13,,,lead,40.0,,,,SRC01783,
IL02276,S0100,INV0784,Bajaj Holdings & Investment,,Series E,2025-03-13,,,lead,40.0,,,,SRC01783,
IL02277,S0100,INV0785,Minerva Ventures,,Series E,2025-03-13,,,lead,40.0,,,,SRC01783,
IL02278,S0100,INV0786,public shareholders,,IPO (fresh issue),2026-08-31,,,,6800.0,,,,SRC01786,
IL02279,S0100,INV0787,Klub (Indian investment company),,Pre-Series D,2022-06-01,,,,10.0,,,,SRC01784,MEDIUM
IL02280,S0100,INV0788,SageOne / Alchemy / Bajaj Holdings / Minerva (Series E leads),funds,,,,['Series E Mar 2025'],True,,,,,SRC01783,HIGH
IL02281,S0100,INV0777,Sanket Parekh (Pidilite family office),family office,,,,['Series D Nov 2023'],True,,,,,SRC01784,MEDIUM
IL02282,S0101,INV0789,Gogoro,,Series B ($20M equity + $5M debt),2023-02-08,,,lead,25.0,,,,SRC01791,
IL02283,S0101,INV0790,Goodyear Ventures,,Series B ($20M equity + $5M debt),2023-02-08,,,,25.0,,,,SRC01791,
IL02284,S0101,INV0150,9Unicorns,,Series B ($20M equity + $5M debt),2023-02-08,,,,25.0,,,,SRC01791,
IL02285,S0101,INV0791,WFC,,Series B ($20M equity + $5M debt),2023-02-08,,,,25.0,,,,SRC01791,
IL02286,S0101,INV0792,Venture Catalysts,,Series B ($20M equity + $5M debt),2023-02-08,,,,25.0,,,,SRC01791,
IL02287,S0101,INV0793,LetsVenture,,Series B ($20M equity + $5M debt),2023-02-08,,,,25.0,,,,SRC01791,
IL02288,S0101,INV0794,IAN,,Series B ($20M equity + $5M debt),2023-02-08,,,,25.0,,,,SRC01791,
IL02289,S0101,INV0795,Ivygrowth,,Series B ($20M equity + $5M debt),2023-02-08,,,,25.0,,,,SRC01791,
IL02290,S0101,INV0796,Grip,,Series B ($20M equity + $5M debt),2023-02-08,,,,25.0,,,,SRC01791,
IL02291,S0101,INV0789,Gogoro,,Series B ($20M equity + $5M debt),2023-02-08,,,lead,25.0,,,,SRC01791,
IL02292,S0101,INV0797,ENEOS,,Series C (C1 equity close; $50M round: $40M eq + $10M debt),2024-05-27,,,lead,15.0,,,,SRC01792,
IL02293,S0101,INV0150,9unicorns,,Series C (C1 equity close; $50M round: $40M eq + $10M debt),2024-05-27,,,,15.0,,,,SRC01792,
IL02294,S0101,INV0798,IAN Fund,,Series C (C1 equity close; $50M round: $40M eq + $10M debt),2024-05-27,,,,15.0,,,,SRC01792,
IL02295,S0101,INV0792,Venture Catalysts,,Series C (C1 equity close; $50M round: $40M eq + $10M debt),2024-05-27,,,,15.0,,,,SRC01792,
IL02296,S0101,INV0791,WFC,,Series C (C1 equity close; $50M round: $40M eq + $10M debt),2024-05-27,,,,15.0,,,,SRC01792,
IL02297,S0101,INV0797,ENEOS,,Series C (C1 equity close; $50M round: $40M eq + $10M debt),2024-05-27,,,lead,15.0,,,,SRC01792,
IL02298,S0101,INV0789,Gogoro,corporate/strategic,,,,['Series B Feb 2023'],True,,,,,SRC01791,HIGH
IL02299,S0101,INV0799,ENEOS Group,corporate/strategic,,,,['Series C May 2024'],True,,,,,SRC01792,HIGH
IL02300,S0101,INV0790,Goodyear Ventures,CVC,,,,['Series B Feb 2023'],False,,,,,SRC01791,HIGH
IL02301,S0102,INV0801,Beams Fintech Fund (+affiliates),,equity (first institutional),2026-09-03,,,,2150.0,,,,SRC01800,
IL02302,S0102,INV0802,Baring PE Partners India,,equity (first institutional),2026-09-03,,,,2150.0,,,,SRC01800,
IL02303,S0102,INV0803,Saison Capital,,equity (first institutional),2026-09-03,,,,2150.0,,,,SRC01800,
IL02304,S0102,INV0804,UNLEASH Capital Partners,,equity (first institutional),2026-09-03,,,,2150.0,,,,SRC01800,
IL02305,S0102,INV0800,Beams Fintech Fund,,equity (first institutional),2026-09-03,,,lead,2150.0,,,,SRC01800,
IL02306,S0102,INV0800,Beams Fintech Fund,PE (fintech growth),,,,['equity Sep 2026 (26%+ stake)'],True,,,,,SRC01800,HIGH
IL02307,S0102,INV0802,Baring PE Partners India,PE,,,,['equity Sep 2026'],False,,,,,SRC01800,HIGH
IL02308,S0102,INV0803,Saison Capital,VC/corporate,,,,['equity Sep 2026'],False,,,,,SRC01801,HIGH
IL02309,S0102,INV0804,UNLEASH Capital Partners,investor,,,,['equity Sep 2026'],False,,,,,SRC01801,MEDIUM
IL02310,S0103,INV0529,YourNest,,Seed,2024-08-06,,,lead,5.0,,,,SRC01808,HIGH
IL02311,S0103,INV0805,BIG Global Investments,,Seed,2024-08-06,,,,5.0,,,,SRC01808,HIGH
IL02312,S0103,INV0806,BlueHill Capital,,Seed,2024-08-06,,,,5.0,,,,SRC01808,HIGH
IL02313,S0103,INV0807,Campus Fund,,Seed,2024-08-06,,,,5.0,,,,SRC01808,HIGH
IL02314,S0103,INV0808,Golden Sparrow Ventures,,Seed,2024-08-06,,,,5.0,,,,SRC01808,HIGH
IL02315,S0103,INV0529,YourNest,,Seed,2024-08-06,,,lead,5.0,,,,SRC01808,HIGH
IL02316,S0103,INV0809,TDK Ventures,,Series A,2026-01-15,,,lead,20.5,,,,SRC01807,HIGH
IL02317,S0103,INV0810,BIG Capital,,Series A,2026-01-15,,,lead,20.5,,,,SRC01807,HIGH
IL02318,S0103,INV0003,Accel,,Series A,2026-01-15,,,,20.5,,,,SRC01807,HIGH
IL02319,S0103,INV0074,Prosus Ventures,,Series A,2026-01-15,,,,20.5,,,,SRC01807,HIGH
IL02320,S0103,INV0811,YourNest Venture Capital,,Series A,2026-01-15,,,,20.5,,,,SRC01807,HIGH
IL02321,S0103,INV0812,Bluehill.VC,,Series A,2026-01-15,,,,20.5,,,,SRC01807,HIGH
IL02322,S0103,INV0807,Campus Fund,,Series A,2026-01-15,,,,20.5,,,,SRC01807,HIGH
IL02323,S0103,INV0813,Riceberg Ventures,,Series A,2026-01-15,,,,20.5,,,,SRC01807,HIGH
IL02324,S0103,INV0809,TDK Ventures,,Series A,2026-01-15,,,lead,20.5,,,,SRC01807,HIGH
IL02325,S0103,INV0810,BIG Capital,,Series A,2026-01-15,,,lead,20.5,,,,SRC01807,HIGH
IL02326,S0103,INV0811,YourNest Venture Capital,VC,,,2024-08,['Seed'],True,,,,,SRC01808,HIGH
IL02327,S0103,INV0809,TDK Ventures,CVC,,,2026-01,['Series A'],True,,,,,SRC01807,HIGH
IL02328,S0103,INV0003,Accel,VC,,,2024-08,"['Seed', 'Series A']",False,,,,,SRC01807,HIGH
IL02329,S0103,INV0074,Prosus Ventures,VC,,,2026-01,['Series A'],False,,,,,SRC01807,MEDIUM
IL02330,S0104,INV0816,National Quantum Mission (via IITM C-DOT Samgnya),,Series A1,2026-09-09,,,,200.0,,,,SRC01814,HIGH
IL02331,S0104,INV0815,Speciale Invest,,Series A1,2026-09-09,,,lead,200.0,,,,SRC01814,HIGH
IL02332,S0104,INV0817,Sony Innovation Fund,,Series A1,2026-09-09,,,,200.0,,,,SRC01814,HIGH
IL02333,S0104,INV0115,Gaja Capital,,Series A1,2026-09-09,,,,200.0,,,,SRC01814,HIGH
IL02334,S0104,INV0818,Artha Ventures,,Series A1,2026-09-09,,,,200.0,,,,SRC01814,HIGH
IL02335,S0104,INV0814,National Quantum Mission,,Series A1,2026-09-09,,,lead,200.0,,,,SRC01814,HIGH
IL02336,S0104,INV0815,Speciale Invest,,Series A1,2026-09-09,,,lead,200.0,,,,SRC01814,HIGH
IL02337,S0104,INV0717,Singularity AMC,,Series A,2025-04-24,,,lead,9.106583,,,,SRC01817,MEDIUM
IL02338,S0104,INV0819,7 more,,Series A,2025-04-24,,,,9.106583,,,,SRC01817,MEDIUM
IL02339,S0104,INV0717,Singularity AMC,,Series A,2025-04-24,,,lead,9.106583,,,,SRC01817,MEDIUM
IL02340,S0104,INV0820,I-HUB Quantum Technology Foundation,,Grant (prize money),2024-11-26,,,lead,7.942464,,,,SRC01817,MEDIUM
IL02341,S0104,INV0820,I-HUB Quantum Technology Foundation,,Grant (prize money),2024-11-26,,,lead,7.942464,,,,SRC01817,MEDIUM
IL02342,S0104,INV0821,RDI fund,,Convertible debt,2026-09-09,,,lead,150.0,,,,SRC01815,MEDIUM
IL02343,S0104,INV0821,RDI fund,,Convertible debt,2026-09-09,,,lead,150.0,,,,SRC01815,MEDIUM
IL02344,S0104,INV0822,National Quantum Mission (via IITM C-DOT Samgnya Technologies Foundation),government,,,2026-09-09,['Series A1'],True,,,,,SRC01815,HIGH
IL02345,S0104,INV0815,Speciale Invest,VC,,,2021-12,"['Seed', 'Series A1']",True,,,,,SRC01814,HIGH
IL02346,S0104,INV0817,Sony Innovation Fund,CVC,,,2026-09-09,['Series A1'],False,,,,,SRC01814,HIGH
IL02347,S0104,INV0115,Gaja Capital,PE/VC,,,2026-09-09,['Series A1'],False,,,,,SRC01814,HIGH
IL02348,S0104,INV0818,Artha Ventures,VC,,,2026-09-09,['Series A1'],False,,,,,SRC01814,HIGH
IL02349,S0105,INV0809,TDK Ventures,,Series E (tranche),2025-08,,,lead,21.0,,,,SRC01829,MEDIUM
IL02350,S0105,INV0809,TDK Ventures,,Series E (tranche),2025-08,,,lead,21.0,,,,SRC01829,MEDIUM
IL02351,S0105,INV0823,Zoho Corporation,,Series E (tranche),2025-12-04,,,lead,45.0,,,,SRC01830,HIGH
IL02352,S0105,INV0824,Lingotto,,Series E (tranche),2025-12-04,,,lead,45.0,,,,SRC01830,HIGH
IL02353,S0105,INV0823,Zoho Corporation,,Series E (tranche),2025-12-04,,,lead,45.0,,,,SRC01830,HIGH
IL02354,S0105,INV0824,Lingotto,,Series E (tranche),2025-12-04,,,lead,45.0,,,,SRC01830,HIGH
IL02355,S0105,INV0809,TDK Ventures,CVC,,,2025-08,['Series E'],True,,,,,SRC01829,HIGH
IL02356,S0105,INV0823,Zoho Corporation,corporate,,,2025-12,['Series E'],True,,,,,SRC01830,HIGH
IL02357,S0105,INV0825,Lingotto (Exor NV),investment firm,,,2025-12,['Series E'],True,,,,,SRC01830,HIGH
IL02358,S0105,INV0826,TVS Motor,corporate,,,2017,"['Seed+', 'Series C']",False,,,,,SRC01829,MEDIUM
IL02359,S0105,INV0241,Qualcomm Ventures,CVC,,,2022,['Series D'],False,,,,,SRC01829,MEDIUM
IL02360,S0105,INV0815,Speciale Invest,VC,,,2022,"['Series D', 'Series E (eyed)']",False,,,,,SRC01833,MEDIUM
IL02361,S0106,INV0827,Iron Pillar,,Series D,2024-12-18,,,lead,40.0,,,,SRC01839,HIGH
IL02362,S0106,INV0171,Chiratae Ventures,,Series D,2024-12-18,,,lead,40.0,,,,SRC01839,HIGH
IL02363,S0106,INV0828,Three State Ventures,,Series D,2024-12-18,,,lead,40.0,,,,SRC01839,HIGH
IL02364,S0106,INV0829,Shinhan Group,,Series D,2024-12-18,,,,40.0,,,,SRC01839,HIGH
IL02365,S0106,INV0830,Landmark Group,,Series D,2024-12-18,,,,40.0,,,,SRC01839,HIGH
IL02366,S0106,INV0827,Iron Pillar,,Series D,2024-12-18,,,lead,40.0,,,,SRC01839,HIGH
IL02367,S0106,INV0171,Chiratae Ventures,,Series D,2024-12-18,,,lead,40.0,,,,SRC01839,HIGH
IL02368,S0106,INV0828,Three State Ventures,,Series D,2024-12-18,,,lead,40.0,,,,SRC01839,HIGH
IL02369,S0106,INV0831,3State Ventures,,Pre-IPO,2025-09-26,,,lead,160.0,,,,SRC01838,HIGH
IL02370,S0106,INV0831,3State Ventures,,Pre-IPO,2025-09-26,,,lead,160.0,,,,SRC01838,HIGH
IL02371,S0106,INV0827,Iron Pillar,,Series A,2021-08-25,,,lead,13.0,,,,SRC01853,HIGH
IL02372,S0106,INV0832,Nordstar,,Series A,2021-08-25,,,,13.0,,,,SRC01853,HIGH
IL02373,S0106,INV0833,Binny Bansal,,Series A,2021-08-25,,,,13.0,,,,SRC01853,HIGH
IL02374,S0106,INV0834,Adil Allana,,Series A,2021-08-25,,,,13.0,,,,SRC01853,HIGH
IL02375,S0106,INV0835,Rashmi Kwatra,,Series A,2021-08-25,,,,13.0,,,,SRC01853,HIGH
IL02376,S0106,INV0836,Lydia Jett,,Series A,2021-08-25,,,,13.0,,,,SRC01853,HIGH
IL02377,S0106,INV0136,Kunal Shah,,Series A,2021-08-25,,,,13.0,,,,SRC01853,HIGH
IL02378,S0106,INV0827,Iron Pillar,,Series A,2021-08-25,,,lead,13.0,,,,SRC01853,HIGH
IL02379,S0106,INV0827,Iron Pillar,,Series B,2022-01-12,,,lead,62.0,,,,SRC01849,HIGH
IL02380,S0106,INV0171,Chiratae Ventures,,Series B,2022-01-12,,,lead,62.0,,,,SRC01849,HIGH
IL02381,S0106,INV0837,Sixteenth Street Capital,,Series B,2022-01-12,,,lead,62.0,,,,SRC01849,HIGH
IL02382,S0106,INV0838,Accel Partners,,Series B,2022-01-12,,,lead,62.0,,,,SRC01849,HIGH
IL02383,S0106,INV0833,Binny Bansal,,Series B,2022-01-12,,,lead,62.0,,,,SRC01849,HIGH
IL02384,S0106,INV0371,Alteria Capital,,Series B,2022-01-12,,,,62.0,,,,SRC01849,HIGH
IL02385,S0106,INV0839,BlackSoil Capital,,Series B,2022-01-12,,,,62.0,,,,SRC01849,HIGH
IL02386,S0106,INV0413,Trifecta Capital,,Series B,2022-01-12,,,,62.0,,,,SRC01849,HIGH
IL02387,S0106,INV0827,Iron Pillar,,Series B,2022-01-12,,,lead,62.0,,,,SRC01849,HIGH
IL02388,S0106,INV0171,Chiratae Ventures,,Series B,2022-01-12,,,lead,62.0,,,,SRC01849,HIGH
IL02389,S0106,INV0837,Sixteenth Street Capital,,Series B,2022-01-12,,,lead,62.0,,,,SRC01849,HIGH
IL02390,S0106,INV0838,Accel Partners,,Series B,2022-01-12,,,lead,62.0,,,,SRC01849,HIGH
IL02391,S0106,INV0833,Binny Bansal,,Series B,2022-01-12,,,lead,62.0,,,,SRC01849,HIGH
IL02392,S0106,INV0827,Iron Pillar,,Series C,2022-06-01,,,,50.0,,,,SRC01848,HIGH
IL02393,S0106,INV0291,Accel India,,Series C,2022-06-01,,,,50.0,,,,SRC01848,HIGH
IL02394,S0106,INV0171,Chiratae Ventures,,Series C,2022-06-01,,,,50.0,,,,SRC01848,HIGH
IL02395,S0106,INV0837,Sixteenth Street Capital,,Series C,2022-06-01,,,,50.0,,,,SRC01848,HIGH
IL02396,S0106,INV0371,Alteria Capital,,Series C,2022-06-01,,,,50.0,,,,SRC01848,HIGH
IL02397,S0106,INV0841,Rukam Capital,,Series C,2022-06-01,,,,50.0,,,,SRC01848,HIGH
IL02398,S0106,INV0842,Potential Ventures X4,,Series C,2022-06-01,,,,50.0,,,,SRC01848,HIGH
IL02399,S0106,INV0781,NB Ventures,,Series C,2022-06-01,,,,50.0,,,,SRC01848,HIGH
IL02400,S0106,INV0413,Trifecta Capital,,Series C,2022-06-01,,,,50.0,,,,SRC01848,HIGH
IL02401,S0106,INV0840,Winter Capital (Crimson Winter Ltd),,Series C,2022-06-01,,,lead,50.0,,,,SRC01848,HIGH
IL02402,S0106,INV0828,Three State Ventures,,Series C (continued),2023-04-06,,,,300.0,,,,SRC01852,HIGH
IL02403,S0106,INV0827,Iron Pillar,,Series C (continued),2023-04-06,,,,300.0,,,,SRC01852,HIGH
IL02404,S0106,INV0171,Chiratae Ventures,,Series C (continued),2023-04-06,,,,300.0,,,,SRC01852,HIGH
IL02405,S0106,INV0844,ASK Finance,,Series C (continued),2023-04-06,,,,300.0,,,,SRC01852,HIGH
IL02406,S0106,INV0229,Winter Capital,,Series C (continued),2023-04-06,,,,300.0,,,,SRC01852,HIGH
IL02407,S0106,INV0843,Three State Ventures (Binny Bansal),,Series C (continued),2023-04-06,,,lead,300.0,,,,SRC01852,HIGH
IL02408,S0106,INV0495,BlackSoil,,Conventional Debt,2025-03-24,,,lead,6.6,,,,SRC01847,MEDIUM
IL02409,S0106,INV0845,Caspian,,Conventional Debt,2025-03-24,,,lead,6.6,,,,SRC01847,MEDIUM
IL02410,S0106,INV0833,Binny Bansal,,Conventional Debt,2025-03-24,,,lead,6.6,,,,SRC01847,MEDIUM
IL02411,S0106,INV0495,BlackSoil,,Conventional Debt,2025-03-24,,,lead,6.6,,,,SRC01847,MEDIUM
IL02412,S0106,INV0845,Caspian,,Conventional Debt,2025-03-24,,,lead,6.6,,,,SRC01847,MEDIUM
IL02413,S0106,INV0833,Binny Bansal,,Conventional Debt,2025-03-24,,,lead,6.6,,,,SRC01847,MEDIUM
IL02414,S0106,INV0182,Hrithik Roshan,,Angel,2025-02-03,,,lead,,,,,SRC01854,MEDIUM
IL02415,S0106,INV0182,Hrithik Roshan,,Angel,2025-02-03,,,lead,,,,,SRC01854,MEDIUM
IL02416,S0106,INV0846,3State Ventures (Binny Bansal),family office/VC,,,2023,"['Series C', 'Series D', 'Pre-IPO']",True,,,,,SRC01838,HIGH
IL02417,S0106,INV0827,Iron Pillar,VC,,,2022,"['Series C', 'Series D']",False,,,,,SRC01839,HIGH
IL02418,S0106,INV0171,Chiratae Ventures,VC,,,2022,"['Series C', 'Series D']",False,,,,,SRC01839,HIGH
IL02419,S0106,INV0003,Accel,VC,,,2022,['Series C'],False,,,,,SRC01840,MEDIUM
IL02420,S0106,INV0829,Shinhan Group,corporate,,,2024-12,['Series D'],False,,,,,SRC01839,MEDIUM
IL02421,S0106,INV0837,Sixteenth Street Capital,VC,,,2022,"['Series B', 'Series C']",False,,,,,SRC01849,HIGH
IL02422,S0106,INV0830,Landmark Group,corporate,,,2024-12,['Series D'],False,,,,,SRC01839,MEDIUM
IL02423,S0106,INV0371,Alteria Capital,venture debt,,,2021,"['Series B (debt)', 'Series C (debt)']",False,,,,,SRC01849,HIGH
IL02424,S0106,INV0182,Hrithik Roshan,angel,,,2025-02,['Angel'],False,,,,,SRC01854,MEDIUM
IL02425,S0107,INV0013,Premji Invest,,Series B,2024-07-09,,,lead,265.0,,,,SRC01863,HIGH
IL02426,S0107,INV0121,Elevation Capital,,Series B,2024-07-09,,,,265.0,,,,SRC01863,HIGH
IL02427,S0107,INV0003,Accel,,Series B,2024-07-09,,,,265.0,,,,SRC01863,HIGH
IL02428,S0107,INV0847,Z47 (ex-Matrix India),,Series B,2024-07-09,,,,265.0,,,,SRC01863,HIGH
IL02429,S0107,INV0013,Premji Invest,,Series B,2024-07-09,,,lead,265.0,,,,SRC01863,HIGH
IL02430,S0107,INV0013,Premji Invest,,Series C,2025-10-13,,,lead,350.0,,,,SRC01862,HIGH
IL02431,S0107,INV0003,Accel,,Series C,2025-10-13,,,lead,350.0,,,,SRC01862,HIGH
IL02432,S0107,INV0121,Elevation Capital,,Series C,2025-10-13,,,,350.0,,,,SRC01862,HIGH
IL02433,S0107,INV0056,Z47,,Series C,2025-10-13,,,,350.0,,,,SRC01862,HIGH
IL02434,S0107,INV0013,Premji Invest,,Series C,2025-10-13,,,lead,350.0,,,,SRC01862,HIGH
IL02435,S0107,INV0003,Accel,,Series C,2025-10-13,,,lead,350.0,,,,SRC01862,HIGH
IL02436,S0107,INV0121,Elevation Capital,VC,,,2021-07,"['Seed', 'Series A', 'Series B', 'Series C']",False,,,,,SRC01864,HIGH
IL02437,S0107,INV0003,Accel,VC,,,2022-08,"['Series A', 'Series C']",True,,,,,SRC01862,HIGH
IL02438,S0107,INV0013,Premji Invest,family office/PE,,,2024-07,"['Series B', 'Series C']",True,,,,,SRC01863,HIGH
IL02439,S0107,INV0848,Z47 (ex-Matrix Partners India),VC,,,2022-08,"['Series A', 'Series B', 'Series C']",False,,,,,SRC01866,MEDIUM
IL02440,S0108,INV0849,Nimbus Capital,,Series B,2026-03-24,,,,50.0,,,,SRC01873,MEDIUM
IL02441,S0108,INV0419,Undisclosed,,Series A,2025-06-16,,,,0.25,,,,SRC01874,LOW
IL02442,S0108,INV0850,Surendra Soni,,Angel,2026-03-02,,,,,,,,SRC01875,LOW
IL02443,S0108,INV0851,Open Campus,,Grant (prize money),2025-05-27,,,,,,,,SRC01875,LOW
IL02444,S0108,INV0852,XDC Accelerator Program,,Incubator/Accelerator,2024-08-12,,,,,,,,SRC01874,LOW
IL02445,S0108,INV0853,XVC Tech,,Seed,,,,,,,,,SRC01875,LOW
IL02446,S0108,INV0854,Polygon Labs,,Grant,,,,,,,,,SRC01874,LOW
IL02447,S0108,INV0849,Nimbus Capital,PE/Buyout,,,,['Series B'],True,,,,,SRC01873,MEDIUM
IL02448,S0108,INV0855,Soonami,VC,,,,['Series A'],,,,,,SRC01875,LOW
IL02449,S0108,INV0853,XVC Tech,VC,,,,['Seed'],,,,,,SRC01875,LOW
IL02450,S0108,INV0856,Solana,corporate/ecosystem,,,,['Grant'],,,,,,SRC01875,LOW
IL02451,S0109,INV0857,Play Ventures,,Series B,2025-04-10,,,lead,13.5,,,,SRC01879,HIGH
IL02452,S0109,INV0170,Kalaari Capital,,Series B,2025-04-10,,,,13.5,,,,SRC01879,HIGH
IL02453,S0109,INV0858,MIXI Investments,,Series B,2025-04-10,,,,13.5,,,,SRC01879,HIGH
IL02454,S0109,INV0859,Gameskraft Technologies,,Series B,2025-04-10,,,,13.5,,,,SRC01879,HIGH
IL02455,S0109,INV0860,Griffin Gaming Partners,,Series B,2025-04-10,,,,13.5,,,,SRC01879,HIGH
IL02456,S0109,INV0861,Waterbridge Ventures,,Series B,2025-04-10,,,,13.5,,,,SRC01879,HIGH
IL02457,S0109,INV0862,Courtside Ventures,,Series B,2025-04-10,,,,13.5,,,,SRC01879,HIGH
IL02458,S0109,INV0863,Rocket Capital,,Series B,2025-04-10,,,,13.5,,,,SRC01879,HIGH
IL02459,S0109,INV0857,Play Ventures,,Series B,2025-04-10,,,lead,13.5,,,,SRC01879,HIGH
IL02460,S0109,INV0862,Courtside Ventures,,Pre-Series B,2023-09-01,,,lead,22.0,,,,SRC01897,MEDIUM
IL02461,S0109,INV0860,Griffin Gaming Partners,,Pre-Series B,2023-09-01,,,lead,22.0,,,,SRC01897,MEDIUM
IL02462,S0109,INV0862,Courtside Ventures,,Pre-Series B,2023-09-01,,,lead,22.0,,,,SRC01897,MEDIUM
IL02463,S0109,INV0860,Griffin Gaming Partners,,Pre-Series B,2023-09-01,,,lead,22.0,,,,SRC01897,MEDIUM
IL02464,S0109,INV0861,Waterbridge Ventures,,Seed,2021-07-27,,,lead,2.1,,,,SRC01890,HIGH
IL02465,S0109,INV0864,Lumikai,,Seed,2021-07-27,,,lead,2.1,,,,SRC01890,HIGH
IL02466,S0109,INV0865,Exceed Entertainment,,Seed,2021-07-27,,,,2.1,,,,SRC01890,HIGH
IL02467,S0109,INV0720,Better Capital,,Seed,2021-07-27,,,,2.1,,,,SRC01890,HIGH
IL02468,S0109,INV0861,Waterbridge Ventures,,Seed,2021-07-27,,,lead,2.1,,,,SRC01890,HIGH
IL02469,S0109,INV0864,Lumikai,,Seed,2021-07-27,,,lead,2.1,,,,SRC01890,HIGH
IL02470,S0109,INV0866,KB Investments,,Series A,2022-06-02,,,lead,13.0,,,,SRC01888,HIGH
IL02471,S0109,INV0170,Kalaari Capital,,Series A,2022-06-02,,,lead,13.0,,,,SRC01888,HIGH
IL02472,S0109,INV0861,Waterbridge Ventures,,Series A,2022-06-02,,,,13.0,,,,SRC01888,HIGH
IL02473,S0109,INV0866,KB Investments,,Series A,2022-06-02,,,lead,13.0,,,,SRC01888,HIGH
IL02474,S0109,INV0170,Kalaari Capital,,Series A,2022-06-02,,,lead,13.0,,,,SRC01888,HIGH
IL02475,S0109,INV0857,Play Ventures,VC,,,,['Series B'],True,,,,,SRC01879,HIGH
IL02476,S0109,INV0170,Kalaari Capital,VC,,,,['Series B'],,,,,,SRC01879,HIGH
IL02477,S0109,INV0861,Waterbridge Ventures,VC,,,,['Series B'],,,,,,SRC01879,HIGH
IL02478,S0109,INV0859,Gameskraft Technologies,corporate/strategic,,,,['Series B'],,,,,,SRC01879,MEDIUM
IL02479,S0109,INV0860,Griffin Gaming Partners,VC,,,,"['Pre-Series B', 'Series B']",,,,,,SRC01897,MEDIUM
IL02480,S0109,INV0864,Lumikai,VC,,,,['Seed'],,,,,,SRC01898,MEDIUM
IL02481,S0110,INV0076,Creaegis,,Series C,2025-06-25,,,lead,5300.0,,,,SRC01910,HIGH
IL02482,S0110,INV0013,Premji Invest,,Series C,2025-06-25,,,,5300.0,,,,SRC01910,HIGH
IL02483,S0110,INV0708,Epiq Capital,,Series C,2025-06-25,,,,5300.0,,,,SRC01910,HIGH
IL02484,S0110,INV0867,Edelweiss Discovery Fund,,Series C,2025-06-25,,,,5300.0,,,,SRC01910,HIGH
IL02485,S0110,INV0076,Creaegis,,Series C,2025-06-25,,,lead,5300.0,,,,SRC01910,HIGH
IL02486,S0110,INV0868,HPV CC1 Ltd,,Series C extension,2026-02-19,,,lead,1100.0,,,,SRC01911,HIGH
IL02487,S0110,INV0869,Kenro Capital,,Series C extension,2026-02-19,,,,1100.0,,,,SRC01911,HIGH
IL02488,S0110,INV0013,Premji Invest,,Series C extension,2026-02-19,,,,1100.0,,,,SRC01911,HIGH
IL02489,S0110,INV0870,Titan Capital,,Series C extension,2026-02-19,,,,1100.0,,,,SRC01911,HIGH
IL02490,S0110,INV0868,HPV CC1 Ltd,,Series C extension,2026-02-19,,,lead,1100.0,,,,SRC01911,HIGH
IL02491,S0110,INV0013,Premji Invest,,Series B extended,2024-10-01,,,lead,2550.0,,,,SRC01921,MEDIUM
IL02492,S0110,INV0708,Epiq Capital,,Series B extended,2024-10-01,,,,2550.0,,,,SRC01921,MEDIUM
IL02493,S0110,INV0867,Edelweiss Discovery Fund,,Series B extended,2024-10-01,,,,2550.0,,,,SRC01921,MEDIUM
IL02494,S0110,INV0013,Premji Invest,,Series B extended,2024-10-01,,,lead,2550.0,,,,SRC01921,MEDIUM
IL02495,S0110,INV0013,Premji Invest,,Series B,2023-07-05,,,lead,2000.0,,,,SRC01923,HIGH
IL02496,S0110,INV0557,Aditya Birla Ventures,,Series B,2023-07-05,,,,2000.0,,,,SRC01923,HIGH
IL02497,S0110,INV0371,Alteria Capital,,Series B,2023-07-05,,,,2000.0,,,,SRC01923,HIGH
IL02498,S0110,INV0220,A91 Partners,,Series B,2023-07-05,,,,2000.0,,,,SRC01923,HIGH
IL02499,S0110,INV0013,Premji Invest,,Series B,2023-07-05,,,lead,2000.0,,,,SRC01923,HIGH
IL02500,S0110,INV0871,Premji Invest (PI Opportunities Fund II),,Series B extended,2024-09-25,,,,1000.0,,,,SRC01924,HIGH
IL02501,S0110,INV0013,Premji Invest,,Series B extended,2024-09-25,,,lead,1000.0,,,,SRC01924,HIGH
IL02502,S0110,INV0872,BlackSoil (90 Cr),,Debt,2026-05-21,,,,2700.0,,,,SRC01914,MEDIUM
IL02503,S0110,INV0873,InCred (70 Cr),,Debt,2026-05-21,,,,2700.0,,,,SRC01914,MEDIUM
IL02504,S0110,INV0874,Stride (70 Cr),,Debt,2026-05-21,,,,2700.0,,,,SRC01914,MEDIUM
IL02505,S0110,INV0875,Nuvama (40 Cr),,Debt,2026-05-21,,,,2700.0,,,,SRC01914,MEDIUM
IL02506,S0110,INV0495,BlackSoil,,Debt,2026-05-21,,,lead,2700.0,,,,SRC01914,MEDIUM
IL02507,S0110,INV0020,TPG,,PE Growth (rumor),2026-07-14,,,lead,80.0,,,,SRC01918,MEDIUM
IL02508,S0110,INV0065,Sofina,,PE Growth (rumor),2026-07-14,,,lead,80.0,,,,SRC01918,MEDIUM
IL02509,S0110,INV0876,Multiples,,PE Growth (rumor),2026-07-14,,,lead,80.0,,,,SRC01918,MEDIUM
IL02510,S0110,INV0020,TPG,,PE Growth (rumor),2026-07-14,,,lead,80.0,,,,SRC01918,MEDIUM
IL02511,S0110,INV0065,Sofina,,PE Growth (rumor),2026-07-14,,,lead,80.0,,,,SRC01918,MEDIUM
IL02512,S0110,INV0876,Multiples,,PE Growth (rumor),2026-07-14,,,lead,80.0,,,,SRC01918,MEDIUM
IL02513,S0110,INV0076,Creaegis,growth PE,,,,['Series C'],True,,,,,SRC01910,HIGH
IL02514,S0110,INV0013,Premji Invest,family office,,,,"['Series B extended', 'Series C', 'Series C extension']",,,,,,SRC01910,HIGH
IL02515,S0110,INV0708,Epiq Capital,VC,,,,"['Series B extended', 'Series C']",,,,,,SRC01921,MEDIUM
IL02516,S0110,INV0220,A91 Partners,VC,,,,['Series B'],,,,,,SRC01927,MEDIUM
IL02517,S0110,INV0557,Aditya Birla Ventures,corporate VC,,,,['Series B'],,,,,,SRC01928,MEDIUM
IL02518,S0110,INV0869,Kenro Capital,secondaries fund,,,,['Series C extension'],,,,,,SRC01911,MEDIUM
IL02519,S0111,INV0001,Kedaara Capital,,strategic/PE growth,2025-01-01,,,lead,350.0,,,,SRC01940,MEDIUM
IL02520,S0111,INV0001,Kedaara Capital,,strategic/PE growth,2025-01-01,,,lead,350.0,,,,SRC01940,MEDIUM
IL02521,S0111,INV0001,Kedaara Capital,PE,,,,['strategic/PE growth'],True,,,,,SRC01940,MEDIUM
IL02522,S0112,INV0879,Falcon Edge Capital (now Alpha Wave Global),,Series E,"May 17, 2021",,,,120.0,,,,SRC01945,HIGH
IL02523,S0112,INV0878,Harvard Management Company,,Series E,"May 17, 2021",,,lead,120.0,,,,SRC01945,HIGH
IL02524,S0112,INV0029,Tiger Global,,Series E,"May 17, 2021",,,,120.0,,,,SRC01945,HIGH
IL02525,S0112,INV0084,Sequoia Capital India,,Series E,"May 17, 2021",,,,120.0,,,,SRC01945,HIGH
IL02526,S0112,INV0428,Venture Highway,,Series E,"May 17, 2021",,,,120.0,,,,SRC01945,HIGH
IL02527,S0112,INV0877,Falcon Edge Capital,,Series E,"May 17, 2021",,,lead,120.0,,,,SRC01945,HIGH
IL02528,S0112,INV0878,Harvard Management Company,,Series E,"May 17, 2021",,,lead,120.0,,,,SRC01945,HIGH
IL02529,S0112,INV0029,Tiger Global,,Series D,July 2019,,,,60.0,,,,SRC01961,MEDIUM
IL02530,S0112,INV0066,Alpha Wave Global,,Series D,July 2019,,,,60.0,,,,SRC01961,MEDIUM
IL02531,S0112,INV0880,Ward Ferry,,Series D,July 2019,,,,60.0,,,,SRC01961,MEDIUM
IL02532,S0112,INV0029,Tiger Global,,Series F,"January 28, 2022",,,lead,250.0,,,,SRC01944,HIGH
IL02533,S0112,INV0066,Alpha Wave Global,,Series F,"January 28, 2022",,,lead,250.0,,,,SRC01944,HIGH
IL02534,S0112,INV0880,Ward Ferry,,Series F,"January 28, 2022",,,,250.0,,,,SRC01944,HIGH
IL02535,S0112,INV0029,Tiger Global,,Series F,"January 28, 2022",,,lead,250.0,,,,SRC01944,HIGH
IL02536,S0112,INV0066,Alpha Wave Global,,Series F,"January 28, 2022",,,lead,250.0,,,,SRC01944,HIGH
IL02537,S0112,INV0881,Others (undisclosed),,Series F (extension/secondary per VI label),February 2025,,,,12.3,,,,SRC01949,LOW
IL02538,S0112,INV0029,Tiger Global,VC/growth,,,,"['Series D', 'Series E', 'Series F']",,,,,,,HIGH
IL02539,S0112,INV0882,Alpha Wave Global (ex-Falcon Edge Capital),growth,,,,"['Series E', 'Series F']",True,,,,,,HIGH
IL02540,S0112,INV0883,Sequoia Capital India (now Peak XV Partners),VC,,,,"['early', 'Series E']",,,,,,,HIGH
IL02541,S0112,INV0838,Accel Partners,VC,,,,"['early', 'Series D']",,,,,,,HIGH
IL02542,S0112,INV0878,Harvard Management Company,institutional,,,,['Series E'],,,,,,,MEDIUM
IL02543,S0112,INV0880,Ward Ferry,hedge fund,,,,['Series F'],,,,,,,HIGH
IL02544,S0112,INV0884,Ratan Tata / RNT Associates,angel,,,,['2016 angel'],,,,,,,MEDIUM
IL02545,S0112,INV0428,Venture Highway,VC,,,,"['Seed', 'Series E']",,,,,,,MEDIUM
IL02546,S0112,INV0404,Jungle Ventures,VC,,,,['early'],,,,,,,MEDIUM
IL02547,S0112,INV0501,International Finance Corporation (IFC),DFI,,,,['Series B/C/D era'],,,,,,,MEDIUM
IL02548,S0113,INV0885,Legatum Capital,,Series E,2021-09-15,,,lead,150.0,,,,SRC01967,HIGH
IL02549,S0113,INV0886,Accrete Capital,,Series E,2021-09-15,,,,150.0,,,,SRC01967,HIGH
IL02550,S0113,INV0887,Gaingels,,Series E,2021-09-15,,,,150.0,,,,SRC01967,HIGH
IL02551,S0113,INV0885,Legatum Capital,,Series E,2021-09-15,,,lead,150.0,,,,SRC01967,HIGH
IL02552,S0113,INV0885,Legatum Capital,investment firm,,,,['Series E'],True,,,,,SRC01967,HIGH
IL02553,S0114,INV0004,WestBridge Capital,,Series A,"Jun 07, 2022",,,lead,100.0,,,,SRC01973,HIGH
IL02554,S0114,INV0721,GSV Ventures,,Series A,"Jun 07, 2022",,,,100.0,,,,SRC01973,HIGH
IL02555,S0114,INV0454,MMPL Trust,,Series A,"Jun 07, 2022",,,,100.0,,,,SRC01973,HIGH
IL02556,S0114,INV0453,Konark Trust,,Series A,"Jun 07, 2022",,,,100.0,,,,SRC01973,HIGH
IL02557,S0114,INV0004,WestBridge Capital,,Series A,"Jun 07, 2022",,,lead,100.0,,,,SRC01973,HIGH
IL02558,S0114,INV0009,Hornbill Capital,,Series B,"Sep 20, 2024",,,lead,210.0,,,,SRC01975,HIGH
IL02559,S0114,INV0118,Lightspeed Venture Partners,,Series B,"Sep 20, 2024",,,,210.0,,,,SRC01975,HIGH
IL02560,S0114,INV0721,GSV Ventures,,Series B,"Sep 20, 2024",,,,210.0,,,,SRC01975,HIGH
IL02561,S0114,INV0004,WestBridge Capital,,Series B,"Sep 20, 2024",,,,210.0,,,,SRC01975,HIGH
IL02562,S0114,INV0888,Setu Aif Trust,,Series B,"Sep 20, 2024",,,,210.0,,,,SRC01975,HIGH
IL02563,S0114,INV0454,MMPL Trust,,Series B,"Sep 20, 2024",,,,210.0,,,,SRC01975,HIGH
IL02564,S0114,INV0453,Konark Trust,,Series B,"Sep 20, 2024",,,,210.0,,,,SRC01975,HIGH
IL02565,S0114,INV0009,Hornbill Capital,,Series B,"Sep 20, 2024",,,lead,210.0,,,,SRC01975,HIGH
IL02566,S0114,INV0009,Hornbill Capital,Hedge Fund,,,"Sep 20, 2024",['Series B'],True,,$210M (lead),N/A,,SRC01973,HIGH
IL02567,S0114,INV0118,Lightspeed Venture Partners,Venture Capital,,,"Sep 20, 2024",['Series B'],False,,Significant participation,N/A,,SRC01975,HIGH
IL02568,S0114,INV0721,GSV Ventures,Venture Capital,,,"Jun 07, 2022","['Series A', 'Series B']",False,,N/A,N/A,,SRC01973,HIGH
IL02569,S0114,INV0004,WestBridge Capital,Private Equity,,,"Jun 07, 2022","['Series A', 'Series B']",True,,N/A,N/A,,SRC01973,HIGH
IL02570,S0115,INV0379,Artal Asia,,Strategic Investment (Significant Minority),"Sep 11, 2026",,,,5320.0,,,,SRC01979,HIGH
IL02571,S0115,INV0889,Artal Asia (Invus Group affiliate),,Strategic Investment (Significant Minority),"Sep 11, 2026",,,lead,5320.0,,,,SRC01979,HIGH
IL02572,S0115,INV0379,Artal Asia,Investment Firm (Invus Group affiliate),,,Sep 2026,['Strategic Investment'],True,,₹532 Cr,Significant minority stake,,SRC01979,HIGH
IL02573,S0115,INV0890,Invus Group,US-based Investment Firm,,,Sep 2026,['Strategic Investment'],False,,N/A (parent of Artal Asia),N/A,,SRC01979,HIGH
IL02574,S0116,INV0227,Eight Roads Ventures,,Series A,2015-2016,,,lead,18.5,,,,SRC01988,MEDIUM
IL02575,S0116,INV0227,Eight Roads Ventures,,Series A,2015-2016,,,lead,18.5,,,,SRC01988,MEDIUM
IL02576,S0116,INV0605,Flipkart,,Series D,"Dec 05, 2019",,,lead,60.0,,,,SRC01989,HIGH
IL02577,S0116,INV0227,Eight Roads Ventures,,Series D,"Dec 05, 2019",,,,60.0,,,,SRC01989,HIGH
IL02578,S0116,INV0891,Nokia Growth Partners,,Series D,"Dec 05, 2019",,,,60.0,,,,SRC01989,HIGH
IL02579,S0116,INV0241,Qualcomm Ventures,,Series D,"Dec 05, 2019",,,,60.0,,,,SRC01989,HIGH
IL02580,S0116,INV0892,Mirae Asset-Naver Fund,,Series D,"Dec 05, 2019",,,,60.0,,,,SRC01989,HIGH
IL02581,S0116,INV0218,IFC,,Series D,"Dec 05, 2019",,,,60.0,,,,SRC01989,HIGH
IL02582,S0116,INV0605,Flipkart,,Series D,"Dec 05, 2019",,,lead,60.0,,,,SRC01989,HIGH
IL02583,S0116,INV0893,TPG NewQuest,,Series E,"Feb 27, 2024",,,lead,100.0,,,,SRC01986,HIGH
IL02584,S0116,INV0135,Mirae Asset Venture Investments,,Series E,"Feb 27, 2024",,,,100.0,,,,SRC01986,HIGH
IL02585,S0116,INV0605,Flipkart,,Series E,"Feb 27, 2024",,,,100.0,,,,SRC01986,HIGH
IL02586,S0116,INV0218,IFC,,Series E,"Feb 27, 2024",,,,100.0,,,,SRC01986,HIGH
IL02587,S0116,INV0891,Nokia Growth Partners,,Series E,"Feb 27, 2024",,,,100.0,,,,SRC01986,HIGH
IL02588,S0116,INV0894,Qualcomm,,Series E,"Feb 27, 2024",,,,100.0,,,,SRC01986,HIGH
IL02589,S0116,INV0413,Trifecta Capital,,Series E,"Feb 27, 2024",,,,100.0,,,,SRC01986,HIGH
IL02590,S0116,INV0893,TPG NewQuest,,Series E,"Feb 27, 2024",,,lead,100.0,,,,SRC01986,HIGH
IL02591,S0116,INV0018,Mirae Asset,,Series F,"Feb 03, 2025",,,lead,342.40000000000003,,,,SRC01990,HIGH
IL02592,S0116,INV0675,NGP Capital,,Series F,"Feb 03, 2025",,,lead,342.40000000000003,,,,SRC01990,HIGH
IL02593,S0116,INV0018,Mirae Asset,,Series F,"Feb 03, 2025",,,lead,342.40000000000003,,,,SRC01990,HIGH
IL02594,S0116,INV0675,NGP Capital,,Series F,"Feb 03, 2025",,,lead,342.40000000000003,,,,SRC01990,HIGH
IL02595,S0116,INV0896,ICICI Prudential MF,,IPO,"Jan 28, 2026",,,,19070.0,,,,SRC01984,HIGH
IL02596,S0116,INV0897,Nippon India MF,,IPO,"Jan 28, 2026",,,,19070.0,,,,SRC01984,HIGH
IL02597,S0116,INV0016,Motilal Oswal,,IPO,"Jan 28, 2026",,,,19070.0,,,,SRC01984,HIGH
IL02598,S0116,INV0898,Norges Bank,,IPO,"Jan 28, 2026",,,,19070.0,,,,SRC01984,HIGH
IL02599,S0116,INV0738,HSBC,,IPO,"Jan 28, 2026",,,,19070.0,,,,SRC01984,HIGH
IL02600,S0116,INV0895,Public,,IPO,"Jan 28, 2026",,,lead,19070.0,,,,SRC01984,HIGH
IL02601,S0116,INV0605,Flipkart,Corporation,,,Dec 2019,"['Series D', 'Series E']",True,,$30M (Series D),N/A,,SRC01989,HIGH
IL02602,S0116,INV0893,TPG NewQuest,Private Equity (Secondaries),,,Feb 2024,['Series E'],True,,$100M,N/A,,SRC01986,HIGH
IL02603,S0116,INV0227,Eight Roads Ventures,Venture Capital,,,2015,"['Series A', 'Series D']",False,,$18.5M (Series A),N/A,,SRC01988,HIGH
IL02604,S0116,INV0018,Mirae Asset,Venture Capital,,,2018,"['Series D', 'Series F']",False,,N/A,N/A,,SRC01990,HIGH
IL02605,S0116,INV0899,IFC (World Bank),Development Finance,,,2019,"['Series D', 'Series E']",False,,N/A,N/A,,SRC01989,HIGH
IL02606,S0116,INV0241,Qualcomm Ventures,Corporate VC,,,2018,"['Series D', 'Series E']",False,,N/A,N/A,,SRC01989,HIGH
IL02607,S0117,INV0125,Blume Ventures,,Seed,Jul 2017,,,lead,,,,,SRC01997,MEDIUM
IL02608,S0117,INV0900,WEH Ventures,,Seed,Jul 2017,,,lead,,,,,SRC01997,MEDIUM
IL02609,S0117,INV0901,DSP Group,,Seed,Jul 2017,,,lead,,,,,SRC01997,MEDIUM
IL02610,S0117,INV0902,Zerodha,,Seed,Jul 2017,,,lead,,,,,SRC01997,MEDIUM
IL02611,S0117,INV0903,Straddle Capital,,Seed,Jul 2017,,,,,,,,SRC01997,MEDIUM
IL02612,S0117,INV0125,Blume Ventures,,Seed,Jul 2017,,,lead,,,,,SRC01997,MEDIUM
IL02613,S0117,INV0900,WEH Ventures,,Seed,Jul 2017,,,lead,,,,,SRC01997,MEDIUM
IL02614,S0117,INV0901,DSP Group,,Seed,Jul 2017,,,lead,,,,,SRC01997,MEDIUM
IL02615,S0117,INV0902,Zerodha,,Seed,Jul 2017,,,lead,,,,,SRC01997,MEDIUM
IL02616,S0117,INV0130,Beenext,,Series A,"Feb 12, 2019",,,lead,,,,,SRC01997,MEDIUM
IL02617,S0117,INV0900,WEH Ventures,,Series A,"Feb 12, 2019",,,lead,,,,,SRC01997,MEDIUM
IL02618,S0117,INV0037,Peak XV Partners,,Series A,"Feb 12, 2019",,,lead,,,,,SRC01997,MEDIUM
IL02619,S0117,INV0125,Blume Ventures,,Series A,"Feb 12, 2019",,,lead,,,,,SRC01997,MEDIUM
IL02620,S0117,INV0901,DSP Group,,Series A,"Feb 12, 2019",,,lead,,,,,SRC01997,MEDIUM
IL02621,S0117,INV0130,Beenext,,Series A,"Feb 12, 2019",,,lead,,,,,SRC01997,MEDIUM
IL02622,S0117,INV0900,WEH Ventures,,Series A,"Feb 12, 2019",,,lead,,,,,SRC01997,MEDIUM
IL02623,S0117,INV0037,Peak XV Partners,,Series A,"Feb 12, 2019",,,lead,,,,,SRC01997,MEDIUM
IL02624,S0117,INV0125,Blume Ventures,,Series A,"Feb 12, 2019",,,lead,,,,,SRC01997,MEDIUM
IL02625,S0117,INV0901,DSP Group,,Series A,"Feb 12, 2019",,,lead,,,,,SRC01997,MEDIUM
IL02626,S0117,INV0037,Peak XV Partners,,Series B,"Sep 26, 2020",,,lead,,,,,SRC01997,MEDIUM
IL02627,S0117,INV0125,Blume Ventures,,Series B,"Sep 26, 2020",,,lead,,,,,SRC01997,MEDIUM
IL02628,S0117,INV0904,DSP Mutual Fund,,Series B,"Sep 26, 2020",,,lead,,,,,SRC01997,MEDIUM
IL02629,S0117,INV0130,Beenext,,Series B,"Sep 26, 2020",,,lead,,,,,SRC01997,MEDIUM
IL02630,S0117,INV0900,WEH Ventures,,Series B,"Sep 26, 2020",,,,,,,,SRC01997,MEDIUM
IL02631,S0117,INV0025,Arkam Ventures,,Series B,"Sep 26, 2020",,,,,,,,SRC01997,MEDIUM
IL02632,S0117,INV0037,Peak XV Partners,,Series B,"Sep 26, 2020",,,lead,,,,,SRC01997,MEDIUM
IL02633,S0117,INV0125,Blume Ventures,,Series B,"Sep 26, 2020",,,lead,,,,,SRC01997,MEDIUM
IL02634,S0117,INV0904,DSP Mutual Fund,,Series B,"Sep 26, 2020",,,lead,,,,,SRC01997,MEDIUM
IL02635,S0117,INV0130,Beenext,,Series B,"Sep 26, 2020",,,lead,,,,,SRC01997,MEDIUM
IL02636,S0117,INV0905,Faering Capital,,Series C,"Aug 18, 2021",,,lead,40.0,,,,SRC01996,HIGH
IL02637,S0117,INV0013,Premji Invest,,Series C,"Aug 18, 2021",,,lead,40.0,,,,SRC01996,HIGH
IL02638,S0117,INV0162,Amazon,,Series C,"Aug 18, 2021",,,,40.0,,,,SRC01996,HIGH
IL02639,S0117,INV0233,Sequoia Capital,,Series C,"Aug 18, 2021",,,,40.0,,,,SRC01996,HIGH
IL02640,S0117,INV0125,Blume Ventures,,Series C,"Aug 18, 2021",,,,40.0,,,,SRC01996,HIGH
IL02641,S0117,INV0130,Beenext,,Series C,"Aug 18, 2021",,,,40.0,,,,SRC01996,HIGH
IL02642,S0117,INV0901,DSP Group,,Series C,"Aug 18, 2021",,,,40.0,,,,SRC01996,HIGH
IL02643,S0117,INV0025,Arkam Ventures,,Series C,"Aug 18, 2021",,,,40.0,,,,SRC01996,HIGH
IL02644,S0117,INV0900,WEH Ventures,,Series C,"Aug 18, 2021",,,,40.0,,,,SRC01996,HIGH
IL02645,S0117,INV0906,HDFC Bank,,Series C,"Aug 18, 2021",,,,40.0,,,,SRC01996,HIGH
IL02646,S0117,INV0037,Peak XV Partners,,Series C,"Aug 18, 2021",,,,40.0,,,,SRC01996,HIGH
IL02647,S0117,INV0905,Faering Capital,,Series C,"Aug 18, 2021",,,lead,40.0,,,,SRC01996,HIGH
IL02648,S0117,INV0013,Premji Invest,,Series C,"Aug 18, 2021",,,lead,40.0,,,,SRC01996,HIGH
IL02649,S0117,INV0146,Elev8 Venture Partners,,Series D,"Mar 28, 2025",,,lead,50.0,,,,SRC01995,HIGH
IL02650,S0117,INV0907,State Street Global Advisors,,Series D,"Mar 28, 2025",,,,50.0,,,,SRC01995,HIGH
IL02651,S0117,INV0908,Niveshaay AIF,,Series D,"Mar 28, 2025",,,,50.0,,,,SRC01995,HIGH
IL02652,S0117,INV0905,Faering Capital,,Series D,"Mar 28, 2025",,,,50.0,,,,SRC01995,HIGH
IL02653,S0117,INV0025,Arkam Ventures,,Series D,"Mar 28, 2025",,,,50.0,,,,SRC01995,HIGH
IL02654,S0117,INV0146,Elev8 Venture Partners,,Series D,"Mar 28, 2025",,,lead,50.0,,,,SRC01995,HIGH
IL02655,S0117,INV0146,Elev8 Venture Partners,Venture Capital,,,Mar 2025,['Series D'],True,,$50M,N/A,,SRC01995,HIGH
IL02656,S0117,INV0907,State Street Global Advisors,Asset Management,,,Mar 2025,['Series D'],False,,N/A,N/A,,SRC01995,HIGH
IL02657,S0117,INV0905,Faering Capital,Private Equity,,,Aug 2021,"['Series C', 'Series D']",True,,$40M (Series C lead),N/A,,SRC01996,HIGH
IL02658,S0117,INV0162,Amazon,Corporation,,,Aug 2021,['Series C'],False,,N/A,N/A,,SRC01996,HIGH
IL02659,S0117,INV0037,Peak XV Partners,Venture Capital,,,2019,"['Series A', 'Series B', 'Series C']",False,,N/A,N/A,,SRC01997,HIGH
IL02660,S0117,INV0125,Blume Ventures,Venture Capital,,,2017,"['Seed', 'Series A', 'Series B', 'Series C', 'Series D']",False,,N/A,N/A,,SRC01997,HIGH
IL02661,S0117,INV0025,Arkam Ventures,Venture Capital,,,2020,"['Series B', 'Series C', 'Series D']",False,,N/A,N/A,,SRC01997,HIGH
IL02662,S0118,INV0462,QED Innovation Labs,,Seed,"Jun 24, 2020",,,lead,1.0,,,,SRC02002,MEDIUM
IL02663,S0118,INV0793,LetsVenture,,Seed,"Jun 24, 2020",,,lead,1.0,,,,SRC02002,MEDIUM
IL02664,S0118,INV0909,Roots Ventures,,Seed,"Jun 24, 2020",,,,1.0,,,,SRC02002,MEDIUM
IL02665,S0118,INV0910,Biren Shah,,Seed,"Jun 24, 2020",,,,1.0,,,,SRC02002,MEDIUM
IL02666,S0118,INV0911,Karthik Bhat,,Seed,"Jun 24, 2020",,,,1.0,,,,SRC02002,MEDIUM
IL02667,S0118,INV0912,Rahul Garg,,Seed,"Jun 24, 2020",,,,1.0,,,,SRC02002,MEDIUM
IL02668,S0118,INV0462,QED Innovation Labs,,Seed,"Jun 24, 2020",,,lead,1.0,,,,SRC02002,MEDIUM
IL02669,S0118,INV0793,LetsVenture,,Seed,"Jun 24, 2020",,,lead,1.0,,,,SRC02002,MEDIUM
IL02670,S0118,INV0913,BITKRAFT Ventures,,Series A,"Jan 20, 2022",,,lead,32.0,,,,SRC02003,HIGH
IL02671,S0118,INV0042,General Catalyst,,Series A,"Jan 20, 2022",,,lead,32.0,,,,SRC02003,HIGH
IL02672,S0118,INV0914,Itai Tsiddon,,Series A,"Jan 20, 2022",,,lead,32.0,,,,SRC02003,HIGH
IL02673,S0118,INV0909,Roots Ventures,,Series A,"Jan 20, 2022",,,,32.0,,,,SRC02003,HIGH
IL02674,S0118,INV0915,Creed Capital Asia,,Series A,"Jan 20, 2022",,,,32.0,,,,SRC02003,HIGH
IL02675,S0118,INV0913,BITKRAFT Ventures,,Series A,"Jan 20, 2022",,,lead,32.0,,,,SRC02003,HIGH
IL02676,S0118,INV0042,General Catalyst,,Series A,"Jan 20, 2022",,,lead,32.0,,,,SRC02003,HIGH
IL02677,S0118,INV0914,Itai Tsiddon,,Series A,"Jan 20, 2022",,,lead,32.0,,,,SRC02003,HIGH
IL02678,S0118,INV0916,Mukul Agrawal,,Series B,"Nov 26, 2025",,,lead,41.9,,,,SRC02004,HIGH
IL02679,S0118,INV0917,Param Capital,,Series B,"Nov 26, 2025",,,lead,41.9,,,,SRC02004,HIGH
IL02680,S0118,INV0913,BITKRAFT Ventures,,Series B,"Nov 26, 2025",,,,41.9,,,,SRC02004,HIGH
IL02681,S0118,INV0918,Rise Capital,,Series B,"Nov 26, 2025",,,,41.9,,,,SRC02004,HIGH
IL02682,S0118,INV0919,Hem Securities,,Series B,"Nov 26, 2025",,,,41.9,,,,SRC02004,HIGH
IL02683,S0118,INV0920,Valiant Capital,,Series B,"Nov 26, 2025",,,,41.9,,,,SRC02004,HIGH
IL02684,S0118,INV0916,Mukul Agrawal,,Series B,"Nov 26, 2025",,,lead,41.9,,,,SRC02004,HIGH
IL02685,S0118,INV0917,Param Capital,,Series B,"Nov 26, 2025",,,lead,41.9,,,,SRC02004,HIGH
IL02686,S0118,INV0913,BITKRAFT Ventures,,Series B1,"Dec 19, 2025",,,lead,13.0,,,,SRC02005,HIGH
IL02687,S0118,INV0913,BITKRAFT Ventures,,Series B1,"Dec 19, 2025",,,lead,13.0,,,,SRC02005,HIGH
IL02688,S0118,INV0921,Aart Corporate Advisors,,Series B (Extended),"Jun 13, 2026",,,lead,11.6,,,,SRC02002,MEDIUM
IL02689,S0118,INV0922,Systematix,,Series B (Extended),"Jun 13, 2026",,,lead,11.6,,,,SRC02002,MEDIUM
IL02690,S0118,INV0913,BITKRAFT Ventures,,Series B (Extended),"Jun 13, 2026",,,,11.6,,,,SRC02002,MEDIUM
IL02691,S0118,INV0923,India SME Investments,,Series B (Extended),"Jun 13, 2026",,,,11.6,,,,SRC02002,MEDIUM
IL02692,S0118,INV0921,Aart Corporate Advisors,,Series B (Extended),"Jun 13, 2026",,,lead,11.6,,,,SRC02002,MEDIUM
IL02693,S0118,INV0922,Systematix,,Series B (Extended),"Jun 13, 2026",,,lead,11.6,,,,SRC02002,MEDIUM
IL02694,S0118,INV0458,Kunal Shah (Cred),,Pre-Series A / Angel,2020-12-01,,,,1.0,,,,SRC02008,HIGH
IL02695,S0118,INV0925,Vivekananda Hallekere (Bounce),,Pre-Series A / Angel,2020-12-01,,,,1.0,,,,SRC02008,HIGH
IL02696,S0118,INV0926,Rahul Garg (Moglix),,Pre-Series A / Angel,2020-12-01,,,,1.0,,,,SRC02008,HIGH
IL02697,S0118,INV0927,Ramakant Sharma (Livspace),,Pre-Series A / Angel,2020-12-01,,,,1.0,,,,SRC02008,HIGH
IL02698,S0118,INV0928,Varun Laul (Investcorp),,Pre-Series A / Angel,2020-12-01,,,,1.0,,,,SRC02008,HIGH
IL02699,S0118,INV0929,Ashish Sharma (Innoven Capital),,Pre-Series A / Angel,2020-12-01,,,,1.0,,,,SRC02008,HIGH
IL02700,S0118,INV0930,Rohit Sood (Bertelsmann),,Pre-Series A / Angel,2020-12-01,,,,1.0,,,,SRC02008,HIGH
IL02701,S0118,INV0931,Ankit Agarwal (Alteria Capital),,Pre-Series A / Angel,2020-12-01,,,,1.0,,,,SRC02008,HIGH
IL02702,S0118,INV0932,Tej Kapoor (Fosun),,Pre-Series A / Angel,2020-12-01,,,,1.0,,,,SRC02008,HIGH
IL02703,S0118,INV0933,Karthik Bhat (Ubiquity),,Pre-Series A / Angel,2020-12-01,,,,1.0,,,,SRC02008,HIGH
IL02704,S0118,INV0934,Creed Capital,,Pre-Series A / Angel,2020-12-01,,,,1.0,,,,SRC02008,HIGH
IL02705,S0118,INV0935,Luminaire Capital,,Pre-Series A / Angel,2020-12-01,,,,1.0,,,,SRC02008,HIGH
IL02706,S0118,INV0936,Mark V Capital,,Pre-Series A / Angel,2020-12-01,,,,1.0,,,,SRC02008,HIGH
IL02707,S0118,INV0937,Falcon Edge Partners,,Pre-Series A / Angel,2020-12-01,,,,1.0,,,,SRC02008,HIGH
IL02708,S0118,INV0924,Multiple angels,,Pre-Series A / Angel,2020-12-01,,,lead,1.0,,,,SRC02008,HIGH
IL02709,S0118,INV0909,Roots Ventures,,Pre-Series A,2021-08-04,,,lead,5.0,,,,SRC02008,HIGH
IL02710,S0118,INV0938,Velo Partners,,Pre-Series A,2021-08-04,,,lead,5.0,,,,SRC02008,HIGH
IL02711,S0118,INV0909,Roots Ventures,,Pre-Series A,2021-08-04,,,lead,5.0,,,,SRC02008,HIGH
IL02712,S0118,INV0938,Velo Partners,,Pre-Series A,2021-08-04,,,lead,5.0,,,,SRC02008,HIGH
IL02713,S0118,INV0413,Trifecta Capital,,Debt,2025-09-01,,,lead,50.0,,,,SRC02002,MEDIUM
IL02714,S0118,INV0413,Trifecta Capital,,Debt,2025-09-01,,,lead,50.0,,,,SRC02002,MEDIUM
IL02715,S0118,INV0916,Mukul Agrawal,,Series B,2025-12-02,,,lead,150.0,,,,SRC02004,HIGH
IL02716,S0118,INV0917,Param Capital,,Series B,2025-12-02,,,lead,150.0,,,,SRC02004,HIGH
IL02717,S0118,INV0916,Mukul Agrawal,,Series B,2025-12-02,,,lead,150.0,,,,SRC02004,HIGH
IL02718,S0118,INV0917,Param Capital,,Series B,2025-12-02,,,lead,150.0,,,,SRC02004,HIGH
IL02719,S0118,INV0913,BITKRAFT Ventures,Venture Capital,,,Jan 2022,"['Series A', 'Series B', 'Series B1', 'Series B Extended']",True,,$32M (Series A lead),N/A,,SRC02003,HIGH
IL02720,S0118,INV0042,General Catalyst,Venture Capital,,,Jan 2022,['Series A'],False,,N/A,N/A,,SRC02003,HIGH
IL02721,S0118,INV0916,Mukul Agrawal,Angel Investor,,,Dec 2025,['Series B'],True,,₹150 Cr (~$17M),N/A,,SRC02004,HIGH
IL02722,S0118,INV0413,Trifecta Capital,Venture Debt,,,Sep 2025,['Debt'],False,,₹50 Cr debt,N/A,,SRC02002,HIGH
IL02723,S0118,INV0939,SBI Ventures,Corporate VC,,,2023,['Series A'],False,,N/A,N/A,,SRC02002,HIGH
IL02724,S0118,INV0909,Roots Ventures,Venture Capital,,,2020,"['Seed', 'Series A']",False,,N/A,N/A,,SRC02008,HIGH
IL02725,S0119,INV0940,Magna International,,Series B,Sep 2022,,,lead,6530.0,,,,SRC02018,HIGH
IL02726,S0119,INV0941,Bajaj Auto,,Series B,Sep 2022,,,,6530.0,,,,SRC02018,HIGH
IL02727,S0119,INV0940,Magna International,,Series B,Sep 2022,,,lead,6530.0,,,,SRC02018,HIGH
IL02728,S0119,INV0940,Magna International,,Post-Series B (equity),Feb 2024,,,lead,1600.0,,,,SRC02026,HIGH
IL02729,S0119,INV0941,Bajaj Auto Ltd,,Post-Series B (equity),Feb 2024,,,lead,1600.0,,,,SRC02026,HIGH
IL02730,S0119,INV0942,Magna,,Post-Series B (tranche),Jul 2025,,,lead,11.3,,,,SRC02013,MEDIUM
IL02731,S0119,INV0941,Bajaj Auto,,Post-Series B (tranche),Jul 2025,,,lead,11.3,,,,SRC02013,MEDIUM
IL02732,S0119,INV0943,GEF Capital Partners,,Series C,Aug 2026,,,lead,93.0,,,,SRC02012,HIGH
IL02733,S0119,INV0940,Magna International,,Series C,Aug 2026,,,,93.0,,,,SRC02012,HIGH
IL02734,S0119,INV0941,Bajaj Auto,,Series C,Aug 2026,,,,93.0,,,,SRC02012,HIGH
IL02735,S0119,INV0943,GEF Capital Partners,,Series C,Aug 2026,,,lead,93.0,,,,SRC02012,HIGH
IL02736,S0119,INV0940,Magna International,,Series B,2022-09-11,,,lead,82.0,,,,SRC02018,HIGH
IL02737,S0119,INV0940,Magna International,,Post-Series B (equity),2024-02-23,,,lead,19.25,,,,SRC02026,HIGH
IL02738,S0119,INV0941,Bajaj Auto Ltd,,Post-Series B (equity),2024-02-23,,,lead,19.25,,,,SRC02026,HIGH
IL02739,S0119,INV0944,Northern Arc Capital,,Debt,2024-01,,,lead,25.0,,,,SRC02022,HIGH
IL02740,S0119,INV0945,DFC,,Debt,2022,,,lead,12.0,,,,SRC02013,MEDIUM
IL02741,S0119,INV0944,Northern Arc Capital,,Debt,2022,,,lead,12.0,,,,SRC02013,MEDIUM
IL02742,S0119,INV0943,GEF Capital Partners,PE/Climate-focused,,,2026,['Series C'],True,,$63M equity,,,SRC02012,HIGH
IL02743,S0119,INV0940,Magna International,Corporate (Automotive),,,2022,"['Series B', 'Post-B 2024', 'Post-B 2025']",False,,,,,SRC02028,HIGH
IL02744,S0119,INV0941,Bajaj Auto Ltd,Corporate (Automotive),,,2019,"['Series B', 'Post-B 2024', 'Post-B 2025']",False,,,,,SRC02018,HIGH
IL02745,S0119,INV0125,Blume Ventures,VC,,,2017,['Seed'],,,,,,SRC02013,MEDIUM
IL02746,S0119,INV0668,3one4 Capital,VC,,,2017,"['Seed', 'Series A']",,,,,,SRC02013,MEDIUM
IL02747,S0119,INV0946,Rocketship.vc,VC,,,2018,['Series A'],,,,,,SRC02013,MEDIUM
IL02748,S0119,INV0947,Wavemaker Partners,VC,,,2017,['Seed'],,,,,,SRC02013,MEDIUM
IL02749,S0119,INV0948,Tracxn Labs,Corporate VC,,,2017,['Seed'],,,,,,SRC02013,MEDIUM
IL02750,S0119,INV0949,Incubate Capital Partners,VC,,,2017,['Seed'],,,,,,SRC02013,MEDIUM
IL02751,S0119,INV0944,Northern Arc Capital,Debt,,,2022,['Debt'],,,,,,SRC02013,MEDIUM
IL02752,S0119,INV0950,DFC (US International Development Finance Corporation),Government DFI,,,2022,['Debt'],,,,,,SRC02013,MEDIUM
IL02753,S0120,INV0014,Advent International,,Series D,Jun 2021,,,lead,80.0,,,,SRC02036,HIGH
IL02754,S0120,INV0020,TPG,,Series D,Jun 2021,,,lead,80.0,,,,SRC02036,HIGH
IL02755,S0120,INV0951,AustralianSuper,,Series D,Jun 2021,,,,80.0,,,,SRC02036,HIGH
IL02756,S0120,INV0952,Blue Star Innovation Partners,,Series D,Jun 2021,,,,80.0,,,,SRC02036,HIGH
IL02757,S0120,INV0953,Sunley House Capital Management,,Series D,Jun 2021,,,,80.0,,,,SRC02036,HIGH
IL02758,S0120,INV0014,Advent International,,Series D,Jun 2021,,,lead,80.0,,,,SRC02036,HIGH
IL02759,S0120,INV0020,TPG,,Series D,Jun 2021,,,lead,80.0,,,,SRC02036,HIGH
IL02760,S0120,INV0003,Accel,,Series A,2015-07-27,,,lead,6.0,,,,SRC02036,HIGH
IL02761,S0120,INV0003,Accel,,Series A,2015-07-27,,,lead,6.0,,,,SRC02036,HIGH
IL02762,S0120,INV0003,Accel,,Series B,2016-08-11,,,,15.0,,,,SRC02049,HIGH
IL02763,S0120,INV0063,Norwest Venture Partners,,Series B,2016-08-11,,,lead,15.0,,,,SRC02049,HIGH
IL02764,S0120,INV0063,Norwest Venture Partners,,Series B,2016-08-11,,,lead,15.0,,,,SRC02049,HIGH
IL02765,S0120,INV0103,Tiger Global Management,,Series C,2019-05-01,,,lead,50.0,,,,SRC02036,HIGH
IL02766,S0120,INV0003,Accel,,Series C,2019-05-01,,,,50.0,,,,SRC02036,HIGH
IL02767,S0120,INV0063,Norwest Venture Partners,,Series C,2019-05-01,,,,50.0,,,,SRC02036,HIGH
IL02768,S0120,INV0103,Tiger Global Management,,Series C,2019-05-01,,,lead,50.0,,,,SRC02036,HIGH
IL02769,S0120,INV0225,Steadview Capital,,Series C,2019-08-22,,,lead,20.0,,,,SRC02036,HIGH
IL02770,S0120,INV0225,Steadview Capital,,Series C,2019-08-22,,,lead,20.0,,,,SRC02036,HIGH
IL02771,S0120,INV0014,Advent International,,Series D,2020-12-15,,,lead,160.0,,,,SRC02047,HIGH
IL02772,S0120,INV0103,Tiger Global Management,,Series D,2020-12-15,,,,160.0,,,,SRC02047,HIGH
IL02773,S0120,INV0225,Steadview Capital,,Series D,2020-12-15,,,,160.0,,,,SRC02047,HIGH
IL02774,S0120,INV0953,Sunley House Capital Management,,Series D,2020-12-15,,,,160.0,,,,SRC02047,HIGH
IL02775,S0120,INV0014,Advent International,,Series D,2020-12-15,,,lead,160.0,,,,SRC02047,HIGH
IL02776,S0120,INV0020,TPG,,Series D - II,2021-06-02,,,lead,80.0,,,,SRC02046,HIGH
IL02777,S0120,INV0014,Advent International,,Series D - II,2021-06-02,,,,80.0,,,,SRC02046,HIGH
IL02778,S0120,INV0951,AustralianSuper,,Series D - II,2021-06-02,,,,80.0,,,,SRC02046,HIGH
IL02779,S0120,INV0952,Blue Star Innovation Partners,,Series D - II,2021-06-02,,,,80.0,,,,SRC02046,HIGH
IL02780,S0120,INV0953,Sunley House Capital Management,,Series D - II,2021-06-02,,,,80.0,,,,SRC02046,HIGH
IL02781,S0120,INV0020,TPG,,Series D - II,2021-06-02,,,lead,80.0,,,,SRC02046,HIGH
IL02782,S0120,INV0014,Advent International,PE,,,2021,['Series D'],True,,,,,SRC02036,HIGH
IL02783,S0120,INV0020,TPG,PE,,,2021,['Series D'],True,,,,,SRC02036,HIGH
IL02784,S0120,INV0951,AustralianSuper,Superannuation Fund,,,2021,['Series D'],,,,,,SRC02037,MEDIUM
IL02785,S0120,INV0952,Blue Star Innovation Partners,Corporate VC,,,2021,['Series D'],,,,,,SRC02037,MEDIUM
IL02786,S0120,INV0953,Sunley House Capital Management,PE,,,2021,['Series D'],,,,,,SRC02037,MEDIUM
IL02787,S0120,INV0954,KOSÉ Corporation,Corporate (Strategic),,,2021,['Strategic'],,,,,,SRC02055,LOW
IL02788,S0121,INV0955,Accel-KKR,,PE Growth / Minority Investment,2026-01-22,,,lead,,,,,SRC02060,HIGH
IL02789,S0121,INV0955,Accel-KKR,,PE Growth / Minority Investment,2026-01-22,,,lead,,,,,SRC02060,HIGH
IL02790,S0121,INV0955,Accel-KKR,PE / Technology-focused,,,2026,['PE Growth'],True,,,,,SRC02060,HIGH
IL02791,S0121,INV0955,Accel-KKR,PE,,,2026,['PE Growth'],True,,Undisclosed,,,SRC02064,HIGH
IL02792,S0122,INV0956,Cactus Partners,,Pre-Series B,2026-03-27,,,lead,20.0,,,,SRC02067,HIGH
IL02793,S0122,INV0957,Hero Investment Office,,Pre-Series B,2026-03-27,,,,20.0,,,,SRC02067,HIGH
IL02794,S0122,INV0958,35 North Ventures,,Pre-Series B,2026-03-27,,,,20.0,,,,SRC02067,HIGH
IL02795,S0122,INV0959,Indusbridge Ventures,,Pre-Series B,2026-03-27,,,,20.0,,,,SRC02067,HIGH
IL02796,S0122,INV0960,Monarch Holdings,,Pre-Series B,2026-03-27,,,,20.0,,,,SRC02067,HIGH
IL02797,S0122,INV0961,Inflexor,,Pre-Series B,2026-03-27,,,,20.0,,,,SRC02067,HIGH
IL02798,S0122,INV0962,Pavestone,,Pre-Series B,2026-03-27,,,,20.0,,,,SRC02067,HIGH
IL02799,S0122,INV0507,GrowX,,Pre-Series B,2026-03-27,,,,20.0,,,,SRC02067,HIGH
IL02800,S0122,INV0963,Startup Xseed,,Pre-Series B,2026-03-27,,,,20.0,,,,SRC02067,HIGH
IL02801,S0122,INV0964,Survam Partners,,Pre-Series B,2026-03-27,,,,20.0,,,,SRC02067,HIGH
IL02802,S0122,INV0956,Cactus Partners,,Pre-Series B,2026-03-27,,,lead,20.0,,,,SRC02067,HIGH
IL02803,S0122,INV0956,Cactus Partners,VC / Growth,,,2026,['Pre-Series B'],True,,,,,SRC02067,HIGH
IL02804,S0122,INV0957,Hero Investment Office,Family Office,,,2026,['Pre-Series B'],,,,,,SRC02067,HIGH
IL02805,S0122,INV0958,35 North Ventures,VC,,,2026,['Pre-Series B'],,,,,,SRC02067,HIGH
IL02806,S0122,INV0959,Indusbridge Ventures,VC,,,2026,['Pre-Series B'],,,,,,SRC02067,HIGH
IL02807,S0122,INV0960,Monarch Holdings,Investment,,,2026,['Pre-Series B'],,,,,,SRC02067,HIGH
IL02808,S0122,INV0961,Inflexor,VC,,,UNKNOWN,['Earlier rounds'],,,,,,SRC02067,MEDIUM
IL02809,S0122,INV0962,Pavestone,VC,,,UNKNOWN,['Earlier rounds'],,,,,,SRC02067,MEDIUM
IL02810,S0122,INV0507,GrowX,VC,,,UNKNOWN,['Earlier rounds'],,,,,,SRC02067,MEDIUM
IL02811,S0122,INV0963,Startup Xseed,Accelerator/VC,,,UNKNOWN,['Earlier rounds'],,,,,,SRC02067,MEDIUM
IL02812,S0122,INV0964,Survam Partners,VC,,,UNKNOWN,['Earlier rounds'],,,,,,SRC02067,MEDIUM
IL02813,S0122,INV0965,ISRO (NSIL),Government,,,2024,['MoU/Partnership'],,,,,,SRC02071,MEDIUM
IL02814,S0123,INV0145,Kae Capital,,Seed,Dec 2021,,,lead,0.7296,,,,SRC02074,HIGH
IL02815,S0123,INV0145,Kae Capital,,Seed,Dec 2021,,,lead,0.7296,,,,SRC02074,HIGH
IL02816,S0123,INV0056,Z47,,Seed,Jun 2022,,,,4.0,,,,SRC02074,HIGH
IL02817,S0123,INV0145,Kae Capital,,Seed,Jun 2022,,,,4.0,,,,SRC02074,HIGH
IL02818,S0123,INV0966,Z47 (formerly Matrix Partners India),,Seed,Jun 2022,,,lead,4.0,,,,SRC02074,HIGH
IL02819,S0123,INV0056,Z47,,Series A,Mar 2024,,,lead,14.45,,,,SRC02074,HIGH
IL02820,S0123,INV0145,Kae Capital,,Series A,Mar 2024,,,,14.45,,,,SRC02074,HIGH
IL02821,S0123,INV0056,Z47,,Series A,Mar 2024,,,lead,14.45,,,,SRC02074,HIGH
IL02822,S0123,INV0056,Z47,,Series B,Jun 2024,,,,17.95,,,,SRC02075,HIGH
IL02823,S0123,INV0967,Panthera Growth Partners,,Series B,Jun 2024,,,lead,17.95,,,,SRC02075,HIGH
IL02824,S0123,INV0145,Kae Capital,,Series B,Jun 2024,,,,17.95,,,,SRC02075,HIGH
IL02825,S0123,INV0967,Panthera Growth Partners,,Series B,Jun 2024,,,lead,17.95,,,,SRC02075,HIGH
IL02826,S0123,INV0954,KOSÉ Corporation,,Series C,"Jan 14, 2025",,,lead,30.0,,,,SRC02075,HIGH
IL02827,S0123,INV0967,Panthera Growth Partners,,Series C,"Jan 14, 2025",,,,30.0,,,,SRC02075,HIGH
IL02828,S0123,INV0056,Z47,,Series C,"Jan 14, 2025",,,,30.0,,,,SRC02075,HIGH
IL02829,S0123,INV0145,Kae Capital,,Series C,"Jan 14, 2025",,,,30.0,,,,SRC02075,HIGH
IL02830,S0123,INV0954,KOSÉ Corporation,,Series C,"Jan 14, 2025",,,lead,30.0,,,,SRC02075,HIGH
IL02831,S0123,INV0954,KOSÉ Corporation,Corporate (Strategic),,,2025,['Series C'],True,,$30M,,,SRC02075,HIGH
IL02832,S0123,INV0966,Z47 (formerly Matrix Partners India),VC,,,2022,"['Seed', 'Series A', 'Series B', 'Series C']",False,,,,,SRC02078,HIGH
IL02833,S0123,INV0967,Panthera Growth Partners,PE/Growth,,,2024,"['Series B', 'Series C']",True,,,,,SRC02075,HIGH
IL02834,S0123,INV0145,Kae Capital,VC,,,2021,"['Seed', 'Series A', 'Series B', 'Series C']",False,,,,,SRC02074,HIGH
IL02835,S0123,INV0968,Tracxn,Data,,,2026,,,,,,,SRC02076,MEDIUM
IL02836,S0124,INV0815,Speciale Invest,,Series A extension,2026-03-12,,,,4.8,,,,SRC02089,HIGH
IL02837,S0124,INV0969,MV Core,,Series A extension,2026-03-12,,,,4.8,,,,SRC02089,HIGH
IL02838,S0124,INV0669,Rainmatter,,Series A extension,2026-03-12,,,,4.8,,,,SRC02089,HIGH
IL02839,S0124,INV0970,Mounttech Growth Fund,,Series A extension,2026-03-12,,,,4.8,,,,SRC02089,HIGH
IL02840,S0124,INV0971,Grand Anicut Angel Fund,,Series A extension,2026-03-12,,,,4.8,,,,SRC02089,HIGH
IL02841,S0124,INV0972,Navam Venture Fund,,Series A extension,2026-03-12,,,,4.8,,,,SRC02089,HIGH
IL02842,S0124,INV0973,Faad Capital,,Series A extension,2026-03-12,,,,4.8,,,,SRC02089,HIGH
IL02843,S0124,INV0974,LV Angel Fund,,Series A extension,2026-03-12,,,,4.8,,,,SRC02089,HIGH
IL02844,S0124,INV0975,Eraya Capital,,Series A extension,2026-03-12,,,,4.8,,,,SRC02089,HIGH
IL02845,S0124,INV0976,Mela Ventures,,Series A extension,2026-03-12,,,,4.8,,,,SRC02089,HIGH
IL02846,S0124,INV0815,Speciale Invest,VC,,,2021,"['Pre-Seed', 'Seed', 'Series A', 'Series A extension']",False,,,,,SRC02092,HIGH
IL02847,S0124,INV0149,Anicut Capital,VC,,,2022,"['Seed', 'Series A', 'Series A extension']",False,,,,,SRC02092,HIGH
IL02848,S0124,INV0977,Navam Capital,VC,,,2024,"['Series A', 'Series A extension']",False,,,,,SRC02092,HIGH
IL02849,S0124,INV0669,Rainmatter,VC,,,2026,['Series A extension'],False,,,,,SRC02089,MEDIUM
IL02850,S0125,INV0978,Gray Matters Capital,,Seed/early,2025,,,lead,10.0,,,,SRC02095,HIGH
IL02851,S0125,INV0978,Gray Matters Capital,,Seed/early,2025,,,lead,10.0,,,,SRC02095,HIGH
IL02852,S0125,INV0978,Gray Matters Capital,,Growth commitment (debt + quasi-equity + equity over 30 months),2026-09-07,,,lead,40.0,,,,SRC02095,MEDIUM
IL02853,S0125,INV0978,Gray Matters Capital,,Growth commitment (debt + quasi-equity + equity over 30 months),2026-09-07,,,lead,40.0,,,,SRC02095,MEDIUM
IL02854,S0125,INV0978,Gray Matters Capital,,Growth commitment,2026-09-07,,,lead,40.0,,,,SRC02095,HIGH
IL02855,S0125,INV0978,Gray Matters Capital,,Growth commitment,2026-09-07,,,lead,40.0,,,,SRC02095,HIGH
IL02856,S0125,INV0978,Gray Matters Capital,Impact investor,,,2025,"['2025 $10M', '2026 $40M commitment']",True,,,,,SRC02095,HIGH
IL02857,S0126,INV0979,SWC Global,,Series A (Rs 110 Cr),2023-12,,,lead,13.1,,,,SRC02104,HIGH
IL02858,S0126,INV0528,IvyCap Ventures,,Series A (Rs 110 Cr),2023-12,,,lead,13.1,,,,SRC02104,HIGH
IL02859,S0126,INV0979,SWC Global,,Series A (Rs 110 Cr),2023-12,,,lead,13.1,,,,SRC02104,HIGH
IL02860,S0126,INV0528,IvyCap Ventures,,Series A (Rs 110 Cr),2023-12,,,lead,13.1,,,,SRC02104,HIGH
IL02861,S0126,INV0060,360 ONE Asset,,Series B,2025-06-02,,,lead,40.0,,,,SRC02103,HIGH
IL02862,S0126,INV0980,Ravi Modi Family Office,,Series B,2025-06-02,,,,40.0,,,,SRC02103,HIGH
IL02863,S0126,INV0528,IvyCap Ventures,,Series B,2025-06-02,,,,40.0,,,,SRC02103,HIGH
IL02864,S0126,INV0979,SWC Global,,Series B,2025-06-02,,,,40.0,,,,SRC02103,HIGH
IL02865,S0126,INV0060,360 ONE Asset,,Series B,2025-06-02,,,lead,40.0,,,,SRC02103,HIGH
IL02866,S0126,INV0979,SWC Global,,Series A,2023-12,,,lead,13.1,,,,SRC02109,HIGH
IL02867,S0126,INV0528,IvyCap Ventures,,Series A,2023-12,,,lead,13.1,,,,SRC02109,HIGH
IL02868,S0126,INV0979,SWC Global,,Series A,2023-12,,,lead,13.1,,,,SRC02109,HIGH
IL02869,S0126,INV0528,IvyCap Ventures,,Series A,2023-12,,,lead,13.1,,,,SRC02109,HIGH
IL02870,S0126,INV0060,360 ONE Asset,,Series B,2025-05-29,,,lead,39.6,,,,SRC02109,HIGH
IL02871,S0126,INV0979,SWC Global,,Series B,2025-05-29,,,,39.6,,,,SRC02109,HIGH
IL02872,S0126,INV0528,IvyCap Ventures,,Series B,2025-05-29,,,,39.6,,,,SRC02109,HIGH
IL02873,S0126,INV0980,Ravi Modi Family Office,,Series B,2025-05-29,,,,39.6,,,,SRC02109,HIGH
IL02874,S0126,INV0060,360 ONE Asset,,Series B,2025-05-29,,,lead,39.6,,,,SRC02109,HIGH
IL02875,S0126,INV0060,360 ONE Asset,,Series B (close confirmation),2025-06-02,,,lead,40.0,,,,SRC02106,HIGH
IL02876,S0126,INV0979,SWC Global,,Series B (close confirmation),2025-06-02,,,,40.0,,,,SRC02106,HIGH
IL02877,S0126,INV0528,IvyCap Ventures,,Series B (close confirmation),2025-06-02,,,,40.0,,,,SRC02106,HIGH
IL02878,S0126,INV0980,Ravi Modi Family Office,,Series B (close confirmation),2025-06-02,,,,40.0,,,,SRC02106,HIGH
IL02879,S0126,INV0060,360 ONE Asset,,Series B (close confirmation),2025-06-02,,,lead,40.0,,,,SRC02106,HIGH
IL02880,S0126,INV0528,IvyCap Ventures,VC,,,2023,"['Series A', 'Series B']",True,,,,,SRC02104,HIGH
IL02881,S0126,INV0979,SWC Global,VC,,,2023,"['Series A', 'Series B']",True,,,,,SRC02104,HIGH
IL02882,S0126,INV0060,360 ONE Asset,Asset manager,,,2025,['Series B'],True,,,,,SRC02103,HIGH
IL02883,S0126,INV0980,Ravi Modi Family Office,Family office,,,2025,['Series B'],False,,,,,SRC02103,MEDIUM
IL02884,S0127,INV0981,QED Investors,,Series D tranche,2024-12-13,,,,25.5,,,,SRC02116,HIGH
IL02885,S0127,INV0982,Better Tomorrow Ventures,,Series D tranche,2024-12-13,,,,25.5,,,,SRC02116,HIGH
IL02886,S0127,INV0037,Peak XV Partners,,Series D tranche,2024-12-13,,,,25.5,,,,SRC02116,HIGH
IL02887,S0127,INV0056,Z47,,Series D tranche,2024-12-13,,,,25.5,,,,SRC02116,HIGH
IL02888,S0127,INV0037,Peak XV Partners,,Series D extension (Rs 72 Cr),2026-07-13,,,lead,7.6,,,,SRC02115,MEDIUM
IL02889,S0127,INV0037,Peak XV Partners,,Series D extension (Rs 72 Cr),2026-07-13,,,lead,7.6,,,,SRC02115,MEDIUM
IL02890,S0127,INV0610,Peak XV Partners (ex-Sequoia India),VC,,,2022,['Series D tranches'],True,,,,,SRC02115,HIGH
IL02891,S0127,INV0981,QED Investors,VC,,,2024,['Series D'],False,,,,,SRC02116,HIGH
IL02892,S0127,INV0982,Better Tomorrow Ventures,VC,,,2024,['Series D'],False,,,,,SRC02116,HIGH
IL02893,S0128,INV0668,3one4 Capital,,Seed,2025,,,lead,3.5,,,,SRC02125,HIGH
IL02894,S0128,INV0668,3one4 Capital,,Seed,2025,,,lead,3.5,,,,SRC02125,HIGH
IL02895,S0128,INV0698,Norwest,,Series A,2026-08,,,lead,12.5,,,,SRC02123,HIGH
IL02896,S0128,INV0698,Norwest,,Series A,2026-08,,,lead,12.5,,,,SRC02123,HIGH
IL02897,S0128,INV0668,3one4 Capital,VC,,,2025,['Seed $3.5M'],True,,,,,SRC02125,HIGH
IL02898,S0128,INV0698,Norwest,VC,,,2026,['Series A $12.5M'],True,,,,,SRC02123,HIGH
IL02899,S0129,INV0037,Peak XV Partners,,Seed,2024-08,,,lead,1.7,,,,SRC02134,
IL02900,S0129,INV0038,Y Combinator,,Seed,2024-08,,,lead,1.7,,,,SRC02134,
IL02901,S0129,INV0037,Peak XV Partners,,Seed,2024-08,,,lead,1.7,,,,SRC02134,
IL02902,S0129,INV0038,Y Combinator,,Seed,2024-08,,,lead,1.7,,,,SRC02134,
IL02903,S0129,INV0983,Base10,,Series A,2026-06-24,,,lead,17.0,,,,SRC02133,
IL02904,S0129,INV0038,Y Combinator,,Series A,2026-06-24,,,,17.0,,,,SRC02133,
IL02905,S0129,INV0037,Peak XV Partners,,Series A,2026-06-24,,,,17.0,,,,SRC02133,
IL02906,S0129,INV0984,"operators incl. growth leaders from Anthropic and Chime, HubSpot CTO, founders of Eppo and Vapi",,Series A,2026-06-24,,,,17.0,,,,SRC02133,
IL02907,S0129,INV0983,Base10,,Series A,2026-06-24,,,lead,17.0,,,,SRC02133,
IL02908,S0129,INV0037,Peak XV Partners,VC,,,2024-08,"['Seed', 'Series A (participating)']",True,,,,,SRC02134,HIGH
IL02909,S0129,INV0038,Y Combinator,accelerator,,,2024-08,"['Seed', 'Series A (participating)']",True,,,,,SRC02134,HIGH
IL02910,S0129,INV0983,Base10,VC,,,2026-06,['Series A'],True,,,,,SRC02133,HIGH
IL02911,S0130,INV0986,Darshan Patel (Vini Cosmetics founder) + others,,Series A,2022-04,,,,52.0,,,,SRC02139,
IL02912,S0130,INV0985,Darshan Patel,,Series A,2022-04,,,lead,52.0,,,,SRC02139,
IL02913,S0130,INV0298,Bharat Value Fund,,Series B,2025-01,,,lead,1610.0,,,,SRC02139,
IL02914,S0130,INV0298,Bharat Value Fund,,Series B,2025-01,,,lead,1610.0,,,,SRC02139,
IL02915,S0130,INV0987,Hemant Mahendrakumar Kabra,,Series D,2026-08-20,,,lead,1100.0,,,,SRC02139,
IL02916,S0130,INV0298,Bharat Value Fund,,Series D,2026-08-20,,,,1100.0,,,,SRC02139,
IL02917,S0130,INV0988,Adesh Realtor LLP,,Series D,2026-08-20,,,,1100.0,,,,SRC02139,
IL02918,S0130,INV0989,Maithan Alloys,,Series D,2026-08-20,,,,1100.0,,,,SRC02139,
IL02919,S0130,INV0987,Hemant Mahendrakumar Kabra,,Series D,2026-08-20,,,lead,1100.0,,,,SRC02139,
IL02920,S0130,INV0990,Bharat Value Fund (Pantomath),VC,,,2025-01,"['Series B (2025)', 'Series D (2026)']",False,,,,,SRC02139,HIGH
IL02921,S0130,INV0985,Darshan Patel,angel,,,2022-04,['Series A'],True,,,,,SRC02139,MEDIUM
IL02922,S0131,INV0991,Transition VC,,Seed,2024-05,,,lead,1.2,,,,SRC02159,
IL02923,S0131,INV0992,Gruhas,,Seed,2024-05,,,,1.2,,,,SRC02159,
IL02924,S0131,INV0991,Transition VC,,Seed,2024-05,,,lead,1.2,,,,SRC02159,
IL02925,S0131,INV0993,Subhkam Ventures,,Series A,2025-01-07,,,lead,6.2,,,,SRC02159,
IL02926,S0131,INV0994,Microtek Group,,Series A,2025-01-07,,,,6.2,,,,SRC02159,
IL02927,S0131,INV0995,SRK Family Office,,Series A,2025-01-07,,,,6.2,,,,SRC02159,
IL02928,S0131,INV0991,Transition VC,,Series A,2025-01-07,,,,6.2,,,,SRC02159,
IL02929,S0131,INV0993,Subhkam Ventures,,Series A,2025-01-07,,,lead,6.2,,,,SRC02159,
IL02930,S0131,INV0996,Raghav Capital,,pre-Series B,2026-06,,,lead,6.2,,,,SRC02160,
IL02931,S0131,INV0997,Maiuni Ventures LLP,,pre-Series B,2026-06,,,,6.2,,,,SRC02160,
IL02932,S0131,INV0991,Transition VC,,pre-Series B,2026-06,,,,6.2,,,,SRC02160,
IL02933,S0131,INV0998,NKA Resources,,pre-Series B,2026-06,,,,6.2,,,,SRC02160,
IL02934,S0131,INV0999,MMG Realtech,,pre-Series B,2026-06,,,,6.2,,,,SRC02160,
IL02935,S0131,INV0996,Raghav Capital,,pre-Series B,2026-06,,,lead,6.2,,,,SRC02160,
IL02936,S0131,INV0991,Transition VC,VC,,,2024-05,"['Seed', 'Series A', 'pre-Series B']",True,,,,,SRC02159,HIGH
IL02937,S0131,INV0993,Subhkam Ventures,VC,,,2025-01,['Series A'],True,,,,,SRC02159,HIGH
IL02938,S0131,INV0996,Raghav Capital,VC,,,2026-06,['pre-Series B'],True,,,,,SRC02160,MEDIUM
IL02939,S0132,INV0810,BIG Capital,,Series A,2023-11-21,,,,8.0,,,,SRC02164,
IL02940,S0132,INV1000,"BIG Capital (BIG Capital Pte Ltd, Singapore)",,Series A,2023-11-21,,,lead,8.0,,,,SRC02164,
IL02941,S0132,INV0810,BIG Capital,VC,,,2023-11,['Series A'],True,,,,,SRC02165,HIGH
IL02942,S0133,INV1001,FPV Ventures,,Series A,2026-09-10,,,lead,15.0,,,,SRC02168,
IL02943,S0133,INV1001,FPV Ventures,,Series A,2026-09-10,,,lead,15.0,,,,SRC02168,
IL02944,S0133,INV1001,FPV Ventures,VC,,,2026-09,['Series A'],True,,,,,SRC02168,HIGH
IL02945,S0134,INV0029,Tiger Global,,Series H,2022-02-01,,,lead,250.0,,,,SRC02173,HIGH
IL02946,S0134,INV0233,Sequoia Capital,,Series H,2022-02-01,,,lead,250.0,,,,SRC02173,HIGH
IL02947,S0134,INV0119,Insight Partners,,Series H,2022-02-01,,,,250.0,,,,SRC02173,HIGH
IL02948,S0134,INV1002,Sapphire Ventures,,Series H,2022-02-01,,,,250.0,,,,SRC02173,HIGH
IL02949,S0134,INV0225,Steadview Capital,,Series H,2022-02-01,,,,250.0,,,,SRC02173,HIGH
IL02950,S0134,INV0029,Tiger Global,,Series H,2022-02-01,,,lead,250.0,,,,SRC02173,HIGH
IL02951,S0134,INV0233,Sequoia Capital,,Series H,2022-02-01,,,lead,250.0,,,,SRC02173,HIGH
IL02952,S0134,INV1002,Sapphire Ventures,,Series G,2021-04-20,,,lead,125.0,,,,SRC02174,HIGH
IL02953,S0134,INV0029,Tiger Global,,Series G,2021-04-20,,,lead,125.0,,,,SRC02174,HIGH
IL02954,S0134,INV0119,Insight Partners,,Series G,2021-04-20,,,lead,125.0,,,,SRC02174,HIGH
IL02955,S0134,INV0225,Steadview Capital,,Series G,2021-04-20,,,,125.0,,,,SRC02174,HIGH
IL02956,S0134,INV1002,Sapphire Ventures,,Series G,2021-04-20,,,lead,125.0,,,,SRC02174,HIGH
IL02957,S0134,INV0029,Tiger Global,,Series G,2021-04-20,,,lead,125.0,,,,SRC02174,HIGH
IL02958,S0134,INV0119,Insight Partners,,Series G,2021-04-20,,,lead,125.0,,,,SRC02174,HIGH
IL02959,S0134,INV0119,Insight Partners,,Series F,2020-10-06,,,lead,55.0,,,,SRC02190,HIGH
IL02960,S0134,INV0103,Tiger Global Management,,Series F,2020-10-06,,,,55.0,,,,SRC02190,HIGH
IL02961,S0134,INV0225,Steadview Capital,,Series F,2020-10-06,,,,55.0,,,,SRC02190,HIGH
IL02962,S0134,INV0119,Insight Partners,,Series F,2020-10-06,,,lead,55.0,,,,SRC02190,HIGH
IL02963,S0134,INV0103,Tiger Global Management,,Series C,2018-03-20,,,,18.3644,,,,SRC02191,HIGH
IL02964,S0134,INV0003,Accel,,Series C,2018-03-20,,,,18.3644,,,,SRC02191,HIGH
IL02965,S0134,INV0119,Insight Partners,,Series C,2018-03-20,,,lead,18.3644,,,,SRC02191,HIGH
IL02966,S0134,INV0119,Insight Partners,,Series C,2018-03-20,,,lead,18.3644,,,,SRC02191,HIGH
IL02967,S0134,INV0103,Tiger Global Management,,Series B,2015-03-10,,,lead,5.0,,,,SRC02188,MEDIUM
IL02968,S0134,INV0003,Accel,,Series B,2015-03-10,,,,5.0,,,,SRC02188,MEDIUM
IL02969,S0134,INV0103,Tiger Global Management,,Series B,2015-03-10,,,lead,5.0,,,,SRC02188,MEDIUM
IL02970,S0134,INV0003,Accel,,Series A,2014-01-12,,,lead,0.8,,,,SRC02188,MEDIUM
IL02971,S0134,INV0003,Accel,,Series A,2014-01-12,,,lead,0.8,,,,SRC02188,MEDIUM
IL02972,S0134,INV0003,Accel,,Seed,2013-10-03,,,lead,1.20822,,,,SRC02187,MEDIUM
IL02973,S0134,INV0003,Accel,,Seed,2013-10-03,,,lead,1.20822,,,,SRC02187,MEDIUM
IL02974,S0134,INV0103,Tiger Global Management,VC,,,,"['Series G', 'Series H']",True,,,,,SRC02173,HIGH
IL02975,S0134,INV0235,Sequoia Capital (Peak XV),VC,,,,['Series H'],True,,,,,SRC02173,HIGH
IL02976,S0134,INV1002,Sapphire Ventures,VC,,,,['Series G'],True,,,,,SRC02174,HIGH
IL02977,S0134,INV0119,Insight Partners,VC,,,,"['Series G', 'Series H']",False,,,,,SRC02174,HIGH
IL02978,S0135,INV0093,Fidelity,,Series H,2021-05-30,,,,277.0,,,,SRC02219,HIGH
IL02979,S0135,INV0036,GIC,,Series H,2021-05-30,,,lead,277.0,,,,SRC02219,HIGH
IL02980,S0135,INV0876,Multiples,,Series H,2021-05-30,,,,277.0,,,,SRC02219,HIGH
IL02981,S0135,INV0029,Tiger Global,,Series H,2021-05-30,,,,277.0,,,,SRC02219,HIGH
IL02982,S0135,INV0199,Nexus,,Series H,2021-05-30,,,,277.0,,,,SRC02219,HIGH
IL02983,S0135,INV0303,Steadview,,Series H,2021-05-30,,,,277.0,,,,SRC02219,HIGH
IL02984,S0135,INV0297,Baillie Gifford,,Series H,2021-05-30,,,,277.0,,,,SRC02219,HIGH
IL02985,S0135,INV1003,Chimera,,Series H,2021-05-30,,,,277.0,,,,SRC02219,HIGH
IL02986,S0135,INV1004,Carlyle,,Series H,2021-05-30,,,,277.0,,,,SRC02219,HIGH
IL02987,S0135,INV0007,SoftBank Vision Fund,,Series H,2021-05-30,,,,277.0,,,,SRC02219,HIGH
IL02988,S0135,INV1005,Times Internet,,Series H,2021-05-30,,,,277.0,,,,SRC02219,HIGH
IL02989,S0135,INV0102,Fidelity Investments,,Series H,2021-05-30,,,lead,277.0,,,,SRC02219,HIGH
IL02990,S0135,INV0036,GIC,,Series H,2021-05-30,,,lead,277.0,,,,SRC02219,HIGH
IL02991,S0135,INV0786,Public shareholders,,IPO,2022-05-11,,,,5235.0,,,,SRC02211,HIGH
IL02992,S0135,INV1006,Delhivery (acquirer),,Acquisition (Spoton),2021-08-25,,,,1600.0,,,,SRC02220,HIGH
IL02993,S0135,INV1006,Delhivery (acquirer),,Acquisition (Ecom Express),2025-04-05,,,,1407.0,,,,SRC02210,HIGH
IL02994,S0135,INV0007,SoftBank Vision Fund,VC/PE,,,,"['Series F', 'Series H']",False,,,,,SRC02225,HIGH
IL02995,S0135,INV0102,Fidelity Investments,Mutual fund,,,,['Series H'],True,,,,,SRC02219,HIGH
IL02996,S0135,INV0048,Nexus Venture Partners,VC,,,,['Series B-H'],False,,,,,SRC02225,HIGH
IL02997,S0136,INV1007,Undisclosed UAE-based industrial investor,,Series D,2025-03-17,,,lead,1000.0,,,,SRC02233,HIGH
IL02998,S0136,INV1007,Undisclosed UAE-based industrial investor,,Series D,2025-03-17,,,lead,1000.0,,,,SRC02233,HIGH
IL02999,S0136,INV1007,Undisclosed UAE-based industrial investor,Corporate/strategic (undisclosed),,,,['Series D'],True,,,,,SRC02233,LOW
IL03000,S0137,INV0233,Sequoia Capital,,Series H,2019-11-04,,,lead,150.0,,,,SRC02239,HIGH
IL03001,S0137,INV1008,CapitalG,,Series H,2019-11-04,,,lead,150.0,,,,SRC02239,HIGH
IL03002,S0137,INV0003,Accel,,Series H,2019-11-04,,,lead,150.0,,,,SRC02239,HIGH
IL03003,S0137,INV0233,Sequoia Capital,,Series H,2019-11-04,,,lead,150.0,,,,SRC02239,HIGH
IL03004,S0137,INV1008,CapitalG,,Series H,2019-11-04,,,lead,150.0,,,,SRC02239,HIGH
IL03005,S0137,INV0003,Accel,,Series H,2019-11-04,,,lead,150.0,,,,SRC02239,HIGH
IL03006,S0137,INV0003,Accel,VC,,,,"['Series A-H', 'IPO backer']",False,,,,,SRC02239,HIGH
IL03007,S0137,INV0233,Sequoia Capital,VC,,,,"['Series H', 'IPO backer']",False,,,,,SRC02240,HIGH
IL03008,S0137,INV1009,CapitalG (Google),CVC,,,,['Series H'],False,,,,,SRC02239,HIGH
IL03009,S0137,INV0029,Tiger Global,VC,,,,['Series C-H'],False,,,,,SRC02243,MEDIUM
IL03010,S0138,INV0750,Peak XV,,Series G,2024-12-15,,,,,,,,SRC02261,MEDIUM
IL03011,S0138,INV1010,Sequoia,,Series G,2024-12-15,,,,,,,,SRC02261,MEDIUM
IL03012,S0138,INV0046,Lightspeed,,Series G,2024-12-15,,,,,,,,SRC02261,MEDIUM
IL03013,S0138,INV0007,SoftBank Vision Fund,,Series G,2024-12-15,,,,,,,,SRC02261,MEDIUM
IL03014,S0138,INV1011,Airbnb,,Series G,2024-12-15,,,,,,,,SRC02261,MEDIUM
IL03015,S0138,INV1012,Grab,,Series G,2024-12-15,,,,,,,,SRC02261,MEDIUM
IL03016,S0138,INV1013,DiDi,,Series G,2024-12-15,,,,,,,,SRC02261,MEDIUM
IL03017,S0138,INV0030,Microsoft,,Series G,2024-12-15,,,,,,,,SRC02261,MEDIUM
IL03018,S0138,INV1014,Khazanah,,Series G,2024-12-15,,,,,,,,SRC02261,MEDIUM
IL03019,S0138,INV1015,Hindustan Media Ventures,,Series G,2024-12-15,,,,,,,,SRC02261,MEDIUM
IL03020,S0138,INV0750,Peak XV,,Series G,2024-12-15,,,,,,,,SRC02261,MEDIUM
IL03021,S0138,INV1010,Sequoia,,Series G,2024-12-15,,,,,,,,SRC02261,MEDIUM
IL03022,S0138,INV0046,Lightspeed,,Series G,2024-12-15,,,,,,,,SRC02261,MEDIUM
IL03023,S0138,INV0007,SoftBank Vision Fund,,Series G,2024-12-15,,,,,,,,SRC02261,MEDIUM
IL03024,S0138,INV1011,Airbnb,,Series G,2024-12-15,,,,,,,,SRC02261,MEDIUM
IL03025,S0138,INV1012,Grab,,Series G,2024-12-15,,,,,,,,SRC02261,MEDIUM
IL03026,S0138,INV1013,DiDi,,Series G,2024-12-15,,,,,,,,SRC02261,MEDIUM
IL03027,S0138,INV0030,Microsoft,,Series G,2024-12-15,,,,,,,,SRC02261,MEDIUM
IL03028,S0138,INV1014,Khazanah,,Series G,2024-12-15,,,,,,,,SRC02261,MEDIUM
IL03029,S0138,INV1015,Hindustan Media Ventures,,Series G,2024-12-15,,,,,,,,SRC02261,MEDIUM
IL03030,S0138,INV1016,Nuvama Wealth,,Secondary,2024-12-13,,,lead,100.0,,,,SRC02262,HIGH
IL03031,S0138,INV1016,Nuvama Wealth,,Secondary,2024-12-13,,,lead,100.0,,,,SRC02262,HIGH
IL03032,S0138,INV0109,InCred,,Equity (Sunday PropTech),2025-09-23,,,lead,50.0,,,,SRC02263,HIGH
IL03033,S0138,INV1017,Analah Capital,,Equity (Sunday PropTech),2025-09-23,,,lead,50.0,,,,SRC02263,HIGH
IL03034,S0138,INV0109,InCred,,Equity (Sunday PropTech),2025-09-23,,,lead,50.0,,,,SRC02263,HIGH
IL03035,S0138,INV1017,Analah Capital,,Equity (Sunday PropTech),2025-09-23,,,lead,50.0,,,,SRC02263,HIGH
IL03036,S0138,INV0109,InCred,,Equity (Sunday PropTech),2025-11-23,,,lead,125.0,,,,SRC02264,HIGH
IL03037,S0138,INV1018,private institutional investors,,Equity (Sunday PropTech),2025-11-23,,,,125.0,,,,SRC02264,HIGH
IL03038,S0138,INV0109,InCred,,Equity (Sunday PropTech),2025-11-23,,,lead,125.0,,,,SRC02264,HIGH
IL03039,S0138,INV1019,Gauri Khan family office,,Equity (Innov8),2025-01-28,,,lead,110.0,,,,SRC02265,HIGH
IL03040,S0138,INV1019,Gauri Khan family office,,Equity (Innov8),2025-01-28,,,lead,110.0,,,,SRC02265,HIGH
IL03041,S0138,INV0007,SoftBank Vision Fund,VC,,,,"['Series C+', 'Series F']",True,,,,,SRC02261,HIGH
IL03042,S0138,INV0040,Peak XV Partners (Sequoia India),VC,,,,"['Seed', 'Series A-G']",False,,,,,SRC02261,HIGH
IL03043,S0138,INV1011,Airbnb,Strategic,,,,"['Series E', 'Series F']",False,,,,,SRC02261,HIGH
IL03044,S0138,INV0030,Microsoft,Strategic,,,,['Series F (2021)'],False,,,,,SRC02261,HIGH
IL03045,S0138,INV0118,Lightspeed Venture Partners,VC,,,,['Seed-Series F'],False,,,,,SRC02261,MEDIUM
IL03046,S0139,INV0066,Alpha Wave Global,,Series G,2021-02-24,,,lead,,,,,SRC02271,MEDIUM
IL03047,S0139,INV1020,Intel,,Series G,2021-02-24,,,,,,,,SRC02271,MEDIUM
IL03048,S0139,INV0007,SoftBank Vision Fund,,Series G,2021-02-24,,,,,,,,SRC02271,MEDIUM
IL03049,S0139,INV1021,Info Edge,,Series G,2021-02-24,,,,,,,,SRC02271,MEDIUM
IL03050,S0139,INV0103,Tiger Global Management,,Series G,2021-02-24,,,,,,,,SRC02271,MEDIUM
IL03051,S0139,INV1022,True North,,Series G,2021-02-24,,,,,,,,SRC02271,MEDIUM
IL03052,S0139,INV0066,Alpha Wave Global,,Series G,2021-02-24,,,lead,,,,,SRC02271,MEDIUM
IL03053,S0139,INV0093,Fidelity,,IPO,2021-11,,,,,,,,SRC02272,HIGH
IL03054,S0139,INV1024,Morgan Stanley,,IPO,2021-11,,,,,,,,SRC02272,HIGH
IL03055,S0139,INV1025,CPPIB,,IPO,2021-11,,,,,,,,SRC02272,HIGH
IL03056,S0139,INV0036,GIC,,IPO,2021-11,,,,,,,,SRC02272,HIGH
IL03057,S0139,INV1023,Public markets,,IPO,2021-11,,,lead,,,,,SRC02272,HIGH
IL03058,S0139,INV0007,SoftBank Vision Fund,VC,,,2019,['Series F'],True,,,,,SRC02271,MEDIUM
IL03059,S0139,INV0103,Tiger Global Management,Hedge Fund,,,2017,['Series E'],False,,,,,SRC02271,MEDIUM
IL03060,S0139,INV1021,Info Edge,Corporate,,,2011,['Series A'],False,,,,,SRC02271,MEDIUM
IL03061,S0140,INV0114,NVIDIA,,Series F,2025-10-22,,,lead,,,,,SRC02275,HIGH
IL03062,S0140,INV1026,AMD,,Series F,2025-10-22,,,lead,,,,,SRC02275,HIGH
IL03063,S0140,INV1027,Snowflake,,Series F,2025-10-22,,,lead,,,,,SRC02275,HIGH
IL03064,S0140,INV1028,Databricks,,Series F,2025-10-22,,,lead,,,,,SRC02275,HIGH
IL03065,S0140,INV1029,NEA,,Series F,2025-10-22,,,lead,,,,,SRC02275,HIGH
IL03066,S0140,INV1030,March Capital,,Series F,2025-10-22,,,lead,,,,,SRC02275,HIGH
IL03067,S0140,INV1031,BNF Capital,,Series F,2025-10-22,,,lead,,,,,SRC02275,HIGH
IL03068,S0140,INV1032,National Grid Partners,,Series F,2025-10-22,,,lead,,,,,SRC02275,HIGH
IL03069,S0140,INV1033,Prosperity7 Ventures,,Series F,2025-10-22,,,lead,,,,,SRC02275,HIGH
IL03070,S0140,INV0114,NVIDIA,,Series F,2025-10-22,,,lead,,,,,SRC02275,HIGH
IL03071,S0140,INV1026,AMD,,Series F,2025-10-22,,,lead,,,,,SRC02275,HIGH
IL03072,S0140,INV1027,Snowflake,,Series F,2025-10-22,,,lead,,,,,SRC02275,HIGH
IL03073,S0140,INV1028,Databricks,,Series F,2025-10-22,,,lead,,,,,SRC02275,HIGH
IL03074,S0140,INV1029,NEA,,Series F,2025-10-22,,,lead,,,,,SRC02275,HIGH
IL03075,S0140,INV1030,March Capital,,Series F,2025-10-22,,,lead,,,,,SRC02275,HIGH
IL03076,S0140,INV1031,BNF Capital,,Series F,2025-10-22,,,lead,,,,,SRC02275,HIGH
IL03077,S0140,INV1032,National Grid Partners,,Series F,2025-10-22,,,lead,,,,,SRC02275,HIGH
IL03078,S0140,INV1033,Prosperity7 Ventures,,Series F,2025-10-22,,,lead,,,,,SRC02275,HIGH
IL03079,S0140,INV1029,NEA,,Series E,2022-02-16,,,lead,,,,,SRC02277,HIGH
IL03080,S0140,INV1030,March Capital,,Series E,2022-02-16,,,,,,,,SRC02277,HIGH
IL03081,S0140,INV1032,National Grid Partners,,Series E,2022-02-16,,,,,,,,SRC02277,HIGH
IL03082,S0140,INV1034,BAM Elevate,,Series E,2022-02-16,,,,,,,,SRC02277,HIGH
IL03083,S0140,INV1035,Sanabil Investments,,Series E,2022-02-16,,,,,,,,SRC02277,HIGH
IL03084,S0140,INV1036,HCL Capital,,Series E,2022-02-16,,,,,,,,SRC02277,HIGH
IL03085,S0140,INV1029,NEA,,Series E,2022-02-16,,,lead,,,,,SRC02277,HIGH
IL03086,S0140,INV1034,BAM Elevate,,Series D,2021-03-31,,,,,,,,SRC02279,MEDIUM
IL03087,S0140,INV1035,Sanabil Investments,,Series D,2021-03-31,,,,,,,,SRC02279,MEDIUM
IL03088,S0140,INV1032,National Grid Partners,,Series D,2021-03-31,,,,,,,,SRC02279,MEDIUM
IL03089,S0140,INV1037,IAN Group,,Series D,2021-03-31,,,,,,,,SRC02279,MEDIUM
IL03090,S0140,INV0051,Unknown,,Series D,2021-03-31,,,lead,,,,,SRC02279,MEDIUM
IL03091,S0140,INV0114,NVIDIA,Corporate / Strategic,,,2025,['Series F'],True,,,,,SRC02275,HIGH
IL03092,S0140,INV1029,NEA,VC,,,2019,"['Series E', 'Series F']",True,,,,,SRC02277,HIGH
IL03093,S0140,INV1030,March Capital,VC,,,2019,"['Series E', 'Series F']",False,,,,,SRC02275,HIGH
IL03094,S0141,INV1038,Kotak Mahindra,,IPO,2025-04-28,,,,,,,,,
IL03095,S0141,INV1024,Morgan Stanley,,IPO,2025-04-28,,,,,,,,,
IL03096,S0141,INV0401,Goldman Sachs,,IPO,2025-04-28,,,,,,,,,
IL03097,S0141,INV0592,JM Financial,,IPO,2025-04-28,,,,,,,,,
IL03098,S0141,INV1023,Public markets,,IPO,2025-04-28,,,lead,,,,,,
IL03099,S0141,INV0074,Prosus Ventures,,Pre-IPO Secondary,2024-09,,,lead,,,,,,
IL03100,S0141,INV1039,Dharana Capital,,Pre-IPO Secondary,2024-09,,,lead,,,,,,
IL03101,S0141,INV0094,Think Investments,,Pre-IPO Secondary,2024-09,,,lead,,,,,,
IL03102,S0141,INV1040,Sanjiv Rangrass,,Pre-IPO Secondary,2024-09,,,,,,,,,
IL03103,S0141,INV1041,SailThru Ventures,,Pre-IPO Secondary,2024-09,,,,,,,,,
IL03104,S0141,INV1042,Sriharsha Majety,,Pre-IPO Secondary,2024-09,,,,,,,,,
IL03105,S0141,INV0074,Prosus Ventures,,Pre-IPO Secondary,2024-09,,,lead,,,,,,
IL03106,S0141,INV1039,Dharana Capital,,Pre-IPO Secondary,2024-09,,,lead,,,,,,
IL03107,S0141,INV0094,Think Investments,,Pre-IPO Secondary,2024-09,,,lead,,,,,,
IL03108,S0142,INV0093,Fidelity,,IPO,2021-07,,,,,,,,SRC02292,HIGH
IL03109,S0142,INV1024,Morgan Stanley,,IPO,2021-07,,,,,,,,SRC02292,HIGH
IL03110,S0142,INV1025,CPPIB,,IPO,2021-07,,,,,,,,SRC02292,HIGH
IL03111,S0142,INV0036,GIC,,IPO,2021-07,,,,,,,,SRC02292,HIGH
IL03112,S0142,INV1021,Info Edge,,IPO,2021-07,,,,,,,,SRC02292,HIGH
IL03113,S0142,INV1023,Public markets,,IPO,2021-07,,,lead,,,,,SRC02292,HIGH
IL03114,S0142,INV1021,Info Edge,,Pre-IPO,2021,,,lead,,,,,SRC02296,MEDIUM
IL03115,S0142,INV0127,Temasek,,Pre-IPO,2021,,,,,,,,SRC02296,MEDIUM
IL03116,S0142,INV0225,Steadview Capital,,Pre-IPO,2021,,,,,,,,SRC02296,MEDIUM
IL03117,S0142,INV0033,Lone Pine Capital,,Pre-IPO,2021,,,,,,,,SRC02296,MEDIUM
IL03118,S0142,INV1021,Info Edge,,Pre-IPO,2021,,,lead,,,,,SRC02296,MEDIUM
IL03119,S0142,INV1021,Info Edge,Corporate,,,2011,"['Series A', 'Pre-IPO']",True,,,,,SRC02292,HIGH
IL03120,S0142,INV0127,Temasek,Sovereign Wealth Fund,,,2021,['Pre-IPO'],False,,,,,SRC02292,MEDIUM
IL03121,S0142,INV0103,Tiger Global Management,Hedge Fund,,,2015,"['Series D', 'Series E']",False,,,,,SRC02292,MEDIUM
IL03122,S0143,INV0056,Z47,,Seed,2023-12-19,,,lead,,,,,SRC02299,HIGH
IL03123,S0143,INV0118,Lightspeed Venture Partners,,Seed,2023-12-19,,,lead,,,,,SRC02299,HIGH
IL03124,S0143,INV0056,Z47,,Seed,2023-12-19,,,lead,,,,,SRC02299,HIGH
IL03125,S0143,INV0118,Lightspeed Venture Partners,,Seed,2023-12-19,,,lead,,,,,SRC02299,HIGH
IL03126,S0143,INV0056,Z47,,Seed,2024-04-18,,,lead,,,,,SRC02299,HIGH
IL03127,S0143,INV0118,Lightspeed Venture Partners,,Seed,2024-04-18,,,lead,,,,,SRC02299,HIGH
IL03128,S0143,INV0056,Z47,,Seed,2024-04-18,,,lead,,,,,SRC02299,HIGH
IL03129,S0143,INV0118,Lightspeed Venture Partners,,Seed,2024-04-18,,,lead,,,,,SRC02299,HIGH
IL03130,S0143,INV0056,Z47,,Pre-Series A,2025-04-23,,,lead,,,,,SRC02298,HIGH
IL03131,S0143,INV0118,Lightspeed Venture Partners,,Pre-Series A,2025-04-23,,,lead,,,,,SRC02298,HIGH
IL03132,S0143,INV0056,Z47,,Pre-Series A,2025-04-23,,,lead,,,,,SRC02298,HIGH
IL03133,S0143,INV0118,Lightspeed Venture Partners,,Pre-Series A,2025-04-23,,,lead,,,,,SRC02298,HIGH
IL03134,S0143,INV0013,Premji Invest,,Series A,2026-01-14,,,lead,,,,,SRC02298,HIGH
IL03135,S0143,INV0118,Lightspeed Venture Partners,,Series A,2026-01-14,,,,,,,,SRC02298,HIGH
IL03136,S0143,INV0056,Z47,,Series A,2026-01-14,,,,,,,,SRC02298,HIGH
IL03137,S0143,INV0013,Premji Invest,,Series A,2026-01-14,,,lead,,,,,SRC02298,HIGH
IL03138,S0143,INV0013,Premji Invest,PE / Family Office,,,2026,['Series A'],True,,30000000,,,SRC02298,HIGH
IL03139,S0143,INV0118,Lightspeed Venture Partners,VC,,,2023,"['Seed', 'Pre-Series A', 'Series A']",False,,,,,SRC02299,HIGH
IL03140,S0143,INV0056,Z47,VC,,,2023,"['Seed', 'Pre-Series A', 'Series A']",False,,,,,SRC02299,HIGH
IL03141,S0144,INV0003,Accel,,Seed,2023-02-23,,,,20.0,,,,SRC02304,
IL03142,S0144,INV0074,Prosus Ventures,,Seed,2023-02-23,,,,20.0,,,,SRC02304,
IL03143,S0144,INV0862,Courtside Ventures,,Seed,2023-02-23,,,,20.0,,,,SRC02304,
IL03144,S0144,INV0048,Nexus Venture Partners,,Seed,2023-02-23,,,,20.0,,,,SRC02304,
IL03145,S0144,INV1043,Nazara,,Seed,2023-02-23,,,,20.0,,,,SRC02304,
IL03146,S0144,INV1044,Aptos Labs,,Ecosystem,2024-11-20,,,lead,10.0,,,,SRC02304,
IL03147,S0144,INV1045,Polygon,,Ecosystem,2024-11-20,,,,10.0,,,,SRC02304,
IL03148,S0144,INV1046,Game7,,Ecosystem,2024-11-20,,,,10.0,,,,SRC02304,
IL03149,S0144,INV1044,Aptos Labs,,Ecosystem,2024-11-20,,,lead,10.0,,,,SRC02304,
IL03150,S0144,INV1047,Jump Crypto,,Strategic,2025-09-30,,,lead,13.5,,,,SRC02305,
IL03151,S0144,INV0003,Accel,,Strategic,2025-09-30,,,lead,13.5,,,,SRC02305,
IL03152,S0144,INV0074,Prosus Ventures,,Strategic,2025-09-30,,,lead,13.5,,,,SRC02305,
IL03153,S0144,INV1047,Jump Crypto,,Strategic,2025-09-30,,,lead,13.5,,,,SRC02305,
IL03154,S0144,INV0003,Accel,,Strategic,2025-09-30,,,lead,13.5,,,,SRC02305,
IL03155,S0144,INV0074,Prosus Ventures,,Strategic,2025-09-30,,,lead,13.5,,,,SRC02305,
IL03156,S0144,INV0003,Accel,,Seed,2023-02-23,,,lead,4.909074,,,,SRC02309,MEDIUM
IL03157,S0144,INV0142,Prosus,,Seed,2023-02-23,,,,4.909074,,,,SRC02309,MEDIUM
IL03158,S0144,INV0048,Nexus Venture Partners,,Seed,2023-02-23,,,,4.909074,,,,SRC02309,MEDIUM
IL03159,S0144,INV0862,Courtside Ventures,,Seed,2023-02-23,,,,4.909074,,,,SRC02309,MEDIUM
IL03160,S0144,INV0003,Accel,,Seed,2023-02-23,,,lead,4.909074,,,,SRC02309,MEDIUM
IL03161,S0144,INV1044,Aptos Labs,,Seed,2024-11-20,,,lead,1.628864,,,,SRC02304,MEDIUM
IL03162,S0144,INV1045,Polygon,,Seed,2024-11-20,,,,1.628864,,,,SRC02304,MEDIUM
IL03163,S0144,INV1046,Game7,,Seed,2024-11-20,,,,1.628864,,,,SRC02304,MEDIUM
IL03164,S0144,INV1044,Aptos Labs,,Seed,2024-11-20,,,lead,1.628864,,,,SRC02304,MEDIUM
IL03165,S0144,INV1048,Aptos,,Seed,2024-11-28,,,,0.95,,,,SRC02315,MEDIUM
IL03166,S0144,INV1045,Polygon,,Seed,2024-11-28,,,,0.95,,,,SRC02315,MEDIUM
IL03167,S0144,INV1046,Game7,,Seed,2024-11-28,,,,0.95,,,,SRC02315,MEDIUM
IL03168,S0144,INV1047,Jump Crypto,,Series A,2025-09-30,,,lead,13.5,,,,SRC02305,HIGH
IL03169,S0144,INV0003,Accel,,Series A,2025-09-30,,,lead,13.5,,,,SRC02305,HIGH
IL03170,S0144,INV0074,Prosus Ventures,,Series A,2025-09-30,,,lead,13.5,,,,SRC02305,HIGH
IL03171,S0144,INV1047,Jump Crypto,,Series A,2025-09-30,,,lead,13.5,,,,SRC02305,HIGH
IL03172,S0144,INV0003,Accel,,Series A,2025-09-30,,,lead,13.5,,,,SRC02305,HIGH
IL03173,S0144,INV0074,Prosus Ventures,,Series A,2025-09-30,,,lead,13.5,,,,SRC02305,HIGH
IL03174,S0144,INV1047,Jump Crypto,,,,,['2025 strategic'],True,,,,,SRC02305,
IL03175,S0144,INV0003,Accel,,,,,"['2023 seed', '2025 strategic']",True,,,,,SRC02306,
IL03176,S0144,INV0074,Prosus Ventures,,,,,"['2023 seed', '2025 strategic']",True,,,,,SRC02305,
IL03177,S0144,INV1044,Aptos Labs,,,,,['2024 ecosystem'],True,,,,,SRC02304,
IL03178,S0145,INV0121,Elevation Capital,,Seed,2023-03-01,,,,3.0,,,,SRC02326,
IL03179,S0145,INV0118,Lightspeed Venture Partners,,Series A,2024-12-01,,,lead,8.0,,,,SRC02326,
IL03180,S0145,INV0118,Lightspeed Venture Partners,,Series A,2024-12-01,,,lead,8.0,,,,SRC02326,
IL03181,S0145,INV0112,Bessemer Venture Partners,,Series B,2025-09-03,,,lead,28.0,,,,SRC02326,
IL03182,S0145,INV1049,Goodwater Capital,,Series B,2025-09-03,,,,28.0,,,,SRC02326,
IL03183,S0145,INV0118,Lightspeed Venture Partners,,Series B,2025-09-03,,,,28.0,,,,SRC02326,
IL03184,S0145,INV0121,Elevation Capital,,Series B,2025-09-03,,,,28.0,,,,SRC02326,
IL03185,S0145,INV0112,Bessemer Venture Partners,,Series B,2025-09-03,,,lead,28.0,,,,SRC02326,
IL03186,S0145,INV0112,Bessemer Venture Partners,,,,,['Series B 2025'],True,,,,,SRC02326,
IL03187,S0145,INV0118,Lightspeed Venture Partners,,,,,"['Series A 2024', 'Series B 2025']",True,,,,,SRC02326,
IL03188,S0145,INV0121,Elevation Capital,,,,,"['Seed 2023', 'Series B 2025']",True,,,,,SRC02326,
IL03189,S0145,INV1049,Goodwater Capital,,,,,['Series B 2025'],False,,,,,SRC02326,
IL03190,S0146,INV1050,Capital 2B,,Series A,2025-05-12,,,lead,12.0,,,,SRC02346,
IL03191,S0146,INV1051,Shastra VC,,Series A,2025-05-12,,,lead,12.0,,,,SRC02346,
IL03192,S0146,INV1052,Kotak Life Sciences Fund I,,Series A,2025-05-12,,,lead,12.0,,,,SRC02346,
IL03193,S0146,INV0528,IvyCap Ventures,,Series A,2025-05-12,,,,12.0,,,,SRC02346,
IL03194,S0146,INV1053,1Crowd,,Series A,2025-05-12,,,,12.0,,,,SRC02346,
IL03195,S0146,INV1050,Capital 2B,,Series A,2025-05-12,,,lead,12.0,,,,SRC02346,
IL03196,S0146,INV1051,Shastra VC,,Series A,2025-05-12,,,lead,12.0,,,,SRC02346,
IL03197,S0146,INV1052,Kotak Life Sciences Fund I,,Series A,2025-05-12,,,lead,12.0,,,,SRC02346,
IL03198,S0146,INV1054,The Chennai Angels,,Seed,2022-07-15,,,lead,,,,,SRC02355,MEDIUM
IL03199,S0146,INV1054,The Chennai Angels,,Seed,2022-07-15,,,lead,,,,,SRC02355,MEDIUM
IL03200,S0146,INV1050,Capital 2B,,Series A,2025-05-12,,,lead,,,,,SRC02346,HIGH
IL03201,S0146,INV1051,Shastra VC,,Series A,2025-05-12,,,lead,,,,,SRC02346,HIGH
IL03202,S0146,INV1052,Kotak Life Sciences Fund I,,Series A,2025-05-12,,,lead,,,,,SRC02346,HIGH
IL03203,S0146,INV0528,IvyCap Ventures,,Series A,2025-05-12,,,,,,,,SRC02346,HIGH
IL03204,S0146,INV1053,1Crowd,,Series A,2025-05-12,,,,,,,,SRC02346,HIGH
IL03205,S0146,INV1050,Capital 2B,,Series A,2025-05-12,,,lead,,,,,SRC02346,HIGH
IL03206,S0146,INV1051,Shastra VC,,Series A,2025-05-12,,,lead,,,,,SRC02346,HIGH
IL03207,S0146,INV1052,Kotak Life Sciences Fund I,,Series A,2025-05-12,,,lead,,,,,SRC02346,HIGH
IL03208,S0146,INV1050,Capital 2B,,,,,['Series A 2025'],True,,,,,SRC02346,
IL03209,S0146,INV1051,Shastra VC,,,,,['Series A 2025'],True,,,,,SRC02346,
IL03210,S0146,INV1052,Kotak Life Sciences Fund I,,,,,['Series A 2025'],True,,,,,SRC02346,
IL03211,S0146,INV0528,IvyCap Ventures,,,,,['Series A 2025'],False,,,,,SRC02347,
IL03212,S0147,INV0171,Chiratae Ventures,,Seed,2021-09-14,,,,4.6,,,,SRC02365,
IL03213,S0147,INV0668,3one4 Capital,,Seed,2021-09-14,,,,4.6,,,,SRC02365,
IL03214,S0147,INV1055,Omidyar Network India,,Seed,2021-09-14,,,,4.6,,,,SRC02365,
IL03215,S0147,INV1056,Orios Venture Partners,,Series A,2025-04-30,,,lead,12.0,,,,SRC02362,
IL03216,S0147,INV0668,3one4 Capital,,Series A,2025-04-30,,,lead,12.0,,,,SRC02362,
IL03217,S0147,INV1057,Enzia Ventures,,Series A,2025-04-30,,,,12.0,,,,SRC02362,
IL03218,S0147,INV1058,ITI Growth Opportunities Fund,,Series A,2025-04-30,,,,12.0,,,,SRC02362,
IL03219,S0147,INV0171,Chiratae Ventures,,Series A,2025-04-30,,,,12.0,,,,SRC02362,
IL03220,S0147,INV1055,Omidyar Network India,,Series A,2025-04-30,,,,12.0,,,,SRC02362,
IL03221,S0147,INV1056,Orios Venture Partners,,Series A,2025-04-30,,,lead,12.0,,,,SRC02362,
IL03222,S0147,INV0668,3one4 Capital,,Series A,2025-04-30,,,lead,12.0,,,,SRC02362,
IL03223,S0147,INV1056,Orios Venture Partners,,,,,['Series A 2025'],True,,,,,SRC02362,
IL03224,S0147,INV0668,3one4 Capital,,,,,"['Seed 2021', 'Series A 2025']",True,,,,,SRC02362,
IL03225,S0147,INV0171,Chiratae Ventures,,,,,"['Seed 2021', 'Series A 2025']",False,,,,,SRC02363,
IL03226,S0147,INV1055,Omidyar Network India,,,,,"['Seed 2021', 'Series A 2025']",False,,,,,SRC02363,
IL03227,S0148,INV1059,Jungle Ventures (First Cheque),,Seed,2025-07-22,,,,5.0,,,,SRC02368,
IL03228,S0148,INV0184,Fireside Ventures,,Seed,2025-07-22,,,lead,5.0,,,,SRC02368,
IL03229,S0148,INV0404,Jungle Ventures,,Seed,2025-07-22,,,lead,5.0,,,,SRC02368,
IL03230,S0148,INV0184,Fireside Ventures,,Seed,2025-07-22,,,lead,5.0,,,,SRC02368,
IL03231,S0148,INV0404,Jungle Ventures,,Series A,2026-01-22,,,lead,25.0,,,,SRC02369,
IL03232,S0148,INV0184,Fireside Ventures,,Series A,2026-01-22,,,,25.0,,,,SRC02369,
IL03233,S0148,INV0116,IndiGo Ventures,,Series A,2026-01-22,,,,25.0,,,,SRC02369,
IL03234,S0148,INV0404,Jungle Ventures,,Series A,2026-01-22,,,lead,25.0,,,,SRC02369,
IL03235,S0148,INV0404,Jungle Ventures,,,,,"['Seed 2025', 'Series A 2026']",True,,,,,SRC02369,
IL03236,S0148,INV0184,Fireside Ventures,,,,,"['Seed 2025', 'Series A 2026']",True,,,,,SRC02368,
IL03237,S0148,INV0116,IndiGo Ventures,,,,,['Series A 2026'],False,,,,,SRC02369,
IL03238,S0149,INV1060,Fullerton Financial Holdings,,Series E3,"Mar 27, 2025",,,lead,29.5,,,,SRC02386,HIGH
IL03239,S0149,INV0740,Bertelsmann,,Series E3,"Mar 27, 2025",,,,29.5,,,,SRC02386,HIGH
IL03240,S0149,INV0732,Mayfield India,,Series E3,"Mar 27, 2025",,,,29.5,,,,SRC02386,HIGH
IL03241,S0149,INV1061,Saama Capital,,Series E3,"Mar 27, 2025",,,,29.5,,,,SRC02386,HIGH
IL03242,S0149,INV1060,Fullerton Financial Holdings,,Series E3,"Mar 27, 2025",,,lead,29.5,,,,SRC02386,HIGH
IL03243,S0149,INV0381,InnoVen Capital,,Venture Debt,"May 27, 2025",,,lead,11.7,,,,SRC02392,MEDIUM
IL03244,S0149,INV0381,InnoVen Capital,,Venture Debt,"May 27, 2025",,,lead,11.7,,,,SRC02392,MEDIUM
IL03245,S0149,INV1060,Fullerton Financial Holdings,,Series D (multiple tranches),Oct 2024 - Jan 2025,,,lead,,,,,SRC02393,HIGH
IL03246,S0149,INV0293,Stride Ventures,,Series D (multiple tranches),Oct 2024 - Jan 2025,,,,,,,,SRC02393,HIGH
IL03247,S0149,INV1062,BlueOrchard Finance,,Series D (multiple tranches),Oct 2024 - Jan 2025,,,,,,,,SRC02393,HIGH
IL03248,S0149,INV1060,Fullerton Financial Holdings,,Series D (multiple tranches),Oct 2024 - Jan 2025,,,lead,,,,,SRC02393,HIGH
IL03249,S0149,INV1060,"{'v': 'Fullerton Financial Holdings', 'src': 'Tracxn, ET'}","{'v': 'PE/Buyout (Temasek subsidiary)', 'src': 'Tracxn'}",,,"{'v': '2019', 'src': 'Tracxn'}","['Series E3', 'Multiple debt rounds']","{'v': 'Yes', 'src': 'Inc42'}",,"{'v': 'Rs 1,484Cr cumulative equity infusion', 'src': 'Infomerics'}","{'v': 'Majority control (77% stake)', 'src': 'Infomerics'}",,SRC02389,HIGH
IL03250,S0149,INV0709,"{'v': 'Bertelsmann India Investments', 'src': 'Tracxn'}","{'v': 'Corporate VC', 'src': 'Tracxn'}",,,"{'v': '2015', 'src': 'Tracxn'}",['Multiple'],"{'v': 'No', 'src': 'Tracxn'}",,{},{},,SRC02391,MEDIUM
IL03251,S0149,INV0732,"{'v': 'Mayfield India', 'src': 'Tracxn'}","{'v': 'VC', 'src': 'Tracxn'}",,,"{'v': '2015', 'src': 'Tracxn'}",['Multiple'],"{'v': 'No', 'src': 'Tracxn'}",,,,,SRC02391,MEDIUM
IL03252,S0149,INV0470,"{'v': 'India Quotient', 'src': 'Tracxn'}","{'v': 'Angel/VC', 'src': 'Tracxn'}",,,"{'v': '2015', 'src': 'Tracxn'}","['Seed, Series A']","{'v': 'No', 'src': 'Tracxn'}",,,,,SRC02391,MEDIUM
IL03253,S0150,INV0042,General Catalyst,,Seed,"May 08, 2025",,,lead,218.0,,,,SRC02396,HIGH
IL03254,S0150,INV1063,PB Fintech,,Seed,"May 08, 2025",,,,218.0,,,,SRC02396,HIGH
IL03255,S0150,INV0094,Think Investments,,Seed,"May 08, 2025",,,,218.0,,,,SRC02396,HIGH
IL03256,S0150,INV0905,Faering Capital,,Seed,"May 08, 2025",,,,218.0,,,,SRC02396,HIGH
IL03257,S0150,INV1064,Carvesta Partners,,Seed,"May 08, 2025",,,,218.0,,,,SRC02396,HIGH
IL03258,S0150,INV1065,ENAM Holdings,,Seed,"May 08, 2025",,,,218.0,,,,SRC02396,HIGH
IL03259,S0150,INV0042,General Catalyst,,Seed,"May 08, 2025",,,lead,218.0,,,,SRC02396,HIGH
IL03260,S0150,INV1063,PB Fintech,,Seed (extension),"Jun 30, 2026",,,lead,5394.0,,,,SRC02402,HIGH
IL03261,S0150,INV1063,PB Fintech,,Seed (extension),"Jun 30, 2026",,,lead,5394.0,,,,SRC02402,HIGH
IL03262,S0150,INV0042,"{'v': 'General Catalyst', 'src': 'Entrackr'}","{'v': 'VC', 'src': 'Tracxn'}",,,"{'v': 'May 2025', 'src': 'Entrackr'}",['Seed'],"{'v': 'Yes', 'src': 'Entrackr'}",,"{'v': '$50M (Rs 435Cr)', 'src': 'Entrackr'}",{},,SRC02396,HIGH
IL03263,S0150,INV1063,"{'v': 'PB Fintech', 'src': 'Entrackr, Business Upturn'}","{'v': 'Parent company', 'src': 'Tracxn'}",,,"{'v': '2025', 'src': 'Entrackr'}","['Seed', 'Seed extension']","{'v': 'No', 'src': 'Tracxn'}",,"{'v': 'Rs 539.4Cr', 'src': 'Business Upturn'}",{},,SRC02402,HIGH
IL03264,S0150,INV0094,"{'v': 'Think Investments', 'src': 'Entrackr'}","{'v': 'Investment firm', 'src': 'Entrackr'}",,,"{'v': 'May 2025', 'src': 'Entrackr'}",['Seed'],"{'v': 'No', 'src': 'Entrackr'}",,"{'v': 'Rs 235Cr ($27M)', 'src': 'Entrackr'}",{},,SRC02396,HIGH
IL03265,S0150,INV0905,"{'v': 'Faering Capital', 'src': 'Entrackr'}","{'v': 'PE', 'src': 'Entrackr'}",,,"{'v': 'May 2025', 'src': 'Entrackr'}",['Seed'],"{'v': 'No', 'src': 'Entrackr'}",,"{'v': 'Rs 217.5Cr ($25M)', 'src': 'Entrackr'}",{},,SRC02396,HIGH
IL03266,S0151,INV1066,Dharmendra Ghai,,Series A,"Dec 02, 2025",,,lead,7.2,,,,SRC02404,HIGH
IL03267,S0151,INV1066,Dharmendra Ghai,,Series A,"Dec 02, 2025",,,lead,7.2,,,,SRC02404,HIGH
IL03268,S0151,INV1066,"{'v': 'Dharmendra Ghai', 'src': 'Tracxn, LinkedIn'}","{'v': 'Angel Investor', 'src': 'Tracxn'}",,,"{'v': '2024', 'src': 'Tracxn'}","['Series A', 'Angel']","{'v': 'Yes', 'src': 'Tracxn'}",,{},{},,SRC02404,HIGH
IL03269,S0151,INV1067,"{'v': 'Zinia Lawyer', 'src': 'Tofler'}","{'v': 'Director/Angel', 'src': 'Tofler'}",,,"{'v': '2022', 'src': 'Tofler'}",,"{'v': 'No', 'src': 'Tofler'}",,,,,SRC02405,MEDIUM
IL03270,S0152,INV0037,Peak XV Partners,,Series A (extension),"May 27, 2026",,,lead,16.7,,,,SRC02412,HIGH
IL03271,S0152,INV0809,TDK Ventures,,Series A (extension),"May 27, 2026",,,lead,16.7,,,,SRC02412,HIGH
IL03272,S0152,INV1068,Yali Capital,,Series A (extension),"May 27, 2026",,,,16.7,,,,SRC02412,HIGH
IL03273,S0152,INV0037,Peak XV Partners,,Series A (extension),"May 27, 2026",,,lead,16.7,,,,SRC02412,HIGH
IL03274,S0152,INV0809,TDK Ventures,,Series A (extension),"May 27, 2026",,,lead,16.7,,,,SRC02412,HIGH
IL03275,S0152,INV0037,Peak XV Partners,,Series A,Feb 2026,,,lead,15.0,,,,SRC02413,HIGH
IL03276,S0152,INV1068,Yali Capital,,Series A,Feb 2026,,,,15.0,,,,SRC02413,HIGH
IL03277,S0152,INV0809,TDK Ventures,,Series A,Feb 2026,,,,15.0,,,,SRC02413,HIGH
IL03278,S0152,INV0037,Peak XV Partners,,Series A,Feb 2026,,,lead,15.0,,,,SRC02413,HIGH
IL03279,S0152,INV1068,Yali Capital,,Seed,Nov 2024,,,lead,4.0,,,,SRC02412,HIGH
IL03280,S0152,INV1068,Yali Capital,,Seed,Nov 2024,,,lead,4.0,,,,SRC02412,HIGH
IL03281,S0152,INV0037,"{'v': 'Peak XV Partners', 'src': 'LinkedIn, Entrackr'}","{'v': 'VC', 'src': 'Tracxn'}",,,"{'v': 'Feb 2026', 'src': 'LinkedIn'}",['Series A'],"{'v': 'Yes', 'src': 'LinkedIn'}",,"{'v': '$15M+', 'src': 'LinkedIn'}",{},,SRC02413,HIGH
IL03282,S0152,INV0809,"{'v': 'TDK Ventures', 'src': 'TDK Ventures, Entrackr'}","{'v': 'Corporate VC', 'src': 'Tracxn'}",,,"{'v': 'May 2026', 'src': 'TDK Ventures'}",['Series A extension'],"{'v': 'No', 'src': 'Tracxn'}",,"{'v': '$1.7M (extension)', 'src': 'Entrackr'}",{},,SRC02417,HIGH
IL03283,S0152,INV1068,"{'v': 'Yali Capital', 'src': 'Tracxn, LinkedIn'}","{'v': 'Deeptech VC', 'src': 'Tracxn'}",,,"{'v': 'Nov 2024', 'src': 'LinkedIn'}","['Seed', 'Series A']","{'v': 'Yes (Seed)', 'src': 'LinkedIn'}",,"{'v': '$4M (Seed)', 'src': 'LinkedIn'}","{'v': 'Board seat (Ganapathy Subramanyam, Founding Managing Partner)', 'src': 'Sahyadri Startups'}",,SRC02413,HIGH
IL03284,S0153,INV1069,Pavestone Capital,,Series A,"Nov 05, 2024",,,lead,10.0,,,,SRC02420,HIGH
IL03285,S0153,INV0489,Athera Venture Partners,,Series A,"Nov 05, 2024",,,lead,10.0,,,,SRC02420,HIGH
IL03286,S0153,INV0815,Speciale Invest,,Series A,"Nov 05, 2024",,,,10.0,,,,SRC02420,HIGH
IL03287,S0153,INV1070,Arali Ventures,,Series A,"Nov 05, 2024",,,,10.0,,,,SRC02420,HIGH
IL03288,S0153,INV1071,InfoEdge (Redstart Labs),,Series A,"Nov 05, 2024",,,,10.0,,,,SRC02420,HIGH
IL03289,S0153,INV1069,Pavestone Capital,,Series A,"Nov 05, 2024",,,lead,10.0,,,,SRC02420,HIGH
IL03290,S0153,INV0489,Athera Venture Partners,,Series A,"Nov 05, 2024",,,lead,10.0,,,,SRC02420,HIGH
IL03291,S0153,INV0815,Speciale Invest,,Pre-Series A,"Apr 05, 2022",,,lead,4.5,,,,SRC02423,HIGH
IL03292,S0153,INV1072,growX Ventures,,Pre-Series A,"Apr 05, 2022",,,lead,4.5,,,,SRC02423,HIGH
IL03293,S0153,INV0149,Anicut Capital,,Pre-Series A,"Apr 05, 2022",,,,4.5,,,,SRC02423,HIGH
IL03294,S0153,INV1021,Infoedge,,Pre-Series A,"Apr 05, 2022",,,,4.5,,,,SRC02423,HIGH
IL03295,S0153,INV1073,Java Capital,,Pre-Series A,"Apr 05, 2022",,,,4.5,,,,SRC02423,HIGH
IL03296,S0153,INV0792,Venture Catalysts,,Pre-Series A,"Apr 05, 2022",,,,4.5,,,,SRC02423,HIGH
IL03297,S0153,INV1070,Arali Ventures,,Pre-Series A,"Apr 05, 2022",,,,4.5,,,,SRC02423,HIGH
IL03298,S0153,INV0815,Speciale Invest,,Pre-Series A,"Apr 05, 2022",,,lead,4.5,,,,SRC02423,HIGH
IL03299,S0153,INV1072,growX Ventures,,Pre-Series A,"Apr 05, 2022",,,lead,4.5,,,,SRC02423,HIGH
IL03300,S0153,INV0815,Speciale Invest,,Seed,"Aug 06, 2019",,,lead,0.775,,,,SRC02424,HIGH
IL03301,S0153,INV1070,Arali Ventures,,Seed,"Aug 06, 2019",,,lead,0.775,,,,SRC02424,HIGH
IL03302,S0153,INV0815,Speciale Invest,,Seed,"Aug 06, 2019",,,lead,0.775,,,,SRC02424,HIGH
IL03303,S0153,INV1070,Arali Ventures,,Seed,"Aug 06, 2019",,,lead,0.775,,,,SRC02424,HIGH
IL03304,S0153,INV1074,Applied Startup Technology and Research Accelerator,,Incubator/Accelerator,2021-04-08,,,lead,,,,,SRC02431,MEDIUM
IL03305,S0153,INV1074,Applied Startup Technology and Research Accelerator,,Incubator/Accelerator,2021-04-08,,,lead,,,,,SRC02431,MEDIUM
IL03306,S0153,INV1069,"{'v': 'Pavestone Capital', 'src': 'Tracxn, LinkedIn'}","{'v': 'VC', 'src': 'Tracxn'}",,,"{'v': '2024', 'src': 'Tracxn'}",['Series A'],"{'v': 'Yes', 'src': 'LinkedIn'}",,{},{},,SRC02420,HIGH
IL03307,S0153,INV0489,"{'v': 'Athera Venture Partners', 'src': 'Tracxn, LinkedIn'}","{'v': 'VC', 'src': 'Tracxn'}",,,"{'v': '2024', 'src': 'Tracxn'}",['Series A'],"{'v': 'Yes', 'src': 'LinkedIn'}",,{},{},,SRC02420,HIGH
IL03308,S0153,INV0815,"{'v': 'Speciale Invest', 'src': 'Tracxn, LinkedIn'}","{'v': 'VC', 'src': 'Tracxn'}",,,"{'v': '2019', 'src': 'Tracxn'}","['Seed', 'Pre-Series A']","{'v': 'Yes (Seed)', 'src': 'BusinessToday'}",,{},{},,SRC02424,HIGH
IL03309,S0153,INV1071,"{'v': 'InfoEdge (Redstart Labs)', 'src': 'Tracxn, LinkedIn'}","{'v': 'Corporate VC', 'src': 'Tracxn'}",,,"{'v': '2022', 'src': 'Tracxn'}",['Pre-Series A'],"{'v': 'No', 'src': 'Tracxn'}",,,,,SRC02420,HIGH
IL03310,S0153,INV1072,"{'v': 'growX Ventures', 'src': 'Tracxn'}","{'v': 'VC', 'src': 'Tracxn'}",,,"{'v': '2022', 'src': 'Tracxn'}",['Pre-Series A'],"{'v': 'Yes', 'src': 'BL'}",,{},{},,SRC02423,HIGH
IL03311,S0154,INV0121,Elevation Capital,,Seed,Jun 28 2022,,,lead,5.2,,,,SRC02454,HIGH
IL03312,S0154,INV1075,Eximius Ventures,,Seed,Jun 28 2022,,,,5.2,,,,SRC02454,HIGH
IL03313,S0154,INV0121,Elevation Capital,,Seed,Jun 28 2022,,,lead,5.2,,,,SRC02454,HIGH
IL03314,S0154,INV0121,Elevation Capital,,Seed VC - II (Pre-Series A),Aug 13 2024,,,lead,5.0,,,,SRC02455,HIGH
IL03315,S0154,INV0121,Elevation Capital,,Seed VC - II (Pre-Series A),Aug 13 2024,,,lead,5.0,,,,SRC02455,HIGH
IL03316,S0154,INV1076,Susquehanna Asia Venture Capital,,Series A,Dec 10 2025,,,lead,10.0,,,,SRC02443,HIGH
IL03317,S0154,INV0121,Elevation Capital,,Series A,Dec 10 2025,,,,10.0,,,,SRC02443,HIGH
IL03318,S0154,INV1075,Eximius Ventures,,Series A,Dec 10 2025,,,,10.0,,,,SRC02443,HIGH
IL03319,S0154,INV1076,Susquehanna Asia Venture Capital,,Series A,Dec 10 2025,,,lead,10.0,,,,SRC02443,HIGH
IL03320,S0154,INV0121,Elevation Capital,,Pre-Series A,2024-08-13,,,lead,5.0,,,,SRC02455,HIGH
IL03321,S0154,INV0121,Elevation Capital,,Pre-Series A,2024-08-13,,,lead,5.0,,,,SRC02455,HIGH
IL03322,S0154,INV1076,Susquehanna Asia Venture Capital,,Series A (Tracxn variant),2025-12-10,,,lead,5.72,,,,SRC02446,MEDIUM
IL03323,S0154,INV1076,Susquehanna Asia Venture Capital,,Series A (Tracxn variant),2025-12-10,,,lead,5.72,,,,SRC02446,MEDIUM
IL03324,S0154,INV1076,Susquehanna Asia Venture Capital,VC,,,Dec 2025,['Series A'],True,,$7M+,,,SRC02444,HIGH
IL03325,S0154,INV0121,Elevation Capital,VC,,,Jun 2022,"['Seed', 'Pre-Series A', 'Series A']",False,,,,,SRC02454,HIGH
IL03326,S0154,INV1075,Eximius Ventures,Angel/VC,,,Jun 2022,['Seed'],False,,,,,SRC02446,MEDIUM
IL03327,S0155,INV1077,Asian Development Bank,,Series A,Mar 17 2021,,,,4.1,,,,SRC02464,MEDIUM
IL03328,S0155,INV1078,Sangam Ventures,,Series A,Mar 17 2021,,,,4.1,,,,SRC02464,MEDIUM
IL03329,S0155,INV1080,IFU,,Debt,Feb 29 2024,,,,8.0,,,,SRC02466,HIGH
IL03330,S0155,INV1079,IFU (Denmark),,Debt,Feb 29 2024,,,lead,8.0,,,,SRC02466,HIGH
IL03331,S0155,INV1081,SVL SME Neev II Fund (SBI Ventures),,Series B,Nov 28 2025,,,lead,10.0,,,,SRC02461,HIGH
IL03332,S0155,INV1082,Waaree Renewable Technologies,,Series B,Nov 28 2025,,,,10.0,,,,SRC02461,HIGH
IL03333,S0155,INV1083,Spectrum Impact,,Series B,Nov 28 2025,,,,10.0,,,,SRC02461,HIGH
IL03334,S0155,INV1081,SVL SME Neev II Fund (SBI Ventures),,Series B,Nov 28 2025,,,lead,10.0,,,,SRC02461,HIGH
IL03335,S0155,INV1081,SVL SME Neev II Fund (SBI Ventures),PE/VC,,,Nov 2025,['Series B'],True,,$10M round,,,SRC02461,HIGH
IL03336,S0155,INV1082,Waaree Renewable Technologies,Corporation,,,Nov 2025,['Series B'],False,,,,,SRC02461,HIGH
IL03337,S0155,INV1083,Spectrum Impact,Family Office,,,Nov 2025,['Series B'],False,,,,,SRC02469,HIGH
IL03338,S0155,INV1077,Asian Development Bank,Multilateral,,,2020,"['Seed', 'Series A']",False,,,,,SRC02465,MEDIUM
IL03339,S0155,INV1079,IFU (Denmark),Impact Fund,,,Feb 2024,['Debt'],True,,$8M,,,SRC02466,HIGH
IL03340,S0156,INV1086,Ashish Kacholia,,Series A,Feb 18 2026,,,,10.0,,,,SRC00059,HIGH
IL03341,S0156,INV1085,Unicorn India Ventures,,Series A,Feb 18 2026,,,lead,10.0,,,,SRC00059,HIGH
IL03342,S0156,INV0909,Roots Ventures,,Series A,Feb 18 2026,,,,10.0,,,,SRC00059,HIGH
IL03343,S0156,INV1087,Caperize Fina,,Series A,Feb 18 2026,,,,10.0,,,,SRC00059,HIGH
IL03344,S0156,INV1088,MAIQ Growth Scheme,,Series A,Feb 18 2026,,,,10.0,,,,SRC00059,HIGH
IL03345,S0156,INV1089,Multiple HNIs,,Series A,Feb 18 2026,,,,10.0,,,,SRC00059,HIGH
IL03346,S0156,INV1084,Ashish Kacholia (Lucky Investment Managers),,Series A,Feb 18 2026,,,lead,10.0,,,,SRC00059,HIGH
IL03347,S0156,INV1085,Unicorn India Ventures,,Series A,Feb 18 2026,,,lead,10.0,,,,SRC00059,HIGH
IL03348,S0156,INV1084,Ashish Kacholia (Lucky Investment Managers),HNI / Ace Investor,,,Feb 2026,['Series A'],True,,,,,SRC00059,HIGH
IL03349,S0156,INV1085,Unicorn India Ventures,VC,,,Feb 2026,['Series A'],True,,,,,SRC00059,HIGH
IL03350,S0156,INV0909,Roots Ventures,VC,,,Feb 2026,['Series A'],False,,,,,SRC00059,HIGH
IL03351,S0156,INV1087,Caperize Fina,HNI,,,Feb 2026,['Series A'],False,,,,,SRC00059,HIGH
IL03352,S0156,INV1088,MAIQ Growth Scheme,Government Scheme,,,Feb 2026,['Series A'],False,,,,,SRC00059,HIGH
IL03353,S0157,INV1090,Insitor Impact Asia Fund,,Series A,2024,,,lead,320.0,,,,,HIGH
IL03354,S0157,INV1057,Enzia Ventures,,Series A,2024,,,,320.0,,,,,HIGH
IL03355,S0157,INV1090,Insitor Impact Asia Fund,,Series A,2024,,,lead,320.0,,,,,HIGH
IL03356,S0157,INV1091,Inflexor Ventures,,Pre-Series B,Aug 19 2026,,,lead,650.0,,,,SRC02481,HIGH
IL03357,S0157,INV1092,Insitor Partners,,Pre-Series B,Aug 19 2026,,,,650.0,,,,SRC02481,HIGH
IL03358,S0157,INV1057,Enzia Ventures,,Pre-Series B,Aug 19 2026,,,,650.0,,,,SRC02481,HIGH
IL03359,S0157,INV1093,IIMA Ventures,,Pre-Series B,Aug 19 2026,,,,650.0,,,,SRC02481,HIGH
IL03360,S0157,INV1091,Inflexor Ventures,,Pre-Series B,Aug 19 2026,,,lead,650.0,,,,SRC02481,HIGH
IL03361,S0157,INV1092,Insitor Partners,,Seed,2022-01-01,,,lead,2.0,,,,SRC02488,HIGH
IL03362,S0157,INV0150,9 Unicorns,,Seed,2022-01-01,,,,2.0,,,,SRC02488,HIGH
IL03363,S0157,INV0792,Venture Catalysts,,Seed,2022-01-01,,,,2.0,,,,SRC02488,HIGH
IL03364,S0157,INV1092,Insitor Partners,,Seed,2022-01-01,,,lead,2.0,,,,SRC02488,HIGH
IL03365,S0157,INV1091,Inflexor Ventures,VC,,,Aug 2026,['Pre-Series B'],True,,,,,SRC02481,HIGH
IL03366,S0157,INV1094,Insitor Partners (Insitor Impact Asia Fund),VC,,,Series A,"['Series A', 'Pre-Series B']",False,,,,,,HIGH
IL03367,S0157,INV1057,Enzia Ventures,VC,,,Series A,"['Series A', 'Pre-Series B']",False,,,,,,HIGH
IL03368,S0157,INV1093,IIMA Ventures,VC,,,Pre-Series B,['Pre-Series B'],False,,,,,,HIGH
IL03369,S0158,INV0326,L Catterton,,Series D,2022,,,lead,50.0,,,,,HIGH
IL03370,S0158,INV0326,L Catterton,,Series D,2022,,,lead,50.0,,,,,HIGH
IL03371,S0158,INV1095,A91 Partners (A91 Emerging Fund III),,Series D7,Sep 1 2026,,,,1445.0,,,,SRC02495,HIGH
IL03372,S0158,INV0220,A91 Partners,,Series D7,Sep 1 2026,,,lead,1445.0,,,,SRC02495,HIGH
IL03373,S0158,INV0220,A91 Partners,,Series D7 (MCA filing details),Sep 1 2026,,,lead,1444.7,,,,SRC02496,HIGH
IL03374,S0158,INV0220,A91 Partners,,Series D7 (MCA filing details),Sep 1 2026,,,lead,1444.7,,,,SRC02496,HIGH
IL03375,S0158,INV1095,A91 Partners (A91 Emerging Fund III),,Series D7,2026-09-01,,,,144.5,,,,SRC02495,HIGH
IL03376,S0158,INV0220,A91 Partners,,Series D7,2026-09-01,,,lead,144.5,,,,SRC02495,HIGH
IL03377,S0158,INV0220,A91 Partners,,Series D7 (MCA filing details),2026-09-01,,,lead,144.47,,,,SRC02497,HIGH
IL03378,S0158,INV0220,A91 Partners,,Series D7 (MCA filing details),2026-09-01,,,lead,144.47,,,,SRC02497,HIGH
IL03379,S0158,INV0220,A91 Partners,PE/VC,,,Pre-2022,['Series D7'],True,,₹144.5 Cr,Expected ~19.97% stake,,SRC02495,HIGH
IL03380,S0158,INV0326,L Catterton,PE,,,2022,['Series D'],True,,$50M,,,,HIGH
IL03381,S0158,INV0121,Elevation Capital,VC,,,Unknown,,False,,,,,,MEDIUM
IL03382,S0158,INV0149,Anicut Capital,VC,,,Unknown,,False,,,,,,MEDIUM
IL03383,S0158,INV0470,IndiaQuotient,VC,,,Unknown,,False,,,,,,MEDIUM
IL03384,S0159,INV1096,Tin Men Capital,,Pre-Series B,Aug 2025,,,lead,,,,,SRC02502,
IL03385,S0159,INV1099,Galaxy,,Series A,2022-08-17,,,,40.0,,,,SRC02513,HIGH
IL03386,S0159,INV1100,Performa,,Series A,2022-08-17,,,,40.0,,,,SRC02513,HIGH
IL03387,S0159,INV1101,Integra Partners,,Series A,2022-08-17,,,,40.0,,,,SRC02513,HIGH
IL03388,S0159,INV1102,Yuj Ventures,,Series A,2022-08-17,,,,40.0,,,,SRC02513,HIGH
IL03389,S0159,INV1103,AJ Capital,,Series A,2022-08-17,,,,40.0,,,,SRC02513,HIGH
IL03390,S0159,INV1097,Galaxy (Kejora-led SPV),,Series A,2022-08-17,,,lead,40.0,,,,SRC02513,HIGH
IL03391,S0159,INV1098,Performa (European Asset Manager-led SPV),,Series A,2022-08-17,,,lead,40.0,,,,SRC02513,HIGH
IL03392,S0159,INV1096,Tin Men Capital,,Pre-Series B,2025-08-11,,,lead,9.0,,,,SRC02512,HIGH
IL03393,S0159,INV1104,Incred Wealth,,Pre-Series B,2025-08-11,,,,9.0,,,,SRC02512,HIGH
IL03394,S0159,INV1105,Orzon,,Pre-Series B,2025-08-11,,,,9.0,,,,SRC02512,HIGH
IL03395,S0159,INV1101,Integra Partners,,Pre-Series B,2025-08-11,,,,9.0,,,,SRC02512,HIGH
IL03396,S0159,INV1102,Yuj Ventures,,Pre-Series B,2025-08-11,,,,9.0,,,,SRC02512,HIGH
IL03397,S0159,INV1096,Tin Men Capital,,Pre-Series B,2025-08-11,,,lead,9.0,,,,SRC02512,HIGH
IL03398,S0159,INV1096,Tin Men Capital,,,,,['Pre-Series B'],True,,,,,SRC02502,
IL03399,S0161,INV0037,Peak XV Partners,,Seed,Jan 2026,,,lead,8.0,,,,SRC02529,
IL03400,S0161,INV0652,angel investors,,Seed,Jan 2026,,,,8.0,,,,SRC02529,
IL03401,S0161,INV0037,Peak XV Partners,,Seed,Jan 2026,,,lead,8.0,,,,SRC02529,
IL03402,S0161,INV0037,Peak XV Partners,,Series A (ongoing/negotiating),2026-09-01,,,lead,50.0,,,,SRC02534,MEDIUM
IL03403,S0161,INV0288,360 One,,Series A (ongoing/negotiating),2026-09-01,,,,50.0,,,,SRC02534,MEDIUM
IL03404,S0161,INV0037,Peak XV Partners,,Series A (ongoing/negotiating),2026-09-01,,,lead,50.0,,,,SRC02534,MEDIUM
IL03405,S0161,INV0037,Peak XV Partners,,,,,['Seed'],True,,,,,SRC02529,
IL03406,S0162,INV0743,Sauce.VC,,Series B,Feb 2024,,,,12.0,,,,SRC02544,
IL03407,S0162,INV0037,Peak XV Partners,,Series B,Feb 2024,,,lead,12.0,,,,SRC02544,
IL03408,S0162,INV0037,Peak XV Partners,,Series B,Feb 2024,,,lead,12.0,,,,SRC02544,
IL03409,S0162,INV0743,Sauce.VC,,Series C,Sep 2026,,,lead,1700.0,,,,SRC02542,
IL03410,S0162,INV1106,Sauce,,Seed,2020-03-09,,,lead,0.32,,,,SRC02553,MEDIUM
IL03411,S0162,INV1107,Ashish Goel,,Seed,2020-03-09,,,lead,0.32,,,,SRC02553,MEDIUM
IL03412,S0162,INV1108,Tushar Patel,,Seed,2020-03-09,,,,0.32,,,,SRC02553,MEDIUM
IL03413,S0162,INV1109,Harshita Kabra,,Seed,2020-03-09,,,,0.32,,,,SRC02553,MEDIUM
IL03414,S0162,INV1110,Touchstone Venture,,Seed,2020-03-09,,,,0.32,,,,SRC02553,MEDIUM
IL03415,S0162,INV1111,Nirali Solani,,Seed,2020-03-09,,,,0.32,,,,SRC02553,MEDIUM
IL03416,S0162,INV1112,Nikhil Jaisinghani,,Seed,2020-03-09,,,,0.32,,,,SRC02553,MEDIUM
IL03417,S0162,INV1113,Hypotenuse Capital,,Seed,2020-03-09,,,,0.32,,,,SRC02553,MEDIUM
IL03418,S0162,INV1114,KNAV,,Seed,2020-03-09,,,,0.32,,,,SRC02553,MEDIUM
IL03419,S0162,INV1115,Jigar K Shah,,Seed,2020-03-09,,,,0.32,,,,SRC02553,MEDIUM
IL03420,S0162,INV1116,Revant Bhate,,Seed,2020-03-09,,,,0.32,,,,SRC02553,MEDIUM
IL03421,S0162,INV1117,Amit Rastogi,,Seed,2020-03-09,,,,0.32,,,,SRC02553,MEDIUM
IL03422,S0162,INV1118,Ranshiv Family,,Seed,2020-03-09,,,,0.32,,,,SRC02553,MEDIUM
IL03423,S0162,INV1119,Nikhil Bhandarkar,,Seed,2020-03-09,,,,0.32,,,,SRC02553,MEDIUM
IL03424,S0162,INV1120,Ira Kathpalia,,Seed,2020-03-09,,,,0.32,,,,SRC02553,MEDIUM
IL03425,S0162,INV1121,Logx Venture Partners,,Seed,2020-03-09,,,,0.32,,,,SRC02553,MEDIUM
IL03426,S0162,INV1122,Madhu Hari Jaidhara,,Seed,2020-03-09,,,,0.32,,,,SRC02553,MEDIUM
IL03427,S0162,INV1123,Shaival Desai,,Seed,2020-03-09,,,,0.32,,,,SRC02553,MEDIUM
IL03428,S0162,INV1124,Desai Ventures,,Seed,2020-03-09,,,,0.32,,,,SRC02553,MEDIUM
IL03429,S0162,INV1106,Sauce,,Seed,2020-03-09,,,lead,0.32,,,,SRC02553,MEDIUM
IL03430,S0162,INV1107,Ashish Goel,,Seed,2020-03-09,,,lead,0.32,,,,SRC02553,MEDIUM
IL03431,S0162,INV1061,Saama Capital,,Series A,2022-03-31,,,lead,4.961002,,,,SRC02553,MEDIUM
IL03432,S0162,INV0371,Alteria Capital,,Series A,2022-03-31,,,,4.961002,,,,SRC02553,MEDIUM
IL03433,S0162,INV1106,Sauce,,Series A,2022-03-31,,,,4.961002,,,,SRC02553,MEDIUM
IL03434,S0162,INV1125,Panthera Peak,,Series A,2022-03-31,,,,4.961002,,,,SRC02553,MEDIUM
IL03435,S0162,INV1126,Good Capital,,Series A,2022-03-31,,,,4.961002,,,,SRC02553,MEDIUM
IL03436,S0162,INV1118,Ranshiv Family,,Series A,2022-03-31,,,,4.961002,,,,SRC02553,MEDIUM
IL03437,S0162,INV1127,Nishit Doshi,,Series A,2022-03-31,,,,4.961002,,,,SRC02553,MEDIUM
IL03438,S0162,INV1128,Deepika Padukone,,Series A,2022-03-31,,,,4.961002,,,,SRC02553,MEDIUM
IL03439,S0162,INV1129,Viabl Smart Ventures,,Series A,2022-03-31,,,,4.961002,,,,SRC02553,MEDIUM
IL03440,S0162,INV1111,Nirali Solani,,Series A,2022-03-31,,,,4.961002,,,,SRC02553,MEDIUM
IL03441,S0162,INV1110,Touchstone Venture,,Series A,2022-03-31,,,,4.961002,,,,SRC02553,MEDIUM
IL03442,S0162,INV1130,Skatrs Management Advisory,,Series A,2022-03-31,,,,4.961002,,,,SRC02553,MEDIUM
IL03443,S0162,INV1119,Nikhil Bhandarkar,,Series A,2022-03-31,,,,4.961002,,,,SRC02553,MEDIUM
IL03444,S0162,INV1131,Sanjay Kapoor,,Series A,2022-03-31,,,,4.961002,,,,SRC02553,MEDIUM
IL03445,S0162,INV1121,Logx Venture Partners,,Series A,2022-03-31,,,,4.961002,,,,SRC02553,MEDIUM
IL03446,S0162,INV1132,Ramakant Sharma,,Series A,2022-03-31,,,,4.961002,,,,SRC02553,MEDIUM
IL03447,S0162,INV1133,Simran Lal Trust,,Series A,2022-03-31,,,,4.961002,,,,SRC02553,MEDIUM
IL03448,S0162,INV1122,Madhu Hari Jaidhara,,Series A,2022-03-31,,,,4.961002,,,,SRC02553,MEDIUM
IL03449,S0162,INV1134,Gaurav Nathani,,Series A,2022-03-31,,,,4.961002,,,,SRC02553,MEDIUM
IL03450,S0162,INV1115,Jigar K Shah,,Series A,2022-03-31,,,,4.961002,,,,SRC02553,MEDIUM
IL03451,S0162,INV1116,Revant Bhate,,Series A,2022-03-31,,,,4.961002,,,,SRC02553,MEDIUM
IL03452,S0162,INV1108,Tushar Patel,,Series A,2022-03-31,,,,4.961002,,,,SRC02553,MEDIUM
IL03453,S0162,INV1135,Chona Family Office,,Series A,2022-03-31,,,,4.961002,,,,SRC02553,MEDIUM
IL03454,S0162,INV1113,Hypotenuse Capital,,Series A,2022-03-31,,,,4.961002,,,,SRC02553,MEDIUM
IL03455,S0162,INV1136,Maven Consulting Services,,Series A,2022-03-31,,,,4.961002,,,,SRC02553,MEDIUM
IL03456,S0162,INV1109,Harshita Kabra,,Series A,2022-03-31,,,,4.961002,,,,SRC02553,MEDIUM
IL03457,S0162,INV1137,Varun Alagh,,Series A,2022-03-31,,,,4.961002,,,,SRC02553,MEDIUM
IL03458,S0162,INV1112,Nikhil Jaisinghani,,Series A,2022-03-31,,,,4.961002,,,,SRC02553,MEDIUM
IL03459,S0162,INV1138,Angel List,,Series A,2022-03-31,,,,4.961002,,,,SRC02553,MEDIUM
IL03460,S0162,INV1139,Abhishek Goyal,,Series A,2022-03-31,,,,4.961002,,,,SRC02553,MEDIUM
IL03461,S0162,INV1120,Ira Kathpalia,,Series A,2022-03-31,,,,4.961002,,,,SRC02553,MEDIUM
IL03462,S0162,INV1107,Ashish Goel,,Series A,2022-03-31,,,,4.961002,,,,SRC02553,MEDIUM
IL03463,S0162,INV1140,Ankur Goyal,,Series A,2022-03-31,,,,4.961002,,,,SRC02553,MEDIUM
IL03464,S0162,INV1141,Raul Rai,,Series A,2022-03-31,,,,4.961002,,,,SRC02553,MEDIUM
IL03465,S0162,INV1061,Saama Capital,,Series A,2022-03-31,,,lead,4.961002,,,,SRC02553,MEDIUM
IL03466,S0162,INV0371,Alteria Capital,,Series A-2,2023-08-23,,,lead,3.749322,,,,SRC02553,MEDIUM
IL03467,S0162,INV1131,Sanjay Kapoor,,Series A-2,2023-08-23,,,,3.749322,,,,SRC02553,MEDIUM
IL03468,S0162,INV1115,Jigar K Shah,,Series A-2,2023-08-23,,,,3.749322,,,,SRC02553,MEDIUM
IL03469,S0162,INV1121,Logx Venture Partners,,Series A-2,2023-08-23,,,,3.749322,,,,SRC02553,MEDIUM
IL03470,S0162,INV1126,Good Capital,,Series A-2,2023-08-23,,,,3.749322,,,,SRC02553,MEDIUM
IL03471,S0162,INV1114,KNAV,,Series A-2,2023-08-23,,,,3.749322,,,,SRC02553,MEDIUM
IL03472,S0162,INV1138,Angel List,,Series A-2,2023-08-23,,,,3.749322,,,,SRC02553,MEDIUM
IL03473,S0162,INV1130,Skatrs Management Advisory,,Series A-2,2023-08-23,,,,3.749322,,,,SRC02553,MEDIUM
IL03474,S0162,INV1118,Ranshiv Family,,Series A-2,2023-08-23,,,,3.749322,,,,SRC02553,MEDIUM
IL03475,S0162,INV1111,Nirali Solani,,Series A-2,2023-08-23,,,,3.749322,,,,SRC02553,MEDIUM
IL03476,S0162,INV1116,Revant Bhate,,Series A-2,2023-08-23,,,,3.749322,,,,SRC02553,MEDIUM
IL03477,S0162,INV1142,Saama,,Series A-2,2023-08-23,,,,3.749322,,,,SRC02553,MEDIUM
IL03478,S0162,INV1136,Maven Consulting Services,,Series A-2,2023-08-23,,,,3.749322,,,,SRC02553,MEDIUM
IL03479,S0162,INV1122,Madhu Hari Jaidhara,,Series A-2,2023-08-23,,,,3.749322,,,,SRC02553,MEDIUM
IL03480,S0162,INV1108,Tushar Patel,,Series A-2,2023-08-23,,,,3.749322,,,,SRC02553,MEDIUM
IL03481,S0162,INV1113,Hypotenuse Capital,,Series A-2,2023-08-23,,,,3.749322,,,,SRC02553,MEDIUM
IL03482,S0162,INV1120,Ira Kathpalia,,Series A-2,2023-08-23,,,,3.749322,,,,SRC02553,MEDIUM
IL03483,S0162,INV1112,Nikhil Jaisinghani,,Series A-2,2023-08-23,,,,3.749322,,,,SRC02553,MEDIUM
IL03484,S0162,INV1106,Sauce,,Series A-2,2023-08-23,,,,3.749322,,,,SRC02553,MEDIUM
IL03485,S0162,INV1143,Touchstone,,Series A-2,2023-08-23,,,,3.749322,,,,SRC02553,MEDIUM
IL03486,S0162,INV1133,Simran Lal Trust,,Series A-2,2023-08-23,,,,3.749322,,,,SRC02553,MEDIUM
IL03487,S0162,INV1129,Viabl Smart Ventures,,Series A-2,2023-08-23,,,,3.749322,,,,SRC02553,MEDIUM
IL03488,S0162,INV1109,Harshita Kabra,,Series A-2,2023-08-23,,,,3.749322,,,,SRC02553,MEDIUM
IL03489,S0162,INV1117,Amit Rastogi,,Series A-2,2023-08-23,,,,3.749322,,,,SRC02553,MEDIUM
IL03490,S0162,INV1119,Nikhil Bhandarkar,,Series A-2,2023-08-23,,,,3.749322,,,,SRC02553,MEDIUM
IL03491,S0162,INV1140,Ankur Goyal,,Series A-2,2023-08-23,,,,3.749322,,,,SRC02553,MEDIUM
IL03492,S0162,INV0371,Alteria Capital,,Series A-2,2023-08-23,,,lead,3.749322,,,,SRC02553,MEDIUM
IL03493,S0162,INV0743,Sauce VC,,Series C,2026-09-01,,,lead,170.0,,,,SRC02542,HIGH
IL03494,S0162,INV0037,Peak XV Partners,,Series C,2026-09-01,,,,170.0,,,,SRC02542,HIGH
IL03495,S0162,INV1144,AYRA Ventures,,Series C,2026-09-01,,,,170.0,,,,SRC02542,HIGH
IL03496,S0162,INV1145,Niveshaay Investment,,Series C,2026-09-01,,,,170.0,,,,SRC02542,HIGH
IL03497,S0162,INV1146,Vivek Jain,,Series C,2026-09-01,,,,170.0,,,,SRC02542,HIGH
IL03498,S0162,INV0743,Sauce VC,,Series C,2026-09-01,,,lead,170.0,,,,SRC02542,HIGH
IL03499,S0162,INV0743,Sauce VC,,Series C (primary tranche),2026-09-02,,,lead,90.66,,,,SRC02543,HIGH
IL03500,S0162,INV0037,Peak XV Partners,,Series C (primary tranche),2026-09-02,,,,90.66,,,,SRC02543,HIGH
IL03501,S0162,INV1147,Niveshaay Sambhav Fund,,Series C (primary tranche),2026-09-02,,,,90.66,,,,SRC02543,HIGH
IL03502,S0162,INV1144,Ayra Ventures,,Series C (primary tranche),2026-09-02,,,,90.66,,,,SRC02543,HIGH
IL03503,S0162,INV1146,Vivek Jain,,Series C (primary tranche),2026-09-02,,,,90.66,,,,SRC02543,HIGH
IL03504,S0162,INV0743,Sauce VC,,Series C (primary tranche),2026-09-02,,,lead,90.66,,,,SRC02543,HIGH
IL03505,S0162,INV0743,Sauce.VC,,,,,['Series C'],True,,,,,SRC02542,
IL03506,S0162,INV0037,Peak XV Partners,,,,,['Series B'],True,,,,,SRC02544,
IL03507,S0163,INV1148,Alibaba Group,,Total disclosed (Tracxn),,,,,356.0,,,,SRC02565,
IL03508,S0163,INV0121,Elevation Capital,,Total disclosed (Tracxn),,,,,356.0,,,,SRC02565,
IL03509,S0163,INV0057,Blackstone,,Total disclosed (Tracxn),,,,,356.0,,,,SRC02565,
IL03510,S0163,INV0698,Norwest,,Series E,2020-11-08,,,lead,110.0,,,,SRC02565,HIGH
IL03511,S0163,INV0115,Gaja Capital,,Series E,2020-11-08,,,,110.0,,,,SRC02565,HIGH
IL03512,S0163,INV1149,Investcorp,,Series E,2020-11-08,,,,110.0,,,,SRC02565,HIGH
IL03513,S0163,INV1150,Special Situation Investments,,Series E,2020-11-08,,,,110.0,,,,SRC02565,HIGH
IL03514,S0163,INV0698,Norwest,,Series E,2020-11-08,,,lead,110.0,,,,SRC02565,HIGH
IL03515,S0163,INV0057,Blackstone,,Series F,2022-02-09,,,lead,100.0,,,,SRC02565,HIGH
IL03516,S0163,INV0020,TPG,,Series F,2022-02-09,,,lead,100.0,,,,SRC02565,HIGH
IL03517,S0163,INV0221,ChrysCapital,,Series F,2022-02-09,,,lead,100.0,,,,SRC02565,HIGH
IL03518,S0163,INV1149,Investcorp,,Series F,2022-02-09,,,,100.0,,,,SRC02565,HIGH
IL03519,S0163,INV0381,Innoven Capital,,Series F,2022-02-09,,,,100.0,,,,SRC02565,HIGH
IL03520,S0163,INV1151,Sage Investment Trust,,Series F,2022-02-09,,,,100.0,,,,SRC02565,HIGH
IL03521,S0163,INV1152,Anchor Partners,,Series F,2022-02-09,,,,100.0,,,,SRC02565,HIGH
IL03522,S0163,INV0698,Norwest,,Series F,2022-02-09,,,,100.0,,,,SRC02565,HIGH
IL03523,S0163,INV0057,Blackstone,,Series F,2022-02-09,,,lead,100.0,,,,SRC02565,HIGH
IL03524,S0163,INV0020,TPG,,Series F,2022-02-09,,,lead,100.0,,,,SRC02565,HIGH
IL03525,S0163,INV0221,ChrysCapital,,Series F,2022-02-09,,,lead,100.0,,,,SRC02565,HIGH
IL03526,S0163,INV1153,Ontario Teachers' Pension Plan,,Series G,2023-11-07,,,lead,80.0,,,,SRC02565,HIGH
IL03527,S0163,INV0057,Blackstone,,Series G,2023-11-07,,,,80.0,,,,SRC02565,HIGH
IL03528,S0163,INV0020,TPG,,Series G,2023-11-07,,,,80.0,,,,SRC02565,HIGH
IL03529,S0163,INV0221,ChrysCapital,,Series G,2023-11-07,,,,80.0,,,,SRC02565,HIGH
IL03530,S0163,INV0328,Khazanah Nasional Berhad,,Series G,2023-11-07,,,,80.0,,,,SRC02565,HIGH
IL03531,S0163,INV1148,Alibaba Group,,Series G,2023-11-07,,,,80.0,,,,SRC02565,HIGH
IL03532,S0163,INV0121,Elevation Capital,,Series G,2023-11-07,,,,80.0,,,,SRC02565,HIGH
IL03533,S0163,INV1149,Investcorp,,Series G,2023-11-07,,,,80.0,,,,SRC02565,HIGH
IL03534,S0163,INV0115,Gaja Capital,,Series G,2023-11-07,,,,80.0,,,,SRC02565,HIGH
IL03535,S0163,INV0698,Norwest,,Series G,2023-11-07,,,,80.0,,,,SRC02565,HIGH
IL03536,S0163,INV1153,Ontario Teachers' Pension Plan,,Series G,2023-11-07,,,lead,80.0,,,,SRC02565,HIGH
IL03537,S0163,INV1148,Alibaba Group,,,,,,,,,,,SRC02566,
IL03538,S0163,INV0121,Elevation Capital,,,,,,,,,,,SRC02565,
IL03539,S0164,INV0003,Accel,,venture (extension),,,,lead,4.0,,,,SRC02570,
IL03540,S0164,INV1154,Multiply Ventures,,venture (extension),,,,lead,4.0,,,,SRC02570,
IL03541,S0164,INV0003,Accel,,venture (extension),,,,lead,4.0,,,,SRC02570,
IL03542,S0164,INV1154,Multiply Ventures,,venture (extension),,,,lead,4.0,,,,SRC02570,
IL03543,S0164,INV0003,Accel,,seed,2023-05-08,,,lead,3.0,,,,SRC02581,HIGH
IL03544,S0164,INV1154,Multiply Ventures,,seed,2023-05-08,,,,3.0,,,,SRC02581,HIGH
IL03545,S0164,INV0652,angel investors,,seed,2023-05-08,,,,3.0,,,,SRC02581,HIGH
IL03546,S0164,INV0003,Accel,,seed,2023-05-08,,,lead,3.0,,,,SRC02581,HIGH
IL03547,S0164,INV0003,Accel,,pre-Series A,2026-09-08,,,lead,4.0,,,,SRC02570,HIGH
IL03548,S0164,INV1154,Multiply Ventures,,pre-Series A,2026-09-08,,,lead,4.0,,,,SRC02570,HIGH
IL03549,S0164,INV1155,Rajeev Ahuja,,pre-Series A,2026-09-08,,,,4.0,,,,SRC02570,HIGH
IL03550,S0164,INV0652,angel investors,,pre-Series A,2026-09-08,,,,4.0,,,,SRC02570,HIGH
IL03551,S0164,INV0003,Accel,,pre-Series A,2026-09-08,,,lead,4.0,,,,SRC02570,HIGH
IL03552,S0164,INV1154,Multiply Ventures,,pre-Series A,2026-09-08,,,lead,4.0,,,,SRC02570,HIGH
IL03553,S0164,INV0371,Alteria Capital,,venture debt,2026-09-08,,,lead,0.9,,,,SRC02571,HIGH
IL03554,S0164,INV0371,Alteria Capital,,venture debt,2026-09-08,,,lead,0.9,,,,SRC02571,HIGH
IL03555,S0164,INV0003,Accel,,,,,['2026 extension'],True,,,,,SRC02570,HIGH
IL03556,S0164,INV1154,Multiply Ventures,,,,,['2026 extension'],True,,,,,SRC02570,HIGH
IL03557,S0165,INV0112,Bessemer Venture Partners,,Series B,,,,lead,15.0,,,,SRC02585,
IL03558,S0165,INV0048,Nexus Venture Partners,,Series B,,,,,15.0,,,,SRC02585,
IL03559,S0165,INV0112,Bessemer Venture Partners,,Series B,,,,lead,15.0,,,,SRC02585,
IL03560,S0165,INV0048,Nexus Venture Partners,,Series A,2025-08-04,,,lead,5.9,,,,SRC02591,HIGH
IL03561,S0165,INV0870,Titan Capital,,Series A,2025-08-04,,,,5.9,,,,SRC02591,HIGH
IL03562,S0165,INV0900,WEH Ventures,,Series A,2025-08-04,,,,5.9,,,,SRC02591,HIGH
IL03563,S0165,INV0048,Nexus Venture Partners,,Series A,2025-08-04,,,lead,5.9,,,,SRC02591,HIGH
IL03564,S0165,INV0112,Bessemer Venture Partners,,Series B,2026-06-23,,,lead,15.0,,,,SRC02588,HIGH
IL03565,S0165,INV0048,Nexus Venture Partners,,Series B,2026-06-23,,,,15.0,,,,SRC02588,HIGH
IL03566,S0165,INV0870,Titan Capital,,Series B,2026-06-23,,,,15.0,,,,SRC02588,HIGH
IL03567,S0165,INV0900,WEH Ventures,,Series B,2026-06-23,,,,15.0,,,,SRC02588,HIGH
IL03568,S0165,INV0112,Bessemer Venture Partners,,Series B,2026-06-23,,,lead,15.0,,,,SRC02588,HIGH
IL03569,S0165,INV0112,Bessemer Venture Partners,,,,,['Series B 2026'],True,,,,,SRC02585,HIGH
IL03570,S0165,INV0048,Nexus Venture Partners,,,,,['Series B 2026'],False,,,,,SRC02585,MEDIUM
IL03571,S0166,INV1156,Eniac Ventures,,seed,,,,lead,6.5,,,,SRC02600,
IL03572,S0166,INV1157,Tidal Ventures,,seed,,,,lead,6.5,,,,SRC02600,
IL03573,S0166,INV1156,Eniac Ventures,,seed,,,,lead,6.5,,,,SRC02600,
IL03574,S0166,INV1157,Tidal Ventures,,seed,,,,lead,6.5,,,,SRC02600,
IL03575,S0166,INV1156,Eniac Ventures,,,,,['seed 2025'],True,,,,,SRC02600,HIGH
IL03576,S0166,INV1157,Tidal Ventures,,,,,['seed 2025'],True,,,,,SRC02600,HIGH
IL03577,S0167,INV0003,Accel,,Series D/D1,,,,,25.0,,,,SRC02606,
IL03578,S0167,INV0171,Chiratae Ventures,,Series D/D1,,,,,25.0,,,,SRC02606,
IL03579,S0167,INV0569,Bain Capital,,Series D/D1,,,,,25.0,,,,SRC02606,
IL03580,S0167,INV0431,Edelweiss,,Series D/D1,,,,,25.0,,,,SRC02606,
IL03581,S0167,INV0003,Accel,,Series D (prior),,,,lead,,,,,SRC02608,MEDIUM
IL03582,S0167,INV0171,Chiratae Ventures,,Series D (prior),,,,,,,,,SRC02608,MEDIUM
IL03583,S0167,INV0569,Bain Capital,,Series D (prior),,,,,,,,,SRC02608,MEDIUM
IL03584,S0167,INV0003,Accel,,Series D (prior),,,,lead,,,,,SRC02608,MEDIUM
IL03585,S0167,INV1158,"Anchor: 41 investors including 16 domestic mutual funds, 5 LIC companies",,IPO,2026-03-30,,,,1255.57,,,,SRC02605,HIGH
IL03586,S0167,INV1159,banks and NBFCs,,debt,,,,,179.5,,,,SRC02608,MEDIUM
IL03587,S0167,INV0003,Accel,,,,,"['Series D', 'IPO OFS seller']",False,,,,,SRC02608,HIGH
IL03588,S0167,INV0171,Chiratae Ventures,,,,,"['Series D', 'IPO OFS seller']",False,,,,,SRC02608,MEDIUM
IL03589,S0167,INV0569,Bain Capital,,,,,['Series D'],False,,,,,SRC02606,MEDIUM
IL03590,S0168,INV1160,Eternal Ltd (Zomato) — parent,,,,,"['acquisition 2022', 'Rs 450cr rights issue Mar 2026']",False,,,,,SRC02614,HIGH
IL03591,S0169,INV1162,31 anchor investors,,IPO,2025-06-27,,,,,,,,SRC02621,HIGH
IL03592,S0169,INV0896,ICICI Prudential MF,,IPO,2025-06-27,,,lead,,,,,SRC02621,HIGH
IL03593,S0169,INV1161,SBI MF,,IPO,2025-06-27,,,lead,,,,,SRC02621,HIGH
IL03594,S0169,INV0011,WhiteOak Capital,,IPO,2025-06-27,,,lead,,,,,SRC02621,HIGH
IL03595,S0169,INV1163,"{'v': 'ICICI Prudential Mutual Fund', 'investor_type': 'Mutual Fund'}",,,,2026-07-30,['IPO Anchor'],False,,,,,SRC02621,HIGH
IL03596,S0169,INV0070,"{'v': 'KKR', 'investor_type': 'Private Equity'}",,,,2022,['Debt/Equity'],False,,{'v': '~650M'},,,SRC02623,MEDIUM
IL03597,S0170,INV1165,ADB ($138M),,Debt Financing,2026-07-09,,,,,,,,SRC02623,HIGH
IL03598,S0170,INV1166,Exim Bank of India,,Debt Financing,2026-07-09,,,,,,,,SRC02623,HIGH
IL03599,S0170,INV1167,New Development Bank,,Debt Financing,2026-07-09,,,,,,,,SRC02623,HIGH
IL03600,S0170,INV1168,Sumitomo Mitsui,,Debt Financing,2026-07-09,,,,,,,,SRC02623,HIGH
IL03601,S0170,INV1077,Asian Development Bank,,Debt Financing,2026-07-09,,,lead,,,,,SRC02623,HIGH
IL03602,S0170,INV0070,KKR,,Equity/Debt,2022-2025,,,lead,,,,,SRC02623,MEDIUM
IL03603,S0170,INV1169,Vedanta group,,Equity/Debt,2022-2025,,,,,,,,SRC02623,MEDIUM
IL03604,S0170,INV0070,KKR,,Equity/Debt,2022-2025,,,lead,,,,,SRC02623,MEDIUM
IL03605,S0170,INV0070,KKR,,Planned InvIT,2026,,,lead,,,,,SRC02626,MEDIUM
IL03606,S0170,INV1169,Vedanta group,,Planned InvIT,2026,,,lead,,,,,SRC02626,MEDIUM
IL03607,S0170,INV1170,DCM Shriram Consolidated,,Equity Stake Sale,2026-07-17,,,lead,,,,,SRC02627,MEDIUM
IL03608,S0170,INV0070,"{'v': 'KKR', 'investor_type': 'Private Equity'}",,,,2022,"['Equity', 'InvIT backing']",True,,{'v': '$650M'},,,SRC02623,HIGH
IL03609,S0170,INV1169,"{'v': 'Vedanta group', 'investor_type': 'Conglomerate'}",,,,2022,['Equity'],False,,,,,SRC02623,HIGH
IL03610,S0170,INV1077,"{'v': 'Asian Development Bank', 'investor_type': 'Multilateral Development Bank'}",,,,2026-07-09,['Debt Financing'],True,,{'v': '$138M direct'},,,SRC02623,HIGH
IL03611,S0170,INV1170,"{'v': 'DCM Shriram Consolidated', 'investor_type': 'Conglomerate'}",,,,2026-07-17,['Equity Stake'],False,,{'v': '₹104.4 Cr'},,,SRC02627,MEDIUM
IL03612,S0171,INV1172,Public investors,,IPO,2024-09-27,,,,,,,,SRC02631,HIGH
IL03613,S0171,INV0007,"{'v': 'SoftBank Vision Fund', 'investor_type': 'VC'}",,,,Pre-IPO,['Multiple rounds'],False,,,,,SRC02632,MEDIUM
IL03614,S0171,INV0003,"{'v': 'Accel', 'investor_type': 'VC'}",,,,Early rounds,['Multiple rounds'],False,,,,,SRC02632,MEDIUM
IL03615,S0171,INV1173,"{'v': 'Prosus/Naspers', 'investor_type': 'Conglomerate'}",,,,Early rounds,['Multiple rounds'],False,,,,,SRC02632,MEDIUM
IL03616,S0171,INV1174,"{'v': 'QIP investors', 'investor_type': 'Public Market'}",,,,Post-IPO,['QIP'],False,,{'v': '>$1B'},,,SRC02632,MEDIUM
IL03617,S0172,INV1176,India SME Investment Fund (64.5 Cr),,Series A,2026-03-06,,,,,,,,SRC02638,HIGH
IL03618,S0172,INV1177,Radhakrishna Ramnarain Pvt Ltd (17.8 Cr),,Series A,2026-03-06,,,,,,,,SRC02638,HIGH
IL03619,S0172,INV1178,Namita Thapar (50 lakh),,Series A,2026-03-06,,,,,,,,SRC02638,HIGH
IL03620,S0172,INV1179,Rajesh Raheja (3 Cr),,Series A,2026-03-06,,,,,,,,SRC02638,HIGH
IL03621,S0172,INV1180,Over 20 other investors,,Series A,2026-03-06,,,,,,,,SRC02638,HIGH
IL03622,S0172,INV1175,India SME Investment Fund,,Series A,2026-03-06,,,lead,,,,,SRC02638,HIGH
IL03623,S0172,INV1175,"{'v': 'India SME Investment Fund', 'investor_type': 'Private Equity'}",,,,2026-03-06,['Series A'],True,,{'v': '64.5 Cr (~$7.15M)'},15% stake,,SRC02638,HIGH
IL03624,S0172,INV1181,"{'v': 'Radhakrishna Ramnarain Pvt Ltd', 'investor_type': 'Family Office'}",,,,2026-03-06,['Series A'],False,,{'v': '17.8 Cr'},4.14% stake,,SRC02638,HIGH
IL03625,S0172,INV1182,"{'v': 'Namita Thapar', 'investor_type': 'Angel Investor'}",,,,2026-01,"['Shark Tank India S5', 'Series A']",False,,{'v': '1.5 Cr'},0.37% stake,,SRC02641,HIGH
IL03626,S0172,INV1183,"{'v': 'Phoenix Family Office', 'investor_type': 'Family Office'}",,,,2026-03-06,['Series A'],False,,,,,SRC02638,MEDIUM
IL03627,S0173,INV1184,Ashish Kacholia (~$3M),,Series A,2025-11-25,,,,,,,,SRC02644,HIGH
IL03628,S0173,INV1185,pi Ventures ($1.25M),,Series A,2025-11-25,,,,,,,,SRC02644,HIGH
IL03629,S0173,INV1186,Anicut Capital ($1M),,Series A,2025-11-25,,,,,,,,SRC02644,HIGH
IL03630,S0173,INV0668,3one4 Capital,,Series A,2025-11-25,,,,,,,,SRC02644,HIGH
IL03631,S0173,INV1187,AC Ventures,,Series A,2025-11-25,,,,,,,,SRC02644,HIGH
IL03632,S0173,INV1188,JITO Incubation,,Series A,2025-11-25,,,,,,,,SRC02644,HIGH
IL03633,S0173,INV1189,LVX,,Series A,2025-11-25,,,,,,,,SRC02644,HIGH
IL03634,S0173,INV1190,JJ Family and Angels,,Series A,2025-11-25,,,,,,,,SRC02644,HIGH
IL03635,S0173,INV1086,Ashish Kacholia,,Series A,2025-11-25,,,lead,,,,,SRC02644,HIGH
IL03636,S0173,INV1086,"{'v': 'Ashish Kacholia', 'investor_type': 'Angel Investor / Fund Manager'}",,,,2025-11-25,['Series A'],True,,{'v': '~$3M'},,,SRC02644,HIGH
IL03637,S0173,INV0716,"{'v': 'pi Ventures', 'investor_type': 'VC'}",,,,Pre-2025,"['Seed', 'Series A']",False,,{'v': '$1.25M'},,,SRC02644,HIGH
IL03638,S0173,INV0149,"{'v': 'Anicut Capital', 'investor_type': 'VC'}",,,,Pre-2025,"['Seed', 'Series A']",False,,{'v': '$1M'},,,SRC02644,HIGH
IL03639,S0173,INV0668,"{'v': '3one4 Capital', 'investor_type': 'VC'}",,,,2025-11-25,['Series A'],False,,,,,SRC02644,HIGH
IL03640,S0173,INV1187,"{'v': 'AC Ventures', 'investor_type': 'VC'}",,,,2025-11-25,['Series A'],False,,,,,SRC02644,HIGH
IL03641,S0174,INV0667,Vertex Ventures SEA & India,,Seed,2024-09-03,,,lead,,,,,SRC02652,HIGH
IL03642,S0174,INV1037,IAN Group,,Seed,2024-09-03,,,,,,,,SRC02652,HIGH
IL03643,S0174,INV0528,IvyCap Ventures,,Seed,2024-09-03,,,,,,,,SRC02652,HIGH
IL03644,S0174,INV0667,Vertex Ventures SEA & India,,Seed,2024-09-03,,,lead,,,,,SRC02652,HIGH
IL03645,S0174,INV1191,IAN Alpha Fund,,Pre-Series A,2026-05-06,,,lead,,,,,SRC02649,HIGH
IL03646,S0174,INV0667,Vertex Ventures SEA & India,,Pre-Series A,2026-05-06,,,,,,,,SRC02649,HIGH
IL03647,S0174,INV0528,IvyCap Ventures,,Pre-Series A,2026-05-06,,,,,,,,SRC02649,HIGH
IL03648,S0174,INV1191,IAN Alpha Fund,,Pre-Series A,2026-05-06,,,lead,,,,,SRC02649,HIGH
IL03649,S0174,INV1191,IAN Alpha Fund,Venture Capital (SEBI Cat II AIF),,,2026-05-06,['Pre-Series A'],True,,"{'v': 6000000, 'currency': 'USD'}",,,SRC02656,HIGH
IL03650,S0174,INV0667,Vertex Ventures SEA & India,Venture Capital,,,2024-09-02,"['Seed', 'Pre-Series A']",False,,,,,SRC02654,HIGH
IL03651,S0174,INV0528,IvyCap Ventures,Venture Capital,,,2024-09-02,"['Seed', 'Pre-Series A']",False,,,,,SRC02649,HIGH
IL03652,S0175,INV1053,1Crowd,,Seed,2018-04-11,,,lead,,,,,SRC02662,MEDIUM
IL03653,S0175,INV1192,Naga,,Seed,2018-04-11,,,lead,,,,,SRC02662,MEDIUM
IL03654,S0175,INV1053,1Crowd,,Seed,2018-04-11,,,lead,,,,,SRC02662,MEDIUM
IL03655,S0175,INV1192,Naga,,Seed,2018-04-11,,,lead,,,,,SRC02662,MEDIUM
IL03656,S0175,INV1191,IAN Alpha Fund,,Series A,2026-02-23,,,lead,,,,,SRC02659,HIGH
IL03657,S0175,INV1053,1Crowd,,Series A,2026-02-23,,,,,,,,SRC02659,HIGH
IL03658,S0175,INV1191,IAN Alpha Fund,,Series A,2026-02-23,,,lead,,,,,SRC02659,HIGH
IL03659,S0175,INV1193,Dallas Venture Capital,,Series A Extension,2026-04-28,,,lead,,,,,SRC02659,HIGH
IL03660,S0175,INV1193,Dallas Venture Capital,,Series A Extension,2026-04-28,,,lead,,,,,SRC02659,HIGH
IL03661,S0175,INV1191,IAN Alpha Fund,Venture Capital,,,2026-02-23,['Series A'],True,,"{'v': 3000000, 'currency': 'USD'}",,,SRC02659,HIGH
IL03662,S0175,INV1193,Dallas Venture Capital,Venture Capital,,,2026-04-28,['Series A Extension'],True,,"{'v': 2500000, 'currency': 'USD'}",,,SRC02659,HIGH
IL03663,S0175,INV1053,1Crowd,Equity Crowdfunding,,,2018-04-11,['Seed'],False,,,,,SRC02662,MEDIUM
IL03664,S0176,INV0059,TVS Capital,,Series B,2026-03-25,,,lead,,,,,SRC02666,HIGH
IL03665,S0176,INV0750,Peak XV,,Series B,2026-03-25,,,,,,,,SRC02666,HIGH
IL03666,S0176,INV0015,MUFG,,Series B,2026-03-25,,,,,,,,SRC02666,HIGH
IL03667,S0176,INV0059,TVS Capital,,Series B,2026-03-25,,,lead,,,,,SRC02666,HIGH
IL03668,S0176,INV0750,Peak XV,,Series B (prior),,,,lead,,,,,SRC02668,MEDIUM
IL03669,S0176,INV0015,MUFG,,Series B (prior),,,,lead,,,,,SRC02668,MEDIUM
IL03670,S0176,INV0750,Peak XV,,Series B (prior),,,,lead,,,,,SRC02668,MEDIUM
IL03671,S0176,INV0015,MUFG,,Series B (prior),,,,lead,,,,,SRC02668,MEDIUM
IL03672,S0176,INV0059,TVS Capital,Private Equity / Family Office,,,2026-03-25,['Series B (₹500 Cr)'],True,,"{'v': 5000000000, 'currency': 'INR'}",,,SRC02666,HIGH
IL03673,S0176,INV0750,Peak XV,Venture Capital,,,,['Prior Series B'],False,,,,,SRC02668,MEDIUM
IL03674,S0176,INV0015,MUFG,Financial Institution,,,,['Prior Series B'],False,,,,,SRC02668,MEDIUM
IL03675,S0177,INV1172,Public investors,,IPO,2025-11-14,,,,,,,,SRC02677,HIGH
IL03676,S0177,INV1010,Sequoia,,Series A,,,,,,,,,SRC02679,MEDIUM
IL03677,S0177,INV0698,Norwest,,Series A,,,,,,,,,SRC02679,MEDIUM
IL03678,S0177,INV0436,Warburg Pincus,,Series A,,,,,,,,,SRC02679,MEDIUM
IL03679,S0177,INV0241,Qualcomm Ventures,,Series A,,,,,,,,,SRC02679,MEDIUM
IL03680,S0177,INV0233,Sequoia Capital,,Series A,,,,lead,,,,,SRC02679,MEDIUM
IL03681,S0177,INV0436,Warburg Pincus,Private Equity,,,,['Growth rounds'],False,,,,,SRC02679,HIGH
IL03682,S0177,INV0063,Norwest Venture Partners,Venture Capital,,,,['Growth rounds'],False,,,,,SRC02679,HIGH
IL03683,S0177,INV0750,Peak XV,Venture Capital,,,,['Series A'],False,,,,,SRC02681,MEDIUM
IL03684,S0177,INV1194,Avataar Ventures,Private Equity,,,2023,['Cap table revision'],False,,,,,SRC02681,MEDIUM
IL03685,S0178,INV0003,Accel,,Seed,2025-06-11,,,lead,,,,,SRC02685,HIGH
IL03686,S0178,INV0125,Blume Ventures,,Seed,2025-06-11,,,,,,,,SRC02685,HIGH
IL03687,S0178,INV0145,Kae Capital,,Seed,2025-06-11,,,,,,,,SRC02685,HIGH
IL03688,S0178,INV1195,8i Ventures,,Seed,2025-06-11,,,,,,,,SRC02685,HIGH
IL03689,S0178,INV1196,DeVC,,Seed,2025-06-11,,,,,,,,SRC02685,HIGH
IL03690,S0178,INV0003,Accel,,Seed,2025-06-11,,,lead,,,,,SRC02685,HIGH
IL03691,S0178,INV0037,Peak XV Partners,,Series A,2025-12-22,,,lead,,,,,SRC02684,HIGH
IL03692,S0178,INV0003,Accel,,Series A,2025-12-22,,,,,,,,SRC02684,HIGH
IL03693,S0178,INV0125,Blume Ventures,,Series A,2025-12-22,,,,,,,,SRC02684,HIGH
IL03694,S0178,INV0145,Kae Capital,,Series A,2025-12-22,,,,,,,,SRC02684,HIGH
IL03695,S0178,INV1195,8i Ventures,,Series A,2025-12-22,,,,,,,,SRC02684,HIGH
IL03696,S0178,INV1196,DeVC,,Series A,2025-12-22,,,,,,,,SRC02684,HIGH
IL03697,S0178,INV0037,Peak XV Partners,,Series A,2025-12-22,,,lead,,,,,SRC02684,HIGH
IL03698,S0178,INV1197,"Uni Cards investors (Lightspeed, Accel, General Catalyst, Eight Roads, Elevation Capital)",,Pre-seed / Spin-off,2025-02-18,,,,,,,,SRC02687,HIGH
IL03699,S0178,INV0037,Peak XV Partners,Venture Capital,,,2025-12-22,['Series A'],True,,"{'v': 7000000, 'currency': 'USD'}",,,SRC02684,HIGH
IL03700,S0178,INV0003,Accel,Venture Capital,,,2025-06-11,"['Seed', 'Series A']",False,,,,,SRC02685,HIGH
IL03701,S0178,INV0125,Blume Ventures,Venture Capital,,,2025-06-11,"['Seed', 'Series A']",False,,,,,SRC02684,HIGH
IL03702,S0178,INV0145,Kae Capital,Venture Capital,,,2025-06-11,"['Seed', 'Series A']",False,,,,,SRC02684,HIGH
IL03703,S0178,INV1195,8i Ventures,Venture Capital,,,2025-06-11,"['Seed', 'Series A']",False,,,,,SRC02684,HIGH
IL03704,S0178,INV1196,DeVC,Venture Capital,,,2025-06-11,"['Seed', 'Series A']",False,,,,,SRC02684,HIGH
IL03705,S0179,INV1198,Stellaris,,seed,2024-08-12,,,lead,,,,,SRC02692,HIGH
IL03706,S0179,INV1198,Stellaris,,series_a,2026-01-15,,,lead,,,,,SRC02692,HIGH
IL03707,S0179,INV1199,Orios,,series_a,2026-01-15,,,lead,,,,,SRC02692,HIGH
IL03708,S0179,INV1200,Stride,,series_a,2026-01-15,,,,,,,,SRC02692,HIGH
IL03709,S0179,INV1201,Mukesh Bansal,,series_a,2026-01-15,,,,,,,,SRC02692,HIGH
IL03710,S0179,INV1132,Ramakant Sharma,,series_a,2026-01-15,,,,,,,,SRC02692,HIGH
IL03711,S0179,INV1202,Aakrit Vaish,,series_a,2026-01-15,,,,,,,,SRC02692,HIGH
IL03712,S0179,INV1203,Miten Sampat,,series_a,2026-01-15,,,,,,,,SRC02692,HIGH
IL03713,S0179,INV1198,Stellaris,,series_a,2026-01-15,,,lead,,,,,SRC02692,HIGH
IL03714,S0179,INV1199,Orios,,series_a,2026-01-15,,,lead,,,,,SRC02692,HIGH
IL03715,S0179,INV1200,Stride,,venture_debt,2026-01-15,,,lead,,,,,SRC02692,HIGH
IL03716,S0179,INV1204,Stellaris Venture Partners,VC,,,2024-08,"['seed', 'series_a']",True,,,,,SRC02692,HIGH
IL03717,S0179,INV1056,Orios Venture Partners,VC,,,2026-01,['series_a'],True,,,,,SRC02692,HIGH
IL03718,S0179,INV0293,Stride Ventures,debt,,,2026-01,['venture_debt'],,,,,,SRC02692,HIGH
IL03719,S0180,INV0962,Pavestone,,series_unknown,2026-05-04,,,lead,,,,,SRC02697,HIGH
IL03720,S0180,INV0962,Pavestone,VC,,,2026-05,['series_unknown'],True,,"{'v': 5000000, 'currency': 'USD'}",,,SRC02697,HIGH
IL03721,S0181,INV0043,CalPERS,,private_equity,2026-01,,,lead,31000.0,,,,SRC02700,HIGH
IL03722,S0181,INV1205,RJ Corp,,private_equity,2026-01,,,,31000.0,,,,SRC02700,HIGH
IL03723,S0181,INV1206,Enam,,private_equity,2026-01,,,,31000.0,,,,SRC02700,HIGH
IL03724,S0181,INV1207,Akash Bhansali,,private_equity,2026-01,,,,31000.0,,,,SRC02700,HIGH
IL03725,S0181,INV1208,Hero,,private_equity,2026-01,,,,31000.0,,,,SRC02700,HIGH
IL03726,S0181,INV1209,DLF,,private_equity,2026-01,,,,31000.0,,,,SRC02700,HIGH
IL03727,S0181,INV0043,CalPERS,,private_equity,2026-01,,,lead,31000.0,,,,SRC02700,HIGH
IL03728,S0181,INV1210,Poonawalla family office,,private_equity,2026-07,,,lead,7000.0,,,,SRC02701,HIGH
IL03729,S0181,INV0043,CalPERS,pension_fund,,,2026-01,['private_equity'],True,,"{'v': 3100000000, 'currency': 'INR'}",,,SRC02700,HIGH
IL03730,S0181,INV1210,Poonawalla family office,family_office,,,2026-07,['private_equity'],True,,"{'v': 7000000000, 'currency': 'INR'}",,,SRC02701,HIGH
IL03731,S0181,INV1205,RJ Corp,conglomerate,,,2026,,,,,,,SRC02701,MEDIUM
IL03732,S0181,INV1208,Hero,conglomerate,,,2026,,,,,,,SRC02701,MEDIUM
IL03733,S0181,INV1209,DLF,real_estate,,,2026,,,,,,,SRC02701,MEDIUM
IL03734,S0182,INV0042,General Catalyst,,series_b,2025-06-25,,,lead,,,,,SRC02705,HIGH
IL03735,S0182,INV0094,Think Investments,,series_b,2025-06-25,,,,,,,,SRC02705,HIGH
IL03736,S0182,INV0042,General Catalyst,,series_b,2025-06-25,,,lead,,,,,SRC02705,HIGH
IL03737,S0182,INV0042,General Catalyst,VC,,,2025-06,['series_b'],True,,"{'v': 100000000, 'currency': 'USD'}",,,SRC02705,HIGH
IL03738,S0182,INV0094,Think Investments,VC,,,2025-06,['series_b'],,,,,,SRC02705,HIGH
IL03739,S0183,INV1212,Acacia Inclusion,,pre_series_c,2026-03,,,lead,660.0,,,,SRC02714,HIGH
IL03740,S0183,INV0125,Blume Ventures,,pre_series_c,2026-03,,,lead,660.0,,,,SRC02714,HIGH
IL03741,S0183,INV1213,PC-SBI Kurashi Visionary Fund,,pre_series_c,2026-03,,,lead,660.0,,,,SRC02714,HIGH
IL03742,S0183,INV0524,Mirova,,debt,2026-04,,,lead,,,,,SRC02714,HIGH
IL03743,S0183,INV1214,Rising Tide Ventures,,series_c,2026-08-30,,,lead,1855.0,,,,SRC02714,HIGH
IL03744,S0183,INV1215,Ecosystem Integrity Fund,,series_c,2026-08-30,,,,1855.0,,,,SRC02714,HIGH
IL03745,S0183,INV0125,Blume Ventures,,series_c,2026-08-30,,,,1855.0,,,,SRC02714,HIGH
IL03746,S0183,INV1214,Rising Tide Ventures,,series_c,2026-08-30,,,lead,1855.0,,,,SRC02714,HIGH
IL03747,S0183,INV0029,Tiger Global,hedge_fund,,,2024,['series_b'],True,,,,,SRC02715,HIGH
IL03748,S0183,INV0125,Blume Ventures,VC,,,2024,"['series_b', 'pre_series_c', 'series_c']",,,,,,SRC02714,HIGH
IL03749,S0183,INV1214,Rising Tide Ventures,VC,,,2025,"['series_b_extended', 'series_c']",True,,,,,SRC02714,HIGH
IL03750,S0183,INV1215,Ecosystem Integrity Fund,impact_fund,,,2026,['series_c'],,,,,,SRC02714,HIGH
IL03751,S0183,INV1216,LeapFrog Investments,impact_fund,,,2024,,,,,,,SRC02715,MEDIUM
IL03752,S0183,INV0524,Mirova,debt,,,2026-04,['debt'],,,,,,SRC02714,HIGH
IL03753,S0184,INV1217,Uber,,Series B,Sep 2026,,,lead,10.0,,,,SRC02721,HIGH
IL03754,S0184,INV1217,Uber,,Series B,Sep 2026,,,lead,10.0,,,,SRC02721,HIGH
IL03755,S0184,INV1217,Uber,corporate,,,2026,['Series B'],True,,10,,,SRC02722,HIGH
IL03756,S0185,INV0668,3one4 Capital,,Seed/Series A,Sep 2024,,,lead,5.0,,,,SRC02725,MEDIUM
IL03757,S0185,INV0668,3one4 Capital,,Seed/Series A,Sep 2024,,,lead,5.0,,,,SRC02725,MEDIUM
IL03758,S0185,INV0204,Vertex Ventures,,Series B,Aug 2025,,,lead,10.4,,,,SRC02726,HIGH
IL03759,S0185,INV1218,Peak XV Surge,,Series B,Aug 2025,,,,10.4,,,,SRC02726,HIGH
IL03760,S0185,INV0668,3one4 Capital,,Series B,Aug 2025,,,,10.4,,,,SRC02726,HIGH
IL03761,S0185,INV0204,Vertex Ventures,,Series B,Aug 2025,,,lead,10.4,,,,SRC02726,HIGH
IL03762,S0185,INV1219,Peak XV Partners (Surge),,Seed,2023-11-27,,,lead,2.5,,,,SRC02734,MEDIUM
IL03763,S0185,INV1219,Peak XV Partners (Surge),,Seed,2023-11-27,,,lead,2.5,,,,SRC02734,MEDIUM
IL03764,S0185,INV1220,Kettleborough VC,,Seed,2024-04-15,,,lead,2.5,,,,SRC02729,MEDIUM
IL03765,S0185,INV1221,Naveen Kukreja,,Seed,2024-04-15,,,,2.5,,,,SRC02729,MEDIUM
IL03766,S0185,INV1222,9+ others,,Seed,2024-04-15,,,,2.5,,,,SRC02729,MEDIUM
IL03767,S0185,INV1220,Kettleborough VC,,Seed,2024-04-15,,,lead,2.5,,,,SRC02729,MEDIUM
IL03768,S0185,INV0668,3one4 Capital,,Series A,2024-09-20,,,lead,5.0,,,,SRC02725,HIGH
IL03769,S0185,INV1219,Peak XV Partners (Surge),,Series A,2024-09-20,,,,5.0,,,,SRC02725,HIGH
IL03770,S0185,INV0652,angel investors,,Series A,2024-09-20,,,,5.0,,,,SRC02725,HIGH
IL03771,S0185,INV0668,3one4 Capital,,Series A,2024-09-20,,,lead,5.0,,,,SRC02725,HIGH
IL03772,S0185,INV0204,Vertex Ventures,VC,,,Aug 2025,['Series B'],True,,10.4,,,SRC02726,HIGH
IL03773,S0185,INV0668,3one4 Capital,VC,,,Sep 2024,['Seed/Series A'],True,,5,,,SRC02725,MEDIUM
IL03774,S0186,INV1223,Galaxy Interactive,,Series A,Jan 2022,,,lead,10.0,,,,SRC02742,HIGH
IL03775,S0186,INV1224,Animoca Brands,,Series A,Jan 2022,,,lead,10.0,,,,SRC02742,HIGH
IL03776,S0186,INV1223,Galaxy Interactive,,Series A,Jan 2022,,,lead,10.0,,,,SRC02742,HIGH
IL03777,S0186,INV1224,Animoca Brands,,Series A,Jan 2022,,,lead,10.0,,,,SRC02742,HIGH
IL03778,S0186,INV1223,Galaxy Interactive,VC,,,Jan 2022,['Series A'],True,,,,,SRC02742,HIGH
IL03779,S0186,INV1224,Animoca Brands,corporate/VC,,,Jan 2022,['Series A'],True,,,,,SRC02742,HIGH
IL03780,S0187,INV0046,Lightspeed,,pre-Series A,May 2025,,,lead,3.75,,,,SRC02744,HIGH
IL03781,S0187,INV0046,Lightspeed,,pre-Series A,May 2025,,,lead,3.75,,,,SRC02744,HIGH
IL03782,S0187,INV0046,Lightspeed,VC,,,May 2025,['pre-Series A'],True,,3.75,,,SRC02744,HIGH
IL03783,S0189,INV0470,India Quotient,,Pre-Seed,2023-11-14,,,lead,,,,,SRC02753,HIGH
IL03784,S0189,INV0121,Elevation Capital,,Pre-Seed,2023-11-14,,,lead,,,,,SRC02753,HIGH
IL03785,S0189,INV0121,Elevation Capital,,Seed,2026-05-06,,,lead,,,,,SRC02753,HIGH
IL03786,S0189,INV0470,India Quotient,,Seed,2026-05-06,,,lead,,,,,SRC02753,HIGH
IL03787,S0189,INV0121,Elevation Capital,VC,,,,"['Pre-Seed', 'Seed']",True,,,,,,
IL03788,S0189,INV0470,India Quotient,VC,,,,"['Pre-Seed', 'Seed']",True,,,,,,
IL03789,S0189,INV1225,Blue Asva Varenya Fund,Angel/VC,,,,['Seed'],False,,,,,,
IL03790,S0189,INV1226,FBC Venture Partners,VC,,,,['Seed'],False,,,,,,
IL03791,S0189,INV1227,Spearhead Capital,VC,,,,['Seed'],False,,,,,,
IL03792,S0191,INV0003,Accel,,Seed,2026-06-24,,,lead,,,,,SRC02760,HIGH
IL03793,S0191,INV0142,Prosus,,Seed,2026-06-24,,,lead,,,,,SRC02760,HIGH
IL03794,S0191,INV0178,South Park Commons,,Seed,2026-06-24,,,,,,,,SRC02760,HIGH
IL03795,S0191,INV1228,ARTPARK,,Seed,2026-06-24,,,,,,,,SRC02760,HIGH
IL03796,S0191,INV1229,Manish Jain,,Seed,2026-06-24,,,,,,,,SRC02760,HIGH
IL03797,S0191,INV0003,Accel,,Seed,2026-06-24,,,lead,,,,,SRC02760,HIGH
IL03798,S0191,INV0142,Prosus,,Seed,2026-06-24,,,lead,,,,,SRC02760,HIGH
IL03799,S0191,INV0003,Accel,VC,,,,['Seed'],True,,,,,,
IL03800,S0191,INV0142,Prosus,VC,,,,['Seed'],True,,,,,,
IL03801,S0191,INV0178,South Park Commons,VC,,,,['Seed'],False,,,,,,
IL03802,S0191,INV1228,ARTPARK,Incubator/VC,,,,['Seed'],False,,,,,,
IL03803,S0191,INV1229,Manish Jain,Angel,,,,['Seed'],False,,,,,,
IL03804,S0192,INV1230,Jacob Hansen Family Trust,,Seed,2024-02-01,,,lead,,,,,SRC02764,MEDIUM
IL03805,S0192,INV1230,Jacob Hansen Family Trust,Family Office,,,,['Seed (2024)'],True,,,,,,
IL03806,S0192,INV1231,Krishnaswamy Vijay,Angel,,,,['Seed (2022)'],False,,,,,,
IL03807,S0193,INV0112,Bessemer Venture Partners,,Series B,2025-08-27,,,lead,,,,,SRC02767,HIGH
IL03808,S0193,INV0025,Arkam Ventures,,Series B,2025-08-27,,,,,,,,SRC02767,HIGH
IL03809,S0193,INV1232,Fundamentum Partnership,,Series B,2025-08-27,,,,,,,,SRC02767,HIGH
IL03810,S0193,INV1195,8i Ventures,,Series B,2025-08-27,,,,,,,,SRC02767,HIGH
IL03811,S0193,INV1233,Accion Venture Labs,,Series B,2025-08-27,,,,,,,,SRC02767,HIGH
IL03812,S0193,INV1234,GMO Venture Partners,,Series B,2025-08-27,,,,,,,,SRC02767,HIGH
IL03813,S0193,INV0112,Bessemer Venture Partners,,Series B,2025-08-27,,,lead,,,,,SRC02767,HIGH
IL03814,S0193,INV0112,Bessemer Venture Partners,VC,,,,['Series B'],True,,,,,,
IL03815,S0193,INV0025,Arkam Ventures,VC,,,,['Series B'],False,,,,,,
IL03816,S0193,INV1232,Fundamentum Partnership,VC,,,,['Series B'],False,,,,,,
IL03817,S0193,INV1195,8i Ventures,VC,,,,['Series B'],False,,,,,,
IL03818,S0193,INV1233,Accion Venture Labs,VC,,,,['Series B'],False,,,,,,
IL03819,S0193,INV1234,GMO Venture Partners,VC,,,,['Series B'],False,,,,,,
IL03820,S0194,INV1235,Rockstud Capital,,seed,2025-08-13,,,lead,3.0,,,,SRC02772,HIGH
IL03821,S0194,INV1236,global and domestic investors,,seed,2025-08-13,,,,3.0,,,,SRC02772,HIGH
IL03822,S0194,INV1235,Rockstud Capital,,seed,2025-08-13,,,lead,3.0,,,,SRC02772,HIGH
IL03823,S0194,INV1235,Rockstud Capital,VC,,,2025-08,['seed'],True,,3000000,UNKNOWN,,SRC02775,HIGH
IL03824,S0195,INV1237,Susquehanna Asia VC,,Series C,2026-03-16,,,lead,36.0,,,,SRC02778,HIGH
IL03825,S0195,INV0121,Elevation Capital,,Series C,2026-03-16,,,,36.0,,,,SRC02778,HIGH
IL03826,S0195,INV1238,Long Journey Ventures,,Series C,2026-03-16,,,,36.0,,,,SRC02778,HIGH
IL03827,S0195,INV0037,Peak XV Partners,,Series C,2026-03-16,,,,36.0,,,,SRC02778,HIGH
IL03828,S0195,INV1239,MakeMyTrip,,Series C,2026-03-16,,,,36.0,,,,SRC02778,HIGH
IL03829,S0195,INV1237,Susquehanna Asia VC,,Series C,2026-03-16,,,lead,36.0,,,,SRC02778,HIGH
IL03830,S0195,INV1237,Susquehanna Asia VC,VC,,,2026-03,['Series C'],True,,36000000,UNKNOWN,,SRC02779,HIGH
IL03831,S0195,INV0121,Elevation Capital,VC,,,2023,"['Series A', 'Series C']",False,,,UNKNOWN,,SRC02781,HIGH
IL03832,S0195,INV1239,MakeMyTrip,Strategic,,,2026-03,['Series C'],False,,,UNKNOWN,,SRC02782,HIGH
IL03833,S0196,INV1240,Havells India,,pre-IPO,2025-10-29,,,lead,14220.0,,,,SRC02787,HIGH
IL03834,S0196,INV1241,Nikhil Kamath (Zerodha),,pre-IPO,2025-10-29,,,,14220.0,,,,SRC02787,HIGH
IL03835,S0196,INV1240,Havells India,,pre-IPO,2025-10-29,,,lead,14220.0,,,,SRC02787,HIGH
IL03836,S0196,INV1240,Havells India,Strategic/Corporate,,,2025-10,['pre-IPO'],True,,14220000000,UNKNOWN,,SRC02787,HIGH
IL03837,S0196,INV0578,Nikhil Kamath,Angel/Individual,,,2025-08-18,['strategic_investment'],True,,1375000000,UNKNOWN,,SRC02786,HIGH
IL03838,S0197,INV1242,Vertex Ventures Southeast Asia & India,,Series B,2025-08-25,,,lead,24.0,,,,SRC02794,HIGH
IL03839,S0197,INV0048,Nexus Venture Partners,,Series B,2025-08-25,,,,24.0,,,,SRC02794,HIGH
IL03840,S0197,INV1204,Stellaris Venture Partners,,Series B,2025-08-25,,,,24.0,,,,SRC02794,HIGH
IL03841,S0197,INV1055,Omidyar Network India,,Series B,2025-08-25,,,,24.0,,,,SRC02794,HIGH
IL03842,S0197,INV1242,Vertex Ventures Southeast Asia & India,,Series B,2025-08-25,,,lead,24.0,,,,SRC02794,HIGH
IL03843,S0197,INV0048,Nexus Venture Partners,,Seed,2022-12-30,,,lead,8.847392,,,,SRC02795,HIGH
IL03844,S0197,INV1204,Stellaris Venture Partners,,Seed,2022-12-30,,,,8.847392,,,,SRC02795,HIGH
IL03845,S0197,INV0652,Angel investors,,Seed,2022-12-30,,,,8.847392,,,,SRC02795,HIGH
IL03846,S0197,INV0048,Nexus Venture Partners,,Seed,2022-12-30,,,lead,8.847392,,,,SRC02795,HIGH
IL03847,S0197,INV0048,Nexus Venture Partners,,Series A,2023-11-10,,,lead,10.37456,,,,SRC02795,HIGH
IL03848,S0197,INV1204,Stellaris Venture Partners,,Series A,2023-11-10,,,,10.37456,,,,SRC02795,HIGH
IL03849,S0197,INV1055,Omidyar Network India,,Series A,2023-11-10,,,,10.37456,,,,SRC02795,HIGH
IL03850,S0197,INV0048,Nexus Venture Partners,,Series A,2023-11-10,,,lead,10.37456,,,,SRC02795,HIGH
IL03851,S0197,INV1242,Vertex Ventures Southeast Asia & India,VC,,,2025-08,['Series B'],True,,24000000,UNKNOWN,,SRC02802,HIGH
IL03852,S0197,INV0048,Nexus Venture Partners,VC,,,2023-05,"['pre_seed', 'Series B']",False,,,UNKNOWN,,SRC02803,HIGH
IL03853,S0197,INV1204,Stellaris Venture Partners,VC,,,2023-05,"['pre_seed', 'Series B']",False,,,UNKNOWN,,SRC02803,HIGH
IL03854,S0198,INV1243,Bharat Jaisinghani,,pre-Series A,2026-09-09,,,lead,4.5,,,,SRC02810,HIGH
IL03855,S0198,INV1244,Nitish Mittersain (Nazara founder),,pre-Series A,2026-09-09,,,,4.5,,,,SRC02810,HIGH
IL03856,S0198,INV0105,others,,pre-Series A,2026-09-09,,,,4.5,,,,SRC02810,HIGH
IL03857,S0198,INV1243,Bharat Jaisinghani,,pre-Series A,2026-09-09,,,lead,4.5,,,,SRC02810,HIGH
IL03858,S0198,INV1243,Bharat Jaisinghani,Angel/Investor,,,2026-09,['pre-Series A'],True,,4500000,UNKNOWN,,SRC02815,HIGH
IL03859,S0198,INV1245,Nitish Mittersain,Angel/Individual,,,2026-09,['pre-Series A'],False,,,UNKNOWN,,SRC02810,HIGH
IL03860,S0199,INV1246,Mayfield Fund,,Series B,October 2023,,,lead,,,,,SRC02821,HIGH
IL03861,S0199,INV1246,Mayfield Fund,,Series B,October 2023,,,lead,,,,,SRC02821,HIGH
IL03862,S0199,INV1247,Advenza Global Ltd,,Series C,November 2025,,,,1500.0,,,,SRC02820,HIGH
IL03863,S0199,INV0051,UNKNOWN,,Series C,November 2025,,,lead,1500.0,,,,SRC02820,HIGH
IL03864,S0200,INV1248,REA India,Corporate,,,Jul 2026,['Acquisition'],True,,,,,SRC02824,HIGH
IL03865,S0201,INV1249,Two UK family offices,,Series C,Jun 2025,,,lead,,,,,SRC02833,HIGH
IL03866,S0201,INV1250,UK family offices,Family Office,,,Jun 2025,['Series C'],True,,,,,SRC02833,HIGH
IL03867,S0202,INV1251,Sixth Sense Ventures,,Pre-Series B,Feb 2023,,,lead,,,,,SRC02840,HIGH
IL03868,S0202,INV1251,Sixth Sense Ventures,VC,,,Feb 2023,['Pre-Series B'],True,,,,,SRC02840,HIGH
IL03869,S0203,INV0542,InfoEdge Ventures,,Seed/Series A,May 2026,,,lead,,,,,SRC02847,HIGH
IL03870,S0203,INV1252,Flourish Ventures,,Seed/Series A,May 2026,,,,,,,,SRC02847,HIGH
IL03871,S0203,INV1253,Antler,,Seed/Series A,May 2026,,,,,,,,SRC02847,HIGH
IL03872,S0203,INV0542,InfoEdge Ventures,,Seed/Series A,May 2026,,,lead,,,,,SRC02847,HIGH
IL03873,S0207,INV0074,Prosus Ventures,,Pre-Series A,"Jul 31, 2025",,,lead,,,,,SRC02859,HIGH
IL03874,S0207,INV0003,Accel,,Pre-Series A,"Jul 31, 2025",,,lead,,,,,SRC02859,HIGH
IL03875,S0207,INV1254,GSF Investors,,Pre-Series A,"Jul 31, 2025",,,lead,,,,,SRC02859,HIGH
IL03876,S0207,INV0074,Prosus Ventures,,Pre-Series A,"Jul 31, 2025",,,lead,,,,,SRC02859,HIGH
IL03877,S0207,INV0003,Accel,,Pre-Series A,"Jul 31, 2025",,,lead,,,,,SRC02859,HIGH
IL03878,S0207,INV1254,GSF Investors,,Pre-Series A,"Jul 31, 2025",,,lead,,,,,SRC02859,HIGH
IL03879,S0207,INV0074,Prosus Ventures,VC,,,Jul 2025,['Pre-Series A'],True,,"{'v': 4170000, 'currency': 'USD'}",,,SRC02858,HIGH
IL03880,S0207,INV0003,Accel,VC,,,Jul 2025,['Pre-Series A'],True,,"{'v': 4170000, 'currency': 'USD'}",,,SRC02858,HIGH
IL03881,S0207,INV1254,GSF Investors,VC,,,Jul 2025,['Pre-Series A'],False,,"{'v': 4170000, 'currency': 'USD'}",,,SRC02858,HIGH
IL03882,S0208,INV1085,Unicorn India Ventures,,Pre-Series A,Dec 2024,,,lead,100.0,,,,SRC02868,MEDIUM
IL03883,S0208,INV1085,Unicorn India Ventures,,Pre-Series A,Dec 2024,,,lead,100.0,,,,SRC02868,MEDIUM
IL03884,S0208,INV0823,Zoho Corporation,,Series A,"Jul 24, 2025",,,lead,1070.0,,,,SRC02863,HIGH
IL03885,S0208,INV1085,Unicorn India Ventures,,Series A,"Jul 24, 2025",,,,1070.0,,,,SRC02863,HIGH
IL03886,S0208,INV0823,Zoho Corporation,,Series A,"Jul 24, 2025",,,lead,1070.0,,,,SRC02863,HIGH
IL03887,S0208,INV0823,Zoho Corporation,Corporate,,,Jul 2025,['Series A'],True,,"{'v': 1070000000, 'currency': 'INR', 'note': 'Rs 107 crore'}",,,SRC02863,HIGH
IL03888,S0208,INV1085,Unicorn India Ventures,VC,,,Dec 2024,"['Pre-Series A', 'Series A']",False,,"{'v': 1070000000, 'currency': 'INR', 'note': 'Participated in Series A'}",,,SRC02863,HIGH
IL03889,S0209,INV1255,PE investors,,PE Share Sale,Apr 2023,,,,,,,,SRC02877,MEDIUM
IL03890,S0209,INV1257,Nuveen,,PE Share Sale (CCPS),2023-04-09,,,,730.0,,,,SRC02877,HIGH
IL03891,S0209,INV0520,FMO,,PE Share Sale (CCPS),2023-04-09,,,,730.0,,,,SRC02877,HIGH
IL03892,S0209,INV1256,Piramal Alternatives,,PE Share Sale (CCPS),2023-04-09,,,lead,730.0,,,,SRC02877,HIGH
IL03893,S0209,INV1258,European DFI,,PE Share Sale (CCPS),2023-04-09,,,,730.0,,,,SRC02877,HIGH
IL03894,S0209,INV1256,Piramal Alternatives,,PE Share Sale (CCPS),2023-04-09,,,lead,730.0,,,,SRC02877,HIGH
IL03895,S0209,INV1259,US Teachers Insurance and Annuity Association,,IPO (DRHP filed),2026-05-15,,,,600.0,,,,SRC02874,HIGH
IL03896,S0209,INV1260,Michael & Susan Dell Foundation,,IPO (DRHP filed),2026-05-15,,,,600.0,,,,SRC02874,HIGH
IL03897,S0209,INV1261,Aavishkaar Goodwell India Microfinance Development Company-II,,IPO (DRHP filed),2026-05-15,,,,600.0,,,,SRC02874,HIGH
IL03898,S0209,INV1262,Tano Capital,,IPO (DRHP filed),2026-05-15,,,,600.0,,,,SRC02874,HIGH
IL03899,S0209,INV1263,TR Capital III Mauritius,,IPO (DRHP filed),2026-05-15,,,,600.0,,,,SRC02874,HIGH
IL03900,S0209,INV1264,Danish Sustainable Development Goals Investment Fund,,IPO (DRHP filed),2026-05-15,,,,600.0,,,,SRC02874,HIGH
IL03901,S0209,INV1265,Aavishkaar Group,Parent/PE,,,2006,,True,,,,,SRC02880,HIGH
IL03902,S0210,INV0895,Public,,IPO,"Apr 28, 2025",,,,,,,,SRC02894,HIGH
IL03903,S0210,INV0488,Hero MotoCorp,,Preferential,Jul 2026,,,lead,,,,,SRC02893,HIGH
IL03904,S0210,INV1267,IJF,,Preferential,Jul 2026,,,,,,,,SRC02893,HIGH
IL03905,S0210,INV1268,Founders,,Preferential,Jul 2026,,,,,,,,SRC02893,HIGH
IL03906,S0210,INV0488,Hero MotoCorp,,Preferential,Jul 2026,,,lead,,,,,SRC02893,HIGH
IL03907,S0210,INV1266,India-Japan Fund,,Preferential,Jul 2026,,,lead,,,,,SRC02893,HIGH
IL03908,S0210,INV0488,Hero MotoCorp,Strategic,,,2016,['Multiple'],True,,,,,SRC02893,HIGH
IL03909,S0210,INV1266,India-Japan Fund,PE,,,2026,['2026 preferential'],False,,,,,SRC02893,HIGH
IL03910,S0211,INV1269,Mirae Asset Venture Investment,,Maiden Round,Aug 2026,,,lead,,,,,SRC02901,HIGH
IL03911,S0211,INV0146,Elev8 Venture Partners,,Maiden Round,Aug 2026,,,lead,,,,,SRC02901,HIGH
IL03912,S0211,INV1269,Mirae Asset Venture Investment,,Maiden Round,Aug 2026,,,lead,,,,,SRC02901,HIGH
IL03913,S0211,INV0146,Elev8 Venture Partners,,Maiden Round,Aug 2026,,,lead,,,,,SRC02901,HIGH
IL03914,S0211,INV1269,Mirae Asset Venture Investment,,Maiden Round,2026-08-25,,,lead,20.0,,,,SRC02904,HIGH
IL03915,S0211,INV0146,Elev8 Venture Partners,,Maiden Round,2026-08-25,,,lead,20.0,,,,SRC02904,HIGH
IL03916,S0211,INV1269,Mirae Asset Venture Investment,,Maiden Round,2026-08-25,,,lead,20.0,,,,SRC02904,HIGH
IL03917,S0211,INV0146,Elev8 Venture Partners,,Maiden Round,2026-08-25,,,lead,20.0,,,,SRC02904,HIGH
IL03918,S0211,INV1269,Mirae Asset Venture Investment,,Pre-seed / Talks,2026-06-09,,,lead,25.0,,,,SRC02903,MEDIUM
IL03919,S0211,INV1269,Mirae Asset Venture Investment,,Pre-seed / Talks,2026-06-09,,,lead,25.0,,,,SRC02903,MEDIUM
IL03920,S0211,INV1269,Mirae Asset Venture Investment,PE/VC,,,Aug 2026,['Maiden'],True,,,,,SRC02901,HIGH
IL03921,S0211,INV0146,Elev8 Venture Partners,VC,,,Aug 2026,['Maiden'],True,,,,,SRC02902,HIGH
IL03922,S0212,INV0895,Public,,IPO,"Aug 12, 2026",,,,,,,,SRC02919,HIGH
IL03923,S0212,INV0176,Zomato,,Private (pre-IPO),Nov 2025,,,lead,,,,,SRC02921,MEDIUM
IL03924,S0212,INV0127,Temasek,,Private (pre-IPO),Nov 2025,,,lead,,,,,SRC02921,MEDIUM
IL03925,S0212,INV0176,Zomato,,Private (pre-IPO),Nov 2025,,,lead,,,,,SRC02921,MEDIUM
IL03926,S0212,INV0127,Temasek,,Private (pre-IPO),Nov 2025,,,lead,,,,,SRC02921,MEDIUM
IL03927,S0212,INV0176,Zomato,Strategic,,,UNKNOWN,['Pre-IPO'],False,,,,,SRC02921,MEDIUM
IL03928,S0212,INV0127,Temasek,PE/VC,,,UNKNOWN,['Pre-IPO'],False,,,,,SRC02921,MEDIUM
IL03929,S0213,INV1270,Antler India,,Pre-Series A,Jul 2025,,,lead,,,,,SRC02925,HIGH
IL03930,S0213,INV1271,Ajay Agarwal,,Pre-Series A,Jul 2025,,,,,,,,SRC02925,HIGH
IL03931,S0213,INV0287,Ronnie Screwvala,,Pre-Series A,Jul 2025,,,,,,,,SRC02925,HIGH
IL03932,S0213,INV0649,Sandeep Singhal,,Pre-Series A,Jul 2025,,,,,,,,SRC02925,HIGH
IL03933,S0213,INV1270,Antler India,,Pre-Series A,Jul 2025,,,lead,,,,,SRC02925,HIGH
IL03934,S0213,INV0287,Ronnie Screwvala,,Series A,Sep 2026,,,lead,,,,,SRC02924,HIGH
IL03935,S0213,INV0006,Existing investors,,Series A,Sep 2026,,,,,,,,SRC02924,HIGH
IL03936,S0213,INV0287,Ronnie Screwvala,,Series A,Sep 2026,,,lead,,,,,SRC02924,HIGH
IL03937,S0213,INV0287,Ronnie Screwvala,,Series A,2026-09-07,,,lead,40.0,,,,SRC02924,HIGH
IL03938,S0213,INV1270,Antler India,,Series A,2026-09-07,,,,40.0,,,,SRC02924,HIGH
IL03939,S0213,INV1272,Sharad Sanghi,,Series A,2026-09-07,,,,40.0,,,,SRC02924,HIGH
IL03940,S0213,INV0649,Sandeep Singhal,,Series A,2026-09-07,,,,40.0,,,,SRC02924,HIGH
IL03941,S0213,INV1273,Paula Mariwala,,Series A,2026-09-07,,,,40.0,,,,SRC02924,HIGH
IL03942,S0213,INV0287,Ronnie Screwvala,,Series A,2026-09-07,,,lead,40.0,,,,SRC02924,HIGH
IL03943,S0213,INV1270,Antler India,,Pre-Series A,2025-07-15,,,lead,7.0,,,,SRC02925,HIGH
IL03944,S0213,INV1271,Ajay Agarwal,,Pre-Series A,2025-07-15,,,,7.0,,,,SRC02925,HIGH
IL03945,S0213,INV0287,Ronnie Screwvala,,Pre-Series A,2025-07-15,,,,7.0,,,,SRC02925,HIGH
IL03946,S0213,INV0649,Sandeep Singhal,,Pre-Series A,2025-07-15,,,,7.0,,,,SRC02925,HIGH
IL03947,S0213,INV1270,Antler India,,Pre-Series A,2025-07-15,,,lead,7.0,,,,SRC02925,HIGH
IL03948,S0213,INV0287,Ronnie Screwvala,Angel,,,Sep 2026,['Series A'],True,,,,,SRC02924,HIGH
IL03949,S0213,INV1270,Antler India,VC,,,Jul 2025,['Pre-Series A'],True,,,,,SRC02925,HIGH
IL03950,S0214,INV1274,{'name': 'Prath Ventures'},,Growth capital,2026-09,,,lead,19.0,,,,SRC02943,HIGH
IL03951,S0214,INV1274,{'name': 'Prath Ventures'},,Growth capital,2026-09,,,lead,19.0,,,,SRC02943,HIGH
IL03952,S0214,INV1275,Prath Ventures,venture capital,,,2026-09,['Growth capital'],True,,₹19 crore round; individual cheque undisclosed,,,SRC02943,HIGH
IL03953,S0215,INV1276,{'name': 'Inflection Point Ventures'},,Pre-Series A,2021-04,,,lead,55.0,,,,SRC02954,HIGH
IL03954,S0215,INV1276,{'name': 'Inflection Point Ventures'},,Pre-Series A,2021-04,,,lead,55.0,,,,SRC02954,HIGH
IL03955,S0215,INV1277,{'name': 'LC Nueva Investment Partners'},,Equity,2022-06,,,lead,2.0,,,,SRC02950,HIGH
IL03956,S0215,INV1278,"{'name': ""Founder's Room Capital""}",,Equity,2022-06,,,,2.0,,,,SRC02950,HIGH
IL03957,S0215,INV1277,{'name': 'LC Nueva Investment Partners'},,Equity,2022-06,,,lead,2.0,,,,SRC02950,HIGH
IL03958,S0215,INV1279,{'name': 'LC Nueva'},,Pre-Series A,2026-01,,,lead,180.0,,,,SRC02948,HIGH
IL03959,S0215,INV1280,{'name': 'Mufin'},,Pre-Series A,2026-01,,,,180.0,,,,SRC02948,HIGH
IL03960,S0215,INV1279,{'name': 'LC Nueva'},,Pre-Series A,2026-01,,,lead,180.0,,,,SRC02948,HIGH
IL03961,S0215,INV1281,{'name': 'LC Nueva AIF'},,Bridge Round,2021-09-30,,,lead,20.0,,,,SRC02955,MEDIUM
IL03962,S0215,INV1281,{'name': 'LC Nueva AIF'},,Bridge Round,2021-09-30,,,lead,20.0,,,,SRC02955,MEDIUM
IL03963,S0215,INV1276,{'name': 'Inflection Point Ventures'},,Pre-Series A,2024-03,,,lead,20.0,,,,SRC02956,MEDIUM
IL03964,S0215,INV1276,{'name': 'Inflection Point Ventures'},,Pre-Series A,2024-03,,,lead,20.0,,,,SRC02956,MEDIUM
IL03965,S0215,INV1282,LC Nueva,investment partner,,,2021,"['2022 equity', '2026 pre-Series A']",True,,₹18 crore in 2026 round; earlier amounts undisclosed,,,SRC02948,HIGH
IL03966,S0215,INV1283,Inflection Point Ventures,angel network,,,2021,['2021 pre-Series A'],True,,₹5.5 crore round; individual cheque undisclosed,,,SRC02954,HIGH
IL03967,S0216,INV1284,{'name': 'WaterBridge Ventures'},,Seed,2022-10,,,lead,2.0,,,,SRC02963,HIGH
IL03968,S0216,INV1284,{'name': 'WaterBridge Ventures'},,Seed,2022-10,,,lead,2.0,,,,SRC02963,HIGH
IL03969,S0216,INV0861,WaterBridge Ventures,venture capital,,,2022-10,['Seed'],True,,$2m round; individual cheque undisclosed,,,SRC02963,HIGH
IL03970,S0217,INV1285,{'name': 'Nikhil Kamath'},,Growth capital,2026-08,,,lead,2500.0,,,,SRC02968,HIGH
IL03971,S0217,INV1286,{'name': 'Sreeram Reddy Vanga'},,Growth capital,2026-08,,,lead,2500.0,,,,SRC02968,HIGH
IL03972,S0217,INV1285,{'name': 'Nikhil Kamath'},,Growth capital,2026-08,,,lead,2500.0,,,,SRC02968,HIGH
IL03973,S0217,INV1286,{'name': 'Sreeram Reddy Vanga'},,Growth capital,2026-08,,,lead,2500.0,,,,SRC02968,HIGH
IL03974,S0217,INV0578,Nikhil Kamath,individual entrepreneur,,,2026-08,['2026 growth capital'],,,₹200 crore,,,SRC02972,HIGH
IL03975,S0217,INV1287,Sreeram Reddy Vanga,individual entrepreneur,,,2026-08,['2026 growth capital'],,,₹50 crore implied by coverage; individual amount not independently detailed,,,SRC02968,MEDIUM
IL03976,S0219,INV1288,Baring Private Equity Partners India,,Series A,2026-06-04,,,lead,,,,,SRC02980,HIGH
IL03977,S0219,INV1289,Z3Partners,,Series A,2026-06-04,,,lead,,,,,SRC02980,HIGH
IL03978,S0219,INV1288,Baring Private Equity Partners India,,Series A,2026-06-04,,,lead,,,,,SRC02980,HIGH
IL03979,S0219,INV1289,Z3Partners,,Series A,2026-06-04,,,lead,,,,,SRC02980,HIGH
IL03980,S0219,INV1290,Bajaj Finance,,pre-Series A / seed,2026-06-04,,,lead,,,,,SRC02983,HIGH
IL03981,S0219,INV1290,Bajaj Finance,,pre-Series A / seed,2026-06-04,,,lead,,,,,SRC02983,HIGH
IL03982,S0220,INV1291,IIT Kanpur alumni network,,Seed,2026-02-23,,,lead,,,,,SRC02987,HIGH
IL03983,S0220,INV1291,IIT Kanpur alumni network,,Seed,2026-02-23,,,lead,,,,,SRC02987,HIGH
IL03984,S0221,INV1086,Ashish Kacholia,,Seed,2024-09-30,,,lead,,,,,SRC02993,HIGH
IL03985,S0221,INV1292,Associates,,Seed,2024-09-30,,,lead,,,,,SRC02993,HIGH
IL03986,S0221,INV1086,Ashish Kacholia,,Seed,2024-09-30,,,lead,,,,,SRC02993,HIGH
IL03987,S0221,INV1292,Associates,,Seed,2024-09-30,,,lead,,,,,SRC02993,HIGH
IL03988,S0221,INV1086,Ashish Kacholia,,Series A (planned),2024-09-30,,,lead,,,,,SRC02993,MEDIUM
IL03989,S0222,INV0542,Info Edge Ventures,,Seed,2025-02-13,,,lead,,,,,SRC03002,HIGH
IL03990,S0222,INV0542,Info Edge Ventures,,Seed,2025-02-13,,,lead,,,,,SRC03002,HIGH
IL03991,S0222,INV1191,IAN Alpha Fund,,Series A,2026-05-20,,,lead,,,,,SRC03001,HIGH
IL03992,S0222,INV1037,IAN Group,,Series A,2026-05-20,,,,,,,,SRC03001,HIGH
IL03993,S0222,INV1191,IAN Alpha Fund,,Series A,2026-05-20,,,lead,,,,,SRC03001,HIGH
IL03994,S0223,INV1219,Peak XV Partners (Surge),,pre-Series A / Seed,2026-08-04,,,lead,,,,,SRC03009,HIGH
IL03995,S0223,INV1219,Peak XV Partners (Surge),,pre-Series A / Seed,2026-08-04,,,lead,,,,,SRC03009,HIGH
IL03996,S0224,INV1293,Venture Catalysts angel network,,pre-seed,2026,,,lead,0.5,,,,SRC03014,LOW
IL03997,S0224,INV1293,Venture Catalysts angel network,angel network,,,,['pre-seed'],True,,,,,SRC03014,LOW
IL03998,S0225,INV1294,Helena,,growth equity,August 2026,,,lead,25.0,,,,SRC03016,HIGH
IL03999,S0225,INV1050,Capital 2B,,growth equity,August 2026,,,lead,25.0,,,,SRC03016,HIGH
IL04000,S0225,INV1295,Japan Airlines,,growth equity,August 2026,,,lead,25.0,,,,SRC03016,HIGH
IL04001,S0225,INV1296,TransLink Innovation Fund,,growth equity,August 2026,,,lead,25.0,,,,SRC03016,HIGH
IL04002,S0225,INV1297,SMSC,,growth equity,August 2026,,,lead,25.0,,,,SRC03016,HIGH
IL04003,S0225,INV1294,Helena,,growth equity,August 2026,,,lead,25.0,,,,SRC03016,HIGH
IL04004,S0225,INV1050,Capital 2B,,growth equity,August 2026,,,lead,25.0,,,,SRC03016,HIGH
IL04005,S0225,INV1295,Japan Airlines,,growth equity,August 2026,,,lead,25.0,,,,SRC03016,HIGH
IL04006,S0225,INV1296,TransLink Innovation Fund,,growth equity,August 2026,,,lead,25.0,,,,SRC03016,HIGH
IL04007,S0225,INV1297,SMSC,,growth equity,August 2026,,,lead,25.0,,,,SRC03016,HIGH
IL04008,S0225,INV1294,Helena,investor,,,,['growth equity'],False,,,,,SRC03016,HIGH
IL04009,S0225,INV1050,Capital 2B,investor,,,,['growth equity'],False,,,,,SRC03016,HIGH
IL04010,S0225,INV1295,Japan Airlines,strategic investor,,,,['growth equity'],False,,,,,SRC03016,HIGH
IL04011,S0226,INV1298,Verlinvest,,Series B,September 2026,,,lead,1000.0,,,,SRC01075,MEDIUM
IL04012,S0226,INV0121,Elevation Capital,,Series B,September 2026,,,,1000.0,,,,SRC01075,MEDIUM
IL04013,S0226,INV0048,Nexus Venture Partners,,Series B,September 2026,,,,1000.0,,,,SRC01075,MEDIUM
IL04014,S0226,INV0652,angel investors,,Series B,September 2026,,,,1000.0,,,,SRC01075,MEDIUM
IL04015,S0226,INV1298,Verlinvest,,Series B,September 2026,,,lead,1000.0,,,,SRC01075,MEDIUM
IL04016,S0226,INV0121,Elevation Capital,,Series A,2024-07-01,,,lead,42.3,,,,SRC03024,HIGH
IL04017,S0226,INV0048,Nexus Venture Partners,,Series A,2024-07-01,,,,42.3,,,,SRC03024,HIGH
IL04018,S0226,INV1299,AngelList India,,Series A,2024-07-01,,,,42.3,,,,SRC03024,HIGH
IL04019,S0226,INV0121,Elevation Capital,,Series A,2024-07-01,,,lead,42.3,,,,SRC03024,HIGH
IL04020,S0226,INV1298,Verlinvest,,Series B,2026-09-04,,,lead,98.75,,,,SRC03020,HIGH
IL04021,S0226,INV0121,Elevation Capital,,Series B,2026-09-04,,,,98.75,,,,SRC03020,HIGH
IL04022,S0226,INV0048,Nexus Venture Partners,,Series B,2026-09-04,,,,98.75,,,,SRC03020,HIGH
IL04023,S0226,INV1300,Abhiraj Singh Bhal,,Series B,2026-09-04,,,,98.75,,,,SRC03020,HIGH
IL04024,S0226,INV1301,Bhaane Retail,,Series B,2026-09-04,,,,98.75,,,,SRC03020,HIGH
IL04025,S0226,INV1302,Ajit Mohan,,Series B,2026-09-04,,,,98.75,,,,SRC03020,HIGH
IL04026,S0226,INV1298,Verlinvest,,Series B,2026-09-04,,,lead,98.75,,,,SRC03020,HIGH
IL04027,S0226,INV1298,Verlinvest,,Series B,2026-09-07,,,lead,100.0,,,,SRC03019,MEDIUM
IL04028,S0226,INV0121,Elevation Capital,,Series B,2026-09-07,,,,100.0,,,,SRC03019,MEDIUM
IL04029,S0226,INV0048,Nexus Venture Partners,,Series B,2026-09-07,,,,100.0,,,,SRC03019,MEDIUM
IL04030,S0226,INV1300,Abhiraj Singh Bhal,,Series B,2026-09-07,,,,100.0,,,,SRC03019,MEDIUM
IL04031,S0226,INV1302,Ajit Mohan,,Series B,2026-09-07,,,,100.0,,,,SRC03019,MEDIUM
IL04032,S0226,INV1303,Anand Ahuja,,Series B,2026-09-07,,,,100.0,,,,SRC03019,MEDIUM
IL04033,S0226,INV1298,Verlinvest,,Series B,2026-09-07,,,lead,100.0,,,,SRC03019,MEDIUM
IL04034,S0226,INV1298,Verlinvest,VC,,,,['Series B'],True,,,,,SRC01075,MEDIUM
IL04035,S0226,INV0121,Elevation Capital,VC,,,,['Series B'],False,,,,,SRC01075,MEDIUM
IL04036,S0226,INV0048,Nexus Venture Partners,VC,,,,['Series B'],False,,,,,SRC01075,MEDIUM
IL04037,S0228,INV1304,CDPQ,,Series D,August 2022,,,lead,105.0,,,,SRC03034,MEDIUM
IL04038,S0228,INV0029,Tiger Global,,Series D,August 2022,,,,105.0,,,,SRC03034,MEDIUM
IL04039,S0228,INV1305,Sequoia India (now Peak XV),,Series D,August 2022,,,,105.0,,,,SRC03034,MEDIUM
IL04040,S0228,INV1304,CDPQ,,Series D,August 2022,,,lead,105.0,,,,SRC03034,MEDIUM
IL04041,S0228,INV0080,Sequoia India,,Seed,2013,,,lead,,,,,SRC03039,LOW
IL04042,S0228,INV0080,Sequoia India,,Seed,2013,,,lead,,,,,SRC03039,LOW
IL04043,S0228,INV0029,Tiger Global,,Series C,2019-10,,,lead,35.0,,,,SRC03039,HIGH
IL04044,S0228,INV0084,Sequoia Capital India,,Series C,2019-10,,,lead,35.0,,,,SRC03039,HIGH
IL04045,S0228,INV0029,Tiger Global,,Series C,2019-10,,,lead,35.0,,,,SRC03039,HIGH
IL04046,S0228,INV0084,Sequoia Capital India,,Series C,2019-10,,,lead,35.0,,,,SRC03039,HIGH
IL04047,S0228,INV0037,Peak XV Partners,,CPEF (Conflict/Unverified),2022,,,lead,125.0,,,,,LOW
IL04048,S0228,INV0037,Peak XV Partners,,CPEF (Conflict/Unverified),2022,,,lead,125.0,,,,,LOW
IL04049,S0228,INV1304,CDPQ,institutional investor,,,,['Series D'],True,,,,,SRC03034,MEDIUM
IL04050,S0228,INV0029,Tiger Global,VC,,,,['Series D'],False,,,,,SRC03034,MEDIUM
IL04051,S0228,INV1305,Sequoia India (now Peak XV),VC,,,,['Series D'],False,,,,,SRC03034,MEDIUM
IL04052,S0229,INV0038,Y Combinator,,Seed,2015-08-17,,,lead,,,,,SRC03046,MEDIUM
IL04053,S0229,INV0003,Accel,,Series A,2018-06-20,,,lead,,,,,SRC03046,MEDIUM
IL04054,S0229,INV0037,Peak XV Partners,,Series A,2018-06-20,,,lead,,,,,SRC03046,MEDIUM
IL04055,S0229,INV1306,Wing VC,,Series A,2018-06-20,,,lead,,,,,SRC03046,MEDIUM
IL04056,S0229,INV0038,Y Combinator,,Series A,2018-06-20,,,lead,,,,,SRC03046,MEDIUM
IL04057,S0229,INV0003,Accel,,Series B,2019-07-24,,,lead,,,,,SRC03050,HIGH
IL04058,S0229,INV1307,TI Platform Management,,Series C,2021-10-28,,,lead,,,,,SRC03050,HIGH
IL04059,S0229,INV0218,IFC,,Later Stage VC,2024-09-05,,,lead,,,,,SRC03046,MEDIUM
IL04060,S0229,INV1308,East West Bank,,Later Stage VC,2024-09-05,,,lead,,,,,SRC03046,MEDIUM
IL04061,S0229,INV1309,Sumitomo Mitsui Banking Corporation,,Later Stage VC,2024-09-05,,,lead,,,,,SRC03046,MEDIUM
IL04062,S0229,INV1310,GMO Payment Gateway,,Later Stage VC,2024-09-05,,,lead,,,,,SRC03046,MEDIUM
IL04063,S0229,INV1311,TD Bank,,Conventional Debt,2025-10-30,,,lead,,,,,SRC03047,HIGH
IL04064,S0230,INV1312,Krishnan Vishwanathan,,Seed,2016-07-11,,,lead,,,,,SRC03053,MEDIUM
IL04065,S0230,INV1313,Aasaan Retail,,Seed,2016-07-11,,,lead,,,,,SRC03053,MEDIUM
IL04066,S0230,INV1314,Endiya Partners,,Series A,2016-07-21,,,lead,,,,,SRC03053,MEDIUM
IL04067,S0230,INV1315,Ventureast,,Series A,2016-07-21,,,lead,,,,,SRC03053,MEDIUM
IL04068,S0230,INV1316,Fosun RZ Capital,,Series A,2016-07-21,,,lead,,,,,SRC03053,MEDIUM
IL04069,S0230,INV0694,Zodius,,Series B,2017-10-25,,,lead,,,,,SRC03053,MEDIUM
IL04070,S0230,INV1314,Endiya Partners,,Series B,2017-10-25,,,lead,,,,,SRC03053,MEDIUM
IL04071,S0230,INV1315,Ventureast,,Series B,2017-10-25,,,lead,,,,,SRC03053,MEDIUM
IL04072,S0230,INV1314,Endiya Partners,,Series C,2018-09-07,,,lead,,,,,SRC03053,MEDIUM
IL04073,S0230,INV0204,Vertex Ventures,,Series C,2018-09-07,,,lead,,,,,SRC03053,MEDIUM
IL04074,S0230,INV1316,Fosun RZ Capital,,Series C,2018-09-07,,,lead,,,,,SRC03053,MEDIUM
IL04075,S0230,INV1317,Sistema Asia Capital,,Series C,2019-11-17,,,lead,,,,,SRC03053,MEDIUM
IL04076,S0230,INV1315,Ventureast,,Series C,2019-11-17,,,lead,,,,,SRC03053,MEDIUM
IL04077,S0230,INV1316,Fosun RZ Capital,,Series C,2019-11-17,,,lead,,,,,SRC03053,MEDIUM
IL04078,S0230,INV1318,Vertex Holdings,,Series C,2019-11-17,,,lead,,,,,SRC03053,MEDIUM
IL04079,S0230,INV0381,Innoven Capital,,Series D,2022-04-22,,,lead,,,,,SRC03053,MEDIUM
IL04080,S0230,INV1319,Vertex Growth,,Series E,2022-06-01,,,lead,,,,,SRC03053,MEDIUM
IL04081,S0230,INV1314,Endiya Partners,,Series E,2022-06-01,,,lead,,,,,SRC03053,MEDIUM
IL04082,S0230,INV0413,Trifecta Capital,,Series E,2022-06-01,,,lead,,,,,SRC03053,MEDIUM
IL04083,S0230,INV1320,Sachin Tendulkar,,Angel,2024-12-18,,,lead,,,,,SRC03053,MEDIUM
IL04084,S0230,INV0895,Public,,IPO,2026-04-30,,,lead,,,,,SRC03055,HIGH
IL04085,S0231,INV1321,IDG Ventures India,,Series A,2011,,,lead,,,,,SRC03061,MEDIUM
IL04086,S0231,INV1322,Unilazer Ventures,,Series B,2012,,,lead,,,,,SRC03061,MEDIUM
IL04087,S0231,INV0013,Premji Invest,,Series C,2015,,,lead,,,,,SRC03061,MEDIUM
IL04088,S0231,INV1321,IDG Ventures India,,Series C,2015,,,lead,,,,,SRC03061,MEDIUM
IL04089,S0231,INV1323,International Finance Corporation,,Series D,2016,,,lead,,,,,SRC03061,MEDIUM
IL04090,S0231,INV0225,Steadview Capital,,Series E,2017,,,lead,,,,,SRC03061,MEDIUM
IL04091,S0231,INV0013,Premji Invest,,Series E,2017,,,lead,,,,,SRC03061,MEDIUM
IL04092,S0231,INV0007,SoftBank Vision Fund,,Series F,2018,,,lead,,,,,SRC03061,MEDIUM
IL04093,S0231,INV0001,Kedaara Capital,,Series G,2019,,,lead,,,,,SRC03061,MEDIUM
IL04094,S0231,INV0066,Alpha Wave Global,,Series H,2021,,,lead,,,,,SRC03061,MEDIUM
IL04095,S0231,INV0127,Temasek,,Series H,2021,,,lead,,,,,SRC03061,MEDIUM
IL04096,S0231,INV0066,Alpha Wave Global,,Series I,2023-07-21,,,lead,,,,,SRC03061,MEDIUM
IL04097,S0231,INV0127,Temasek,,Series I,2023-07-21,,,lead,,,,,SRC03061,MEDIUM
IL04098,S0231,INV0093,Fidelity,,Series I,2023-07-21,,,lead,,,,,SRC03061,MEDIUM
IL04099,S0231,INV0895,Public,,IPO,2025-07-29,,,lead,,,,,SRC03063,HIGH
IL04100,S0232,INV1324,Acies Ventures,,Seed,2025-03-10,,,lead,,,,,SRC03071,HIGH
IL04101,S0232,INV1325,PointOne Capital,,Seed,2025-03-10,,,lead,,,,,SRC03071,HIGH
IL04102,S0232,INV1324,Acies Ventures,,Seed,2025-03-10,,,lead,,,,,SRC03070,MEDIUM
IL04103,S0232,INV1325,PointOne Capital,,Seed,2025-03-10,,,lead,,,,,SRC03070,MEDIUM
IL04104,S0232,INV1326,Other Angels,,Seed,2025-03-10,,,lead,,,,,SRC03070,MEDIUM
IL04105,S0233,INV1283,Inflection Point Ventures,,Seed,2021-03-22,,,lead,,,,,SRC03080,MEDIUM
IL04106,S0233,INV1327,Keiretsu Forum,,Seed,2021-03-22,,,lead,,,,,SRC03080,MEDIUM
IL04107,S0233,INV1283,Inflection Point Ventures,,Seed,2023-09-18,,,lead,,,,,SRC03080,MEDIUM
IL04108,S0233,INV1328,CanBank Venture Capital Fund,,Pre-Series A,2024-10-21,,,lead,,,,,SRC03081,HIGH
IL04109,S0233,INV1085,Unicorn India Ventures,,Pre-Series A,2024-10-21,,,lead,,,,,SRC03081,HIGH
IL04110,S0233,INV1085,Unicorn India Ventures,,Series A,2026-06-11,,,lead,,,,,SRC00388,HIGH
IL04111,S0233,INV1329,IA Growth Opportunities Fund,,Series A,2026-06-11,,,lead,,,,,SRC00388,HIGH
IL04112,S0233,INV1330,Brew Opportunities Fund,,Series A,2026-06-11,,,lead,,,,,SRC00388,HIGH
IL04113,S0233,INV1331,Finvolve Ventures,,Series A,2026-06-11,,,lead,,,,,SRC00388,HIGH
IL04114,S0233,INV1332,FirstPort Capital,,Series A,2026-06-11,,,lead,,,,,SRC00388,HIGH
IL04115,S0233,INV1333,Maithan Family Office,,Series A,2026-06-11,,,lead,,,,,SRC00388,HIGH
IL04116,S0234,INV0046,Lightspeed,,Series D,2024-09-24,,,lead,65.0,,,,SRC03084,HIGH
IL04117,S0234,INV0060,360 ONE Asset,,Series D,2024-09-24,,,lead,65.0,,,,SRC03084,HIGH
IL04118,S0234,INV1334,Merck Global Health Innovation Fund,,Series D,2024-09-24,,,,65.0,,,,SRC03084,HIGH
IL04119,S0234,INV0145,Kae Capital,,Series D,2024-09-24,,,,65.0,,,,SRC03084,HIGH
IL04120,S0234,INV1335,Novo Nordisk,,Series D,2024-09-24,,,,65.0,,,,SRC03084,HIGH
IL04121,S0234,INV0046,Lightspeed,,Series D,2024-09-24,,,lead,65.0,,,,SRC03084,HIGH
IL04122,S0234,INV0060,360 ONE Asset,,Series D,2024-09-24,,,lead,65.0,,,,SRC03084,HIGH
IL04123,S0234,INV0046,Lightspeed,VC,,,2024-09-24,['Series D'],True,,,,,SRC03084,HIGH
IL04124,S0234,INV0060,360 ONE Asset,asset manager,,,2024-09-24,['Series D'],True,,,,,SRC03084,HIGH
IL04125,S0235,INV1336,OeEB,,Credit line / project financing,2026-09,,,lead,31.5,,,,SRC03087,HIGH
IL04126,S0235,INV1336,OeEB,,Credit line / project financing,2026-09,,,lead,31.5,,,,SRC03087,HIGH
IL04127,S0235,INV1336,OeEB,development bank,,,2026-03,['Credit line / project financing'],True,,$31.5M / EUR27M loan,,,SRC03087,HIGH
IL04128,S0235,INV1337,Moon Beverage Limited,JV shareholder,,,2024,,,,,,,SRC03089,MEDIUM
IL04129,S0235,INV1338,Jainarain Fabtech,JV shareholder,,,2024,,,,,,,SRC03089,MEDIUM
IL04130,S0236,INV0652,Angel investors,,Seed,2025-08-05,,,lead,1.0,,,,SRC03092,HIGH
IL04131,S0236,INV1339,family office,,Seed,2025-08-05,,,,1.0,,,,SRC03092,HIGH
IL04132,S0236,INV0652,Angel investors,,Seed,2025-08-05,,,lead,1.0,,,,SRC03092,HIGH
IL04133,S0236,INV0652,Angel investors,angels,,,2025-08-05,['Seed'],,,,,,SRC03092,HIGH
IL04134,S0236,INV1339,Family office,family office,,,2025-08-05,['Seed'],,,,,,SRC03094,LOW
IL04135,S0237,INV1340,Five Sigma,,Pre-Series B,2025-12-10,,,lead,7.0,,,,SRC03097,HIGH
IL04136,S0237,INV0125,Blume Ventures,,Pre-Series B,2025-12-10,,,,7.0,,,,SRC03097,HIGH
IL04137,S0237,INV1341,Morphosis,,Pre-Series B,2025-12-10,,,,7.0,,,,SRC03097,HIGH
IL04138,S0237,INV1342,Alicorn,,Pre-Series B,2025-12-10,,,,7.0,,,,SRC03097,HIGH
IL04139,S0237,INV1340,Five Sigma,,Pre-Series B,2025-12-10,,,lead,7.0,,,,SRC03097,HIGH
IL04140,S0237,INV0125,Blume Ventures,,Series A / debt mix,2022-12-07,,,lead,22.5,,,,SRC03099,MEDIUM
IL04141,S0237,INV0125,Blume Ventures,,Series A / debt mix,2022-12-07,,,lead,22.5,,,,SRC03099,MEDIUM
IL04142,S0237,INV1340,Five Sigma,VC,,,2025-12-10,['Pre-Series B'],True,,$7M,,,SRC03097,HIGH
IL04143,S0237,INV0125,Blume Ventures,VC,,,2022-12-07,"['Series A / debt mix', 'Pre-Series B']",,,,,,SRC03097,HIGH
IL04144,S0237,INV1341,Morphosis,VC,,,2025-12-10,['Pre-Series B'],,,,,,SRC03097,HIGH
IL04145,S0237,INV1342,Alicorn,VC,,,2025-12-10,['Pre-Series B'],,,,,,SRC03097,HIGH
IL04146,S0238,INV1343,Just Climate,,Series E / equity,2025-11-20,,,lead,30.0,,,,SRC03101,HIGH
IL04147,S0238,INV1343,Just Climate,,Series E / equity,2025-11-20,,,lead,30.0,,,,SRC03101,HIGH
IL04148,S0238,INV0006,Existing investors,,Equity funding,2025-04-09,,,lead,57.65,,,,SRC03104,MEDIUM
IL04149,S0238,INV0006,Existing investors,,Equity funding,2025-04-09,,,lead,57.65,,,,SRC03104,MEDIUM
IL04150,S0238,INV1344,Aavishkaar Capital,,Seed,2013-04-04,,,lead,0.734,,,,SRC03122,MEDIUM
IL04151,S0238,INV1345,Kunal Bahl,,Seed,2013-04-04,,,,0.734,,,,SRC03122,MEDIUM
IL04152,S0238,INV1346,Rohit Kumar Bansal,,Seed,2013-04-04,,,,0.734,,,,SRC03122,MEDIUM
IL04153,S0238,INV1344,Aavishkaar Capital,,Seed,2013-04-04,,,lead,0.734,,,,SRC03122,MEDIUM
IL04154,S0238,INV1344,Aavishkaar Capital,,Seed,2014-11-29,,,lead,0.645,,,,SRC03122,MEDIUM
IL04155,S0238,INV1344,Aavishkaar Capital,,Seed,2014-11-29,,,lead,0.645,,,,SRC03122,MEDIUM
IL04156,S0238,INV0171,Chiratae Ventures,,Series A,2015-06-15,,,lead,4.0,,,,SRC03122,MEDIUM
IL04157,S0238,INV1344,Aavishkaar Capital,,Series A,2015-06-15,,,lead,4.0,,,,SRC03122,MEDIUM
IL04158,S0238,INV0171,Chiratae Ventures,,Series A,2015-06-15,,,lead,4.0,,,,SRC03122,MEDIUM
IL04159,S0238,INV1344,Aavishkaar Capital,,Series A,2015-06-15,,,lead,4.0,,,,SRC03122,MEDIUM
IL04160,S0238,INV0003,Accel,,Series B,2017-03-07,,,lead,10.0,,,,SRC03123,MEDIUM
IL04161,S0238,INV0171,Chiratae Ventures,,Series B,2017-03-07,,,,10.0,,,,SRC03123,MEDIUM
IL04162,S0238,INV1344,Aavishkaar Capital,,Series B,2017-03-07,,,,10.0,,,,SRC03123,MEDIUM
IL04163,S0238,INV0003,Accel,,Series B,2017-03-07,,,lead,10.0,,,,SRC03123,MEDIUM
IL04164,S0238,INV0709,Bertelsmann India Investments,,Series C,2019-03-07,,,lead,27.0,,,,SRC03124,MEDIUM
IL04165,S0238,INV0003,Accel,,Series C,2019-03-07,,,,27.0,,,,SRC03124,MEDIUM
IL04166,S0238,INV0171,Chiratae Ventures,,Series C,2019-03-07,,,,27.0,,,,SRC03124,MEDIUM
IL04167,S0238,INV1344,Aavishkaar Capital,,Series C,2019-03-07,,,,27.0,,,,SRC03124,MEDIUM
IL04168,S0238,INV1347,Rabo Frontier Ventures,,Series C,2019-03-07,,,,27.0,,,,SRC03124,MEDIUM
IL04169,S0238,INV0709,Bertelsmann India Investments,,Series C,2019-03-07,,,lead,27.0,,,,SRC03124,MEDIUM
IL04170,S0238,INV0230,Evolvence,,Series D,2021-12-07,,,lead,70.0,,,,SRC03116,HIGH
IL04171,S0238,INV0181,Schroders Capital,,Series D,2021-12-07,,,lead,70.0,,,,SRC03116,HIGH
IL04172,S0238,INV1348,Hero Enterprise,,Series D,2021-12-07,,,lead,70.0,,,,SRC03116,HIGH
IL04173,S0238,INV1349,CDC Group,,Series D,2021-12-07,,,lead,70.0,,,,SRC03116,HIGH
IL04174,S0238,INV1344,Aavishkaar Capital,,Series D,2021-12-07,,,,70.0,,,,SRC03116,HIGH
IL04175,S0238,INV0003,Accel,,Series D,2021-12-07,,,,70.0,,,,SRC03116,HIGH
IL04176,S0238,INV0740,Bertelsmann,,Series D,2021-12-07,,,,70.0,,,,SRC03116,HIGH
IL04177,S0238,INV0171,Chiratae Ventures,,Series D,2021-12-07,,,,70.0,,,,SRC03116,HIGH
IL04178,S0238,INV1347,Rabo Frontier Ventures,,Series D,2021-12-07,,,,70.0,,,,SRC03116,HIGH
IL04179,S0238,INV0230,Evolvence,,Series D,2021-12-07,,,lead,70.0,,,,SRC03116,HIGH
IL04180,S0238,INV0181,Schroders Capital,,Series D,2021-12-07,,,lead,70.0,,,,SRC03116,HIGH
IL04181,S0238,INV1348,Hero Enterprise,,Series D,2021-12-07,,,lead,70.0,,,,SRC03116,HIGH
IL04182,S0238,INV1349,CDC Group,,Series D,2021-12-07,,,lead,70.0,,,,SRC03116,HIGH
IL04183,S0238,INV0181,Schroders Capital,,Series E,2022-05-13,,,lead,40.0,,,,SRC03117,HIGH
IL04184,S0238,INV0003,Accel,,Series E,2022-05-13,,,,40.0,,,,SRC03117,HIGH
IL04185,S0238,INV0171,Chiratae Ventures,,Series E,2022-05-13,,,,40.0,,,,SRC03117,HIGH
IL04186,S0238,INV0230,Evolvence,,Series E,2022-05-13,,,,40.0,,,,SRC03117,HIGH
IL04187,S0238,INV1344,Aavishkaar Capital,,Series E,2022-05-13,,,,40.0,,,,SRC03117,HIGH
IL04188,S0238,INV0709,Bertelsmann India Investments,,Series E,2022-05-13,,,,40.0,,,,SRC03117,HIGH
IL04189,S0238,INV1348,Hero Enterprise,,Series E,2022-05-13,,,,40.0,,,,SRC03117,HIGH
IL04190,S0238,INV1347,Rabo Frontier Ventures,,Series E,2022-05-13,,,,40.0,,,,SRC03117,HIGH
IL04191,S0238,INV1350,British International Investments,,Series E,2022-05-13,,,,40.0,,,,SRC03117,HIGH
IL04192,S0238,INV0218,IFC,,Series E,2022-05-13,,,,40.0,,,,SRC03117,HIGH
IL04193,S0238,INV0181,Schroders Capital,,Series E,2022-05-13,,,lead,40.0,,,,SRC03117,HIGH
IL04194,S0238,INV1351,Aavishkaar India,,Series E2,2023-02-01,,,,,,,,SRC03112,MEDIUM
IL04195,S0238,INV0574,Evolvence India,,Series E2,2023-02-01,,,,,,,,SRC03112,MEDIUM
IL04196,S0238,INV1352,Hero Corp,,Series E2,2023-02-01,,,,,,,,SRC03112,MEDIUM
IL04197,S0238,INV0003,Accel,,Series E2,2023-02-01,,,,,,,,SRC03112,MEDIUM
IL04198,S0238,INV0171,Chiratae Ventures,,Series E2,2023-02-01,,,,,,,,SRC03112,MEDIUM
IL04199,S0238,INV0709,Bertelsmann India Investments,,Series E2,2023-02-01,,,,,,,,SRC03112,MEDIUM
IL04200,S0238,INV0293,Stride Ventures,,Series E2,2023-02-01,,,,,,,,SRC03112,MEDIUM
IL04201,S0238,INV0381,Innoven Capital,,Equity funding,2024-12-18,,,,,,,,SRC03112,LOW
IL04202,S0238,INV0293,Stride Ventures,,Debt,2024-05-01,,,,,,,,SRC03125,LOW
IL04203,S0238,INV0291,Accel India,,Equity funding,2025-04-09,,,lead,6.7,,,,SRC03108,HIGH
IL04204,S0238,INV1351,Aavishkaar India,,Equity funding,2025-04-09,,,,6.7,,,,SRC03108,HIGH
IL04205,S0238,INV0740,Bertelsmann,,Equity funding,2025-04-09,,,,6.7,,,,SRC03108,HIGH
IL04206,S0238,INV0574,Evolvence India,,Equity funding,2025-04-09,,,,6.7,,,,SRC03108,HIGH
IL04207,S0238,INV0171,Chiratae Ventures,,Equity funding,2025-04-09,,,,6.7,,,,SRC03108,HIGH
IL04208,S0238,INV1353,Hero Enterprises,,Equity funding,2025-04-09,,,,6.7,,,,SRC03108,HIGH
IL04209,S0238,INV0291,Accel India,,Equity funding,2025-04-09,,,lead,6.7,,,,SRC03108,HIGH
IL04210,S0238,INV1343,Just Climate,climate-focused investment firm,,,2025-11-20,['Series E / equity'],True,,$30M,,,SRC03101,HIGH
IL04211,S0238,INV0006,Existing investors,VC consortium,,,2025-04-09,['Equity funding'],,,INR57.65 crore,,,SRC03104,MEDIUM
IL04212,S0239,INV0542,InfoEdge Ventures,,pre-seed,2024-11-08,,,lead,0.77,,,,SRC03138,MEDIUM
IL04213,S0239,INV0112,Bessemer Venture Partners,,Series A,2026-07-21,,,lead,610.0,,,,SRC03136,HIGH
IL04214,S0239,INV0542,InfoEdge Ventures,,Series A,2026-07-21,,,,610.0,,,,SRC03136,HIGH
IL04215,S0239,INV0112,Bessemer Venture Partners,,Series A,2026-07-21,,,lead,610.0,,,,SRC03136,HIGH
IL04216,S0239,INV0112,Bessemer Venture Partners,VC,,,,['Series A'],True,,,,,SRC03136,HIGH
IL04217,S0239,INV0542,InfoEdge Ventures,VC,,,,"['pre-seed', 'Series A']",,,,,,SRC03140,MEDIUM
IL04218,S0240,INV1354,Incubate Fund Asia,,seed,2026-01-20,,,lead,1.2,,,,SRC03145,HIGH
IL04219,S0240,INV1354,Incubate Fund Asia,VC,,,,['seed'],True,,,,,SRC03145,HIGH
IL04220,S0241,INV0943,GEF Capital Partners,,Series D,2026-01-01,,,lead,7250.0,,,,SRC03160,HIGH
IL04221,S0241,INV0655,Omnivore,,Pre-Series B,2020-03,,,lead,6.0,,,,SRC03157,MEDIUM
IL04222,S0241,INV1355,LGT Lightstone Aspada,,Pre-Series B,2020-03,,,lead,6.0,,,,SRC03157,MEDIUM
IL04223,S0241,INV1356,Quona Capital,,Series B,2020-12,,,lead,21.0,,,,SRC03157,MEDIUM
IL04224,S0241,INV1355,LGT Lightstone Aspada,,Series B,2020-12,,,lead,21.0,,,,SRC03157,MEDIUM
IL04225,S0241,INV1357,Asia Impact SA,,Series C,2022-01-18,,,lead,60.0,,,,SRC03157,HIGH
IL04226,S0241,INV1358,Lightrock India,,Series C,2022-01-18,,,lead,60.0,,,,SRC03157,HIGH
IL04227,S0241,INV1356,Quona Capital,,Series C,2022-01-18,,,lead,60.0,,,,SRC03157,HIGH
IL04228,S0241,INV0945,DFC,,Series C,2022-01-18,,,,60.0,,,,SRC03157,HIGH
IL04229,S0241,INV1357,Asia Impact SA,,Series C,2022-01-18,,,lead,60.0,,,,SRC03157,HIGH
IL04230,S0241,INV1358,Lightrock India,,Series C,2022-01-18,,,lead,60.0,,,,SRC03157,HIGH
IL04231,S0241,INV1356,Quona Capital,,Series C,2022-01-18,,,lead,60.0,,,,SRC03157,HIGH
IL04232,S0241,INV1359,Blue Earth Capital,,Conventional Debt,2024-07-04,,,lead,29.2,,,,SRC03158,HIGH
IL04233,S0241,INV1356,Quona Capital,,Conventional Debt,2024-07-04,,,lead,29.2,,,,SRC03158,HIGH
IL04234,S0241,INV1360,Asia Impact,,Conventional Debt,2024-07-04,,,lead,29.2,,,,SRC03158,HIGH
IL04235,S0241,INV1359,Blue Earth Capital,,Conventional Debt,2024-07-04,,,lead,29.2,,,,SRC03158,HIGH
IL04236,S0241,INV1356,Quona Capital,,Conventional Debt,2024-07-04,,,lead,29.2,,,,SRC03158,HIGH
IL04237,S0241,INV1360,Asia Impact,,Conventional Debt,2024-07-04,,,lead,29.2,,,,SRC03158,HIGH
IL04238,S0241,INV1361,US International Development Finance Corporation,,Conventional Debt,2024-10-28,,,lead,19.8,,,,SRC03161,HIGH
IL04239,S0241,INV1361,US International Development Finance Corporation,,Conventional Debt,2024-10-28,,,lead,19.8,,,,SRC03161,HIGH
IL04240,S0241,INV0738,HSBC,,Conventional Debt,2025-01-23,,,lead,30.0,,,,SRC03162,MEDIUM
IL04241,S0241,INV1362,GuarantCo,,Conventional Debt,2025-01-23,,,,30.0,,,,SRC03162,MEDIUM
IL04242,S0241,INV0738,HSBC,,Conventional Debt,2025-01-23,,,lead,30.0,,,,SRC03162,MEDIUM
IL04243,S0241,INV0943,GEF Capital Partners,,Series D,2026-01-02,,,lead,81.0,,,,SRC03156,HIGH
IL04244,S0241,INV1363,Swedfund,,Series D,2026-01-02,,,,81.0,,,,SRC03156,HIGH
IL04245,S0241,INV0494,British International Investment,,Series D,2026-01-02,,,,81.0,,,,SRC03156,HIGH
IL04246,S0241,INV1364,Proparco,,Series D,2026-01-02,,,,81.0,,,,SRC03156,HIGH
IL04247,S0241,INV0943,GEF Capital Partners,,Series D,2026-01-02,,,lead,81.0,,,,SRC03156,HIGH
IL04248,S0241,INV0218,IFC,,Co-investment,2026-03-09,,,,12.8,,,,SRC03155,HIGH
IL04249,S0241,INV0494,British International Investment,,Co-investment,2026-03-09,,,,12.8,,,,SRC03155,HIGH
IL04250,S0241,INV1364,Proparco,,Co-investment,2026-03-09,,,,12.8,,,,SRC03155,HIGH
IL04251,S0241,INV1363,Swedfund,,Co-investment,2026-03-09,,,,12.8,,,,SRC03155,HIGH
IL04252,S0241,INV1365,GEF South Asia Growth Fund III,,Co-investment,2026-03-09,,,lead,12.8,,,,SRC03155,HIGH
IL04253,S0241,INV0738,HSBC,,Conventional Debt,2025-01-23,,,lead,250.0,,,,SRC03162,MEDIUM
IL04254,S0241,INV1362,GuarantCo,,Conventional Debt,2025-01-23,,,,250.0,,,,SRC03162,MEDIUM
IL04255,S0241,INV0738,HSBC,,Conventional Debt,2025-01-23,,,lead,250.0,,,,SRC03162,MEDIUM
IL04256,S0241,INV0943,GEF Capital Partners,VC/impact investor,,,,['Series D'],True,,,,,SRC03149,HIGH
IL04257,S0242,INV0034,Alkeon Capital,,Series B,2021-10-11,,,lead,125.0,,,,SRC03169,HIGH
IL04258,S0242,INV0034,Alkeon Capital,VC,,,,['Series B'],True,,,,,SRC03169,HIGH
IL04259,S0243,INV1204,Stellaris Venture Partners,,seed,2026-08-04,,,lead,1.5,,,,SRC03176,MEDIUM
IL04260,S0243,INV0668,3one4 Capital,,seed,2026-08-04,,,,1.5,,,,SRC03176,MEDIUM
IL04261,S0243,INV1042,Sriharsha Majety,,seed,2026-08-04,,,,1.5,,,,SRC03176,MEDIUM
IL04262,S0243,INV1204,Stellaris Venture Partners,,seed,2026-08-04,,,lead,1.5,,,,SRC03176,MEDIUM
IL04263,S0243,INV1204,Stellaris Venture Partners,VC,,,,['seed'],True,,,,,SRC03176,MEDIUM
IL04264,S0243,INV0668,3one4 Capital,VC,,,,['seed'],,,,,,SRC03176,MEDIUM
IL04265,S0243,INV1042,Sriharsha Majety,angel,,,,['seed'],,,,,,SRC03176,MEDIUM
IL04266,S0244,INV0551,Playbook Partners,,Series C,Aug 2025,,,,30.0,,,,SRC03179,
IL04267,S0246,INV1366,Zeropearl VC,,pre-seed,~Aug 2026,,,,60.0,,,,SRC03183,
IL04268,S0246,INV1366,Zeropearl VC,,pre-seed,2026-08-11,,,lead,6.0,,,,SRC03183,HIGH
IL04269,S0246,INV1367,startup founders and operators,,pre-seed,2026-08-11,,,,6.0,,,,SRC03183,HIGH
IL04270,S0246,INV1366,Zeropearl VC,,pre-seed,2026-08-11,,,lead,6.0,,,,SRC03183,HIGH
IL04271,S0247,INV1368,AJVC,,first round (pre-seed),Sep 10 2026,,,,17.0,,,,SRC03195,
IL04272,S0248,INV1369,India Accelerator,,seed,Jul 25 2025,,,,1.1,,,,SRC03198,
IL04273,S0248,INV1370,multistage VC arm,,seed,Jul 25 2025,,,,1.1,,,,SRC03198,
IL04274,S0248,INV1372,NSRCEL Women Startup Program (IIM Bangalore),,accelerator/incubator,2024,,,,,,,,SRC03206,MEDIUM
IL04275,S0248,INV1371,NSRCEL Women Startup Program,,accelerator/incubator,2024,,,lead,,,,,SRC03206,MEDIUM
IL04276,S0251,INV1373,Kotak Alternate Asset Managers (Kotak Alts),,undisclosed (life-sciences investment),May 18 2026,,,,200.0,,,,SRC03214,
IL04277,S0252,INV1374,Hero Enterprise Partner Ventures,,Series A (2nd tranche),Apr 27 2026,,,,420.0,,,,SRC03217,
IL04278,S0252,INV1375,Colossa WomenFirst Fund,,Series A (2nd tranche),Apr 27 2026,,,,420.0,,,,SRC03217,
IL04279,S0252,INV1376,Navam Venture Fund I,,Series A (2nd tranche),Apr 27 2026,,,,420.0,,,,SRC03217,
IL04280,S0255,INV0003,Accel,,Series C,2022,,,lead,100.0,,,,SRC03225,
IL04281,S0255,INV1358,Lightrock India,,Series C,2022,,,lead,100.0,,,,SRC03225,
IL04282,S0255,INV0003,Accel,,Series C,2022,,,lead,100.0,,,,SRC03225,
IL04283,S0255,INV1358,Lightrock India,,Series C,2022,,,lead,100.0,,,,SRC03225,
IL04284,S0255,INV1377,Prime Venture Partners,,Seed,2016-01-20,,,lead,0.15,,,,SRC03229,MEDIUM
IL04285,S0255,INV1377,Prime Venture Partners,,Seed,2016-01-20,,,lead,0.15,,,,SRC03229,MEDIUM
IL04286,S0255,INV1377,Prime Venture Partners,,Seed,2016-07-19,,,lead,1.0,,,,SRC03229,MEDIUM
IL04287,S0255,INV1377,Prime Venture Partners,,Seed,2016-07-19,,,lead,1.0,,,,SRC03229,MEDIUM
IL04288,S0255,INV1378,Social Capital,,Series A,2018-01-09,,,,13.200648,,,,SRC03229,HIGH
IL04289,S0255,INV1379,JSCapital,,Series A,2018-01-09,,,,13.200648,,,,SRC03229,HIGH
IL04290,S0255,INV1377,Prime Venture Partners,,Series A,2018-01-09,,,lead,13.200648,,,,SRC03229,HIGH
IL04291,S0255,INV1380,Horizons Ventures,,Series A,2018-01-09,,,,13.200648,,,,SRC03229,HIGH
IL04292,S0255,INV1377,Prime Venture Partners,,Series A,2018-01-09,,,lead,13.200648,,,,SRC03229,HIGH
IL04293,S0255,INV1377,Prime Venture Partners,,Series B,2019-07-09,,,,35.0,,,,SRC03236,HIGH
IL04294,S0255,INV1380,Horizons Ventures,,Series B,2019-07-09,,,lead,35.0,,,,SRC03236,HIGH
IL04295,S0255,INV0158,Tencent,,Series B,2019-07-09,,,,35.0,,,,SRC03236,HIGH
IL04296,S0255,INV1379,JSCapital,,Series B,2019-07-09,,,,35.0,,,,SRC03236,HIGH
IL04297,S0255,INV1380,Horizons Ventures,,Series B,2019-07-09,,,lead,35.0,,,,SRC03236,HIGH
IL04298,S0255,INV0226,Multiples Alternate Asset Management,,Series C,2022-07-19,,,lead,30.0,,,,SRC03229,HIGH
IL04299,S0255,INV0226,Multiples Alternate Asset Management,,Series C,2022-07-19,,,lead,30.0,,,,SRC03229,HIGH
IL04300,S0255,INV1381,Spring Marketing Capital,,Series C,2023-10-20,,,lead,,,,,SRC03241,HIGH
IL04301,S0255,INV1381,Spring Marketing Capital,,Series C,2023-10-20,,,lead,,,,,SRC03241,HIGH
IL04302,S0256,INV1288,Baring Private Equity Partners India,,Pre-Series A,2021-10-01,,,lead,,,,,SRC03259,HIGH
IL04303,S0256,INV1288,Baring Private Equity Partners India,,Pre-Series A,2021-10-01,,,lead,,,,,SRC03259,HIGH
IL04304,S0256,INV1288,Baring Private Equity Partners India,,Pre-Series A,2022-02-07,,,lead,5.0,,,,SRC03267,HIGH
IL04305,S0256,INV0491,ADB Ventures,,Pre-Series A,2022-02-07,,,lead,5.0,,,,SRC03267,HIGH
IL04306,S0256,INV0105,others,,Pre-Series A,2022-02-07,,,,5.0,,,,SRC03267,HIGH
IL04307,S0256,INV1288,Baring Private Equity Partners India,,Pre-Series A,2022-02-07,,,lead,5.0,,,,SRC03267,HIGH
IL04308,S0256,INV0491,ADB Ventures,,Pre-Series A,2022-02-07,,,lead,5.0,,,,SRC03267,HIGH
IL04309,S0256,INV1288,Baring Private Equity Partners India,,Series A,2023-08-30,,,lead,15.0,,,,SRC03259,HIGH
IL04310,S0256,INV1382,Promus Ventures,,Series A,2023-08-30,,,lead,15.0,,,,SRC03259,HIGH
IL04311,S0256,INV1055,Omidyar Network India,,Series A,2023-08-30,,,,15.0,,,,SRC03259,HIGH
IL04312,S0256,INV1383,xto10X,,Series A,2023-08-30,,,,15.0,,,,SRC03259,HIGH
IL04313,S0256,INV1384,Force Ventures,,Series A,2023-08-30,,,,15.0,,,,SRC03259,HIGH
IL04314,S0256,INV1385,Luckbox Ventures,,Series A,2023-08-30,,,,15.0,,,,SRC03259,HIGH
IL04315,S0256,INV1386,IndigoEdge Advisors,,Series A,2023-08-30,,,,15.0,,,,SRC03259,HIGH
IL04316,S0256,INV1288,Baring Private Equity Partners India,,Series A,2023-08-30,,,lead,15.0,,,,SRC03259,HIGH
IL04317,S0256,INV1382,Promus Ventures,,Series A,2023-08-30,,,lead,15.0,,,,SRC03259,HIGH
IL04318,S0256,INV1387,TransUnion,,Strategic Investment,2024-04-02,,,lead,,,,,SRC03260,HIGH
IL04319,S0256,INV1387,TransUnion,,Strategic Investment,2024-04-02,,,lead,,,,,SRC03260,HIGH
IL04320,S0256,INV1388,IN-SPACe,,Grant (Technology Adoption Fund),2026-06-11,,,lead,246.0,,,,SRC03257,HIGH
IL04321,S0256,INV1388,IN-SPACe,,Grant (Technology Adoption Fund),2026-06-11,,,lead,246.0,,,,SRC03257,HIGH
IL04322,S0256,INV1288,Baring Private Equity Partners India,PE/VC,,,2021-10-01,"['Pre-Series A (Oct 2021)', 'Pre-Series A (Feb 2022)', 'Series A (Aug 2023)']",True,,,,,SRC03259,HIGH
IL04323,S0256,INV1382,Promus Ventures,VC,,,2023-08-30,['Series A (Aug 2023)'],True,,,,,SRC03259,HIGH
IL04324,S0256,INV1387,TransUnion,corporate,,,2024-04-02,['Strategic Investment (Apr 2024)'],True,,,,,SRC03260,HIGH
IL04325,S0256,INV1055,Omidyar Network India,VC/philanthropy,,,2023-08-30,['Series A (Aug 2023)'],False,,,,,SRC03259,HIGH
IL04326,S0256,INV0491,ADB Ventures,VC,,,2022-02-07,['Pre-Series A (Feb 2022)'],False,,,,,SRC03267,HIGH
IL04327,S0256,INV0906,HDFC Bank,bank,,,2023-02-01,['Strategic investment (Feb 2023)'],False,,,,,SRC03260,HIGH
IL04328,S0256,INV1389,ICICI Bank,bank,,,2023-02-01,['Strategic investment (Feb 2023)'],False,,,,,SRC03260,HIGH
IL04329,S0256,INV1390,Kotak Mahindra Bank,bank,,,2023-02-01,['Strategic investment (Feb 2023)'],False,,,,,SRC03260,HIGH
IL04330,S0256,INV1388,IN-SPACe,government,,,2026-06-11,['Technology Adoption Fund grant (Jun 2026)'],True,,246000000,,,SRC03257,HIGH
IL04331,S0258,INV0160,CPP Investments,,Series J,2022-04-06,,,lead,805.0,,,,SRC03284,HIGH
IL04332,S0258,INV1153,Ontario Teachers' Pension Plan,,Series J,2022-04-06,,,,805.0,,,,SRC03284,HIGH
IL04333,S0258,INV1391,Luxor Capital,,Series J,2022-04-06,,,,805.0,,,,SRC03284,HIGH
IL04334,S0258,INV1392,Sumeru Ventures,,Series J,2022-04-06,,,,805.0,,,,SRC03284,HIGH
IL04335,S0258,INV1393,Sofina Group,,Series J,2022-04-06,,,,805.0,,,,SRC03284,HIGH
IL04336,S0258,INV0297,Baillie Gifford,,Series J,2022-04-06,,,,805.0,,,,SRC03284,HIGH
IL04337,S0258,INV0160,CPP Investments,,Series J,2022-04-06,,,lead,805.0,,,,SRC03284,HIGH
IL04338,S0258,INV1394,Siguler Guff,,Series I,2022-01,,,lead,450.0,,,,SRC03293,MEDIUM
IL04339,S0258,INV1395,Carlyle Group,,Series I,2022-01,,,,450.0,,,,SRC03293,MEDIUM
IL04340,S0258,INV0297,Baillie Gifford,,Series I,2022-01,,,,450.0,,,,SRC03293,MEDIUM
IL04341,S0258,INV1396,Falcon Edge Capital via Alpha Wave Ventures,,Series I,2022-01,,,,450.0,,,,SRC03293,MEDIUM
IL04342,S0258,INV0117,Glade Brook Capital,,Series I,2022-01,,,,450.0,,,,SRC03293,MEDIUM
IL04343,S0258,INV0256,Google,,Series I,2022-01,,,,450.0,,,,SRC03293,MEDIUM
IL04344,S0258,INV0030,Microsoft,,Series I,2022-01,,,,450.0,,,,SRC03293,MEDIUM
IL04345,S0258,INV0323,Qatar Investment Authority,,Series I,2022-01,,,,450.0,,,,SRC03293,MEDIUM
IL04346,S0258,INV1394,Siguler Guff,,Series I,2022-01,,,lead,450.0,,,,SRC03293,MEDIUM
IL04347,S0258,INV0160,CPP Investments,,Series I (CPPIB tranche),2022-01,,,lead,28.0,,,,SRC03293,HIGH
IL04348,S0258,INV0160,CPP Investments,,Series I (CPPIB tranche),2022-01,,,lead,28.0,,,,SRC03293,HIGH
IL04349,S0258,INV0371,Alteria Capital,,Venture Debt,2024-02-07,,,lead,6.0,,,,SRC03301,MEDIUM
IL04350,S0258,INV0371,Alteria Capital,,Venture Debt,2024-02-07,,,lead,6.0,,,,SRC03301,MEDIUM
IL04351,S0258,INV0323,Qatar Investment Authority,,Series H,2021-02,,,lead,100.0,,,,SRC03302,MEDIUM
IL04352,S0258,INV0050,Glade Brook Capital Partners,,Series H,2021-02,,,lead,100.0,,,,SRC03302,MEDIUM
IL04353,S0258,INV0323,Qatar Investment Authority,,Series H,2021-02,,,lead,100.0,,,,SRC03302,MEDIUM
IL04354,S0258,INV0050,Glade Brook Capital Partners,,Series H,2021-02,,,lead,100.0,,,,SRC03302,MEDIUM
IL04355,S0258,INV1397,ByteDance,,Series G,2020-04,,,lead,,,,,SRC03301,MEDIUM
IL04356,S0258,INV0401,Goldman Sachs,,Series G,2020-04,,,lead,,,,,SRC03301,MEDIUM
IL04357,S0258,INV1398,Lupa Systems,,Series G,2020-04,,,,,,,,SRC03301,MEDIUM
IL04358,S0258,INV0014,Advent International,,Series G,2020-04,,,,,,,,SRC03301,MEDIUM
IL04359,S0258,INV1399,Alpha Wave Investors,,Series G,2020-04,,,,,,,,SRC03301,MEDIUM
IL04360,S0258,INV1397,ByteDance,,Series G,2020-04,,,lead,,,,,SRC03301,MEDIUM
IL04361,S0258,INV0401,Goldman Sachs,,Series G,2020-04,,,lead,,,,,SRC03301,MEDIUM
IL04362,S0258,INV0401,Goldman Sachs,,Series F,2019-07,,,lead,25.0,,,,SRC03301,MEDIUM
IL04363,S0258,INV0014,Advent International,,Series F,2019-07,,,lead,25.0,,,,SRC03301,MEDIUM
IL04364,S0258,INV0065,Sofina,,Series F,2019-07,,,lead,25.0,,,,SRC03301,MEDIUM
IL04365,S0258,INV0401,Goldman Sachs,,Series F,2019-07,,,lead,25.0,,,,SRC03301,MEDIUM
IL04366,S0258,INV0014,Advent International,,Series F,2019-07,,,lead,25.0,,,,SRC03301,MEDIUM
IL04367,S0258,INV0065,Sofina,,Series F,2019-07,,,lead,25.0,,,,SRC03301,MEDIUM
IL04368,S0258,INV0160,CPP Investments,,,,,"['Series I', 'Series J']",,,,,,SRC03293,HIGH
IL04369,S0258,INV1393,Sofina Group,,,,,"['Series F', 'Series I', 'Series J']",,,,,,SRC03301,HIGH
IL04370,S0258,INV0297,Baillie Gifford,,,,,"['Series I', 'Series J']",,,,,,SRC03301,HIGH
IL04371,S0258,INV0323,Qatar Investment Authority,,,,,"['Series H', 'Series I']",,,,,,SRC03302,HIGH
IL04372,S0258,INV0256,Google,,,,,"['Unicorn round', 'Series I']",,,,,,SRC03302,HIGH
IL04373,S0258,INV0030,Microsoft,,,,,"['Unicorn round', 'Series I']",,,,,,SRC03302,HIGH
IL04374,S0258,INV0401,Goldman Sachs,,,,,"['Series F', 'Series G', 'Series I']",,,,,,SRC03301,HIGH
IL04375,S0258,INV1395,Carlyle Group,,,,,['Series I'],,,,,,SRC03301,HIGH
IL04376,S0258,INV1400,Sequoia Capital India (Peak XV),,,,,"['Series C', 'Series D', 'Series E', 'Series G']",,,,,,SRC03301,HIGH
IL04377,S0258,INV0053,Matrix Partners India,,,,,"['Seed', 'Series A', 'Series B']",,,,,,SRC03303,HIGH
IL04378,S0259,INV0109,InCred,,debt,Jul 2026,,,lead,1850.0,,,,SRC03307,
IL04379,S0260,INV1401,Chimera VC,,pre-seed,Sep 2026,,,lead,105.0,,,,SRC03311,
IL04380,S0260,INV1402,MIXI Global Investments,,pre-seed,Sep 2026,,,lead,105.0,,,,SRC03311,
IL04381,S0260,INV1401,Chimera VC,,pre-seed,Sep 2026,,,lead,105.0,,,,SRC03311,
IL04382,S0260,INV1402,MIXI Global Investments,,pre-seed,Sep 2026,,,lead,105.0,,,,SRC03311,
IL04383,S0261,INV0717,Singularity AMC,,Series A,Aug 2026,,,lead,12.0,,,,SRC03313,
IL04384,S0261,INV1403,Artha Venture Fund,,Series A,Aug 2026,,,lead,12.0,,,,SRC03313,
IL04385,S0261,INV0717,Singularity AMC,,Series A,Aug 2026,,,lead,12.0,,,,SRC03313,
IL04386,S0261,INV1403,Artha Venture Fund,,Series A,Aug 2026,,,lead,12.0,,,,SRC03313,
IL04387,S0262,INV1404,All In Capital,,seed,Sep 2026,,,lead,1.05,,,,SRC03316,
IL04388,S0262,INV1405,Suashish Group,,seed,Sep 2026,,,lead,1.05,,,,SRC03316,
IL04389,S0262,INV1404,All In Capital,,seed,Sep 2026,,,lead,1.05,,,,SRC03316,
IL04390,S0262,INV1405,Suashish Group,,seed,Sep 2026,,,lead,1.05,,,,SRC03316,
IL04391,S0263,INV1401,Chimera VC,,pre-seed,2025 (Apr-2025 watchlist coverage),,,lead,1.0,,,,SRC03319,
IL04392,S0263,INV1401,Chimera VC,,pre-seed,2025 (Apr-2025 watchlist coverage),,,lead,1.0,,,,SRC03319,
IL04393,S0264,INV0605,Flipkart,,IPO/Listed,2021,,,lead,,,,,SRC03322,HIGH
IL04394,S0264,INV0605,Flipkart,,IPO/Listed,2021,,,lead,,,,,SRC03322,HIGH
IL04395,S0264,INV0605,Flipkart,strategic_corporate,,,2021,['IPO/Listed'],True,,"{'value': 750, 'currency': 'INR Cr'}",UNKNOWN,,SRC03322,HIGH
IL04396,S0264,INV1406,Rohto Pharmaceutical,strategic_corporate,,,2026,['Planned merger'],False,,,UNKNOWN,,SRC03324,MEDIUM
IL04397,S0265,INV0146,Elev8 Venture Partners,,Series A,2024,,,lead,,,,,SRC03326,HIGH
IL04398,S0265,INV1407,Left Lane Capital,,Series A,2024,,,lead,,,,,SRC03326,HIGH
IL04399,S0265,INV0146,Elev8 Venture Partners,,Series A,2024,,,lead,,,,,SRC03326,HIGH
IL04400,S0265,INV1407,Left Lane Capital,,Series A,2024,,,lead,,,,,SRC03326,HIGH
IL04401,S0265,INV0146,Elev8 Venture Partners,vc,,,2024,['Series A'],True,,,UNKNOWN,,SRC03326,HIGH
IL04402,S0265,INV1407,Left Lane Capital,vc,,,2024,['Series A'],True,,,UNKNOWN,,SRC03326,HIGH
IL04403,S0266,INV0750,Peak XV,,Series E,2021-10,,,lead,,,,,SRC03331,HIGH
IL04404,S0266,INV1408,Hillhouse Capital,,Series E,2021-10,,,lead,,,,,SRC03331,HIGH
IL04405,S0266,INV1409,Google Capital,,Series E,2021-10,,,lead,,,,,SRC03331,HIGH
IL04406,S0266,INV1216,LeapFrog Investments,,Series E,2021-10,,,,,,,,SRC03331,HIGH
IL04407,S0266,INV0750,Peak XV,,Series E,2021-10,,,lead,,,,,SRC03331,HIGH
IL04408,S0266,INV1408,Hillhouse Capital,,Series E,2021-10,,,lead,,,,,SRC03331,HIGH
IL04409,S0266,INV1409,Google Capital,,Series E,2021-10,,,lead,,,,,SRC03331,HIGH
IL04410,S0266,INV0037,Peak XV Partners,vc,,,2021,['Series E'],True,,,UNKNOWN,,SRC03330,HIGH
IL04411,S0266,INV1008,CapitalG,vc,,,2021,['Series E'],False,,,UNKNOWN,,SRC03330,HIGH
IL04412,S0266,INV1408,Hillhouse Capital,vc,,,2021,['Series E'],False,,,UNKNOWN,,SRC03330,HIGH
IL04413,S0267,INV1410,Skegen,,Series B,2026-03-30,,,lead,,,,,SRC03333,MEDIUM
IL04414,S0267,INV1413,IDBI Capital Markets & Securities Ltd,,Series B,2026-03-30,,,,,,,,SRC03333,MEDIUM
IL04415,S0267,INV1412,ONGC,,Series B,2026-03-30,,,lead,,,,,SRC03333,MEDIUM
IL04416,S0267,INV1410,Skegen,,Series B,2026-03-30,,,lead,,,,,SRC03333,MEDIUM
IL04417,S0267,INV1411,IDBI Capital Markets,,Series B,2026-03-30,,,lead,,,,,SRC03333,MEDIUM
IL04418,S0267,INV1412,ONGC,,Series B,2026-03-30,,,lead,,,,,SRC03333,MEDIUM
IL04419,S0267,INV1410,Skegen,vc,,,2016,['Series B'],True,,,UNKNOWN,,SRC03333,MEDIUM
IL04420,S0267,INV1411,IDBI Capital Markets,financial_institution,,,2016,['Series B'],False,,,UNKNOWN,,SRC03333,MEDIUM
IL04421,S0267,INV1412,ONGC,psu_corporate,,,2016,['Series B'],False,,,UNKNOWN,,SRC03333,MEDIUM
IL04422,S0268,INV0112,Bessemer Venture Partners,,Seed,2025-01,,,lead,,,,,SRC03335,HIGH
IL04423,S0268,INV0112,Bessemer Venture Partners,,Seed,2025-01,,,lead,,,,,SRC03335,HIGH
IL04424,S0268,INV0112,Bessemer Venture Partners,,Series A,2026-08-05,,,lead,,,,,SRC03336,HIGH
IL04425,S0268,INV1414,Northpoint Capital,,Series A,2026-08-05,,,lead,,,,,SRC03336,HIGH
IL04426,S0268,INV0112,Bessemer Venture Partners,,Series A,2026-08-05,,,lead,,,,,SRC03336,HIGH
IL04427,S0268,INV1414,Northpoint Capital,,Series A,2026-08-05,,,lead,,,,,SRC03336,HIGH
IL04428,S0268,INV0112,Bessemer Venture Partners,vc,,,2025,"['Seed', 'Series A']",True,,,UNKNOWN,,SRC03336,HIGH
IL04429,S0268,INV1414,Northpoint Capital,vc,,,2026,['Series A'],True,,,UNKNOWN,,SRC03336,HIGH
IL04430,S0269,INV1415,Cisco,,Series B,2023-09-14,,,lead,,,,,SRC03339,MEDIUM
IL04431,S0269,INV1416,Webel,,Series B,2023-09-14,,,,,,,,SRC03339,MEDIUM
IL04432,S0269,INV1417,Next Ventures,,Series B,2023-09-14,,,,,,,,SRC03339,MEDIUM
IL04433,S0269,INV1415,Cisco,,Series B,2023-09-14,,,lead,,,,,SRC03339,MEDIUM
IL04434,S0269,INV1415,Cisco,strategic_corporate,,,2014,"['Series A', 'Series B']",True,,,UNKNOWN,,SRC03339,MEDIUM
IL04435,S0269,INV1418,Florintree,pe,,,2023,['Private Equity'],False,,"{'value': 115, 'currency': 'INR Cr'}",UNKNOWN,,SRC03341,MEDIUM
IL04436,S0270,INV1419,Nomura,,Debt Financing,2026-02,,,lead,,,,,SRC03343,HIGH
IL04437,S0270,INV1419,Nomura,,Debt Financing,2026-02,,,lead,,,,,SRC03343,HIGH
IL04438,S0270,INV1419,Nomura,financial_institution,,,2026,['Debt Financing'],True,,"{'value': 80, 'currency': 'USD Mn'}",UNKNOWN,,SRC03343,HIGH
IL04439,S0271,INV1421,Peak XV (formerly Sequoia),,Early VC,2015,,,,,,,,SRC03345,HIGH
IL04440,S0271,INV0573,Nexus Ventures,,Early VC,2015,,,lead,,,,,SRC03345,HIGH
IL04441,S0271,INV1420,GGV,,Early VC,2015,,,lead,,,,,SRC03345,HIGH
IL04442,S0271,INV0125,Blume Ventures,,Early VC,2015,,,lead,,,,,SRC03345,HIGH
IL04443,S0271,INV0458,Kunal Shah (CRED),,Early VC,2015,,,,,,,,SRC03345,HIGH
IL04444,S0271,INV0750,Peak XV,,Early VC,2015,,,lead,,,,,SRC03345,HIGH
IL04445,S0271,INV0573,Nexus Ventures,,Early VC,2015,,,lead,,,,,SRC03345,HIGH
IL04446,S0271,INV1420,GGV,,Early VC,2015,,,lead,,,,,SRC03345,HIGH
IL04447,S0271,INV0125,Blume Ventures,,Early VC,2015,,,lead,,,,,SRC03345,HIGH
IL04448,S0271,INV1421,Peak XV (formerly Sequoia),vc,,,2015,['Early VC'],True,,,UNKNOWN,,SRC03345,HIGH
IL04449,S0271,INV0573,Nexus Ventures,vc,,,2015,['Early VC'],False,,,UNKNOWN,,SRC03345,HIGH
IL04450,S0271,INV0136,Kunal Shah,angel,,,2015,['Early VC'],False,,,UNKNOWN,,SRC03345,MEDIUM
IL04451,S0272,INV1422,Rainmatter Capital Fund,,Seed,2023-07-11,,,lead,,,,,SRC03348,MEDIUM
IL04452,S0272,INV1423,N. S. Raghavan Centre for Entrepreneurial Learning,,Seed,2023-07-11,,,,,,,,SRC03348,MEDIUM
IL04453,S0272,INV1424,50 angel investors,,Seed,2023-07-11,,,,,,,,SRC03348,MEDIUM
IL04454,S0272,INV1422,Rainmatter Capital Fund,,Seed,2023-07-11,,,lead,,,,,SRC03348,MEDIUM
IL04455,S0272,INV1422,Rainmatter Capital Fund,corporate_venture,,,2023,['Seed'],True,,,UNKNOWN,,SRC03350,HIGH
IL04456,S0272,INV1425,Zerodha (Rainmatter),corporate_venture,,,2023,['Seed'],False,,,UNKNOWN,,SRC03351,MEDIUM
IL04457,S0273,INV1426,USV Pharma,,Acquisition,2026-02-12,,,lead,,,,,SRC03353,HIGH
IL04458,S0273,INV1427,Hindustan Unilever (exited),,Acquisition,2026-02-12,,,,,,,,SRC03353,HIGH
IL04459,S0273,INV1428,Fireside Ventures (exited),,Acquisition,2026-02-12,,,,,,,,SRC03353,HIGH
IL04460,S0273,INV1426,USV Pharma,,Acquisition,2026-02-12,,,lead,,,,,SRC03353,HIGH
IL04461,S0273,INV1426,USV Pharma,strategic_corporate,,,2026,['Acquisition'],True,,"{'value': 1583, 'currency': 'INR Cr'}",UNKNOWN,,SRC03353,HIGH
IL04462,S0273,INV1429,Hindustan Unilever,strategic_corporate,,,2022,['Early investment'],False,,"{'value': 70, 'currency': 'INR Cr'}",UNKNOWN,,SRC03355,HIGH
IL04463,S0273,INV0184,Fireside Ventures,vc,,,2022,['Early investment'],False,,,UNKNOWN,,SRC03353,HIGH
IL04464,S0274,INV1430,Lachy Groom (lead),,seed,May 2025,,,,12.0,,,,SRC03358,
IL04465,S0275,INV1431,Alkemi Growth Capital (lead),,pre-Series A,May 2026,,,,3.8,,,,SRC03361,
IL04466,S0275,INV1432,SVLL,,pre-Series A,May 2026,,,,3.8,,,,SRC03361,
IL04467,S0277,INV1433,InCred PE Fund,,Series B (ESTIMATE — reported as $15M raise; series label per Tracxn snippet),June 2025,,,,15.0,,,,SRC03367,
IL04468,S0277,INV0698,Norwest,,Series B (ESTIMATE — reported as $15M raise; series label per Tracxn snippet),June 2025,,,,15.0,,,,SRC03367,
IL04469,S0277,INV0839,BlackSoil Capital,,debt,June 2026,,,,5.2,,,,SRC03366,
IL04470,S0278,INV1434,Florintree Advisors,,Series D (pre-IPO),April 2025,,,,175.0,,,,SRC03371,
IL04471,S0278,INV1435,Mumbai Angels,,Seed,2011-10-16,,,lead,0.5,,,,SRC03385,HIGH
IL04472,S0278,INV1435,Mumbai Angels,,Seed,2011-10-16,,,lead,0.5,,,,SRC03385,HIGH
IL04473,S0278,INV1436,Artiman Ventures,,Series A,2012-10-16,,,lead,6.4,,,,SRC03385,HIGH
IL04474,S0278,INV1436,Artiman Ventures,,Series A,2012-10-16,,,lead,6.4,,,,SRC03385,HIGH
IL04475,S0278,INV1437,WRV Capital,,Series B,2017-09-11,,,lead,17.0,,,,SRC03386,HIGH
IL04476,S0278,INV0241,Qualcomm Ventures,,Series B,2017-09-11,,,,17.0,,,,SRC03386,HIGH
IL04477,S0278,INV1438,Edelweiss Private Equity,,Series B,2017-09-11,,,,17.0,,,,SRC03386,HIGH
IL04478,S0278,INV1436,Artiman Ventures,,Series B,2017-09-11,,,,17.0,,,,SRC03386,HIGH
IL04479,S0278,INV1437,WRV Capital,,Series B,2017-09-11,,,lead,17.0,,,,SRC03386,HIGH
IL04480,S0278,INV0495,BlackSoil,,Venture Debt,2022-09-13,,,lead,8.0,,,,SRC03385,HIGH
IL04481,S0278,INV0495,BlackSoil,,Venture Debt,2022-09-13,,,lead,8.0,,,,SRC03385,HIGH
IL04482,S0278,INV1439,iDEX,,Grant (prize money),2023-01-31,,,lead,,,,,SRC03381,MEDIUM
IL04483,S0278,INV1439,iDEX,,Grant (prize money),2023-01-31,,,lead,,,,,SRC03381,MEDIUM
IL04484,S0278,INV1440,HBL Power Systems,,Series C,2023-01-31,,,lead,9.057855,,,,SRC03381,MEDIUM
IL04485,S0278,INV1440,HBL Power Systems,,Series C,2023-01-31,,,lead,9.057855,,,,SRC03381,MEDIUM
IL04486,S0278,INV1434,Florintree Advisors,,Series D (pre-IPO),2025-04-03,,,lead,1750.0,,,,SRC03371,HIGH
IL04487,S0278,INV0719,Tenacity Ventures,,Series D (pre-IPO),2025-04-03,,,lead,1750.0,,,,SRC03371,HIGH
IL04488,S0278,INV1166,Exim Bank of India,,Series D (pre-IPO),2025-04-03,,,lead,1750.0,,,,SRC03371,HIGH
IL04489,S0278,INV1434,Florintree Advisors,,Series D (pre-IPO),2025-04-03,,,lead,1750.0,,,,SRC03371,HIGH
IL04490,S0278,INV0719,Tenacity Ventures,,Series D (pre-IPO),2025-04-03,,,lead,1750.0,,,,SRC03371,HIGH
IL04491,S0278,INV1166,Exim Bank of India,,Series D (pre-IPO),2025-04-03,,,lead,1750.0,,,,SRC03371,HIGH
IL04492,S0279,INV1441,Navam Capital (lead),,UNKNOWN (reported as Rs 22 Cr raise; $2.3M per discovery hint),September 2026,,,,22.0,,,,SRC03402,
IL04493,S0280,INV1442,Magna International (lead),,Series A,September 2026,,,,35.0,,,,SRC03405,
IL04494,S0283,INV1443,public markets (fresh issue),,IPO (fresh Rs 650 Cr + Rs 50 Cr OFS = Rs 700 Cr total),July 2025,,,,650.0,,,,SRC03413,
IL04495,S0283,INV1444,Ashish Gupta,,Angel,2017-09-11,,,lead,0.312,,,,SRC03431,MEDIUM
IL04496,S0283,INV1444,Ashish Gupta,,Angel,2017-09-11,,,lead,0.312,,,,SRC03431,MEDIUM
IL04497,S0283,INV0004,WestBridge Capital,,Series A,2018-06-05,,,lead,15.0,,,,SRC03423,HIGH
IL04498,S0283,INV1444,Ashish Gupta,,Series A,2018-06-05,,,,15.0,,,,SRC03423,HIGH
IL04499,S0283,INV1445,Aravali Investment Holdings,,Series A,2018-06-05,,,,15.0,,,,SRC03423,HIGH
IL04500,S0283,INV0004,WestBridge Capital,,Series A,2018-06-05,,,lead,15.0,,,,SRC03423,HIGH
IL04501,S0283,INV0004,WestBridge Capital,,Series B,2022-04-04,,,lead,30.000648,,,,SRC03431,MEDIUM
IL04502,S0283,INV1444,Ashish Gupta,,Series B,2022-04-04,,,,30.000648,,,,SRC03431,MEDIUM
IL04503,S0283,INV1446,HirePro,,Series B,2022-04-04,,,,30.000648,,,,SRC03431,MEDIUM
IL04504,S0283,INV1447,Careernet,,Series B,2022-04-04,,,,30.000648,,,,SRC03431,MEDIUM
IL04505,S0283,INV0004,WestBridge Capital,,Series B,2022-04-04,,,lead,30.000648,,,,SRC03431,MEDIUM
IL04506,S0283,INV1448,"anchor investors: Aditya Birla Sun Life MF, Motilal Oswal, WhiteOak Capital, Invesco India, Bandhan MF, Edelweiss MF, BNP Paribas, Citigroup, Societe Generale, Groww MF, Max Life Insurance",,IPO (fresh issue),2025-07-23,,,,650.0,,,,SRC03422,HIGH
IL04507,S0283,INV1023,public markets,,IPO (fresh issue),2025-07-23,,,lead,650.0,,,,SRC03422,HIGH
IL04508,S0283,INV1023,public markets,,IPO (OFS),2025-07-23,,,,50.0,,,,SRC03422,HIGH
IL04509,S0283,INV1449,promoters Rishi Das and Meghna Agarwal,,IPO (OFS),2025-07-23,,,lead,50.0,,,,SRC03422,HIGH
IL04510,S0283,INV0004,WestBridge Capital,Private Equity,,,2018-06-05,"['Series A', 'Series B']",True,,15000000,True,,SRC03423,HIGH
IL04511,S0283,INV1444,Ashish Gupta,Angel Investor,,,2017-09-11,"['Angel', 'Series A', 'Series B']",False,,312000,False,,SRC03431,MEDIUM
IL04512,S0283,INV1445,Aravali Investment Holdings,PE (WestBridge affiliate),,,2018-06-05,['Series A'],False,,,False,,SRC03422,HIGH
IL04513,S0283,INV1446,HirePro,Corporate/Strategic,,,2022-04-04,['Series B'],False,,,False,,SRC03431,MEDIUM
IL04514,S0283,INV1447,Careernet,Corporate/Strategic,,,2022-04-04,['Series B'],False,,,False,,SRC03431,MEDIUM
IL04515,S0284,INV1450,"Anchor investors: Tata Mutual Fund, Baroda BNP Paribas Mutual Fund, Trust Mutual Fund",,IPO,July 2025,,,,5825.5,,,,SRC03437,HIGH
IL04516,S0284,INV0895,Public,,IPO,July 2025,,,lead,5825.5,,,,SRC03437,HIGH
IL04517,S0284,INV1453,Plutus Capital,,Series B-II,June 2024,,,,1680.0,,,,SRC03439,HIGH
IL04518,S0284,INV1454,Dhawan Family Trust,,Series B-II,June 2024,,,,1680.0,,,,SRC03439,HIGH
IL04519,S0284,INV1455,Kili Ventures,,Series B-II,June 2024,,,,1680.0,,,,SRC03439,HIGH
IL04520,S0284,INV1451,Keppel Ltd,,Series B-II,June 2024,,,lead,1680.0,,,,SRC03439,HIGH
IL04521,S0284,INV1452,Ananta Capital Ventures,,Series B-II,June 2024,,,lead,1680.0,,,,SRC03439,HIGH
IL04522,S0284,INV1456,Keppel Land,,Series A,Oct 2019,,,lead,25.0,,,,SRC03438,HIGH
IL04523,S0284,INV1456,Keppel Land,,Series A,Oct 2019,,,lead,25.0,,,,SRC03438,HIGH
IL04524,S0285,INV1457,The Wealth Company Asset Management (Bharat Value Fund),,Growth Capital,2025-08-18,,,lead,4600.0,,,,SRC03445,HIGH
IL04525,S0285,INV1457,The Wealth Company Asset Management (Bharat Value Fund),,Growth Capital,2025-08-18,,,lead,4600.0,,,,SRC03445,HIGH
IL04526,S0285,INV1458,The Wealth Company Asset Management,Asset Management,,,2025-08-18,['Growth Capital 2025'],True,,₹460 Cr,,,SRC03445,HIGH
IL04527,S0286,INV0895,Public,,IPO,2010-09-17,,,lead,80.5,,,,SRC03450,HIGH
IL04528,S0286,INV0895,Public,,IPO,2010-09-17,,,lead,80.5,,,,SRC03450,HIGH
IL04529,S0286,INV1459,Public market,,Post-IPO Equity,2025-07-17,,,lead,1400.0,,,,SRC03451,HIGH
IL04530,S0286,INV1459,Public market,,Post-IPO Equity,2025-07-17,,,lead,1400.0,,,,SRC03451,HIGH
IL04531,S0287,INV0102,Fidelity Investments,,Series G,2025-12-12,,,,90.0,,,,SRC03457,HIGH
IL04532,S0287,INV0003,Accel,,Series G,2025-12-12,,,lead,90.0,,,,SRC03457,HIGH
IL04533,S0287,INV0121,Elevation Capital,,Series F,2025-03-13,,,,130.0,,,,SRC03456,HIGH
IL04534,S0287,INV0103,Tiger Global Management,,Series F,2025-03-13,,,,130.0,,,,SRC03456,HIGH
IL04535,S0287,INV1460,Fundamentum,,Series F,2025-03-13,,,,130.0,,,,SRC03456,HIGH
IL04536,S0287,INV0004,WestBridge Capital,,Series F,2025-03-13,,,,130.0,,,,SRC03456,HIGH
IL04537,S0287,INV1461,Haymarket Media Group,,Series F,2025-03-13,,,,130.0,,,,SRC03456,HIGH
IL04538,S0287,INV0003,Accel,,Series F,2025-03-13,,,lead,130.0,,,,SRC03456,HIGH
IL04539,S0287,INV1463,ADG,,Series E,2021-11-24,,,,250.0,,,,SRC03457,HIGH
IL04540,S0287,INV1464,ADFD,,Series E,2021-11-24,,,,250.0,,,,SRC03457,HIGH
IL04541,S0287,INV1465,Arena Holdings,,Series E,2021-11-24,,,,250.0,,,,SRC03457,HIGH
IL04542,S0287,INV1466,Timf Holdings,,Series E,2021-11-24,,,,250.0,,,,SRC03457,HIGH
IL04543,S0287,INV1320,Sachin Tendulkar,,Series E,2021-11-24,,,,250.0,,,,SRC03457,HIGH
IL04544,S0287,INV1467,Somerville,,Series E,2021-11-24,,,,250.0,,,,SRC03457,HIGH
IL04545,S0287,INV0094,Think Investments,,Series E,2021-11-24,,,,250.0,,,,SRC03457,HIGH
IL04546,S0287,INV0103,Tiger Global Management,,Series E,2021-11-24,,,lead,250.0,,,,SRC03457,HIGH
IL04547,S0287,INV1462,Avenir Growth Capital,,Series E,2021-11-24,,,lead,250.0,,,,SRC03457,HIGH
IL04548,S0287,INV0102,Fidelity Investments,,Series F (extended),2025-06,,,,161.0,,,,SRC03455,HIGH
IL04549,S0287,INV1468,Accel Leaders Fund,,Series F (extended),2025-06,,,lead,161.0,,,,SRC03455,HIGH
IL04550,S0287,INV0004,WestBridge Capital,,Series F (extended),2025-06,,,lead,161.0,,,,SRC03455,HIGH
IL04551,S0288,INV1469,We Founder Circle,,Seed,2025-11-11,,,lead,0.998,,,,SRC03461,HIGH
IL04552,S0288,INV1470,Kahu,,Seed,2025-11-11,,,lead,0.998,,,,SRC03461,HIGH
IL04553,S0288,INV1471,Coca-Cola CEO,,Seed,2025-11-11,,,,0.998,,,,SRC03461,HIGH
IL04554,S0288,INV1472,JK Cement COO,,Seed,2025-11-11,,,,0.998,,,,SRC03461,HIGH
IL04555,S0288,INV1469,We Founder Circle,,Seed,2025-11-11,,,lead,0.998,,,,SRC03461,HIGH
IL04556,S0288,INV1470,Kahu,,Seed,2025-11-11,,,lead,0.998,,,,SRC03461,HIGH
IL04557,S0289,INV1474,Haldiram Family Office,,Seed,2026-06-12,,,,1.0,,,,SRC03467,HIGH
IL04558,S0289,INV1475,Rohit Qamra,,Seed,2026-06-12,,,,1.0,,,,SRC03467,HIGH
IL04559,S0289,INV1476,RMRN Ventures,,Seed,2026-06-12,,,,1.0,,,,SRC03467,HIGH
IL04560,S0289,INV1477,BP Jain Holdings,,Seed,2026-06-12,,,,1.0,,,,SRC03467,HIGH
IL04561,S0289,INV1478,Bipin Preet Singh (MobiKwik),,Seed,2026-06-12,,,,1.0,,,,SRC03467,HIGH
IL04562,S0289,INV1369,India Accelerator,,Seed,2026-06-12,,,lead,1.0,,,,SRC03467,HIGH
IL04563,S0289,INV1473,Finvolve,,Seed,2026-06-12,,,lead,1.0,,,,SRC03467,HIGH
IL04564,S0290,INV0073,Together Fund,,Series A,2026-08-26,,,,21.0,,,,SRC03472,HIGH
IL04565,S0290,INV1480,Array VC,,Series A,2026-08-26,,,,21.0,,,,SRC03472,HIGH
IL04566,S0290,INV1479,Susquehanna Venture Capital,,Series A,2026-08-26,,,lead,21.0,,,,SRC03472,HIGH
IL04567,S0290,INV0048,Nexus Venture Partners,,Series A,2026-08-26,,,lead,21.0,,,,SRC03472,HIGH
IL04568,S0290,INV0073,Together Fund,,Seed,2025-01-01,,,lead,,,,,SRC03482,MEDIUM
IL04569,S0290,INV1480,Array VC,,Seed,2025-01-01,,,lead,,,,,SRC03482,MEDIUM
IL04570,S0290,INV1481,Climber Capital,,Seed,2025-01-01,,,,,,,,SRC03482,MEDIUM
IL04571,S0290,INV1482,Samarthya Investment Managers,,Seed,2025-01-01,,,,,,,,SRC03482,MEDIUM
IL04572,S0290,INV0073,Together Fund,,Seed,2025-01-01,,,lead,,,,,SRC03482,MEDIUM
IL04573,S0290,INV1480,Array VC,,Seed,2025-01-01,,,lead,,,,,SRC03482,MEDIUM
IL04574,S0291,INV1483,Nikhil Kamath ($20M),,Equity Investment,2025-04-10,,,,275.0,,,,SRC03488,HIGH
IL04575,S0291,INV1484,Golden Merchandisers,,Equity Investment,2025-04-10,,,,275.0,,,,SRC03488,HIGH
IL04576,S0291,INV1485,NK Enterprises Holding,,Equity Investment,2025-04-10,,,,275.0,,,,SRC03488,HIGH
IL04577,S0291,INV0578,Nikhil Kamath,,Equity Investment,2025-04-10,,,lead,275.0,,,,SRC03488,HIGH
IL04578,S0291,INV1484,Golden Merchandisers,,Series A,UNKNOWN,,,lead,32.0,,,,SRC03489,HIGH
IL04579,S0291,INV1485,NK Enterprises Holding,,Series A,UNKNOWN,,,lead,32.0,,,,SRC03489,HIGH
IL04580,S0291,INV1484,Golden Merchandisers,,Series A,UNKNOWN,,,lead,32.0,,,,SRC03489,HIGH
IL04581,S0291,INV1485,NK Enterprises Holding,,Series A,UNKNOWN,,,lead,32.0,,,,SRC03489,HIGH
IL04582,S0292,INV0125,Blume Ventures,,Series F,2026-02-13,,,,4760.0,,,,SRC03494,HIGH
IL04583,S0292,INV1486,Analog Capital,,Series F,2026-02-13,,,,4760.0,,,,SRC03494,HIGH
IL04584,S0292,INV1487,Elev8,,Series F,2026-02-13,,,,4760.0,,,,SRC03494,HIGH
IL04585,S0292,INV1488,IndiaMART,,Series F,2026-02-13,,,,4760.0,,,,SRC03494,HIGH
IL04586,S0292,INV0145,Kae Capital,,Series F,2026-02-13,,,,4760.0,,,,SRC03494,HIGH
IL04587,S0292,INV0332,Neo Asset Management,,Series F,2026-02-13,,,lead,4760.0,,,,SRC03494,HIGH
IL04588,S0292,INV1488,Indiamart,,Series F (earlier),2024,,,lead,17.0,,,,SRC03448,HIGH
IL04589,S0292,INV1487,Elev8,,Series F (earlier),2024,,,lead,17.0,,,,SRC03448,HIGH
IL04590,S0292,INV1488,Indiamart,,Series F (earlier),2024,,,lead,17.0,,,,SRC03448,HIGH
IL04591,S0292,INV1487,Elev8,,Series F (earlier),2024,,,lead,17.0,,,,SRC03448,HIGH
IL04592,S0292,INV1489,Various,,Series F (later),2026-06-22,,,,73.0,,,,SRC03496,HIGH
IL04593,S0292,INV0332,Neo Asset Management,,Series F (later),2026-06-22,,,lead,73.0,,,,SRC03496,HIGH
IL04594,S0293,INV1490,Rosy Blue,,Corporate Round,2025-12-04,,,lead,10000.0,,,,SRC03500,HIGH
IL04595,S0293,INV1491,Kashikey Co. Ltd.,,Corporate Round,2025-12-04,,,lead,10000.0,,,,SRC03500,HIGH
IL04596,S0293,INV1490,Rosy Blue,,Corporate Round,2025-12-04,,,lead,10000.0,,,,SRC03500,HIGH
IL04597,S0293,INV1491,Kashikey Co. Ltd.,,Corporate Round,2025-12-04,,,lead,10000.0,,,,SRC03500,HIGH
IL04598,S0293,INV1492,Aamir Khan,,Angel,2025-12-22,,,lead,,,,,SRC03502,HIGH
IL04599,S0293,INV1493,Ranbir Kapoor,,Angel,2025-12-22,,,lead,,,,,SRC03502,HIGH
IL04600,S0293,INV1492,Aamir Khan,,Angel,2025-12-22,,,lead,,,,,SRC03502,HIGH
IL04601,S0293,INV1493,Ranbir Kapoor,,Angel,2025-12-22,,,lead,,,,,SRC03502,HIGH
IL04602,S0293,INV1491,Kashikey Co. Ltd.,,Seed,2025-01-01,,,lead,,,,,SRC03500,HIGH
IL04603,S0293,INV1491,Kashikey Co. Ltd.,,Seed,2025-01-01,,,lead,,,,,SRC03500,HIGH
IL04604,S0296,INV1204,Stellaris Venture Partners,,Series A,2021-12-15,,,lead,4.0,,,,SRC03521,HIGH
IL04605,S0296,INV1204,Stellaris Venture Partners,,Series A,2021-12-15,,,lead,4.0,,,,SRC03521,HIGH
IL04606,S0296,INV1494,S24 Capital Advisory,,Series A,2024-08-27,,,lead,7.52,,,,SRC03516,MEDIUM
IL04607,S0296,INV1204,Stellaris Venture Partners,,Series A,2024-08-27,,,,7.52,,,,SRC03516,MEDIUM
IL04608,S0296,INV1495,SIG (Susquehanna Asia VC),,Series A,2024-08-27,,,,7.52,,,,SRC03516,MEDIUM
IL04609,S0296,INV1494,S24 Capital Advisory,,Series A,2024-08-27,,,lead,7.52,,,,SRC03516,MEDIUM
IL04610,S0296,INV1237,Susquehanna Asia VC,,Angel,2024-09-10,,,,7.88,,,,SRC03513,HIGH
IL04611,S0296,INV1204,Stellaris Venture Partners,,Angel,2024-09-10,,,,7.88,,,,SRC03513,HIGH
IL04612,S0296,INV0652,angel investors,,Angel,2024-09-10,,,,7.88,,,,SRC03513,HIGH
IL04613,S0298,INV1496,10x Founders Fund,,Series X,2025-01-23,,,lead,5.0,,,,SRC03530,MEDIUM
IL04614,S0298,INV1496,10x Founders Fund,,Series X,2025-01-23,,,lead,5.0,,,,SRC03530,MEDIUM
IL04615,S0298,INV1497,Justin (surname unverified),,pre-seed,2022-08-10,,,lead,19.5,,,,SRC03531,LOW
IL04616,S0300,INV1498,Atomic Capital,,pre-Series A,2025-11-11,,,lead,22.0,,,,SRC03539,MEDIUM
IL04617,S0302,INV0184,Fireside Ventures,,Series A,2026-05-04,,,lead,5.0,,,,SRC03546,MEDIUM
IL04618,S0303,INV1499,Bharat Value Fund (The Wealth Company),,"private equity (minority, undisclosed stake)",2026-08-01,,,lead,300.0,,,,SRC03549,MEDIUM
IL04619,S0304,INV1500,SMBC Asia Rising Fund,,Series A,2026-04,,,lead,2800.0,,,,SRC03551,HIGH
IL04620,S0304,INV0046,Lightspeed,,Series A,2026-04,,,,2800.0,,,,SRC03551,HIGH
IL04621,S0304,INV1500,SMBC Asia Rising Fund,,Series A,2026-04,,,lead,2800.0,,,,SRC03551,HIGH
IL04622,S0305,INV0119,Insight Partners,,Series A,2026-09-10,,,lead,13.3,,,,SRC03557,HIGH
IL04623,S0305,INV0112,Bessemer Venture Partners,,Series A,2026-09-10,,,,13.3,,,,SRC03557,HIGH
IL04624,S0305,INV0119,Insight Partners,,Series A,2026-09-10,,,lead,13.3,,,,SRC03557,HIGH
IL04625,S0305,INV0112,Bessemer Venture Partners,,Seed,2025-10,,,lead,3.0,,,,SRC03558,HIGH
IL04626,S0305,INV0112,Bessemer Venture Partners,,Seed,2025-10,,,lead,3.0,,,,SRC03558,HIGH
IL04627,S0305,INV0119,Insight Partners,Venture Capital,,,2026-09-10,['Series A'],True,,13.3,,,SRC03557,HIGH
IL04628,S0305,INV0112,Bessemer Venture Partners,Venture Capital,,,2025-10-15,"['Seed', 'Series A']",True,,3,,,SRC03557,HIGH
IL04629,S0306,INV1501,GVFL,,Series A,2025-05-28,,,lead,3.0,,,,SRC03564,HIGH
IL04630,S0306,INV1502,Veloce Opportunities Fund,,Series A,2025-05-28,,,,3.0,,,,SRC03564,HIGH
IL04631,S0306,INV1503,JITO,,Series A,2025-05-28,,,,3.0,,,,SRC03564,HIGH
IL04632,S0306,INV1469,We Founder Circle,,Series A,2025-05-28,,,,3.0,,,,SRC03564,HIGH
IL04633,S0306,INV1504,Sunicon Ventures Fund,,Series A,2025-05-28,,,,3.0,,,,SRC03564,HIGH
IL04634,S0306,INV1505,Progrowth Ventures,,Series A,2025-05-28,,,,3.0,,,,SRC03564,HIGH
IL04635,S0306,INV1506,Hyderabad Angels,,Series A,2025-05-28,,,,3.0,,,,SRC03564,HIGH
IL04636,S0306,INV1501,GVFL,,Series A,2025-05-28,,,lead,3.0,,,,SRC03564,HIGH
IL04637,S0307,INV0233,Sequoia Capital,,Seed,UNKNOWN-2023,,,lead,2.325,,,,SRC03568,MEDIUM
IL04638,S0307,INV0815,Speciale Invest,,Seed,UNKNOWN-2023,,,,2.325,,,,SRC03568,MEDIUM
IL04639,S0307,INV0233,Sequoia Capital,,Seed,UNKNOWN-2023,,,lead,2.325,,,,SRC03568,MEDIUM
IL04640,S0308,INV1507,Neev II Fund,,Series A,2026-08-18,,,lead,20.0,,,,SRC03579,HIGH
IL04641,S0308,INV1344,Aavishkaar Capital,,Series A,2026-08-18,,,lead,20.0,,,,SRC03579,HIGH
IL04642,S0308,INV1507,Neev II Fund,,Series A,2026-08-18,,,lead,20.0,,,,SRC03579,HIGH
IL04643,S0308,INV1344,Aavishkaar Capital,,Series A,2026-08-18,,,lead,20.0,,,,SRC03579,HIGH
IL04644,S0309,INV0767,Blue Ashva Capital,,Seed,2026-09,,,lead,8.0,,,,SRC03582,HIGH
IL04645,S0309,INV1473,Finvolve,,Seed,2026-09,,,,8.0,,,,SRC03582,HIGH
IL04646,S0309,INV0767,Blue Ashva Capital,,Seed,2026-09,,,lead,8.0,,,,SRC03582,HIGH
IL04647,S0310,INV1511,Pitanga Ventures,,Series A,2015-11-25,,,,,,,,SRC03608,MEDIUM
IL04648,S0310,INV1512,Philipp Freise,,Series A,2015-11-25,,,,,,,,SRC03608,MEDIUM
IL04649,S0310,INV1508,Pitango,,Series A,2015-11-25,,,lead,,,,,SRC03608,MEDIUM
IL04650,S0310,INV1509,Kingsway Capital,,Series A,2015-11-25,,,lead,,,,,SRC03608,MEDIUM
IL04651,S0310,INV1513,Asia Venture Group,,Series A,2015-11-25,,,,,,,,SRC03608,MEDIUM
IL04652,S0310,INV1514,Mauerkatze,,Series A,2015-11-25,,,,,,,,SRC03608,MEDIUM
IL04653,S0310,INV1510,500 Global,,Series A,2015-11-25,,,lead,,,,,SRC03608,MEDIUM
IL04654,S0310,INV0428,Venture Highway,,Series A,2015-11-25,,,,,,,,SRC03608,MEDIUM
IL04655,S0310,INV1515,AmpVentures,,Series A,2015-11-25,,,,,,,,SRC03608,MEDIUM
IL04656,S0310,INV1516,Rahul Ravindra Raj Mehta,,Series A,2015-11-25,,,,,,,,SRC03608,MEDIUM
IL04657,S0310,INV0157,DST Global,,Series A,2015-11-25,,,lead,,,,,SRC03608,MEDIUM
IL04658,S0310,INV1508,Pitango,,Series A,2015-11-25,,,lead,,,,,SRC03608,MEDIUM
IL04659,S0310,INV1509,Kingsway Capital,,Series A,2015-11-25,,,lead,,,,,SRC03608,MEDIUM
IL04660,S0310,INV1510,500 Global,,Series A,2015-11-25,,,lead,,,,,SRC03608,MEDIUM
IL04661,S0310,INV0157,DST Global,,Series A,2015-11-25,,,lead,,,,,SRC03608,MEDIUM
IL04662,S0310,INV1517,Scott Shleifer,,Series E,2020-11-24,,,,200.0,,,,SRC03607,HIGH
IL04663,S0310,INV1518,Ontario,,Series E,2020-11-24,,,,200.0,,,,SRC03607,HIGH
IL04664,S0310,INV1519,Freemark Partners,,Series E,2020-11-24,,,,200.0,,,,SRC03607,HIGH
IL04665,S0310,INV0124,Moore Strategic Ventures,,Series E,2020-11-24,,,,200.0,,,,SRC03607,HIGH
IL04666,S0310,INV1520,Griffin Schroeder,,Series E,2020-11-24,,,,200.0,,,,SRC03607,HIGH
IL04667,S0310,INV1521,VMS Fund Administration,,Series E,2020-11-24,,,,200.0,,,,SRC03607,HIGH
IL04668,S0310,INV1522,Scott Bankcraft Kapnick,,Series E,2020-11-24,,,,200.0,,,,SRC03607,HIGH
IL04669,S0310,INV0157,DST Global,,Series E,2020-11-24,,,lead,200.0,,,,SRC03607,HIGH
IL04670,S0310,INV1523,Indian Continent Investment,,Series E,2020-11-24,,,,200.0,,,,SRC03607,HIGH
IL04671,S0310,INV1524,Exor,,Series E,2020-11-24,,,,200.0,,,,SRC03607,HIGH
IL04672,S0310,INV1525,Unbound,,Series E,2020-11-24,,,,200.0,,,,SRC03607,HIGH
IL04673,S0310,INV0037,Peak XV Partners,,Series E,2020-11-24,,,,200.0,,,,SRC03607,HIGH
IL04674,S0310,INV1526,ACORN,,Series E,2020-11-24,,,,200.0,,,,SRC03607,HIGH
IL04675,S0310,INV0157,DST Global,,Series E,2020-11-24,,,lead,200.0,,,,SRC03607,HIGH
IL04676,S0310,INV0157,DST Global,,Series F,2021-09-08,,,lead,340.0,,,,SRC03603,HIGH
IL04677,S0310,INV1524,Exor,,Series F,2021-09-08,,,lead,340.0,,,,SRC03603,HIGH
IL04678,S0310,INV0066,Alpha Wave Global,,Series F,2021-09-08,,,lead,340.0,,,,SRC03603,HIGH
IL04679,S0310,INV0158,Tencent,,Series F,2021-09-08,,,lead,340.0,,,,SRC03603,HIGH
IL04680,S0310,INV1518,Ontario,,Series F,2021-09-08,,,,340.0,,,,SRC03603,HIGH
IL04681,S0310,INV0618,Moore Ventures,,Series F,2021-09-08,,,,340.0,,,,SRC03603,HIGH
IL04682,S0310,INV1003,Chimera,,Series F,2021-09-08,,,,340.0,,,,SRC03603,HIGH
IL04683,S0310,INV1527,Quad Partners,,Series F,2021-09-08,,,,340.0,,,,SRC03603,HIGH
IL04684,S0310,INV0007,SoftBank Vision Fund,,Series F,2021-09-08,,,,340.0,,,,SRC03603,HIGH
IL04685,S0310,INV1528,SVF Investment Corp,,Series F,2021-09-08,,,,340.0,,,,SRC03603,HIGH
IL04686,S0310,INV1522,Scott Bankcraft Kapnick,,Series F,2021-09-08,,,,340.0,,,,SRC03603,HIGH
IL04687,S0310,INV0157,DST Global,,Series F,2021-09-08,,,lead,340.0,,,,SRC03603,HIGH
IL04688,S0310,INV1524,Exor,,Series F,2021-09-08,,,lead,340.0,,,,SRC03603,HIGH
IL04689,S0310,INV0066,Alpha Wave Global,,Series F,2021-09-08,,,lead,340.0,,,,SRC03603,HIGH
IL04690,S0310,INV0158,Tencent,,Series F,2021-09-08,,,lead,340.0,,,,SRC03603,HIGH
IL04691,S0310,INV0066,Alpha Wave Global,,Series G,2021-12-20,,,lead,300.0,,,,SRC03595,HIGH
IL04692,S0310,INV0700,SoftBank Group,,Series G,2021-12-20,,,,300.0,,,,SRC03595,HIGH
IL04693,S0310,INV1529,Zennis Capital,,Series G,2021-12-20,,,,300.0,,,,SRC03595,HIGH
IL04694,S0310,INV1522,Scott Bankcraft Kapnick,,Series G,2021-12-20,,,,300.0,,,,SRC03595,HIGH
IL04695,S0310,INV0158,Tencent,,Series G,2021-12-20,,,,300.0,,,,SRC03595,HIGH
IL04696,S0310,INV0413,Trifecta Capital,,Series G,2021-12-20,,,,300.0,,,,SRC03595,HIGH
IL04697,S0310,INV1528,SVF Investment Corp,,Series G,2021-12-20,,,,300.0,,,,SRC03595,HIGH
IL04698,S0310,INV0066,Alpha Wave Global,,Series G,2021-12-20,,,lead,300.0,,,,SRC03595,HIGH
IL04699,S0310,INV1530,IFM Investors,,Series G (debt),2021-11-30,,,lead,100.0,,,,SRC03595,HIGH
IL04700,S0310,INV1531,Comm Bank of Dubai,,Series G (debt),2021-11-30,,,lead,100.0,,,,SRC03595,HIGH
IL04701,S0310,INV1530,IFM Investors,,Series G (debt),2021-11-30,,,lead,100.0,,,,SRC03595,HIGH
IL04702,S0310,INV1531,Comm Bank of Dubai,,Series G (debt),2021-11-30,,,lead,100.0,,,,SRC03595,HIGH
IL04703,S0310,INV1532,Global Car Group,,Corporate Round,2024-07-27,,,lead,29.86,,,,SRC03609,MEDIUM
IL04704,S0310,INV1532,Global Car Group,,Corporate Round,2024-07-27,,,lead,29.86,,,,SRC03609,MEDIUM
IL04705,S0312,INV0827,Iron Pillar,,Series C,2025-09-22,,,lead,23.0,,,,SRC03627,HIGH
IL04706,S0312,INV0827,Iron Pillar,,Series C,2025-09-22,,,lead,23.0,,,,SRC03627,HIGH
IL04707,S0313,INV1533,Antariksh Venture Capital Fund,,UNKNOWN (fund investment; round type unverified),UNKNOWN-2025/26,,,lead,60.0,,,,SRC03632,MEDIUM
IL04708,S0314,INV1534,Ajay Upadhyaya,,Pre-Series A,May 2025,,,lead,2.5,,,,SRC03634,HIGH
IL04709,S0314,INV1535,Deepak,,Pre-Series A,May 2025,,,,2.5,,,,SRC03634,HIGH
IL04710,S0314,INV1534,Ajay Upadhyaya,,Pre-Series A,May 2025,,,lead,2.5,,,,SRC03634,HIGH
IL04711,S0316,INV0541,Filter Capital,,Primary-Secondary,"Aug 19, 2025",,,lead,27.0,,,,SRC03644,HIGH
IL04712,S0316,INV0668,3one4 Capital,,Primary-Secondary,"Aug 19, 2025",,,lead,27.0,,,,SRC03644,HIGH
IL04713,S0316,INV1537,Kunal Popat,,Seed,2014,,,,40.0,,,,SRC03650,HIGH
IL04714,S0316,INV1538,Kinjal Popat,,Seed,2014,,,,40.0,,,,SRC03650,HIGH
IL04715,S0316,INV1536,Self-funded,,Seed,2014,,,lead,40.0,,,,SRC03650,HIGH
IL04716,S0316,INV1539,Xponentia Capital Partners,,Series A,2021-10-27,,,lead,40.0,,,,SRC03659,HIGH
IL04717,S0316,INV1539,Xponentia Capital Partners,,Series A,2021-10-27,,,lead,40.0,,,,SRC03659,HIGH
IL04718,S0316,INV0151,Negen Capital,,Series A (additional),2023,,,lead,,,,,SRC03649,MEDIUM
IL04719,S0316,INV0151,Negen Capital,,Series A (additional),2023,,,lead,,,,,SRC03649,MEDIUM
IL04720,S0316,INV0541,Filter Capital,,Series B,2025-08-19,,,lead,27.0,,,,SRC03648,HIGH
IL04721,S0316,INV0668,3one4 Capital,,Series B,2025-08-19,,,lead,27.0,,,,SRC03648,HIGH
IL04722,S0316,INV1540,Xponentia Capital (exited),,Series B,2025-08-19,,,,27.0,,,,SRC03648,HIGH
IL04723,S0316,INV0541,Filter Capital,,Series B,2025-08-19,,,lead,27.0,,,,SRC03648,HIGH
IL04724,S0316,INV0668,3one4 Capital,,Series B,2025-08-19,,,lead,27.0,,,,SRC03648,HIGH
IL04725,S0316,INV0541,Filter Capital,,Series B,2025-08-19,,,lead,110.0,,,,SRC03649,HIGH
IL04726,S0316,INV0668,3one4 Capital,,Series B,2025-08-19,,,,110.0,,,,SRC03649,HIGH
IL04727,S0316,INV0541,Filter Capital,,Series B,2025-08-19,,,lead,110.0,,,,SRC03649,HIGH
IL04728,S0316,INV1541,Xponentia Capital (seller),,Secondary,2025-08-19,,,,120.0,,,,SRC03649,HIGH
IL04729,S0316,INV0668,3one4 Capital,,Secondary,2025-08-19,,,lead,120.0,,,,SRC03649,HIGH
IL04730,S0316,INV0541,Filter Capital,Growth equity,,,2025-07-16,['Series B'],True,,70,Yes (Sumit Sinha as nominee director),,SRC03649,HIGH
IL04731,S0316,INV0668,3one4 Capital,Early-stage VC,,,2025-07-16,['Series B'],False,,40,Yes (largest external stakeholder at 14.12%),,SRC03649,HIGH
IL04732,S0316,INV1539,Xponentia Capital Partners,Private equity,,,2021-10-27,['Series A'],True,,40,Exited 2025,,SRC03649,HIGH
IL04733,S0316,INV0151,Negen Capital,VC,,,2023,['Series A (additional)'],False,,,,,SRC03649,MEDIUM
IL04734,S0316,INV1537,Kunal Popat,Founder,,,2014,['Seed'],True,,40,Yes,,SRC03650,HIGH
IL04735,S0319,INV1542,Caret Capital,,Seed,Aug 2026,,,lead,120.0,,,,SRC03666,HIGH
IL04736,S0320,INV1543,Prudent Investment Management,,Series A,Sep 2026,,,lead,12.0,,,,SRC03671,HIGH
IL04737,S0320,INV0668,3one4 Capital,,Series A,Sep 2026,,,lead,12.0,,,,SRC03671,HIGH
IL04738,S0320,INV1544,Visvesvaraya Pentakota,,Angel,2018-02-06,,,lead,3.897905,,,,SRC03686,MEDIUM
IL04739,S0320,INV1545,Ravi Ayyagari,,Angel,2018-02-06,,,,3.897905,,,,SRC03686,MEDIUM
IL04740,S0320,INV1544,Visvesvaraya Pentakota,,Angel,2018-02-06,,,lead,3.897905,,,,SRC03686,MEDIUM
IL04741,S0320,INV0720,Better Capital,,Seed,2019-01-01,,,lead,1.0,,,,SRC03675,MEDIUM
IL04742,S0320,INV0720,Better Capital,,Seed,2019-01-01,,,lead,1.0,,,,SRC03675,MEDIUM
IL04743,S0320,INV1546,Sean O'Sullivan Ventures,,Seed,2021-07-14,,,lead,7.0,,,,SRC03678,MEDIUM
IL04744,S0320,INV1547,Footwork VC,,Seed,2021-07-14,,,lead,7.0,,,,SRC03678,MEDIUM
IL04745,S0320,INV0720,Better Capital,,Seed,2021-07-14,,,lead,7.0,,,,SRC03678,MEDIUM
IL04746,S0320,INV1548,Alabaster,,Seed,2021-07-14,,,,7.0,,,,SRC03678,MEDIUM
IL04747,S0320,INV1546,Sean O'Sullivan Ventures,,Seed,2021-07-14,,,lead,7.0,,,,SRC03678,MEDIUM
IL04748,S0320,INV1547,Footwork VC,,Seed,2021-07-14,,,lead,7.0,,,,SRC03678,MEDIUM
IL04749,S0320,INV0720,Better Capital,,Seed,2021-07-14,,,lead,7.0,,,,SRC03678,MEDIUM
IL04750,S0321,INV1549,EquityPitcher,,Seed,"Sep 7, 2026",,,lead,,,,,SRC03690,HIGH
IL04751,S0321,INV1550,HTGF,,Seed,"Sep 7, 2026",,,lead,,,,,SRC03690,HIGH
IL04752,S0322,INV0800,Beams Fintech Fund,,Series,Mar 2025,,,lead,70.0,,,,SRC03696,HIGH
IL04753,S0322,INV1551,Mitsubishi,,Series,Mar 2025,,,lead,70.0,,,,SRC03696,HIGH
IL04754,S0322,INV0401,Goldman Sachs,,Corporate,Jan 2026,,,lead,385.0,,,,SRC03707,HIGH
IL04755,S0322,INV0759,TVS Capital Funds,,Corporate,Jan 2026,,,lead,385.0,,,,SRC03707,HIGH
IL04756,S0322,INV1552,Eytukan Holdings,,Corporate,Jan 2026,,,lead,385.0,,,,SRC03707,HIGH
IL04757,S0322,INV0224,Goldman Sachs Asset Management,,Series A,2023-02-09,,,lead,150.0,,,,SRC03708,HIGH
IL04758,S0322,INV0759,TVS Capital Funds,,Series A,2023-02-09,,,lead,150.0,,,,SRC03708,HIGH
IL04759,S0322,INV1149,Investcorp,,Series A,2023-02-09,,,,150.0,,,,SRC03708,HIGH
IL04760,S0322,INV1553,Avataar Venture Partners,,Series A,2023-02-09,,,,150.0,,,,SRC03708,HIGH
IL04761,S0322,INV1554,Alstroemeria,,Series A,2023-02-09,,,,150.0,,,,SRC03708,HIGH
IL04762,S0322,INV0224,Goldman Sachs Asset Management,,Series A,2023-02-09,,,lead,150.0,,,,SRC03708,HIGH
IL04763,S0322,INV0759,TVS Capital Funds,,Series A,2023-02-09,,,lead,150.0,,,,SRC03708,HIGH
IL04764,S0322,INV1555,Mitsubishi UFJ Financial Group,,Series B,2023-10-06,,,lead,60.0,,,,SRC03699,HIGH
IL04765,S0322,INV1556,BNP Paribas Cardif,,Series B,2023-10-06,,,lead,60.0,,,,SRC03699,HIGH
IL04766,S0322,INV0759,TVS Capital Funds,,Series B,2023-10-06,,,,60.0,,,,SRC03699,HIGH
IL04767,S0322,INV1149,Investcorp,,Series B,2023-10-06,,,,60.0,,,,SRC03699,HIGH
IL04768,S0322,INV1553,Avataar Venture Partners,,Series B,2023-10-06,,,,60.0,,,,SRC03699,HIGH
IL04769,S0322,INV1555,Mitsubishi UFJ Financial Group,,Series B,2023-10-06,,,lead,60.0,,,,SRC03699,HIGH
IL04770,S0322,INV1556,BNP Paribas Cardif,,Series B,2023-10-06,,,lead,60.0,,,,SRC03699,HIGH
IL04771,S0322,INV0800,Beams Fintech Fund,,Series C,2025-03-04,,,lead,70.0,,,,SRC03699,HIGH
IL04772,S0322,INV1555,Mitsubishi UFJ Financial Group,,Series C,2025-03-04,,,lead,70.0,,,,SRC03699,HIGH
IL04773,S0322,INV1556,BNP Paribas Cardif,,Series C,2025-03-04,,,lead,70.0,,,,SRC03699,HIGH
IL04774,S0322,INV0401,Goldman Sachs,,Series C,2025-03-04,,,,70.0,,,,SRC03699,HIGH
IL04775,S0322,INV0759,TVS Capital Funds,,Series C,2025-03-04,,,,70.0,,,,SRC03699,HIGH
IL04776,S0322,INV1149,Investcorp,,Series C,2025-03-04,,,,70.0,,,,SRC03699,HIGH
IL04777,S0322,INV1553,Avataar Venture Partners,,Series C,2025-03-04,,,,70.0,,,,SRC03699,HIGH
IL04778,S0322,INV1216,LeapFrog Investments,,Series C,2025-03-04,,,,70.0,,,,SRC03699,HIGH
IL04779,S0322,INV0800,Beams Fintech Fund,,Series C,2025-03-04,,,lead,70.0,,,,SRC03699,HIGH
IL04780,S0322,INV1555,Mitsubishi UFJ Financial Group,,Series C,2025-03-04,,,lead,70.0,,,,SRC03699,HIGH
IL04781,S0322,INV1556,BNP Paribas Cardif,,Series C,2025-03-04,,,lead,70.0,,,,SRC03699,HIGH
IL04782,S0322,INV0401,Goldman Sachs,,Corporate Restructuring,2026-01-22,,,lead,38.5,,,,SRC03707,MEDIUM
IL04783,S0322,INV0759,TVS Capital Funds,,Corporate Restructuring,2026-01-22,,,lead,38.5,,,,SRC03707,MEDIUM
IL04784,S0322,INV1552,Eytukan Holdings,,Corporate Restructuring,2026-01-22,,,lead,38.5,,,,SRC03707,MEDIUM
IL04785,S0322,INV0401,Goldman Sachs,,Corporate Restructuring,2026-01-22,,,lead,38.5,,,,SRC03707,MEDIUM
IL04786,S0322,INV0759,TVS Capital Funds,,Corporate Restructuring,2026-01-22,,,lead,38.5,,,,SRC03707,MEDIUM
IL04787,S0322,INV1552,Eytukan Holdings,,Corporate Restructuring,2026-01-22,,,lead,38.5,,,,SRC03707,MEDIUM
IL04788,S0322,INV0224,Goldman Sachs Asset Management,,Series C (additional),2025-12-04,,,lead,5.920627,,,,SRC03704,MEDIUM
IL04789,S0322,INV1557,Action TESA,,Series C (additional),2025-12-04,,,,5.920627,,,,SRC03704,MEDIUM
IL04790,S0322,INV0224,Goldman Sachs Asset Management,,Series C (additional),2025-12-04,,,lead,5.920627,,,,SRC03704,MEDIUM
IL04791,S0323,INV1558,Kouzina Food Tech,,Strategic Investment,Mar 2025,,,lead,,,,,SRC03720,HIGH
IL04792,S0325,INV1560,Gaurav Kumar,,equity+debt,Nov 2025,,,,,,,,SRC03727,HIGH
IL04793,S0325,INV1559,Gaurav Kumar (founder),,equity+debt,Nov 2025,,,lead,,,,,SRC03727,HIGH
IL04794,S0325,INV1560,Gaurav Kumar,,equity infusion,Aug 2024,,,lead,,,,,SRC03730,HIGH
IL04795,S0325,INV1560,Gaurav Kumar,,equity infusion,Aug 2024,,,lead,,,,,SRC03730,HIGH
IL04796,S0325,INV1560,Gaurav Kumar,founder,,,2024,"['equity infusion 2024', 'equity+debt 2025']",True,,INR 325 Cr cumulative,,,SRC03728,HIGH
IL04797,S0326,INV1561,Engineering Capital,,seed,Aug 2026,,,lead,,,,,SRC03732,HIGH
IL04798,S0326,INV1561,Engineering Capital,,seed,Aug 2026,,,lead,,,,,SRC03732,HIGH
IL04799,S0326,INV1561,Engineering Capital,,seed,Aug 2026,,,lead,,,,,SRC03734,MEDIUM
IL04800,S0326,INV1561,Engineering Capital,,seed,Aug 2026,,,lead,,,,,SRC03734,MEDIUM
IL04801,S0328,INV1562,Abyro Capital,,Series A (or equivalent),Oct 2025,,,lead,,,,,SRC03738,HIGH
IL04802,S0328,INV1562,Abyro Capital,,Series A (or equivalent),Oct 2025,,,lead,,,,,SRC03738,HIGH
IL04803,S0328,INV1562,Abyro Capital,,funding,Aug 2025,,,lead,,,,,SRC03737,MEDIUM
IL04804,S0328,INV1562,Abyro Capital,,funding,Aug 2025,,,lead,,,,,SRC03737,MEDIUM
IL04805,S0330,INV0051,Unknown,,funding,Unknown,,,lead,,,,,SRC03744,MEDIUM
IL04806,S0330,INV0051,Unknown,,funding,Unknown,,,lead,,,,,SRC03744,MEDIUM
IL04807,S0331,INV0131,Ramesh Damani,,seed/early,Sep 2018,,,lead,,,,,SRC03746,HIGH
IL04808,S0331,INV0105,Others,,seed/early,Sep 2018,,,,,,,,SRC03746,HIGH
IL04809,S0331,INV0131,Ramesh Damani,,seed/early,Sep 2018,,,lead,,,,,SRC03746,HIGH
IL04810,S0332,INV0051,Unknown,,funding,Aug 2024,,,lead,,,,,SRC03749,HIGH
IL04811,S0332,INV0051,Unknown,,funding,Aug 2024,,,lead,,,,,SRC03749,HIGH
IL04812,S0332,INV1563,Indian Navy,,contract,Oct 2025,,,lead,,,,,SRC03748,HIGH
IL04813,S0332,INV1563,Indian Navy,,contract,Oct 2025,,,lead,,,,,SRC03748,HIGH
IL04814,S0333,INV0051,Unknown,,pre-seed,Mar 2025,,,lead,,,,,SRC03755,HIGH
IL04815,S0333,INV0051,Unknown,,pre-seed,Mar 2025,,,lead,,,,,SRC03755,HIGH
IL04816,S0338,INV0652,Angel investors,,Seed,2026-07-15,,,,,,,,SRC03764,HIGH
IL04817,S0338,INV1565,High-net-worth individuals,,Seed,2026-07-15,,,,,,,,SRC03764,HIGH
IL04818,S0338,INV1564,Angel investors and HNIs,,Seed,2026-07-15,,,lead,,,,,SRC03764,HIGH
IL04819,S0338,INV1564,Angel investors and HNIs,Angel,,,2026,['Seed'],True,,"{'v': 'UNDISCLOSED', 'currency': 'INR'}",UNKNOWN,,SRC03763,HIGH
IL04820,S0339,INV1469,We Founder Circle,,Seed,2025-02-27,,,lead,,,,,SRC03767,HIGH
IL04821,S0339,INV1469,We Founder Circle,,Seed,2025-02-27,,,lead,,,,,SRC03767,HIGH
IL04822,S0339,INV1469,We Founder Circle,Angel network,,,2025,['Seed'],True,,"{'v': 500000, 'currency': 'USD'}",UNKNOWN,,SRC03768,HIGH
IL04823,S0340,INV1021,Info Edge,,Series C,2022-01-26,,,lead,,,,,SRC03773,HIGH
IL04824,S0340,INV1566,Oman India Joint Investment Fund,,Series C,2022-01-26,,,,,,,,SRC03773,HIGH
IL04825,S0340,INV1251,Sixth Sense Ventures,,Series C,2022-01-26,,,,,,,,SRC03773,HIGH
IL04826,S0340,INV1021,Info Edge,,Series C,2022-01-26,,,lead,,,,,SRC03773,HIGH
IL04827,S0340,INV1021,Info Edge,,Series B,2019-08-17,,,lead,,,,,SRC03775,HIGH
IL04828,S0340,INV1567,Incubate Fund,,Series B,2019-08-17,,,,,,,,SRC03775,HIGH
IL04829,S0340,INV1568,Akatsuki AET FUND,,Series B,2019-08-17,,,,,,,,SRC03775,HIGH
IL04830,S0340,INV1021,Info Edge,,Series B,2019-08-17,,,lead,,,,,SRC03775,HIGH
IL04831,S0340,INV1569,Ex-Samsung executive,,Seed,2016-02-11,,,,,,,,SRC03776,MEDIUM
IL04832,S0340,INV1567,Incubate Fund,,Seed,2016-02-11,,,,,,,,SRC03776,MEDIUM
IL04833,S0340,INV1021,Info Edge,PE/VC,,,2016,"['Seed', 'Series B', 'Series C']",True,,"{'v': 'Multiple rounds', 'currency': 'USD'}",UNKNOWN,,SRC03774,HIGH
IL04834,S0340,INV1570,Udaan,Acquirer,,,2025,['Acquisition'],True,,"{'v': 88.5, 'currency': 'USD Mn'}",UNKNOWN,,SRC03772,HIGH
IL04835,S0341,INV0742,Niveshaay,,Series A,2026-09-10,,,lead,,,,,SRC03780,HIGH
IL04836,S0341,INV0742,Niveshaay,,Series A,2026-09-10,,,lead,,,,,SRC03780,HIGH
IL04837,S0341,INV1275,Prath Ventures,,Pre-Series A,2024-04-03,,,lead,,,,,SRC03781,HIGH
IL04838,S0341,INV1571,Fluid Ventures,,Pre-Series A,2024-04-03,,,,,,,,SRC03781,HIGH
IL04839,S0341,INV1275,Prath Ventures,,Pre-Series A,2024-04-03,,,lead,,,,,SRC03781,HIGH
IL04840,S0341,INV0742,Niveshaay,VC,,,2026,['Series A'],True,,"{'v': 75, 'currency': 'INR Cr'}",UNKNOWN,,SRC03780,HIGH
IL04841,S0341,INV1275,Prath Ventures,VC,,,2024,['Pre-Series A'],True,,"{'v': 12.5, 'currency': 'INR Cr'}",UNKNOWN,,SRC03781,HIGH
IL04842,S0341,INV1571,Fluid Ventures,VC,,,2024,['Pre-Series A'],False,,"{'v': 12.5, 'currency': 'INR Cr'}",UNKNOWN,,SRC03782,MEDIUM
IL04843,S0343,INV1572,{'name': 'RPSG Capital Ventures'},,Pre-Series A,{'v': 'Sep 2025'},,,lead,,,,,SRC03786,HIGH
IL04844,S0343,INV1572,{'name': 'RPSG Capital Ventures'},,Pre-Series A,{'v': 'Sep 2025'},,,lead,,,,,SRC03786,HIGH
IL04845,S0343,INV1573,{'name': 'Colossa Ventures'},,Series A,{'v': 'Jun 2026'},,,lead,,,,,SRC03787,MEDIUM
IL04846,S0343,INV1574,{'name': 'Rainmatter'},,Series A,{'v': 'Jun 2026'},,,,,,,,SRC03787,MEDIUM
IL04847,S0343,INV1575,{'name': 'India Foundation Fund'},,Series A,{'v': 'Jun 2026'},,,,,,,,SRC03787,MEDIUM
IL04848,S0343,INV1573,{'name': 'Colossa Ventures'},,Series A,{'v': 'Jun 2026'},,,lead,,,,,SRC03787,MEDIUM
IL04849,S0344,INV1576,{'name': 'Riverwalk'},,Pre-Series B,{'v': 'Sep 2026'},,,lead,,,,,SRC03790,HIGH
IL04850,S0344,INV1577,{'name': 'MGF-Kavachh'},,Pre-Series B,{'v': 'Sep 2026'},,,,,,,,SRC03790,HIGH
IL04851,S0344,INV1576,{'name': 'Riverwalk'},,Pre-Series B,{'v': 'Sep 2026'},,,lead,,,,,SRC03790,HIGH
IL04852,S0345,INV1578,{'name': 'Elevation Capital'},,Seed,{'v': '2023'},,,lead,,,,,SRC03796,HIGH
IL04853,S0345,INV1578,{'name': 'Elevation Capital'},,Seed,{'v': '2023'},,,lead,,,,,SRC03796,HIGH
IL04854,S0346,INV1579,{'name': 'Jupiter Capital'},,Series A,{'v': 'Jan 2016'},,,lead,,,,,SRC03801,MEDIUM
IL04855,S0346,INV1579,{'name': 'Jupiter Capital'},,Series A,{'v': 'Jan 2016'},,,lead,,,,,SRC03801,MEDIUM
IL04856,S0347,INV1580,{'name': 'Stripe'},,Series D,{'v': 'Oct 2021'},,,lead,,,,,SRC03804,HIGH
IL04857,S0347,INV1580,{'name': 'Stripe'},,Series D,{'v': 'Oct 2021'},,,lead,,,,,SRC03804,HIGH
IL04858,S0350,INV0070,KKR,PE,,,2021,['pre-IPO'],True,,"{'v': 25, 'currency': 'USD', 'unit': 'million'}",,,SRC03825,HIGH
IL04859,S0351,INV0002,SoftBank,PE,,,,,True,,{},,,,MEDIUM
IL04860,S0352,INV1581,{'name': 'Peak XV Partners'},,Venture,{'v': ''},,,lead,,,,,SRC03831,HIGH
IL04861,S0352,INV1581,{'name': 'Peak XV Partners'},,Venture,{'v': ''},,,lead,,,,,SRC03831,HIGH
IL04862,S0352,INV0037,Peak XV Partners,VC,,,,,True,,{},,,SRC03831,HIGH
IL04863,S0353,INV1582,{'name': 'Ashish Kacholia'},,Series A,{'v': 'Jun 2025'},,,lead,,,,,SRC03838,HIGH
IL04864,S0353,INV1583,{'name': 'Jungle Ventures'},,Series A,{'v': 'Jun 2025'},,,lead,,,,,SRC03838,HIGH
IL04865,S0353,INV1584,{'name': 'Lashit Sanghvi'},,Series A,{'v': 'Jun 2025'},,,,,,,,SRC03838,HIGH
IL04866,S0353,INV1582,{'name': 'Ashish Kacholia'},,Series A,{'v': 'Jun 2025'},,,lead,,,,,SRC03838,HIGH
IL04867,S0353,INV1583,{'name': 'Jungle Ventures'},,Series A,{'v': 'Jun 2025'},,,lead,,,,,SRC03838,HIGH
IL04868,S0354,INV0029,Tiger Global,,Seed,2021,,,lead,,,,,SRC03848,MEDIUM
IL04869,S0355,INV1585,Sierra Ventures,,Seed,2025-08,,,lead,,,,,SRC03854,HIGH
IL04870,S0355,INV0668,3one4 Capital,,Seed,2025-08,,,,,,,,SRC03854,HIGH
IL04871,S0355,INV0720,Better Capital,,Seed,2025-08,,,,,,,,SRC03854,HIGH
IL04872,S0355,INV1585,Sierra Ventures,,Seed,2025-08,,,lead,,,,,SRC03854,HIGH
IL04873,S0355,INV1586,Seligman Ventures,,Series A,2026-07-31,,,lead,,,,,SRC03852,HIGH
IL04874,S0355,INV0668,3one4 Capital,,Series A,2026-07-31,,,,,,,,SRC03852,HIGH
IL04875,S0355,INV1586,Seligman Ventures,,Series A,2026-07-31,,,lead,,,,,SRC03852,HIGH
IL04876,S0357,INV1587,Marico Limited,,Acquisition,2026-01-27,,,lead,,,,,SRC03863,HIGH
IL04877,S0357,INV1587,Marico Limited,,Acquisition,2026-01-27,,,lead,,,,,SRC03863,HIGH
IL04878,S0359,INV0170,Kalaari Capital,,Series A,unknown,,,lead,,,,,SRC03879,MEDIUM
IL04879,S0361,INV1588,Clairvest,,Series A,unknown,,,lead,,,,,SRC03888,MEDIUM
IL04880,S0363,INV1589,Meesho,,Acquisition,2026-06-12,,,lead,,,,,SRC03900,HIGH
IL04881,S0363,INV1590,GSF (prior investor),,Acquisition,2026-06-12,,,,,,,,SRC03900,HIGH
IL04882,S0363,INV1589,Meesho,,Acquisition,2026-06-12,,,lead,,,,,SRC03900,HIGH
IL04883,S0367,INV1591,"{'name': 'Matrix Partners', 'conf': 0.9}",,Series A,"{'v': 'Jan 2021', 'conf': 0.9, 'src': 'Entrackr'}",,,lead,700.9000000000001,,,,SRC03928,HIGH
IL04884,S0367,INV1592,"{'name': 'West Cap', 'conf': 0.7}",,Series A,"{'v': 'Jan 2021', 'conf': 0.9, 'src': 'Entrackr'}",,,,700.9000000000001,,,,SRC03928,HIGH
IL04885,S0367,INV1591,"{'name': 'Matrix Partners', 'conf': 0.9}",,Series A,"{'v': 'Jan 2021', 'conf': 0.9, 'src': 'Entrackr'}",,,lead,700.9000000000001,,,,SRC03928,HIGH
IL04886,S0367,INV1593,"{'name': 'Matrix Partners', 'conf': 0.8}",,Series B,"{'v': 'Aug 2021', 'conf': 0.9, 'src': 'PR Newswire'}",,,lead,30.0,,,,SRC03929,HIGH
IL04887,S0367,INV1594,"{'name': 'Accel Partners', 'conf': 0.8}",,Series B,"{'v': 'Aug 2021', 'conf': 0.9, 'src': 'PR Newswire'}",,,lead,30.0,,,,SRC03929,HIGH
IL04888,S0367,INV1593,"{'name': 'Matrix Partners', 'conf': 0.8}",,Series B,"{'v': 'Aug 2021', 'conf': 0.9, 'src': 'PR Newswire'}",,,lead,30.0,,,,SRC03929,HIGH
IL04889,S0367,INV1594,"{'name': 'Accel Partners', 'conf': 0.8}",,Series B,"{'v': 'Aug 2021', 'conf': 0.9, 'src': 'PR Newswire'}",,,lead,30.0,,,,SRC03929,HIGH
IL04890,S0367,INV1595,"{'name': 'Smile Group', 'conf': 'MEDIUM'}",,Seed,2019-01-01,,,lead,1.0,,,,SRC03935,MEDIUM
IL04891,S0367,INV1595,"{'name': 'Smile Group', 'conf': 'MEDIUM'}",,Seed,2019-01-01,,,lead,1.0,,,,SRC03935,MEDIUM
IL04892,S0367,INV1596,"{'name': 'Matrix Partners India', 'conf': 'HIGH'}",,Series A,2020-04-01,,,lead,8.0,,,,SRC03941,HIGH
IL04893,S0367,INV1597,"{'name': 'Orios Venture Partners', 'conf': 'MEDIUM'}",,Series A,2020-04-01,,,,8.0,,,,SRC03941,HIGH
IL04894,S0367,INV1596,"{'name': 'Matrix Partners India', 'conf': 'HIGH'}",,Series A,2020-04-01,,,lead,8.0,,,,SRC03941,HIGH
IL04895,S0367,INV1598,"{'name': 'Matrix Partners India', 'conf': 'MEDIUM'}",,Series A (second tranche),2021-01-01,,,lead,10.0,,,,SRC03930,MEDIUM
IL04896,S0367,INV1599,"{'name': 'WestCap Group', 'conf': 'MEDIUM'}",,Series A (second tranche),2021-01-01,,,,10.0,,,,SRC03930,MEDIUM
IL04897,S0367,INV1598,"{'name': 'Matrix Partners India', 'conf': 'MEDIUM'}",,Series A (second tranche),2021-01-01,,,lead,10.0,,,,SRC03930,MEDIUM
IL04898,S0367,INV1600,"{'name': 'Nepean Capital', 'conf': 'HIGH'}",,Series B (extension),2022-01-05,,,lead,72.0,,,,SRC03935,HIGH
IL04899,S0367,INV1601,"{'name': 'WestCap Group', 'conf': 'HIGH'}",,Series B (extension),2022-01-05,,,,72.0,,,,SRC03935,HIGH
IL04900,S0367,INV1602,"{'name': 'Tomales Bay Capital', 'conf': 'HIGH'}",,Series B (extension),2022-01-05,,,,72.0,,,,SRC03935,HIGH
IL04901,S0367,INV1603,"{'name': 'AJ Capital', 'conf': 'HIGH'}",,Series B (extension),2022-01-05,,,,72.0,,,,SRC03935,HIGH
IL04902,S0367,INV1604,"{'name': 'Z47 (Matrix Partners India)', 'conf': 'HIGH'}",,Series B (extension),2022-01-05,,,,72.0,,,,SRC03935,HIGH
IL04903,S0367,INV1605,"{'name': 'Orios Venture Partners', 'conf': 'HIGH'}",,Series B (extension),2022-01-05,,,,72.0,,,,SRC03935,HIGH
IL04904,S0367,INV1600,"{'name': 'Nepean Capital', 'conf': 'HIGH'}",,Series B (extension),2022-01-05,,,lead,72.0,,,,SRC03935,HIGH
IL04905,S0367,INV1600,"{'name': 'Nepean Capital', 'conf': 'HIGH'}",,Series B (total),2022-01-05,,,lead,102.0,,,,SRC03936,HIGH
IL04906,S0367,INV1601,"{'name': 'WestCap Group', 'conf': 'HIGH'}",,Series B (total),2022-01-05,,,,102.0,,,,SRC03936,HIGH
IL04907,S0367,INV1602,"{'name': 'Tomales Bay Capital', 'conf': 'HIGH'}",,Series B (total),2022-01-05,,,,102.0,,,,SRC03936,HIGH
IL04908,S0367,INV1603,"{'name': 'AJ Capital', 'conf': 'HIGH'}",,Series B (total),2022-01-05,,,,102.0,,,,SRC03936,HIGH
IL04909,S0367,INV1604,"{'name': 'Z47 (Matrix Partners India)', 'conf': 'HIGH'}",,Series B (total),2022-01-05,,,,102.0,,,,SRC03936,HIGH
IL04910,S0367,INV1605,"{'name': 'Orios Venture Partners', 'conf': 'HIGH'}",,Series B (total),2022-01-05,,,,102.0,,,,SRC03936,HIGH
IL04911,S0367,INV1595,"{'name': 'Smile Group', 'conf': 'MEDIUM'}",,Series B (total),2022-01-05,,,,102.0,,,,SRC03936,HIGH
IL04912,S0367,INV1600,"{'name': 'Nepean Capital', 'conf': 'HIGH'}",,Series B (total),2022-01-05,,,lead,102.0,,,,SRC03936,HIGH
IL04913,S0367,INV0689,Matrix Partners,VC,,,2021,"['Series A', 'Series B']",True,,,,,SRC03928,HIGH
IL04914,S0367,INV0838,Accel Partners,VC,,,2021,['Series B'],False,,,,,SRC03929,MEDIUM
IL04915,S0367,INV1606,West Cap,VC,,,2021,['Series A'],False,,,,,SRC03928,MEDIUM
IL04916,S0368,INV1607,Agri Business Incubation Foundation IIT Kharagpur,,Seed,2024-06-25,,,lead,0.119764,,,,SRC03947,MEDIUM
IL04917,S0368,INV1608,ITEL Foundation,,Seed,2024-06-25,,,lead,0.119764,,,,SRC03947,MEDIUM
IL04918,S0368,INV1607,Agri Business Incubation Foundation IIT Kharagpur,,Seed,2024-06-25,,,lead,0.119764,,,,SRC03947,MEDIUM
IL04919,S0368,INV1608,ITEL Foundation,,Seed,2024-06-25,,,lead,0.119764,,,,SRC03947,MEDIUM
IL04920,S0368,INV1607,Agri Business Incubation Foundation IIT Kharagpur,Incubator/Foundation,,,2024-06-25,['Seed'],True,,,,,SRC03952,MEDIUM
IL04921,S0368,INV1608,ITEL Foundation,Foundation,,,2024-06-25,['Seed'],False,,,,,SRC03952,MEDIUM
