startup_id,metric,period,value,unit,currency,source_id,value_type,confidence
S0001,revenue_operations,FY24,319.32,crore,INR,SRC00018,press-quoted-filing,HIGH
S0001,revenue_operations,FY25,514.31,crore,INR,SRC00018,press-quoted-filing,HIGH
S0001,pat,FY25,62.0,crore,INR,SRC00003,press-quoted-filing,HIGH
S0001,revenue_operations,FY24,319.32,crore,INR,SRC00018,press-quoted-filing,HIGH
S0001,revenue_operations,FY25,514.31,crore,INR,SRC00018,press-quoted-filing,HIGH
S0001,pat,FY25,62.0,crore,INR,SRC00003,press-quoted-filing,HIGH
S0001,net_profit_usd,FY25,14.0,million,USD,SRC00019,press-quoted-filing,MEDIUM
S0001,total_revenue_alt,FY25,539.5,crore,INR,SRC00020,press-quoted-filing,MEDIUM
S0002,"revenue (krazybee nbfc standalone, operating)",FY24,1399.0,crore,INR,SRC00034,press-quoted-filing,HIGH
S0002,pat (krazybee nbfc standalone),FY24,200.0,crore,INR,SRC00034,press-quoted-filing,HIGH
S0002,"pat (consolidated group, care/unaudited)",FY24,285.0,crore,INR,SRC00046,press-quoted-filing,HIGH
S0002,"revenue (consolidated, press-quoted pre-audit)",FY25,2712.0,crore,INR,SRC00033,management,MEDIUM
S0002,"pat (consolidated, press-quoted pre-audit)",FY25,473.0,crore,INR,SRC00033,management,MEDIUM
S0002,operating revenue q3 (dec 2025 quarter),FY25,805.0,crore,INR,SRC00032,management,MEDIUM
S0002,operating_revenue,FY26,3025.0,crore,INR,SRC00047,press-quoted-filing,MEDIUM
S0002,net_profit,FY26,478.0,crore,INR,SRC00047,press-quoted-filing,MEDIUM
S0002,total_revenue,FY25,2712.0,crore,INR,SRC00033,press-quoted-filing,MEDIUM
S0002,net_profit,FY25,473.0,crore,INR,SRC00033,press-quoted-filing,MEDIUM
S0002,revenue_from_operations,FY25,589.7,crore,INR,SRC00048,audited,HIGH
S0002,net_profit,FY25,237.0,crore,INR,SRC00048,audited,HIGH
S0002,total_income,FY25,2712.0,crore,INR,SRC00038,press-quoted-filing,HIGH
S0002,revenue_from_operations,FY24,1399.26,crore,INR,SRC00034,audited,HIGH
S0002,net_profit,FY24,200.36,crore,INR,SRC00049,audited,HIGH
S0002,net_profit,FY24,285.0,crore,INR,SRC00050,press-quoted-filing,HIGH
S0002,total_income,FY24,1948.0,crore,INR,SRC00038,press-quoted-filing,HIGH
S0002,net_profit,9MFY26,341.0,crore,INR,SRC00038,press-quoted-filing,MEDIUM
S0002,net_profit,9MFY25,125.0,crore,INR,SRC00038,press-quoted-filing,MEDIUM
S0003,revenue from operations,FY25,7115.0,crore,INR,SRC00071,press-quoted-filing,HIGH
S0003,net loss (consolidated),FY25,-1727.0,crore,INR,SRC00080,press-quoted-filing,HIGH
S0003,adjusted pat (ex-esop),FY25,630.0,crore,INR,SRC00071,management,MEDIUM
S0003,revenue from operations,FY24,5064.0,crore,INR,SRC00071,press-quoted-filing,MEDIUM
S0003,"revenue (6 months to sep 2025, +22% yoy)",H1-FY26,3918.0,crore,INR,SRC00073,press-quoted-filing,HIGH
S0003,revenue from operations,FY25,7115.0,crore,INR,SRC00071,press-quoted-filing,HIGH
S0003,net loss (consolidated),FY25,-1727.0,crore,INR,SRC00080,press-quoted-filing,HIGH
S0003,adjusted pat (ex-esop),FY25,630.0,crore,INR,SRC00071,management,MEDIUM
S0003,revenue from operations,FY24,5064.0,crore,INR,SRC00071,press-quoted-filing,HIGH
S0003,"revenue (6 months to sep 2025, +22% yoy)",H1-FY26,3918.0,crore,INR,SRC00073,press-quoted-filing,MEDIUM
S0004,consolidated revenue,FY25,3783.0,crore,INR,SRC00090,management,HIGH
S0004,gross profit,FY25,1277.0,crore,INR,SRC00090,management,HIGH
S0004,esop expense (reverse-flip linked),FY25,1209.0,crore,INR,SRC00091,management,HIGH
S0004,consolidated revenue,FY24,2296.0,crore,INR,SRC00090,management,HIGH
S0004,gross profit,FY24,906.0,crore,INR,SRC00090,management,HIGH
S0005,"revenue (roc, +129% yoy)",FY25,9669.0,crore,INR,SRC00106,press-quoted-filing,HIGH
S0005,"net loss (roc, ~3x yoy)",FY25,-3367.0,crore,INR,SRC00106,press-quoted-filing,HIGH
S0005,"cash on books (mar 31, 2026 company release via forbes)",FY26-Q1,5681.0,crore,INR,SRC00108,management,MEDIUM
S0005,total_revenue,FY24,4455.0,crore,INR,SRC00108,DRHP,HIGH
S0005,net_loss,FY24,1214.79,crore,INR,SRC00108,DRHP,HIGH
S0005,total_revenue,FY25,11110.0,crore,INR,SRC00108,DRHP,HIGH
S0005,net_loss,FY25,4699.71,crore,INR,SRC00108,DRHP,HIGH
S0005,total_revenue,FY26,22624.0,crore,INR,SRC00108,DRHP,HIGH
S0005,net_loss,FY26,5905.19,crore,INR,SRC00108,DRHP,HIGH
S0005,cash_balance,FY24,1688.0,crore,INR,SRC00108,DRHP,HIGH
S0005,cash_balance,FY25,7441.0,crore,INR,SRC00108,DRHP,HIGH
S0005,cash_balance,FY26,5681.0,crore,INR,SRC00108,management,HIGH
S0005,operating_cash_flow,FY26,-3462.0,crore,INR,SRC00108,DRHP,HIGH
S0005,free_cash_flow,FY26,-4330.0,crore,INR,SRC00108,DRHP,HIGH
S0005,advertising_revenue,FY25,651.2,crore,INR,SRC00108,DRHP,HIGH
S0005,advertising_revenue,FY26,1635.7,crore,INR,SRC00108,DRHP,HIGH
S0005,advertising_revenue,FY24,49.2,crore,INR,SRC00108,DRHP,HIGH
S0006,revenue,FY27 (PROJECTED),3.0,x,USD,SRC00123,management,MEDIUM
S0007,revenue_from_operations,FY25,1163.0,crore,INR,SRC00140,press-quoted-filing,HIGH
S0007,revenue_from_operations,FY26,1506.0,crore,INR,SRC00139,management,HIGH
S0007,pat,FY26,72.0,crore,INR,SRC00139,management,HIGH
S0007,revenue_from_operations,FY24,879.0,crore,INR,SRC00140,press-quoted-filing,MEDIUM
S0008,operating_revenue,FY25,2735.0,crore,INR,SRC00147,management,HIGH
S0008,operating_loss,FY25,298.0,crore,INR,SRC00147,management,HIGH
S0008,net_loss,FY25,1457.0,crore,INR,SRC00147,management,HIGH
S0008,operating_revenue,FY24,2473.0,crore,INR,SRC00148,press-quoted-filing,HIGH
S0008,net_loss,FY24,1644.0,crore,INR,SRC00148,press-quoted-filing,HIGH
S0009,total_revenue,FY24,392.0,crore,INR,SRC00155,press-quoted-filing,MEDIUM
S0009,arr_target,FY25,100.0,million,USD,SRC00165,management,MEDIUM
S0010,arr_run_rate,FY26,100.0,million,USD,SRC00173,management,MEDIUM
S0010,arr,FY26,120.0,million,USD,SRC00169,management,MEDIUM
S0011,total_revenue,FY25,4056.0,crore,INR,SRC00176,press-quoted-filing,MEDIUM
S0011,net_profit,FY25,1819.0,crore,INR,SRC00176,press-quoted-filing,MEDIUM
S0011,net_profit,FY24,-805.0,crore,INR,SRC00176,press-quoted-filing,MEDIUM
S0011,revenue,FY24,3145.0,crore,INR,SRC00176,press-quoted-filing,MEDIUM
S0011,operating_revenue_q3fy26,FY25,1216.0,crore,INR,SRC00204,management,HIGH
S0011,fy25 net profit,FY25,1819.0,crore,INR,SRC00181,press-quoted-filing,HIGH
S0011,fy25 revenue,FY25,4056.0,crore,INR,SRC00181,press-quoted-filing,HIGH
S0011,ipo proceeds,FY26,6632.3,crore,INR,SRC00182,press-quoted-filing,HIGH
S0011,fy25 net profit,FY25,1819.0,crore,INR,SRC00181,press-quoted-filing,HIGH
S0011,fy25 revenue,FY25,4056.0,crore,INR,SRC00181,press-quoted-filing,HIGH
S0011,ipo proceeds,FY26,6632.3,crore,INR,SRC00182,press-quoted-filing,HIGH
S0011,operating_revenue,FY25,3901.72,crore,INR,SRC00205,DRHP,HIGH
S0011,total_income,Q1 FY26,9485.0,million,INR,SRC00194,press-quoted-filing,MEDIUM
S0011,revenue_from_operations,Q1 FY26,904.0,crore,INR,SRC00193,press-quoted-filing,HIGH
S0011,net_profit,Q1 FY26,378.0,crore,INR,SRC00193,press-quoted-filing,HIGH
S0011,revenue_from_operations,Q2 FY26,1018.7,crore,INR,SRC00193,press-quoted-filing,HIGH
S0011,net_profit,Q2 FY26,471.3,crore,INR,SRC00193,press-quoted-filing,HIGH
S0011,total_income,Q2 FY26,10708.0,million,INR,SRC00195,press-quoted-filing,MEDIUM
S0011,revenue_from_operations,H1 FY26,1923.0,crore,INR,SRC00193,press-quoted-filing,HIGH
S0011,net_profit,H1 FY26,850.0,crore,INR,SRC00193,press-quoted-filing,HIGH
S0011,total_income,Q3 FY26,12611.0,million,INR,SRC00194,press-quoted-filing,MEDIUM
S0011,net_profit,Q3 FY26,5469.0,million,INR,SRC00194,press-quoted-filing,MEDIUM
S0011,total_income,Q4 FY26,15355.0,million,INR,SRC00194,press-quoted-filing,MEDIUM
S0011,revenue_from_operations,Q4 FY26,14684.0,million,INR,SRC00194,press-quoted-filing,MEDIUM
S0011,net_profit,Q4 FY26,6864.0,million,INR,SRC00194,press-quoted-filing,MEDIUM
S0011,revenue_from_operations,Q1 FY27,1501.0,crore,INR,SRC00197,press-quoted-filing,HIGH
S0011,net_profit,Q1 FY27,735.0,crore,INR,SRC00197,press-quoted-filing,HIGH
S0012,revenue (india unit),FY25,1943.0,crore,INR,SRC00218,press-quoted-filing,MEDIUM
S0012,net_profit (india unit),FY25,26.0,crore,INR,SRC00218,press-quoted-filing,MEDIUM
S0012,revenue (india entity),FY23,1618.6,crore,INR,SRC00219,press-quoted-filing,MEDIUM
S0012,india unit fy25 revenue,FY25,1943.0,crore,INR,SRC00222,press-quoted-filing,HIGH
S0012,india unit fy25 net profit,FY25,26.0,crore,INR,SRC00222,press-quoted-filing,HIGH
S0012,india unit fy25 revenue,FY25,1943.0,crore,INR,SRC00222,press-quoted-filing,HIGH
S0012,india unit fy25 net profit,FY25,26.0,crore,INR,SRC00222,press-quoted-filing,HIGH
S0013,revenue,FY26,300.0,crore,INR,SRC00241,management,MEDIUM
S0013,pat margin,FY26,10.0,percent,INR,SRC00241,management,MEDIUM
S0013,revenue (legal entity),FY24,3.09,crore,INR,SRC00259,press-quoted-filing,LOW
S0013,revenue,FY24,3.09,crore,INR,SRC00259,press-quoted-filing,LOW
S0013,revenue,FY25,100.0,crore,INR,SRC00241,estimate,LOW
S0013,total_revenue,FY26,300.0,crore,INR,SRC00241,management,MEDIUM
S0013,net_profit,FY26,0.0,crore,INR,SRC00241,management,MEDIUM
S0013,pat_margin,FY26,10.0,percent,INR,SRC00241,management,MEDIUM
S0014,"turnover (unaudited, per hcltech reg-30 filing)",FY26,45.1,crore,INR,SRC00266,management,MEDIUM
S0015,total_income,FY26,1402.7,crore,INR,SRC00277,audited,HIGH
S0015,pat,FY26,48.4,crore,INR,SRC00277,audited,HIGH
S0015,pat,FY25,-216.7,crore,INR,SRC00277,audited,HIGH
S0015,total_income,FY25,603.8,crore,INR,SRC00277,audited,HIGH
S0015,total_income,FY27-Q1,413.8,crore,INR,SRC00285,press-quoted-filing,MEDIUM
S0016,operating revenue,FY25,1569.3,crore,INR,SRC00289,audited,HIGH
S0016,net loss (pat),FY25,-273.7,crore,INR,SRC00289,audited,HIGH
S0016,"ebitda (ind-as, incl. one-offs)",FY25,15.0,crore,INR,SRC00317,management,MEDIUM
S0016,"revenue (11-mo provisional, unaudited)",FY26,1532.0,crore,INR,SRC00291,management,LOW
S0016,total_revenue,FY25,1569.3,crore,INR,SRC00289,audited,HIGH
S0016,net_profit,FY25,-273.7,crore,INR,SRC00289,audited,HIGH
S0016,ebitda,FY25,15.0,crore,INR,SRC00317,management,MEDIUM
S0016,gross_revenue,FY25,1943.0,crore,INR,SRC00317,press-quoted-filing,MEDIUM
S0016,revenue_11mo_provisional,FY26,1532.0,crore,INR,SRC00291,management,LOW
S0016,pat_provisional,FY26,38.0,crore,INR,SRC00291,management,LOW
S0016,deferred_revenue,FY25,530.0,crore,INR,SRC00318,press-quoted-filing,LOW
S0017,indian entity standalone revenue,FY25,771.0,crore,INR,SRC00334,press-quoted-filing,HIGH
S0017,indian entity revenue / pat,FY24,682.0,crore,INR,SRC00333,press-quoted-filing,MEDIUM
S0017,ireland-filings pat on turnover ~$170m,FY23,125.0,million,USD,SRC00333,press-quoted-filing,MEDIUM
S0017,indian entity standalone revenue,FY25,771.0,crore,INR,SRC00334,press-quoted-filing,HIGH
S0017,indian entity revenue,FY24,682.0,crore,INR,SRC00333,press-quoted-filing,MEDIUM
S0017,indian entity pat,FY24,129.0,crore,INR,SRC00333,press-quoted-filing,MEDIUM
S0017,ireland-filings pat on turnover,FY23,125.0,million,USD,SRC00333,press-quoted-filing,MEDIUM
S0018,profit_after_tax,FY25,408.0,crore,INR,SRC00353,press-quoted-filing,HIGH
S0018,revenue,FY25,900.0,crore,INR,SRC00352,press-quoted-filing,HIGH
S0018,profit_after_tax,FY26,325.8,crore,INR,SRC00355,press-quoted-filing,MEDIUM
S0018,total_revenue,FY24,373.0,crore,INR,SRC00352,press-quoted-filing,HIGH
S0018,net_profit,FY24,177.0,crore,INR,SRC00352,press-quoted-filing,HIGH
S0018,total_revenue,FY25,876.0,crore,INR,SRC00353,press-quoted-filing,HIGH
S0018,net_profit,FY25,408.0,crore,INR,SRC00353,press-quoted-filing,HIGH
S0018,total_revenue,FY26,904.9,crore,INR,SRC00355,press-quoted-filing,HIGH
S0018,net_profit,FY26,325.8,crore,INR,SRC00355,press-quoted-filing,HIGH
S0018,net_worth,FY26,916.1,crore,INR,SRC00355,press-quoted-filing,HIGH
S0019,revenue_from_operations,FY24,5664.0,crore,INR,SRC00369,press-quoted-filing,MEDIUM
S0019,total_revenue,FY22,5729.0,crore,INR,SRC00387,audited,HIGH
S0019,total_revenue,FY26,6869.0,crore,INR,SRC00386,press-quoted-filing,MEDIUM
S0019,total_revenue,FY23,6644.0,crore,INR,SRC00394,audited,HIGH
S0019,total_revenue,FY24,5664.0,crore,INR,SRC00382,audited,HIGH
S0019,total_revenue,FY25,5872.0,crore,INR,SRC00383,audited,HIGH
S0019,ebitda,FY26,62.5,crore,INR,SRC00386,press-quoted-filing,MEDIUM
S0019,gmv,FY24,14351.0,crore,INR,SRC00395,press-quoted-filing,MEDIUM
S0020,revenue from operations,FY25,158.5,crore,INR,SRC00411,press-quoted-filing,HIGH
S0020,revenue from operations,FY24,88.5,crore,INR,SRC00411,press-quoted-filing,HIGH
S0020,revenue target fy26,FY26,300.0,INR crore,INR,SRC00413,management,MEDIUM
S0021,operating_revenue,FY23,1000.0,crore,INR,SRC00430,press-quoted-filing,MEDIUM
S0021,operating_revenue,FY23,1000.0,crore,INR,SRC00430,press-quoted-filing,MEDIUM
S0021,total_revenue,FY25,1208.0,crore,INR,SRC00431,press-quoted-filing,HIGH
S0021,net_profit,FY25,215.0,crore,INR,SRC00431,press-quoted-filing,HIGH
S0021,ebitda_growth,FY26,120.0,percent,INR,SRC00431,management,MEDIUM
S0021,net_profit_multiple,FY26,2.25,x,INR,SRC00431,management,MEDIUM
S0021,revenue_growth_yoy,FY25,9.0,percent,INR,SRC00431,management,HIGH
S0022,operating_revenue,FY25,4561.0,crore,INR,SRC00446,press-quoted-filing,HIGH
S0022,operating_revenue,FY24,5706.6,crore,INR,SRC00447,press-quoted-filing,MEDIUM
S0022,pat,FY24,-1674.1,crore,INR,SRC00447,press-quoted-filing,MEDIUM
S0023,operating_revenue,FY25,2836.8,crore,INR,SRC00459,press-quoted-filing,HIGH
S0023,net_loss,FY25,-424.4,crore,INR,SRC00459,press-quoted-filing,HIGH
S0023,operating_revenue,FY24,2106.3,crore,INR,SRC00459,press-quoted-filing,HIGH
S0023,net_loss,FY24,-669.9,crore,INR,SRC00459,press-quoted-filing,HIGH
S0023,fy25 operating revenue,FY25,2837.0,crore,INR,SRC00463,press-quoted-filing,HIGH
S0023,fy25 total income,FY25,2887.0,crore,INR,SRC00459,press-quoted-filing,HIGH
S0023,fy25 net loss,FY25,424.0,crore,INR,SRC00459,press-quoted-filing,HIGH
S0023,fy24 operating revenue,FY24,2106.0,crore,INR,SRC00463,press-quoted-filing,HIGH
S0023,fy25 operating revenue,FY25,2837.0,crore,INR,SRC00463,press-quoted-filing,HIGH
S0023,fy25 total income,FY25,2887.0,crore,INR,SRC00459,press-quoted-filing,HIGH
S0023,fy25 net loss,FY25,424.0,crore,INR,SRC00459,press-quoted-filing,HIGH
S0023,fy24 operating revenue,FY24,2106.0,crore,INR,SRC00463,press-quoted-filing,HIGH
S0024,operating_revenue,FY23,45.6,crore,INR,SRC00476,press-quoted-filing,HIGH
S0024,operating_revenue,FY22,248.6,crore,INR,SRC00476,press-quoted-filing,HIGH
S0024,operating_revenue (singapore parent chain labs),FY25,14.6,million,USD,SRC00475,press-quoted-filing,MEDIUM
S0024,pat (parent),FY25,-37.6,million,USD,SRC00475,press-quoted-filing,MEDIUM
S0024,standalone revenue (venture intelligence),FY25,90.81,crore,INR,SRC00484,press-quoted-filing,MEDIUM
S0025,operating_revenue (drhp),FY26,1720.6,crore,INR,SRC00490,audited,HIGH
S0025,operating_revenue,FY25,1215.5,crore,INR,SRC00509,press-quoted-filing,HIGH
S0025,pat,FY25,-480.8,crore,INR,SRC00509,press-quoted-filing,HIGH
S0025,adjusted ebitda margin,FY26,8.41,percent,INR,SRC00490,press-quoted-filing,HIGH
S0025,revenue from operations,FY26,1720.6,crore,INR,SRC00490,press-quoted-filing,HIGH
S0025,revenue from operations,FY25,1262.9,crore,INR,SRC00490,press-quoted-filing,HIGH
S0025,adjusted ebitda margin,FY26,8.41,percent,INR,SRC00490,press-quoted-filing,HIGH
S0025,revenue from operations,FY24,927.0,crore,INR,SRC00494,press-quoted-filing,HIGH
S0025,revenue (tracxn/cin u74999ka2016ptc093524),FY25,1270.0,crore,INR,SRC00495,database,MEDIUM
S0025,revenue (cultfit healthcare entity),FY25,582.38,crore,INR,SRC00496,database,MEDIUM
S0026,revenue_arr,FY24,10.9,,USD,SRC00527,estimate,LOW
S0026,revenue,FY24,3.7,crore,INR,SRC00519,database,LOW
S0029,operating_revenue,FY24,279.2,crore,INR,SRC00559,audited,HIGH
S0029,net_loss,FY24,162.2,crore,INR,SRC00559,audited,HIGH
S0029,operating_revenue,FY25,326.2,crore,INR,SRC00559,audited,HIGH
S0029,total_income,FY25,366.3,crore,INR,SRC00560,audited,HIGH
S0029,net_loss,FY25,89.2,crore,INR,SRC00560,audited,HIGH
S0029,operating_revenue,FY23,200.0,crore,INR,SRC00569,press-quoted-filing,MEDIUM
S0029,operating_revenue,FY24,279.2,crore,INR,SRC00559,audited,HIGH
S0029,net_loss,FY24,162.2,crore,INR,SRC00559,audited,HIGH
S0029,total_income,FY24,325.2,crore,INR,SRC00571,audited,HIGH
S0029,operating_revenue,FY25,326.2,crore,INR,SRC00559,audited,HIGH
S0029,total_income,FY25,366.3,crore,INR,SRC00571,audited,HIGH
S0029,net_loss,FY25,89.2,crore,INR,SRC00571,audited,HIGH
S0029,total_expenses,FY25,454.6,crore,INR,SRC00571,audited,HIGH
S0029,cash_and_bank_balances,FY25,362.0,crore,INR,SRC00559,audited,HIGH
S0029,employee_benefits_expense,FY25,280.2,crore,INR,SRC00571,audited,HIGH
S0029,arr_estimate,FY25,279.3,million,USD,SRC00574,estimate,LOW
S0031,revenue_from_operations,FY25,2339.1,crore,INR,SRC00591,audited,HIGH
S0031,pat,FY25,240.3,crore,INR,SRC00591,audited,HIGH
S0031,loan_disbursals,FY25,17621.0,crore,INR,SRC00592,management,MEDIUM
S0031,aum (dec 2025),FY25,19814.0,crore,INR,SRC00592,management,MEDIUM
S0032,revenue (estimate),FY25,739.7,M,USD,SRC00598,estimate,LOW
S0032,total_revenue,FY25,500.0,crore,INR,SRC00602,press-quoted-filing,MEDIUM
S0032,revenue_range_high,FY25,750.0,crore,INR,SRC00602,press-quoted-filing,MEDIUM
S0032,ebitda_change,FY25,-5.33,percent,INR,SRC00602,press-quoted-filing,MEDIUM
S0032,net_profit_change,FY25,-33.6,percent,INR,SRC00602,press-quoted-filing,MEDIUM
S0032,networth,FY25,910.5,crore,INR,SRC00602,press-quoted-filing,MEDIUM
S0032,total_assets,FY25,1341.7,crore,INR,SRC00602,press-quoted-filing,MEDIUM
S0032,total_liabilities,FY25,1341.7,crore,INR,SRC00602,press-quoted-filing,MEDIUM
S0032,borrowings,FY25,261.3,crore,INR,SRC00602,press-quoted-filing,MEDIUM
S0032,trade_receivables,FY25,199.6,crore,INR,SRC00602,press-quoted-filing,MEDIUM
S0032,cash_and_equivalents,FY25,104.9,crore,INR,SRC00602,press-quoted-filing,MEDIUM
S0032,reserves,FY21,498.6,crore,INR,SRC00602,press-quoted-filing,MEDIUM
S0032,reserves,FY22,830.6,crore,INR,SRC00602,press-quoted-filing,MEDIUM
S0032,reserves,FY23,788.2,crore,INR,SRC00602,press-quoted-filing,MEDIUM
S0032,reserves,FY24,859.8,crore,INR,SRC00602,press-quoted-filing,MEDIUM
S0033,"revenue (india entity, press-quoted mca)",FY25,293.5,crore,INR,SRC00607,press-quoted-filing,LOW
S0033,"pat (india entity, press-quoted mca)",FY25,13.8,crore,INR,SRC00607,press-quoted-filing,LOW
S0034,revenue,FY24,185.7,Cr,USD,SRC00616,press-quoted-filing,MEDIUM
S0034,total_revenue,FY24,185.7,crore,INR,SRC00616,press-quoted-filing,MEDIUM
S0034,revenue_growth,FY24,7.26,percent,INR,SRC00616,press-quoted-filing,MEDIUM
S0034,revenue_range,FY25,100.0,crore,INR,SRC00615,MCA-aggregator,LOW
S0034,arr_estimate,FY24,135.0,million,USD,SRC00614,estimate,MEDIUM
S0035,total_revenue,FY22,615.05,crore,INR,SRC00630,press-quoted-filing,HIGH
S0035,total_revenue,FY23,816.2,crore,INR,SRC00641,press-quoted-filing,MEDIUM
S0035,net_profit,FY22,-20.71,crore,INR,SRC00630,press-quoted-filing,HIGH
S0035,net_profit,FY23,21.94,crore,INR,SRC00641,press-quoted-filing,MEDIUM
S0035,total_revenue,FY24,893.12,crore,INR,SRC00629,press-quoted-filing,HIGH
S0035,net_profit,FY24,119.82,crore,INR,SRC00629,press-quoted-filing,HIGH
S0036,total_revenue,FY21,7840.4,crore,INR,SRC00649,press-quoted-filing,HIGH
S0036,total_revenue,FY22,10476.7,crore,INR,SRC00649,press-quoted-filing,HIGH
S0036,total_revenue,FY23,14797.5,crore,INR,SRC00649,press-quoted-filing,HIGH
S0036,total_revenue,FY24,17855.1,crore,INR,SRC00649,press-quoted-filing,HIGH
S0036,total_revenue,FY25,20433.9,crore,INR,SRC00649,press-quoted-filing,HIGH
S0036,ebitda,FY21,-2501.3,crore,INR,SRC00649,press-quoted-filing,HIGH
S0036,ebitda,FY25,-1472.0,crore,INR,SRC00649,press-quoted-filing,HIGH
S0036,net_profit,FY25,-1568.6,crore,INR,SRC00649,press-quoted-filing,HIGH
S0036,net_worth,FY25,1221.2,crore,INR,SRC00649,press-quoted-filing,HIGH
S0036,total_assets,FY25,12958.0,crore,INR,SRC00649,press-quoted-filing,HIGH
S0036,borrowings,FY25,1604.2,crore,INR,SRC00649,press-quoted-filing,HIGH
S0037,revenue_from_operations,FY25,4306.0,Rs crore,INR,SRC00657,press-quoted-filing,MEDIUM
S0037,total_revenue,FY23,1737.4,crore,INR,SRC00665,press-quoted-filing,MEDIUM
S0037,total_revenue,FY24,2733.7,crore,INR,SRC00661,press-quoted-filing,HIGH
S0037,net_profit,FY25,55.2,crore,INR,SRC00658,press-quoted-filing,HIGH
S0037,net_loss,FY23,174.6,crore,INR,SRC00660,press-quoted-filing,MEDIUM
S0037,net_loss,FY24,95.7,crore,INR,SRC00661,press-quoted-filing,HIGH
S0037,total_revenue,FY25,4306.2,crore,INR,SRC00661,press-quoted-filing,HIGH
S0037,revenue_growth,FY25,58.0,percent,INR,SRC00661,press-quoted-filing,HIGH
S0038,total_income,FY25,826.0,Cr,INR,SRC00673,press-quoted-filing,MEDIUM
S0038,total_revenue,FY24,988.4,Cr,INR,SRC00674,press-quoted-filing,MEDIUM
S0038,total_revenue,FY25,826.3,crore,INR,SRC00673,press-quoted-filing,MEDIUM
S0038,net_loss,FY25,436.0,crore,INR,SRC00673,press-quoted-filing,MEDIUM
S0038,ebitda_loss,FY25,305.0,crore,INR,SRC00673,press-quoted-filing,MEDIUM
S0038,cash_and_equivalents,FY25,1238.0,crore,INR,SRC00673,press-quoted-filing,MEDIUM
S0038,total_revenue,FY25,455.1,crore,INR,SRC00688,press-quoted-filing,MEDIUM
S0038,net_profit,FY25,-49.5,crore,INR,SRC00688,press-quoted-filing,MEDIUM
S0038,ebitda,FY25,-127.9,crore,INR,SRC00688,press-quoted-filing,MEDIUM
S0038,networth,FY25,2518.3,crore,INR,SRC00688,press-quoted-filing,MEDIUM
S0038,total_revenue,FY24,988.4,crore,INR,SRC00674,press-quoted-filing,MEDIUM
S0038,net_loss,FY24,631.0,crore,INR,SRC00674,press-quoted-filing,MEDIUM
S0038,ebitda_loss,FY24,489.0,crore,INR,SRC00674,press-quoted-filing,MEDIUM
S0038,cash_and_equivalents,FY24,1573.0,crore,INR,SRC00674,press-quoted-filing,MEDIUM
S0038,total_revenue,FY23,1044.0,crore,INR,SRC00674,press-quoted-filing,MEDIUM
S0038,net_loss,FY23,1678.0,crore,INR,SRC00674,press-quoted-filing,MEDIUM
S0038,ebitda_loss,FY23,1553.0,crore,INR,SRC00674,press-quoted-filing,MEDIUM
S0039,revenue_from_operations,FY25,227.0,Rs crore,INR,SRC00697,press-quoted-filing,MEDIUM
S0039,revenue (mca filing),FY25,233.64,crore,INR,SRC00698,press-quoted-filing,HIGH
S0039,operating revenue,FY24,185.0,crore,INR,SRC00699,press-quoted-filing,HIGH
S0039,collections,FY25,284.0,crore,INR,SRC00699,press-quoted-filing,HIGH
S0039,net loss,FY24,157.0,crore,INR,SRC00699,press-quoted-filing,HIGH
S0040,gmv,FY24,17564.0,Rs crore,INR,SRC00730,press-quoted-filing,MEDIUM
S0040,total_revenue,FY24,14443.0,Rs crore,INR,SRC00720,press-quoted-filing,MEDIUM
S0040,net_loss,FY24,918.0,Rs crore,INR,SRC00720,press-quoted-filing,MEDIUM
S0040,total_revenue,FY25,11332.0,Rs crore,INR,SRC00718,DRHP,HIGH
S0040,gmv,FY25,12798.0,Rs crore,INR,SRC00720,press-quoted-filing,MEDIUM
S0040,net_loss,FY25,371.0,Rs crore,INR,SRC00720,press-quoted-filing,MEDIUM
S0040,ebitda,FY25,145.0,Rs crore,INR,SRC00720,press-quoted-filing,MEDIUM
S0040,total_revenue,FY26,15913.0,Rs crore,INR,SRC00717,DRHP,HIGH
S0040,manufacturing_revenue,FY26,9375.0,Rs crore,INR,SRC00719,DRHP,HIGH
S0040,adjusted_ebitda,FY26,421.0,Rs crore,INR,SRC00718,DRHP,HIGH
S0040,adjusted_pbt,FY26,46.0,Rs crore,INR,SRC00718,DRHP,HIGH
S0040,reported_loss,FY26,1606.0,Rs crore,INR,SRC00719,DRHP,HIGH
S0040,order_book,FY26,12370.0,Rs crore,INR,SRC00719,DRHP,HIGH
S0040,gmv,FY24,17564.0,Rs crore,INR,SRC00730,press-quoted-filing,MEDIUM
S0041,operating_revenue,FY25,6759.3,crore,INR,SRC00741,press-quoted-filing,HIGH
S0041,net_loss,FY25,-478.9,crore,INR,SRC00741,press-quoted-filing,HIGH
S0041,operating_revenue,FY24,7933.8,crore,INR,SRC00741,press-quoted-filing,MEDIUM
S0041,net_profit,FY24,1295.0,crore,INR,SRC00741,press-quoted-filing,MEDIUM
S0042,revenue,FY23,281.0,million,USD,SRC00755,press-quoted-filing,MEDIUM
S0042,profit,FY23,41.0,million,USD,SRC00755,press-quoted-filing,MEDIUM
S0042,"total_revenue (group, press-quoted)",FY24,600.0,million,USD,SRC00755,press-quoted-filing,MEDIUM
S0042,glance operating revenue,FY24,614.0,crore,INR,SRC00753,press-quoted-filing,MEDIUM
S0042,total_revenue,FY25,470.9,crore,INR,SRC00757,audited,HIGH
S0042,net_profit,FY25,-6.9,crore,INR,SRC00757,audited,HIGH
S0042,total_revenue,FY24,462.1,crore,INR,SRC00757,audited,HIGH
S0042,"total_revenue (group, press-quoted)",FY24,600.0,million,USD,SRC00755,press-quoted-filing,MEDIUM
S0042,glance revenue,FY24,73.1,million,USD,SRC00753,press-quoted-filing,MEDIUM
S0042,total_revenue,FY23,281.0,million,USD,SRC00753,press-quoted-filing,MEDIUM
S0042,net_profit,FY23,41.0,million,USD,SRC00753,press-quoted-filing,MEDIUM
S0042,glance operating revenue,FY24,614.0,crore,INR,SRC00753,press-quoted-filing,MEDIUM
S0042,ebitda,FY25,24.3,crore,INR,SRC00757,audited,HIGH
S0042,total_assets,FY25,711.3,crore,INR,SRC00757,audited,HIGH
S0043,net_profit,FY21,61.94,crore,INR,SRC00774,audited,HIGH
S0043,operating_revenue,FY25,7950.0,crore,INR,SRC00778,press-quoted-filing,HIGH
S0043,net_profit,FY25,72.0,crore,INR,SRC00778,press-quoted-filing,HIGH
S0043,operating_revenue,FY26,10022.0,crore,INR,SRC00784,press-quoted-filing,MEDIUM
S0043,revenue_from_operations,Q1 FY27,2782.0,crore,INR,SRC00779,management,HIGH
S0043,net_profit,Q1 FY27,80.0,crore,INR,SRC00779,management,HIGH
S0044,operating_revenue,FY25,1617.0,crore,INR,SRC00788,press-quoted-filing,HIGH
S0044,net_loss,FY25,336.0,crore,INR,SRC00788,press-quoted-filing,HIGH
S0044,operating_revenue,FY24,1420.0,crore,INR,SRC00789,press-quoted-filing,HIGH
S0044,net_loss,FY24,378.0,crore,INR,SRC00789,press-quoted-filing,HIGH
S0044,total_revenue,FY23,1195.0,crore,INR,SRC00789,press-quoted-filing,HIGH
S0044,net_loss,FY23,656.0,crore,INR,SRC00789,press-quoted-filing,HIGH
S0044,total_revenue,FY24,1420.0,crore,INR,SRC00789,press-quoted-filing,HIGH
S0044,net_loss,FY24,378.0,crore,INR,SRC00789,press-quoted-filing,HIGH
S0044,total_revenue,FY25,1617.0,crore,INR,SRC00788,press-quoted-filing,HIGH
S0044,net_loss,FY25,336.0,crore,INR,SRC00788,press-quoted-filing,HIGH
S0044,total_income,FY25,1658.0,crore,INR,SRC00788,press-quoted-filing,HIGH
S0044,net_loss,FY26,282.0,crore,INR,SRC00792,press-quoted-filing,MEDIUM
S0044,total_revenue,FY26,1957.0,crore,INR,SRC00792,estimate,MEDIUM
S0045,revenue,FY25,932.0,crore,INR,SRC00799,press-quoted-filing,
S0045,total_revenue,FY25,932.0,crore,INR,SRC00799,press-quoted-filing,MEDIUM
S0045,total_revenue,FY22,360.0,crore,INR,SRC00797,press-quoted-filing,MEDIUM
S0046,operating_revenue,FY25,2765.0,crore,INR,SRC00817,press-quoted-filing,HIGH
S0046,pat,FY25,220.0,,INR,SRC00817,press-quoted-filing,HIGH
S0046,operating_revenue,FY26,3299.7,crore,INR,SRC00818,press-quoted-filing,HIGH
S0046,pat,FY26,287.0,crore,INR,SRC00818,press-quoted-filing,HIGH
S0047,revenue,FY24,914.0,crore,INR,SRC00831,press-quoted-filing,
S0047,operating revenue (press),FY23,819.0,crore,INR,SRC00830,management,
S0047,total_revenue,FY23,819.0,crore,INR,SRC00830,press-quoted-filing,MEDIUM
S0047,gmv,FY23,2262.0,crore,INR,SRC00843,company-reported,HIGH
S0047,total_revenue,FY24,914.0,crore,INR,SRC00831,press-quoted-filing,MEDIUM
S0047,total_revenue,FY25,725.1,crore,INR,SRC00841,press-quoted-filing,MEDIUM
S0047,net_profit,FY25,-161.0,crore,INR,SRC00841,press-quoted-filing,MEDIUM
S0047,total_expenses,FY25,264.3,crore,INR,SRC00841,press-quoted-filing,MEDIUM
S0047,ebitda,FY25,-128.0,crore,INR,SRC00841,estimate,LOW
S0047,total_assets,FY24,449.4,crore,INR,SRC00833,audited,HIGH
S0048,"operating revenue (singapore consolidated filing, press-quoted)",FY25,1460.0,crore,INR,SRC00853,press-quoted-filing,
S0048,total_revenue,FY23,1148.0,crore,INR,SRC00878,press-quoted-filing,MEDIUM
S0048,ebitda_loss_before_esops,FY23,581.0,crore,INR,SRC00865,management,HIGH
S0048,operating_revenue,FY24,1185.0,crore,INR,SRC00853,press-quoted-filing,HIGH
S0048,net_loss,FY24,416.0,crore,INR,SRC00858,press-quoted-filing,HIGH
S0048,operating_revenue,FY25,1460.0,crore,INR,SRC00852,press-quoted-filing,HIGH
S0048,standalone_revenue,FY25,1276.5,crore,INR,SRC00879,press-quoted-filing,MEDIUM
S0048,net_loss,FY25,242.0,crore,INR,SRC00858,press-quoted-filing,HIGH
S0048,adjusted_ebitda_loss_before_esops,FY25,131.0,crore,INR,SRC00852,management,HIGH
S0048,gross_profit,FY25,752.0,crore,INR,SRC00852,management,HIGH
S0048,total_revenue_singapore_sgd,FY25,231.0,million,SGD,SRC00880,press-quoted-filing,MEDIUM
S0049,"operating revenue (audited, press-quoted)",FY24,7615.0,crore,INR,SRC00890,press-quoted-filing,
S0049,"revenue (prospectus, press-quoted)",H1FY26 (6MO TO SEP 30 2025),5578.0,crore,INR,SRC00889,press-quoted-filing,
S0049,total_revenue,FY21,792.8,crore,INR,SRC00893,audited,HIGH
S0049,net_profit,FY21,-498.7,crore,INR,SRC00893,audited,HIGH
S0049,total_revenue,FY22,3232.3,crore,INR,SRC00893,audited,HIGH
S0049,net_profit,FY22,-3247.8,crore,INR,SRC00893,audited,HIGH
S0049,total_revenue,FY23,5734.5,crore,INR,SRC00893,audited,HIGH
S0049,net_profit,FY23,-1675.0,crore,INR,SRC00893,audited,HIGH
S0049,total_revenue,FY24,7614.9,crore,INR,SRC00893,audited,HIGH
S0049,net_profit,FY24,-305.0,crore,INR,SRC00893,audited,HIGH
S0049,adjusted_loss,FY24,53.0,crore,INR,SRC00894,press-quoted-filing,HIGH
S0049,total_revenue,FY25,9387.5,crore,INR,SRC00893,audited,HIGH
S0049,net_profit,FY25,-3883.4,crore,INR,SRC00893,audited,HIGH
S0049,ebitda,FY25,-555.2,crore,INR,SRC00893,audited,HIGH
S0049,revenue_from_operations,H1FY26,5578.0,crore,INR,SRC00888,DRHP,HIGH
S0049,net_merchandise_value,H1FY26,19194.0,crore,INR,SRC00888,DRHP,HIGH
S0049,loss_before_tax,H1FY26,433.0,crore,INR,SRC00888,DRHP,HIGH
S0049,orders,FY24,843.0,million,INR,SRC00894,press-quoted-filing,HIGH
S0049,operating_revenue,FY24,7615.0,crore,INR,SRC00890,press-quoted-filing,HIGH
S0049,free_cash_flow,FY24,197.0,crore,INR,SRC00890,press-quoted-filing,HIGH
S0050,revenue (press-quoted mca filing),FY24,2200.0,crore,INR,SRC00910,press-quoted-filing,
S0050,revenue from operations (consolidated),FY25,1171.0,crore,INR,SRC00494,press-quoted-filing,HIGH
S0050,revenue from operations (consolidated),FY24,2012.0,crore,INR,SRC00494,press-quoted-filing,HIGH
S0050,net loss,FY25,1974.7,crore,INR,SRC00494,press-quoted-filing,HIGH
S0050,core mobility revenue,FY25,925.0,crore,INR,SRC00494,press-quoted-filing,HIGH
S0051,"operating revenue (roc filings, press-quoted)",FY25,934.44,crore,INR,SRC00927,press-quoted-filing,
S0051,operating revenue,FY24,648.0,crore,INR,SRC00945,press-quoted-filing,
S0051,operating revenue,FY24,648.0,crore,INR,SRC00945,press-quoted-filing,HIGH
S0051,total revenue (incl other income),FY25,1002.87,crore,INR,SRC00944,press-quoted-filing,MEDIUM
S0051,revenue (usd),FY25,118630766.09,USD,USD,SRC00929,database,MEDIUM
S0051,operating revenue,FY25,934.44,crore,INR,SRC00927,press-quoted-filing,HIGH
S0051,net loss,FY25,258.0,crore,INR,SRC00927,press-quoted-filing,HIGH
S0052,operating revenue,FY25,723.4,crore,INR,SRC00966,press-quoted-filing,
S0052,operating_revenue,FY25,723.4,crore,INR,SRC00966,press-quoted-filing,HIGH
S0052,operating_revenue,FY24,718.1,crore,INR,SRC00966,press-quoted-filing,HIGH
S0052,advertising_revenue,FY25,290.0,crore,INR,SRC00987,press-quoted-filing,HIGH
S0052,streaming_revenue,FY25,434.0,crore,INR,SRC00988,press-quoted-filing,HIGH
S0052,annualized_revenue_run_rate,FY26_H1,1000.0,crore,INR,SRC00975,management,HIGH
S0053,operating revenue,FY25,122.0,crore,INR,SRC00999,press-quoted-filing,
S0053,operating_revenue,FY25,122.0,crore,INR,SRC00999,press-quoted-filing,HIGH
S0053,net_loss,FY25,50.1,crore,INR,SRC00999,press-quoted-filing,HIGH
S0053,revenue_recruitment_solutions,FY25,57.1,crore,INR,SRC00999,press-quoted-filing,HIGH
S0053,revenue_software_dev_support,FY25,63.0,crore,INR,SRC00999,press-quoted-filing,HIGH
S0053,total_expenses,FY25,194.0,crore,INR,SRC00999,press-quoted-filing,HIGH
S0053,operating_revenue,FY24,127.7,crore,INR,SRC00999,press-quoted-filing,HIGH
S0053,net_loss,FY24,51.3,crore,INR,SRC00999,press-quoted-filing,HIGH
S0053,employee_benefit_expenses,FY25,177.3,crore,INR,SRC00999,press-quoted-filing,HIGH
S0053,net_worth_change,FY25,-37.45,percent,INR,SRC01003,press-quoted-filing,MEDIUM
S0053,revenue_range,FY25,100.0,crore,INR,SRC01003,press-quoted-filing,MEDIUM
S0053,revenue_target,FY27,150.0,crore,INR,SRC01000,management,MEDIUM
S0054,operating revenue,FY25,1667.0,Cr,INR,SRC01011,press-quoted-filing,HIGH
S0054,operating revenue,FY24,1486.0,Cr,INR,SRC01013,press-quoted-filing,MEDIUM
S0055,operating revenue,FY25,191.3,crore,INR,SRC01026,press-quoted-filing,
S0055,operating_revenue,FY25,191.3,crore,INR,SRC01026,press-quoted-filing,HIGH
S0055,net_profit,FY25,-200.2,crore,INR,SRC01026,press-quoted-filing,HIGH
S0055,operating_revenue,FY24,170.8,crore,INR,SRC01025,press-quoted-filing,HIGH
S0055,operating_revenue,FY26,433.0,crore,INR,SRC01039,press-quoted-filing,HIGH
S0055,total_revenue,FY25,206.0,crore,INR,SRC01026,press-quoted-filing,HIGH
S0055,total_expenses,FY25,404.1,crore,INR,SRC01026,press-quoted-filing,HIGH
S0055,authorized_share_capital,FY25,30.5,crore,INR,SRC01029,MCA,HIGH
S0055,paidup_capital,FY25,20.1,crore,INR,SRC01029,MCA,HIGH
S0055,borrowings,FY25,209.9,crore,INR,SRC01029,MCA,HIGH
S0055,reserves,FY25,80.9,crore,INR,SRC01029,MCA,HIGH
S0055,total_assets,FY25,410.2,crore,INR,SRC01029,MCA,HIGH
S0058,operating_revenue,FY24,30.6,Cr,INR,SRC01067,press-quoted-filing,HIGH
S0058,pat,FY24,-20.4,Cr,INR,SRC01067,press-quoted-filing,HIGH
S0058,operating_revenue,FY25,39.3,Cr,INR,SRC01078,press-quoted-filing,HIGH
S0058,pat,FY25,-30.8,Cr,INR,SRC01060,press-quoted-filing,HIGH
S0058,total_expenses,FY25,67.1,Cr,INR,SRC01060,press-quoted-filing,MEDIUM
S0058,total_assets,FY25,321.8,Cr,INR,SRC01060,press-quoted-filing,MEDIUM
S0059,aum,FY26,14.0,billion,INR,SRC01092,management,MEDIUM
S0060,operating_revenue,FY24,358.0,crore,INR,SRC01105,press-quoted-filing,HIGH
S0060,net_loss,FY24,120.6,crore,INR,SRC01115,press-quoted-filing,MEDIUM
S0061,operating_revenue,FY25,96.1,Cr,INR,SRC01120,press-quoted-filing,MEDIUM
S0061,operating_revenue,FY24,48.02,Cr,INR,SRC01134,press-quoted-filing,MEDIUM
S0061,pat,FY24,-14.94,Cr,INR,SRC01134,press-quoted-filing,MEDIUM
S0061,annualised_revenue_run_rate_claim,FY26-RUN-RATE,500.0,Cr,INR,SRC01118,management,LOW
S0061,total_revenue,FY25,96.1,crore,INR,SRC01120,press-quoted-filing,MEDIUM
S0061,net_profit,FY25,-7.0,crore,INR,SRC01120,press-quoted-filing,MEDIUM
S0061,total_expenses,FY25,103.1,crore,INR,SRC01120,press-quoted-filing,MEDIUM
S0061,total_assets,FY25,61.3,crore,INR,SRC01120,press-quoted-filing,MEDIUM
S0061,total_revenue,FY24,48.02,crore,INR,SRC01134,press-quoted-filing,MEDIUM
S0061,pat,FY24,-14.94,crore,INR,SRC01134,press-quoted-filing,MEDIUM
S0061,annualised_revenue_run_rate,FY26-RUN-RATE,500.0,crore,INR,SRC01124,management,LOW
S0061,operating_revenue,FY25,96.1,crore,INR,SRC01120,press-quoted-filing,MEDIUM
S0062,operating_revenue,FY24,315.0,Cr,INR,SRC01140,press-quoted-filing,HIGH
S0062,net_loss,FY24,61.0,Cr,INR,SRC01140,press-quoted-filing,HIGH
S0062,revenue_management_claim,FY25,500.0,Cr,INR,SRC01138,management,LOW
S0062,gross_revenue,FY24,315.0,crore,INR,SRC01140,press-quoted-filing,HIGH
S0062,net_loss,FY24,61.0,crore,INR,SRC01140,press-quoted-filing,HIGH
S0062,operating_revenue,FY24,310.0,crore,INR,SRC01140,press-quoted-filing,HIGH
S0062,net_revenue,FY25,510.0,crore,INR,SRC01146,press-quoted-filing,MEDIUM
S0062,revenue_management_claim,FY25,500.0,crore,INR,SRC01138,management,LOW
S0062,net_loss,FY25,120.0,crore,INR,SRC01158,press-quoted-filing,LOW
S0062,gross_revenue,FY23,154.0,crore,INR,SRC01140,press-quoted-filing,HIGH
S0062,net_loss,FY23,67.0,crore,INR,SRC01140,press-quoted-filing,HIGH
S0063,revenue,FY25,10.0,Lakh,INR,SRC01172,press-quoted-filing,LOW
S0063,total_revenue,FY25,3886.0,lakh,INR,SRC01169,press-quoted-filing,MEDIUM
S0063,net_profit,FY25,2582.0,lakh,INR,SRC01169,press-quoted-filing,MEDIUM
S0063,ebitda,FY25,7588.0,lakh,INR,SRC01169,press-quoted-filing,MEDIUM
S0063,total_expenses,FY25,9360.0,lakh,INR,SRC01169,press-quoted-filing,MEDIUM
S0063,employee_expenses,FY25,8711.0,lakh,INR,SRC01169,press-quoted-filing,MEDIUM
S0063,total_debt,FY25,4013.0,lakh,INR,SRC01169,press-quoted-filing,MEDIUM
S0063,paid_up_capital,FY25,6626836.0,rupee,INR,SRC01173,audited,HIGH
S0063,authorised_capital,FY25,780000000.0,rupee,INR,SRC01173,audited,HIGH
S0064,operating revenue,FY24,803.0,crore,INR,SRC01182,press-quoted-filing,
S0064,operating_revenue,FY24,803.0,crore,INR,SRC01182,press-quoted-filing,HIGH
S0064,operating_revenue,FY25,965.0,crore,INR,SRC01188,press-quoted-filing,HIGH
S0066,total_revenue,FY25,4.7,crore,INR,SRC01222,press-quoted-filing,MEDIUM
S0066,net_profit,FY25,-24.0,crore,INR,SRC01222,press-quoted-filing,MEDIUM
S0067,operating_revenue,FY25,2236.1,Cr,INR,SRC01230,press-quoted-filing,MEDIUM
S0067,pat,FY25,-64.0,Cr,INR,SRC01230,press-quoted-filing,MEDIUM
S0067,operating_revenue,FY24,2273.5,Cr,INR,SRC01249,press-quoted-filing,MEDIUM
S0067,operating_revenue,FY21,1556.7,Cr,INR,SRC01250,press-quoted-filing,MEDIUM
S0067,pat,FY21,110.0,Cr,INR,SRC01250,press-quoted-filing,MEDIUM
S0067,operating_revenue,FY22,1169.0,crore,INR,SRC01238,press-quoted-filing,HIGH
S0067,pat,FY22,-282.4,crore,INR,SRC01238,press-quoted-filing,HIGH
S0067,operating_revenue,FY23,1988.0,crore,INR,SRC01238,press-quoted-filing,HIGH
S0067,total_revenue,FY23,2023.0,crore,INR,SRC01238,press-quoted-filing,HIGH
S0067,pat,FY23,-199.5,crore,INR,SRC01238,press-quoted-filing,HIGH
S0067,advertising_promotion_expense,FY23,1421.0,crore,INR,SRC01238,press-quoted-filing,HIGH
S0067,employee_benefit_expense,FY23,445.6,crore,INR,SRC01238,press-quoted-filing,HIGH
S0067,operating_revenue,FY24,2273.5,crore,INR,SRC01230,press-quoted-filing,MEDIUM
S0067,operating_revenue,FY25,2236.1,crore,INR,SRC01230,press-quoted-filing,MEDIUM
S0067,pat,FY25,-64.0,crore,INR,SRC01230,press-quoted-filing,MEDIUM
S0067,ebitda,FY25,-41.5,crore,INR,SRC01230,estimate,LOW
S0067,total_assets,FY25,1292.4,crore,INR,SRC01230,press-quoted-filing,MEDIUM
S0067,revenue_tracxn,FY24,2270.0,crore,INR,SRC01242,press-quoted-filing,MEDIUM
S0068,revenue_operations,FY24,14530.0,crore,INR,SRC01257,press-quoted-filing,HIGH
S0068,pat,FY24,378.0,crore,INR,SRC01257,press-quoted-filing,HIGH
S0068,revenue_operations,FY25,18472.0,crore,INR,SRC01256,press-quoted-filing,HIGH
S0068,pat,FY25,219.7,crore,INR,SRC01256,press-quoted-filing,HIGH
S0068,total_revenue,FY23,11846.0,crore,INR,SRC01268,press-quoted-filing,HIGH
S0068,pat,FY23,155.0,crore,INR,SRC01257,press-quoted-filing,HIGH
S0068,revenue_operations,FY24,14530.0,crore,INR,SRC01256,press-quoted-filing,HIGH
S0068,total_income,FY24,14743.4,crore,INR,SRC01257,press-quoted-filing,HIGH
S0068,pat,FY24,378.0,crore,INR,SRC01256,press-quoted-filing,HIGH
S0068,revenue_operations,FY25,18472.0,crore,INR,SRC01256,press-quoted-filing,HIGH
S0068,total_income,FY25,18556.0,crore,INR,SRC01269,press-quoted-filing,HIGH
S0068,pat,FY25,219.7,crore,INR,SRC01256,press-quoted-filing,HIGH
S0068,total_expenditure,FY25,18249.6,crore,INR,SRC01256,press-quoted-filing,HIGH
S0068,cash_and_equivalents,FY25,1557.0,crore,INR,SRC01260,press-quoted-filing,HIGH
S0068,debt,FY25,6057.0,crore,INR,SRC01260,press-quoted-filing,HIGH
S0068,total_revenue,FY26,20000.0,crore,INR,SRC01260,press-quoted-filing,MEDIUM
S0068,pat,FY26,312.5,crore,INR,SRC01260,press-quoted-filing,MEDIUM
S0068,ebitda,FY26,1775.0,crore,INR,SRC01260,press-quoted-filing,MEDIUM
S0068,enterprise_value,FY26,28124.0,crore,INR,SRC01260,management,HIGH
S0068,equity_value,FY26,24620.0,crore,INR,SRC01260,management,HIGH
S0069,revenue,FY25,10.0,,INR,SRC01280,press-quoted-filing,
S0070,operating revenue,FY25,2565.0,crore,INR,SRC01282,press-quoted-filing,
S0070,net loss,FY25,126.0,crore,INR,SRC01282,press-quoted-filing,
S0070,operating_revenue,FY25,2565.0,crore,INR,SRC01293,press-quoted-filing,HIGH
S0070,net_profit,FY26,93.3,crore,INR,SRC01298,press-quoted-filing,MEDIUM
S0070,personal_loans_disbursed,FY25,130206.0,crore,INR,SRC01290,DRHP,HIGH
S0070,operating_revenue,FY25,2565.0,crore,INR,SRC01293,press-quoted-filing,HIGH
S0070,net_loss,FY25,126.0,crore,INR,SRC01293,press-quoted-filing,HIGH
S0070,total_revenue,FY26,3091.0,crore,INR,SRC01286,press-quoted-filing,HIGH
S0070,net_loss,FY26,466.0,crore,INR,SRC01286,press-quoted-filing,HIGH
S0070,net_profit,FY26,93.3,crore,INR,SRC01298,press-quoted-filing,MEDIUM
S0070,operating_revenue,FY26,2691.5,crore,INR,SRC01298,press-quoted-filing,MEDIUM
S0070,personal_loans_disbursed,FY25,130206.0,crore,INR,SRC01290,DRHP,HIGH
S0070,home_loans_disbursed,FY25,4230.0,crore,INR,SRC01290,DRHP,HIGH
S0070,total_disbursements,FY25,134436.0,crore,INR,SRC01290,DRHP,HIGH
S0070,aum,FY25,116949.31,crore,INR,SRC01290,DRHP,HIGH
S0070,pat,FY25,2219.6,crore,INR,SRC01290,DRHP,HIGH
S0070,loan_book_outstanding,FY26,13000.0,crore,INR,SRC00082,management,HIGH
S0070,home_loan_portfolio,FY26,1500.0,crore,INR,SRC00082,management,HIGH
S0070,equity_capital,FY26,4000.0,crore,INR,SRC00082,management,HIGH
S0070,aum,FY26,130000000000.0,INR,INR,SRC01286,press-quoted-filing,HIGH
S0070,net_worth,FY25,31626.94,crore,INR,SRC01290,DRHP,HIGH
S0070,total_disbursements,FY26,23287.0,crore,INR,SRC00082,management,HIGH
S0071,operating revenue,FY25,1634.0,crore,INR,SRC01309,press-quoted-filing,
S0071,net loss,FY25,256.0,crore,INR,SRC01309,press-quoted-filing,
S0071,operating_revenue,FY24,2000.0,crore,INR,SRC01310,press-quoted-filing,MEDIUM
S0071,total_revenue,FY25,1634.0,crore,INR,SRC01309,press-quoted-filing,HIGH
S0071,net_loss,FY25,256.0,crore,INR,SRC01309,press-quoted-filing,HIGH
S0071,total_revenue,FY24,2002.7,crore,INR,SRC01310,press-quoted-filing,HIGH
S0071,net_loss,FY24,259.6,crore,INR,SRC01310,press-quoted-filing,HIGH
S0071,total_revenue,FY23,1153.4,crore,INR,SRC01310,press-quoted-filing,HIGH
S0071,net_loss,FY23,326.3,crore,INR,SRC01310,press-quoted-filing,HIGH
S0071,operating_revenue,FY24,2007.0,crore,INR,SRC01309,press-quoted-filing,HIGH
S0072,revenue,FY25,2274.0,,INR,SRC01324,press-quoted-filing,MEDIUM
S0072,total_revenue,FY21,128054.0,lakh,INR,SRC01342,press-quoted-filing,MEDIUM
S0072,total_revenue,FY23,13537120.0,thousand,INR,SRC01343,press-quoted-filing,MEDIUM
S0072,total_revenue,FY24,14331190.0,thousand,INR,SRC01343,press-quoted-filing,MEDIUM
S0072,total_revenue,FY24,130962.0,lakh,INR,SRC01342,press-quoted-filing,MEDIUM
S0072,total_revenue,FY25,19048060.0,thousand,INR,SRC01343,press-quoted-filing,MEDIUM
S0072,total_revenue,FY25,2274.0,crore,INR,SRC01324,press-quoted-filing,MEDIUM
S0072,total_revenue,FY26,306754.0,thousand,USD,SRC01344,press-quoted-filing,MEDIUM
S0072,net_income,FY26,12733.0,thousand,USD,SRC01344,press-quoted-filing,MEDIUM
S0072,total_revenue,FY26,744.0,crore,INR,SRC01345,press-quoted-filing,MEDIUM
S0072,net_income,FY26,42.4,crore,INR,SRC01345,press-quoted-filing,MEDIUM
S0073,fy25 revenue,FY25,104.0,crore,INR,SRC01368,press-quoted-filing,HIGH
S0073,fy25 net loss,FY25,176.0,crore,INR,SRC01368,press-quoted-filing,HIGH
S0073,fy26 revenue (approx),FY26,416.0,INR,INR,SRC01369,estimate,MEDIUM
S0073,fy25 revenue,FY25,104.0,crore,INR,SRC01368,press-quoted-filing,HIGH
S0073,fy25 net loss,FY25,176.0,crore,INR,SRC01368,press-quoted-filing,HIGH
S0073,fy26 revenue (approx),FY26,416.0,INR,INR,SRC01369,estimate,MEDIUM
S0075,operating revenue,FY25,565.0,crore,INR,SRC01392,press-quoted-filing,
S0075,net profit,FY25,73.0,crore,INR,SRC01391,management,
S0075,fy25 operating revenue,FY25,565.0,crore,INR,SRC01392,press-quoted-filing,HIGH
S0075,fy25 net profit,FY25,73.0,crore,INR,SRC01391,management,HIGH
S0075,fy26 revenue,FY26,651.0,crore,INR,SRC01393,press-quoted-filing,HIGH
S0075,fy26 net loss,FY26,176.0,crore,INR,SRC01393,press-quoted-filing,HIGH
S0075,fy25 operating revenue,FY25,565.0,crore,INR,SRC01392,press-quoted-filing,HIGH
S0075,fy25 net profit,FY25,73.0,crore,INR,SRC01391,management,HIGH
S0075,fy26 revenue,FY26,651.0,crore,INR,SRC01393,press-quoted-filing,HIGH
S0075,fy26 net loss,FY26,176.0,crore,INR,SRC01393,press-quoted-filing,HIGH
S0075,operating_revenue,FY24,105.0,crore,INR,SRC01419,press-quoted-filing,HIGH
S0075,net_loss,FY24,39.0,crore,INR,SRC01419,press-quoted-filing,HIGH
S0075,operating_revenue,FY25,565.0,crore,INR,SRC01392,press-quoted-filing,HIGH
S0075,net_profit,FY25,73.0,crore,INR,SRC01391,management,HIGH
S0075,net_profit_usd,FY25,8.2,million,USD,SRC01391,management,HIGH
S0075,ebitda_margin,FY25,8.76,percent,INR,SRC01391,management,HIGH
S0075,roce,FY25,12.9,percent,INR,SRC01391,management,HIGH
S0075,smart_ring_revenue,FY25,516.0,crore,INR,SRC01419,press-quoted-filing,HIGH
S0075,subscription_revenue,FY25,29.0,crore,INR,SRC01419,press-quoted-filing,HIGH
S0075,operating_revenue,FY26,651.0,crore,INR,SRC01393,press-quoted-filing,HIGH
S0075,net_loss,FY26,176.0,crore,INR,SRC01393,press-quoted-filing,HIGH
S0075,operating_revenue_usd,FY25,64.0,million,USD,SRC01420,management,HIGH
S0075,total_income,FY25,65.8,million,USD,SRC01420,management,HIGH
S0076,revenue,FY25,325.0,crore,INR,SRC01454,press-quoted-filing,MEDIUM
S0076,total_revenue,FY25,268.6,crore,INR,SRC01438,DRHP,HIGH
S0076,net_loss,FY25,94.4,crore,INR,SRC01438,DRHP,HIGH
S0076,total_revenue,FY24,241.3,crore,INR,SRC01438,DRHP,HIGH
S0076,net_loss,FY24,152.4,crore,INR,SRC01438,DRHP,HIGH
S0076,total_revenue,FY26,337.0,crore,INR,SRC01438,management,MEDIUM
S0076,total_revenue,FY22,31.75,crore,INR,SRC01441,press-quoted-filing,MEDIUM
S0076,total_revenue,FY23,31.75,crore,INR,SRC01441,press-quoted-filing,MEDIUM
S0076,revenue_range,FY25,100.0,crore,INR,SRC01445,registry,MEDIUM
S0077,revenue,FY24,90.9,crore,INR,SRC01463,press-quoted-filing,MEDIUM
S0077,arr guidance (company-claimed),FY25,300.0,crore,INR,SRC01464,management,MEDIUM
S0078,revenue,FY25,1410.0,cr,INR,SRC01470,management,MEDIUM
S0078,ebitda,FY25,46.0,cr,INR,SRC01473,management,MEDIUM
S0078,revenue,FY26,2086.0,cr,INR,SRC01475,management,MEDIUM
S0078,ebitda,FY26,176.0,cr,INR,SRC01475,management,MEDIUM
S0078,total_revenue,FY24,1001.0,crore,INR,SRC01470,press-quoted-filing,MEDIUM
S0078,total_revenue,FY25,1410.0,crore,INR,SRC01470,management,MEDIUM
S0078,ebitda,FY25,46.0,crore,INR,SRC01473,management,MEDIUM
S0078,gross_profit,FY25,316.0,crore,INR,SRC01473,management,MEDIUM
S0078,gtv,FY25,59093.0,crore,INR,SRC01473,management,MEDIUM
S0078,transactions,FY25,186108.0,count,,SRC01473,management,MEDIUM
S0078,total_revenue,FY26,2086.0,crore,INR,SRC01468,management,MEDIUM
S0078,ebitda,FY26,176.0,crore,INR,SRC01468,management,MEDIUM
S0078,loan_disbursal,FY26,87831.0,crore,INR,SRC01468,management,MEDIUM
S0078,loan_disbursal,FY25,61000.0,crore,INR,SRC01469,management,MEDIUM
S0079,revenue,FY23,9.66,crore,INR,SRC01484,press-quoted-filing,MEDIUM
S0081,revenue,FY25,8.9,million,USD,SRC01495,estimate,LOW
S0083,revenue_from_operations,FY25,3070.0,cr,INR,SRC01505,press-quoted-filing,HIGH
S0083,pat,FY25,61.1,cr,INR,SRC01505,press-quoted-filing,HIGH
S0084,revenue_from_operations,FY24,875.0,cr,INR,SRC01525,audited,HIGH
S0084,pat,FY24,14.1,cr,INR,SRC01525,audited,HIGH
S0084,revenue_from_operations,FY25,1170.2,cr,INR,SRC01525,audited,HIGH
S0084,pat,FY25,-121.3,cr,INR,SRC01525,audited,HIGH
S0084,revenue_from_operations,FY26,1106.5,cr,INR,SRC01526,audited,HIGH
S0085,consolidated_revenue,FY26,20645.0,crore,INR,SRC01530,management,HIGH
S0085,pat,FY26,724.0,crore,INR,SRC01530,management,HIGH
S0085,pat,FY25,597.0,crore,INR,SRC01530,management,MEDIUM
S0085,consolidated_revenue,FY25,22241.0,crore,INR,SRC01531,estimate,LOW
S0085,consolidated_revenue,FY23,15342.0,crore,INR,SRC01555,audited,HIGH
S0085,gmv,FY23,15342.0,crore,INR,SRC01555,audited,HIGH
S0085,pat,FY23,463.0,crore,INR,SRC01555,audited,HIGH
S0085,consolidated_revenue,FY24,19296.0,crore,INR,SRC01556,audited,HIGH
S0085,pat,FY24,603.0,crore,INR,SRC01556,audited,HIGH
S0085,total_assets,FY24,7460.0,crore,INR,SRC01557,audited,MEDIUM
S0085,consolidated_revenue,FY25,22241.0,crore,INR,SRC01531,press-quoted-filing,MEDIUM
S0085,consolidated_revenue,FY26,20645.0,crore,INR,SRC01530,management,HIGH
S0085,pat,FY26,724.0,crore,INR,SRC01530,management,HIGH
S0085,pat,FY25,597.0,crore,INR,SRC01530,management,MEDIUM
S0085,oxyzo_pat,FY24,290.0,crore,INR,SRC01558,audited,HIGH
S0085,oxyzo_revenue,FY24,903.0,crore,INR,SRC01558,audited,HIGH
S0085,oxyzo_aum,FY25,8341.0,crore,INR,SRC01538,audited,HIGH
S0085,oxyzo_borrowings,FY25,6028.0,crore,INR,SRC01538,audited,HIGH
S0085,oxyzo_net_worth,FY25,2855.0,crore,INR,SRC01538,audited,HIGH
S0085,oxyzo_total_revenue,FY25,1129.0,crore,INR,SRC01538,audited,HIGH
S0085,oxyzo_loan_book,FY24,6667.0,crore,INR,SRC01558,audited,HIGH
S0085,oxyzo_loan_book,FY25,8342.0,crore,INR,SRC01538,audited,HIGH
S0085,oxyzo_gross_npa,FY25,1.2,percent,INR,SRC01537,audited,HIGH
S0085,oxyzo_pat,FY23,197.0,crore,INR,SRC01537,audited,HIGH
S0085,oxyzo_pat,FY24,286.0,crore,INR,SRC01537,audited,HIGH
S0085,oxyzo_total_income,FY25,1129.0,crore,INR,SRC01538,audited,HIGH
S0086,operating_revenue,FY24,600.5,crore,INR,SRC01570,press-quoted-filing,HIGH
S0086,operating_revenue,FY23,452.8,crore,INR,SRC01571,press-quoted-filing,HIGH
S0086,consolidated_revenue,FY25,442.0,crore,INR,SRC01569,management,MEDIUM
S0087,total_revenue,FY25,4.17,crore,INR,SRC01593,press-quoted-filing,MEDIUM
S0087,net_loss,FY25,19.1,crore,INR,SRC01589,press-quoted-filing,MEDIUM
S0087,total_revenue,FY26,490529.82,USD,USD,SRC01596,estimate,LOW
S0087,authorised_capital,FY25,25.0,lakh,INR,SRC01592,audited,HIGH
S0087,paid_up_capital,FY25,15.31,lakh,INR,SRC01592,audited,HIGH
S0090,revenue from operations,FY25,114.4,crore,INR,SRC01612,press-quoted-filing,MEDIUM
S0090,net loss,FY25,-42.2,crore,INR,SRC01612,press-quoted-filing,MEDIUM
S0090,revenue from operations,FY25,114.4,crore,INR,SRC01612,press-quoted-filing,MEDIUM
S0090,net loss,FY25,-42.2,crore,INR,SRC01612,press-quoted-filing,MEDIUM
S0090,revenue from operations,FY24,71.4,crore,INR,SRC01612,press-quoted-filing,MEDIUM
S0092,total income,FY24,3144.38,crore,INR,SRC01637,press-quoted-filing,MEDIUM
S0092,net loss,FY24,-1670.06,crore,INR,SRC01637,press-quoted-filing,MEDIUM
S0092,total_income,FY24,3144.38,crore,INR,SRC01637,press-quoted-filing,MEDIUM
S0092,net_loss,FY24,-1670.06,crore,INR,SRC01637,press-quoted-filing,MEDIUM
S0092,total_revenue,FY25,4635.7,crore,INR,SRC01654,press-quoted-filing,MEDIUM
S0092,total_revenue,FY26,4636.0,crore,INR,SRC01646,press-quoted-filing,HIGH
S0092,total_income,FY23,777.84,crore,INR,SRC01637,press-quoted-filing,MEDIUM
S0093,revenue,FY24,515.5,crore,INR,SRC01679,press-quoted-filing,HIGH
S0093,profit_after_tax,FY24,-15.8,crore,INR,SRC01679,press-quoted-filing,HIGH
S0093,total_revenue,FY23,322.0,crore,INR,SRC01682,estimate,MEDIUM
S0093,total_revenue,FY24,515.5,crore,INR,SRC01679,press-quoted-filing,HIGH
S0093,net_profit,FY24,-15.77,crore,INR,SRC01682,press-quoted-filing,HIGH
S0093,total_revenue,FY25,749.5,crore,INR,SRC01679,press-quoted-filing,MEDIUM
S0093,net_profit,FY25,-14.6,crore,INR,SRC01679,press-quoted-filing,MEDIUM
S0093,ebitda,FY25,17.5,crore,INR,SRC01679,estimate,LOW
S0093,total_assets,FY25,237.7,crore,INR,SRC01679,press-quoted-filing,MEDIUM
S0093,total_expenses,FY24,531.3,crore,INR,SRC01679,press-quoted-filing,MEDIUM
S0093,total_expenses,FY25,764.1,crore,INR,SRC01679,press-quoted-filing,MEDIUM
S0094,revenue,FY24,3733.0,crore,INR,SRC01690,press-quoted-filing,HIGH
S0094,total_revenue,FY24,3733.0,crore,INR,SRC01690,press-quoted-filing,HIGH
S0094,total_revenue_target,FY25,520.0,million,USD,SRC01701,management,MEDIUM
S0094,total_revenue_estimate,FY25,450.0,million,USD,SRC01711,estimate,LOW
S0094,deferred_revenue,FY25,800.0,crore,INR,SRC01709,estimate,LOW
S0094,revenue_indian_entity,FY25,10.0,crore,INR,SRC01706,press-quoted-filing,MEDIUM
S0095,revenue,FY25,301.4,crore,INR,SRC01722,press-quoted-filing,HIGH
S0095,net_profit,FY25,12.1,crore,INR,SRC01722,press-quoted-filing,HIGH
S0095,total_revenue,FY25,301.4,crore,INR,SRC01729,press-quoted-filing,HIGH
S0095,net_profit,FY25,12.1,crore,INR,SRC01722,press-quoted-filing,HIGH
S0095,ebitda,FY25,3.6,crore,INR,SRC01722,press-quoted-filing,HIGH
S0095,marketing_expenditure,FY25,136.54,crore,INR,SRC01729,press-quoted-filing,HIGH
S0095,total_revenue,FY24,106.8,crore,INR,SRC01722,press-quoted-filing,HIGH
S0095,operating_revenue,FY23,36.53,crore,INR,SRC01723,press-quoted-filing,HIGH
S0095,employee_expense,FY25,15.0,crore,INR,SRC01729,press-quoted-filing,HIGH
S0095,total_expenses,FY25,301.0,crore,INR,SRC01729,press-quoted-filing,HIGH
S0096,revenue,FY24,175.3,crore,INR,SRC01745,press-quoted-filing,HIGH
S0096,revenue_growth_yoy,FY24,112.25,percent,INR,SRC01745,press-quoted-filing,MEDIUM
S0096,revenue,FY24,175.3,crore,INR,SRC01745,press-quoted-filing,MEDIUM
S0096,revenue,FY24,202.6,crore,INR,SRC01745,press-quoted-filing,MEDIUM
S0096,revenue_growth_yoy,FY24,112.25,percent,INR,SRC01745,press-quoted-filing,MEDIUM
S0096,ebitda_status,FY25,1.0,boolean,INR,SRC01751,press-quoted-filing,MEDIUM
S0096,annual_revenue_range,FY25,10.0,million,USD,SRC01747,estimate,LOW
S0097,revenue,FY25,1623.9,crore,INR,SRC01758,audited,HIGH
S0097,ebitda,FY25,153.5,crore,INR,SRC01758,audited,HIGH
S0098,annual revenue (tracxn band),FY25,50.0,,INR,SRC01768,estimate,
S0098,annual_revenue,FY25,75.0,crore,INR,SRC01768,estimate,LOW
S0098,employee_count,FY25,337.0,count,INR,SRC01768,press-quoted-filing,MEDIUM
S0098,total_client_assets,FY26,130000.0,crore,INR,SRC01765,management,MEDIUM
S0098,arr_aum,FY26,50000.0,crore,INR,SRC01765,management,MEDIUM
S0098,equity_capital_raised,FY26,3000.0,crore,INR,SRC01765,press-quoted-filing,MEDIUM
S0099,revenue (inc42 company profile),FY24,35.6,crore,INR,SRC01781,press-quoted-filing,
S0100,revenue from operations,FY24,504.37,crore,INR,SRC01786,press-quoted-filing,
S0100,revenue from operations,FY25,489.9,crore,INR,SRC01786,press-quoted-filing,
S0100,revenue from operations,FY26,557.83,crore,INR,SRC01786,press-quoted-filing,
S0100,revenue_from_operations,FY23,93.08,crore,INR,SRC01787,press-quoted-filing,MEDIUM
S0100,revenue_from_operations,FY24,504.37,crore,INR,SRC01786,press-quoted-filing,HIGH
S0100,ebitda,FY24,31.63,crore,INR,SRC01786,press-quoted-filing,HIGH
S0100,pat,FY24,-47.71,crore,INR,SRC01786,press-quoted-filing,HIGH
S0100,revenue_from_operations,FY25,489.9,crore,INR,SRC01786,press-quoted-filing,HIGH
S0100,ebitda,FY25,41.98,crore,INR,SRC01786,press-quoted-filing,HIGH
S0100,pat,FY25,-188.38,crore,INR,SRC01786,press-quoted-filing,HIGH
S0100,net_loss,FY25,188.6,crore,INR,SRC01788,press-quoted-filing,HIGH
S0100,revenue_from_operations,FY26,557.83,crore,INR,SRC01786,press-quoted-filing,HIGH
S0100,ebitda,FY26,30.37,crore,INR,SRC01786,press-quoted-filing,HIGH
S0100,pat,FY26,-285.39,crore,INR,SRC01786,press-quoted-filing,HIGH
S0100,revenue_range,FY25,4659.0,lakh,INR,SRC01787,press-quoted-filing,LOW
S0101,revenue (management-quoted),FY24,325.0,crore,INR,SRC01797,management,
S0101,operating revenue (mca-cited),FY26,461.0,crore,INR,SRC01794,press-quoted-filing,
S0102,paid-up capital (pre-raise snapshot),FY25,34.95,crore,INR,SRC01803,press-quoted-filing,
S0103,revenue,FY25,1.1,crore,INR,SRC01809,press-quoted-filing,MEDIUM
S0104,revenue,FY25,4794409.82,USD,USD,SRC01826,press-quoted-filing,MEDIUM
S0104,total_revenue,FY25,4794409.82,USD,USD,SRC01817,press-quoted-filing,MEDIUM
S0104,revenue_range,FY25,10.0,crore,INR,SRC01817,press-quoted-filing,MEDIUM
S0105,revenue,FY25,36.1,crore,INR,SRC01829,press-quoted-filing,HIGH
S0105,net_loss,FY25,116.3,crore,INR,SRC01829,press-quoted-filing,HIGH
S0106,operating_revenue,FY25,746.0,crore,INR,SRC01840,press-quoted-filing,HIGH
S0106,net_loss,FY25,170.0,crore,INR,SRC01840,press-quoted-filing,HIGH
S0106,total_revenue,FY23,411.5,crore,INR,SRC01845,press-quoted-filing,HIGH
S0106,net_loss,FY23,342.7,crore,INR,SRC01845,press-quoted-filing,HIGH
S0106,operating_revenue,FY24,585.1,crore,INR,SRC01844,press-quoted-filing,HIGH
S0106,total_income,FY24,635.09,crore,INR,SRC01845,press-quoted-filing,HIGH
S0106,net_loss,FY24,172.6,crore,INR,SRC01844,press-quoted-filing,HIGH
S0106,operating_revenue,FY25,745.8,crore,INR,SRC01843,DRHP,HIGH
S0106,net_loss,FY25,169.9,crore,INR,SRC01843,DRHP,HIGH
S0106,total_revenue,FY25,775.49,crore,INR,SRC01856,press-quoted-filing,MEDIUM
S0107,net_revenue (range across wealthtech peer reporting),FY25,30.0,crore,INR,SRC01868,press-quoted-filing,MEDIUM
S0108,annual_revenue_band,FY25,0.0,INR Cr,INR,SRC01872,press-quoted-filing,LOW
S0108,annual_revenue_band,FY25,10.0,crore,INR,SRC01872,press-quoted-filing,LOW
S0109,operating_revenue,FY25,69.5,INR Cr,INR,SRC01878,press-quoted-filing,HIGH
S0109,operating_revenue,FY24,4.8,crore,INR,SRC01899,press-quoted-filing,MEDIUM
S0109,net_loss,FY24,99.1,crore,INR,SRC01899,press-quoted-filing,MEDIUM
S0109,operating_revenue,FY25,69.5,crore,INR,SRC01878,press-quoted-filing,HIGH
S0109,total_revenue,FY25,75.8,crore,INR,SRC01878,press-quoted-filing,HIGH
S0109,net_loss,FY25,98.5,crore,INR,SRC01878,press-quoted-filing,HIGH
S0109,marketing_expense,FY25,59.0,crore,INR,SRC01887,press-quoted-filing,HIGH
S0109,arr,FY26,230.0,million,USD,SRC01877,press-quoted-filing,MEDIUM
S0110,operating_revenue,FY25,518.0,INR Cr,INR,SRC01912,press-quoted-filing,HIGH
S0110,total_revenue,FY23,1650000000.0,INR,INR,SRC01929,press-quoted-filing,HIGH
S0110,operating_revenue,FY24,2736000000.0,INR,INR,SRC01916,press-quoted-filing,HIGH
S0110,operating_revenue,FY25,5180000000.0,INR,INR,SRC01912,press-quoted-filing,HIGH
S0110,total_income,FY25,5230000000.0,INR,INR,SRC01930,press-quoted-filing,HIGH
S0110,current_assets,FY25,2910000000.0,INR,INR,SRC01930,press-quoted-filing,HIGH
S0110,revenue_guidance,FY26,8500000000.0,INR,INR,SRC01919,management,MEDIUM
S0112,total_revenue,FY24,4232.0,crore,INR,SRC01948,press-quoted-filing,MEDIUM
S0112,pat,FY24,-217.1,crore,INR,SRC01948,press-quoted-filing,MEDIUM
S0112,operating_revenue,FY25,681.5,million,USD,SRC01947,press-quoted-filing,MEDIUM
S0112,total_revenue,FY25,692.8,million,USD,SRC01947,press-quoted-filing,MEDIUM
S0112,loss,FY25,-11.3,million,USD,SRC01947,press-quoted-filing,MEDIUM
S0112,revenue_standalone,FY25,4946.6,crore,INR,SRC01949,press-quoted-filing,MEDIUM
S0112,pat_standalone,FY25,-127.0,crore,INR,SRC01949,press-quoted-filing,MEDIUM
S0114,revenue from operations,FY26,3900.0,crore,INR,SRC01972,audited,HIGH
S0114,net loss,FY26,22.0,crore,INR,SRC01974,press-quoted-filing,HIGH
S0114,revenue from operations,FY25,2886.0,crore,INR,SRC01976,press-quoted-filing,HIGH
S0116,revenue from operations,FY26,4755.0,crore,INR,SRC01987,press-quoted-filing,HIGH
S0116,pat (profit after tax),FY26,126.0,crore,INR,SRC01987,press-quoted-filing,HIGH
S0116,revenue from operations,FY25,2938.0,crore,INR,SRC01992,press-quoted-filing,HIGH
S0116,revenue from operations (q1 fy27),FY25,1358.0,crore,INR,SRC01983,press-quoted-filing,HIGH
S0118,revenue,FY25,126.0,crore,INR,SRC02002,press-quoted-filing,HIGH
S0118,net profit,FY25,4.1,INR,INR,SRC02002,press-quoted-filing,MEDIUM
S0118,revenue,FY23,134.9,crore,INR,SRC02010,press-quoted-filing,MEDIUM
S0118,total_revenue,FY23,1310000000.0,INR,INR,SRC02005,press-quoted-filing,MEDIUM
S0118,total_revenue,FY24,865000000.0,INR,INR,SRC02005,press-quoted-filing,MEDIUM
S0118,total_revenue,FY24,993000000.0,INR,INR,SRC02009,press-quoted-filing,MEDIUM
S0118,total_revenue,FY25,1255000000.0,INR,INR,SRC02009,press-quoted-filing,MEDIUM
S0118,net_profit,FY25,346000000.0,INR,INR,SRC02009,press-quoted-filing,MEDIUM
S0118,total_expenses,FY25,896000000.0,INR,INR,SRC02009,press-quoted-filing,MEDIUM
S0118,total_assets,FY25,5962000000.0,INR,INR,SRC02009,press-quoted-filing,MEDIUM
S0118,ebitda,FY25,595000000.0,INR,INR,SRC02009,press-quoted-filing,MEDIUM
S0119,operating revenue,FY25,237.4,crore,INR,SRC02029,press-quoted-filing,HIGH
S0119,total revenue (incl other income),FY25,241.9,crore,INR,SRC02014,press-quoted-filing,HIGH
S0119,revenue,FY24,122.8,crore,INR,SRC02012,press-quoted-filing,HIGH
S0119,operating revenue,FY25,237.4,crore,INR,SRC02020,,HIGH
S0119,total revenue (incl other income),FY25,241.9,crore,INR,SRC02014,,HIGH
S0119,total expenses,FY25,350.6,crore,INR,SRC02020,,HIGH
S0119,revenue from rental,FY25,201.0,crore,INR,SRC02020,,HIGH
S0119,revenue from bike sales,FY25,22.67,crore,INR,SRC02020,,HIGH
S0119,revenue from manpower services,FY25,13.24,crore,INR,SRC02020,,HIGH
S0119,operating revenue,FY24,122.79,crore,INR,SRC02022,,HIGH
S0119,net loss,FY24,-142.83,crore,INR,SRC02022,,HIGH
S0119,operating revenue,FY23,46.58,crore,INR,SRC02012,,HIGH
S0119,operating revenue,FY21,13.7,crore,INR,SRC02018,,HIGH
S0120,total_revenue,FY25,336.0,crore,INR,SRC02036,press-quoted-filing,MEDIUM
S0120,total_revenue,FY25,39.77,million,USD,SRC02036,press-quoted-filing,MEDIUM
S0120,total_revenue,FY24,1100.0,crore,INR,SRC02051,estimate,LOW
S0123,revenue,FY25,206.0,crore,INR,SRC02076,press-quoted-filing,HIGH
S0123,revenue,FY24,83.0,INR Cr,INR,SRC02074,press-quoted-filing,HIGH
S0123,loss,FY25,73.0,crore,INR,SRC02076,press-quoted-filing,HIGH
S0123,revenue_from_operations,FY25,199.0,crore,INR,SRC02082,press-quoted-filing,HIGH
S0123,total_income,FY25,206.0,crore,INR,SRC02082,press-quoted-filing,HIGH
S0123,net_loss,FY25,73.0,crore,INR,SRC02082,press-quoted-filing,HIGH
S0123,total_expenses,FY25,279.0,crore,INR,SRC02082,press-quoted-filing,HIGH
S0123,revenue_from_operations,FY24,83.0,crore,INR,SRC02082,press-quoted-filing,HIGH
S0123,net_loss,FY24,55.0,crore,INR,SRC02082,press-quoted-filing,HIGH
S0123,cash_and_bank_balances,FY25,166.0,crore,INR,SRC02082,press-quoted-filing,HIGH
S0123,marketing_expense,FY25,106.0,crore,INR,SRC02082,press-quoted-filing,HIGH
S0123,employee_benefit_expenses,FY25,31.0,crore,INR,SRC02082,press-quoted-filing,HIGH
S0126,operating revenue,FY24,243.0,crore,INR,SRC02113,press-quoted-filing,MEDIUM
S0126,operating revenue (management-quoted),FY25,520.0,crore,INR,SRC02103,management,MEDIUM
S0126,operating revenue,FY24,243.0,crore,INR,SRC02113,press-quoted-filing,MEDIUM
S0126,operating revenue,FY25,498.0,crore,INR,SRC02106,press-quoted-filing,MEDIUM
S0126,net profit,FY25,-1.7,crore,INR,SRC02106,management,MEDIUM
S0126,operating revenue,FY26,900.0,crore,INR,SRC02106,management,MEDIUM
S0126,ebitda,FY26,22.5,crore,INR,SRC02106,management,MEDIUM
S0126,revenue target,FY27,1400.0,crore,INR,SRC02106,management,MEDIUM
S0128,total_revenue,FY25,10.0,crore,INR,SRC02127,press-quoted-filing,MEDIUM
S0128,authorized_share_capital,FY25,1.15,crore,INR,SRC02127,press-quoted-filing,HIGH
S0128,paidup_capital,FY25,1.14,crore,INR,SRC02127,press-quoted-filing,HIGH
S0130,operating_revenue,FY25,238.9,crore,INR,SRC02140,press-quoted-filing,MEDIUM
S0130,total_revenue,FY25,238.9,crore,INR,SRC02146,press-quoted-filing,HIGH
S0130,net_profit,FY25,-68.3,crore,INR,SRC02146,press-quoted-filing,HIGH
S0130,total_expenses,FY25,307.2,crore,INR,SRC02146,press-quoted-filing,MEDIUM
S0130,ebitda,FY25,-57.7,crore,INR,SRC02146,estimate,MEDIUM
S0130,total_revenue,FY24,177.0,crore,INR,SRC02145,press-quoted-filing,HIGH
S0130,net_profit,FY24,-49.65,crore,INR,SRC02145,press-quoted-filing,HIGH
S0130,total_revenue,FY23,110.0,crore,INR,SRC02145,press-quoted-filing,HIGH
S0130,total_assets,FY25,203.2,crore,INR,SRC02146,press-quoted-filing,MEDIUM
S0130,net_profit_margin,FY25,-28.6,percent,INR,SRC02146,estimate,MEDIUM
S0131,operating_revenue,FY25,14.42,crore,INR,SRC02160,press-quoted-filing,MEDIUM
S0131,net_loss,FY25,7.17,crore,INR,SRC02160,press-quoted-filing,MEDIUM
S0134,total_revenue,FY25,372.9,crore,INR,SRC02184,press-quoted-filing,MEDIUM
S0134,total_revenue,FY25,100.0,crore,INR,SRC02178,estimate,MEDIUM
S0135,revenue,FY25,8932.0,INR Cr,INR,SRC02212,press-quoted-filing,HIGH
S0135,pat,FY25,162.0,INR Cr,INR,SRC02212,press-quoted-filing,HIGH
S0135,revenue,Q1FY27,2931.0,INR Cr,INR,SRC02213,audited,HIGH
S0135,total_revenue,FY24,8142.0,crore,INR,SRC02212,press-quoted-filing,HIGH
S0135,ebitda,FY24,127.0,crore,INR,SRC02212,press-quoted-filing,HIGH
S0135,total_revenue,FY25,8932.0,crore,INR,SRC02212,press-quoted-filing,HIGH
S0135,net_profit,FY25,162.0,crore,INR,SRC02212,press-quoted-filing,HIGH
S0135,ebitda,FY25,376.0,crore,INR,SRC02212,press-quoted-filing,HIGH
S0135,total_revenue,FY26,10508.0,crore,INR,SRC02214,audited,HIGH
S0135,net_profit,FY26,153.0,crore,INR,SRC02214,audited,HIGH
S0135,ebitda,FY26,640.0,crore,INR,SRC02214,audited,HIGH
S0135,total_revenue,Q1FY26,2294.0,crore,INR,SRC02226,press-quoted-filing,HIGH
S0135,net_profit,Q1FY26,91.0,crore,INR,SRC02226,press-quoted-filing,HIGH
S0135,total_revenue,Q2FY26,2559.0,crore,INR,SRC02222,press-quoted-filing,HIGH
S0135,total_revenue,Q3FY26,2798.0,crore,INR,SRC02216,press-quoted-filing,HIGH
S0135,net_profit,Q3FY26,40.0,crore,INR,SRC02216,press-quoted-filing,HIGH
S0135,ebitda,Q3FY26,234.0,crore,INR,SRC02216,press-quoted-filing,HIGH
S0135,total_revenue,Q4FY26,2850.0,crore,INR,SRC02214,audited,HIGH
S0135,net_profit,Q4FY26,72.0,crore,INR,SRC02214,audited,HIGH
S0135,ebitda,Q4FY26,214.0,crore,INR,SRC02214,audited,HIGH
S0135,total_revenue,Q1FY27,2931.0,crore,INR,SRC02213,audited,HIGH
S0135,net_profit,Q1FY27,32.0,crore,INR,SRC02213,audited,HIGH
S0136,revenue,FY23,4.73,INR Cr,INR,SRC02232,press-quoted-filing,MEDIUM
S0138,revenue,FY25,6463.0,INR Cr,INR,SRC02249,management,HIGH
S0138,pat,FY25,623.0,INR Cr,INR,SRC02249,management,HIGH
S0138,adjusted ebitda,FY25,1132.0,INR Cr,INR,SRC02249,management,HIGH
S0138,total_revenue,FY25,6253.0,crore,INR,SRC02251,press-quoted-filing,HIGH
S0138,pat,FY25,245.0,crore,INR,SRC02251,press-quoted-filing,HIGH
S0138,adjusted_ebitda,FY25,1132.0,crore,INR,SRC02257,management,MEDIUM
S0138,total_expenses,FY25,6660.0,crore,INR,SRC02251,press-quoted-filing,HIGH
S0138,finance_costs,FY25,959.0,crore,INR,SRC02251,press-quoted-filing,HIGH
S0138,depreciation_amortisation,FY25,484.0,crore,INR,SRC02251,press-quoted-filing,HIGH
S0138,deferred_tax_gain,FY25,767.0,crore,INR,SRC02251,press-quoted-filing,HIGH
S0138,gross_booking_value,FY25,16436.0,crore,INR,SRC02257,management,MEDIUM
S0138,pat,FY24,229.6,crore,INR,SRC02256,press-quoted-filing,HIGH
S0138,adjusted_ebitda,FY24,889.0,crore,INR,SRC02257,management,MEDIUM
S0138,india_gbv,FY26 (9M),2731.7,crore,INR,SRC02258,DRHP,HIGH
S0138,us_gbv,FY26 (9M),12022.5,crore,INR,SRC02258,DRHP,HIGH
S0138,europe_gbv_share,FY26 (9M),18.0,percent,INR,SRC02258,DRHP,HIGH
S0139,operating revenue,FY26,6794.0,INR Cr,INR,SRC02272,audited,HIGH
S0139,pat,FY26,670.0,INR Cr,INR,SRC02272,audited,HIGH
S0139,total insurance premium,FY26,29934.0,INR Cr,INR,SRC02272,press-quoted-filing,HIGH
S0141,revenue from operations,FY26,528.0,INR Cr (Q1 FY27),INR,SRC02287,press-quoted-filing,HIGH
S0141,net loss (q4 fy26),FY26,161.2,INR Cr,INR,SRC02288,press-quoted-filing,HIGH
S0141,"adjusted ebitda (ex instahelp, fy26)",FY26,106.0,INR Cr,INR,SRC02286,press-quoted-filing,HIGH
S0142,consolidated revenue from operations,FY26,54364.0,INR Cr,INR,SRC02293,audited,HIGH
S0142,consolidated ebitda,FY26,1208.0,INR Cr,INR,SRC02293,audited,HIGH
S0142,consolidated pat,FY26,366.0,INR Cr,INR,SRC02293,audited,HIGH
S0142,b2c nov,FY26,95959.0,INR Cr,INR,SRC02293,press-quoted-filing,HIGH
S0143,revenue,FY25,7.1,INR Cr,INR,SRC02300,press-quoted-filing,MEDIUM
S0143,revenue,FY24,0.018,INR Cr,INR,SRC02300,press-quoted-filing,MEDIUM
S0144,annualized_revenue,FY25,26.5,million,USD,SRC02316,management,MEDIUM
S0144,annualized_revenue,FY25,48.3,million,USD,SRC02306,management,MEDIUM
S0144,annualized_revenue,FY26,85.8,million,USD,SRC02310,management,HIGH
S0144,annualized_revenue,FY25,50.0,crore,INR,SRC02309,estimate,LOW
S0145,operating_revenue,FY25,141.5,crore,INR,SRC02327,press-quoted-filing,
S0145,net_loss,FY25,38.8,crore,INR,SRC02327,press-quoted-filing,
S0145,operating_revenue,FY24,1150000000.0,lakh,INR,SRC02327,press-quoted-filing,HIGH
S0145,net_loss,FY24,485000000.0,lakh,INR,SRC02327,press-quoted-filing,MEDIUM
S0145,operating_revenue,FY25,1415000000.0,lakh,INR,SRC02327,press-quoted-filing,HIGH
S0145,net_loss,FY25,388000000.0,lakh,INR,SRC02327,press-quoted-filing,HIGH
S0145,marketing_expense,FY25,1342000000.0,lakh,INR,SRC02327,press-quoted-filing,HIGH
S0145,total_expenses,FY25,1792000000.0,lakh,INR,SRC02327,press-quoted-filing,HIGH
S0145,employee_benefits,FY25,234000000.0,lakh,INR,SRC02327,press-quoted-filing,HIGH
S0145,content_creation_expense,FY25,104000000.0,lakh,INR,SRC02327,press-quoted-filing,HIGH
S0145,cash_and_bank_balance,FY25,402000000.0,lakh,INR,SRC02327,press-quoted-filing,HIGH
S0145,current_assets,FY25,933000000.0,lakh,INR,SRC02327,press-quoted-filing,HIGH
S0145,total_income,FY25,1435000000.0,lakh,INR,SRC02327,press-quoted-filing,HIGH
S0147,surgeries facilitated value,FY25,150.0,crore,INR,SRC02363,management,
S0148,total_revenue,FY25,10.0,crore,INR,SRC02384,press-quoted-filing,MEDIUM
S0148,annualized_revenue_run_rate,FY26,300.0,crore,INR,SRC02373,management,MEDIUM
S0148,annualized_revenue_run_rate,FY26,400.0,crore,INR,SRC02374,management,MEDIUM
S0153,total_revenue,FY2024,3100000.0,INR,INR,SRC02425,audited,HIGH
S0153,annual_revenue,FY2025,1100000.0,USD,USD,SRC02420,press-quoted-filing,MEDIUM
S0153,arr,FY2026,5800000.0,USD,USD,SRC02420,estimate,MEDIUM
S0153,annual_revenue_usd,FY2025,650119.0,USD,USD,SRC02431,press-quoted-filing,MEDIUM
S0153,revenue_range,FY2025,2000000.0,USD,USD,SRC02438,estimate,MEDIUM
S0154,revenue,FY25 (APR 2024-MAR 2025),9.1,crore,INR,SRC02445,press-quoted-filing,HIGH
S0154,net loss,FY25,22.3,crore,INR,SRC02445,press-quoted-filing,HIGH
S0154,revenue,FY24,2.3,crore,INR,SRC02445,press-quoted-filing,HIGH
S0154,total_revenue,FY25,9.1,crore,INR,SRC02445,press-quoted-filing,HIGH
S0154,net_profit,FY25,-22.3,crore,INR,SRC02445,press-quoted-filing,HIGH
S0154,total_revenue,FY24,2.3,crore,INR,SRC02445,press-quoted-filing,HIGH
S0155,revenue from operations,FY25 (APR 2024-MAR 2025),67.02,crore,INR,SRC02462,audited,HIGH
S0155,total income,FY25,69.14,crore,INR,SRC02462,audited,HIGH
S0155,revenue from operations,FY24,45.89,crore,INR,SRC02462,audited,HIGH
S0156,revenue,FY25 (APR 2024-MAR 2025),13.7,crore,INR,SRC02472,audited,HIGH
S0156,pat (net profit),FY25,3.39,crore,INR,SRC02472,audited,HIGH
S0156,revenue,FY24,14.67,crore,INR,SRC02472,audited,HIGH
S0156,revenue,FY25,16.4,crore,INR,SRC02477,press-quoted-filing,MEDIUM
S0156,total_revenue,FY25,13.7,crore,INR,SRC02472,audited,HIGH
S0156,net_profit,FY25,3.39,crore,INR,SRC02472,audited,HIGH
S0156,total_revenue,FY24,14.67,crore,INR,SRC02472,audited,HIGH
S0156,total_revenue,FY25,16.4,crore,INR,SRC02477,press-quoted-filing,MEDIUM
S0156,total_expenses,FY25,11.8,crore,INR,SRC02477,press-quoted-filing,MEDIUM
S0156,net_profit,FY25,3.4,crore,INR,SRC02477,press-quoted-filing,MEDIUM
S0156,total_assets,FY25,15.6,crore,INR,SRC02477,press-quoted-filing,MEDIUM
S0156,net_profit_margin,FY25,20.7,percent,INR,SRC02477,press-quoted-filing,MEDIUM
S0156,total_revenue,FY24,8.614,crore,INR,SRC02471,audited,MEDIUM
S0157,total_revenue,FY24,63000000.0,rupees,INR,SRC02483,press-quoted-filing,HIGH
S0157,total_revenue,FY25,155000000.0,rupees,INR,SRC02483,press-quoted-filing,HIGH
S0158,operating revenue,FY25 (APR 2024-MAR 2025),404.0,crore,INR,SRC02495,press-quoted-filing,HIGH
S0158,net loss,FY25,135.0,crore,INR,SRC02495,press-quoted-filing,HIGH
S0158,operating revenue,FY24,505.0,crore,INR,SRC02495,press-quoted-filing,HIGH
S0158,net loss,FY24,68.0,crore,INR,SRC02495,press-quoted-filing,HIGH
S0158,total_revenue,FY25,4040000000.0,INR,INR,SRC02495,press-quoted-filing,HIGH
S0158,net_loss,FY25,1350000000.0,INR,INR,SRC02495,press-quoted-filing,HIGH
S0158,ebitda_loss,FY25,1160000000.0,INR,INR,SRC02497,press-quoted-filing,HIGH
S0158,total_revenue,FY24,5050000000.0,INR,INR,SRC02495,press-quoted-filing,HIGH
S0158,net_loss,FY24,680000000.0,INR,INR,SRC02495,press-quoted-filing,HIGH
S0158,ebitda_loss,FY24,485000000.0,INR,INR,SRC02497,press-quoted-filing,HIGH
S0158,total_revenue,FY26,3800000000.0,INR,INR,SRC02498,press-quoted-filing,MEDIUM
S0158,cumulative_losses,FY22-FY26,3750000000.0,INR,INR,SRC02498,press-quoted-filing,MEDIUM
S0158,valuation_report_date,FY25,2026.0,date,,SRC02497,filing,HIGH
S0159,total_revenue,FY25,31.0,million,USD,SRC02518,estimate,MEDIUM
S0159,gmv_processed,FY25,1000.0,million,USD,SRC02508,press-quoted-filing,HIGH
S0161,authorized_share_capital,FY26,100000.0,INR,INR,SRC02533,audited,HIGH
S0161,paid_up_capital,FY26,10000.0,INR,INR,SRC02533,audited,HIGH
S0162,operating_revenue,FY24,119.0,crore,INR,SRC02557,press-quoted-filing,
S0162,operating_revenue,FY22,121800000.0,INR,INR,SRC02558,press-quoted-filing,MEDIUM
S0162,operating_revenue,FY24,1174400000.0,INR,INR,SRC02551,press-quoted-filing,HIGH
S0162,operating_revenue,FY23,532700000.0,INR,INR,SRC02558,press-quoted-filing,MEDIUM
S0162,net_loss,FY23,82100000.0,INR,INR,SRC02558,press-quoted-filing,MEDIUM
S0162,net_loss,FY24,42400000.0,INR,INR,SRC02543,press-quoted-filing,HIGH
S0162,total_income,FY24,1190000000.0,INR,INR,SRC02551,press-quoted-filing,MEDIUM
S0162,operating_revenue,FY25,2301500000.0,INR,INR,SRC02551,press-quoted-filing,HIGH
S0162,total_income,FY25,2400000000.0,INR,INR,SRC02551,press-quoted-filing,HIGH
S0162,net_loss,FY25,101800000.0,INR,INR,SRC02543,press-quoted-filing,HIGH
S0162,total_expenses,FY25,2510000000.0,INR,INR,SRC02551,press-quoted-filing,HIGH
S0162,cost_of_procurement,FY25,1090000000.0,INR,INR,SRC02551,press-quoted-filing,HIGH
S0162,advertising_expense,FY25,460000000.0,INR,INR,SRC02551,press-quoted-filing,HIGH
S0162,employee_expense,FY25,250000000.0,INR,INR,SRC02551,press-quoted-filing,HIGH
S0162,cash_and_bank,FY25,725000000.0,INR,INR,SRC02551,press-quoted-filing,HIGH
S0162,current_assets,FY25,2040000000.0,INR,INR,SRC02551,press-quoted-filing,HIGH
S0162,roce,FY25,-11.61,percent,INR,SRC02551,press-quoted-filing,HIGH
S0162,ebitda_margin,FY25,-6.52,percent,INR,SRC02551,press-quoted-filing,HIGH
S0163,operating_revenue,FY24,2531.0,crore,INR,SRC02562,press-quoted-filing,
S0163,net_loss,FY25,370.0,crore,INR,SRC02563,press-quoted-filing,
S0163,operating_revenue,FY23,2531.0,crore,INR,SRC02562,press-quoted-filing,HIGH
S0163,operating_revenue,FY24,2831.0,crore,INR,SRC02562,press-quoted-filing,HIGH
S0163,net_loss,FY24,200.0,crore,INR,SRC02562,press-quoted-filing,HIGH
S0163,ebitda,FY24,5.0,crore,INR,SRC02562,press-quoted-filing,HIGH
S0163,warehousing_revenue,FY24,48.0,crore,INR,SRC02562,press-quoted-filing,HIGH
S0163,net_loss,FY25,370.0,crore,INR,SRC02563,press-quoted-filing,MEDIUM
S0163,total_revenue,FY25,1000.0,crore,INR,SRC02565,press-quoted-filing,LOW
S0163,total_income,FY24,2940.0,crore,INR,SRC02562,press-quoted-filing,HIGH
S0164,total_revenue,FY25,30.1,crore,INR,SRC02571,press-quoted-filing,MEDIUM
S0164,total_revenue,FY24,6.6,crore,INR,SRC02571,press-quoted-filing,MEDIUM
S0164,net_loss,FY25,11.0,crore,INR,SRC02571,press-quoted-filing,MEDIUM
S0164,net_loss,FY24,5.8,crore,INR,SRC02571,press-quoted-filing,MEDIUM
S0164,annual_revenue_range,FY25,10.0,crore,INR,SRC02576,estimate,LOW
S0165,total_revenue,FY25,40.0,crore,INR,SRC02587,management,MEDIUM
S0167,revenue,FY25,2660000000.0,,INR,SRC02606,press-quoted-filing,
S0167,pat,FY25,431000000.0,,INR,SRC02606,press-quoted-filing,
S0167,total_revenue,FY23,1201.02,million,INR,SRC02607,press-quoted-filing,HIGH
S0167,pat,FY23,44.1,million,INR,SRC02607,press-quoted-filing,HIGH
S0167,ebitda_margin,FY23,42.73,percent,INR,SRC02607,press-quoted-filing,HIGH
S0167,total_revenue,FY24,1927.01,million,INR,SRC02607,press-quoted-filing,HIGH
S0167,pat,FY24,224.12,million,INR,SRC02607,press-quoted-filing,HIGH
S0167,ebitda_margin,FY24,39.92,percent,INR,SRC02607,press-quoted-filing,HIGH
S0167,ebitda,FY24,78.23,crore,INR,SRC02606,press-quoted-filing,HIGH
S0167,total_revenue,FY25,2659.59,million,INR,SRC02607,press-quoted-filing,HIGH
S0167,pat,FY25,431.06,million,INR,SRC02607,press-quoted-filing,HIGH
S0167,ebitda,FY25,118.41,crore,INR,SRC02606,press-quoted-filing,HIGH
S0167,ebitda_margin,FY25,43.55,percent,INR,SRC02607,press-quoted-filing,HIGH
S0167,roce,FY25,25.1,percent,INR,SRC02606,press-quoted-filing,HIGH
S0167,total_revenue,H1-FY26,1766.1,million,INR,SRC02608,press-quoted-filing,HIGH
S0167,pat,H1-FY26,613.8,million,INR,SRC02608,press-quoted-filing,HIGH
S0167,total_revenue,FY26,3870.0,million,INR,SRC02609,press-quoted-filing,MEDIUM
S0167,pat,FY26,1043.0,million,INR,SRC02609,press-quoted-filing,MEDIUM
S0168,adjusted ebitda,Q4 FY26,370000000.0,,INR,SRC02615,management,
S0168,revenue (reported 674% yoy on inventory-model transition),Q4 FY26,132320000000.0,,INR,SRC02616,management,
S0169,total income,FY26,804.93,INR Cr,INR,SRC02621,press-quoted-filing,HIGH
S0169,total income,FY25,569.78,INR Cr,INR,SRC02621,press-quoted-filing,HIGH
S0169,profit after tax,FY26,40.46,INR Cr,INR,SRC02621,press-quoted-filing,HIGH
S0169,ebitda,FY26,692.18,INR Cr,INR,SRC02621,press-quoted-filing,HIGH
S0169,total borrowings,FY26,12920.54,INR Cr,INR,SRC02621,press-quoted-filing,HIGH
S0171,revenue,FY25,15226.76,INR Cr,INR,SRC02632,press-quoted-filing,HIGH
S0171,revenue,FY24,11247.39,INR Cr,INR,SRC02632,press-quoted-filing,HIGH
S0171,revenue,FY23,8264.6,INR Cr,INR,SRC02632,press-quoted-filing,HIGH
S0171,revenue,FY22,5704.9,INR Cr,INR,SRC02632,press-quoted-filing,HIGH
S0171,net loss,FY25,3114.23,INR Cr,INR,SRC02632,press-quoted-filing,HIGH
S0171,net loss,FY24,2343.63,INR Cr,INR,SRC02632,press-quoted-filing,HIGH
S0171,instamart loss,FY26,3835.0,INR Cr,INR,SRC02632,press-quoted-filing,HIGH
S0171,platform business profit (ex-instamart),FY26,416.0,INR Cr,INR,SRC02632,press-quoted-filing,HIGH
S0171,consolidated net loss,Q2 FY26,1092.0,INR Cr,INR,SRC02632,press-quoted-filing,HIGH
S0172,operating revenue,FY25,123.0,INR Cr,INR,SRC02638,press-quoted-filing,HIGH
S0172,profit,FY25,4.3,INR Cr,INR,SRC02638,press-quoted-filing,HIGH
S0172,revenue growth,FY25,23.0,% YoY,INR,SRC02638,press-quoted-filing,HIGH
S0174,paid-up capital,FY25,312300.0,INR,INR,SRC02651,audited,HIGH
S0174,total funding raised,FY26,9000000.0,USD,USD,SRC02657,press-quoted-filing,HIGH
S0175,revenue,FY25,10.6,Cr INR,INR,SRC02664,press-quoted-filing,HIGH
S0175,net loss,FY25,983000.0,INR,INR,SRC02664,press-quoted-filing,HIGH
S0175,total funding raised,FY25,6150000.0,USD,USD,SRC02662,press-quoted-filing,HIGH
S0176,operating revenue range,FY24,1.0,crore,INR,SRC02667,press-quoted-filing,MEDIUM
S0176,authorized share capital,FY24,5260400000.0,INR,INR,SRC02673,audited,HIGH
S0176,paid-up capital,FY24,5111000000.0,INR,INR,SRC02673,audited,HIGH
S0177,consolidated revenue,FY26,7345.99,Mn INR,INR,SRC02676,audited,HIGH
S0177,profit after tax,FY26,523.88,Mn INR,INR,SRC02676,audited,HIGH
S0177,consolidated revenue,FY25,5982.59,Mn INR,INR,SRC02676,audited,HIGH
S0177,arr,FY26,765.0,Cr INR,INR,SRC02676,management,HIGH
S0177,revenue guidance,FY27,1065.0,Cr INR,INR,SRC02681,management,HIGH
S0185,revenue_target,FY26E,120.0,crore,INR,SRC02737,management,MEDIUM
S0185,total_revenue,FY25,17.96,crore,INR,SRC02729,press-quoted-filing,MEDIUM
S0185,annualized_revenue_run_rate,FY26E,200.0,crore,INR,SRC02728,management,MEDIUM
S0185,revenue_target,FY26E,120.0,crore,INR,SRC02737,management,LOW
S0188,revenue,FY26,8500.0,crore,INR,SRC02749,press-quoted-filing,MEDIUM
S0188,net profit,FY26,4300.0,crore,INR,SRC02749,press-quoted-filing,MEDIUM
S0196,manufacturing capacity,FY25,15.2,GW,USD,SRC02790,press-quoted-filing,MEDIUM
S0197,total_revenue,FY25,3.83,crore,INR,SRC02797,press-quoted-filing,HIGH
S0197,net_profit,FY25,-64.2,crore,INR,SRC02797,press-quoted-filing,HIGH
S0197,total_income,FY25,9.6,crore,INR,SRC02797,press-quoted-filing,HIGH
S0197,total_expenses,FY25,73.8,crore,INR,SRC02797,press-quoted-filing,HIGH
S0197,total_revenue,FY24,3.6,crore,INR,SRC02797,press-quoted-filing,HIGH
S0197,net_profit,FY24,-24.8,crore,INR,SRC02797,press-quoted-filing,HIGH
S0200,revenue,FY25,285.0,INR,INR,SRC02828,press-quoted-filing,HIGH
S0200,net_loss,FY25,33.37,INR,INR,SRC02828,press-quoted-filing,HIGH
S0200,net_profit,FY26,0.72,INR,INR,SRC02826,press-quoted-filing,HIGH
S0202,revenue_from_operations,FY23,128.0,INR,INR,SRC02844,press-quoted-filing,HIGH
S0202,revenue_from_operations,FY24,166.0,INR,INR,SRC02844,press-quoted-filing,HIGH
S0202,revenue,FY25,174.0,INR,INR,SRC02841,press-quoted-filing,HIGH
S0202,revenue,FY26,275.0,INR,INR,SRC02845,management,MEDIUM
S0209,revenue,FY25,1000.0,INR Cr,INR,SRC02875,press-quoted-filing,MEDIUM
S0209,aum,FY23,5357.0,crore,INR,SRC02877,management,MEDIUM
S0209,gross_npa,FY23,3.0,percent,INR,SRC02877,management,MEDIUM
S0209,net_npa,FY23,0.25,percent,INR,SRC02877,management,MEDIUM
S0209,total_revenue,FY25,1000.0,crore,INR,SRC02875,press-quoted-filing,MEDIUM
S0209,aum,FY25,6308.0,crore,INR,SRC02874,DRHP,HIGH
S0210,revenue from operations,FY26,3671.76,INR Cr,INR,SRC02892,audited,HIGH
S0210,net loss,FY26,517.0,INR Cr,INR,SRC02897,audited,HIGH
S0211,total_revenue,FY25,994667.64,USD,USD,SRC02910,estimate,LOW
S0211,aum,FY25,23000.0,crore,INR,SRC02903,press-quoted-filing,MEDIUM
S0211,aum,FY25,3000000000.0,USD,USD,SRC02904,press-quoted-filing,MEDIUM
S0211,assets_under_advice,FY25,5000000000.0,USD,USD,SRC02912,press-quoted-filing,MEDIUM
S0212,revenue growth,Q1 FY27,34.0,% YoY,INR,SRC02920,press-quoted-filing,MEDIUM
S0213,total_revenue,FY25,2130000.0,INR,INR,SRC02927,press-quoted-filing,MEDIUM
S0213,employee_expense,FY25,285000.0,INR,INR,SRC02937,press-quoted-filing,LOW
S0215,assets_under_management,FY26,100.0,crore,INR,SRC02956,company_reported,MEDIUM
S0215,vehicle_count,FY26,1000.0,vehicles,,SRC02956,company_reported,MEDIUM
S0215,revenue_growth_rate,FY26,70.0,percent,,SRC02956,company_reported,MEDIUM
S0226,total_revenue,FY24,7300000.0,crore,INR,SRC03022,press-quoted-filing,HIGH
S0226,total_revenue,FY25,29100000.0,crore,INR,SRC03022,press-quoted-filing,HIGH
S0226,other_income,FY25,2700000.0,crore,INR,SRC03022,press-quoted-filing,HIGH
S0226,total_expenses,FY25,36100000.0,crore,INR,SRC03022,press-quoted-filing,HIGH
S0227,revenue,FY25,65.48,billion,INR,SRC03031,press-quoted,MEDIUM
S0228,net_profit,FY22,52.22,crore,INR,SRC03038,press-quoted-filing,MEDIUM
S0228,net_profit,FY23,30.45,crore,INR,SRC03038,press-quoted-filing,MEDIUM
S0228,revenue_growth,FY23,46.3,percent,INR,SRC03038,press-quoted-filing,MEDIUM
S0228,total_revenue,FY24,430.55,crore,INR,SRC03038,press-quoted-filing,MEDIUM
S0228,net_profit,FY24,30.41,crore,INR,SRC03038,press-quoted-filing,MEDIUM
S0228,total_revenue,FY25,523.1,crore,INR,SRC03042,estimate,MEDIUM
S0228,revenue_growth,FY25,17.91,percent,INR,SRC03042,estimate,MEDIUM
S0237,revenue,FY20,88.12,lakh,INR,SRC00693,press-quoted-filing,MEDIUM
S0238,operating revenue,FY24,747.0,crore,INR,SRC03102,press-quoted-filing,HIGH
S0238,operating_revenue,FY24,747.0,crore,INR,SRC03102,press-quoted-filing,HIGH
S0238,operating_revenue,FY25,853.0,crore,INR,SRC03107,press-quoted-filing,HIGH
S0238,total_income,FY25,864.0,crore,INR,SRC03107,press-quoted-filing,HIGH
S0238,net_loss,FY25,143.5,crore,INR,SRC03107,press-quoted-filing,HIGH
S0238,total_expenses,FY25,1008.0,crore,INR,SRC03107,press-quoted-filing,HIGH
S0238,net_loss,FY24,327.0,crore,INR,SRC03107,press-quoted-filing,HIGH
S0238,operating_revenue,FY22,260.0,crore,INR,SRC03109,press-quoted-filing,MEDIUM
S0238,revenue,FY24,762.0,crore,INR,SRC03126,press-quoted-filing,MEDIUM
S0241,revenue,FY25,447.0,crore,INR,SRC03163,press-quoted-filing,MEDIUM
S0241,net_profit,FY23,7.58,crore,INR,SRC03158,press-quoted-filing,MEDIUM
S0241,net_revenue,FY24,360.0,crore,INR,SRC03158,press-quoted-filing,MEDIUM
S0241,net_profit,FY24,17.0,crore,INR,SRC03158,press-quoted-filing,MEDIUM
S0241,net_revenue,FY25,450.0,crore,INR,SRC03150,press-quoted-filing,HIGH
S0241,net_profit,FY25,340.0,million,INR,SRC03150,press-quoted-filing,HIGH
S0241,total_revenue,FY25,447.0,crore,INR,SRC03163,press-quoted-filing,MEDIUM
S0241,net_revenue,H1-FY26,300.0,crore,INR,SRC03156,press-quoted-filing,HIGH
S0241,net_profit,H1-FY26,31.5,crore,INR,SRC03156,press-quoted-filing,HIGH
S0241,aum,FY24,506.0,crore,INR,SRC03159,DRHP,HIGH
S0241,cumulative_disbursement,FY24,1400.0,crore,INR,SRC03159,DRHP,HIGH
S0241,nbfc_disbursement,FY25,2000.0,crore,INR,SRC03153,press-quoted-filing,HIGH
S0241,total_facilitated_financing,FY25,12000.0,crore,INR,SRC03153,press-quoted-filing,HIGH
S0242,revenue,FY25,10.0,crore,INR,SRC00088,press-quoted-filing,LOW
S0246,total_revenue,FY25,100000.0,lakh,INR,SRC03185,press-quoted-filing,MEDIUM
S0248,total_revenue,FY25,100.0,INR,INR,SRC03202,audited,LOW
S0248,total_revenue,FY24-25,40.0,crore,INR,SRC03200,press-quoted-filing,MEDIUM
S0248,total_revenue,FY25,1.18,million,USD,SRC03206,estimate,LOW
S0255,total_revenue,FY25,123.4,crore,INR,SRC03234,press-quoted-filing,HIGH
S0255,total_expenses,FY25,214.0,crore,INR,SRC03234,press-quoted-filing,MEDIUM
S0255,net_profit,FY25,-77.8,crore,INR,SRC03234,press-quoted-filing,HIGH
S0255,total_revenue,FY24,93.84,crore,INR,SRC03242,press-quoted-filing,HIGH
S0255,net_profit,FY24,-143.47,crore,INR,SRC03242,press-quoted-filing,HIGH
S0256,total_revenue,FY25,35.0,crore,INR,SRC03265,press-quoted-filing,MEDIUM
S0256,total_revenue,FY24,13.3,million,USD,SRC03271,estimate,LOW
S0256,total_revenue,FY25,21.1,million,USD,SRC03271,estimate,LOW
S0258,revenue_from_operations,FY25,1930.0,,INR,,press-quoted-filing,HIGH
S0258,revenue_from_operations,FY24,1261.0,,INR,,press-quoted-filing,HIGH
S0258,revenue_from_operations,FY23,1457.0,,INR,,press-quoted-filing,HIGH
S0258,total_disclosed_funding,FY25,1906.0,,USD,,T3 database,MEDIUM
S0258,total_revenue,FY25,2071.0,,INR,,press-quoted-filing,HIGH
S0258,total_revenue,FY24,1261.0,,INR,,press-quoted-filing,HIGH
S0258,revenue_from_operations,FY22,964.7,,INR,,press-quoted-filing,HIGH
S0258,revenue_from_operations,FY25,1930.0,crore,INR,SRC03295,audited,HIGH
S0258,total_revenue,FY25,2071.0,crore,INR,SRC03296,audited,HIGH
S0258,advertising_revenue,FY25,1548.0,crore,INR,SRC03296,audited,HIGH
S0258,subscription_revenue,FY25,190.0,crore,INR,SRC03296,audited,HIGH
S0258,virtual_assets_revenue,FY25,161.0,crore,INR,SRC03296,audited,HIGH
S0258,revenue_from_operations,FY24,1029.0,crore,INR,SRC03298,audited,HIGH
S0258,total_revenue,FY24,1261.0,crore,INR,SRC03296,press-quoted-filing,HIGH
S0258,total_expenses,FY24,2148.5,crore,INR,SRC03296,audited,HIGH
S0258,revenue_from_operations,FY23,1046.8,crore,INR,SRC03304,audited,HIGH
S0258,net_loss,FY23,-1878.4,crore,INR,SRC03304,audited,HIGH
S0258,revenue_from_operations,FY22,964.7,crore,INR,SRC03293,press-quoted-filing,HIGH
S0278,total_revenue,FY23,97.0,crore,INR,SRC03377,press-quoted-filing,HIGH
S0278,total_revenue,FY24,428.0,crore,INR,SRC03376,press-quoted-filing,HIGH
S0278,total_revenue,FY25,469.0,crore,INR,SRC03376,press-quoted-filing,HIGH
S0278,net_profit,FY25,72.8,crore,INR,SRC03376,press-quoted-filing,HIGH
S0278,net_profit_margin,FY25,15.5,percent,INR,SRC03377,press-quoted-filing,HIGH
S0278,total_revenue,FY26,367.9,crore,INR,SRC03389,press-quoted-filing,MEDIUM
S0278,net_profit,FY26,362.6,crore,INR,SRC03390,press-quoted-filing,MEDIUM
S0278,operating_revenue,FY26,299.9,crore,INR,SRC03390,press-quoted-filing,MEDIUM
S0278,domestic_sales,FY26,337.4,crore,INR,SRC03390,press-quoted-filing,MEDIUM
S0278,export_sales,FY26,20.2,crore,INR,SRC03390,press-quoted-filing,MEDIUM
S0280,revenue_range,FY25,5768.0,crore,INR,SRC02014,press-quoted-filing,MEDIUM
S0280,net_profit,FY25,8284.0,crore,INR,SRC02014,press-quoted-filing,LOW
S0283,total_revenue,FY25,1103.0,crore,INR,SRC03422,press-quoted-filing,HIGH
S0283,ebitda,FY25,660.0,crore,INR,SRC03422,press-quoted-filing,HIGH
S0283,pat,FY25,7.7,crore,INR,SRC03422,press-quoted-filing,HIGH
S0283,total_revenue,FY26,1469.0,crore,INR,SRC03420,press-quoted-filing,HIGH
S0283,pat,FY26,125.0,crore,INR,SRC03420,press-quoted-filing,HIGH
S0283,operating_cash_flow,FY26,304.0,crore,INR,SRC03420,press-quoted-filing,HIGH
S0283,total_revenue,FY24,867.6,crore,INR,SRC03425,press-quoted-filing,HIGH
S0283,net_loss,FY24,341.5,crore,INR,SRC03424,press-quoted-filing,HIGH
S0283,employee_expense,FY26,93.0,crore,INR,SRC03420,press-quoted-filing,HIGH
S0284,revenue from operations,FY25,1374.0,crore,INR,SRC03441,press-quoted-filing,HIGH
S0284,net loss,FY25,63.18,crore,INR,SRC03441,press-quoted-filing,HIGH
S0284,revenue,FY26 Q4,5462.0,million,INR,SRC03436,press-quoted-filing,HIGH
S0285,revenue growth cagr,FY25,75.0,%,INR,SRC03447,press-quoted-filing,HIGH
S0287,operating revenue,FY25,4656.1,crore,INR,SRC03455,press-quoted-filing,HIGH
S0287,net loss,FY25,423.8,crore,INR,SRC03456,press-quoted-filing,HIGH
S0287,revenue (estimated),FY26,6000.0,crore,INR,SRC03455,estimate,MEDIUM
S0288,revenue,FY25,1.9,crore,INR,SRC03463,press-quoted-filing,MEDIUM
S0288,profit after tax,FY25,1.6,lakh,INR,SRC03463,press-quoted-filing,MEDIUM
S0290,annualized_revenue_run_rate,FY26,2000000.0,USD,USD,SRC03472,company_reported,HIGH
S0290,registered_users,FY26,1700000.0,users,,SRC03472,company_reported,HIGH
S0290,token_usage_90d,FY26,1000000000000.0,tokens,,SRC03472,company_reported,MEDIUM
S0292,operating revenue,FY25,188.5,crore,INR,SRC03495,press-quoted-filing,HIGH
S0292,net profit,FY25,7.8,crore,INR,SRC03495,press-quoted-filing,HIGH
S0292,net loss,FY24,8.8,crore,INR,SRC03495,press-quoted-filing,HIGH
S0296,total_revenue,FY23,27.0,crore,INR,SRC03512,press-quoted-filing,MEDIUM
S0296,total_revenue,FY24,62.8,crore,INR,SRC03517,press-quoted-filing,MEDIUM
S0296,total_revenue,FY25,115.0,crore,INR,SRC03517,press-quoted-filing,MEDIUM
S0296,net_profit,FY25,-7.7,crore,INR,SRC03517,press-quoted-filing,MEDIUM
S0296,total_revenue,FY26,177.0,crore,INR,SRC03514,press-quoted-filing,MEDIUM
S0296,total_assets,FY25,131.6,crore,INR,SRC03517,press-quoted-filing,MEDIUM
S0296,total_expenses,FY25,122.8,crore,INR,SRC03517,press-quoted-filing,MEDIUM
S0303,revenue,FY26,300.0,crore INR,INR,SRC03549,management,LOW
S0303,revenue,FY22,142.0,crore INR,INR,SRC03549,management,LOW
S0305,revenue,FY25,1.08,crore,INR,SRC03561,press-quoted-filing,MEDIUM
S0306,revenue,FY25,47.5,INR Cr,INR,SRC03565,press-quoted-filing,MEDIUM
S0309,total_revenue,FY25,10.0,crore,INR,SRC03586,estimate,LOW
S0310,loss,FY25,543.0,crore,INR,SRC03593,press-quoted-filing,HIGH
S0310,total_revenue,FY24,6917.0,crore,INR,SRC03598,press-quoted-filing,HIGH
S0310,total_revenue,FY25,6233.0,crore,INR,SRC03593,press-quoted-filing,HIGH
S0310,adjusted_net_revenue,FY26_H1,651.0,crore,INR,SRC03596,management,HIGH
S0310,adjusted_net_revenue,FY26_H2,760.0,crore,INR,SRC03614,management,HIGH
S0310,adjusted_net_revenue,FY26,1411.0,crore,INR,SRC03597,management,HIGH
S0310,adjusted_ebitda_profit,FY26_Q4,20.0,crore,INR,SRC03600,management,HIGH
S0315,net profit,FY25,26.1,crore,INR,SRC03640,press-quoted-filing,HIGH
S0316,total_revenue,FY24,170.0,crore,INR,SRC03648,press-quoted-filing,HIGH
S0316,net_profit,FY24,2.21,crore,INR,SRC03648,press-quoted-filing,HIGH
S0316,annual_run_rate,FY25,30.0,million,USD,SRC03648,management,MEDIUM
S0316,reserves,FY24,49.8,crore,INR,SRC03647,audited,MEDIUM
S0316,trade_payables,FY24,19.1,crore,INR,SRC03647,audited,MEDIUM
S0320,total_revenue,FY25,10.0,crore,INR,SRC03676,press-quoted-filing,MEDIUM
S0322,total_revenue,FY24,743.6,crore,INR,SRC03700,audited,HIGH
S0322,net_profit,FY24,85.71,crore,INR,SRC03700,audited,HIGH
S0322,net_profit,FY23,-51.59,crore,INR,SRC03700,audited,HIGH
S0322,total_revenue,FY25,1290.0,crore,INR,SRC03701,press-quoted-filing,HIGH
S0322,net_profit,FY25,-47.5,crore,INR,SRC03701,press-quoted-filing,HIGH
S0322,ebitda,FY25,-31.9,crore,INR,SRC03701,press-quoted-filing,HIGH
S0322,total_expenditure,FY25,1352.0,crore,INR,SRC03701,press-quoted-filing,HIGH
S0322,employee_expense,FY25,153.7,crore,INR,SRC03701,press-quoted-filing,HIGH
S0322,advertisement_expense,FY25,258.8,crore,INR,SRC03701,press-quoted-filing,HIGH
S0322,point_of_sales_charges,FY25,836.8,crore,INR,SRC03701,press-quoted-filing,HIGH
S0322,annual_premium_run_rate,FY24,3300.0,crore,INR,SRC03702,management,MEDIUM
S0367,total_revenue,FY23,832.0,crore,INR,SRC03936,press-quoted-filing,HIGH
S0367,total_revenue,FY24,1123.0,crore,INR,SRC03936,press-quoted-filing,HIGH
S0367,net_profit,FY24,146.0,crore,INR,SRC03936,press-quoted-filing,HIGH
S0368,funding raised,FY2024,119764.0,USD,USD,SRC03947,press-quoted-filing,HIGH
S0001,funding_Series D,2025-04-07,5142.0,INR Mn,INR,SRC00001,DERIVED,HIGH
S0001,funding_Series D follow-on,2026-01-23,4350.0,INR Mn,INR,SRC00002,DERIVED,HIGH
S0001,funding_Series C,2021-12-15,4470.0,INR Mn,INR,SRC00013,DERIVED,HIGH
S0002,funding_Series E,2026-04-08,24360.0,INR Mn,INR,SRC00031,DERIVED,HIGH
S0002,funding_Series D extension,2023-01-01,16560.0,INR Mn,INR,SRC00032,DERIVED,MEDIUM
S0002,funding_Series D extension,2024-03-27,786.78,INR Mn,INR,SRC00041,DERIVED,MEDIUM
S0002,funding_Series D,2023-01-06,16560.0,INR Mn,INR,SRC00032,DERIVED,MEDIUM
S0002,funding_Series C (tranche 2),2021-03-22,5215.0,INR Mn,INR,SRC00042,DERIVED,HIGH
S0002,funding_Series C (tranche 1),2021-02-15,5587.5,INR Mn,INR,SRC00043,DERIVED,HIGH
S0003,funding_growth/secondary mix,2023-01-01,8280.0,INR Mn,INR,SRC00080,DERIVED,HIGH
S0003,funding_secondary,2026-01-22,37410.0,INR Mn,INR,SRC00073,DERIVED,HIGH
S0003,funding_growth/secondary,2023-01-15,28980.0,INR Mn,INR,SRC00074,DERIVED,MEDIUM
S0004,funding_Series F,2021-12-20,27937.5,INR Mn,INR,SRC00099,DERIVED,HIGH
S0004,funding_Series E,2021-04-18,11920.0,INR Mn,INR,SRC00093,DERIVED,HIGH
S0004,funding_Series D,2020-10-12,7400.0,INR Mn,INR,SRC00093,DERIVED,HIGH
S0004,funding_Series C,2019-06-18,6450.0,INR Mn,INR,SRC00093,DERIVED,MEDIUM
S0005,funding_pre-IPO,2025-10-16,38565.0,INR Mn,INR,SRC00104,DERIVED,HIGH
S0005,funding_pre-IPO placement,2026-08-01,9135.0,INR Mn,INR,SRC00108,DERIVED,LOW
S0005,funding_Series A,2022-01-01,4710.0,INR Mn,INR,SRC00110,DERIVED,MEDIUM
S0005,funding_Series B,2022-11-01,7850.0,INR Mn,INR,SRC00110,DERIVED,MEDIUM
S0005,funding_Series C,2023-08-01,16560.0,INR Mn,INR,SRC00104,DERIVED,MEDIUM
S0005,funding_Series D,2024-06-01,55660.5,INR Mn,INR,SRC00110,DERIVED,HIGH
S0005,funding_Series E,2024-08-01,28458.0,INR Mn,INR,SRC00110,DERIVED,MEDIUM
S0005,funding_Series F,2024-11-01,29295.0,INR Mn,INR,SRC00110,DERIVED,MEDIUM
S0006,funding_Seed,2024-04-10,1674.0,INR Mn,INR,SRC00117,DERIVED,HIGH
S0006,funding_Series A,2024-10-22,2511.0,INR Mn,INR,SRC00118,DERIVED,HIGH
S0006,funding_Growth equity,2026-02-16,52200.0,INR Mn,INR,SRC00115,DERIVED,HIGH
S0006,funding_Growth equity (planned debt),2026-02-16,52200.0,INR Mn,INR,SRC00114,DERIVED,MEDIUM
S0007,funding_Series F-II,2022-11-01,7850.0,INR Mn,INR,SRC00136,DERIVED,HIGH
S0007,funding_IPO,2026-01-21,16969.35,INR Mn,INR,SRC00137,DERIVED,HIGH
S0008,funding_Series E (reported Oct 2021),2021-10-01,18699.5,INR Mn,INR,SRC00145,DERIVED,MEDIUM
S0008,funding_Series F,2022-06-09,10990.0,INR Mn,INR,SRC00146,DERIVED,HIGH
S0009,funding_Series D,2022-01-25,5652.0,INR Mn,INR,SRC00162,DERIVED,HIGH
S0009,funding_growth,2025-03-05,11998.0,INR Mn,INR,SRC00154,DERIVED,HIGH
S0009,funding_growth,2025-08-14,3428.0,INR Mn,INR,SRC00156,DERIVED,HIGH
S0010,funding_Seed,2024-01-01,585.9,INR Mn,INR,SRC00168,DERIVED,MEDIUM
S0010,funding_Series A,2025-09-01,1971.1,INR Mn,INR,SRC00170,DERIVED,HIGH
S0010,funding_Series B,2026-01-01,6090.0,INR Mn,INR,SRC00167,DERIVED,HIGH
S0010,funding_Series C,2026-07-15,11310.0,INR Mn,INR,SRC00167,DERIVED,HIGH
S0011,funding_Series A,2019-01-23,533.2,INR Mn,INR,SRC00180,DERIVED,HIGH
S0011,funding_Series D,2021-04-07,6183.5,INR Mn,INR,SRC00179,DERIVED,HIGH
S0011,funding_Series E,2021-10-24,18699.5,INR Mn,INR,SRC00178,DERIVED,HIGH
S0011,funding_Series F,2025-06-13,17337.11,INR Mn,INR,SRC00176,DERIVED,HIGH
S0011,funding_IPO,2025-11-04,6632.3,INR Mn,INR,SRC00175,DERIVED,HIGH
S0012,funding_Series F,2021-04-08,7450.0,INR Mn,INR,SRC00230,DERIVED,HIGH
S0012,funding_Series F extension,2021-07-28,17880.0,INR Mn,INR,SRC00220,DERIVED,HIGH
S0012,"funding_Series F extension (equity+debt, unpriced)",2025-07-22,5142.0,INR Mn,INR,SRC00217,DERIVED,HIGH
S0013,funding_Debt,2023-10-01,1987.2,INR Mn,INR,SRC00242,DERIVED,MEDIUM
S0013,funding_Series B (first equity round),2024-01-26,4185.0,INR Mn,INR,SRC00239,DERIVED,HIGH
S0013,funding_Founder commitment,2025-02-04,19711.0,INR Mn,INR,SRC00240,DERIVED,HIGH
S0014,funding_Seed (disclosed within $41M announcement),2023-12-07,993.6,INR Mn,INR,SRC00273,DERIVED,HIGH
S0014,funding_Series A ($41M total incl. seed),2023-12-07,2401.2,INR Mn,INR,SRC00264,DERIVED,HIGH
S0014,funding_Series B first close (of $300M),2026-06-15,20358.0,INR Mn,INR,SRC00262,DERIVED,HIGH
S0014,funding_Series B second tranche,2026-08-04,6525.0,INR Mn,INR,SRC00265,DERIVED,MEDIUM
S0015,funding_Series B,2021-11-28,16390.0,INR Mn,INR,SRC00282,DERIVED,HIGH
S0015,funding_Insider equity (partly paid shares),2024-10-17,713.96,INR Mn,INR,SRC00279,DERIVED,HIGH
S0015,funding_Later-stage (negotiations),2026-04-23,8700.0,INR Mn,INR,SRC00276,DERIVED,MEDIUM
S0015,funding_Later-stage,2026-09-03,8700.0,INR Mn,INR,SRC00278,DERIVED,MEDIUM
S0016,funding_Equity,2021-08-01,13782.5,INR Mn,INR,SRC00292,DERIVED,MEDIUM
S0016,funding_Equity,2024-10-01,5022.0,INR Mn,INR,SRC00292,DERIVED,MEDIUM
S0016,funding_Equity,2026-09-01,17922.0,INR Mn,INR,SRC00288,DERIVED,HIGH
S0017,funding_Series A,2018-01-01,4300.0,INR Mn,INR,SRC00347,DERIVED,HIGH
S0017,funding_Series B,2021-06-16,14900.0,INR Mn,INR,SRC00332,DERIVED,HIGH
S0020,funding_Series B,2025-10-31,10712.5,INR Mn,INR,SRC00407,DERIVED,HIGH
S0020,funding_debt+equity (unlettered),2024-12-12,1506.6,INR Mn,INR,SRC00409,DERIVED,MEDIUM
S0020,funding_debt+equity (unlettered),2022-10-17,1648.5,INR Mn,INR,SRC00410,DERIVED,MEDIUM
S0021,funding_Series B,2019-09-24,2150.0,INR Mn,INR,SRC00428,DERIVED,HIGH
S0022,funding_Series G,2025-02-17,6427.5,INR Mn,INR,SRC00443,DERIVED,HIGH
S0022,funding_Series G,2025-06-02,9769.8,INR Mn,INR,SRC00444,DERIVED,HIGH
S0022,funding_Series H / structured,2026-07-14,13920.0,INR Mn,INR,SRC00445,DERIVED,HIGH
S0023,funding_Series D,2021-10-28,18997.5,INR Mn,INR,SRC00457,DERIVED,HIGH ESTIMATED
S0023,funding_Series D,2020-09-14,4440.0,INR Mn,INR,SRC00460,DERIVED,MEDIUM
S0023,funding_Series C,2019-03-12,5590.0,INR Mn,INR,SRC00460,DERIVED,MEDIUM
S0023,funding_Series B,2018-05-26,1032.0,INR Mn,INR,SRC00460,DERIVED,MEDIUM
S0023,funding_Seed,2017-05-22,2580.0,INR Mn,INR,SRC00460,DERIVED,MEDIUM
S0024,funding_Series A,2021-01-13,1117.5,INR Mn,INR,SRC00483,DERIVED,HIGH
S0024,funding_Series B,2021-04-22,1862.5,INR Mn,INR,SRC00473,DERIVED,HIGH
S0024,funding_Series C,2021-10-06,19370.0,INR Mn,INR,SRC00472,DERIVED,HIGH
S0025,funding_Series A,2016-07-04,1290.0,INR Mn,INR,SRC00506,DERIVED,MEDIUM
S0025,funding_Series E,2021-06-07,5587.5,INR Mn,INR,SRC00492,DERIVED,HIGH
S0025,funding_Series F,2021-12-03,10802.5,INR Mn,INR,SRC00491,DERIVED,HIGH
S0025,funding_Series G,2026-03-17,4141.2,INR Mn,INR,SRC00507,DERIVED,MEDIUM
S0026,funding_Series A,2021-05-24,1043.0,INR Mn,INR,SRC00516,DERIVED,HIGH
S0027,funding_Seed,2017-08-02,137.6,INR Mn,INR,SRC00533,DERIVED,MEDIUM
S0027,funding_Series A,2020-02-26,732.6,INR Mn,INR,SRC00533,DERIVED,HIGH
S0027,funding_Series B,2020-09-08,1850.0,INR Mn,INR,SRC00532,DERIVED,HIGH
S0027,funding_Series C,2022-02-22,7850.0,INR Mn,INR,SRC00531,DERIVED,HIGH
S0028,funding_Series E,2019-07-17,9890.0,INR Mn,INR,SRC00547,DERIVED,HIGH
S0028,funding_Series F,2021-03-11,5960.0,INR Mn,INR,SRC00553,DERIVED,HIGH
S0028,funding_Series F/G (label conflicts),2025-03-19,4285.0,INR Mn,INR,SRC00547,DERIVED,HIGH
S0029,funding_Series A,2019-05-17,258.0,INR Mn,INR,SRC00561,DERIVED,MEDIUM
S0029,funding_Series B,2020-12-14,2412.4,INR Mn,INR,SRC00576,DERIVED,HIGH
S0029,funding_Series B extension,2021-08-05,931.25,INR Mn,INR,SRC00576,DERIVED,MEDIUM
S0029,funding_Series C,2022-06-21,12010.5,INR Mn,INR,SRC00558,DERIVED,HIGH
S0030,funding_Series F (tranche 1),2025-11-05,8570.0,INR Mn,INR,SRC00582,DERIVED,HIGH
S0030,funding_Series F (follow-on),2025-12-17,15426.0,INR Mn,INR,SRC00580,DERIVED,HIGH
S0030,funding_Series E,2022-06-01,6044.5,INR Mn,INR,SRC00581,DERIVED,HIGH
S0031,funding_Series E,2022-12-26,5887.5,INR Mn,INR,SRC00589,DERIVED,HIGH
S0031,funding_Series E-II,2024-09-12,389.21,INR Mn,INR,SRC00596,DERIVED,MEDIUM
S0031,funding_Debt (conventional),2025-11-27,976.98,INR Mn,INR,SRC00596,DERIVED,MEDIUM
S0032,funding_Series A / growth,2008-09-25,2580.0,INR Mn,INR,SRC00598,DERIVED,HIGH
S0032,funding_Growth,2011-04-01,2150.0,INR Mn,INR,SRC00598,DERIVED,HIGH
S0032,funding_Growth,2011-12-28,9288.0,INR Mn,INR,SRC00598,DERIVED,HIGH
S0032,funding_Corporate minority,2013-02-20,3870.0,INR Mn,INR,SRC00598,DERIVED,HIGH
S0032,funding_Unattributed,2024-05-06,168.24,INR Mn,INR,SRC00600,DERIVED,MEDIUM
S0032,funding_Series B,2011-04-01,2150.0,INR Mn,INR,SRC00598,DERIVED,HIGH
S0032,funding_Series C / D,2011-12-28,9288.0,INR Mn,INR,SRC00598,DERIVED,HIGH
S0033,funding_Series A,2016-07-15,1558.32,INR Mn,INR,SRC00607,DERIVED,MEDIUM
S0033,funding_Series B,2018-09-27,1806.0,INR Mn,INR,SRC00607,DERIVED,MEDIUM
S0033,funding_Series C,2021-07-15,11175.0,INR Mn,INR,SRC00607,DERIVED,HIGH
S0033,funding_Debt/mezzanine,2022-01-01,5102.5,INR Mn,INR,SRC00607,DERIVED,MEDIUM
S0033,funding_Series D,2025-01-16,7713.0,INR Mn,INR,SRC00605,DERIVED,HIGH
S0034,funding_Series D,2021-08-18,16762.5,INR Mn,INR,SRC00613,DERIVED,HIGH
S0034,funding_Series C,2020-06-11,11100.0,INR Mn,INR,SRC00615,DERIVED,HIGH
S0034,funding_Series B,2019-06-19,4300.0,INR Mn,INR,SRC00615,DERIVED,HIGH
S0034,funding_Series A,2016-10-13,602.0,INR Mn,INR,SRC00620,DERIVED,MEDIUM
S0034,funding_Seed,2015-05-01,86.0,INR Mn,INR,SRC00620,DERIVED,MEDIUM
S0034,funding_Seed,2014-10-31,84.02,INR Mn,INR,SRC00615,DERIVED,MEDIUM
S0035,funding_Series D,2025-02-11,4285.0,INR Mn,INR,SRC00623,DERIVED,HIGH
S0035,funding_Series C,2022-03-07,2355.0,INR Mn,INR,SRC00637,DERIVED,MEDIUM
S0035,funding_Series C,2021-05-24,18625.0,INR Mn,INR,SRC00635,DERIVED,HIGH
S0036,funding_Acquisition (majority stake),2018-05-09,1376000.0,INR Mn,INR,SRC00651,DERIVED,HIGH
S0036,funding_primary,2021-07-01,268200.0,INR Mn,INR,SRC00650,DERIVED,MEDIUM
S0036,funding_primary,2023-12-01,49680.0,INR Mn,INR,SRC00650,DERIVED,HIGH
S0036,funding_primary,2024-05-24,79515.0,INR Mn,INR,SRC00650,DERIVED,HIGH
S0036,funding_ESOP buyback,2025-07-01,2142.5,INR Mn,INR,SRC00646,DERIVED,MEDIUM
S0036,funding_ESOP buyback,2026-07-01,2175.0,INR Mn,INR,SRC00646,DERIVED,MEDIUM
S0037,funding_Seed,2015-02-20,41.37,INR Mn,INR,SRC00662,DERIVED,MEDIUM
S0037,funding_Series A,2015-06-10,473.0,INR Mn,INR,SRC00662,DERIVED,MEDIUM
S0037,funding_Series B,2016-07-12,217.58,INR Mn,INR,SRC00662,DERIVED,MEDIUM
S0037,funding_Series B,2016-12-13,126.42,INR Mn,INR,SRC00662,DERIVED,MEDIUM
S0037,funding_Series B,2017-05-02,115.24,INR Mn,INR,SRC00662,DERIVED,MEDIUM
S0037,funding_Series B,2017-08-30,172.86,INR Mn,INR,SRC00662,DERIVED,MEDIUM
S0037,funding_Series C,2018-03-28,662.2,INR Mn,INR,SRC00662,DERIVED,MEDIUM
S0037,funding_Series C,2019-08-06,860.0,INR Mn,INR,SRC00662,DERIVED,MEDIUM
S0037,funding_Series D,2020-04-10,1369.0,INR Mn,INR,SRC00662,DERIVED,MEDIUM
S0037,funding_Series E,2021-09-01,7524.5,INR Mn,INR,SRC00663,DERIVED,HIGH
S0037,funding_Series F (extended),2025-09-09,8570.0,INR Mn,INR,SRC00666,DERIVED,MEDIUM
S0037,funding_Series F (tranche),2026-01-15,4045.5,INR Mn,INR,SRC00662,DERIVED,MEDIUM
S0038,funding_Series H,2021-08-01,32780.0,INR Mn,INR,SRC00288,DERIVED,HIGH
S0038,funding_internal_funding,2026-03-01,31320.0,INR Mn,INR,SRC00687,DERIVED,MEDIUM
S0040,funding_Series E,2021-08-20,11175.0,INR Mn,INR,SRC00723,DERIVED,HIGH
S0040,funding_Series F,2021-12-29,15645.0,INR Mn,INR,SRC00721,DERIVED,MEDIUM
S0040,funding_Venture round,2024-12-19,8370.0,INR Mn,INR,SRC00726,DERIVED,MEDIUM
S0040,funding_Pre-IPO,2026-03-30,43500.0,INR Mn,INR,SRC00724,DERIVED,MEDIUM
S0040,funding_Total raised,2026-09-15,80997.0,INR Mn,INR,SRC00727,DERIVED,MEDIUM
S0041,funding_Series C,2017-01-17,186.62,INR Mn,INR,SRC00747,DERIVED,LOW
S0041,funding_Series D,2018-09-06,8600.0,INR Mn,INR,SRC00735,DERIVED,MEDIUM
S0041,funding_Series E,2020-09-14,16650.0,INR Mn,INR,SRC00735,DERIVED,HIGH
S0041,funding_Secondary,2021-03-25,29800.0,INR Mn,INR,SRC00736,DERIVED,HIGH
S0041,funding_Series F,2021-11-25,62580.0,INR Mn,INR,SRC00737,DERIVED,HIGH
S0042,funding_Debt,2024-09-10,8370.0,INR Mn,INR,SRC00752,DERIVED,MEDIUM
S0042,"funding_Loan (2 tranches, 13-14%, secured on founders' stake)",2025-12-04,29995.0,INR Mn,INR,SRC00751,DERIVED,HIGH
S0042,funding_Series A,2024-07-01,830.0,INR Mn,INR,SRC00755,DERIVED,MEDIUM
S0042,funding_Debt,2025-12-04,29995.0,INR Mn,INR,SRC00751,DERIVED,HIGH
S0042,funding_Pre-IPO (talks),2025-12-31,12855.0,INR Mn,INR,SRC00755,DERIVED,MEDIUM
S0042,funding_Series E (talks),2025-01-22,34280.0,INR Mn,INR,SRC00753,DERIVED,MEDIUM
S0042,funding_Total PE raised,2025-01-22,18511.2,INR Mn,INR,SRC00753,DERIVED,HIGH
S0043,funding_IPO,2021-10-28,53520.0,INR Mn,INR,SRC00774,DERIVED,HIGH
S0044,funding_Series G,2024-12-12,17577.0,INR Mn,INR,SRC00786,DERIVED,HIGH
S0044,funding_Unattributed top-up,2025-04-22,2142.5,INR Mn,INR,SRC00787,DERIVED,MEDIUM
S0044,funding_Series F,2021-10-07,13037.5,INR Mn,INR,SRC00789,DERIVED,MEDIUM
S0044,funding_Top-up (unattributed),2025-04-22,2142.5,INR Mn,INR,SRC00787,DERIVED,MEDIUM
S0045,funding_Private Equity minority,2023-06-20,4968.0,INR Mn,INR,SRC00797,DERIVED,
S0046,funding_Series C,2016-05-10,8600.0,INR Mn,INR,SRC00824,DERIVED,MEDIUM
S0046,funding_Series D (Apax),2019-01-01,17200.0,INR Mn,INR,SRC00825,DERIVED,MEDIUM
S0046,funding_Series D (TPG),2022-01-05,28260.0,INR Mn,INR,SRC00825,DERIVED,HIGH
S0046,funding_Secondary,2025-07-15,14569.0,INR Mn,INR,SRC00816,DERIVED,HIGH
S0047,funding_Series C,2021-12-20,6332.5,INR Mn,INR,SRC00844,DERIVED,
S0047,funding_Series D,2025-06-30,10284.0,INR Mn,INR,SRC00829,DERIVED,
S0047,funding_Seed,2015-12-16,169.42,INR Mn,INR,SRC00837,DERIVED,HIGH
S0047,funding_Series A,2017-05-15,980.4,INR Mn,INR,SRC00837,DERIVED,HIGH
S0047,funding_Series B,2019-01-04,1358.8,INR Mn,INR,SRC00837,DERIVED,HIGH
S0047,funding_Series B,2020-10-20,1857.4,INR Mn,INR,SRC00837,DERIVED,HIGH
S0047,funding_Series C,2021-12-20,5200.1,INR Mn,INR,SRC00837,DERIVED,HIGH
S0047,funding_Venture Debt,2021-06-04,356.86,INR Mn,INR,SRC00837,DERIVED,HIGH
S0047,funding_Venture Debt,2023-03-14,755.96,INR Mn,INR,SRC00837,DERIVED,HIGH
S0047,funding_Series C3,2024-03-18,1523.34,INR Mn,INR,SRC00840,DERIVED,HIGH
S0047,funding_Series C,2023-05-26,38.01,INR Mn,INR,SRC00837,DERIVED,MEDIUM
S0048,funding_Series C,2018-09-19,6020.0,INR Mn,INR,SRC00868,DERIVED,
S0048,funding_Series F,2022-02-08,14130.0,INR Mn,INR,SRC00851,DERIVED,
S0048,funding_Series A,2014-12-17,395.6,INR Mn,INR,SRC00867,DERIVED,HIGH
S0048,funding_Series A (second tranche),2015-08-11,739.6,INR Mn,INR,SRC00867,DERIVED,HIGH
S0048,funding_Series B,2016-05-13,1290.0,INR Mn,INR,SRC00870,DERIVED,HIGH
S0048,funding_Series D (second tranche),2020-01-28,4440.0,INR Mn,INR,SRC00867,DERIVED,HIGH
S0048,funding_Series D (third tranche),2020-09-03,6660.0,INR Mn,INR,SRC00867,DERIVED,HIGH
S0048,funding_Series F (first tranche),2021-10-07,4306.1,INR Mn,INR,SRC00861,DERIVED,HIGH
S0048,funding_Series F (second tranche),2022-02-07,14130.0,INR Mn,INR,SRC00857,DERIVED,HIGH
S0048,funding_Late VC,2025-04-28,427.21,INR Mn,INR,SRC00864,DERIVED,HIGH
S0048,funding_Late VC,2025-07-24,3599.4,INR Mn,INR,SRC00872,DERIVED,MEDIUM
S0049,funding_Series F,2021-09-01,42465.0,INR Mn,INR,SRC00894,DERIVED,
S0049,funding_Series F (late private),2025-01-27,23139.0,INR Mn,INR,SRC00902,DERIVED,
S0049,funding_IPO,2025-12-03,51934.2,INR Mn,INR,SRC00889,DERIVED,
S0049,funding_Seed,2015,25.8,INR Mn,INR,SRC00894,DERIVED,MEDIUM
S0049,funding_Series A,2019,10750.0,INR Mn,INR,SRC00894,DERIVED,HIGH
S0049,funding_Series B,2021-04-01,22350.0,INR Mn,INR,SRC00894,DERIVED,HIGH
S0050,funding_Pre-IPO (ANI Technologies),2021-07-09,37250.0,INR Mn,INR,SRC00908,DERIVED,
S0050,funding_Series J,2021-12-01,10355.5,INR Mn,INR,SRC00920,DERIVED,
S0051,funding_Series D,2022-04-01,14130.0,INR Mn,INR,SRC00926,DERIVED,
S0051,funding_Series E,2024-07-29,10044.0,INR Mn,INR,SRC00926,DERIVED,
S0051,funding_Series F (primary; part of $730M primary+secondary),2026-05-15,20880.0,INR Mn,INR,SRC00925,DERIVED,
S0051,funding_Series A,2019-01-10,963.2,INR Mn,INR,SRC00939,DERIVED,HIGH
S0051,funding_Series B,2019-08-14,4695.6,INR Mn,INR,SRC00939,DERIVED,HIGH
S0051,funding_Series C,2021-08-16,3874.0,INR Mn,INR,SRC00940,DERIVED,HIGH
S0051,funding_Series E (secondary),2025-02-11,2571.0,INR Mn,INR,SRC00941,DERIVED,MEDIUM
S0051,funding_Series F (primary),2026-05-15,20880.0,INR Mn,INR,SRC00925,DERIVED,HIGH
S0051,funding_Series F (secondary),2025-09-23,23139.0,INR Mn,INR,SRC00933,DERIVED,HIGH
S0051,funding_Series F (secondary - ongoing),2026-06-18,100.0,INR Mn,INR,SRC00936,DERIVED,MEDIUM
S0052,funding_Seed,2015-10-03,60.2,INR Mn,INR,SRC00980,DERIVED,MEDIUM
S0052,funding_Series A,2016-11-12,344.0,INR Mn,INR,SRC00980,DERIVED,MEDIUM
S0052,funding_Series B,2017-12-06,688.0,INR Mn,INR,SRC00980,DERIVED,MEDIUM
S0052,funding_Series C,2018-09-14,4300.0,INR Mn,INR,SRC00980,DERIVED,MEDIUM
S0052,funding_Series D,2019-08-22,8600.0,INR Mn,INR,SRC00981,DERIVED,HIGH
S0052,funding_Series G,2021-12-16,19817.0,INR Mn,INR,SRC00980,DERIVED,MEDIUM
S0052,funding_Series H (add-on),2022-06-01,6123.0,INR Mn,INR,SRC00967,DERIVED,MEDIUM
S0052,funding_Venture Debt / Convertible,2023-07-01,4140.0,INR Mn,INR,SRC00982,DERIVED,MEDIUM
S0052,funding_Convertible Note,2024-03-27,4101.3,INR Mn,INR,SRC00983,DERIVED,HIGH
S0052,funding_Conventional Debt,2024-08-03,1339.2,INR Mn,INR,SRC00980,DERIVED,MEDIUM
S0052,funding_Tencent convertible debt,2021,16762.5,INR Mn,INR,SRC00984,DERIVED,HIGH
S0052,funding_Sequoia Capital talks,2020-08-01,14800.0,INR Mn,INR,SRC00976,DERIVED,MEDIUM
S0053,funding_Seed,2019-07-01,258.0,INR Mn,INR,SRC00998,DERIVED,MEDIUM
S0054,funding_Series E,2021-08-03,27565.0,INR Mn,INR,SRC01015,DERIVED,HIGH
S0054,funding_Series D,2021-02-10,8046.0,INR Mn,INR,SRC01015,DERIVED,HIGH
S0054,funding_Series C,2020-02-01,5550.0,INR Mn,INR,SRC01019,DERIVED,MEDIUM
S0054,funding_Debt,2025-05-05,1285.5,INR Mn,INR,SRC01015,DERIVED,HIGH
S0055,funding_Series C,2022-10-03,4710.0,INR Mn,INR,SRC01031,DERIVED,HIGH
S0055,funding_Series C (additional),2024-05-29,200.0,INR Mn,INR,SRC01034,DERIVED,MEDIUM
S0055,funding_Series C,2024-03-01,525.0,INR Mn,INR,SRC01027,DERIVED,HIGH
S0055,funding_Series D,2025-05-01,638.0,INR Mn,INR,SRC01033,DERIVED,HIGH
S0055,funding_Series E (equity),2026-03-24,437.5,INR Mn,INR,SRC01025,DERIVED,HIGH
S0055,funding_Series E (debt),2026-03-24,250.0,INR Mn,INR,SRC01025,DERIVED,HIGH
S0055,funding_Debt,2025-01-01,1714.0,INR Mn,INR,SRC01026,DERIVED,MEDIUM
S0057,funding_Series F,2025-01-09,23567.5,INR Mn,INR,SRC01052,DERIVED,HIGH
S0057,funding_Series E,2021-12-14,11175.0,INR Mn,INR,SRC01054,DERIVED,HIGH
S0057,funding_Series D,2021-02-04,7822.5,INR Mn,INR,SRC01054,DERIVED,MEDIUM
S0058,funding_Seed,2021-03-17,543.85,INR Mn,INR,SRC01066,DERIVED,HIGH
S0058,funding_Series A,2022-03-29,1962.5,INR Mn,INR,SRC01065,DERIVED,HIGH
S0058,funding_Series B,2023-06-01,2980.8,INR Mn,INR,SRC01059,DERIVED,HIGH
S0058,funding_Series B extension,2024-12-09,2008.8,INR Mn,INR,SRC01076,DERIVED,HIGH
S0058,funding_Series C,2026-09-06,8700.0,INR Mn,INR,SRC01058,DERIVED,HIGH
S0059,funding_Series B,2024-01-12,900.0,INR Mn,INR,SRC01092,DERIVED,MEDIUM
S0059,funding_Series B extension / growth equity,2026-03-16,3805.0,INR Mn,INR,SRC01094,DERIVED,HIGH
S0059,funding_Debt,2026-05-06,1305.0,INR Mn,INR,SRC01093,DERIVED,HIGH
S0060,funding_Series B,2021-08-11,2160.5,INR Mn,INR,SRC01113,DERIVED,MEDIUM
S0060,funding_Series D,2024-10-28,1322.46,INR Mn,INR,SRC01106,DERIVED,MEDIUM
S0060,funding_Series D (pending),2025-08-25,13283.5,INR Mn,INR,SRC01104,DERIVED,MEDIUM
S0060,funding_Corporate Minority (Series D extension),2025-11-07,899.85,INR Mn,INR,SRC01103,DERIVED,HIGH
S0061,funding_Series A,2019,344.0,INR Mn,INR,SRC01118,DERIVED,MEDIUM
S0061,funding_pre-Series B,2021-06-01,528.95,INR Mn,INR,SRC01132,DERIVED,MEDIUM
S0061,funding_pre-Series C,2025-02-01,35.0,INR Mn,INR,SRC01118,DERIVED,MEDIUM
S0061,funding_Series C,2026-09-07,4350.0,INR Mn,INR,SRC01118,DERIVED,HIGH
S0062,funding_Series B,2022-04-01,1727.0,INR Mn,INR,SRC01147,DERIVED,MEDIUM
S0062,funding_Series C (tranche 1),2025-03-01,3770.8,INR Mn,INR,SRC01154,DERIVED,HIGH
S0062,funding_Series C (tranche 2),2025-07-16,1714.0,INR Mn,INR,SRC01141,DERIVED,HIGH
S0062,funding_Series C (total),2025-08-11,7284.5,INR Mn,INR,SRC01139,DERIVED,HIGH
S0062,funding_Seed,2020-05-16,36.84,INR Mn,INR,SRC01155,DERIVED,HIGH
S0062,funding_Series A,2021-06-08,372.5,INR Mn,INR,SRC01156,DERIVED,HIGH
S0063,funding_Growth equity,2025-08-19,14569.0,INR Mn,INR,SRC01163,DERIVED,HIGH
S0063,funding_Growth equity (two tranches),2026-03-18,1450.0,INR Mn,INR,SRC01165,DERIVED,HIGH
S0064,funding_Series C,2019-06-22,4386.0,INR Mn,INR,SRC01193,DERIVED,MEDIUM
S0064,funding_Series D,2019-10-01,4300.0,INR Mn,INR,SRC01194,DERIVED,MEDIUM
S0064,funding_Total funding,2021-11-23,26894.5,INR Mn,INR,SRC01189,DERIVED,HIGH
S0065,funding_pre-Series C (second),2026-05-07,5220.0,INR Mn,INR,SRC01200,DERIVED,HIGH
S0065,funding_pre-Series C (first),2023-11-01,2277.0,INR Mn,INR,SRC01202,DERIVED,HIGH
S0065,funding_Series B,2022-09-01,4003.5,INR Mn,INR,SRC01207,DERIVED,HIGH
S0065,funding_Series B (early tranche; Sherpalo participated),2022-01-01,353.25,INR Mn,INR,SRC01204,DERIVED,MEDIUM
S0066,funding_Series A1,2023-06-20,828.0,INR Mn,INR,SRC01216,DERIVED,HIGH
S0066,funding_Series A1 (extension),2024-02-28,167.4,INR Mn,INR,SRC01223,DERIVED,HIGH
S0066,funding_Grant (prize money),2020-08-20,0.25,INR Mn,INR,SRC01215,DERIVED,HIGH
S0067,funding_Venture round (unicorn),2022-03-30,5887.5,INR Mn,INR,SRC01229,DERIVED,HIGH
S0067,funding_UNKNOWN,2022,3768.0,INR Mn,INR,SRC01247,DERIVED,LOW
S0067,funding_Series C (unicorn),2022-03-30,5887.5,INR Mn,INR,SRC01237,DERIVED,HIGH
S0067,funding_Angel,2021-11-03,2.73,INR Mn,INR,SRC01240,DERIVED,LOW
S0068,funding_Series G,2025-09-18,62689.55,INR Mn,INR,SRC01255,DERIVED,HIGH
S0068,funding_Seed/Series A,2019,860.0,INR Mn,INR,SRC01259,DERIVED,MEDIUM
S0068,funding_Series B,2021-02-01,7450.0,INR Mn,INR,SRC01259,DERIVED,HIGH
S0068,funding_debt,2024,4185.0,INR Mn,INR,SRC01261,DERIVED,MEDIUM
S0068,funding_Series F,2025-01-01,10369.7,INR Mn,INR,SRC01266,DERIVED,MEDIUM
S0068,funding_debt,2025,12855.0,INR Mn,INR,SRC01255,DERIVED,HIGH
S0068,funding_debt,2025-02-01,1250.0,INR Mn,INR,SRC01260,DERIVED,MEDIUM
S0068,funding_debt,2026,1250.0,INR Mn,INR,SRC01260,DERIVED,MEDIUM
S0069,funding_Series B,2021-09-14,2607.5,INR Mn,INR,,DERIVED,
S0070,funding_Series C (first institutional equity),2026-08-19,8700.0,INR Mn,INR,SRC01281,DERIVED,
S0070,funding_debt (NCD),2025-07-28,1714.0,INR Mn,INR,SRC01299,DERIVED,
S0070,funding_Conventional Debt (NCD),2025-07-28,1714.0,INR Mn,INR,SRC01299,DERIVED,MEDIUM
S0070,funding_Convertible Debt,2024-05-23,1507.62,INR Mn,INR,SRC01292,DERIVED,MEDIUM
S0070,funding_IPO (planned),2026-08-13,3000.0,INR Mn,INR,SRC01289,DERIVED,MEDIUM
S0070,funding_Preferential shares (NBFC capital),2025,5000.0,INR Mn,INR,SRC00082,DERIVED,MEDIUM
S0071,funding_Series E (tranche 1),2026-07-02,522.0,INR Mn,INR,SRC01308,DERIVED,
S0071,funding_Series D-II,2021-12-13,10802.5,INR Mn,INR,SRC01314,DERIVED,
S0071,funding_Series C,2019-04-24,7740.0,INR Mn,INR,SRC01318,DERIVED,
S0071,funding_Series B,2018-12-12,3100.0,INR Mn,INR,SRC01317,DERIVED,HIGH
S0071,funding_Growth (STIC Investments),2022-05-01,722.2,INR Mn,INR,SRC01310,DERIVED,MEDIUM
S0071,funding_Growth (Flipkart/Walmart-led $145M),2022-01-24,11382.5,INR Mn,INR,SRC01311,DERIVED,HIGH
S0072,funding_Private,2018-05-01,10750.0,INR Mn,INR,SRC01324,DERIVED,MEDIUM
S0072,funding_Private,2021-07-01,24212.5,INR Mn,INR,SRC01324,DERIVED,MEDIUM
S0072,funding_Series F,2022-01-01,11775.0,INR Mn,INR,SRC01324,DERIVED,MEDIUM
S0072,funding_Series F,2022-03-04,3925.0,INR Mn,INR,SRC01332,DERIVED,MEDIUM
S0072,funding_IPO,2025-11-03,334230.0,INR Mn,INR,SRC01321,DERIVED,HIGH
S0072,funding_Series B,2018-01-12,7052.0,INR Mn,INR,SRC01324,DERIVED,MEDIUM
S0072,funding_Series C,2018-05-31,10750.0,INR Mn,INR,SRC01324,DERIVED,MEDIUM
S0072,funding_Series D,2020-12-21,3034.0,INR Mn,INR,SRC01334,DERIVED,MEDIUM
S0072,funding_Series D,2021-04-20,409.75,INR Mn,INR,SRC01334,DERIVED,MEDIUM
S0072,funding_Series E,2021-05-17,21232.5,INR Mn,INR,SRC01336,DERIVED,HIGH
S0072,funding_Series E,2021-07-06,23467.5,INR Mn,INR,SRC01324,DERIVED,MEDIUM
S0072,funding_Series F,2021-09-16,7450.0,INR Mn,INR,SRC01334,DERIVED,MEDIUM
S0072,funding_Corporate,2022-01-04,1570.0,INR Mn,INR,SRC01337,DERIVED,MEDIUM
S0072,funding_IPO,2025-06-26,222820.0,INR Mn,INR,SRC01323,DERIVED,HIGH
S0072,funding_Secondary,2025-11-06,16958.32,INR Mn,INR,SRC01338,DERIVED,LOW
S0073,funding_Series C (equity+debt),2026-08-05,10440.0,INR Mn,INR,SRC01362,DERIVED,
S0073,funding_Series B,2024-02-05,3348.0,INR Mn,INR,SRC01373,DERIVED, ESTIMATED
S0073,funding_Series A,2023-06-01,1242.0,INR Mn,INR,SRC01371,DERIVED, ESTIMATED
S0074,funding_Series C,2026-03-25,5220.0,INR Mn,INR,SRC01387,DERIVED,
S0074,funding_Series B,2024-06-25,2008.8,INR Mn,INR,SRC01388,DERIVED, ESTIMATED
S0074,funding_Series A,2022-01-19,1413.0,INR Mn,INR,SRC01381,DERIVED, ESTIMATED
S0075,funding_Series C extension,2026-09-03,6090.0,INR Mn,INR,SRC01390,DERIVED,
S0075,funding_Series C,2026-03-17,4176.0,INR Mn,INR,SRC01417,DERIVED,
S0075,funding_venture debt,2025-11-20,100.0,INR Mn,INR,SRC01395,DERIVED,
S0075,funding_Series A,2021-08-14,1303.75,INR Mn,INR,SRC01418,DERIVED,HIGH
S0075,funding_Series B,2024-03-20,2929.5,INR Mn,INR,SRC01403,DERIVED,HIGH
S0075,funding_Reported (unclosed),2025-04-28,10284.0,INR Mn,INR,SRC01399,DERIVED,MEDIUM
S0076,funding_Private growth round (primary + small secondary),2026-08-24,408.0,INR Mn,INR,SRC01438,DERIVED,HIGH
S0076,funding_Series C,2023-09-01,2898.0,INR Mn,INR,SRC01441,DERIVED,HIGH
S0076,funding_Series B,2022,1648.5,INR Mn,INR,SRC01440,DERIVED,MEDIUM
S0076,funding_Series A,2021,447.0,INR Mn,INR,SRC01440,DERIVED,MEDIUM
S0076,funding_Series D,2026-08-24,408.0,INR Mn,INR,SRC01449,DERIVED,HIGH
S0077,funding_Series B (equity + debt + secondary),2025-05-06,21425.0,INR Mn,INR,SRC01457,DERIVED,HIGH
S0078,funding_Private,2025-11-28,2999.5,INR Mn,INR,SRC01467,DERIVED,MEDIUM
S0078,funding_Private,2026-06-23,78300.0,INR Mn,INR,SRC01467,DERIVED,HIGH
S0078,funding_Private,2026-06-23,8265.0,INR Mn,INR,SRC01472,DERIVED,HIGH
S0078,funding_Private,2023-03-01,112.0,INR Mn,INR,SRC01470,DERIVED,MEDIUM
S0079,funding_Series B,2026-01-14,21750.0,INR Mn,INR,SRC01477,DERIVED,HIGH
S0079,funding_Series A,2022-05-01,1334.5,INR Mn,INR,SRC01482,DERIVED,MEDIUM
S0080,funding_Series A,2026-08-24,3219.0,INR Mn,INR,SRC01485,DERIVED,HIGH
S0080,funding_Seed,2025-10-14,741.31,INR Mn,INR,SRC01487,DERIVED,HIGH
S0081,funding_Series B,2025-01-23,1714.0,INR Mn,INR,SRC01491,DERIVED,HIGH
S0081,funding_Series A,2023-07-21,902.52,INR Mn,INR,SRC01492,DERIVED,MEDIUM
S0081,funding_Undisclosed,2023-10-10,571.32,INR Mn,INR,SRC01492,DERIVED,MEDIUM
S0082,funding_Series A,2026-08-05,3045.0,INR Mn,INR,SRC01499,DERIVED,MEDIUM
S0082,funding_Seed,2026-02-05,1305.0,INR Mn,INR,SRC01498,DERIVED,HIGH
S0083,funding_Series B,2021-01-05,7450.0,INR Mn,INR,SRC01506,DERIVED,HIGH
S0083,funding_Private placement,2022,39250.0,INR Mn,INR,SRC01505,DERIVED,MEDIUM
S0083,funding_IPO-UDRHP,2025-10-29,128550.0,INR Mn,INR,SRC01504,DERIVED,HIGH
S0084,funding_Series C,2016-05-01,4300.0,INR Mn,INR,SRC01518,DERIVED,MEDIUM
S0084,funding_IPO,2024-12-11,47876.4,INR Mn,INR,SRC01515,DERIVED,HIGH
S0085,funding_Series G,2021-12-01,24212.5,INR Mn,INR,SRC01531,DERIVED,MEDIUM
S0085,funding_Series G extension (Unattributed VC per CB Insights),2025-04-16,1002.69,INR Mn,INR,SRC01532,DERIVED,MEDIUM
S0085,funding_IPO (planned/rumored),2026-08-05,69600.0,INR Mn,INR,SRC01529,DERIVED,MEDIUM
S0085,funding_Series A,2015-09-26,369.8,INR Mn,INR,SRC01545,DERIVED,MEDIUM
S0085,funding_Series B,2016-11-21,956.32,INR Mn,INR,SRC01545,DERIVED,MEDIUM
S0085,funding_Series C,2018-06-26,2519.8,INR Mn,INR,SRC01545,DERIVED,MEDIUM
S0085,funding_Series D,2019-09-18,2936.9,INR Mn,INR,SRC01545,DERIVED,MEDIUM
S0085,funding_Series E,2021-07-31,11920.0,INR Mn,INR,SRC01546,DERIVED,HIGH
S0085,funding_Series F,2021-09-30,14453.0,INR Mn,INR,SRC01544,DERIVED,HIGH
S0085,funding_Series G extension,2025-04-16,1002.69,INR Mn,INR,SRC01532,DERIVED,MEDIUM
S0085,funding_IPO (planned),2026-08-05,69600.0,INR Mn,INR,SRC01529,DERIVED,MEDIUM
S0085,funding_Oxyzo Series A,2022-03-24,15700.0,INR Mn,INR,SRC01547,DERIVED,HIGH
S0085,funding_Oxyzo debt (NCD),2025-02-24,1000.0,INR Mn,INR,SRC01548,DERIVED,HIGH
S0085,funding_Oxyzo debt (NCD),2025-05-21,5330.0,INR Mn,INR,SRC01549,DERIVED,HIGH
S0085,funding_Oxyzo debt (NCD),2025-03-19,3500.0,INR Mn,INR,SRC01538,DERIVED,HIGH
S0085,funding_Oxyzo equity raise (planned),2025-09-25,12855.0,INR Mn,INR,SRC01550,DERIVED,MEDIUM
S0086,funding_Series A,2019-06-02,344.0,INR Mn,INR,SRC01574,DERIVED,MEDIUM
S0086,funding_Series B,2019-12-17,1032.0,INR Mn,INR,SRC01574,DERIVED,MEDIUM
S0086,funding_Series C,2020-09-26,888.0,INR Mn,INR,SRC01574,DERIVED,MEDIUM
S0086,funding_Series D,2021-04-19,3948.5,INR Mn,INR,SRC01574,DERIVED,MEDIUM
S0086,funding_Series E,2021-12-07,7450.0,INR Mn,INR,SRC01569,DERIVED,HIGH
S0086,funding_Series E extension,2025-07-23,342.8,INR Mn,INR,SRC01573,DERIVED,HIGH
S0087,funding_Private round (series unspecified),2026-09-10,2088.0,INR Mn,INR,SRC01583,DERIVED,HIGH
S0087,funding_Series B,2026-03-24,3306.0,INR Mn,INR,SRC01582,DERIVED,HIGH
S0087,funding_Series A,2025-03-01,1199.8,INR Mn,INR,SRC01585,DERIVED,MEDIUM
S0087,funding_Seed,2024-11-19,167.4,INR Mn,INR,SRC01584,DERIVED,HIGH
S0087,funding_Private round (reported),2026-06-30,1740.0,INR Mn,INR,SRC01595,DERIVED,LOW
S0088,funding_seed,2026-06-24,2784.0,INR Mn,INR,SRC01602,DERIVED,HIGH
S0089,funding_seed,2025-01-07,188.54,INR Mn,INR,SRC01607,DERIVED,HIGH
S0089,funding_series-a,2025-12-10,514.2,INR Mn,INR,SRC01606,DERIVED,HIGH
S0090,funding_series-a,2023-01-10,1407.6,INR Mn,INR,SRC01613,DERIVED,HIGH
S0090,funding_later-stage vc,2024-11-12,1381.05,INR Mn,INR,SRC01622,DERIVED,MEDIUM
S0090,funding_series-a,2025-01-24,519.34,INR Mn,INR,SRC01623,DERIVED,MEDIUM
S0091,funding_series-b,2025-12-11,2485.3,INR Mn,INR,SRC01632,DERIVED,HIGH
S0091,funding_venture,2023,496.8,INR Mn,INR,SRC01633,DERIVED,MEDIUM
S0092,funding_seed,2021-07-29,2607.5,INR Mn,INR,SRC01648,DERIVED,MEDIUM
S0092,funding_growth-equity,2025-02-06,11569.5,INR Mn,INR,SRC01637,DERIVED,HIGH
S0092,funding_growth-equity,2025-08-20,10712.5,INR Mn,INR,SRC01649,DERIVED,HIGH
S0092,funding_planned,2023-09-27,33120.0,INR Mn,INR,SRC01645,DERIVED,MEDIUM
S0093,funding_Series D-II (Later Stage VC),2025-07-25,15854.5,INR Mn,INR,SRC01676,DERIVED,HIGH
S0093,funding_Series D,2021-11-30,2980.0,INR Mn,INR,SRC01677,DERIVED,HIGH
S0093,funding_Secondary,2022-03-09,2355.0,INR Mn,INR,SRC01681,DERIVED,MEDIUM
S0093,funding_Series D-II,2025-07-25,15854.5,INR Mn,INR,SRC01682,DERIVED,HIGH
S0094,funding_Series F,2024-10-18,12555.0,INR Mn,INR,SRC01687,DERIVED,HIGH
S0094,funding_Series E,2021-08-01,48425.0,INR Mn,INR,SRC01691,DERIVED,HIGH
S0094,funding_Debt refinancing,2025-09-11,12855.0,INR Mn,INR,SRC01688,DERIVED,HIGH
S0094,funding_Debt financing,2022-03-08,27475.0,INR Mn,INR,SRC01700,DERIVED,HIGH
S0095,funding_Series B,2025-04-07,11655.2,INR Mn,INR,SRC01723,DERIVED,HIGH
S0095,funding_Series A,2023-05-09,579.6,INR Mn,INR,SRC01724,DERIVED,MEDIUM
S0096,funding_Series E,2025-01-29,5570.5,INR Mn,INR,SRC01740,DERIVED,HIGH
S0096,funding_Debt,2025-03-05,8570.0,INR Mn,INR,SRC01743,DERIVED,HIGH
S0096,funding_Series D,2022-06-22,5887.5,INR Mn,INR,SRC01742,DERIVED,HIGH
S0096,funding_Series C,2021-07-15,4097.5,INR Mn,INR,SRC01749,DERIVED,MEDIUM
S0096,funding_Series A,2020-03-01,407.0,INR Mn,INR,SRC01748,DERIVED,MEDIUM
S0096,funding_Series B,2021-03-16,1266.5,INR Mn,INR,SRC01748,DERIVED,HIGH
S0097,funding_Post-IPO,2023-09-04,1000.91,INR Mn,INR,SRC01760,DERIVED,MEDIUM
S0097,funding_Post-IPO,2021-10-06,3149.84,INR Mn,INR,SRC01760,DERIVED,MEDIUM
S0097,funding_Series C (pre-IPO),2021-02-04,1020.26,INR Mn,INR,SRC01760,DERIVED,MEDIUM
S0098,funding_Series A,2023-10-01,3000.0,INR Mn,INR,SRC01764,DERIVED,
S0098,funding_Series B,2024-08-01,4000.0,INR Mn,INR,SRC01764,DERIVED,
S0098,funding_PE growth,2026-03-20,5000.0,INR Mn,INR,SRC01764,DERIVED,
S0098,funding_growth,2026-07-16,3500.0,INR Mn,INR,SRC01765,DERIVED,
S0098,funding_angel/seed,2021-12-15,2980.0,INR Mn,INR,SRC01770,DERIVED,MEDIUM
S0098,funding_Series A,2023-10-01,2898.0,INR Mn,INR,SRC01770,DERIVED,HIGH
S0098,funding_Series B,2024-08-12,3984.12,INR Mn,INR,SRC01774,DERIVED,HIGH
S0098,funding_PE growth,2026-03-20,5500.0,INR Mn,INR,SRC01764,DERIVED,HIGH
S0098,funding_Series B follow-on,2025-11-25,2210.0,INR Mn,INR,SRC01769,DERIVED,MEDIUM
S0098,funding_Series C,2026-07-16,3500.0,INR Mn,INR,SRC01765,DERIVED,HIGH
S0098,funding_follow-on,2025-08-21,1628.3,INR Mn,INR,SRC01769,DERIVED,MEDIUM
S0098,funding_debt,2025-03-13,2571.0,INR Mn,INR,SRC01769,DERIVED,LOW
S0099,funding_Series C,2024-10-21,2176.2,INR Mn,INR,SRC01777,DERIVED,
S0099,funding_Series C,2021-10-29,1341.0,INR Mn,INR,SRC01781,DERIVED,
S0099,funding_Series B,2018-05-30,1204.0,INR Mn,INR,SRC01781,DERIVED,
S0100,funding_Series D,2023-11-20,662.4,INR Mn,INR,SRC01784,DERIVED,
S0100,funding_Series E,2025-03-13,3428.0,INR Mn,INR,SRC01783,DERIVED,
S0100,funding_IPO (fresh issue),2026-08-31,6800.0,INR Mn,INR,SRC01786,DERIVED,
S0100,funding_Pre-Series D,2022-06-01,785.0,INR Mn,INR,SRC01784,DERIVED,MEDIUM
S0101,funding_Series B ($20M equity + $5M debt),2023-02-08,2070.0,INR Mn,INR,SRC01791,DERIVED,
S0101,funding_Series C (C1 equity close; $50M round: $40M eq + $10M debt),2024-05-27,1255.5,INR Mn,INR,SRC01792,DERIVED,
S0102,funding_equity (first institutional),2026-09-03,2150.0,INR Mn,INR,SRC01800,DERIVED,
S0103,funding_Seed,2024-08-06,418.5,INR Mn,INR,SRC01808,DERIVED,HIGH
S0103,funding_Series A,2026-01-15,1783.5,INR Mn,INR,SRC01807,DERIVED,HIGH
S0104,funding_Series A1,2026-09-09,200.0,INR Mn,INR,SRC01814,DERIVED,HIGH
S0104,funding_Series A,2025-04-24,780.43,INR Mn,INR,SRC01817,DERIVED,MEDIUM
S0104,funding_Grant (prize money),2024-11-26,664.78,INR Mn,INR,SRC01817,DERIVED,MEDIUM
S0104,funding_Series A (cumulative),2026-09-09,375.0,INR Mn,INR,SRC01814,DERIVED,HIGH
S0104,funding_Convertible debt,2026-09-09,150.0,INR Mn,INR,SRC01815,DERIVED,MEDIUM
S0105,funding_Series E (tranche),2025-08-01,1799.7,INR Mn,INR,SRC01829,DERIVED,MEDIUM
S0105,funding_Series E (tranche),2025-12-04,3856.5,INR Mn,INR,SRC01830,DERIVED,HIGH
S0106,funding_Series D,2024-12-18,3348.0,INR Mn,INR,SRC01839,DERIVED,HIGH
S0106,funding_Pre-IPO,2025-09-26,160.0,INR Mn,INR,SRC01838,DERIVED,HIGH
S0106,funding_Series A,2021-08-25,968.5,INR Mn,INR,SRC01853,DERIVED,HIGH
S0106,funding_Series B,2022-01-12,4867.0,INR Mn,INR,SRC01849,DERIVED,HIGH
S0106,funding_Series C,2022-06-01,3925.0,INR Mn,INR,SRC01848,DERIVED,HIGH
S0106,funding_Series C (continued),2023-04-06,300.0,INR Mn,INR,SRC01852,DERIVED,HIGH
S0106,funding_Conventional Debt,2025-03-24,565.62,INR Mn,INR,SRC01847,DERIVED,MEDIUM
S0107,funding_Series B,2024-07-09,265.0,INR Mn,INR,SRC01863,DERIVED,HIGH
S0107,funding_Series C,2025-10-13,350.0,INR Mn,INR,SRC01862,DERIVED,HIGH
S0108,funding_Series B,2026-03-24,4350.0,INR Mn,INR,SRC01873,DERIVED,MEDIUM
S0108,funding_Series A,2025-06-16,21.43,INR Mn,INR,SRC01874,DERIVED,LOW
S0109,funding_Series B,2025-04-10,1156.95,INR Mn,INR,SRC01879,DERIVED,HIGH
S0109,funding_Pre-Series B,2023-09-01,1821.6,INR Mn,INR,SRC01897,DERIVED,MEDIUM
S0109,funding_Seed,2021-07-27,156.45,INR Mn,INR,SRC01890,DERIVED,HIGH
S0109,funding_Series A,2022-06-02,1020.5,INR Mn,INR,SRC01888,DERIVED,HIGH
S0109,funding_Series B (upcoming),2026-03-31,4350.0,INR Mn,INR,SRC01877,DERIVED,MEDIUM
S0110,funding_Series C,2025-06-25,5300.0,INR Mn,INR,SRC01910,DERIVED,HIGH
S0110,funding_Series C extension,2026-02-19,1100.0,INR Mn,INR,SRC01911,DERIVED,HIGH
S0110,funding_Series B extended,2024-10-01,2550.0,INR Mn,INR,SRC01921,DERIVED,MEDIUM
S0110,funding_Series B,2023-07-05,2000.0,INR Mn,INR,SRC01923,DERIVED,HIGH
S0110,funding_Series B extended,2024-09-25,1000.0,INR Mn,INR,SRC01924,DERIVED,HIGH
S0110,funding_Debt,2026-05-21,2700.0,INR Mn,INR,SRC01914,DERIVED,MEDIUM
S0110,funding_PE Growth (rumor),2026-07-14,6960.0,INR Mn,INR,SRC01918,DERIVED,MEDIUM
S0111,funding_strategic/PE growth,2025-01-01,29995.0,INR Mn,INR,SRC01940,DERIVED,MEDIUM
S0112,funding_Series E,2021-05-17,8940.0,INR Mn,INR,SRC01945,DERIVED,HIGH
S0112,funding_Series F,2022-01-28,19625.0,INR Mn,INR,SRC01944,DERIVED,HIGH
S0113,funding_Series E,2021-09-15,11175.0,INR Mn,INR,SRC01967,DERIVED,HIGH
S0114,funding_Series A,2022-06-07,7850.0,INR Mn,INR,SRC01973,DERIVED,HIGH
S0114,funding_Series B,2024-09-20,17577.0,INR Mn,INR,SRC01975,DERIVED,HIGH
S0115,funding_Strategic Investment (Significant Minority),2026-09-11,5320.0,INR Mn,INR,SRC01979,DERIVED,HIGH
S0116,funding_Series A,2015,1591.0,INR Mn,INR,SRC01988,DERIVED,MEDIUM
S0116,funding_Series D,2019-12-05,5160.0,INR Mn,INR,SRC01989,DERIVED,HIGH
S0116,funding_Series E,2024-02-27,8370.0,INR Mn,INR,SRC01986,DERIVED,HIGH
S0116,funding_Series F,2025-02-03,342.4,INR Mn,INR,SRC01990,DERIVED,HIGH
S0116,funding_IPO,2026-01-28,19070.0,INR Mn,INR,SRC01984,DERIVED,HIGH
S0117,funding_Series C,2021-08-18,2980.0,INR Mn,INR,SRC01996,DERIVED,HIGH
S0117,funding_Series D,2025-03-28,4285.0,INR Mn,INR,SRC01995,DERIVED,HIGH
S0118,funding_Seed,2020-06-24,74.0,INR Mn,INR,SRC02002,DERIVED,MEDIUM
S0118,funding_Series A,2022-01-20,2512.0,INR Mn,INR,SRC02003,DERIVED,HIGH
S0118,funding_Series B,2025-11-26,3590.83,INR Mn,INR,SRC02004,DERIVED,HIGH
S0118,funding_Series B1,2025-12-19,1114.1,INR Mn,INR,SRC02005,DERIVED,HIGH
S0118,funding_Series B (Extended),2026-06-13,1009.2,INR Mn,INR,SRC02002,DERIVED,MEDIUM
S0118,funding_Pre-Series A / Angel,2020-12-01,74.0,INR Mn,INR,SRC02008,DERIVED,HIGH
S0118,funding_Pre-Series A,2021-08-04,372.5,INR Mn,INR,SRC02008,DERIVED,HIGH
S0118,funding_Debt,2025-09-01,50.0,INR Mn,INR,SRC02002,DERIVED,MEDIUM
S0118,funding_Series B,2025-12-02,150.0,INR Mn,INR,SRC02004,DERIVED,HIGH
S0119,funding_Series B,2022-09-11,6437.0,INR Mn,INR,SRC02018,DERIVED,HIGH
S0119,funding_Post-Series B (equity),2024-02-23,1611.23,INR Mn,INR,SRC02026,DERIVED,HIGH
S0119,funding_Debt,2024-01-01,25.0,INR Mn,INR,SRC02022,DERIVED,HIGH
S0119,funding_Debt,2022,942.0,INR Mn,INR,SRC02013,DERIVED,MEDIUM
S0120,funding_PE Growth,2021,24659.5,INR Mn,INR,SRC02037,DERIVED,MEDIUM
S0120,funding_Series A,2015-07-27,516.0,INR Mn,INR,SRC02036,DERIVED,HIGH
S0120,funding_Series B,2016-08-11,1290.0,INR Mn,INR,SRC02049,DERIVED,HIGH
S0120,funding_Series C,2019-05-01,4300.0,INR Mn,INR,SRC02036,DERIVED,HIGH
S0120,funding_Series C,2019-08-22,1720.0,INR Mn,INR,SRC02036,DERIVED,HIGH
S0120,funding_Series D,2020-12-15,11840.0,INR Mn,INR,SRC02047,DERIVED,HIGH
S0120,funding_Series D - II,2021-06-02,5960.0,INR Mn,INR,SRC02046,DERIVED,HIGH
S0121,funding_Series C,2026-01-14,3915.0,INR Mn,INR,SRC02061,DERIVED,MEDIUM
S0122,funding_Pre-Series B,2026-03-27,1740.0,INR Mn,INR,SRC02067,DERIVED,HIGH
S0123,funding_Series C,2025-01-14,2571.0,INR Mn,INR,SRC02075,DERIVED,HIGH
S0124,funding_Series A extension,2026-03-12,417.6,INR Mn,INR,SRC02089,DERIVED,HIGH
S0125,funding_Seed/early,2025,857.0,INR Mn,INR,SRC02095,DERIVED,HIGH
S0125,funding_Growth commitment (debt + quasi-equity + equity over 30 months),2026-09-07,3480.0,INR Mn,INR,SRC02095,DERIVED,MEDIUM
S0125,funding_Growth commitment,2026-09-07,3480.0,INR Mn,INR,SRC02095,DERIVED,HIGH
S0126,funding_Series A (Rs 110 Cr),2023-12-01,1084.68,INR Mn,INR,SRC02104,DERIVED,HIGH
S0126,funding_Series B,2025-06-02,3428.0,INR Mn,INR,SRC02103,DERIVED,HIGH
S0126,funding_Series A,2023-12-01,1084.68,INR Mn,INR,SRC02109,DERIVED,HIGH
S0126,funding_Series B,2025-05-29,3393.72,INR Mn,INR,SRC02109,DERIVED,HIGH
S0126,funding_Series B (close confirmation),2025-06-02,3428.0,INR Mn,INR,SRC02106,DERIVED,HIGH
S0127,funding_Series D tranche,2024-12-13,2134.35,INR Mn,INR,SRC02116,DERIVED,HIGH
S0127,funding_Series D extension (Rs 72 Cr),2026-07-13,661.2,INR Mn,INR,SRC02115,DERIVED,MEDIUM
S0128,funding_Seed,2025,299.95,INR Mn,INR,SRC02125,DERIVED,HIGH
S0128,funding_Series A,2026-08-01,1087.5,INR Mn,INR,SRC02123,DERIVED,HIGH
S0129,funding_Seed,2024-08-01,142.29,INR Mn,INR,SRC02134,DERIVED,
S0129,funding_Series A,2026-06-24,1479.0,INR Mn,INR,SRC02133,DERIVED,
S0130,funding_Series A,2022-04-01,52.0,INR Mn,INR,SRC02139,DERIVED,
S0130,funding_Series B,2025-01-01,1610.0,INR Mn,INR,SRC02139,DERIVED,
S0130,funding_Series D,2026-08-20,1100.0,INR Mn,INR,SRC02139,DERIVED,
S0131,funding_Seed,2024-05-01,100.44,INR Mn,INR,SRC02159,DERIVED,
S0131,funding_Series A,2025-01-07,531.34,INR Mn,INR,SRC02159,DERIVED,
S0131,funding_pre-Series B,2026-06-01,539.4,INR Mn,INR,SRC02160,DERIVED,
S0132,funding_Series A,2023-11-21,662.4,INR Mn,INR,SRC02164,DERIVED,
S0133,funding_Series A,2026-09-10,1305.0,INR Mn,INR,SRC02168,DERIVED,
S0134,funding_Series H,2022-02-01,19625.0,INR Mn,INR,SRC02173,DERIVED,HIGH
S0134,funding_Series G,2021-04-20,9312.5,INR Mn,INR,SRC02174,DERIVED,HIGH
S0134,funding_Series F,2020-10-06,4070.0,INR Mn,INR,SRC02190,DERIVED,HIGH
S0134,funding_Series C,2018-03-20,1579.34,INR Mn,INR,SRC02191,DERIVED,HIGH
S0134,funding_Series B,2015-03-10,430.0,INR Mn,INR,SRC02188,DERIVED,MEDIUM
S0134,funding_Series A,2014-01-12,68.8,INR Mn,INR,SRC02188,DERIVED,MEDIUM
S0134,funding_Seed,2013-10-03,103.91,INR Mn,INR,SRC02187,DERIVED,MEDIUM
S0134,funding_Angel,2012-09-30,31.82,INR Mn,INR,SRC02188,DERIVED,MEDIUM
S0135,funding_Series H,2021-05-30,20636.5,INR Mn,INR,SRC02219,DERIVED,HIGH
S0135,funding_IPO,2022-05-11,52350.0,INR Mn,INR,SRC02211,DERIVED,HIGH
S0135,funding_IPO,2022-05-11,5235.0,INR Mn,INR,SRC02211,DERIVED,HIGH
S0135,funding_Acquisition (Spoton),2021-08-25,1600.0,INR Mn,INR,SRC02220,DERIVED,HIGH
S0135,funding_Acquisition (Ecom Express),2025-04-05,1407.0,INR Mn,INR,SRC02210,DERIVED,HIGH
S0136,funding_Series D,2025-03-17,85700.0,INR Mn,INR,SRC02233,DERIVED,HIGH
S0137,funding_Series H,2019-11-04,12900.0,INR Mn,INR,SRC02239,DERIVED,HIGH
S0137,funding_IPO,2021-09-22,76735.0,INR Mn,INR,SRC02240,DERIVED,HIGH
S0138,funding_IPO (pending),2025-12-20,66500.0,INR Mn,INR,SRC02246,DERIVED,HIGH
S0138,funding_IPO (pending),2025-12-20,6650.0,INR Mn,INR,SRC02253,DERIVED,HIGH
S0138,funding_Secondary,2024-12-13,100.0,INR Mn,INR,SRC02262,DERIVED,HIGH
S0138,funding_Equity (Sunday PropTech),2025-09-23,50.0,INR Mn,INR,SRC02263,DERIVED,HIGH
S0138,funding_Equity (Sunday PropTech),2025-11-23,125.0,INR Mn,INR,SRC02264,DERIVED,HIGH
S0138,funding_Equity (Innov8),2025-01-28,110.0,INR Mn,INR,SRC02265,DERIVED,HIGH
S0144,funding_Seed,2023-02-23,1656.0,INR Mn,INR,SRC02304,DERIVED,
S0144,funding_Ecosystem,2024-11-20,837.0,INR Mn,INR,SRC02304,DERIVED,
S0144,funding_Strategic,2025-09-30,1156.95,INR Mn,INR,SRC02305,DERIVED,
S0144,funding_Seed,2023-02-23,406.47,INR Mn,INR,SRC02309,DERIVED,MEDIUM
S0144,funding_Seed,2024-11-20,136.34,INR Mn,INR,SRC02304,DERIVED,MEDIUM
S0144,funding_Seed,2024-11-28,79.52,INR Mn,INR,SRC02315,DERIVED,MEDIUM
S0144,funding_Series A,2025-09-30,1156.95,INR Mn,INR,SRC02305,DERIVED,HIGH
S0145,funding_Seed,2023-03-01,248.4,INR Mn,INR,SRC02326,DERIVED,
S0145,funding_Series A,2024-12-01,669.6,INR Mn,INR,SRC02326,DERIVED,
S0145,funding_Series B,2025-09-03,2399.6,INR Mn,INR,SRC02326,DERIVED,
S0146,funding_Series A,2025-05-12,1028.4,INR Mn,INR,SRC02346,DERIVED,
S0147,funding_Seed,2021-09-14,342.7,INR Mn,INR,SRC02365,DERIVED,
S0147,funding_Series A,2025-04-30,1028.4,INR Mn,INR,SRC02362,DERIVED,
S0148,funding_Seed,2025-07-22,428.5,INR Mn,INR,SRC02368,DERIVED,
S0148,funding_Series A,2026-01-22,2175.0,INR Mn,INR,SRC02369,DERIVED,
S0149,funding_Series E3,2025-03-27,2528.15,INR Mn,INR,SRC02386,DERIVED,HIGH
S0149,funding_Venture Debt,2025-05-27,1002.69,INR Mn,INR,SRC02392,DERIVED,MEDIUM
S0150,funding_Seed,2025-05-08,18682.6,INR Mn,INR,SRC02396,DERIVED,HIGH
S0150,funding_Seed (extension),2026-06-30,5394.0,INR Mn,INR,SRC02402,DERIVED,HIGH
S0151,funding_Series A,2025-12-02,617.04,INR Mn,INR,SRC02404,DERIVED,HIGH
S0152,funding_Series A (extension),2026-05-27,1452.9,INR Mn,INR,SRC02412,DERIVED,HIGH
S0153,funding_Series A,2024-11-05,837.0,INR Mn,INR,SRC02420,DERIVED,HIGH
S0153,funding_Pre-Series A,2022-04-05,353.25,INR Mn,INR,SRC02423,DERIVED,HIGH
S0153,funding_Seed,2019-08-06,66.65,INR Mn,INR,SRC02424,DERIVED,HIGH
S0154,funding_Pre-Series A,2024-08-13,418.5,INR Mn,INR,SRC02455,DERIVED,HIGH
S0154,funding_Series A (Tracxn variant),2025-12-10,490.2,INR Mn,INR,SRC02446,DERIVED,MEDIUM
S0156,funding_Series A (INR equivalent),2026-02-18,90.5,INR Mn,INR,SRC02473,DERIVED,HIGH
S0157,funding_Series A,2024,320.0,INR Mn,INR,,DERIVED,HIGH
S0157,funding_Seed,2022-01-01,157.0,INR Mn,INR,SRC02488,DERIVED,HIGH
S0158,funding_Series D,2022,3925.0,INR Mn,INR,,DERIVED,HIGH
S0158,funding_Series D7,2026-09-01,144.5,INR Mn,INR,SRC02495,DERIVED,HIGH
S0158,funding_Series D7 (MCA filing details),2026-09-01,144.47,INR Mn,INR,SRC02497,DERIVED,HIGH
S0159,funding_Seed,2022-04-01,560.49,INR Mn,INR,SRC02522,DERIVED,MEDIUM
S0159,funding_Series A,2022-08-17,3140.0,INR Mn,INR,SRC02513,DERIVED,HIGH
S0159,funding_Pre-Series B,2025-08-11,771.3,INR Mn,INR,SRC02512,DERIVED,HIGH
S0161,funding_Series A (ongoing/negotiating),2026-09-01,4350.0,INR Mn,INR,SRC02534,DERIVED,MEDIUM
S0162,funding_Seed,2020-03-09,23.68,INR Mn,INR,SRC02553,DERIVED,MEDIUM
S0162,funding_Series A,2022-03-31,389.44,INR Mn,INR,SRC02553,DERIVED,MEDIUM
S0162,funding_Series A-2,2023-08-23,310.44,INR Mn,INR,SRC02553,DERIVED,MEDIUM
S0162,funding_Series C,2026-09-01,170.0,INR Mn,INR,SRC02542,DERIVED,HIGH
S0162,funding_Series C (primary tranche),2026-09-02,90.66,INR Mn,INR,SRC02543,DERIVED,HIGH
S0163,funding_Series A,2015-11-05,1075.0,INR Mn,INR,SRC02565,DERIVED,MEDIUM
S0163,funding_Series E,2020-11-08,8140.0,INR Mn,INR,SRC02565,DERIVED,HIGH
S0163,funding_Series F,2022-02-09,7850.0,INR Mn,INR,SRC02565,DERIVED,HIGH
S0163,funding_Series G,2023-11-07,6624.0,INR Mn,INR,SRC02565,DERIVED,HIGH
S0164,funding_seed,2023-05-08,248.4,INR Mn,INR,SRC02581,DERIVED,HIGH
S0164,funding_pre-Series A,2026-09-08,348.0,INR Mn,INR,SRC02570,DERIVED,HIGH
S0164,funding_venture debt,2026-09-08,78.3,INR Mn,INR,SRC02571,DERIVED,HIGH
S0165,funding_Series A,2025-08-04,505.63,INR Mn,INR,SRC02591,DERIVED,HIGH
S0165,funding_Series B,2026-06-23,1305.0,INR Mn,INR,SRC02588,DERIVED,HIGH
S0167,funding_IPO,2026-03-30,1255.57,INR Mn,INR,SRC02605,DERIVED,HIGH
S0172,funding_Shark Tank India Deal,2026-01-01,3000.0,INR Mn,INR,SRC02641,DERIVED,MEDIUM
S0181,funding_private_equity,2026-01-01,31000.0,INR Mn,INR,SRC02700,DERIVED,HIGH
S0181,funding_private_equity,2026-07-01,7000.0,INR Mn,INR,SRC02701,DERIVED,HIGH
S0181,funding_equity,2026-05-01,55000.0,INR Mn,INR,SRC02700,DERIVED,HIGH
S0182,funding_ccps,2025,4850.0,INR Mn,INR,SRC02707,DERIVED,HIGH
S0183,funding_pre_series_c,2026-03-01,660.0,INR Mn,INR,SRC02714,DERIVED,HIGH
S0183,funding_series_c,2026-08-30,1855.0,INR Mn,INR,SRC02714,DERIVED,HIGH
S0185,funding_Seed,2023-11-27,207.0,INR Mn,INR,SRC02734,DERIVED,MEDIUM
S0185,funding_Seed,2024-04-15,209.25,INR Mn,INR,SRC02729,DERIVED,MEDIUM
S0185,funding_Series A,2024-09-20,418.5,INR Mn,INR,SRC02725,DERIVED,HIGH
S0194,funding_seed,2025-08-13,257.1,INR Mn,INR,SRC02772,DERIVED,HIGH
S0195,funding_Series C,2026-03-16,3132.0,INR Mn,INR,SRC02778,DERIVED,HIGH
S0196,funding_pre-IPO,2025-10-29,14220.0,INR Mn,INR,SRC02787,DERIVED,HIGH
S0197,funding_Series B,2025-08-25,2056.8,INR Mn,INR,SRC02794,DERIVED,HIGH
S0197,funding_Seed,2022-12-30,694.52,INR Mn,INR,SRC02795,DERIVED,HIGH
S0197,funding_Series A,2023-11-10,859.01,INR Mn,INR,SRC02795,DERIVED,HIGH
S0198,funding_pre-Series A,2026-09-09,391.5,INR Mn,INR,SRC02810,DERIVED,HIGH
S0208,funding_Series A,2025-07-24,1070.0,INR Mn,INR,SRC02863,DERIVED,HIGH
S0209,funding_Equity Raise,2021-02-01,12516.0,INR Mn,INR,SRC02877,DERIVED,MEDIUM
S0209,funding_PE Share Sale (CCPS),2023-04-09,60444.0,INR Mn,INR,SRC02877,DERIVED,HIGH
S0209,funding_IPO (DRHP filed),2026-05-15,52200.0,INR Mn,INR,SRC02874,DERIVED,HIGH
S0211,funding_Maiden Round,2026-08-25,1740.0,INR Mn,INR,SRC02904,DERIVED,HIGH
S0211,funding_Pre-seed / Talks,2026-06-09,2175.0,INR Mn,INR,SRC02903,DERIVED,MEDIUM
S0213,funding_Series A,2026-09-07,40.0,INR Mn,INR,SRC02924,DERIVED,HIGH
S0213,funding_Pre-Series A,2025-07-15,7.0,INR Mn,INR,SRC02925,DERIVED,HIGH
S0214,funding_Growth capital,2026-09-01,19.0,INR Mn,INR,SRC02943,DERIVED,HIGH
S0215,funding_Seed,2020-07-01,21.66,INR Mn,INR,SRC02951,DERIVED,HIGH
S0215,funding_Pre-Series A,2021-04-01,55.0,INR Mn,INR,SRC02954,DERIVED,HIGH
S0215,funding_Equity,2022-06-01,157.0,INR Mn,INR,SRC02950,DERIVED,HIGH
S0215,funding_Pre-Series A,2026-01-01,180.0,INR Mn,INR,SRC02948,DERIVED,HIGH
S0215,funding_Bridge Round,2021-09-30,20.0,INR Mn,INR,SRC02955,DERIVED,MEDIUM
S0215,funding_Pre-Series A,2024-03-01,20.0,INR Mn,INR,SRC02956,DERIVED,MEDIUM
S0216,funding_Seed,2022-10-01,157.0,INR Mn,INR,SRC02963,DERIVED,HIGH
S0217,funding_Growth capital,2026-08-01,2500.0,INR Mn,INR,SRC02968,DERIVED,HIGH
S0218,funding_Undisclosed,2024-07-01,418.5,INR Mn,INR,SRC02976,DERIVED,HIGH
S0224,funding_pre-seed,2026,43.5,INR Mn,INR,SRC03014,DERIVED,LOW
S0226,funding_Series A,2024-07-01,42.3,INR Mn,INR,SRC03024,DERIVED,HIGH
S0226,funding_Series B,2026-09-04,98.75,INR Mn,INR,SRC03020,DERIVED,HIGH
S0226,funding_Series B,2026-09-07,100.0,INR Mn,INR,SRC03019,DERIVED,MEDIUM
S0228,funding_Series C,2019-10-01,3010.0,INR Mn,INR,SRC03039,DERIVED,HIGH
S0228,funding_CPEF (Conflict/Unverified),2022,9812.5,INR Mn,INR,,DERIVED,LOW
S0234,funding_Series D,2024-09-24,5440.5,INR Mn,INR,SRC03084,DERIVED,HIGH
S0235,funding_Credit line / project financing,2026-09-01,2740.5,INR Mn,INR,SRC03087,DERIVED,HIGH
S0236,funding_Seed,2025-08-05,85.7,INR Mn,INR,SRC03092,DERIVED,HIGH
S0237,funding_Pre-Series B,2025-12-10,599.9,INR Mn,INR,SRC03097,DERIVED,HIGH
S0237,funding_Series A / debt mix,2022-12-07,1766.25,INR Mn,INR,SRC03099,DERIVED,MEDIUM
S0238,funding_Series E / equity,2025-11-20,2571.0,INR Mn,INR,SRC03101,DERIVED,HIGH
S0238,funding_Equity funding,2025-04-09,4940.61,INR Mn,INR,SRC03104,DERIVED,MEDIUM
S0238,funding_Seed,2013-04-04,63.12,INR Mn,INR,SRC03122,DERIVED,MEDIUM
S0238,funding_Seed,2014-11-29,55.47,INR Mn,INR,SRC03122,DERIVED,MEDIUM
S0238,funding_Series A,2015-06-15,344.0,INR Mn,INR,SRC03122,DERIVED,MEDIUM
S0238,funding_Series B,2017-03-07,860.0,INR Mn,INR,SRC03123,DERIVED,MEDIUM
S0238,funding_Series C,2019-03-07,2322.0,INR Mn,INR,SRC03124,DERIVED,MEDIUM
S0238,funding_Series D,2021-12-07,5215.0,INR Mn,INR,SRC03116,DERIVED,HIGH
S0238,funding_Series E,2022-05-13,3140.0,INR Mn,INR,SRC03117,DERIVED,HIGH
S0238,funding_Equity funding,2025-04-09,574.19,INR Mn,INR,SRC03108,DERIVED,HIGH
S0239,funding_pre-seed,2024-11-08,64.45,INR Mn,INR,SRC03138,DERIVED,MEDIUM
S0239,funding_Series A,2026-07-21,610.0,INR Mn,INR,SRC03136,DERIVED,HIGH
S0240,funding_seed,2026-01-20,104.4,INR Mn,INR,SRC03145,DERIVED,HIGH
S0241,funding_Series D,2026-01-01,7250.0,INR Mn,INR,SRC03160,DERIVED,HIGH
S0241,funding_Pre-Series B,2020-03-01,444.0,INR Mn,INR,SRC03157,DERIVED,MEDIUM
S0241,funding_Series B,2020-12-01,1554.0,INR Mn,INR,SRC03157,DERIVED,MEDIUM
S0241,funding_Series C,2022-01-18,4710.0,INR Mn,INR,SRC03157,DERIVED,HIGH
S0241,funding_Conventional Debt,2024-07-04,2444.04,INR Mn,INR,SRC03158,DERIVED,HIGH
S0241,funding_Conventional Debt,2024-10-28,1657.26,INR Mn,INR,SRC03161,DERIVED,HIGH
S0241,funding_Conventional Debt,2025-01-23,2571.0,INR Mn,INR,SRC03162,DERIVED,MEDIUM
S0241,funding_Series D,2026-01-02,7047.0,INR Mn,INR,SRC03156,DERIVED,HIGH
S0241,funding_Co-investment,2026-03-09,1113.6,INR Mn,INR,SRC03155,DERIVED,HIGH
S0241,funding_Conventional Debt,2025-01-23,250.0,INR Mn,INR,SRC03162,DERIVED,MEDIUM
S0242,funding_Series B,2021-10-11,9312.5,INR Mn,INR,SRC03169,DERIVED,HIGH
S0243,funding_seed,2026-08-04,130.5,INR Mn,INR,SRC03176,DERIVED,MEDIUM
S0246,funding_pre-seed,2026-08-11,6.0,INR Mn,INR,SRC03183,DERIVED,HIGH
S0255,funding_Series C,2022,7850.0,INR Mn,INR,SRC03225,DERIVED,
S0255,funding_Seed,2016-01-20,12.9,INR Mn,INR,SRC03229,DERIVED,MEDIUM
S0255,funding_Seed,2016-07-19,86.0,INR Mn,INR,SRC03229,DERIVED,MEDIUM
S0255,funding_Series A,2018-01-09,1135.26,INR Mn,INR,SRC03229,DERIVED,HIGH
S0255,funding_Series B,2019-07-09,3010.0,INR Mn,INR,SRC03236,DERIVED,HIGH
S0255,funding_Series C,2022-07-19,2355.0,INR Mn,INR,SRC03229,DERIVED,HIGH
S0256,funding_aggregate,2026,5120.0,INR Mn,INR,SRC03258,DERIVED,
S0256,funding_Pre-Series A,2022-02-07,392.5,INR Mn,INR,SRC03267,DERIVED,HIGH
S0256,funding_Series A,2023-08-30,1242.0,INR Mn,INR,SRC03259,DERIVED,HIGH
S0256,funding_Grant (Technology Adoption Fund),2026-06-11,246.0,INR Mn,INR,SRC03257,DERIVED,HIGH
S0256,funding_Aggregate,2026-08-21,2514.3,INR Mn,INR,SRC03265,DERIVED,MEDIUM
S0258,funding_Series J,2022-04-06,63192.5,INR Mn,INR,SRC03284,DERIVED,HIGH
S0258,funding_Series I,2022-01-01,35325.0,INR Mn,INR,SRC03293,DERIVED,MEDIUM
S0258,funding_Series I (CPPIB tranche),2022-01-01,2198.0,INR Mn,INR,SRC03293,DERIVED,HIGH
S0258,funding_Venture Debt,2024-02-07,502.2,INR Mn,INR,SRC03301,DERIVED,MEDIUM
S0258,funding_Series H,2021-02-01,7450.0,INR Mn,INR,SRC03302,DERIVED,MEDIUM
S0258,funding_Series F,2019-07-01,2150.0,INR Mn,INR,SRC03301,DERIVED,MEDIUM
S0263,funding_pre-seed,2025,85.7,INR Mn,INR,SRC03319,DERIVED,
S0278,funding_Seed,2011-10-16,43.0,INR Mn,INR,SRC03385,DERIVED,HIGH
S0278,funding_Series A,2012-10-16,550.4,INR Mn,INR,SRC03385,DERIVED,HIGH
S0278,funding_Series B,2017-09-11,1462.0,INR Mn,INR,SRC03386,DERIVED,HIGH
S0278,funding_Venture Debt,2022-09-13,628.0,INR Mn,INR,SRC03385,DERIVED,HIGH
S0278,funding_Series C,2023-01-31,749.99,INR Mn,INR,SRC03381,DERIVED,MEDIUM
S0278,funding_Series D (pre-IPO),2025-04-03,1750.0,INR Mn,INR,SRC03371,DERIVED,HIGH
S0283,funding_Angel,2017-09-11,26.83,INR Mn,INR,SRC03431,DERIVED,MEDIUM
S0283,funding_Series A,2018-06-05,1290.0,INR Mn,INR,SRC03423,DERIVED,HIGH
S0283,funding_Series B,2022-04-04,2355.05,INR Mn,INR,SRC03431,DERIVED,MEDIUM
S0283,funding_IPO (fresh issue),2025-07-23,650.0,INR Mn,INR,SRC03422,DERIVED,HIGH
S0283,funding_IPO (OFS),2025-07-23,50.0,INR Mn,INR,SRC03422,DERIVED,HIGH
S0285,funding_Growth Capital,2025-08-18,4600.0,INR Mn,INR,SRC03445,DERIVED,HIGH
S0286,funding_IPO,2010-09-17,6923.0,INR Mn,INR,SRC03450,DERIVED,HIGH
S0286,funding_Post-IPO Equity,2025-07-17,119980.0,INR Mn,INR,SRC03451,DERIVED,HIGH
S0287,funding_Series G,2025-12-12,7713.0,INR Mn,INR,SRC03457,DERIVED,HIGH
S0287,funding_Series F,2025-03-13,11141.0,INR Mn,INR,SRC03456,DERIVED,HIGH
S0287,funding_Series E,2021-11-24,18625.0,INR Mn,INR,SRC03457,DERIVED,HIGH
S0287,funding_Series F (extended),2025-06-01,13797.7,INR Mn,INR,SRC03455,DERIVED,HIGH
S0288,funding_Seed,2025-11-11,85.53,INR Mn,INR,SRC03461,DERIVED,HIGH
S0289,funding_Seed,2026-06-12,87.0,INR Mn,INR,SRC03467,DERIVED,HIGH
S0290,funding_Series A,2026-08-26,1827.0,INR Mn,INR,SRC03472,DERIVED,HIGH
S0291,funding_Equity Investment,2025-04-10,23567.5,INR Mn,INR,SRC03488,DERIVED,HIGH
S0292,funding_Series F,2026-02-13,4760.0,INR Mn,INR,SRC03494,DERIVED,HIGH
S0292,funding_Series F (earlier),2024,1422.9,INR Mn,INR,SRC03448,DERIVED,HIGH
S0292,funding_Series F (later),2026-06-22,6351.0,INR Mn,INR,SRC03496,DERIVED,HIGH
S0293,funding_Corporate Round,2025-12-04,10000.0,INR Mn,INR,SRC03500,DERIVED,HIGH
S0296,funding_venture (unspecified),2024-09-11,698.89,INR Mn,INR,SRC03523,DERIVED,MEDIUM
S0296,funding_Series A,2021-12-15,298.0,INR Mn,INR,SRC03521,DERIVED,HIGH
S0296,funding_Series A,2024-08-27,629.42,INR Mn,INR,SRC03516,DERIVED,MEDIUM
S0296,funding_Angel,2024-09-10,659.56,INR Mn,INR,SRC03513,DERIVED,HIGH
S0298,funding_Series X,2025-01-23,428.5,INR Mn,INR,SRC03530,DERIVED,MEDIUM
S0298,funding_pre-seed,2022-08-10,19.5,INR Mn,INR,SRC03531,DERIVED,LOW
S0299,funding_IPO,2026-08-18,14181.0,INR Mn,INR,SRC03534,DERIVED,HIGH
S0300,funding_pre-Series A,2025-11-11,22.0,INR Mn,INR,SRC03539,DERIVED,MEDIUM
S0301,funding_Series C,2024-05-08,8788.5,INR Mn,INR,SRC03542,DERIVED,MEDIUM
S0302,funding_Series A,2026-05-04,435.0,INR Mn,INR,SRC03546,DERIVED,MEDIUM
S0303,"funding_private equity (minority, undisclosed stake)",2026-08-01,300.0,INR Mn,INR,SRC03549,DERIVED,MEDIUM
S0304,funding_Series A,2026-04-01,2800.0,INR Mn,INR,SRC03551,DERIVED,HIGH
S0305,funding_Series A,2026-09-10,1157.1,INR Mn,INR,SRC03557,DERIVED,HIGH
S0305,funding_Seed,2025-10-01,257.1,INR Mn,INR,SRC03558,DERIVED,HIGH
S0306,funding_Series A,2025-05-28,257.1,INR Mn,INR,SRC03564,DERIVED,HIGH
S0308,funding_Series A,2026-08-18,1740.0,INR Mn,INR,SRC03579,DERIVED,HIGH
S0309,funding_Seed,2026-09-01,696.0,INR Mn,INR,SRC03582,DERIVED,HIGH
S0310,funding_Series F (unicorn),2020-11-01,14800.0,INR Mn,INR,SRC03607,DERIVED,HIGH
S0310,funding_Series E,2020-11-24,14800.0,INR Mn,INR,SRC03607,DERIVED,HIGH
S0310,funding_Series F,2021-09-08,25330.0,INR Mn,INR,SRC03603,DERIVED,HIGH
S0310,funding_Series G,2021-12-20,22350.0,INR Mn,INR,SRC03595,DERIVED,HIGH
S0310,funding_Series G (debt),2021-11-30,7450.0,INR Mn,INR,SRC03595,DERIVED,HIGH
S0310,funding_Corporate Round,2024-07-27,2499.28,INR Mn,INR,SRC03609,DERIVED,MEDIUM
S0312,funding_Series C,2025-09-22,1971.1,INR Mn,INR,SRC03627,DERIVED,HIGH
S0316,funding_Primary-Secondary,2025-08-19,2313.9,INR Mn,INR,SRC03644,DERIVED,HIGH
S0316,funding_Seed,2014,40.0,INR Mn,INR,SRC03650,DERIVED,HIGH
S0316,funding_Series A,2021-10-27,40.0,INR Mn,INR,SRC03659,DERIVED,HIGH
S0316,funding_Series B,2025-08-19,2313.9,INR Mn,INR,SRC03648,DERIVED,HIGH
S0316,funding_Series B,2025-08-19,110.0,INR Mn,INR,SRC03649,DERIVED,HIGH
S0316,funding_Secondary,2025-08-19,120.0,INR Mn,INR,SRC03649,DERIVED,HIGH
S0320,funding_Angel,2018-02-06,335.22,INR Mn,INR,SRC03686,DERIVED,MEDIUM
S0320,funding_Seed,2019-01-01,86.0,INR Mn,INR,SRC03675,DERIVED,MEDIUM
S0320,funding_Seed,2021-07-14,521.5,INR Mn,INR,SRC03678,DERIVED,MEDIUM
S0320,funding_Conventional Debt,2021-07-14,137.45,INR Mn,INR,SRC03686,DERIVED,MEDIUM
S0322,funding_Series A,2023-02-09,12420.0,INR Mn,INR,SRC03708,DERIVED,HIGH
S0322,funding_Series B,2023-10-06,4968.0,INR Mn,INR,SRC03699,DERIVED,HIGH
S0322,funding_Series C,2025-03-04,5999.0,INR Mn,INR,SRC03699,DERIVED,HIGH
S0322,funding_Corporate Restructuring,2026-01-22,38.5,INR Mn,INR,SRC03707,DERIVED,MEDIUM
S0322,funding_Series C (additional),2025-12-04,507.4,INR Mn,INR,SRC03704,DERIVED,MEDIUM
S0367,funding_Seed,2019-01-01,86.0,INR Mn,INR,SRC03935,DERIVED,MEDIUM
S0367,funding_Series A,2020-04-01,592.0,INR Mn,INR,SRC03941,DERIVED,HIGH
S0367,funding_Series A (second tranche),2021-01-01,745.0,INR Mn,INR,SRC03930,DERIVED,MEDIUM
S0367,funding_Series B (extension),2022-01-05,5652.0,INR Mn,INR,SRC03935,DERIVED,HIGH
S0367,funding_Series B (total),2022-01-05,8007.0,INR Mn,INR,SRC03936,DERIVED,HIGH
S0368,funding_Seed,2024-06-25,10.02,INR Mn,INR,SRC03947,DERIVED,MEDIUM
S0001,daily_transactions,FY25,300.0,million,,SRC00009,DERIVED,HIGH
S0001,annualised_tpv,FY25,1000.0,billion,,SRC00009,DERIVED,HIGH
S0001,enterprise_count,FY25,500.0,count,,SRC00019,DERIVED,HIGH
S0001,daily_transactions_historical,FY24,125.0,million,,SRC00029,DERIVED,MEDIUM
S0001,daily_transactions_historical,FY25 start,175.0,million,,SRC00009,DERIVED,HIGH
S0002,AUM,As-of-2025-12-31,13141.0,crore,,SRC00038,DERIVED,HIGH
S0002,AUM,FY25 (As-of-2025-03-31),10102.0,crore,,SRC00039,DERIVED,HIGH
S0002,AUM,FY26 (As-of-2026-03-31),15000.0,crore,,SRC00031,DERIVED,MEDIUM
S0002,total_disbursals,FY26 (Apr-2025..Mar-2026),30000.0,crore,,SRC00032,DERIVED,HIGH
S0002,total_disbursals,FY25,24647.0,crore,,SRC00039,DERIVED,HIGH
S0002,unique_loan_customers,cumulative,18000000.0,count,,SRC00031,DERIVED,HIGH
S0002,app_downloads,cumulative,230000000.0,count,,SRC00031,DERIVED,HIGH
S0002,registered_customers,cumulative,80000000.0,count,,SRC00065,DERIVED,MEDIUM
S0002,co_lending_book_share,FY25 (As-of-2025-03-31),42.0,percent,,SRC00039,DERIVED,HIGH
S0002,non_metro_customer_share,point-in-time,77.0,percent,,SRC00066,DERIVED,MEDIUM
S0002,repeat_borrower_share,point-in-time,80.0,percent,,SRC00039,DERIVED,HIGH
S0002,cibil_above_700_share,Since-Apr-2022,90.0,percent,,SRC00039,DERIVED,HIGH
S0003,lifetime registered users,As-of-July-2026,718.0,million,,SRC00078,DERIVED,HIGH
S0003,lifetime registered merchants,As-of-July-2026,50.0,million,,SRC00078,DERIVED,HIGH
S0003,customer transactions in month,July 2026,11.0,billion,,SRC00078,DERIVED,HIGH
S0003,daily transactions,As-of-August-2026,400.0,million,,SRC00078,DERIVED,HIGH
S0003,UPI market share,Jan 2026,50.0,percent,,SRC00070,DERIVED,MEDIUM
S0003,daily SIP base,As-of-August-2026,500000.0,count,,SRC00087,DERIVED,MEDIUM
S0005,daily_orders,As-of-2026-03,2330000.0,orders/day,,SRC00108,DERIVED,HIGH
S0005,annual_transacting_users,FY26,48000000.0,users,,SRC00108,DERIVED,HIGH
S0005,dark_stores,FY26,1139.0,stores,,SRC00108,DERIVED,HIGH
S0005,dark_stores_added_net,FY26,110.0,stores,,SRC00108,DERIVED,HIGH
S0005,daily_orders,point-in-time,1600000.0,orders/day,,SRC00104,DERIVED,HIGH
S0005,dark_stores,point-in-time,1000.0,stores,,SRC00104,DERIVED,HIGH
S0005,cities,point-in-time,80.0,cities,,SRC00110,DERIVED,MEDIUM
S0005,cities,FY26,66.0,cities,,SRC00108,DERIVED,HIGH
S0005,ad_vertical_arr,annualised,2000.0,crore,,SRC00110,DERIVED,MEDIUM
S0005,order_volume_cagr,FY24-FY26,119.5,percent,,SRC00108,DERIVED,HIGH
S0005,market_share_orders,FY26,35.0,percent,,SRC00108,DERIVED,HIGH
S0005,mature_store_ebitda_margin,point-in-time,6.5,percent,,SRC00108,DERIVED,MEDIUM
S0006,GPUs live,As-of-2026-02,1200.0,GPUs,,SRC00115,DERIVED,MEDIUM
S0006,GPU deployment target,FY27 target,20000.0,GPUs,,SRC00114,DERIVED,HIGH
S0006,Hyderabad data center cluster,Announced Apr 2025,400.0,MW,,SRC00124,DERIVED,HIGH
S0006,Revenue growth expectation,FY27,3.0,x,,SRC00132,DERIVED,MEDIUM
S0011,total_transacting_users,As of Sep 2026,23.2,million,,SRC00191,DERIVED,HIGH
S0011,total_transacting_users,FY25-26 (as of Mar 2026),21.6,million,,SRC00196,DERIVED,HIGH
S0011,active_users,FY25-26 (as of Mar 2026),16.7,million,,SRC00196,DERIVED,HIGH
S0011,active_users,As of Jun 2025,18.0,million,,SRC00215,DERIVED,HIGH
S0011,total_customer_assets,As of Sep 2026,3.67,trillion,,SRC00191,DERIVED,HIGH
S0011,total_customer_assets,FY25-26 (as of Mar 2026),2.96,trillion,,SRC00196,DERIVED,HIGH
S0011,mf_assets_on_platform,FY25-26 (as of Mar 2026),157000.0,crore,,SRC00196,DERIVED,HIGH
S0011,mf_assets_on_platform,Q1 FY27 (as of Jun 2026),191329.94,crore,,SRC00201,DERIVED,HIGH
S0011,groww_amc_aum,Q1 FY27 (as of Jun 2026),5491.0,crore,,SRC00201,DERIVED,HIGH
S0011,groww_amc_aum,As of latest quarter,5996.87,crore,,SRC00207,DERIVED,HIGH
S0011,sip_inflows,As of Sep 2026,121.11,billion,,SRC00191,DERIVED,HIGH
S0011,sip_inflows,FY25-26,46624.0,crore,,SRC00196,DERIVED,HIGH
S0011,mtf_net_book,As of Sep 2026,42.07,billion,,SRC00191,DERIVED,HIGH
S0011,registered_users,As of Nov 2025,18.0,million,,SRC00215,DERIVED,HIGH
S0011,nse_active_clients,Q2 FY26 (Sep 2025),11.9,million,,SRC00195,DERIVED,HIGH
S0011,first_time_investors,FY25-26,15.8,million,,SRC00196,DERIVED,HIGH
S0011,student_demat_accounts,Since inception,8.4,million,,SRC00196,DERIVED,HIGH
S0013,enterprise customers,As-of-2026-05,25.0,count,,SRC00241,DERIVED,MEDIUM
S0013,Kruti app downloads,As-of-2025-09,207000.0,count,,SRC00250,DERIVED,MEDIUM
S0013,revenue from Ola Group,FY25,90.0,percent,,SRC00251,DERIVED,MEDIUM
S0013,GPU compute capacity committed,As-of-2026-05,0.0,percent,,SRC00241,DERIVED,MEDIUM
S0016,learners,As-of-2026-05,10000000.0,learners,,SRC00305,DERIVED,MEDIUM
S0016,enterprise_clients,As-of-2026-04,3000.0,corporate partners,,SRC00307,DERIVED,MEDIUM
S0016,employees,As-of-2026-03,11544.0,employees,,SRC00309,DERIVED,MEDIUM
S0016,academic_industry_partners,As-of-2026-09,100.0,partners,,SRC00304,DERIVED,MEDIUM
S0016,countries,As-of-2026-09,85.0,countries,,SRC00330,DERIVED,MEDIUM
S0017,customers,As-of-2026-01,50000.0,teams,,SRC00331,DERIVED,HIGH
S0017,developer signups,As-of-2026-01,7000000.0,developers,,SRC00351,DERIVED,HIGH
S0017,tests per day,As-of-2026-01,3000000.0,tests/day,,SRC00331,DERIVED,HIGH
S0017,tests per year,As-of-2026-01,1000000000.0,tests/year,,SRC00351,DERIVED,HIGH
S0017,data centers,As-of-2026-01,21.0,data centers,,SRC00351,DERIVED,HIGH
S0017,real devices,As-of-2026-01,3500.0,devices,,SRC00351,DERIVED,HIGH
S0017,ARR milestone,FY2022,100.0,million USD,,SRC00345,DERIVED,HIGH
S0017,revenue growth,CY2025 y/y,19.3,percent,,SRC00342,DERIVED,MEDIUM
S0018,active_traders,As-of-2025-12,984242.0,count,,SRC00353,DERIVED,HIGH
S0018,clients,As-of-2026-02,1000000.0,count,,SRC00355,DERIVED,HIGH
S0018,market_share,As-of-2026-03,2.3,percent,,SRC00355,DERIVED,HIGH
S0018,app_downloads,As-of-2026-09,10000000.0,count,,SRC00360,DERIVED,HIGH
S0018,derivatives_trading_volume,FY26,1187000.0,crore,,SRC00355,DERIVED,HIGH
S0018,commodity_trading_volume,FY26,343000.0,crore,,SRC00355,DERIVED,HIGH
S0018,mtf_book,FY26,505.0,crore,,SRC00355,DERIVED,HIGH
S0018,active_users_seed,As-of-2023-12,300000.0,count,,SRC00366,DERIVED,HIGH
S0019,registered_users,"FY21 (as of Jun 30, 2021)",25000000.0,count,,SRC00389,DERIVED,MEDIUM
S0019,pharmeasy_orders,FY21,8800000.0,count,,SRC00389,DERIVED,MEDIUM
S0019,total_registrations,FY23 (as of Mar 2023),39000000.0,count,,SRC00390,DERIVED,MEDIUM
S0019,pharmeasy_revenue_fy26,FY26,1334.0,crore,,SRC00386,DERIVED,MEDIUM
S0019,monthly_break_even,Mar 2025,1.0,boolean,,SRC00392,DERIVED,MEDIUM
S0019,transacting_customers,FY21,2400000.0,count,,SRC00389,DERIVED,MEDIUM
S0019,pin_codes_serviced,FY23 (as of Mar 2023),19000.0,count,,SRC00390,DERIVED,MEDIUM
S0019,repeat_user_gmv_share,FY23,77.0,percent,,SRC00390,DERIVED,MEDIUM
S0019,average_order_value,FY23 (Mar 2023),2421.0,INR,,SRC00390,DERIVED,MEDIUM
S0019,gmv_per_customer,FY23 (Mar 2023),5868.0,INR,,SRC00390,DERIVED,MEDIUM
S0019,active_pharmacies_retailio,FY23 (Mar 2023),30000.0,count,,SRC00390,DERIVED,MEDIUM
S0021,nse_active_client_market_share,FY26 (March 2026),4.35,percent,,SRC00436,DERIVED,HIGH
S0021,active_clients_estimate,2026,2400000.0,clients,,SRC00438,DERIVED,MEDIUM
S0021,arpu_growth,FY26,40.0,percent,,SRC00431,DERIVED,HIGH
S0021,high_value_trader_retention,FY26,90.0,percent,,SRC00431,DERIVED,MEDIUM
S0021,nse_active_clients_total,FY26 (March 2026),4.57,crore,,SRC00436,DERIVED,HIGH
S0021,commodities_daily_turnover_growth,FY26,2.0,x,,SRC00431,DERIVED,MEDIUM
S0021,commodities_revenue_growth,FY26,100.0,percent,,SRC00431,DERIVED,MEDIUM
S0021,sip_platform_volume_growth,FY26,35.0,percent,,SRC00431,DERIVED,MEDIUM
S0021,margin_trade_facility_turnover_growth,FY26,2.0,x,,SRC00431,DERIVED,MEDIUM
S0029,customers,2022-06,2000.0,count,,SRC00558,DERIVED,MEDIUM
S0029,customers,FY25,1800.0,count,,SRC00571,DERIVED,MEDIUM
S0029,customers,2024,1000.0,count,,SRC00574,DERIVED,LOW
S0029,countries,2022-06,6.0,count,,SRC00570,DERIVED,HIGH
S0029,revenue_from_india,FY22,90.0,percent,,SRC00569,DERIVED,MEDIUM
S0029,employee_count,2022-06,1200.0,count,,SRC00570,DERIVED,MEDIUM
S0029,employee_count,2024-12,1300.0,count,,SRC00574,DERIVED,LOW
S0029,employee_count,2026-06,1063.0,count,,SRC00573,DERIVED,MEDIUM
S0032,fortune_500_clients,As-of-2026-09,140.0,companies,,SRC00599,DERIVED,MEDIUM
S0032,industries_served,As-of-2026-09,12.0,industries,,SRC00599,DERIVED,MEDIUM
S0032,years_in_operation,As-of-2026-09,20.0,years,,SRC00599,DERIVED,HIGH
S0032,employees_linkedin,As-of-2026-09,3684.0,employees,,SRC00603,DERIVED,MEDIUM
S0032,total_funding_raised,As-of-2026-09,210.01,million,,SRC00604,DERIVED,MEDIUM
S0032,eco_vadis_bronze,2025,1.0,award,,SRC00599,DERIVED,MEDIUM
S0034,developers,As-of-2025-07,40000000.0,users,,SRC00613,DERIVED,HIGH
S0034,organizations,As-of-2025-07,500000.0,orgs,,SRC00613,DERIVED,HIGH
S0034,fortune_500_adoption,As-of-2025-07,98.0,percent,,SRC00612,DERIVED,HIGH
S0034,web_traffic,Last 30d,2660000.0,visits,,SRC00616,DERIVED,MEDIUM
S0035,cards_issued_globally,As-of-2026-09-15,25000000.0,cards,,SRC00626,DERIVED,HIGH
S0035,employees,As-of-2026-09-15,1700.0,employees,,SRC00626,DERIVED,MEDIUM
S0035,daily_transactions,As-of-2024-10,2000000.0,transactions/day,,SRC00645,DERIVED,MEDIUM
S0035,payzapp_cardholders,As-of-2025-10,12000000.0,cardholders,,SRC00626,DERIVED,HIGH
S0035,arr_global,FY26E,100.0,million USD,,SRC00628,DERIVED,MEDIUM
S0035,bank_customers,As-of-2026-09-15,10.0,banks,,SRC00643,DERIVED,MEDIUM
S0035,fintech_customers,As-of-2026-09-15,25.0,fintechs,,SRC00643,DERIVED,MEDIUM
S0035,countries_operating,As-of-2026-09-15,7.0,countries,,SRC00626,DERIVED,HIGH
S0036,India e-retail GMV (market),FY2025,65.0,billion USD,,SRC00653,DERIVED,MEDIUM
S0036,India online shoppers,FY2025,290.0,million,,SRC00653,DERIVED,MEDIUM
S0036,India e-retail GMV projection 2030,FY2030,170.0,billion USD,,SRC00653,DERIVED,MEDIUM
S0036,Quick commerce GMV (market),FY2025,10.5,billion USD,,SRC00653,DERIVED,MEDIUM
S0036,Flipkart FY18 GMV (historical),FY2018,7.5,billion USD,,SRC00651,DERIVED,HIGH
S0036,Flipkart active users (historical),FY2018,54.0,million,,SRC00651,DERIVED,HIGH
S0037,driver_partners,As-of-2025,300000.0,count,,SRC00661,DERIVED,HIGH
S0037,driver_partners,As-of-2026,1500000.0,count,,SRC00659,DERIVED,MEDIUM
S0037,employees,As-of-2023,2600.0,count,,SRC00664,DERIVED,HIGH
S0037,revenue_growth,FY25,58.0,percent,,SRC00661,DERIVED,HIGH
S0037,customers,As-of-2026,10000000.0,count,,SRC00659,DERIVED,MEDIUM
S0037,customers,As-of-2025,2000000.0,count,,SRC00661,DERIVED,HIGH
S0037,trips,As-of-2026,100000000.0,count,,SRC00659,DERIVED,MEDIUM
S0037,cities,As-of-2025,22.0,count,,SRC00659,DERIVED,HIGH
S0037,countries,As-of-2026,3.0,count,,SRC00659,DERIVED,MEDIUM
S0037,customers_historical,As-of-2023,13000000.0,count,,SRC00664,DERIVED,HIGH
S0037,cities_historical,As-of-2023,19.0,count,,SRC00664,DERIVED,HIGH
S0038,Airlearn daily_active_users,As-of-2025-04,70000.0,users,,SRC00676,DERIVED,HIGH
S0038,Airlearn_monthly_active_users,As-of-2025-04,300000.0,users,,SRC00676,DERIVED,HIGH
S0038,Airlearn_paid_subscribers,As-of-2025-04,17500.0,subscribers,,SRC00676,DERIVED,HIGH
S0038,Airlearn_bookings_run_rate,As-of-2025-04,2.0,million USD,,SRC00676,DERIVED,HIGH
S0038,Airlearn_lessons_completed,past year (as-of-2025-04),20000000.0,lessons,,SRC00676,DERIVED,HIGH
S0038,Unacademy_youtube_views,cumulative,10000000000.0,views,,SRC00288,DERIVED,HIGH
S0038,Unacademy_total_users,cumulative,10000000.0,users,,SRC00288,DERIVED,HIGH
S0038,cash_burn,CY2025 target,200.0,crore INR,,SRC00677,DERIVED,HIGH
S0038,offline_centres_profitable,CY2025 target,70.0,percent,,SRC00677,DERIVED,MEDIUM
S0040,manufacturing_order_book,FY26,12370.0,Rs crore,,SRC00719,DERIVED,HIGH
S0040,owned_manufacturing_facilities,FY26,26.0,count,,SRC00718,DERIVED,HIGH
S0040,third_party_suppliers,FY26,6979.0,count,,SRC00718,DERIVED,HIGH
S0040,customer_count,FY26,1100.0,count,,SRC00717,DERIVED,HIGH
S0040,countries_served,FY26,19.0,count,,SRC00716,DERIVED,HIGH
S0040,international_revenue_share,FY26,30.0,percent,,SRC00718,DERIVED,HIGH
S0040,top10_customer_concentration,FY26,35.9,percent,,SRC00719,DERIVED,HIGH
S0042,platform reach (company claim),current,30000.0,brands,,SRC00770,DERIVED,MEDIUM
S0042,platform reach (company claim),current,2000000000.0,users,,SRC00770,DERIVED,MEDIUM
S0042,platform reach (company claim),current,150.0,countries,,SRC00770,DERIVED,MEDIUM
S0042,Glance smartphone installs,2024,450000000.0,smartphones,,SRC00760,DERIVED,MEDIUM
S0042,Glance revenue growth,FY24,90.0,percent YoY,,SRC00753,DERIVED,MEDIUM
S0042,North America revenue share,FY25 target,75.0,percent,,SRC00753,DERIVED,MEDIUM
S0042,InMobi Advertising exchange rank,2022,2.0,rank,,SRC00766,DERIVED,MEDIUM
S0044,cloud_kitchens,As-of-2024-12,450.0,kitchens,,SRC00786,DERIVED,HIGH
S0044,cities,As-of-2024-12,75.0,cities,,SRC00786,DERIVED,HIGH
S0044,kitchens_target_2029,By-2029,800.0,kitchens,,SRC00786,DERIVED,HIGH
S0044,cities_target_2029,By-2029,200.0,cities,,SRC00786,DERIVED,HIGH
S0044,wendy_stores,As-of-2024-12,160.0,stores,,SRC00786,DERIVED,HIGH
S0044,revenue_growth_yoy,FY25,14.0,percent,,SRC00788,DERIVED,HIGH
S0044,revenue_growth_yoy,FY26,21.0,percent,,SRC00792,DERIVED,MEDIUM
S0045,market_share,FY23,38.0,percent,,SRC00797,DERIVED,MEDIUM
S0045,retail_outlets,FY23,34000.0,count,,SRC00797,DERIVED,MEDIUM
S0045,countries_exported,FY23,22.0,count,,SRC00797,DERIVED,MEDIUM
S0045,unicorn_valuation,FY25,1000000000.0,USD,,SRC00803,DERIVED,MEDIUM
S0047,kirana_stores_served,As-of-2025-06-30,500000.0,stores,,SRC00835,DERIVED,HIGH
S0047,cities_served,As-of-2025-06-30,400.0,cities,,SRC00835,DERIVED,HIGH
S0047,brands_partnered,As-of-2025-06-30,2000.0,brands,,SRC00835,DERIVED,HIGH
S0047,kirana_stores_served,FY23,250000.0,stores,,SRC00843,DERIVED,HIGH
S0047,kirana_stores_served,As-of-2026-03,250000.0,stores,,SRC00836,DERIVED,HIGH
S0047,gmv,FY22,1100.0,crore,,SRC00844,DERIVED,HIGH
S0047,j24_stores_peak,Peak,100.0,stores,,SRC00838,DERIVED,MEDIUM
S0047,cities_operating,As-of-2024-07,21.0,cities,,SRC00838,DERIVED,MEDIUM
S0048,experience_centres,As-of-2026,123.0,count,,SRC00883,DERIVED,MEDIUM
S0048,cities_operational,As-of-2026,95.0,count,,SRC00883,DERIVED,MEDIUM
S0048,homes_delivered,As-of-2026,50000.0,count,,SRC00885,DERIVED,MEDIUM
S0048,designers,As-of-2026,3500.0,count,,SRC00885,DERIVED,MEDIUM
S0048,countries_operational,As-of-2026,4.0,count,,SRC00885,DERIVED,MEDIUM
S0048,gmv_runrate,FY22 Q1 (Apr 2022),350.0,million,,SRC00886,DERIVED,MEDIUM
S0048,cities_FY23,FY23 (as of Mar 2023),45.0,count,,SRC00865,DERIVED,HIGH
S0048,stores_FY25,FY25 (as of Oct 2025),150.0,count,,SRC00866,DERIVED,HIGH
S0049,transacting_users,LTM as of Nov 2025,234.2,million,,SRC00888,DERIVED,HIGH
S0049,annual_transacting_sellers,LTM as of Nov 2025,706471.0,count,,SRC00888,DERIVED,HIGH
S0049,active_content_creators,LTM as of Nov 2025,50000.0,count,,SRC00888,DERIVED,HIGH
S0049,annual_transacting_users,"As of Dec 31, 2024",187.0,million,,SRC00890,DERIVED,HIGH
S0049,annual_transacting_sellers,Q1 FY27 (Jun 2026),1040000.0,count,,SRC00897,DERIVED,HIGH
S0049,orders,Q1 FY27 (Jun 2026),725.0,million,,SRC00897,DERIVED,HIGH
S0049,active_sellers,Pre-IPO,575000.0,count,,SRC00898,DERIVED,HIGH
S0049,pin_codes_served,As of Apr 2023,26000.0,count,,SRC00901,DERIVED,HIGH
S0049,entrepreneurs_registered,As of Apr 2023,13000000.0,count,,SRC00901,DERIVED,HIGH
S0049,average_order_value,Pre-IPO,260.0,INR,,SRC00898,DERIVED,MEDIUM
S0051,daily rides,Mar 2025,3300000.0,rides,,SRC00928,DERIVED,HIGH
S0051,daily rides,Mar 2026,6500000.0,rides,,SRC00930,DERIVED,HIGH
S0051,daily rides,Jun 2026,7000000.0,rides,,SRC00936,DERIVED,MEDIUM
S0051,monthly active users,Jan-Mar 2026,36000000.0,users,,SRC00930,DERIVED,HIGH
S0051,active captains (monthly),Apr 2026,3000000.0,drivers,,SRC00960,DERIVED,HIGH
S0051,cities,2026,500.0,cities,,SRC00946,DERIVED,HIGH
S0051,cab drivers onboarded,Jun 2026,500000.0,drivers,,SRC00961,DERIVED,HIGH
S0051,bike taxi market share,Jun 2026,72.0,percent,,SRC00936,DERIVED,MEDIUM
S0051,total rides completed,cumulative,100000000.0,rides,,SRC00946,DERIVED,MEDIUM
S0051,monthly active users,Mar-May 2026,82000000.0,users,,SRC00930,DERIVED,HIGH
S0051,auto market share,Jun 2026,51.0,percent,,SRC00936,DERIVED,MEDIUM
S0051,cab market share,Jun 2026,31.0,percent,,SRC00936,DERIVED,MEDIUM
S0051,registered customers,2026,75000000.0,users,,SRC00962,DERIVED,MEDIUM
S0052,MAU_all_platforms,As-of-2026-08,325.0,million,,SRC00974,DERIVED,HIGH
S0052,MAU_all_platforms,FY23,325.0,million,,SRC00974,DERIVED,HIGH
S0052,MAU_all_platforms,FY25,200.0,million,,SRC00975,DERIVED,HIGH
S0052,monthly_active_users_historical,FY20,140.0,million,,SRC00976,DERIVED,HIGH
S0052,monthly_active_users_historical,FY20,160.0,million,,SRC00994,DERIVED,HIGH
S0052,employee_count,FY22,2800.0,count,,SRC00973,DERIVED,MEDIUM
S0052,employee_count,FY25,500.0,count,,SRC00973,DERIVED,HIGH
S0052,MAU_sharechat_app,As-of-2026-08,110.0,million,,SRC00974,DERIVED,HIGH
S0052,MAU_moj,As-of-2026-08,100.0,million,,SRC00974,DERIVED,HIGH
S0052,daily_video_plays,As-of-2026-08,1100.0,million,,SRC00974,DERIVED,HIGH
S0052,daily_video_plays_moj,As-of-2026-08,1300.0,million,,SRC00974,DERIVED,HIGH
S0052,creator_community_sharechat,As-of-2026-08,1500.0,thousand,,SRC00974,DERIVED,HIGH
S0052,creator_community_moj,As-of-2026-08,550.0,thousand,,SRC00974,DERIVED,HIGH
S0052,quicktv_downloads,As-of-2026-08,50.0,million,,SRC00974,DERIVED,HIGH
S0052,quicktv_subscribers,As-of-2026-08,73.0,million,,SRC00974,DERIVED,HIGH
S0052,quicktv_downloads,As-of-2025-09,15.0,million,,SRC00975,DERIVED,HIGH
S0052,micro_drama_monthly_users,FY25,35.0,million,,SRC00975,DERIVED,HIGH
S0052,content_shared_per_month,As-of-2026-08,165.0,million,,SRC00995,DERIVED,HIGH
S0052,video_views_per_month,As-of-2026-08,280.0,billion,,SRC00995,DERIVED,HIGH
S0052,average_daily_time_spent,As-of-2026-08,34.0,minutes,,SRC00995,DERIVED,HIGH
S0052,languages_supported,As-of-2026-08,15.0,count,,SRC00056,DERIVED,HIGH
S0053,registered_job_seekers,As-of-2026-09-15,50000000.0,count,,SRC01008,DERIVED,HIGH
S0053,registered_employers_msmes,As-of-2026-09-15,700000.0,count,,SRC01008,DERIVED,HIGH
S0053,career_opportunities_listed,As-of-2026-09-15,5000000.0,count,,SRC01008,DERIVED,HIGH
S0053,job_applications,Q1-2025,18100000.0,count,,SRC00999,DERIVED,HIGH
S0053,app_downloads,As-of-2026-09-15,50000000.0,count,,SRC01008,DERIVED,HIGH
S0053,employee_count,As-of-2025-08-31,745.0,count,,SRC00998,DERIVED,MEDIUM
S0053,enterprise_ai_contracts,45-days-from-Oct-2025,6000000.0,USD,,SRC01006,DERIVED,MEDIUM
S0053,core_business_growth,2025,52.0,percent,,SRC01006,DERIVED,MEDIUM
S0053,recruiters_verified_ai,Aug-Sep 2025,146000.0,count,,SRC01006,DERIVED,MEDIUM
S0053,ai_interviews_completed,As-of-Jun-2025,3900000.0,minutes,,SRC00998,DERIVED,MEDIUM
S0055,vehicles_sold,FY25,3050.0,vehicles,,SRC01025,DERIVED,HIGH
S0055,vehicles_sold,FY26,6528.0,vehicles,,SRC01039,DERIVED,HIGH
S0055,vehicles_sold,H1-FY27 (Apr-Jul 2026),5318.0,vehicles,,SRC01039,DERIVED,HIGH
S0055,market_share_3w_cargo,FY26,10.0,percent,,SRC01025,DERIVED,MEDIUM
S0055,market_share_4w_cargo,FY26,20.0,percent,,SRC01025,DERIVED,MEDIUM
S0055,cities_operating,FY26,112.0,cities,,SRC01039,DERIVED,HIGH
S0055,production_capacity,As-of 2024,36000.0,vehicles/year,,SRC01032,DERIVED,HIGH
S0055,monthly_production,FY26,1000.0,vehicles/month,,SRC01025,DERIVED,MEDIUM
S0055,backorder,As-of Oct 2022,9000.0,vehicles,,SRC01031,DERIVED,MEDIUM
S0055,showrooms,FY26,100.0,showrooms,,SRC01040,DERIVED,MEDIUM
S0061,women/girls reached per month,As-of-2026-09-07,3000000.0,count,,SRC01124,DERIVED,LOW
S0061,annualised revenue run rate,FY26-run-rate,500.0,crore,,SRC01124,DERIVED,LOW
S0061,EBITDA positive,Q2 FY25,1.0,boolean,,SRC01126,DERIVED,MEDIUM
S0061,customer retention beyond 12 months,As-of-2022,50.0,percent,,SRC01128,DERIVED,MEDIUM
S0062,monthly_orders,FY25,600000.0,orders,,SRC01146,DERIVED,MEDIUM
S0062,mobile_app_installs,As-of-2026-09-15,7000000.0,installs,,SRC01145,DERIVED,MEDIUM
S0062,unique_users,As-of-2026-09-15,1000000.0,users,,SRC01145,DERIVED,MEDIUM
S0062,total_savings,As-of-2026-09-15,150.0,crore,,SRC01145,DERIVED,MEDIUM
S0062,products_listed,As-of-2026-09-15,180000.0,products,,SRC01145,DERIVED,MEDIUM
S0062,doctor_consultations,As-of-2026-09-15,3000000.0,consultations,,SRC01145,DERIVED,MEDIUM
S0062,doctors_active,As-of-2026-09-15,600.0,doctors,,SRC01145,DERIVED,MEDIUM
S0062,pharmacists,As-of-2026-09-15,100.0,pharmacists,,SRC01145,DERIVED,MEDIUM
S0062,pincodes_served,As-of-2026-09-15,20000.0,pincodes,,SRC01145,DERIVED,MEDIUM
S0062,fulfillment_centers,FY25,19.0,centers,,SRC01146,DERIVED,HIGH
S0062,monthly_customers_avg,FY25,500000.0,customers,,SRC01138,DERIVED,MEDIUM
S0063,combined AUM post acquisitions,As-of-2026-03-18,2000.0,crore,,SRC01165,DERIVED,MEDIUM
S0063,customers (CHFL base),As-of-2026-03-18,18000.0,count,,SRC01165,DERIVED,MEDIUM
S0063,branches,As-of-2026-03-18,100.0,count,,SRC01165,DERIVED,MEDIUM
S0063,total funding raised,Cumulative through 2026-03,326.0,million,,SRC01169,DERIVED,MEDIUM
S0063,acquisition spend (CIHL),2025-08,267.0,crore,,SRC01164,DERIVED,HIGH
S0064,registered_users,As-of-2026-07,40000000.0,count,,SRC01189,DERIVED,MEDIUM
S0064,cities_operating,As-of-2026-09,6.0,count,,SRC01188,DERIVED,HIGH
S0064,NoBrokerHood_cities,As-of-2026-09,11.0,count,,SRC01188,DERIVED,HIGH
S0064,NoBrokerHood_societies,As-of-2026-09,25000.0,count,,SRC01188,DERIVED,HIGH
S0064,NoBrokerHood_families,As-of-2026-09,4800000.0,count,,SRC01188,DERIVED,HIGH
S0066,contracts_closed_value,As-of-2025-12-16,25000000.0,USD,,SRC01209,DERIVED,MEDIUM
S0066,satellites_deployed,As-of-2025-01-14,1.0,count,,SRC01226,DERIVED,HIGH
S0066,satellites_planned,2026-2027,15.0,count,,SRC01209,DERIVED,MEDIUM
S0066,revenue_growth,2023-2025,10.0,x,,SRC01209,DERIVED,MEDIUM
S0066,revenue_target,By end CY2026,25000000.0,USD,,SRC01217,DERIVED,MEDIUM
S0066,manufacturing_capacity,As-of-2026,30.0,satellites/year,,SRC01217,DERIVED,MEDIUM
S0066,mosaic_sensor_nodes,As-of-2026-08-18,5.0,count,,SRC01218,DERIVED,HIGH
S0067,registered_users,As-of-2022-03,100.0,million,,SRC01237,DERIVED,MEDIUM
S0067,ipl_partnership,FY25-FY29 (5 years),625.0,crore,,SRC01238,DERIVED,MEDIUM
S0067,employee_count,As-of-2025-07,777.0,count,,SRC01240,DERIVED,MEDIUM
S0067,revenue_usd,FY25,264514128.78,USD,,SRC01241,DERIVED,LOW
S0068,revenue_scale,FY25,18472.0,crore,,SRC01256,DERIVED,HIGH
S0068,revenue_scale,FY26,20000.0,crore,,SRC01260,DERIVED,MEDIUM
S0068,rmc_market_position,FY25,2.0,rank,,SRC01258,DERIVED,MEDIUM
S0068,manufacturing_units,FY25,250.0,count,,SRC01258,DERIVED,MEDIUM
S0068,retail_touchpoints,FY25,10000.0,count,,SRC01258,DERIVED,MEDIUM
S0068,rmc_plants,FY25,100.0,count,,SRC01272,DERIVED,MEDIUM
S0068,employee_count,March 2026,5929.0,count,,SRC01264,DERIVED,MEDIUM
S0068,total_funding_raised,cumulative,740.44,million,,SRC01263,DERIVED,HIGH
S0070,loan_book_outstanding,FY26,13000.0,crore,,SRC00082,DERIVED,HIGH
S0070,new_customers_per_day,FY26,100000.0,count,,SRC00082,DERIVED,HIGH
S0070,UPI_transactions,July 2026,947000000.0,count,,SRC01286,DERIVED,HIGH
S0070,loan_book_outstanding,FY26,13000.0,crore,,SRC00082,DERIVED,HIGH
S0070,total_disbursements,FY26,23287.0,crore,,SRC00082,DERIVED,HIGH
S0070,gross_NPA_ratio,FY26,1.3,percent,,SRC00082,DERIVED,HIGH
S0070,net_NPA_ratio,FY26,0.3,percent,,SRC00082,DERIVED,HIGH
S0070,new_customers_per_day,FY26,100000.0,count,,SRC00082,DERIVED,HIGH
S0070,repeat_customer_share,FY26,75.0,percent,,SRC00082,DERIVED,HIGH
S0070,new_to_credit_share,FY26,1.0,percent,,SRC00082,DERIVED,HIGH
S0070,UPI_transactions,July 2026,947000000.0,count,,SRC01286,DERIVED,HIGH
S0070,UPI_transactions_value,July 2026,483180000000.0,INR,,SRC01286,DERIVED,HIGH
S0070,UPI_rank,Ongoing,4.0,rank,,SRC00082,DERIVED,HIGH
S0070,collection_touchpoints,FY26,90.0,count,,SRC00082,DERIVED,HIGH
S0070,inhouse_collections_share,FY26,50.0,percent,,SRC00082,DERIVED,HIGH
S0070,RoA,FY26,2.2,percent,,SRC00082,DERIVED,HIGH
S0070,NIM,FY26,13.0,percent,,SRC00082,DERIVED,HIGH
S0070,average_yield,FY26,20.0,percent,,SRC00082,DERIVED,HIGH
S0070,cost_of_borrowing,FY26,10.5,percent,,SRC00082,DERIVED,HIGH
S0070,personal_loan_avg_ticket,FY26,140000.0,INR,,SRC00082,DERIVED,HIGH
S0070,LAP_avg_ticket,FY26,3000000.0,INR,,SRC00082,DERIVED,HIGH
S0070,personal_loan_share_of_book,FY26,90.0,percent,,SRC00082,DERIVED,HIGH
S0071,farmers_linked,As-of-2026-07,150000.0,count,,SRC01309,DERIVED,HIGH
S0071,retailers_served,As-of-2026-07,30000.0,count,,SRC01309,DERIVED,HIGH
S0071,resellers_served,As-of-2026-07,5000.0,count,,SRC01309,DERIVED,HIGH
S0071,daily_produce_volume,As-of-2026-07,1500.0,tonnes,,SRC01309,DERIVED,HIGH
S0071,cities_served,As-of-2026-07,40.0,count,,SRC01308,DERIVED,HIGH
S0071,product_categories,As-of-2026-07,150.0,count,,SRC01308,DERIVED,HIGH
S0071,ebitda_profitability,As-of-2026-07,1.0,boolean,,SRC01308,DERIVED,HIGH
S0071,core_business_growth,FY25-FY26,3.0,x,,SRC01308,DERIVED,MEDIUM
S0071,locations_presence,Oct-2023,70.0,count,,SRC01315,DERIVED,MEDIUM
S0071,farmers_helped_historical,As-of-2022-01,100000.0,count,,SRC01311,DERIVED,MEDIUM
S0072,merchants_served,As-of-2025,500000.0,count,,SRC01357,DERIVED,MEDIUM
S0072,merchants_served,As-of-2020,140000.0,count,,SRC01335,DERIVED,MEDIUM
S0072,pos_terminals,As-of-2020,330000.0,count,,SRC01358,DERIVED,MEDIUM
S0072,annualized_payment_volume,As-of-2020,30000000000.0,USD,,SRC01335,DERIVED,MEDIUM
S0072,annualized_gtv_gift_cards,As-of-2019,1500000000.0,USD,,SRC01359,DERIVED,MEDIUM
S0072,digital_checkout_points,FY24,1270000.0,count,,SRC01360,DERIVED,MEDIUM
S0072,annualized_payment_volume,FY26,100000000000.0,USD,,SRC01331,DERIVED,MEDIUM
S0072,online_payments_revenue_growth,Q3 FY26 YoY,50.0,percent,,SRC01351,DERIVED,MEDIUM
S0072,gtv,Q3 FY26,51000000000.0,USD,,SRC01361,DERIVED,MEDIUM
S0075,daily_active_users,As-of-2026-03,700000.0,count,,SRC01434,DERIVED,MEDIUM
S0075,market_share_smart_rings,Q3 2025,25.0,percent,,SRC01434,DERIVED,MEDIUM
S0075,retail_outlets,As-of-2024-04,150.0,count,,SRC01435,DERIVED,HIGH
S0075,manufacturing_capacity_texas,Target 2025,500000.0,units/year,,SRC01409,DERIVED,HIGH
S0075,countries_served,As-of-2024-12,10.0,count,,SRC01410,DERIVED,MEDIUM
S0075,blood_vision_states,As-of-2025-07,48.0,count,,SRC01423,DERIVED,HIGH
S0076,cafe count,Aug 2026,240.0,outlets,,SRC01438,DERIVED,HIGH
S0076,cafe count by city,As of 2026-09,23.0,Bengaluru locations,,SRC01442,DERIVED,MEDIUM
S0076,cafe count by city,As of 2026-09,9.0,Delhi NCR locations,,SRC01442,DERIVED,MEDIUM
S0076,cafe count by city,As of 2026-09,4.0,Hyderabad locations,,SRC01442,DERIVED,MEDIUM
S0076,cafe count by city,As of 2026-09,3.0,Gurugram locations,,SRC01442,DERIVED,MEDIUM
S0076,revenue growth,FY26 vs FY25,30.0,percent,,SRC01438,DERIVED,HIGH
S0076,annual store additions,Ongoing,80.0,stores/year,,SRC01438,DERIVED,HIGH
S0076,cafe_count,As-of-2026-08,240.0,cafes,,SRC01449,DERIVED,HIGH
S0076,cafe_count_website,As-of-2026-09,204.0,cafes,,SRC01450,DERIVED,HIGH
S0076,revenue_growth,FY26 vs FY25,30.0,percent,,SRC01438,DERIVED,MEDIUM
S0076,employee_count,As-of-2026-05-01,2116.0,employees,,SRC01446,DERIVED,MEDIUM
S0078,GTV,FY25,59093.0,crore,,SRC01473,DERIVED,MEDIUM
S0078,transactions,FY25,186108.0,count,,SRC01473,DERIVED,MEDIUM
S0078,loan_disbursal,FY26,87831.0,crore,,SRC01468,DERIVED,MEDIUM
S0078,loan_disbursal,FY25,61000.0,crore,,SRC01469,DERIVED,MEDIUM
S0078,properties_listed,FY25,1000000.0,count,,SRC01469,DERIVED,MEDIUM
S0078,homebuyers_served,cumulative,8000000.0,count,,SRC01469,DERIVED,MEDIUM
S0078,agents_on_platform,cumulative,80000.0,count,,SRC01469,DERIVED,MEDIUM
S0078,countries_operating,FY25,9.0,count,,SRC01469,DERIVED,MEDIUM
S0078,cities_operating,FY25,100.0,count,,SRC01469,DERIVED,MEDIUM
S0085,consolidated_revenue,FY26,20645.0,crore,,SRC01530,DERIVED,HIGH
S0085,oxyzo_aum,As-of-2026,11000.0,crore,,SRC01542,DERIVED,HIGH
S0085,oxyzo_total_disbursed,Cumulative,77000.0,crore,,SRC01542,DERIVED,HIGH
S0085,oxyzo_sme_customers,As-of-2026,100000.0,count,,SRC01542,DERIVED,HIGH
S0085,ofbusiness_sme_customers,FY25,50000.0,count,,SRC01531,DERIVED,MEDIUM
S0085,consignments_delivered,FY2024,170000.0,count,,SRC01554,DERIVED,MEDIUM
S0085,oxyzo_loan_book,Q2 FY25,6850.0,crore,,SRC01559,DERIVED,HIGH
S0085,bidAssist_businesses,As-of-2026,1500000.0,count,,SRC01540,DERIVED,MEDIUM
S0085,nexizo_data_points,Annual,25000000.0,count,,SRC01554,DERIVED,MEDIUM
S0085,oxyzo_gross_npa,FY24,1.0,percent,,SRC01531,DERIVED,HIGH
S0085,oxyzo_states_covered,As-of-2025,20.0,count,,SRC01550,DERIVED,HIGH
S0085,ofbusiness_employee_count,FY26,30000.0,count,,SRC01567,DERIVED,MEDIUM
S0085,ofbusiness_revenue_usd,FY25,2500.0,million,,SRC01554,DERIVED,MEDIUM
S0087,monthly_orders,As-of-2026-09,1000000.0,orders,,SRC01587,DERIVED,HIGH
S0087,daily_orders,Mar 2026,20000.0,orders,,SRC01582,DERIVED,MEDIUM
S0087,monthly_order_growth,Mar-2026 to Sep-2026,3.0,x,,SRC01587,DERIVED,HIGH
S0087,on_time_delivery_rate,As-of-2026-09,80.0,percent,,SRC01587,DERIVED,HIGH
S0087,average_preparation_time,As-of-2026-09,4.0,minutes,,SRC01587,DERIVED,HIGH
S0087,kitchen_count,As-of-2026-09,50.0,pincodes,,SRC01587,DERIVED,MEDIUM
S0087,skus,As-of-2026-09,250.0,SKUs,,SRC01587,DERIVED,HIGH
S0087,employee_count,Aug 2025,697.0,employees,,SRC01596,DERIVED,MEDIUM
S0090,schools,As-of-2026-09,2500.0,schools,,SRC01615,DERIVED,HIGH
S0090,educators,As-of-2026-09,250000.0,educators,,SRC01615,DERIVED,HIGH
S0090,countries,As-of-2026-09,17.0,countries,,SRC01621,DERIVED,HIGH
S0090,ib_schools_pct,As-of-2023-01,20.0,percent,,SRC01613,DERIVED,HIGH
S0090,arr,FY25/As-of-2026-06,25.0,million,,SRC01612,DERIVED,MEDIUM
S0090,revenue_from_us,FY25,33.3,percent,,SRC01612,DERIVED,MEDIUM
S0090,revenue_from_india,As-of-2023-01,6.5,percent,,SRC01613,DERIVED,HIGH
S0092,fleet_size,As-of-2026-07,40.0,aircraft,,SRC01671,DERIVED,HIGH
S0092,passengers_flown_cumulative,Since-launch-Aug-2022,28.0,million,,SRC01672,DERIVED,HIGH
S0092,domestic_destinations,As-of-2026-07,28.0,cities,,SRC01643,DERIVED,HIGH
S0092,international_destinations,As-of-2026-07,7.0,cities,,SRC01643,DERIVED,HIGH
S0092,boeing_firm_order,Order-book,226.0,aircraft,,SRC01642,DERIVED,HIGH
S0092,weekly_departures,FY25,1000.0,flights,,SRC01638,DERIVED,MEDIUM
S0092,market_share,2026-Q2,5.1,percent,,SRC01657,DERIVED,LOW
S0093,outlets,As-of-2026,300.0,count,,SRC01680,DERIVED,MEDIUM
S0093,cities,As-of-2026,7.0,count,,SRC01680,DERIVED,MEDIUM
S0093,meals_per_day,As-of-2026,22000.0,count,,SRC01680,DERIVED,MEDIUM
S0093,brands,As-of-2025,16.0,count,,SRC01683,DERIVED,HIGH
S0093,meals_per_month,FY22,1500000.0,count,,SRC01677,DERIVED,MEDIUM
S0093,kitchens,FY22,150.0,count,,SRC01677,DERIVED,MEDIUM
S0093,revenue_growth_yoy,FY25,45.4,percent,,SRC01679,DERIVED,MEDIUM
S0093,revenue_growth_yoy,FY24,60.0,percent,,SRC01682,DERIVED,MEDIUM
S0094,learners,As-of-2026-09,350000.0,count,,SRC01699,DERIVED,HIGH
S0094,university_partners,As-of-2026-09,80.0,count,,SRC01699,DERIVED,HIGH
S0094,revenue_growth_FY24,FY24,12.4,percent,,SRC01716,DERIVED,HIGH
S0094,EBITDA_loss_reduction,FY24,83.5,percent,,SRC01717,DERIVED,HIGH
S0094,enterprise_L&D_revenue_share,FY25,20.0,percent,,SRC01709,DERIVED,MEDIUM
S0094,India_revenue_share,FY25,28.0,percent,,SRC01708,DERIVED,MEDIUM
S0095,revenue_growth_yoy,FY25,182.0,percent,,SRC01722,DERIVED,HIGH
S0095,revenue_from_operations,FY25,299.0,crore,,SRC01729,DERIVED,HIGH
S0095,employee_count,as of May 2026,233.0,count,,SRC01732,DERIVED,MEDIUM
S0095,app_downloads,as of 2026,10000000.0,count,,SRC00056,DERIVED,LOW
S0095,app_rating,as of 2026,4.6,stars,,SRC00056,DERIVED,LOW
S0095,channel_mix_own_website,2025,25.0,percent,,SRC01735,DERIVED,MEDIUM
S0096,students_served,As-of-2025-01,1000000.0,count,,SRC01740,DERIVED,MEDIUM
S0096,university_partners,As-of-2025-01,1000.0,count,,SRC01740,DERIVED,MEDIUM
S0096,students_served,As-of-2022-06,2000000.0,count,,SRC01742,DERIVED,MEDIUM
S0096,students_traveled_abroad,FY22,60000.0,count,,SRC01742,DERIVED,MEDIUM
S0096,students_expected_abroad,FY23,175000.0,count,,SRC01742,DERIVED,MEDIUM
S0096,community_members,As-of-2021-03,500000.0,count,,SRC01748,DERIVED,MEDIUM
S0096,monthly_active_users,As-of-2021-02,200000.0,count,,SRC01748,DERIVED,MEDIUM
S0096,countries_operating,As-of-2025-01,11.0,count,,SRC01741,DERIVED,HIGH
S0096,revenue_from_india,As-of-2025-01,80.0,percent,,SRC01741,DERIVED,HIGH
S0096,employee_count,As-of-2025-08,848.0,count,,SRC01747,DERIVED,MEDIUM
S0096,offline_centres_planned,FY2026,15.0,count,,SRC01752,DERIVED,LOW
S0098,total_client_assets,As-of-2026-06-30,130000.0,crore,,SRC01765,DERIVED,MEDIUM
S0098,ARR_AUM,As-of-2026-06-30,50000.0,crore,,SRC01765,DERIVED,MEDIUM
S0098,senior_wealth_advisors,As-of-2026-07-17,150.0,count,,SRC01765,DERIVED,MEDIUM
S0098,cities_operating,As-of-2026-07-17,30.0,count,,SRC01765,DERIVED,MEDIUM
S0098,total_employees,As-of-2026-07-17,850.0,count,,SRC01765,DERIVED,MEDIUM
S0098,assets_under_advice,As-of-2023-10,3000.0,crore,,SRC01770,DERIVED,MEDIUM
S0098,private_credit_fund_first_close,As-of-2025-11,2000.0,crore,,SRC01769,DERIVED,MEDIUM
S0100,active_designer_brands,As-of-2026-03-31,1109.0,brands,,SRC01786,DERIVED,HIGH
S0100,experience_centres,As-of-2025-03,15.0,centres,,SRC01783,DERIVED,HIGH
S0100,gross_sales_run_rate,FY23,100.0,million USD,,SRC01784,DERIVED,MEDIUM
S0100,cagr_fy21_to_fy24,FY21-FY24,100.0,percent,,SRC01783,DERIVED,MEDIUM
S0100,ipo_subscription_total,Aug 31-Sep 2 2026,1.29,x,,SRC01786,DERIVED,HIGH
S0100,ipo_listing_discount,Sep 7 2026,6.96,percent,,SRC01786,DERIVED,HIGH
S0104,QKD network distance,As-of-2026-04,1000.0,km,,SRC01819,DERIVED,HIGH
S0104,QKD network distance (earlier milestone),As-of-2025-11,500.0,km,,SRC01819,DERIVED,HIGH
S0104,Navy quantum encryption systems ordered,As-of-2023,28.0,systems,,SRC01819,DERIVED,MEDIUM
S0104,Army first procurement order,2022-08-14,1.0,order,,SRC01819,DERIVED,HIGH
S0104,Patents granted,As-of-2026-09,12.0,patents,,SRC01819,DERIVED,HIGH
S0104,Employee count,As-of-2025-08,118.0,employees,,SRC01817,DERIVED,MEDIUM
S0106,service locations,As-of-2025-03,502.0,locations,,SRC01837,DERIVED,HIGH
S0106,cloud kitchens,As-of-2026-09,281.0,kitchens,,SRC01841,DERIVED,MEDIUM
S0106,kiosks,As-of-2026-09,99.0,kiosks,,SRC01841,DERIVED,MEDIUM
S0106,cities,As-of-2026-09,40.0,cities,,SRC01841,DERIVED,MEDIUM
S0106,brands crossing ₹100Cr ARR,As-of-2025-06,4.0,brands,,SRC01837,DERIVED,HIGH
S0106,employees,As-of-2026,3254.0,employees,,SRC01847,DERIVED,MEDIUM
S0108,on_chain_verifications,As-of-2026-03,100000.0,count,,SRC01873,DERIVED,MEDIUM
S0108,employee_count,As-of-2026-08,17.0,count,,SRC01872,DERIVED,MEDIUM
S0108,global_profiles_affected,As-of-2026-03,500000000.0,count,,SRC01873,DERIVED,LOW
S0109,monthly_active_users,As-of-2026-01,27.0,million,,SRC01877,DERIVED,MEDIUM
S0109,minutes_per_month,As-of-2026-01,2.0,billion,,SRC01877,DERIVED,MEDIUM
S0109,paying_users,As-of-2025-04,1.5,million,,SRC01879,DERIVED,MEDIUM
S0109,arr,FY25,23.0,million,,SRC01879,DERIVED,MEDIUM
S0109,downloads_story_tv,As-of-2026-05,9.0,crore,,SRC01902,DERIVED,MEDIUM
S0109,downloads_eloelo_app,As-of-2026-09,100.0,million,,SRC01895,DERIVED,MEDIUM
S0109,users_total,As-of-2021-12,1.0,million,,SRC01903,DERIVED,MEDIUM
S0110,store_count,As-of-2026-04,300.0,stores,,SRC01934,DERIVED,HIGH
S0110,store_count,As-of-2025-11,280.0,stores,,SRC01917,DERIVED,HIGH
S0110,store_count_target,FY26 target,340.0,stores,,SRC01917,DERIVED,HIGH
S0110,store_count_target,By 2028,1000.0,stores,,SRC01917,DERIVED,MEDIUM
S0110,online_offline_split,FY25,50.0,percent,,SRC01930,DERIVED,HIGH
S0110,revenue_run_rate,FY26E,8500000000.0,INR,,SRC01919,DERIVED,MEDIUM
S0110,same_store_sales_growth,FY25,65.0,percent,,SRC01919,DERIVED,HIGH
S0110,app_downloads,As-of-2026,8000000.0,downloads,,SRC01937,DERIVED,HIGH
S0110,international_revenue,FY25,1070000000.0,INR,,SRC01938,DERIVED,HIGH
S0118,registered_users,As-of-2026-09-15,35000000.0,users,,SRC02004,DERIVED,HIGH
S0118,registered_users,Jan 2022,10000000.0,users,,SRC02003,DERIVED,HIGH
S0118,registered_users,Aug 2021,1000000.0,users,,SRC02008,DERIVED,HIGH
S0118,educational_institution_partnerships,As-of-2025-12-02,1500.0,institutions,,SRC02004,DERIVED,HIGH
S0118,sebi_registered_analysts,As-of-2026-09-15,150.0,analysts,,SRC02006,DERIVED,HIGH
S0118,employee_count,As-of-2026-09-15,211.0,employees,,SRC02007,DERIVED,MEDIUM
S0119,Fleet size,As-of-2026-07,48000.0,EVs,,SRC02023,DERIVED,HIGH
S0119,Cumulative distance,As-of-2026-03,2000000000.0,km,,SRC02033,DERIVED,HIGH
S0119,Daily doorstep deliveries,As-of-2026-08,750000.0,deliveries/day,,SRC02019,DERIVED,HIGH
S0119,Zero-emission km logged daily,As-of-2026-08,2500000.0,km/day,,SRC02019,DERIVED,HIGH
S0119,Total users since inception,As-of-2026-08,4000000.0,users,,SRC02012,DERIVED,HIGH
S0119,Market share of quick-commerce deliveries,As-of-2026-08,15.0,%,,SRC02019,DERIVED,HIGH
S0119,Fleet size,As-of-2025-05,45000.0,EVs,,SRC02021,DERIVED,HIGH
S0119,Fleet size,As-of-2024-12,18000.0,EVs,,SRC02022,DERIVED,HIGH
S0119,Cities of operation,As-of-2026-07,10.0,cities,,SRC02023,DERIVED,HIGH
S0119,Battery swapping stations,As-of-2025-05,300.0,stations,,SRC02021,DERIVED,HIGH
S0119,Women service professionals,As-of-2026-07,12000.0,users,,SRC02023,DERIVED,HIGH
S0119,EBITDA positive months,FY25,11.0,months,,SRC02023,DERIVED,HIGH
S0119,CO2 abated monthly,As-of-2026-08,2000000.0,kg,,SRC02019,DERIVED,MEDIUM
S0120,customers,As-of-2026-01,30000.0,businesses,,SRC02040,DERIVED,HIGH
S0120,locations_managed,Post-SuperSalon acquisition,15000.0,businesses,,SRC02052,DERIVED,HIGH
S0120,countries_served,As-of-2026-01,50.0,countries,,SRC02040,DERIVED,HIGH
S0120,employee_count,As-of-2025-08-31,862.0,employees,,SRC02036,DERIVED,MEDIUM
S0120,revenue_growth_2020,FY2020,100.0,percent,,SRC02046,DERIVED,HIGH
S0123,GMV,FY25/FY26,700.0,crore,,SRC02083,DERIVED,HIGH
S0123,repeat_purchase_rate,FY25,50.0,percent,,SRC02082,DERIVED,HIGH
S0123,online_revenue_share,FY25,95.0,percent,,SRC02083,DERIVED,HIGH
S0123,own_website_revenue_share,FY25,50.0,percent,,SRC02083,DERIVED,HIGH
S0123,marketplace_revenue_share,FY25,40.0,percent,,SRC02083,DERIVED,MEDIUM
S0123,offline_revenue_share,FY25,10.0,percent,,SRC02083,DERIVED,HIGH
S0123,SKU_count,As-of 2026,20.0,count,,SRC02083,DERIVED,HIGH
S0123,ARR_GMV_target,FY25,700.0,crore,,SRC02082,DERIVED,MEDIUM
S0123,revenue_growth_yoy,FY25,150.0,percent,,SRC02081,DERIVED,HIGH
S0123,founder_stake,As-of 2026,33.65,percent,,SRC02084,DERIVED,HIGH
S0125,modular beds operating,Sep 2026,950.0,beds,,SRC02095,DERIVED,HIGH
S0125,beds in pipeline,Sep 2026,10000.0,beds,,SRC02095,DERIVED,HIGH
S0125,beds deployed single site case study,Q1 2026,432.0,beds,,SRC02097,DERIVED,MEDIUM
S0126,store_count,As-of-2026-08,131.0,stores,,SRC02112,DERIVED,MEDIUM
S0126,online_offline_mix,FY26,60.0,percent_online,,SRC02106,DERIVED,HIGH
S0126,quick_commerce_revenue_share,FY26,10.0,percent_online_revenue,,SRC02106,DERIVED,MEDIUM
S0126,revenue_run_rate,FY26,900.0,crore,,SRC02106,DERIVED,MEDIUM
S0126,total_funding_raised,cumulative,53.0,million,,SRC02106,DERIVED,HIGH
S0128,banks_and_nbfcs_partnered,As-of-2026-08,22.0,count,,SRC02124,DERIVED,HIGH
S0128,borrower_conversations_minutes_per_month,As-of-2026-08,6500000.0,minutes,,SRC02124,DERIVED,HIGH
S0128,loan_accounts_managed,As-of-2026-08,12000000.0,accounts,,SRC02124,DERIVED,HIGH
S0128,bounce_resolution_rate_improvement,As-of-2026-08,35.0,percent,,SRC02123,DERIVED,HIGH
S0128,employee_count,As-of-2026-05,78.0,employees,,SRC02128,DERIVED,MEDIUM
S0130,retail_registrations,Jul 2026,5518.0,units,,SRC02139,DERIVED,HIGH
S0130,annual_sales,FY26,164000.0,units,,SRC02155,DERIVED,MEDIUM
S0130,annual_sales,FY25,344000.0,units,,SRC02155,DERIVED,MEDIUM
S0130,dealerships,early 2025,120.0,count,,SRC02145,DERIVED,HIGH
S0130,dealerships,2026,200.0,count,,SRC02143,DERIVED,MEDIUM
S0130,customers_served,Jan 2025,45000.0,count,,SRC02145,DERIVED,HIGH
S0130,manufacturing_capacity,2025,100000.0,units/year,,SRC02145,DERIVED,HIGH
S0130,brand_trust,2026,90000.0,families,,SRC02143,DERIVED,MEDIUM
S0130,market_share,Jul 2026,0.3,percent,,SRC02139,DERIVED,HIGH
S0134,customers,As-of-2026-08,6500.0,businesses,,SRC02193,DERIVED,HIGH
S0134,countries_served,As-of-2026-08,227.0,countries and territories,,SRC02193,DERIVED,HIGH
S0134,currencies_supported,As-of-2026-08,62.0,currencies,,SRC02193,DERIVED,HIGH
S0134,employees,As-of-2025-09-30,1301.0,employees,,SRC02187,DERIVED,MEDIUM
S0134,employees_india,As-of-2025-08,746.0,employees,,SRC02178,DERIVED,MEDIUM
S0134,customers_2022,As-of-2023-02,4800.0,businesses,,SRC02207,DERIVED,MEDIUM
S0134,customers_2021,As-of-2021-10,3500.0,businesses,,SRC02208,DERIVED,HIGH
S0134,revenue_processed,As-of-2023-02,5000000000.0,USD,,SRC02207,DERIVED,MEDIUM
S0135,ecommerce_shipments,FY26,105.0,crore,,SRC02214,DERIVED,HIGH
S0135,ptl_freight,FY26,20.0,lakh tonnes,,SRC02214,DERIVED,HIGH
S0135,infrastructure_sqft,FY26,2.3,crore sqft,,SRC02214,DERIVED,HIGH
S0135,express_shipments_q4fy26,Q4 FY26,306.0,million,,SRC02214,DERIVED,HIGH
S0135,express_shipments_fy25,FY25,752.0,million,,SRC02212,DERIVED,HIGH
S0135,express_shipments_q4fy25,Q4 FY25,177.0,million,,SRC02212,DERIVED,HIGH
S0135,ptl_freight_q2fy26,Q2 FY26,477000.0,metric tonnes,,SRC02222,DERIVED,HIGH
S0135,net_worth,Mar 2026,9687.0,crore,,SRC02214,DERIVED,HIGH
S0135,cash_equivalents,Mar 2026,4555.0,crore,,SRC02214,DERIVED,HIGH
S0138,global_hotels,FY25 (as of 2025-03-31),21000.0,hotels,,SRC02251,DERIVED,HIGH
S0138,global_homes,FY25 (as of 2025-03-31),120000.0,homes,,SRC02251,DERIVED,HIGH
S0138,countries,FY25,35.0,countries,,SRC02251,DERIVED,HIGH
S0138,customers,FY25,100.0,million,,SRC02252,DERIVED,MEDIUM
S0138,india_GBV_share,FY26 (9M),11.9,percent,,SRC02258,DERIVED,HIGH
S0138,us_GBV_share,FY26 (9M),52.0,percent,,SRC02258,DERIVED,HIGH
S0138,europe_GBV_share,FY26 (9M),18.0,percent,,SRC02258,DERIVED,HIGH
S0138,india_revenue_share,FY25,30.0,percent,,SRC02256,DERIVED,MEDIUM
S0138,us_revenue_share,FY25,30.0,percent,,SRC02256,DERIVED,MEDIUM
S0138,premium_hotel_partners_upgraded,FY25,1300.0,hotel_partners,,SRC02256,DERIVED,MEDIUM
S0144,verified_users,May 2024,3.6,million,,SRC02307,DERIVED,HIGH
S0144,verified_users,Oct 2024,10.8,million,,SRC02321,DERIVED,MEDIUM
S0144,verified_users,Sep 2025,38.9,million,,SRC02306,DERIVED,HIGH
S0144,verified_users,Mar 2026,53.0,million,,SRC02322,DERIVED,MEDIUM
S0144,verified_users,Jun 2026,61.9,million,,SRC02310,DERIVED,HIGH
S0144,monthly_active_users,Sep 2025,6.14,million,,SRC02306,DERIVED,MEDIUM
S0144,annualized_revenue,FY26,85.8,million,,SRC02310,DERIVED,HIGH
S0144,gamer_attributes_collected,May 2024,67.0,million,,SRC02307,DERIVED,HIGH
S0145,monthly_active_users,As-of-2025-09,25000000.0,count,,SRC02330,DERIVED,HIGH
S0145,paid_subscribers,As-of-2025-09,4000000.0,count,,SRC02329,DERIVED,HIGH
S0145,paid_subscribers,FY24,1000000.0,count,,SRC02329,DERIVED,HIGH
S0145,video_courses,As-of-2026-09,10000.0,count,,SRC00056,DERIVED,HIGH
S0145,languages_supported,As-of-2025-11,4.0,count,,SRC02336,DERIVED,MEDIUM
S0145,subscription_revenue_pool_india,FY25,2500000000.0,count,,SRC02330,DERIVED,LOW
S0146,Publications,As-of-2026-09-15,2.0,count,,SRC02350,DERIVED,HIGH
S0146,Partnerships,As-of-2026-09-15,3.0,count,,SRC02346,DERIVED,HIGH
S0148,annualized_revenue_run_rate,As-of-2026-01,300.0,crore INR,,SRC02373,DERIVED,MEDIUM
S0148,annualized_revenue_run_rate,As-of-2026-06,400.0,crore INR,,SRC02374,DERIVED,MEDIUM
S0148,offline_stores,As-of-2026-01,25.0,count,,SRC02373,DERIVED,HIGH
S0148,customers_served,As-of-2026-01,650000.0,count,,SRC02373,DERIVED,MEDIUM
S0148,monthly_luggage_shipments,As-of-2026-01,200000.0,pieces,,SRC02373,DERIVED,MEDIUM
S0148,revenue,FY26 (end of first full year),175.0,crore INR,,SRC02374,DERIVED,MEDIUM
S0153,robot_systems_in_lab,FY2024,25.0,count,,SRC02427,DERIVED,HIGH
S0153,target_robots_per_day,FY2028,1.0,count/day,,SRC02422,DERIVED,HIGH
S0153,target_revenue_by_2027,FY2027,22000000.0,USD,,SRC02432,DERIVED,HIGH
S0153,target_revenue_break_even,FY2028,45000000.0,USD,,SRC02422,DERIVED,HIGH
S0153,supply_chain_parts,As-of-2024-11-05,400.0,count,,SRC02432,DERIVED,HIGH
S0153,learning_time_unknown_object,As-of-2026-02-13,15.0,seconds,,SRC02421,DERIVED,HIGH
S0153,task_configuration_time,As-of-2026-02-13,1.0,hours,,SRC02421,DERIVED,HIGH
S0153,system_price_range,As-of-2026-02-13,165000.0,USD,,SRC02421,DERIVED,HIGH
S0153,runway_months,As-of-2026-02-17,16.0,months,,SRC02422,DERIVED,HIGH
S0154,annualised_payment_volume,As-of-2026-08,1000000000.0,USD,,SRC02451,DERIVED,HIGH
S0154,businesses_served,As-of-2026-08,50000.0,count,,SRC02451,DERIVED,HIGH
S0154,indian_exporters_served,As-of-2026,40000.0,count,,SRC02457,DERIVED,HIGH
S0154,payments_processed_annually,Annual,200000.0,count,,SRC02457,DERIVED,HIGH
S0154,countries_served,As-of-2026,150.0,count,,SRC02457,DERIVED,HIGH
S0156,IP portfolio size,As-of-2026-02,140.0,IP blocks,,SRC00059,DERIVED,HIGH
S0156,Chip variants,As-of-2026-02,25.0,IC products,,SRC00059,DERIVED,HIGH
S0156,Granted patents,As-of-2026-02,10.0,patents,,SRC00059,DERIVED,HIGH
S0156,Trade secrets,As-of-2026-02,5.0,trade secrets,,SRC00059,DERIVED,HIGH
S0156,DLI scheme selection,As-of-2026-02,24.0,companies,,SRC00059,DERIVED,HIGH
S0156,Semiconductor startups raised in India,Jan-May 2026,92.0,million USD,,SRC02478,DERIVED,HIGH
S0156,Foundry tape-outs completed,As-of-2026-02,5.0,chip designs,,SRC00059,DERIVED,HIGH
S0156,Customer: Space sector,As-of-2026-02,1.0,identified customer,,SRC00059,DERIVED,HIGH
S0156,BLDC motor controller project award,2025-03-20,1.0,government project,,SRC00059,DERIVED,HIGH
S0157,centres,As-of-2026-08,90.0,count,,SRC02482,DERIVED,HIGH
S0157,cities,As-of-2026-08,22.0,count,,SRC02482,DERIVED,HIGH
S0157,therapists,As-of-2026-08,350.0,count,,SRC02483,DERIVED,HIGH
S0157,families_served,As-of-2024-04,2000.0,count,,SRC02488,DERIVED,MEDIUM
S0157,bhcoe_accreditation,As-of-2026-08,1.0,boolean,,SRC02482,DERIVED,HIGH
S0157,target_centres,2-3 years from Aug 2026,300.0,count,,SRC02491,DERIVED,MEDIUM
S0158,exclusive_outlets,As-of-2026-09,200.0,stores,,SRC02498,DERIVED,HIGH
S0158,retail_touchpoints,As-of-2026-09,50000.0,touchpoints,,SRC02498,DERIVED,MEDIUM
S0158,store_closure_rate,2024-2026,35.0,percent,,SRC02498,DERIVED,MEDIUM
S0159,brands_served,As-of-2026-08,2000.0,count,,SRC02508,DERIVED,HIGH
S0159,revenue_arr,FY25,31.0,million USD,,SRC02518,DERIVED,MEDIUM
S0159,data_points_processed_daily,As-of-2026-09,100.0,million,,SRC02509,DERIVED,HIGH
S0159,employees,As-of-2026-07,263.0,count,,SRC02505,DERIVED,MEDIUM
S0159,gmv_processed,As-of-2026-08,1000.0,million USD,,SRC02508,DERIVED,HIGH
S0159,revenue_growth_yoy,FY25-FY26,50.0,percent,,SRC02517,DERIVED,HIGH
S0159,b2b_agentic_growth_yoy,FY25-FY26,100.0,percent,,SRC02517,DERIVED,HIGH
S0159,skus_tracked_daily,As-of-2026-09,10.0,million,,SRC02526,DERIVED,HIGH
S0159,connected_channels,As-of-2026-09,100.0,count,,SRC02526,DERIVED,HIGH
S0161,employee_count,As-of-2026-07,56.0,employees,,SRC02536,DERIVED,MEDIUM
S0161,funding_raised,FY26,8000000.0,USD,,SRC02529,DERIVED,HIGH
S0162,annual_revenue_gmv,FY25,25000000.0,USD,,SRC02554,DERIVED,MEDIUM
S0162,operating_revenue,FY25,2301500000.0,INR,,SRC02551,DERIVED,HIGH
S0162,d2c_website_revenue_share,FY25,65.0,percent,,SRC02560,DERIVED,MEDIUM
S0162,store_count,As-of-2026-09,52.0,count,,SRC02548,DERIVED,HIGH
S0162,revenue_target,FY26-FY27,5000000000.0,INR,,SRC02555,DERIVED,MEDIUM
S0162,employee_count,As-of-2025-08,236.0,count,,SRC02561,DERIVED,MEDIUM
S0162,international_expansion,As-of-2025-02,1.0,count,,SRC02547,DERIVED,HIGH
S0163,daily_shipments,As-of-2020-11-22,2000000.0,shipments,,SRC02564,DERIVED,MEDIUM
S0163,towns_cities_presence,As-of-2020-11-22,2000.0,towns_and_cities,,SRC02564,DERIVED,MEDIUM
S0163,customers,As-of-2020-11-22,1000.0,customers,,SRC02564,DERIVED,MEDIUM
S0163,employee_count,As-of-2026-08-31,8641.0,employees,,SRC02565,DERIVED,HIGH
S0164,retailers_served,As-of-2026-09,4100.0,count,,SRC02573,DERIVED,HIGH
S0164,cities_operating,As-of-2026-09,24.0,count,,SRC02573,DERIVED,HIGH
S0164,pin_codes_covered,As-of-2026-09,600.0,count,,SRC02573,DERIVED,HIGH
S0164,total_funds_disbursed,Since-inception-2021,1093.0,crore,,SRC02573,DERIVED,HIGH
S0164,pune_pilot_retailers,As-of-2026-09,3000.0,count,,SRC02571,DERIVED,HIGH
S0164,total_funding_raised,Since-inception,7.5,million,,SRC02576,DERIVED,MEDIUM
S0165,organisations served,As-of-2026-06,800.0,count,,SRC02588,DERIVED,HIGH
S0165,security incidents triaged,last 12 months,1000000.0,count,,SRC02588,DERIVED,HIGH
S0165,year-on-year growth,FY25-FY26,12.0,x,,SRC02588,DERIVED,HIGH
S0165,clients,As-of-2025-08,500.0,count,,SRC02591,DERIVED,HIGH
S0165,sectors served,As-of-2026-06,22.0,count,,SRC02587,DERIVED,HIGH
S0167,live_subscribers,FY25,220000.0,count,,SRC02606,DERIVED,HIGH
S0167,live_subscribers,As-of-2026-01,227000.0,count,,SRC02608,DERIVED,HIGH
S0167,rental_items,FY25,770000.0,count,,SRC02606,DERIVED,HIGH
S0167,live_products,As-of-2026-01,720000.0,count,,SRC02608,DERIVED,HIGH
S0167,cities,FY25,23.0,count,,SRC02606,DERIVED,HIGH
S0167,cities,As-of-2026-01,22.0,count,,SRC02608,DERIVED,HIGH
S0167,experience_stores,FY25,71.0,count,,SRC02606,DERIVED,HIGH
S0167,experience_stores,As-of-2026-01,67.0,count,,SRC02608,DERIVED,HIGH
S0167,warehouses,As-of-2026-01,21.0,count,,SRC02608,DERIVED,HIGH
S0167,market_share_organised_rental,FY25,42.0,percent,,SRC02608,DERIVED,MEDIUM
S0167,occupancy_rate,As-of-2026-01,80.0,percent,,SRC02608,DERIVED,MEDIUM
S0167,net_rental_revenue_CAGR,FY23-FY25,48.24,percent,,SRC02606,DERIVED,HIGH
S0185,villas_under_management,As of Jun 2026,670.0,villas,,SRC02728,DERIVED,HIGH
S0185,villas_under_management,As of Jul 2026,720.0,villas,,SRC02731,DERIVED,HIGH
S0185,villas_under_management,As of Feb 2026,620.0,villas,,SRC02729,DERIVED,MEDIUM
S0185,villas_under_management_target,End of 2026,1200.0,villas,,SRC02728,DERIVED,HIGH
S0185,properties,As of Aug 2025,510.0,properties,,SRC02726,DERIVED,HIGH
S0185,guests_served,Cumulative to date,150000.0,guests,,SRC02726,DERIVED,MEDIUM
S0185,properties,As of Sep 2024,140.0,properties,,SRC02725,DERIVED,HIGH
S0185,properties,At founding,3.0,villas,,SRC02732,DERIVED,HIGH
S0192,Employee count,May 2025,78.0,,,SRC02764,DERIVED,MEDIUM
S0194,Seed funding raised,2025,3000000.0,,,SRC02772,DERIVED,HIGH
S0196,Manufacturing capacity,2025,15.2,,,SRC02790,DERIVED,MEDIUM
S0196,Pre-IPO funding raised,2025,14220000000.0,,,SRC02787,DERIVED,HIGH
S0197,rupay_cards_issued,As-of-2026-03,200000.0,cards,,SRC02799,DERIVED,HIGH
S0197,monthly_transactions,As-of-2025-08,5000000.0,transactions,,SRC02802,DERIVED,MEDIUM
S0197,cities_served,As-of-2025-08,600.0,cities,,SRC02802,DERIVED,MEDIUM
S0197,target_cards_2yr,FY25-FY27,1000000.0,cards,,SRC02801,DERIVED,MEDIUM
S0209,AUM,As-of-2025-12,6308.0,crore INR,,SRC02874,DERIVED,HIGH
S0209,Branches,As-of-2025-12,1073.0,count,,SRC02874,DERIVED,HIGH
S0209,Households served,As-of-2026-09,2400000.0,count,,SRC02876,DERIVED,HIGH
S0209,Under-served clients,As-of-2020-09,2210000.0,count,,SRC02880,DERIVED,MEDIUM
S0209,Branches,As-of-2020-09,720.0,count,,SRC02880,DERIVED,MEDIUM
S0209,Branches,As-of-2023-03,835.0,count,,SRC02877,DERIVED,MEDIUM
S0209,Employees,As-of-2025-04,10585.0,count,,SRC02875,DERIVED,MEDIUM
S0209,Employees,As-of-2026-05,9862.0,count,,SRC02875,DERIVED,MEDIUM
S0211,aum,As-of-2026-08,3000000000.0,USD,,SRC02904,DERIVED,MEDIUM
S0211,clients,As-of-2026-08,1300.0,families,,SRC02904,DERIVED,MEDIUM
S0211,senior_bankers,As-of-2026-08,95.0,count,,SRC02904,DERIVED,MEDIUM
S0211,aum,As-of-2026-01,2000000000.0,USD,,SRC02916,DERIVED,MEDIUM
S0211,aum,As-of-2026-06,2400000000.0,USD,,SRC02911,DERIVED,MEDIUM
S0211,ownership_participants,As-of-2026-08,150.0,senior leaders,,SRC02904,DERIVED,MEDIUM
S0211,locations,As-of-2026-08,11.0,cities,,SRC02904,DERIVED,MEDIUM
S0213,voice_ai_minutes_processed,FY25,100000000.0,minutes,,SRC02931,DERIVED,MEDIUM
S0213,enterprise_clients,mid-2025,40.0,clients,,SRC02929,DERIVED,HIGH
S0213,languages_supported,2026,12.0,languages,,SRC02930,DERIVED,HIGH
S0213,hello_ujjivan_downloads,2025,1000000.0,downloads,,SRC02929,DERIVED,HIGH
S0213,ba_jaj_finserv_monthly_disbursement,monthly,150000000.0,INR,,SRC02929,DERIVED,HIGH
S0213,bodhi_benchmark_accuracy,2024,85.0,percent,,SRC02933,DERIVED,MEDIUM
S0215,aum,As-of-2026-01,100.0,crore,,SRC02956,DERIVED,MEDIUM
S0215,vehicles_managed,As-of-2026-01,1000.0,vehicles,,SRC02956,DERIVED,MEDIUM
S0215,revenue_growth_yoy,FY26,70.0,percent,,SRC02956,DERIVED,MEDIUM
S0215,aum_target_3yr,FY29 target,1000.0,crore,,SRC02953,DERIVED,MEDIUM
S0226,monthly_revenue,FY25,4500000.0,crore,,SRC03021,DERIVED,MEDIUM
S0226,monthly_customers,FY25,12000.0,customers,,SRC03021,DERIVED,MEDIUM
S0226,instagram_followers,FY25,160000.0,followers,,SRC03021,DERIVED,MEDIUM
S0226,revenue_growth_yoy,FY25,303.6,percent,,SRC03022,DERIVED,HIGH
S0226,retail_stores,Sep 2026,10.0,stores,,SRC03019,DERIVED,MEDIUM
S0226,skus,FY25,15.0,SKUs,,SRC03023,DERIVED,MEDIUM
S0226,price_per_pair,FY25,4299.0,INR,,SRC03028,DERIVED,HIGH
S0228,customers,As-of-2026-09-15,2000.0,brands,,SRC03035,DERIVED,HIGH
S0228,customers_2022,FY22,1200.0,customers,,SRC03039,DERIVED,MEDIUM
S0228,employee_count,As-of-2026-09-15,651.0,count,,SRC03042,DERIVED,MEDIUM
S0238,farmers_served,As-of-2025-11,10000000.0,count,,SRC03106,DERIVED,HIGH
S0238,farmers_served,As-of-2025-08,9000000.0,count,,SRC03105,DERIVED,HIGH
S0238,advisory_interactions,Till-date,15000000.0,count,,SRC03113,DERIVED,HIGH
S0238,retail_stores,As-of-2025-11,10000.0,count,,SRC03105,DERIVED,HIGH
S0238,agronomists,As-of-2026,500.0,count,,SRC03113,DERIVED,HIGH
S0238,output_FV_processed,Annually,100000.0,MT,,SRC03105,DERIVED,HIGH
S0238,agri_input_products,As-of-2026,200.0,count,,SRC03114,DERIVED,HIGH
S0238,states_operating,As-of-2025-11,12.0,count,,SRC03105,DERIVED,HIGH
S0238,farmer_NPS,As-of-2025,50.0,score,,SRC03105,DERIVED,HIGH
S0238,yield_increase,FY25,81.0,percent,,SRC03115,DERIVED,HIGH
S0238,income_increase,FY25,70.0,percent,,SRC03115,DERIVED,HIGH
S0238,co2e_abatement,FY25,120000.0,MT,,SRC03115,DERIVED,HIGH
S0238,water_saved,FY25,276.0,billion_litres,,SRC03106,DERIVED,HIGH
S0241,agri_warehouses,As-of-2026-01,12000.0,count,,SRC03155,DERIVED,HIGH
S0241,grain_aggregated_stored_annually,FY25,3000.0,million,,SRC03155,DERIVED,HIGH
S0241,loans_disbursed_annually,FY25,1500.0,million,,SRC03155,DERIVED,HIGH
S0241,farmers_served,As-of-2026-01,850000.0,count,,SRC03150,DERIVED,HIGH
S0241,fpos_served,As-of-2026-03,3000.0,count,,SRC03155,DERIVED,HIGH
S0241,states_covered,As-of-2026-01,21.0,count,,SRC03155,DERIVED,HIGH
S0241,districts_covered_pct,As-of-2026-01,60.0,percent,,SRC03155,DERIVED,HIGH
S0241,commodities_under_management,As-of-2025-03-31,4.0,million,,SRC03153,DERIVED,HIGH
S0241,warehouses_managed,As-of-2025-03-31,3500.0,count,,SRC03153,DERIVED,HIGH
S0241,gross_npa,FY25,0.5,percent,,SRC03150,DERIVED,HIGH
S0246,customers,As-of-2026-08,10.0,count,,SRC03183,DERIVED,MEDIUM
S0246,production_deployments,As-of-2026-08,10.0,count,,SRC03186,DERIVED,MEDIUM
S0248,order_book,As-of-2026-07,15.0,crore,,SRC03199,DERIVED,HIGH
S0248,fuses_supplied,FY24,155.0,pieces,,SRC03203,DERIVED,MEDIUM
S0248,products_manufactured,As-of-2024-09,7.0,count,,SRC03203,DERIVED,MEDIUM
S0255,customers,FY22,4000000.0,count,,SRC03232,DERIVED,HIGH
S0255,users,As-of-2026-07,6000000.0,count,,SRC03238,DERIVED,MEDIUM
S0255,employees,As-of-2025-08,427.0,count,,SRC03231,DERIVED,MEDIUM
S0255,branch_network,As-of-2026-09,40.0,count,,SRC03233,DERIVED,HIGH
S0255,annualized_transactions,FY22,3000000000.0,USD,,SRC03237,DERIVED,HIGH
S0256,IN-SPACe Technology Adoption Fund selectee,2026,1.0,count,,SRC03257,DERIVED,HIGH
S0256,Gartner Emerging Tech Impact Radar recognition,2024,1.0,count,,SRC03261,DERIVED,HIGH
S0256,India AI Impact Summit 2026 Top 10 Global Innovator,2026,1.0,count,,SRC03261,DERIVED,HIGH
S0256,Countries of operation,2026,5.0,count,,SRC03261,DERIVED,MEDIUM
S0258,Dailyhunt MAU,As-of 2025,350.0,million,,,DERIVED,MEDIUM
S0258,Josh MAU,FY24 (Oct 2024),179.0,million,,,DERIVED,MEDIUM
S0258,Josh MAU (peak claim),Apr 2022,150.0,million,,,DERIVED,MEDIUM
S0258,Dailyhunt Premium subscribers (Magzter),As-of 2024,1.1,million,,,DERIVED,MEDIUM
S0258,Employee count,As-of May 2026,437.0,employees,,,DERIVED,MEDIUM
S0258,Valueleaf ARR at acquisition,Jun 2024,732.0,crore,,,DERIVED,MEDIUM
S0258,Josh DAU,FY24 (Oct 2024),91.0,million,,,DERIVED,MEDIUM
S0258,Dailyhunt MAU,2025-06-01,350.0,million,,SRC03295,DERIVED,MEDIUM
S0258,Josh MAU,2024-10-16,179.0,million,,SRC03291,DERIVED,MEDIUM
S0258,Josh DAU,2024-10-16,91.0,million,,SRC03291,DERIVED,MEDIUM
S0258,Dailyhunt Premium subscribers (Magzter),2024-04-18,1.1,million,,SRC03292,DERIVED,MEDIUM
S0258,Valueleaf ARR at acquisition,2024-08-28,732.0,crore,,SRC03292,DERIVED,MEDIUM
S0258,Employee count,2026-05-31,437.0,employees,,SRC03285,DERIVED,MEDIUM
S0278,systems deployed,As-of-2025-09-30,20000.0,systems,,SRC03375,DERIVED,HIGH
S0278,countries served,FY25,24.0,countries,,SRC03383,DERIVED,HIGH
S0278,order book,As-of-2025-09-30,266.57,crore,,SRC03375,DERIVED,HIGH
S0278,additional orders received,Oct-Nov 2025,71.68,crore,,SRC03375,DERIVED,HIGH
S0278,export share of revenue,FY25,65.0,percent,,SRC03377,DERIVED,HIGH
S0278,Indian armed forces revenue share,FY25,33.0,percent,,SRC03377,DERIVED,HIGH
S0278,European NATO allies revenue share,FY25,65.0,percent,,SRC03377,DERIVED,HIGH
S0278,European export orders,2024,453.0,crore,,SRC03377,DERIVED,MEDIUM
S0278,export orders from Israel and Philippines,2024,30.0,crore,,SRC03377,DERIVED,MEDIUM
S0278,India thermal imaging export share,FY25,93.0,percent,,SRC03370,DERIVED,HIGH
S0280,total_battery_swaps,As-of-2026-09-01,60000000.0,swaps,,SRC03405,DERIVED,HIGH
S0280,daily_swaps,As-of-2026-09-15,50000.0,swaps/day,,SRC03407,DERIVED,HIGH
S0280,monthly_swaps,As-of-2026-09-15,1500000.0,swaps/month,,SRC03407,DERIVED,HIGH
S0280,green_kms,As-of-2026-09-15,1500000000.0,kms,,SRC03407,DERIVED,HIGH
S0280,cities_operating,As-of-2026-09-15,17.0,cities,,SRC03407,DERIVED,HIGH
S0280,batteries_on_ground,As-of-2026-09-01,100000.0,batteries,,SRC03405,DERIVED,HIGH
S0280,charging_units,As-of-2026-09-01,2500.0,units,,SRC03405,DERIVED,HIGH
S0280,touch_points,As-of-2026-09-01,400.0,touch_points,,SRC03405,DERIVED,HIGH
S0280,uptime,As-of-2026-09-15,99.8,percent,,SRC03407,DERIVED,HIGH
S0280,monthly_swaps_milestone,2024,1000000.0,swaps/month,,SRC03407,DERIVED,HIGH
S0283,clients_served,FY26,848.0,count,,SRC03421,DERIVED,HIGH
S0283,gcc_client_revenue_share,FY26,56.0,percent,,SRC03421,DERIVED,HIGH
S0283,multi_centre_client_revenue_share,FY26,44.0,percent,,SRC03421,DERIVED,HIGH
S0283,area_under_management,FY26,9.66,million_sqft,,SRC03420,DERIVED,HIGH
S0283,properties,FY26,130.0,count,,SRC03420,DERIVED,HIGH
S0283,occupancy_rate,FY26,88.0,percent,,SRC03420,DERIVED,HIGH
S0283,miqube_app_downloads,FY26,119000.0,count,,SRC03421,DERIVED,HIGH
S0283,client_lock_in_months,FY26,34.0,months,,SRC03421,DERIVED,HIGH
S0283,value_added_services_revenue_share,FY26,15.0,percent,,SRC03420,DERIVED,HIGH
S0283,seats_added_fy26,FY26,28000.0,count,,SRC03420,DERIVED,HIGH
S0290,registered_users,As-of-2026-08,1700000.0,users,,SRC03472,DERIVED,HIGH
S0290,annualized_revenue_run_rate,FY26,2000000.0,USD,,SRC03472,DERIVED,HIGH
S0290,team_size,As-of-2026-08,15.0,employees,,SRC03472,DERIVED,HIGH
S0290,paying_customer_token_share,Last 90 days as-of 2026-08,65.0,percent,,SRC03472,DERIVED,MEDIUM
S0296,total_orders,cumulative,1000000.0,orders,,SRC03513,DERIVED,MEDIUM
S0296,exclusive_stores,As-of-2026-07,14.0,stores,,SRC03514,DERIVED,MEDIUM
S0296,skus,As-of-2026-06,8500.0,SKUs,,SRC03518,DERIVED,MEDIUM
S0296,web_traffic,monthly,1910000.0,visitors,,SRC03517,DERIVED,LOW
S0296,employee_count,As-of-2026-05,194.0,employees,,SRC03516,DERIVED,MEDIUM
S0296,revenue_growth_yoy,FY24-FY25,83.1,percent,,SRC03517,DERIVED,MEDIUM
S0296,cookware_growth,FY25-26,9.0,x,,SRC03516,DERIVED,LOW
S0305,modules_launched,As-of-2026-09,2.0,count,,SRC03557,DERIVED,HIGH
S0305,case_processing_time_reduction,As-of-2026-09,90.0,percent,,SRC03557,DERIVED,MEDIUM
S0305,operating_cost_reduction,As-of-2026-09,66.0,percent,,SRC03557,DERIVED,MEDIUM
S0307,Secure IoT SoC launched,FY25,1.0,product,,SRC03567,DERIVED,HIGH
S0307,DLI scheme approval,FY25,15.0,crore INR,,SRC03567,DERIVED,HIGH
S0307,MoU signed with Prama India,FY26,1.0,partnership,,SRC03576,DERIVED,HIGH
S0309,iDEX prime contracts,As-of-2026-09,2.0,contracts,,SRC03584,DERIVED,HIGH
S0309,ground stations,As-of-2026-09,70.0,stations,,SRC03585,DERIVED,HIGH
S0309,employees planned addition,Next 12-24 months,40.0,employees,,SRC03585,DERIVED,MEDIUM
S0309,satellites planned for deployment,Next 12-24 months,6.0,satellites,,SRC03585,DERIVED,HIGH
S0309,WhiteWolf payload,As-of-2026-09,1.0,payload,,SRC03588,DERIVED,MEDIUM
S0310,cars_transacted_annually,FY24,200000.0,cars,,SRC03604,DERIVED,HIGH
S0310,monthly_users,As of Jan 2026,11000000.0,users,,SRC03596,DERIVED,HIGH
S0310,employee_count,"As of Mar 31, 2026",4585.0,count,,SRC03612,DERIVED,HIGH
S0316,offline_channel_partners,FY25,2000.0,count,,SRC03648,DERIVED,HIGH
S0316,customer_base,FY25,5000000.0,count,,SRC03648,DERIVED,HIGH
S0316,organic_traffic_percentage,FY25,45.0,percent,,SRC03651,DERIVED,MEDIUM
S0316,social_reach,FY25,10000000.0,count,,SRC03651,DERIVED,MEDIUM
S0320,sleep_data_hours_processed,As-of-2026-09,75000000.0,hours,,SRC03671,DERIVED,MEDIUM
S0322,customers_served,FY25,10200000.0,count,,SRC03699,DERIVED,MEDIUM
S0322,agent_partners,FY24,220000.0,count,,SRC03702,DERIVED,HIGH
S0322,insurance_plans,FY24,720.0,count,,SRC03702,DERIVED,MEDIUM
S0322,pin_code_coverage,FY24,99.0,percent,,SRC03702,DERIVED,HIGH
S0322,policies_per_minute,FY25,21.0,count,,SRC03699,DERIVED,MEDIUM
S0322,cities_presence,FY24,1500.0,count,,SRC03705,DERIVED,MEDIUM
S0322,premium_run_rate,FY24,3300.0,crore,,SRC03702,DERIVED,MEDIUM
S0340,Retailers on platform,2019,12000.0,,,SRC03777,DERIVED,MEDIUM
S0367,registered_users,FY24,100000000.0,users,,SRC03936,DERIVED,HIGH
S0367,registered_users,As-of-2025-08,150000000.0,users,,SRC03933,DERIVED,HIGH
S0367,registered_users,As-of-2026-01,200000000.0,users,,SRC03934,DERIVED,HIGH
S0367,daily_ludo_gameplays,2024,7000000.0,gameplays,,SRC03930,DERIVED,HIGH
S0367,cities_available,FY24,4000.0,cities,,SRC03936,DERIVED,HIGH
S0367,employee_count,As-of-2025-05,466.0,employees,,SRC03933,DERIVED,HIGH
S0367,downloads,As-of-2022-01,70000000.0,downloads,,SRC03935,DERIVED,HIGH
S0007,headcount,2026-03-31,977.0,977,,SRC00143,DERIVED,
S0046,headcount,2024-05,4600.0,4600,,SRC00825,DERIVED,MEDIUM
