year,city,primary_sector,stage,investor_type,capital_inr_mn,round_count,new_or_existing,disclosed_flag,notes
2006,Mumbai,gaming (real-money skill gaming),Seed,mixed,0.0,1,unknown:1,estimated,CAPITAL_FLOWS derived; tracked universe only; investor_type aggregated; new/existing from FUNDING; no ecosystem census claim.
2008,Bengaluru,analytics / decision sciences / AI,Series A / growth,mixed,2580.0,1,initial (DERIVED):1,disclosed,CAPITAL_FLOWS derived; tracked universe only; investor_type aggregated; new/existing from FUNDING; no ecosystem census claim.
2008,Kolkata,fintech/microfinance,Series A,mixed,0.0,1,initial (DERIVED):1,estimated,CAPITAL_FLOWS derived; tracked universe only; investor_type aggregated; new/existing from FUNDING; no ecosystem census claim.
2009,Noida,fintech,Seed,mixed,0.0,1,initial (DERIVED):1,disclosed,CAPITAL_FLOWS derived; tracked universe only; investor_type aggregated; new/existing from FUNDING; no ecosystem census claim.
2010,Gurugram,travel-tech,IPO,mixed,6923.0,1,initial (DERIVED):1,disclosed,CAPITAL_FLOWS derived; tracked universe only; investor_type aggregated; new/existing from FUNDING; no ecosystem census claim.
2011,Bengaluru,adtech,"Equity (early backer; ~$200-220M invested, per ET Dec 2025)",mixed,0.0,1,initial (DERIVED):1,disclosed,CAPITAL_FLOWS derived; tracked universe only; investor_type aggregated; new/existing from FUNDING; no ecosystem census claim.
2011,Bengaluru,adtech,Seed/Series A,mixed,0.0,1,all-follow-on (DERIVED):1,disclosed,CAPITAL_FLOWS derived; tracked universe only; investor_type aggregated; new/existing from FUNDING; no ecosystem census claim.
2011,Bengaluru,analytics / decision sciences / AI,Growth,mixed,11438.0,2,all-new-investors (DERIVED):1; mixed (DERIVED):1,disclosed,CAPITAL_FLOWS derived; tracked universe only; investor_type aggregated; new/existing from FUNDING; no ecosystem census claim.
2011,Bengaluru,analytics / decision sciences / AI,Series B,mixed,2150.0,1,all-follow-on (DERIVED):1,disclosed,CAPITAL_FLOWS derived; tracked universe only; investor_type aggregated; new/existing from FUNDING; no ecosystem census claim.
2011,Bengaluru,analytics / decision sciences / AI,Series C / D,mixed,9288.0,1,all-follow-on (DERIVED):1,disclosed,CAPITAL_FLOWS derived; tracked universe only; investor_type aggregated; new/existing from FUNDING; no ecosystem census claim.
2011,Bengaluru,defence imaging / electro-optics,Seed,mixed,43.0,1,initial (DERIVED):1,disclosed,CAPITAL_FLOWS derived; tracked universe only; investor_type aggregated; new/existing from FUNDING; no ecosystem census claim.
2011,Gurugram,ecommerce/eyewear,Series A,mixed,0.0,1,initial (DERIVED):1,disclosed,CAPITAL_FLOWS derived; tracked universe only; investor_type aggregated; new/existing from FUNDING; no ecosystem census claim.
2012,Bengaluru,defence imaging / electro-optics,Series A,mixed,550.4,1,all-new-investors (DERIVED):1,disclosed,CAPITAL_FLOWS derived; tracked universe only; investor_type aggregated; new/existing from FUNDING; no ecosystem census claim.
2012,Chennai,saas/billing,Angel,mixed,31.82,1,initial (DERIVED):1,disclosed,CAPITAL_FLOWS derived; tracked universe only; investor_type aggregated; new/existing from FUNDING; no ecosystem census claim.
2012,Gurugram,ecommerce/eyewear,Series B,mixed,0.0,1,unknown:1,disclosed,CAPITAL_FLOWS derived; tracked universe only; investor_type aggregated; new/existing from FUNDING; no ecosystem census claim.
2013,Bengaluru,SaaS / CRM,Seed,mixed,0.0,1,initial (DERIVED):1,disclosed,CAPITAL_FLOWS derived; tracked universe only; investor_type aggregated; new/existing from FUNDING; no ecosystem census claim.
2013,Bengaluru,analytics / decision sciences / AI,Corporate minority,mixed,3870.0,1,all-new-investors (DERIVED):1,disclosed,CAPITAL_FLOWS derived; tracked universe only; investor_type aggregated; new/existing from FUNDING; no ecosystem census claim.
2013,Chennai,saas/billing,Seed,mixed,103.91,1,all-new-investors (DERIVED):1,disclosed,CAPITAL_FLOWS derived; tracked universe only; investor_type aggregated; new/existing from FUNDING; no ecosystem census claim.
2013,Mumbai,SaaS/customer engagement,Seed,mixed,0.0,1,initial (DERIVED):1,estimated,CAPITAL_FLOWS derived; tracked universe only; investor_type aggregated; new/existing from FUNDING; no ecosystem census claim.
2013,Pune,agritech / crop inputs,Seed,mixed,63.12,1,initial (DERIVED):1,disclosed,CAPITAL_FLOWS derived; tracked universe only; investor_type aggregated; new/existing from FUNDING; no ecosystem census claim.
2014,Ahmedabad,d2c baby products,Seed,mixed,40.0,1,initial (DERIVED):1,disclosed,CAPITAL_FLOWS derived; tracked universe only; investor_type aggregated; new/existing from FUNDING; no ecosystem census claim.
2014,Bengaluru,saas/api dev,Seed,mixed,84.02,1,initial (DERIVED):1,disclosed,CAPITAL_FLOWS derived; tracked universe only; investor_type aggregated; new/existing from FUNDING; no ecosystem census claim.
2014,Bengaluru (HQ); Singapore domicile (reverse flip planned); ops India/Singapore/Middle East,Home interiors marketplace,Series A,mixed,395.6,1,initial (DERIVED):1,disclosed,CAPITAL_FLOWS derived; tracked universe only; investor_type aggregated; new/existing from FUNDING; no ecosystem census claim.
2014,Chennai,saas/billing,Series A,mixed,68.8,1,all-follow-on (DERIVED):1,disclosed,CAPITAL_FLOWS derived; tracked universe only; investor_type aggregated; new/existing from FUNDING; no ecosystem census claim.
2014,Gurugram,proptech,Private,mixed,0.0,1,initial (DERIVED):1,estimated,CAPITAL_FLOWS derived; tracked universe only; investor_type aggregated; new/existing from FUNDING; no ecosystem census claim.
2014,Mumbai,gaming/fantasy sports,Series A,mixed,0.0,1,initial (DERIVED):1,estimated,CAPITAL_FLOWS derived; tracked universe only; investor_type aggregated; new/existing from FUNDING; no ecosystem census claim.
2014,Noida,fintech,Series A,mixed,0.0,1,mixed (DERIVED):1,disclosed,CAPITAL_FLOWS derived; tracked universe only; investor_type aggregated; new/existing from FUNDING; no ecosystem census claim.
2014,Pune,agritech / crop inputs,Seed,mixed,55.47,1,all-follow-on (DERIVED):1,disclosed,CAPITAL_FLOWS derived; tracked universe only; investor_type aggregated; new/existing from FUNDING; no ecosystem census claim.
2015,Bengaluru,Logistics,Series A,mixed,1591.0,1,initial (DERIVED):1,disclosed,CAPITAL_FLOWS derived; tracked universe only; investor_type aggregated; new/existing from FUNDING; no ecosystem census claim.
2015,Bengaluru,Mobility / road transport tech,Series F,mixed,0.0,1,new:1,disclosed,CAPITAL_FLOWS derived; tracked universe only; investor_type aggregated; new/existing from FUNDING; no ecosystem census claim.
2015,Bengaluru,logistics,Seed,mixed,41.37,1,initial (DERIVED):1,disclosed,CAPITAL_FLOWS derived; tracked universe only; investor_type aggregated; new/existing from FUNDING; no ecosystem census claim.
2015,Bengaluru,logistics,Series A,mixed,473.0,1,mixed (DERIVED):1,disclosed,CAPITAL_FLOWS derived; tracked universe only; investor_type aggregated; new/existing from FUNDING; no ecosystem census claim.
2015,Bengaluru,saas/api dev,Seed,mixed,86.0,1,unknown:1,disclosed,CAPITAL_FLOWS derived; tracked universe only; investor_type aggregated; new/existing from FUNDING; no ecosystem census claim.
2015,Bengaluru,social media,Seed,mixed,60.2,1,initial (DERIVED):1,disclosed,CAPITAL_FLOWS derived; tracked universe only; investor_type aggregated; new/existing from FUNDING; no ecosystem census claim.
2015,Bengaluru (HQ); Singapore domicile (reverse flip planned); ops India/Singapore/Middle East,Home interiors marketplace,Series A (second tranche),mixed,739.6,1,unknown:1,disclosed,CAPITAL_FLOWS derived; tracked universe only; investor_type aggregated; new/existing from FUNDING; no ecosystem census claim.
2015,"Bengaluru, Karnataka",B2B ecommerce (food & grocery),Seed,mixed,169.42,1,initial (DERIVED):1,disclosed,CAPITAL_FLOWS derived; tracked universe only; investor_type aggregated; new/existing from FUNDING; no ecosystem census claim.
2015,"Bengaluru, Karnataka",Horizontal ecommerce / social commerce,Seed,mixed,25.8,1,initial (DERIVED):1,disclosed,CAPITAL_FLOWS derived; tracked universe only; investor_type aggregated; new/existing from FUNDING; no ecosystem census claim.
2015,Chennai,saas/billing,Series B,mixed,430.0,1,mixed (DERIVED):1,disclosed,CAPITAL_FLOWS derived; tracked universe only; investor_type aggregated; new/existing from FUNDING; no ecosystem census claim.
2015,Gurugram,B2B supply-chain commerce / fintech,Series A,mixed,369.8,1,initial (DERIVED):1,disclosed,CAPITAL_FLOWS derived; tracked universe only; investor_type aggregated; new/existing from FUNDING; no ecosystem census claim.
2015,Gurugram,auto marketplace | used cars,Series A,mixed,0.0,1,initial (DERIVED):1,disclosed,CAPITAL_FLOWS derived; tracked universe only; investor_type aggregated; new/existing from FUNDING; no ecosystem census claim.
2015,Gurugram,ecommerce/eyewear,Series C,mixed,0.0,1,unknown:1,disclosed,CAPITAL_FLOWS derived; tracked universe only; investor_type aggregated; new/existing from FUNDING; no ecosystem census claim.
2015,Hyderabad,Beauty-Tech SaaS,Series A,mixed,516.0,1,initial (DERIVED):1,disclosed,CAPITAL_FLOWS derived; tracked universe only; investor_type aggregated; new/existing from FUNDING; no ecosystem census claim.
2015,Mumbai,fintech/trade finance,Seed,mixed,0.0,1,initial (DERIVED):1,disclosed,CAPITAL_FLOWS derived; tracked universe only; investor_type aggregated; new/existing from FUNDING; no ecosystem census claim.
2015,Mumbai,foodtech cloud kitchen,Seed/Early,mixed,0.0,1,initial (DERIVED):1,disclosed,CAPITAL_FLOWS derived; tracked universe only; investor_type aggregated; new/existing from FUNDING; no ecosystem census claim.
2015,Mumbai,insurtech,Early VC,mixed,0.0,1,initial (DERIVED):1,disclosed,CAPITAL_FLOWS derived; tracked universe only; investor_type aggregated; new/existing from FUNDING; no ecosystem census claim.
2015,Pune,agritech / crop inputs,Series A,mixed,344.0,1,mixed (DERIVED):1,disclosed,CAPITAL_FLOWS derived; tracked universe only; investor_type aggregated; new/existing from FUNDING; no ecosystem census claim.
2015,Pune,logistics,Series A,mixed,1075.0,1,unknown:1,disclosed,CAPITAL_FLOWS derived; tracked universe only; investor_type aggregated; new/existing from FUNDING; no ecosystem census claim.
2016,Bengaluru,AI / computer vision / fleet safety telematics,Series A,mixed,1558.32,1,initial (DERIVED):1,disclosed,CAPITAL_FLOWS derived; tracked universe only; investor_type aggregated; new/existing from FUNDING; no ecosystem census claim.
2016,Bengaluru,electric mobility / EV powertrain,Series A,mixed,0.0,1,initial (DERIVED):1,disclosed,CAPITAL_FLOWS derived; tracked universe only; investor_type aggregated; new/existing from FUNDING; no ecosystem census claim.
2016,Bengaluru,fintech / travel-fintech,Seed,mixed,98.9,2,initial (DERIVED):1; all-follow-on (DERIVED):1,disclosed,CAPITAL_FLOWS derived; tracked universe only; investor_type aggregated; new/existing from FUNDING; no ecosystem census claim.
2016,Bengaluru,fitness/healthtech,Series A,mixed,1290.0,1,initial (DERIVED):1,disclosed,CAPITAL_FLOWS derived; tracked universe only; investor_type aggregated; new/existing from FUNDING; no ecosystem census claim.
2016,Bengaluru,logistics,Series B,mixed,344.0,2,all-follow-on (DERIVED):1; mixed (DERIVED):1,disclosed,CAPITAL_FLOWS derived; tracked universe only; investor_type aggregated; new/existing from FUNDING; no ecosystem census claim.
2016,Bengaluru,saas/api dev,Series A,mixed,602.0,1,unknown:1,disclosed,CAPITAL_FLOWS derived; tracked universe only; investor_type aggregated; new/existing from FUNDING; no ecosystem census claim.
2016,Bengaluru,social media,Series A,mixed,344.0,1,mixed (DERIVED):1,disclosed,CAPITAL_FLOWS derived; tracked universe only; investor_type aggregated; new/existing from FUNDING; no ecosystem census claim.
2016,Bengaluru (HQ); Singapore domicile (reverse flip planned); ops India/Singapore/Middle East,Home interiors marketplace,Series B,mixed,1290.0,1,unknown:1,disclosed,CAPITAL_FLOWS derived; tracked universe only; investor_type aggregated; new/existing from FUNDING; no ecosystem census claim.
2016,"Bengaluru, Karnataka",Mobility / road transport tech (bike taxi-led multimodal),Seed,mixed,0.0,1,initial (DERIVED):1,disclosed,CAPITAL_FLOWS derived; tracked universe only; investor_type aggregated; new/existing from FUNDING; no ecosystem census claim.
2016,Gurugram,B2B supply-chain commerce / fintech,Series B,mixed,956.32,1,mixed (DERIVED):1,disclosed,CAPITAL_FLOWS derived; tracked universe only; investor_type aggregated; new/existing from FUNDING; no ecosystem census claim.
2016,Gurugram,ecommerce/eyewear,Series D,mixed,0.0,1,unknown:1,disclosed,CAPITAL_FLOWS derived; tracked universe only; investor_type aggregated; new/existing from FUNDING; no ecosystem census claim.
2016,Gurugram,fintech,Series C,mixed,4300.0,1,initial (DERIVED):1,disclosed,CAPITAL_FLOWS derived; tracked universe only; investor_type aggregated; new/existing from FUNDING; no ecosystem census claim.
2016,Hyderabad,Beauty-Tech SaaS,Series B,mixed,1290.0,1,mixed (DERIVED):1,disclosed,CAPITAL_FLOWS derived; tracked universe only; investor_type aggregated; new/existing from FUNDING; no ecosystem census claim.
2016,Indore,b2b retail supply,Seed,mixed,0.0,1,initial (DERIVED):1,disclosed,CAPITAL_FLOWS derived; tracked universe only; investor_type aggregated; new/existing from FUNDING; no ecosystem census claim.
2016,Mumbai,enterprise AI/analytics,Series C,mixed,8600.0,1,initial (DERIVED):1,disclosed,CAPITAL_FLOWS derived; tracked universe only; investor_type aggregated; new/existing from FUNDING; no ecosystem census claim.
2016,Mumbai,fintech lending,Seed,mixed,0.0,1,initial (DERIVED):1,disclosed,CAPITAL_FLOWS derived; tracked universe only; investor_type aggregated; new/existing from FUNDING; no ecosystem census claim.
2016,Mumbai,fintech lending,Series A,mixed,0.0,1,unknown:1,disclosed,CAPITAL_FLOWS derived; tracked universe only; investor_type aggregated; new/existing from FUNDING; no ecosystem census claim.
2016,Mumbai,foodtech cloud kitchen,Series B/C,mixed,0.0,1,all-new-investors (DERIVED):1,estimated,CAPITAL_FLOWS derived; tracked universe only; investor_type aggregated; new/existing from FUNDING; no ecosystem census claim.
2017,Bengaluru,Mobility / EV,Seed,mixed,129.0,1,unknown:1,disclosed,CAPITAL_FLOWS derived; tracked universe only; investor_type aggregated; new/existing from FUNDING; no ecosystem census claim.
2017,Bengaluru,WealthTech,Seed,mixed,0.0,1,mixed (DERIVED):1,disclosed,CAPITAL_FLOWS derived; tracked universe only; investor_type aggregated; new/existing from FUNDING; no ecosystem census claim.
2017,Bengaluru,defence imaging / electro-optics,Series B,mixed,1462.0,1,mixed (DERIVED):1,disclosed,CAPITAL_FLOWS derived; tracked universe only; investor_type aggregated; new/existing from FUNDING; no ecosystem census claim.
2017,Bengaluru,insurtech,Seed,mixed,2580.0,1,initial (DERIVED):1,disclosed,CAPITAL_FLOWS derived; tracked universe only; investor_type aggregated; new/existing from FUNDING; no ecosystem census claim.
2017,Bengaluru,logistics,Series B,mixed,288.1,2,all-follow-on (DERIVED):1; mixed (DERIVED):1,disclosed,CAPITAL_FLOWS derived; tracked universe only; investor_type aggregated; new/existing from FUNDING; no ecosystem census claim.
2017,Bengaluru,proptech / flex workspace (managed offices),Angel,mixed,26.83,1,initial (DERIVED):1,disclosed,CAPITAL_FLOWS derived; tracked universe only; investor_type aggregated; new/existing from FUNDING; no ecosystem census claim.
2017,Bengaluru,social media,Series B,mixed,688.0,1,mixed (DERIVED):1,disclosed,CAPITAL_FLOWS derived; tracked universe only; investor_type aggregated; new/existing from FUNDING; no ecosystem census claim.
2017,Bengaluru (India ops) / San Francisco (HQ),SaaS / API platform (GraphQL),Seed,mixed,137.6,1,initial (DERIVED):1,disclosed,CAPITAL_FLOWS derived; tracked universe only; investor_type aggregated; new/existing from FUNDING; no ecosystem census claim.
2017,"Bengaluru, Karnataka",B2B ecommerce (food & grocery),Series A,mixed,980.4,1,mixed (DERIVED):1,disclosed,CAPITAL_FLOWS derived; tracked universe only; investor_type aggregated; new/existing from FUNDING; no ecosystem census claim.
2017,Gurugram,ecommerce/eyewear,Series E,mixed,0.0,1,unknown:1,disclosed,CAPITAL_FLOWS derived; tracked universe only; investor_type aggregated; new/existing from FUNDING; no ecosystem census claim.
2017,Mumbai,edtech exec education,Stake acquisition,mixed,0.0,1,initial (DERIVED):1,disclosed,CAPITAL_FLOWS derived; tracked universe only; investor_type aggregated; new/existing from FUNDING; no ecosystem census claim.
2017,Mumbai,fintech lending,Series B,mixed,0.0,1,unknown:1,disclosed,CAPITAL_FLOWS derived; tracked universe only; investor_type aggregated; new/existing from FUNDING; no ecosystem census claim.
2017,Mumbai,foodtech/cloud kitchen,Series A,mixed,0.0,1,initial (DERIVED):1,estimated,CAPITAL_FLOWS derived; tracked universe only; investor_type aggregated; new/existing from FUNDING; no ecosystem census claim.
2017,Mumbai,gaming/fantasy sports,Series C,mixed,186.62,1,mixed (DERIVED):1,estimated,CAPITAL_FLOWS derived; tracked universe only; investor_type aggregated; new/existing from FUNDING; no ecosystem census claim.
2017,Pune,agritech / crop inputs,Series B,mixed,860.0,1,mixed (DERIVED):1,disclosed,CAPITAL_FLOWS derived; tracked universe only; investor_type aggregated; new/existing from FUNDING; no ecosystem census claim.
2018,Bengaluru,AI / computer vision / fleet safety telematics,Series B,mixed,1806.0,1,mixed (DERIVED):1,disclosed,CAPITAL_FLOWS derived; tracked universe only; investor_type aggregated; new/existing from FUNDING; no ecosystem census claim.
2018,Bengaluru,Logistics SaaS / AI supply chain optimization,Seed,mixed,0.0,1,initial (DERIVED):1,disclosed,CAPITAL_FLOWS derived; tracked universe only; investor_type aggregated; new/existing from FUNDING; no ecosystem census claim.
2018,Bengaluru,agritech (dairy tech),Series B,mixed,1204.0,1,initial (DERIVED):1,estimated,CAPITAL_FLOWS derived; tracked universe only; investor_type aggregated; new/existing from FUNDING; no ecosystem census claim.
2018,Bengaluru,agritech supply chain,Series B,mixed,3100.0,1,all-new-investors (DERIVED):1,disclosed,CAPITAL_FLOWS derived; tracked universe only; investor_type aggregated; new/existing from FUNDING; no ecosystem census claim.
2018,Bengaluru,d2c / baby tech,Angel,mixed,335.22,1,initial (DERIVED):1,disclosed,CAPITAL_FLOWS derived; tracked universe only; investor_type aggregated; new/existing from FUNDING; no ecosystem census claim.
2018,Bengaluru,ecommerce,Acquisition (majority stake),mixed,1376000.0,1,initial (DERIVED):1,disclosed,CAPITAL_FLOWS derived; tracked universe only; investor_type aggregated; new/existing from FUNDING; no ecosystem census claim.
2018,Bengaluru,ecommerce,Acquisition (majority),mixed,1376000.0,1,all-follow-on (DERIVED):1,disclosed,CAPITAL_FLOWS derived; tracked universe only; investor_type aggregated; new/existing from FUNDING; no ecosystem census claim.
2018,Bengaluru,fintech / travel-fintech,Series A,mixed,1135.26,1,mixed (DERIVED):1,disclosed,CAPITAL_FLOWS derived; tracked universe only; investor_type aggregated; new/existing from FUNDING; no ecosystem census claim.
2018,Bengaluru,fitness/healthtech,Series B,mixed,0.0,1,new:1,disclosed,CAPITAL_FLOWS derived; tracked universe only; investor_type aggregated; new/existing from FUNDING; no ecosystem census claim.
2018,Bengaluru,insurtech,Series B,mixed,1032.0,1,mixed (DERIVED):1,disclosed,CAPITAL_FLOWS derived; tracked universe only; investor_type aggregated; new/existing from FUNDING; no ecosystem census claim.
2018,Bengaluru,logistics,Series C,mixed,662.2,1,all-follow-on (DERIVED):1,disclosed,CAPITAL_FLOWS derived; tracked universe only; investor_type aggregated; new/existing from FUNDING; no ecosystem census claim.
2018,Bengaluru,proptech / flex workspace (managed offices),Series A,mixed,1290.0,1,mixed (DERIVED):1,disclosed,CAPITAL_FLOWS derived; tracked universe only; investor_type aggregated; new/existing from FUNDING; no ecosystem census claim.
2018,Bengaluru,social media,Series C,mixed,4300.0,1,mixed (DERIVED):1,disclosed,CAPITAL_FLOWS derived; tracked universe only; investor_type aggregated; new/existing from FUNDING; no ecosystem census claim.
2018,Bengaluru (HQ); Singapore domicile (reverse flip planned); ops India/Singapore/Middle East,Home interiors marketplace,Series C,mixed,6020.0,1,unknown:1,estimated,CAPITAL_FLOWS derived; tracked universe only; investor_type aggregated; new/existing from FUNDING; no ecosystem census claim.
2018,Chennai,saas/billing,Series C,mixed,1579.34,1,mixed (DERIVED):1,disclosed,CAPITAL_FLOWS derived; tracked universe only; investor_type aggregated; new/existing from FUNDING; no ecosystem census claim.
2018,Gurugram,B2B supply-chain commerce / fintech,Series C,mixed,2519.8,1,mixed (DERIVED):1,disclosed,CAPITAL_FLOWS derived; tracked universe only; investor_type aggregated; new/existing from FUNDING; no ecosystem census claim.
2018,Gurugram,Renewable Energy / IPP,Debt Financing,mixed,0.0,1,initial (DERIVED):1,disclosed,CAPITAL_FLOWS derived; tracked universe only; investor_type aggregated; new/existing from FUNDING; no ecosystem census claim.
2018,Gurugram,ecommerce/eyewear,Series F,mixed,0.0,1,unknown:1,disclosed,CAPITAL_FLOWS derived; tracked universe only; investor_type aggregated; new/existing from FUNDING; no ecosystem census claim.
2018,Kolkata,fintech/market analytics,seed/early,mixed,0.0,1,initial (DERIVED):1,disclosed,CAPITAL_FLOWS derived; tracked universe only; investor_type aggregated; new/existing from FUNDING; no ecosystem census claim.
2018,Mumbai,fintech lending,Series C,mixed,0.0,1,unknown:1,disclosed,CAPITAL_FLOWS derived; tracked universe only; investor_type aggregated; new/existing from FUNDING; no ecosystem census claim.
2018,Mumbai,fintech/trade finance,Series A,mixed,0.0,1,unknown:1,disclosed,CAPITAL_FLOWS derived; tracked universe only; investor_type aggregated; new/existing from FUNDING; no ecosystem census claim.
2018,Mumbai,foodtech/cloud kitchen,Series B,mixed,0.0,1,all-new-investors (DERIVED):1,estimated,CAPITAL_FLOWS derived; tracked universe only; investor_type aggregated; new/existing from FUNDING; no ecosystem census claim.
2018,Mumbai,gaming/fantasy sports,Series D,mixed,8600.0,1,mixed (DERIVED):1,disclosed,CAPITAL_FLOWS derived; tracked universe only; investor_type aggregated; new/existing from FUNDING; no ecosystem census claim.
2018,"Mumbai (India HQ / ops); corporate HQ Dublin, Ireland",SaaS / dev testing,Series A,mixed,4300.0,1,initial (DERIVED):1,disclosed,CAPITAL_FLOWS derived; tracked universe only; investor_type aggregated; new/existing from FUNDING; no ecosystem census claim.
2018,Noida,fintech,Private,mixed,10750.0,1,all-new-investors (DERIVED):1,disclosed,CAPITAL_FLOWS derived; tracked universe only; investor_type aggregated; new/existing from FUNDING; no ecosystem census claim.
2018,Noida,fintech,Series B,mixed,7052.0,1,mixed (DERIVED):1,disclosed,CAPITAL_FLOWS derived; tracked universe only; investor_type aggregated; new/existing from FUNDING; no ecosystem census claim.
2018,Noida,fintech,Series C,mixed,10750.0,1,all-follow-on (DERIVED):1,disclosed,CAPITAL_FLOWS derived; tracked universe only; investor_type aggregated; new/existing from FUNDING; no ecosystem census claim.
2019,Bengaluru,Logistics,Series D,mixed,5160.0,1,mixed (DERIVED):1,disclosed,CAPITAL_FLOWS derived; tracked universe only; investor_type aggregated; new/existing from FUNDING; no ecosystem census claim.
2019,Bengaluru,Mobility / EV,Series A,mixed,1032.0,1,unknown:1,disclosed,CAPITAL_FLOWS derived; tracked universe only; investor_type aggregated; new/existing from FUNDING; no ecosystem census claim.
2019,Bengaluru,Mobility / road transport tech,Series J,mixed,0.0,1,new:1,disclosed,CAPITAL_FLOWS derived; tracked universe only; investor_type aggregated; new/existing from FUNDING; no ecosystem census claim.
2019,Bengaluru,SaaS / CRM,Series A,mixed,258.0,1,all-new-investors (DERIVED):1,disclosed,CAPITAL_FLOWS derived; tracked universe only; investor_type aggregated; new/existing from FUNDING; no ecosystem census claim.
2019,Bengaluru,WealthTech,Series A,mixed,0.0,1,all-follow-on (DERIVED):1,disclosed,CAPITAL_FLOWS derived; tracked universe only; investor_type aggregated; new/existing from FUNDING; no ecosystem census claim.
2019,Bengaluru,agritech supply chain,Series C,mixed,7740.0,1,unknown:1,estimated,CAPITAL_FLOWS derived; tracked universe only; investor_type aggregated; new/existing from FUNDING; no ecosystem census claim.
2019,Bengaluru,d2c / baby tech,Seed,mixed,86.0,1,all-new-investors (DERIVED):1,disclosed,CAPITAL_FLOWS derived; tracked universe only; investor_type aggregated; new/existing from FUNDING; no ecosystem census claim.
2019,Bengaluru,fintech / travel-fintech,Series B,mixed,3010.0,1,mixed (DERIVED):1,disclosed,CAPITAL_FLOWS derived; tracked universe only; investor_type aggregated; new/existing from FUNDING; no ecosystem census claim.
2019,Bengaluru,fintech infra,Series C,mixed,6450.0,1,initial (DERIVED):1,disclosed,CAPITAL_FLOWS derived; tracked universe only; investor_type aggregated; new/existing from FUNDING; no ecosystem census claim.
2019,Bengaluru,fintech wealthtech,Series A,mixed,533.2,1,initial (DERIVED):1,disclosed,CAPITAL_FLOWS derived; tracked universe only; investor_type aggregated; new/existing from FUNDING; no ecosystem census claim.
2019,Bengaluru,fintech/card infra,Series C,mixed,0.0,1,initial (DERIVED):1,disclosed,CAPITAL_FLOWS derived; tracked universe only; investor_type aggregated; new/existing from FUNDING; no ecosystem census claim.
2019,Bengaluru,gaming rmg,Seed,mixed,86.0,1,initial (DERIVED):1,disclosed,CAPITAL_FLOWS derived; tracked universe only; investor_type aggregated; new/existing from FUNDING; no ecosystem census claim.
2019,Bengaluru,healthtech / wearables,Seed,mixed,0.0,1,all-new-investors (DERIVED):1,disclosed,CAPITAL_FLOWS derived; tracked universe only; investor_type aggregated; new/existing from FUNDING; no ecosystem census claim.
2019,Bengaluru,hr-tech/jobs,Seed,mixed,258.0,1,new:1,disclosed,CAPITAL_FLOWS derived; tracked universe only; investor_type aggregated; new/existing from FUNDING; no ecosystem census claim.
2019,Bengaluru,insurtech,Series C,mixed,5590.0,1,all-follow-on (DERIVED):1,disclosed,CAPITAL_FLOWS derived; tracked universe only; investor_type aggregated; new/existing from FUNDING; no ecosystem census claim.
2019,Bengaluru,logistics,Series C,mixed,860.0,1,all-follow-on (DERIVED):1,disclosed,CAPITAL_FLOWS derived; tracked universe only; investor_type aggregated; new/existing from FUNDING; no ecosystem census claim.
2019,Bengaluru,media (Josh/Dailyhunt),Series F,mixed,2150.0,1,all-new-investors (DERIVED):1,disclosed,CAPITAL_FLOWS derived; tracked universe only; investor_type aggregated; new/existing from FUNDING; no ecosystem census claim.
2019,Bengaluru,proptech,Series C,mixed,4386.0,1,initial (DERIVED):1,disclosed,CAPITAL_FLOWS derived; tracked universe only; investor_type aggregated; new/existing from FUNDING; no ecosystem census claim.
2019,Bengaluru,proptech,Series D,mixed,11180.0,2,unknown:1; all-new-investors (DERIVED):1,estimated,CAPITAL_FLOWS derived; tracked universe only; investor_type aggregated; new/existing from FUNDING; no ecosystem census claim.
2019,Bengaluru,robotics vision,Seed,mixed,66.65,1,all-follow-on (DERIVED):1,disclosed,CAPITAL_FLOWS derived; tracked universe only; investor_type aggregated; new/existing from FUNDING; no ecosystem census claim.
2019,Bengaluru,saas/api dev,Series B,mixed,4300.0,1,mixed (DERIVED):1,disclosed,CAPITAL_FLOWS derived; tracked universe only; investor_type aggregated; new/existing from FUNDING; no ecosystem census claim.
2019,Bengaluru,social media,Series D,mixed,8600.0,1,mixed (DERIVED):1,disclosed,CAPITAL_FLOWS derived; tracked universe only; investor_type aggregated; new/existing from FUNDING; no ecosystem census claim.
2019,Bengaluru,spacetech analytics,Seed,mixed,0.0,1,initial (DERIVED):1,disclosed,CAPITAL_FLOWS derived; tracked universe only; investor_type aggregated; new/existing from FUNDING; no ecosystem census claim.
2019,Bengaluru (HQ); Singapore domicile (reverse flip planned); ops India/Singapore/Middle East,Home interiors marketplace,Series D,mixed,0.0,1,unknown:1,disclosed,CAPITAL_FLOWS derived; tracked universe only; investor_type aggregated; new/existing from FUNDING; no ecosystem census claim.
2019,"Bengaluru, Karnataka",B2B ecommerce (food & grocery),Series B,mixed,1358.8,1,mixed (DERIVED):1,disclosed,CAPITAL_FLOWS derived; tracked universe only; investor_type aggregated; new/existing from FUNDING; no ecosystem census claim.
2019,"Bengaluru, Karnataka",Horizontal ecommerce / social commerce,Series A,mixed,10750.0,1,all-new-investors (DERIVED):1,disclosed,CAPITAL_FLOWS derived; tracked universe only; investor_type aggregated; new/existing from FUNDING; no ecosystem census claim.
2019,"Bengaluru, Karnataka",Mobility / road transport tech (bike taxi-led multimodal),Series A,mixed,963.2,1,mixed (DERIVED):1,disclosed,CAPITAL_FLOWS derived; tracked universe only; investor_type aggregated; new/existing from FUNDING; no ecosystem census claim.
2019,"Bengaluru, Karnataka",Mobility / road transport tech (bike taxi-led multimodal),Series B,mixed,4695.6,1,mixed (DERIVED):1,disclosed,CAPITAL_FLOWS derived; tracked universe only; investor_type aggregated; new/existing from FUNDING; no ecosystem census claim.
2019,Chennai,saas,Series H,mixed,12900.0,1,initial (DERIVED):1,disclosed,CAPITAL_FLOWS derived; tracked universe only; investor_type aggregated; new/existing from FUNDING; no ecosystem census claim.
2019,Gurugram,B2B supply-chain commerce / fintech,Series D,mixed,2936.9,1,mixed (DERIVED):1,disclosed,CAPITAL_FLOWS derived; tracked universe only; investor_type aggregated; new/existing from FUNDING; no ecosystem census claim.
2019,Gurugram,ecommerce/eyewear,Series G,mixed,0.0,1,unknown:1,disclosed,CAPITAL_FLOWS derived; tracked universe only; investor_type aggregated; new/existing from FUNDING; no ecosystem census claim.
2019,Gurugram,healthtech (elective surgery chain),Series A,mixed,344.0,1,initial (DERIVED):1,disclosed,CAPITAL_FLOWS derived; tracked universe only; investor_type aggregated; new/existing from FUNDING; no ecosystem census claim.
2019,Gurugram,healthtech (elective surgery chain),Series B,mixed,1032.0,1,all-follow-on (DERIVED):1,disclosed,CAPITAL_FLOWS derived; tracked universe only; investor_type aggregated; new/existing from FUNDING; no ecosystem census claim.
2019,Gurugram,proptech coworking,Series A,mixed,2150.0,1,initial (DERIVED):1,disclosed,CAPITAL_FLOWS derived; tracked universe only; investor_type aggregated; new/existing from FUNDING; no ecosystem census claim.
2019,Hyderabad,Beauty-Tech SaaS,Series C,mixed,6020.0,2,mixed (DERIVED):1; all-new-investors (DERIVED):1,disclosed,CAPITAL_FLOWS derived; tracked universe only; investor_type aggregated; new/existing from FUNDING; no ecosystem census claim.
2019,Indore,b2b retail supply,Series B,mixed,0.0,1,mixed (DERIVED):1,disclosed,CAPITAL_FLOWS derived; tracked universe only; investor_type aggregated; new/existing from FUNDING; no ecosystem census claim.
2019,Mumbai,D2C beauty / beauty-tech retail,Primary (unicorn round),mixed,0.0,1,initial (DERIVED):1,disclosed,CAPITAL_FLOWS derived; tracked universe only; investor_type aggregated; new/existing from FUNDING; no ecosystem census claim.
2019,Mumbai,SaaS/customer engagement,Series C,mixed,3010.0,1,all-new-investors (DERIVED):1,disclosed,CAPITAL_FLOWS derived; tracked universe only; investor_type aggregated; new/existing from FUNDING; no ecosystem census claim.
2019,Mumbai,enterprise AI/analytics,Series D (Apax),mixed,17200.0,1,all-new-investors (DERIVED):1,disclosed,CAPITAL_FLOWS derived; tracked universe only; investor_type aggregated; new/existing from FUNDING; no ecosystem census claim.
2019,Mumbai,fintech lending,Series C,mixed,0.0,1,unknown:1,disclosed,CAPITAL_FLOWS derived; tracked universe only; investor_type aggregated; new/existing from FUNDING; no ecosystem census claim.
2019,Mumbai,fintech/broking,Series B,mixed,2150.0,1,initial (DERIVED):1,disclosed,CAPITAL_FLOWS derived; tracked universe only; investor_type aggregated; new/existing from FUNDING; no ecosystem census claim.
2019,Mumbai,fintech/trade finance,Series B,mixed,0.0,1,unknown:1,disclosed,CAPITAL_FLOWS derived; tracked universe only; investor_type aggregated; new/existing from FUNDING; no ecosystem census claim.
2019,Mumbai,foodtech/cloud kitchen,Series C,mixed,0.0,1,mixed (DERIVED):1,estimated,CAPITAL_FLOWS derived; tracked universe only; investor_type aggregated; new/existing from FUNDING; no ecosystem census claim.
2019,Mumbai,healthtech / femtech D2C wellness,Series A,mixed,344.0,1,initial (DERIVED):1,disclosed,CAPITAL_FLOWS derived; tracked universe only; investor_type aggregated; new/existing from FUNDING; no ecosystem census claim.
2019,Noida,B2B e-commerce / industrial supply chain,Series D,mixed,5160.0,1,all-follow-on (DERIVED):1,disclosed,CAPITAL_FLOWS derived; tracked universe only; investor_type aggregated; new/existing from FUNDING; no ecosystem census claim.
2019,Pune,agritech / crop inputs,Series C,mixed,2322.0,1,mixed (DERIVED):1,disclosed,CAPITAL_FLOWS derived; tracked universe only; investor_type aggregated; new/existing from FUNDING; no ecosystem census claim.
2019,Pune (India ops) / Bellevue (HQ),SaaS / contract lifecycle management,Series E,mixed,9890.0,1,initial (DERIVED):1,disclosed,CAPITAL_FLOWS derived; tracked universe only; investor_type aggregated; new/existing from FUNDING; no ecosystem census claim.
2019,San Francisco / Pleasanton,AI / meeting transcription,Seed,mixed,0.0,1,new:1,disclosed,CAPITAL_FLOWS derived; tracked universe only; investor_type aggregated; new/existing from FUNDING; no ecosystem census claim.
2019,Thane,B2B construction materials,Seed/Series A,mixed,860.0,1,initial (DERIVED):1,disclosed,CAPITAL_FLOWS derived; tracked universe only; investor_type aggregated; new/existing from FUNDING; no ecosystem census claim.
2020,Bengaluru,SaaS / CRM,Series B,mixed,2412.4,1,mixed (DERIVED):1,disclosed,CAPITAL_FLOWS derived; tracked universe only; investor_type aggregated; new/existing from FUNDING; no ecosystem census claim.
2020,Bengaluru,WealthTech,Series B,mixed,0.0,1,mixed (DERIVED):1,disclosed,CAPITAL_FLOWS derived; tracked universe only; investor_type aggregated; new/existing from FUNDING; no ecosystem census claim.
2020,Bengaluru,WealthTech / Investment Tech,Pre-Series A / Angel,mixed,74.0,1,initial (DERIVED):1,disclosed,CAPITAL_FLOWS derived; tracked universe only; investor_type aggregated; new/existing from FUNDING; no ecosystem census claim.
2020,Bengaluru,WealthTech / Investment Tech,Seed,mixed,74.0,1,mixed (DERIVED):1,disclosed,CAPITAL_FLOWS derived; tracked universe only; investor_type aggregated; new/existing from FUNDING; no ecosystem census claim.
2020,Bengaluru,d2c travel goods,Seed,mixed,23.68,1,initial (DERIVED):1,disclosed,CAPITAL_FLOWS derived; tracked universe only; investor_type aggregated; new/existing from FUNDING; no ecosystem census claim.
2020,Bengaluru,edtech live classes,Series D,mixed,7400.0,1,new:1,disclosed,CAPITAL_FLOWS derived; tracked universe only; investor_type aggregated; new/existing from FUNDING; no ecosystem census claim.
2020,Bengaluru,edtech study-abroad,Series A,mixed,407.0,1,initial (DERIVED):1,disclosed,CAPITAL_FLOWS derived; tracked universe only; investor_type aggregated; new/existing from FUNDING; no ecosystem census claim.
2020,Bengaluru,fintech infra,Series D,mixed,7400.0,1,mixed (DERIVED):1,disclosed,CAPITAL_FLOWS derived; tracked universe only; investor_type aggregated; new/existing from FUNDING; no ecosystem census claim.
2020,Bengaluru,fitness/healthtech,Series D,mixed,0.0,1,new:1,disclosed,CAPITAL_FLOWS derived; tracked universe only; investor_type aggregated; new/existing from FUNDING; no ecosystem census claim.
2020,Bengaluru,foodtech cloud kitchen,Seed,mixed,0.0,1,initial (DERIVED):1,estimated,CAPITAL_FLOWS derived; tracked universe only; investor_type aggregated; new/existing from FUNDING; no ecosystem census claim.
2020,Bengaluru,gaming rmg,Series A,mixed,592.0,1,all-new-investors (DERIVED):1,disclosed,CAPITAL_FLOWS derived; tracked universe only; investor_type aggregated; new/existing from FUNDING; no ecosystem census claim.
2020,Bengaluru,insurtech,Series D,mixed,4440.0,1,all-new-investors (DERIVED):1,disclosed,CAPITAL_FLOWS derived; tracked universe only; investor_type aggregated; new/existing from FUNDING; no ecosystem census claim.
2020,Bengaluru,logistics,Series D,mixed,1369.0,1,all-new-investors (DERIVED):1,disclosed,CAPITAL_FLOWS derived; tracked universe only; investor_type aggregated; new/existing from FUNDING; no ecosystem census claim.
2020,Bengaluru,media (Josh/Dailyhunt),Series G,mixed,0.0,1,mixed (DERIVED):1,disclosed,CAPITAL_FLOWS derived; tracked universe only; investor_type aggregated; new/existing from FUNDING; no ecosystem census claim.
2020,Bengaluru,saas/api dev,Series C,mixed,11100.0,1,mixed (DERIVED):1,disclosed,CAPITAL_FLOWS derived; tracked universe only; investor_type aggregated; new/existing from FUNDING; no ecosystem census claim.
2020,Bengaluru,social media,Sequoia Capital talks,mixed,14800.0,1,all-new-investors (DERIVED):1,disclosed,CAPITAL_FLOWS derived; tracked universe only; investor_type aggregated; new/existing from FUNDING; no ecosystem census claim.
2020,Bengaluru,spacetech ssa,Grant (prize money),mixed,0.25,1,initial (DERIVED):1,disclosed,CAPITAL_FLOWS derived; tracked universe only; investor_type aggregated; new/existing from FUNDING; no ecosystem census claim.
2020,Bengaluru (HQ); Singapore domicile (reverse flip planned); ops India/Singapore/Middle East,Home interiors marketplace,Series D (second tranche),mixed,4440.0,1,unknown:1,disclosed,CAPITAL_FLOWS derived; tracked universe only; investor_type aggregated; new/existing from FUNDING; no ecosystem census claim.
2020,Bengaluru (HQ); Singapore domicile (reverse flip planned); ops India/Singapore/Middle East,Home interiors marketplace,Series D (third tranche),mixed,6660.0,1,unknown:1,disclosed,CAPITAL_FLOWS derived; tracked universe only; investor_type aggregated; new/existing from FUNDING; no ecosystem census claim.
2020,Bengaluru (HQ); Singapore domicile (reverse flip planned); ops India/Singapore/Middle East,Home interiors marketplace,Venture Debt,mixed,0.0,1,unknown:1,disclosed,CAPITAL_FLOWS derived; tracked universe only; investor_type aggregated; new/existing from FUNDING; no ecosystem census claim.
2020,Bengaluru (India ops) / San Francisco (HQ),SaaS / API platform (GraphQL),Series A,mixed,732.6,1,mixed (DERIVED):1,disclosed,CAPITAL_FLOWS derived; tracked universe only; investor_type aggregated; new/existing from FUNDING; no ecosystem census claim.
2020,Bengaluru (India ops) / San Francisco (HQ),SaaS / API platform (GraphQL),Series B,mixed,1850.0,1,all-follow-on (DERIVED):1,disclosed,CAPITAL_FLOWS derived; tracked universe only; investor_type aggregated; new/existing from FUNDING; no ecosystem census claim.
2020,"Bengaluru, Karnataka",B2B ecommerce (food & grocery),Series B,mixed,1857.4,1,mixed (DERIVED):1,disclosed,CAPITAL_FLOWS derived; tracked universe only; investor_type aggregated; new/existing from FUNDING; no ecosystem census claim.
2020,Chennai,saas/billing,Series F,mixed,4070.0,1,mixed (DERIVED):1,disclosed,CAPITAL_FLOWS derived; tracked universe only; investor_type aggregated; new/existing from FUNDING; no ecosystem census claim.
2020,Delhi (New Delhi),climate energy efficiency,Seed,mixed,0.0,1,unknown:1,disclosed,CAPITAL_FLOWS derived; tracked universe only; investor_type aggregated; new/existing from FUNDING; no ecosystem census claim.
2020,Gurugram,auto marketplace | used cars,Series E,mixed,14800.0,1,mixed (DERIVED):1,disclosed,CAPITAL_FLOWS derived; tracked universe only; investor_type aggregated; new/existing from FUNDING; no ecosystem census claim.
2020,Gurugram,auto marketplace | used cars,Series F (unicorn),mixed,14800.0,1,unknown:1,disclosed,CAPITAL_FLOWS derived; tracked universe only; investor_type aggregated; new/existing from FUNDING; no ecosystem census claim.
2020,Gurugram,ev battery swapping,seed,mixed,0.0,1,initial (DERIVED):1,disclosed,CAPITAL_FLOWS derived; tracked universe only; investor_type aggregated; new/existing from FUNDING; no ecosystem census claim.
2020,Gurugram,healthtech (elective surgery chain),Series C,mixed,888.0,1,mixed (DERIVED):1,disclosed,CAPITAL_FLOWS derived; tracked universe only; investor_type aggregated; new/existing from FUNDING; no ecosystem census claim.
2020,Hyderabad,Beauty-Tech SaaS,Series D,mixed,11840.0,1,mixed (DERIVED):1,disclosed,CAPITAL_FLOWS derived; tracked universe only; investor_type aggregated; new/existing from FUNDING; no ecosystem census claim.
2020,Mumbai,D2C beauty / beauty-tech retail,Secondary,mixed,0.0,1,all-new-investors (DERIVED):1,estimated,CAPITAL_FLOWS derived; tracked universe only; investor_type aggregated; new/existing from FUNDING; no ecosystem census claim.
2020,Mumbai,gaming/fantasy sports,Series E,mixed,16650.0,1,all-new-investors (DERIVED):1,disclosed,CAPITAL_FLOWS derived; tracked universe only; investor_type aggregated; new/existing from FUNDING; no ecosystem census claim.
2020,Mumbai,healthtech pharmacy,Seed,mixed,36.84,1,all-new-investors (DERIVED):1,disclosed,CAPITAL_FLOWS derived; tracked universe only; investor_type aggregated; new/existing from FUNDING; no ecosystem census claim.
2020,Mumbai,mobility / used-car leasing,Seed,mixed,21.66,1,initial (DERIVED):1,disclosed,CAPITAL_FLOWS derived; tracked universe only; investor_type aggregated; new/existing from FUNDING; no ecosystem census claim.
2020,New Delhi,fintech payments/lending,Series C,mixed,5550.0,1,unknown:1,disclosed,CAPITAL_FLOWS derived; tracked universe only; investor_type aggregated; new/existing from FUNDING; no ecosystem census claim.
2020,Noida,agritech / post-harvest,Pre-Series B,mixed,444.0,1,initial (DERIVED):1,disclosed,CAPITAL_FLOWS derived; tracked universe only; investor_type aggregated; new/existing from FUNDING; no ecosystem census claim.
2020,Noida,agritech / post-harvest,Series B,mixed,1554.0,1,unknown:1,disclosed,CAPITAL_FLOWS derived; tracked universe only; investor_type aggregated; new/existing from FUNDING; no ecosystem census claim.
2020,Noida,fintech,Corporate,mixed,0.0,1,all-follow-on (DERIVED):1,disclosed,CAPITAL_FLOWS derived; tracked universe only; investor_type aggregated; new/existing from FUNDING; no ecosystem census claim.
2020,Noida,fintech,Private,mixed,0.0,1,all-new-investors (DERIVED):1,disclosed,CAPITAL_FLOWS derived; tracked universe only; investor_type aggregated; new/existing from FUNDING; no ecosystem census claim.
2020,Noida,fintech,Series D,mixed,3034.0,1,all-new-investors (DERIVED):1,disclosed,CAPITAL_FLOWS derived; tracked universe only; investor_type aggregated; new/existing from FUNDING; no ecosystem census claim.
2020,Pune,logistics,Series E,mixed,8140.0,1,all-new-investors (DERIVED):1,disclosed,CAPITAL_FLOWS derived; tracked universe only; investor_type aggregated; new/existing from FUNDING; no ecosystem census claim.
2021,Ahmedabad,d2c baby products,Series A,mixed,40.0,1,all-new-investors (DERIVED):1,disclosed,CAPITAL_FLOWS derived; tracked universe only; investor_type aggregated; new/existing from FUNDING; no ecosystem census claim.
2021,Ahmedabad,enterprise tech / events,Series B,mixed,9312.5,1,initial (DERIVED):1,disclosed,CAPITAL_FLOWS derived; tracked universe only; investor_type aggregated; new/existing from FUNDING; no ecosystem census claim.
2021,Bengaluru,AI / computer vision / fleet safety telematics,Series C,mixed,11175.0,1,mixed (DERIVED):1,disclosed,CAPITAL_FLOWS derived; tracked universe only; investor_type aggregated; new/existing from FUNDING; no ecosystem census claim.
2021,Bengaluru,F&B / coffee chain (QSR),Series A,mixed,447.0,1,initial (DERIVED):1,disclosed,CAPITAL_FLOWS derived; tracked universe only; investor_type aggregated; new/existing from FUNDING; no ecosystem census claim.
2021,Bengaluru,Mobility / road transport tech,Pre-IPO (ANI Technologies),mixed,37250.0,1,unknown:1,estimated,CAPITAL_FLOWS derived; tracked universe only; investor_type aggregated; new/existing from FUNDING; no ecosystem census claim.
2021,Bengaluru,Mobility / road transport tech,Series J,mixed,10355.5,1,new:1,estimated,CAPITAL_FLOWS derived; tracked universe only; investor_type aggregated; new/existing from FUNDING; no ecosystem census claim.
2021,Bengaluru,SaaS / CRM,Series B extension,mixed,931.25,1,mixed (DERIVED):1,disclosed,CAPITAL_FLOWS derived; tracked universe only; investor_type aggregated; new/existing from FUNDING; no ecosystem census claim.
2021,Bengaluru,WealthTech,Series C,mixed,2980.0,1,initial (DERIVED):1,disclosed,CAPITAL_FLOWS derived; tracked universe only; investor_type aggregated; new/existing from FUNDING; no ecosystem census claim.
2021,Bengaluru,WealthTech / Investment Tech,Pre-Series A,mixed,372.5,1,all-new-investors (DERIVED):1,disclosed,CAPITAL_FLOWS derived; tracked universe only; investor_type aggregated; new/existing from FUNDING; no ecosystem census claim.
2021,Bengaluru,agritech (dairy tech),Series C,mixed,1341.0,1,mixed (DERIVED):1,estimated,CAPITAL_FLOWS derived; tracked universe only; investor_type aggregated; new/existing from FUNDING; no ecosystem census claim.
2021,Bengaluru,agritech supply chain,Series D-II,mixed,10802.5,1,unknown:1,estimated,CAPITAL_FLOWS derived; tracked universe only; investor_type aggregated; new/existing from FUNDING; no ecosystem census claim.
2021,Bengaluru,b2b manufacturing,Series E,mixed,11175.0,1,initial (DERIVED):1,disclosed,CAPITAL_FLOWS derived; tracked universe only; investor_type aggregated; new/existing from FUNDING; no ecosystem census claim.
2021,Bengaluru,b2b manufacturing,Series F,mixed,15645.0,1,all-new-investors (DERIVED):1,disclosed,CAPITAL_FLOWS derived; tracked universe only; investor_type aggregated; new/existing from FUNDING; no ecosystem census claim.
2021,Bengaluru,d2c / baby tech,Conventional Debt,mixed,137.45,1,unknown:1,disclosed,CAPITAL_FLOWS derived; tracked universe only; investor_type aggregated; new/existing from FUNDING; no ecosystem census claim.
2021,Bengaluru,d2c / baby tech,Seed,mixed,521.5,1,mixed (DERIVED):1,disclosed,CAPITAL_FLOWS derived; tracked universe only; investor_type aggregated; new/existing from FUNDING; no ecosystem census claim.
2021,Bengaluru,ecommerce,primary,mixed,268200.0,1,mixed (DERIVED):1,disclosed,CAPITAL_FLOWS derived; tracked universe only; investor_type aggregated; new/existing from FUNDING; no ecosystem census claim.
2021,Bengaluru,edtech,Series H,mixed,32780.0,1,initial (DERIVED):1,disclosed,CAPITAL_FLOWS derived; tracked universe only; investor_type aggregated; new/existing from FUNDING; no ecosystem census claim.
2021,Bengaluru,edtech live classes,Series E (unicorn),mixed,7450.0,1,new:1,disclosed,CAPITAL_FLOWS derived; tracked universe only; investor_type aggregated; new/existing from FUNDING; no ecosystem census claim.
2021,Bengaluru,edtech study-abroad,Series B,mixed,1266.5,1,all-new-investors (DERIVED):1,disclosed,CAPITAL_FLOWS derived; tracked universe only; investor_type aggregated; new/existing from FUNDING; no ecosystem census claim.
2021,Bengaluru,edtech study-abroad,Series C,mixed,4097.5,1,mixed (DERIVED):1,disclosed,CAPITAL_FLOWS derived; tracked universe only; investor_type aggregated; new/existing from FUNDING; no ecosystem census claim.
2021,Bengaluru,fintech,Series E (reported Oct 2021),mixed,18699.5,1,initial (DERIVED):1,disclosed,CAPITAL_FLOWS derived; tracked universe only; investor_type aggregated; new/existing from FUNDING; no ecosystem census claim.
2021,Bengaluru,fintech / checkout,Seed,mixed,0.0,1,initial (DERIVED):1,disclosed,CAPITAL_FLOWS derived; tracked universe only; investor_type aggregated; new/existing from FUNDING; no ecosystem census claim.
2021,Bengaluru,fintech / digital banking,Series B,mixed,16390.0,1,initial (DERIVED):1,disclosed,CAPITAL_FLOWS derived; tracked universe only; investor_type aggregated; new/existing from FUNDING; no ecosystem census claim.
2021,Bengaluru,fintech infra,Series E,mixed,11920.0,1,all-follow-on (DERIVED):1,disclosed,CAPITAL_FLOWS derived; tracked universe only; investor_type aggregated; new/existing from FUNDING; no ecosystem census claim.
2021,Bengaluru,fintech infra,Series F,mixed,27937.5,1,mixed (DERIVED):1,disclosed,CAPITAL_FLOWS derived; tracked universe only; investor_type aggregated; new/existing from FUNDING; no ecosystem census claim.
2021,Bengaluru,fintech lending,Series C (tranche 1),mixed,5587.5,1,initial (DERIVED):1,disclosed,CAPITAL_FLOWS derived; tracked universe only; investor_type aggregated; new/existing from FUNDING; no ecosystem census claim.
2021,Bengaluru,fintech lending,Series C (tranche 2),mixed,5215.0,1,all-new-investors (DERIVED):1,disclosed,CAPITAL_FLOWS derived; tracked universe only; investor_type aggregated; new/existing from FUNDING; no ecosystem census claim.
2021,Bengaluru,fintech payments infrastructure,Series C,mixed,4470.0,1,initial (DERIVED):1,disclosed,CAPITAL_FLOWS derived; tracked universe only; investor_type aggregated; new/existing from FUNDING; no ecosystem census claim.
2021,Bengaluru,fintech saas,Series D,mixed,0.0,1,initial (DERIVED):1,disclosed,CAPITAL_FLOWS derived; tracked universe only; investor_type aggregated; new/existing from FUNDING; no ecosystem census claim.
2021,Bengaluru,fintech wealthtech,Series D,mixed,6183.5,1,mixed (DERIVED):1,disclosed,CAPITAL_FLOWS derived; tracked universe only; investor_type aggregated; new/existing from FUNDING; no ecosystem census claim.
2021,Bengaluru,fintech wealthtech,Series E,mixed,18699.5,1,mixed (DERIVED):1,disclosed,CAPITAL_FLOWS derived; tracked universe only; investor_type aggregated; new/existing from FUNDING; no ecosystem census claim.
2021,Bengaluru,fintech/card infra,Series C,mixed,18625.0,1,all-new-investors (DERIVED):1,disclosed,CAPITAL_FLOWS derived; tracked universe only; investor_type aggregated; new/existing from FUNDING; no ecosystem census claim.
2021,Bengaluru,fintech/card infra,Series D (unicorn),mixed,18625.0,1,all-follow-on (DERIVED):1,disclosed,CAPITAL_FLOWS derived; tracked universe only; investor_type aggregated; new/existing from FUNDING; no ecosystem census claim.
2021,Bengaluru,fitness/healthtech,Series E,mixed,5587.5,1,new:1,disclosed,CAPITAL_FLOWS derived; tracked universe only; investor_type aggregated; new/existing from FUNDING; no ecosystem census claim.
2021,Bengaluru,fitness/healthtech,Series F,mixed,10802.5,1,mixed (DERIVED):1,disclosed,CAPITAL_FLOWS derived; tracked universe only; investor_type aggregated; new/existing from FUNDING; no ecosystem census claim.
2021,Bengaluru,foodtech cloud kitchen,Series A,mixed,968.5,1,all-new-investors (DERIVED):1,disclosed,CAPITAL_FLOWS derived; tracked universe only; investor_type aggregated; new/existing from FUNDING; no ecosystem census claim.
2021,Bengaluru,gaming / esports,Series E,mixed,11175.0,1,initial (DERIVED):1,disclosed,CAPITAL_FLOWS derived; tracked universe only; investor_type aggregated; new/existing from FUNDING; no ecosystem census claim.
2021,Bengaluru,gaming livestream / social entertainment / micro-drama,Seed,mixed,156.45,1,initial (DERIVED):1,disclosed,CAPITAL_FLOWS derived; tracked universe only; investor_type aggregated; new/existing from FUNDING; no ecosystem census claim.
2021,Bengaluru,gaming rmg,Series A,mixed,700.9,1,all-new-investors (DERIVED):1,disclosed,CAPITAL_FLOWS derived; tracked universe only; investor_type aggregated; new/existing from FUNDING; no ecosystem census claim.
2021,Bengaluru,gaming rmg,Series A (second tranche),mixed,745.0,1,all-new-investors (DERIVED):1,disclosed,CAPITAL_FLOWS derived; tracked universe only; investor_type aggregated; new/existing from FUNDING; no ecosystem census claim.
2021,Bengaluru,gaming rmg,Series B,mixed,2235.0,1,all-new-investors (DERIVED):1,disclosed,CAPITAL_FLOWS derived; tracked universe only; investor_type aggregated; new/existing from FUNDING; no ecosystem census claim.
2021,Bengaluru,healthtech / wearables,Series A,mixed,1303.75,1,mixed (DERIVED):1,disclosed,CAPITAL_FLOWS derived; tracked universe only; investor_type aggregated; new/existing from FUNDING; no ecosystem census claim.
2021,Bengaluru,hr-tech/jobs,Series A,mixed,931.25,1,unknown:1,estimated,CAPITAL_FLOWS derived; tracked universe only; investor_type aggregated; new/existing from FUNDING; no ecosystem census claim.
2021,Bengaluru,hr-tech/jobs,Series B,mixed,5215.0,1,unknown:1,estimated,CAPITAL_FLOWS derived; tracked universe only; investor_type aggregated; new/existing from FUNDING; no ecosystem census claim.
2021,Bengaluru,hr-tech/jobs,Series C,mixed,7450.0,1,"new + existing (Owl, Insight, Sequoia, Maverick):1",estimated,CAPITAL_FLOWS derived; tracked universe only; investor_type aggregated; new/existing from FUNDING; no ecosystem census claim.
2021,Bengaluru,insurtech,Series D,mixed,18997.5,1,existing:1,disclosed,CAPITAL_FLOWS derived; tracked universe only; investor_type aggregated; new/existing from FUNDING; no ecosystem census claim.
2021,Bengaluru,logistics,Series E,mixed,7524.5,1,mixed (DERIVED):1,disclosed,CAPITAL_FLOWS derived; tracked universe only; investor_type aggregated; new/existing from FUNDING; no ecosystem census claim.
2021,Bengaluru,media (Josh/Dailyhunt),Series H,mixed,7450.0,1,all-new-investors (DERIVED):1,disclosed,CAPITAL_FLOWS derived; tracked universe only; investor_type aggregated; new/existing from FUNDING; no ecosystem census claim.
2021,Bengaluru,proptech,Series E,mixed,15645.0,1,"new and existing (General Atlantic, Tiger Global, Moore Strategic):1",estimated,CAPITAL_FLOWS derived; tracked universe only; investor_type aggregated; new/existing from FUNDING; no ecosystem census claim.
2021,Bengaluru,proptech,Total funding,mixed,26894.5,1,mixed (DERIVED):1,disclosed,CAPITAL_FLOWS derived; tracked universe only; investor_type aggregated; new/existing from FUNDING; no ecosystem census claim.
2021,Bengaluru,robotics vision,Incubator/Accelerator,mixed,0.0,1,initial (DERIVED):1,disclosed,CAPITAL_FLOWS derived; tracked universe only; investor_type aggregated; new/existing from FUNDING; no ecosystem census claim.
2021,Bengaluru,saas/api dev,Series D,mixed,16762.5,1,mixed (DERIVED):1,disclosed,CAPITAL_FLOWS derived; tracked universe only; investor_type aggregated; new/existing from FUNDING; no ecosystem census claim.
2021,Bengaluru,social media,Series E,mixed,37399.0,1,unknown:1,estimated,CAPITAL_FLOWS derived; tracked universe only; investor_type aggregated; new/existing from FUNDING; no ecosystem census claim.
2021,Bengaluru,social media,Series G,mixed,19817.0,1,mixed (DERIVED):1,disclosed,CAPITAL_FLOWS derived; tracked universe only; investor_type aggregated; new/existing from FUNDING; no ecosystem census claim.
2021,Bengaluru,social media,Tencent convertible debt,mixed,16762.5,1,all-new-investors (DERIVED):1,disclosed,CAPITAL_FLOWS derived; tracked universe only; investor_type aggregated; new/existing from FUNDING; no ecosystem census claim.
2021,Bengaluru,spacetech,Seed,mixed,543.85,1,initial (DERIVED):1,disclosed,CAPITAL_FLOWS derived; tracked universe only; investor_type aggregated; new/existing from FUNDING; no ecosystem census claim.
2021,Bengaluru,spacetech analytics,Pre-Series A,mixed,0.0,1,all-new-investors (DERIVED):1,disclosed,CAPITAL_FLOWS derived; tracked universe only; investor_type aggregated; new/existing from FUNDING; no ecosystem census claim.
2021,Bengaluru,spacetech ssa,Seed,mixed,186.25,1,unknown:1,estimated,CAPITAL_FLOWS derived; tracked universe only; investor_type aggregated; new/existing from FUNDING; no ecosystem census claim.
2021,Bengaluru (HQ); Singapore domicile (reverse flip planned); ops India/Singapore/Middle East,Home interiors marketplace,Series F (first tranche),mixed,4306.1,1,all-new-investors (DERIVED):1,disclosed,CAPITAL_FLOWS derived; tracked universe only; investor_type aggregated; new/existing from FUNDING; no ecosystem census claim.
2021,Bengaluru (operating; Tracxn lists Chennai/Tamil Nadu — conflict),crypto/fintech,Series A,mixed,1117.5,1,initial (DERIVED):1,disclosed,CAPITAL_FLOWS derived; tracked universe only; investor_type aggregated; new/existing from FUNDING; no ecosystem census claim.
2021,Bengaluru (operating; Tracxn lists Chennai/Tamil Nadu — conflict),crypto/fintech,Series B,mixed,1862.5,1,all-new-investors (DERIVED):1,disclosed,CAPITAL_FLOWS derived; tracked universe only; investor_type aggregated; new/existing from FUNDING; no ecosystem census claim.
2021,Bengaluru (operating; Tracxn lists Chennai/Tamil Nadu — conflict),crypto/fintech,Series C,mixed,19370.0,1,mixed (DERIVED):1,disclosed,CAPITAL_FLOWS derived; tracked universe only; investor_type aggregated; new/existing from FUNDING; no ecosystem census claim.
2021,"Bengaluru, Karnataka",B2B ecommerce (food & grocery),Series C,mixed,11532.6,2,unknown:1; mixed (DERIVED):1,estimated,CAPITAL_FLOWS derived; tracked universe only; investor_type aggregated; new/existing from FUNDING; no ecosystem census claim.
2021,"Bengaluru, Karnataka",B2B ecommerce (food & grocery),Venture Debt,mixed,356.86,1,all-follow-on (DERIVED):1,disclosed,CAPITAL_FLOWS derived; tracked universe only; investor_type aggregated; new/existing from FUNDING; no ecosystem census claim.
2021,"Bengaluru, Karnataka",Horizontal ecommerce / social commerce,Series B,mixed,22350.0,1,all-new-investors (DERIVED):1,disclosed,CAPITAL_FLOWS derived; tracked universe only; investor_type aggregated; new/existing from FUNDING; no ecosystem census claim.
2021,"Bengaluru, Karnataka",Horizontal ecommerce / social commerce,Series F,mixed,42465.0,1,unknown:1,estimated,CAPITAL_FLOWS derived; tracked universe only; investor_type aggregated; new/existing from FUNDING; no ecosystem census claim.
2021,"Bengaluru, Karnataka",Mobility / road transport tech (bike taxi-led multimodal),Series C,mixed,3874.0,1,mixed (DERIVED):1,disclosed,CAPITAL_FLOWS derived; tracked universe only; investor_type aggregated; new/existing from FUNDING; no ecosystem census claim.
2021,Chennai,saas,IPO,mixed,76735.0,1,unknown:1,disclosed,CAPITAL_FLOWS derived; tracked universe only; investor_type aggregated; new/existing from FUNDING; no ecosystem census claim.
2021,Chennai,saas/billing,Series G,mixed,9312.5,1,mixed (DERIVED):1,disclosed,CAPITAL_FLOWS derived; tracked universe only; investor_type aggregated; new/existing from FUNDING; no ecosystem census claim.
2021,Chennai / Palo Alto,Conversational AI / Enterprise AI,Series D,mixed,0.0,1,initial (DERIVED):1,disclosed,CAPITAL_FLOWS derived; tracked universe only; investor_type aggregated; new/existing from FUNDING; no ecosystem census claim.
2021,Delhi (New Delhi),climate energy efficiency,Series A,mixed,305.45,1,all-new-investors (DERIVED):1,disclosed,CAPITAL_FLOWS derived; tracked universe only; investor_type aggregated; new/existing from FUNDING; no ecosystem census claim.
2021,Delhi (New Delhi),climate energy efficiency,Series A - II,mixed,0.0,1,initial (DERIVED):1,disclosed,CAPITAL_FLOWS derived; tracked universe only; investor_type aggregated; new/existing from FUNDING; no ecosystem census claim.
2021,Delhi NCR (seed) — CORRECTED: Mumbai/Delhi ops,consumer electronics,Series B,mixed,7450.0,1,unknown:1,disclosed,CAPITAL_FLOWS derived; tracked universe only; investor_type aggregated; new/existing from FUNDING; no ecosystem census claim.
2021,Delhi NCR (seed) — CORRECTED: Mumbai/Delhi ops,consumer electronics,Venture,mixed,0.0,1,initial (DERIVED):1,disclosed,CAPITAL_FLOWS derived; tracked universe only; investor_type aggregated; new/existing from FUNDING; no ecosystem census claim.
2021,Gurugram,B2B supply-chain commerce / fintech,Series E,mixed,11920.0,1,mixed (DERIVED):1,disclosed,CAPITAL_FLOWS derived; tracked universe only; investor_type aggregated; new/existing from FUNDING; no ecosystem census claim.
2021,Gurugram,B2B supply-chain commerce / fintech,Series F,mixed,14453.0,1,mixed (DERIVED):1,disclosed,CAPITAL_FLOWS derived; tracked universe only; investor_type aggregated; new/existing from FUNDING; no ecosystem census claim.
2021,Gurugram,B2B supply-chain commerce / fintech,Series G,mixed,24212.5,1,mixed (DERIVED):1,disclosed,CAPITAL_FLOWS derived; tracked universe only; investor_type aggregated; new/existing from FUNDING; no ecosystem census claim.
2021,Gurugram,FoodTech / Quick Commerce,IPO,mixed,0.0,1,mixed (DERIVED):1,disclosed,CAPITAL_FLOWS derived; tracked universe only; investor_type aggregated; new/existing from FUNDING; no ecosystem census claim.
2021,Gurugram,FoodTech / Quick Commerce,Pre-IPO,mixed,0.0,1,initial (DERIVED):1,disclosed,CAPITAL_FLOWS derived; tracked universe only; investor_type aggregated; new/existing from FUNDING; no ecosystem census claim.
2021,Gurugram,Insurtech / Fintech,IPO,mixed,0.0,1,all-new-investors (DERIVED):1,disclosed,CAPITAL_FLOWS derived; tracked universe only; investor_type aggregated; new/existing from FUNDING; no ecosystem census claim.
2021,Gurugram,Insurtech / Fintech,Series G,mixed,0.0,1,initial (DERIVED):1,disclosed,CAPITAL_FLOWS derived; tracked universe only; investor_type aggregated; new/existing from FUNDING; no ecosystem census claim.
2021,Gurugram,auto marketplace | used cars,Series F,mixed,25330.0,1,mixed (DERIVED):1,disclosed,CAPITAL_FLOWS derived; tracked universe only; investor_type aggregated; new/existing from FUNDING; no ecosystem census claim.
2021,Gurugram,auto marketplace | used cars,Series G,mixed,22350.0,1,mixed (DERIVED):1,disclosed,CAPITAL_FLOWS derived; tracked universe only; investor_type aggregated; new/existing from FUNDING; no ecosystem census claim.
2021,Gurugram,auto marketplace | used cars,Series G (debt),mixed,7450.0,1,all-new-investors (DERIVED):1,disclosed,CAPITAL_FLOWS derived; tracked universe only; investor_type aggregated; new/existing from FUNDING; no ecosystem census claim.
2021,Gurugram,auto/used cars,Series E,mixed,18625.0,1,initial (DERIVED):1,disclosed,CAPITAL_FLOWS derived; tracked universe only; investor_type aggregated; new/existing from FUNDING; no ecosystem census claim.
2021,Gurugram,ecommerce/eyewear,Series H,mixed,0.0,1,unknown:1,disclosed,CAPITAL_FLOWS derived; tracked universe only; investor_type aggregated; new/existing from FUNDING; no ecosystem census claim.
2021,Gurugram,healthtech (elective surgery chain),Series D,mixed,3948.5,1,all-follow-on (DERIVED):1,disclosed,CAPITAL_FLOWS derived; tracked universe only; investor_type aggregated; new/existing from FUNDING; no ecosystem census claim.
2021,Gurugram,healthtech (elective surgery chain),Series E,mixed,7450.0,1,mixed (DERIVED):1,disclosed,CAPITAL_FLOWS derived; tracked universe only; investor_type aggregated; new/existing from FUNDING; no ecosystem census claim.
2021,Gurugram,healthtech surgical care,Seed,mixed,342.7,1,initial (DERIVED):1,estimated,CAPITAL_FLOWS derived; tracked universe only; investor_type aggregated; new/existing from FUNDING; no ecosystem census claim.
2021,Gurugram,logistics,Acquisition (Spoton),mixed,1600.0,1,all-new-investors (DERIVED):1,disclosed,CAPITAL_FLOWS derived; tracked universe only; investor_type aggregated; new/existing from FUNDING; no ecosystem census claim.
2021,Gurugram,logistics,Series H,mixed,20636.5,1,initial (DERIVED):1,disclosed,CAPITAL_FLOWS derived; tracked universe only; investor_type aggregated; new/existing from FUNDING; no ecosystem census claim.
2021,Hyderabad,Beauty-Tech SaaS,PE Growth,mixed,24659.5,1,unknown:1,disclosed,CAPITAL_FLOWS derived; tracked universe only; investor_type aggregated; new/existing from FUNDING; no ecosystem census claim.
2021,Hyderabad,Beauty-Tech SaaS,Series D,mixed,5960.0,1,all-follow-on (DERIVED):1,disclosed,CAPITAL_FLOWS derived; tracked universe only; investor_type aggregated; new/existing from FUNDING; no ecosystem census claim.
2021,Hyderabad,Beauty-Tech SaaS,Series D - II,mixed,5960.0,1,mixed (DERIVED):1,disclosed,CAPITAL_FLOWS derived; tracked universe only; investor_type aggregated; new/existing from FUNDING; no ecosystem census claim.
2021,"Hyderabad (India R&D; HQ Los Altos, USA)",edge-ai chips,Series B,mixed,2607.5,1,unknown:1,estimated,CAPITAL_FLOWS derived; tracked universe only; investor_type aggregated; new/existing from FUNDING; no ecosystem census claim.
2021,Jaipur,auto marketplace,Series E,mixed,0.0,1,initial (DERIVED):1,disclosed,CAPITAL_FLOWS derived; tracked universe only; investor_type aggregated; new/existing from FUNDING; no ecosystem census claim.
2021,Kolkata,ecommerce / home decor D2C,Series A,mixed,298.0,1,initial (DERIVED):1,disclosed,CAPITAL_FLOWS derived; tracked universe only; investor_type aggregated; new/existing from FUNDING; no ecosystem census claim.
2021,Kolkata,fintech/microfinance,Equity Raise,mixed,12516.0,1,unknown:1,disclosed,CAPITAL_FLOWS derived; tracked universe only; investor_type aggregated; new/existing from FUNDING; no ecosystem census claim.
2021,Kolkata,healthtech/e-pharmacy,IPO/Listed,mixed,0.0,1,initial (DERIVED):1,disclosed,CAPITAL_FLOWS derived; tracked universe only; investor_type aggregated; new/existing from FUNDING; no ecosystem census claim.
2021,Mumbai,D2C Beauty / Skincare,Seed,mixed,54.36,1,initial (DERIVED):1,disclosed,CAPITAL_FLOWS derived; tracked universe only; investor_type aggregated; new/existing from FUNDING; no ecosystem census claim.
2021,Mumbai,D2C beauty / beauty-tech retail,IPO,mixed,53520.0,1,all-new-investors (DERIVED):1,disclosed,CAPITAL_FLOWS derived; tracked universe only; investor_type aggregated; new/existing from FUNDING; no ecosystem census claim.
2021,Mumbai,Edtech / skilling,Equity,mixed,13782.5,1,initial (DERIVED):1,disclosed,CAPITAL_FLOWS derived; tracked universe only; investor_type aggregated; new/existing from FUNDING; no ecosystem census claim.
2021,Mumbai,aviation,seed,mixed,2607.5,1,initial (DERIVED):1,disclosed,CAPITAL_FLOWS derived; tracked universe only; investor_type aggregated; new/existing from FUNDING; no ecosystem census claim.
2021,Mumbai,edtech exec education,Series E,mixed,48425.0,1,all-new-investors (DERIVED):1,disclosed,CAPITAL_FLOWS derived; tracked universe only; investor_type aggregated; new/existing from FUNDING; no ecosystem census claim.
2021,Mumbai,edtech robotics / consumer AI robots,Series B,mixed,2160.5,1,initial (DERIVED):1,disclosed,CAPITAL_FLOWS derived; tracked universe only; investor_type aggregated; new/existing from FUNDING; no ecosystem census claim.
2021,Mumbai,fintech/broking,Seed,mixed,0.0,1,initial (DERIVED):1,disclosed,CAPITAL_FLOWS derived; tracked universe only; investor_type aggregated; new/existing from FUNDING; no ecosystem census claim.
2021,Mumbai,fintech/broking,Series C (extension tranche; part of ~$200M round context),mixed,1862.5,1,unknown:1,disclosed,CAPITAL_FLOWS derived; tracked universe only; investor_type aggregated; new/existing from FUNDING; no ecosystem census claim.
2021,Mumbai,fintech/trade finance,Series C,mixed,0.0,1,unknown:1,disclosed,CAPITAL_FLOWS derived; tracked universe only; investor_type aggregated; new/existing from FUNDING; no ecosystem census claim.
2021,Mumbai,foodtech cloud kitchen,Series D,mixed,2980.0,1,all-new-investors (DERIVED):1,disclosed,CAPITAL_FLOWS derived; tracked universe only; investor_type aggregated; new/existing from FUNDING; no ecosystem census claim.
2021,Mumbai,foodtech/cloud kitchen,Series F,mixed,13037.5,1,all-new-investors (DERIVED):1,disclosed,CAPITAL_FLOWS derived; tracked universe only; investor_type aggregated; new/existing from FUNDING; no ecosystem census claim.
2021,Mumbai,gaming (real-money skill gaming),Angel,mixed,2.73,1,all-new-investors (DERIVED):1,estimated,CAPITAL_FLOWS derived; tracked universe only; investor_type aggregated; new/existing from FUNDING; no ecosystem census claim.
2021,Mumbai,gaming (real-money skill gaming),Series B,mixed,0.0,1,all-new-investors (DERIVED):1,disclosed,CAPITAL_FLOWS derived; tracked universe only; investor_type aggregated; new/existing from FUNDING; no ecosystem census claim.
2021,Mumbai,gaming diversified,Post-IPO,mixed,3149.84,1,all-new-investors (DERIVED):1,disclosed,CAPITAL_FLOWS derived; tracked universe only; investor_type aggregated; new/existing from FUNDING; no ecosystem census claim.
2021,Mumbai,gaming diversified,Series C (pre-IPO),mixed,1020.26,1,initial (DERIVED):1,disclosed,CAPITAL_FLOWS derived; tracked universe only; investor_type aggregated; new/existing from FUNDING; no ecosystem census claim.
2021,Mumbai,gaming/fantasy sports,Secondary,mixed,29800.0,1,mixed (DERIVED):1,disclosed,CAPITAL_FLOWS derived; tracked universe only; investor_type aggregated; new/existing from FUNDING; no ecosystem census claim.
2021,Mumbai,gaming/fantasy sports,Series F,mixed,62580.0,1,mixed (DERIVED):1,disclosed,CAPITAL_FLOWS derived; tracked universe only; investor_type aggregated; new/existing from FUNDING; no ecosystem census claim.
2021,Mumbai,healthtech / femtech D2C wellness,pre-Series B,mixed,528.95,1,all-follow-on (DERIVED):1,disclosed,CAPITAL_FLOWS derived; tracked universe only; investor_type aggregated; new/existing from FUNDING; no ecosystem census claim.
2021,Mumbai,healthtech payments,Seed,mixed,0.0,1,initial (DERIVED):1,disclosed,CAPITAL_FLOWS derived; tracked universe only; investor_type aggregated; new/existing from FUNDING; no ecosystem census claim.
2021,Mumbai,healthtech pharmacy,Series A,mixed,372.5,1,mixed (DERIVED):1,disclosed,CAPITAL_FLOWS derived; tracked universe only; investor_type aggregated; new/existing from FUNDING; no ecosystem census claim.
2021,Mumbai,mobility / used-car leasing,Bridge Round,mixed,20.0,1,all-new-investors (DERIVED):1,disclosed,CAPITAL_FLOWS derived; tracked universe only; investor_type aggregated; new/existing from FUNDING; no ecosystem census claim.
2021,Mumbai,mobility / used-car leasing,Pre-Series A,mixed,55.0,1,all-new-investors (DERIVED):1,disclosed,CAPITAL_FLOWS derived; tracked universe only; investor_type aggregated; new/existing from FUNDING; no ecosystem census claim.
2021,Mumbai,quick commerce,seed,mixed,0.0,1,initial (DERIVED):1,disclosed,CAPITAL_FLOWS derived; tracked universe only; investor_type aggregated; new/existing from FUNDING; no ecosystem census claim.
2021,Mumbai,wealthtech / financial services,angel/seed,mixed,2980.0,1,initial (DERIVED):1,disclosed,CAPITAL_FLOWS derived; tracked universe only; investor_type aggregated; new/existing from FUNDING; no ecosystem census claim.
2021,"Mumbai (India HQ / ops); corporate HQ Dublin, Ireland",SaaS / dev testing,Series B,mixed,14900.0,1,mixed (DERIVED):1,disclosed,CAPITAL_FLOWS derived; tracked universe only; investor_type aggregated; new/existing from FUNDING; no ecosystem census claim.
2021,"Mumbai (India ops; HQ San Francisco, USA)",AI / conversational SaaS,Series F,mixed,7450.0,1,initial (DERIVED):1,disclosed,CAPITAL_FLOWS derived; tracked universe only; investor_type aggregated; new/existing from FUNDING; no ecosystem census claim.
2021,"Mumbai (India ops; HQ San Francisco, USA)",AI / conversational SaaS,Series F extension,mixed,17880.0,1,mixed (DERIVED):1,disclosed,CAPITAL_FLOWS derived; tracked universe only; investor_type aggregated; new/existing from FUNDING; no ecosystem census claim.
2021,"Mumbai (India ops; HQ San Francisco, USA)",AI / conversational SaaS,Series F follow-on,mixed,0.0,1,existing:1,disclosed,CAPITAL_FLOWS derived; tracked universe only; investor_type aggregated; new/existing from FUNDING; no ecosystem census claim.
2021,New Delhi,fintech payments/lending,Series D,mixed,8046.0,1,unknown:1,disclosed,CAPITAL_FLOWS derived; tracked universe only; investor_type aggregated; new/existing from FUNDING; no ecosystem census claim.
2021,New Delhi,fintech payments/lending,Series E,mixed,27565.0,1,new (Tiger Global lead):1,disclosed,CAPITAL_FLOWS derived; tracked universe only; investor_type aggregated; new/existing from FUNDING; no ecosystem census claim.
2021,Noida,B2B e-commerce / industrial supply chain,Series E,mixed,8940.0,1,mixed (DERIVED):1,disclosed,CAPITAL_FLOWS derived; tracked universe only; investor_type aggregated; new/existing from FUNDING; no ecosystem census claim.
2021,Noida,fintech,Private,mixed,24212.5,1,all-new-investors (DERIVED):1,disclosed,CAPITAL_FLOWS derived; tracked universe only; investor_type aggregated; new/existing from FUNDING; no ecosystem census claim.
2021,Noida,fintech,Series D,mixed,409.75,1,mixed (DERIVED):1,disclosed,CAPITAL_FLOWS derived; tracked universe only; investor_type aggregated; new/existing from FUNDING; no ecosystem census claim.
2021,Noida,fintech,Series E,mixed,44700.0,2,mixed (DERIVED):2,disclosed,CAPITAL_FLOWS derived; tracked universe only; investor_type aggregated; new/existing from FUNDING; no ecosystem census claim.
2021,Noida,fintech,Series F,mixed,7450.0,1,all-new-investors (DERIVED):1,disclosed,CAPITAL_FLOWS derived; tracked universe only; investor_type aggregated; new/existing from FUNDING; no ecosystem census claim.
2021,Noida,healthtech saas/ai,Series D,mixed,7822.5,1,initial (DERIVED):1,disclosed,CAPITAL_FLOWS derived; tracked universe only; investor_type aggregated; new/existing from FUNDING; no ecosystem census claim.
2021,Noida,healthtech saas/ai,Series E,mixed,11175.0,1,unknown:1,disclosed,CAPITAL_FLOWS derived; tracked universe only; investor_type aggregated; new/existing from FUNDING; no ecosystem census claim.
2021,Pune,agritech / crop inputs,Series D,mixed,5215.0,1,mixed (DERIVED):1,disclosed,CAPITAL_FLOWS derived; tracked universe only; investor_type aggregated; new/existing from FUNDING; no ecosystem census claim.
2021,Pune (India ops) / Bellevue (HQ),SaaS / contract lifecycle management,Series F,mixed,5960.0,1,mixed (DERIVED):1,disclosed,CAPITAL_FLOWS derived; tracked universe only; investor_type aggregated; new/existing from FUNDING; no ecosystem census claim.
2021,San Francisco / Pleasanton,AI / meeting transcription,Series A,mixed,1043.0,1,new:1,disclosed,CAPITAL_FLOWS derived; tracked universe only; investor_type aggregated; new/existing from FUNDING; no ecosystem census claim.
2021,Thane,B2B construction materials,Series B,mixed,7450.0,1,mixed (DERIVED):1,disclosed,CAPITAL_FLOWS derived; tracked universe only; investor_type aggregated; new/existing from FUNDING; no ecosystem census claim.
2022,Bengaluru,AI / computer vision / fleet safety telematics,Debt/mezzanine,mixed,5102.5,1,all-new-investors (DERIVED):1,disclosed,CAPITAL_FLOWS derived; tracked universe only; investor_type aggregated; new/existing from FUNDING; no ecosystem census claim.
2022,Bengaluru,F&B / coffee chain (QSR),Series B,mixed,1648.5,1,all-new-investors (DERIVED):1,disclosed,CAPITAL_FLOWS derived; tracked universe only; investor_type aggregated; new/existing from FUNDING; no ecosystem census claim.
2022,Bengaluru,Food Delivery / Quick Commerce,Pre-IPO,mixed,0.0,1,initial (DERIVED):1,disclosed,CAPITAL_FLOWS derived; tracked universe only; investor_type aggregated; new/existing from FUNDING; no ecosystem census claim.
2022,Bengaluru,Mobility / EV,Debt,mixed,942.0,1,initial (DERIVED):1,disclosed,CAPITAL_FLOWS derived; tracked universe only; investor_type aggregated; new/existing from FUNDING; no ecosystem census claim.
2022,Bengaluru,Mobility / EV,Series B,mixed,12967.0,2,all-follow-on (DERIVED):1; unknown:1,disclosed,CAPITAL_FLOWS derived; tracked universe only; investor_type aggregated; new/existing from FUNDING; no ecosystem census claim.
2022,Bengaluru,Mobility / road transport tech,Series J,mixed,0.0,1,new:1,disclosed,CAPITAL_FLOWS derived; tracked universe only; investor_type aggregated; new/existing from FUNDING; no ecosystem census claim.
2022,Bengaluru,Robotics / AMR,Seed,mixed,0.0,1,initial (DERIVED):1,disclosed,CAPITAL_FLOWS derived; tracked universe only; investor_type aggregated; new/existing from FUNDING; no ecosystem census claim.
2022,Bengaluru,SaaS / CRM,Series C,mixed,12010.5,1,valuation post-money:1,disclosed,CAPITAL_FLOWS derived; tracked universe only; investor_type aggregated; new/existing from FUNDING; no ecosystem census claim.
2022,Bengaluru,SaaS / CRM,Series C2,mixed,0.0,1,mixed (DERIVED):1,disclosed,CAPITAL_FLOWS derived; tracked universe only; investor_type aggregated; new/existing from FUNDING; no ecosystem census claim.
2022,Bengaluru,SaaS / CRM,Series C3,mixed,0.0,1,all-follow-on (DERIVED):1,disclosed,CAPITAL_FLOWS derived; tracked universe only; investor_type aggregated; new/existing from FUNDING; no ecosystem census claim.
2022,Bengaluru,SaaS / customer engagement,Series E,mixed,6044.5,1,initial (DERIVED):1,disclosed,CAPITAL_FLOWS derived; tracked universe only; investor_type aggregated; new/existing from FUNDING; no ecosystem census claim.
2022,Bengaluru,WealthTech / Investment Tech,Series A,mixed,2512.0,1,mixed (DERIVED):1,disclosed,CAPITAL_FLOWS derived; tracked universe only; investor_type aggregated; new/existing from FUNDING; no ecosystem census claim.
2022,Bengaluru,agritech supply chain,Growth (Flipkart/Walmart-led $145M),mixed,11382.5,1,all-new-investors (DERIVED):1,disclosed,CAPITAL_FLOWS derived; tracked universe only; investor_type aggregated; new/existing from FUNDING; no ecosystem census claim.
2022,Bengaluru,agritech supply chain,Growth (STIC Investments),mixed,722.2,1,all-new-investors (DERIVED):1,disclosed,CAPITAL_FLOWS derived; tracked universe only; investor_type aggregated; new/existing from FUNDING; no ecosystem census claim.
2022,Bengaluru,ai ecommerce growth,Seed,mixed,560.49,1,initial (DERIVED):1,disclosed,CAPITAL_FLOWS derived; tracked universe only; investor_type aggregated; new/existing from FUNDING; no ecosystem census claim.
2022,Bengaluru,ai ecommerce growth,Series A,mixed,3140.0,1,all-new-investors (DERIVED):1,disclosed,CAPITAL_FLOWS derived; tracked universe only; investor_type aggregated; new/existing from FUNDING; no ecosystem census claim.
2022,Bengaluru,biotech therapeutics,Seed,mixed,0.0,1,initial (DERIVED):1,disclosed,CAPITAL_FLOWS derived; tracked universe only; investor_type aggregated; new/existing from FUNDING; no ecosystem census claim.
2022,Bengaluru,d2c travel goods,Series A,mixed,389.44,1,mixed (DERIVED):1,disclosed,CAPITAL_FLOWS derived; tracked universe only; investor_type aggregated; new/existing from FUNDING; no ecosystem census claim.
2022,Bengaluru,defence imaging / electro-optics,Venture Debt,mixed,628.0,1,all-new-investors (DERIVED):1,disclosed,CAPITAL_FLOWS derived; tracked universe only; investor_type aggregated; new/existing from FUNDING; no ecosystem census claim.
2022,Bengaluru,edtech study-abroad,Series D,mixed,5887.5,1,mixed (DERIVED):1,disclosed,CAPITAL_FLOWS derived; tracked universe only; investor_type aggregated; new/existing from FUNDING; no ecosystem census claim.
2022,Bengaluru,fintech,Series F,mixed,10990.0,1,mixed (DERIVED):1,disclosed,CAPITAL_FLOWS derived; tracked universe only; investor_type aggregated; new/existing from FUNDING; no ecosystem census claim.
2022,Bengaluru,fintech / credit cards,Seed,mixed,694.52,1,initial (DERIVED):1,disclosed,CAPITAL_FLOWS derived; tracked universe only; investor_type aggregated; new/existing from FUNDING; no ecosystem census claim.
2022,Bengaluru,fintech / digital lending,Series E,mixed,5887.5,1,initial (DERIVED):1,disclosed,CAPITAL_FLOWS derived; tracked universe only; investor_type aggregated; new/existing from FUNDING; no ecosystem census claim.
2022,Bengaluru,fintech / travel-fintech,Series C,mixed,10205.0,2,all-new-investors (DERIVED):2,estimated,CAPITAL_FLOWS derived; tracked universe only; investor_type aggregated; new/existing from FUNDING; no ecosystem census claim.
2022,Bengaluru,fintech cross-border payments,Seed,mixed,408.2,1,all-follow-on (DERIVED):1,disclosed,CAPITAL_FLOWS derived; tracked universe only; investor_type aggregated; new/existing from FUNDING; no ecosystem census claim.
2022,Bengaluru,fintech wealthtech,Series A,mixed,1334.5,1,initial (DERIVED):1,disclosed,CAPITAL_FLOWS derived; tracked universe only; investor_type aggregated; new/existing from FUNDING; no ecosystem census claim.
2022,Bengaluru,fintech/card infra,Series C,mixed,2355.0,1,all-new-investors (DERIVED):1,disclosed,CAPITAL_FLOWS derived; tracked universe only; investor_type aggregated; new/existing from FUNDING; no ecosystem census claim.
2022,Bengaluru,foodtech cloud kitchen,Series B,mixed,4867.0,1,mixed (DERIVED):1,disclosed,CAPITAL_FLOWS derived; tracked universe only; investor_type aggregated; new/existing from FUNDING; no ecosystem census claim.
2022,Bengaluru,foodtech cloud kitchen,Series C,mixed,3925.0,1,mixed (DERIVED):1,disclosed,CAPITAL_FLOWS derived; tracked universe only; investor_type aggregated; new/existing from FUNDING; no ecosystem census claim.
2022,Bengaluru,gaming livestream / social entertainment / micro-drama,Series A,mixed,1020.5,1,mixed (DERIVED):1,disclosed,CAPITAL_FLOWS derived; tracked universe only; investor_type aggregated; new/existing from FUNDING; no ecosystem census claim.
2022,Bengaluru,gaming rmg,Series B (extension),mixed,5652.0,1,all-new-investors (DERIVED):1,disclosed,CAPITAL_FLOWS derived; tracked universe only; investor_type aggregated; new/existing from FUNDING; no ecosystem census claim.
2022,Bengaluru,gaming rmg,Series B (total),mixed,8007.0,1,all-follow-on (DERIVED):1,disclosed,CAPITAL_FLOWS derived; tracked universe only; investor_type aggregated; new/existing from FUNDING; no ecosystem census claim.
2022,Bengaluru,gaming studio,Series A,mixed,785.0,1,initial (DERIVED):1,disclosed,CAPITAL_FLOWS derived; tracked universe only; investor_type aggregated; new/existing from FUNDING; no ecosystem census claim.
2022,Bengaluru,gaming/web3 distribution protocol,ICO,mixed,0.0,1,initial (DERIVED):1,estimated,CAPITAL_FLOWS derived; tracked universe only; investor_type aggregated; new/existing from FUNDING; no ecosystem census claim.
2022,Bengaluru,insurtech / B2B commercial insurance,Seed,mixed,157.0,1,initial (DERIVED):1,disclosed,CAPITAL_FLOWS derived; tracked universe only; investor_type aggregated; new/existing from FUNDING; no ecosystem census claim.
2022,Bengaluru,media (Josh/Dailyhunt),Series I,mixed,35325.0,1,mixed (DERIVED):1,disclosed,CAPITAL_FLOWS derived; tracked universe only; investor_type aggregated; new/existing from FUNDING; no ecosystem census claim.
2022,Bengaluru,media (Josh/Dailyhunt),Series I (CPPIB tranche),mixed,2198.0,1,all-new-investors (DERIVED):1,disclosed,CAPITAL_FLOWS derived; tracked universe only; investor_type aggregated; new/existing from FUNDING; no ecosystem census claim.
2022,Bengaluru,media (Josh/Dailyhunt),Series J,mixed,63192.5,1,mixed (DERIVED):1,disclosed,CAPITAL_FLOWS derived; tracked universe only; investor_type aggregated; new/existing from FUNDING; no ecosystem census claim.
2022,Bengaluru,media-tech SaaS,Series F-II,mixed,7850.0,1,initial (DERIVED):1,disclosed,CAPITAL_FLOWS derived; tracked universe only; investor_type aggregated; new/existing from FUNDING; no ecosystem census claim.
2022,Bengaluru,proptech / flex workspace (managed offices),Series B,mixed,2355.05,1,mixed (DERIVED):1,disclosed,CAPITAL_FLOWS derived; tracked universe only; investor_type aggregated; new/existing from FUNDING; no ecosystem census claim.
2022,Bengaluru,robotics vision,Pre-Series A,mixed,353.25,1,all-new-investors (DERIVED):1,disclosed,CAPITAL_FLOWS derived; tracked universe only; investor_type aggregated; new/existing from FUNDING; no ecosystem census claim.
2022,Bengaluru,social media,Series H,mixed,20017.5,1,unknown:1,estimated,CAPITAL_FLOWS derived; tracked universe only; investor_type aggregated; new/existing from FUNDING; no ecosystem census claim.
2022,Bengaluru,social media,Series H (add-on),mixed,6123.0,1,mixed (DERIVED):1,disclosed,CAPITAL_FLOWS derived; tracked universe only; investor_type aggregated; new/existing from FUNDING; no ecosystem census claim.
2022,Bengaluru,spacetech,Series A,mixed,1962.5,1,mixed (DERIVED):1,disclosed,CAPITAL_FLOWS derived; tracked universe only; investor_type aggregated; new/existing from FUNDING; no ecosystem census claim.
2022,Bengaluru,spacetech analytics,Pre-Series A,mixed,392.5,1,mixed (DERIVED):1,disclosed,CAPITAL_FLOWS derived; tracked universe only; investor_type aggregated; new/existing from FUNDING; no ecosystem census claim.
2022,Bengaluru (HQ); Singapore domicile (reverse flip planned); ops India/Singapore/Middle East,Home interiors marketplace,Series F,mixed,14130.0,1,unknown:1,estimated,CAPITAL_FLOWS derived; tracked universe only; investor_type aggregated; new/existing from FUNDING; no ecosystem census claim.
2022,Bengaluru (HQ); Singapore domicile (reverse flip planned); ops India/Singapore/Middle East,Home interiors marketplace,Series F (second tranche),mixed,14130.0,1,mixed (DERIVED):1,disclosed,CAPITAL_FLOWS derived; tracked universe only; investor_type aggregated; new/existing from FUNDING; no ecosystem census claim.
2022,Bengaluru (India ops) / San Francisco (HQ),SaaS / API platform (GraphQL),Series C,mixed,7850.0,1,all-new-investors (DERIVED):1,disclosed,CAPITAL_FLOWS derived; tracked universe only; investor_type aggregated; new/existing from FUNDING; no ecosystem census claim.
2022,"Bengaluru, Karnataka",Mobility / road transport tech (bike taxi-led multimodal),Series D,mixed,14130.0,1,unknown:1,estimated,CAPITAL_FLOWS derived; tracked universe only; investor_type aggregated; new/existing from FUNDING; no ecosystem census claim.
2022,Chennai,saas/billing,Series H,mixed,19625.0,1,mixed (DERIVED):1,disclosed,CAPITAL_FLOWS derived; tracked universe only; investor_type aggregated; new/existing from FUNDING; no ecosystem census claim.
2022,"Chennai (dual HQ Wilmington, Delaware, USA)",SaaS (PSA / onboarding),Series A,mixed,1413.0,1,existing:1,estimated,CAPITAL_FLOWS derived; tracked universe only; investor_type aggregated; new/existing from FUNDING; no ecosystem census claim.
2022,Chennai / Palo Alto,Conversational AI / Enterprise AI,Series E,mixed,0.0,1,mixed (DERIVED):1,disclosed,CAPITAL_FLOWS derived; tracked universe only; investor_type aggregated; new/existing from FUNDING; no ecosystem census claim.
2022,Delhi (batch said Bengaluru — corrected: Delhi HQ per all sources),ev commercial,Series C,mixed,4710.0,1,initial (DERIVED):1,disclosed,CAPITAL_FLOWS derived; tracked universe only; investor_type aggregated; new/existing from FUNDING; no ecosystem census claim.
2022,Delhi NCR (seed) — CORRECTED: Mumbai/Delhi ops,consumer electronics,Private placement,mixed,39250.0,1,all-new-investors (DERIVED):1,disclosed,CAPITAL_FLOWS derived; tracked universe only; investor_type aggregated; new/existing from FUNDING; no ecosystem census claim.
2022,Gurugram,B2B supply-chain commerce / fintech,Oxyzo Series A,mixed,15700.0,1,mixed (DERIVED):1,disclosed,CAPITAL_FLOWS derived; tracked universe only; investor_type aggregated; new/existing from FUNDING; no ecosystem census claim.
2022,Gurugram,Renewable Energy / IPP,Equity/Debt,mixed,0.0,1,initial (DERIVED):1,disclosed,CAPITAL_FLOWS derived; tracked universe only; investor_type aggregated; new/existing from FUNDING; no ecosystem census claim.
2022,Gurugram,edtech / school SaaS / AI learning,Series A / debt mix,mixed,1766.25,1,initial (DERIVED):1,disclosed,CAPITAL_FLOWS derived; tracked universe only; investor_type aggregated; new/existing from FUNDING; no ecosystem census claim.
2022,Gurugram,logistics,IPO,mixed,57585.0,2,unknown:1; all-new-investors (DERIVED):1,disclosed,CAPITAL_FLOWS derived; tracked universe only; investor_type aggregated; new/existing from FUNDING; no ecosystem census claim.
2022,Hyderabad,HR-tech SaaS,Series D,mixed,5652.0,1,initial (DERIVED):1,disclosed,CAPITAL_FLOWS derived; tracked universe only; investor_type aggregated; new/existing from FUNDING; no ecosystem census claim.
2022,Hyderabad,proptech / property title search,pre-seed,mixed,19.5,1,initial (DERIVED):1,estimated,CAPITAL_FLOWS derived; tracked universe only; investor_type aggregated; new/existing from FUNDING; no ecosystem census claim.
2022,Hyderabad,spacetech launch,Series B,mixed,4003.5,1,unknown:1,disclosed,CAPITAL_FLOWS derived; tracked universe only; investor_type aggregated; new/existing from FUNDING; no ecosystem census claim.
2022,Hyderabad,spacetech launch,Series B (early tranche; Sherpalo participated),mixed,353.25,1,initial (DERIVED):1,disclosed,CAPITAL_FLOWS derived; tracked universe only; investor_type aggregated; new/existing from FUNDING; no ecosystem census claim.
2022,Indore,b2b retail supply,Series C,mixed,0.0,1,mixed (DERIVED):1,disclosed,CAPITAL_FLOWS derived; tracked universe only; investor_type aggregated; new/existing from FUNDING; no ecosystem census claim.
2022,Mumbai,D2C Beauty / Skincare,Seed,mixed,314.0,1,all-follow-on (DERIVED):1,disclosed,CAPITAL_FLOWS derived; tracked universe only; investor_type aggregated; new/existing from FUNDING; no ecosystem census claim.
2022,Mumbai,D2C luxury fashion / fashion-tech,Pre-Series D,mixed,785.0,1,all-new-investors (DERIVED):1,disclosed,CAPITAL_FLOWS derived; tracked universe only; investor_type aggregated; new/existing from FUNDING; no ecosystem census claim.
2022,Mumbai,SaaS/customer engagement,CPEF (Conflict/Unverified),mixed,9812.5,1,all-new-investors (DERIVED):1,estimated,CAPITAL_FLOWS derived; tracked universe only; investor_type aggregated; new/existing from FUNDING; no ecosystem census claim.
2022,Mumbai,SaaS/customer engagement,Series D,mixed,8242.5,1,mixed (DERIVED):1,disclosed,CAPITAL_FLOWS derived; tracked universe only; investor_type aggregated; new/existing from FUNDING; no ecosystem census claim.
2022,Mumbai,d2c beauty,Series D,mixed,3925.0,1,initial (DERIVED):1,disclosed,CAPITAL_FLOWS derived; tracked universe only; investor_type aggregated; new/existing from FUNDING; no ecosystem census claim.
2022,Mumbai,edtech exec education,Debt financing,mixed,27475.0,1,all-new-investors (DERIVED):1,disclosed,CAPITAL_FLOWS derived; tracked universe only; investor_type aggregated; new/existing from FUNDING; no ecosystem census claim.
2022,Mumbai,enterprise AI/analytics,Series D (TPG),mixed,28260.0,1,all-new-investors (DERIVED):1,disclosed,CAPITAL_FLOWS derived; tracked universe only; investor_type aggregated; new/existing from FUNDING; no ecosystem census claim.
2022,Mumbai,ev two-wheeler,Series A,mixed,52.0,1,all-new-investors (DERIVED):1,estimated,CAPITAL_FLOWS derived; tracked universe only; investor_type aggregated; new/existing from FUNDING; no ecosystem census claim.
2022,Mumbai,fintech lending,Series D,mixed,0.0,1,unknown:1,disclosed,CAPITAL_FLOWS derived; tracked universe only; investor_type aggregated; new/existing from FUNDING; no ecosystem census claim.
2022,Mumbai,fintech lending,Series E,mixed,0.0,1,unknown:1,disclosed,CAPITAL_FLOWS derived; tracked universe only; investor_type aggregated; new/existing from FUNDING; no ecosystem census claim.
2022,Mumbai,fintech/bnpl,debt+equity (unlettered),mixed,1648.5,1,initial (DERIVED):1,disclosed,CAPITAL_FLOWS derived; tracked universe only; investor_type aggregated; new/existing from FUNDING; no ecosystem census claim.
2022,Mumbai,fintech/broking,Series A,mixed,1727.0,1,mixed (DERIVED):1,disclosed,CAPITAL_FLOWS derived; tracked universe only; investor_type aggregated; new/existing from FUNDING; no ecosystem census claim.
2022,Mumbai,foodtech cloud kitchen,Secondary,mixed,2355.0,1,unknown:1,disclosed,CAPITAL_FLOWS derived; tracked universe only; investor_type aggregated; new/existing from FUNDING; no ecosystem census claim.
2022,Mumbai,gaming (real-money skill gaming),Series C (unicorn),mixed,5887.5,1,mixed (DERIVED):1,disclosed,CAPITAL_FLOWS derived; tracked universe only; investor_type aggregated; new/existing from FUNDING; no ecosystem census claim.
2022,Mumbai,gaming (real-money skill gaming),UNKNOWN,mixed,3768.0,1,unknown:1,estimated,CAPITAL_FLOWS derived; tracked universe only; investor_type aggregated; new/existing from FUNDING; no ecosystem census claim.
2022,Mumbai,gaming (real-money skill gaming),Venture round (unicorn),mixed,5887.5,1,"new (Malabar-led) + existing Tiger Global, Raine:1",disclosed,CAPITAL_FLOWS derived; tracked universe only; investor_type aggregated; new/existing from FUNDING; no ecosystem census claim.
2022,Mumbai,healthtech,Seed,mixed,157.0,1,initial (DERIVED):1,disclosed,CAPITAL_FLOWS derived; tracked universe only; investor_type aggregated; new/existing from FUNDING; no ecosystem census claim.
2022,Mumbai,healthtech ai scribe,Seed,mixed,0.0,1,unknown:1,disclosed,CAPITAL_FLOWS derived; tracked universe only; investor_type aggregated; new/existing from FUNDING; no ecosystem census claim.
2022,Mumbai,healthtech pharmacy,Series B,mixed,1727.0,1,unknown:1,disclosed,CAPITAL_FLOWS derived; tracked universe only; investor_type aggregated; new/existing from FUNDING; no ecosystem census claim.
2022,Mumbai,mobility / used-car leasing,Equity,mixed,157.0,1,all-new-investors (DERIVED):1,disclosed,CAPITAL_FLOWS derived; tracked universe only; investor_type aggregated; new/existing from FUNDING; no ecosystem census claim.
2022,Mumbai,quick commerce,Series A,mixed,4710.0,1,mixed (DERIVED):1,disclosed,CAPITAL_FLOWS derived; tracked universe only; investor_type aggregated; new/existing from FUNDING; no ecosystem census claim.
2022,Mumbai,quick commerce,Series B,mixed,7850.0,1,mixed (DERIVED):1,disclosed,CAPITAL_FLOWS derived; tracked universe only; investor_type aggregated; new/existing from FUNDING; no ecosystem census claim.
2022,Noida,B2B e-commerce / industrial supply chain,Series F,mixed,19625.0,1,all-new-investors (DERIVED):1,disclosed,CAPITAL_FLOWS derived; tracked universe only; investor_type aggregated; new/existing from FUNDING; no ecosystem census claim.
2022,Noida,EdTech,Series A,mixed,7850.0,1,initial (DERIVED):1,disclosed,CAPITAL_FLOWS derived; tracked universe only; investor_type aggregated; new/existing from FUNDING; no ecosystem census claim.
2022,Noida,agritech / post-harvest,Series C,mixed,4710.0,1,all-new-investors (DERIVED):1,disclosed,CAPITAL_FLOWS derived; tracked universe only; investor_type aggregated; new/existing from FUNDING; no ecosystem census claim.
2022,Noida,defence drones,seed,mixed,0.0,1,initial (DERIVED):1,disclosed,CAPITAL_FLOWS derived; tracked universe only; investor_type aggregated; new/existing from FUNDING; no ecosystem census claim.
2022,Noida,fintech,Corporate,mixed,1570.0,1,all-new-investors (DERIVED):1,disclosed,CAPITAL_FLOWS derived; tracked universe only; investor_type aggregated; new/existing from FUNDING; no ecosystem census claim.
2022,Noida,fintech,Series F,mixed,15700.0,2,unknown:1; all-follow-on (DERIVED):1,disclosed,CAPITAL_FLOWS derived; tracked universe only; investor_type aggregated; new/existing from FUNDING; no ecosystem census claim.
2022,Pune,agritech / crop inputs,Series E,mixed,3140.0,1,mixed (DERIVED):1,disclosed,CAPITAL_FLOWS derived; tracked universe only; investor_type aggregated; new/existing from FUNDING; no ecosystem census claim.
2022,Pune,logistics,Series F,mixed,7850.0,1,mixed (DERIVED):1,disclosed,CAPITAL_FLOWS derived; tracked universe only; investor_type aggregated; new/existing from FUNDING; no ecosystem census claim.
2022,Pune (batch said Bengaluru — corrected: Pune HQ per all sources),fintech lending,Series D,mixed,8635.0,1,unknown:1,estimated,CAPITAL_FLOWS derived; tracked universe only; investor_type aggregated; new/existing from FUNDING; no ecosystem census claim.
2023,Ahmedabad,d2c baby products,Series A (additional),mixed,0.0,1,all-new-investors (DERIVED):1,disclosed,CAPITAL_FLOWS derived; tracked universe only; investor_type aggregated; new/existing from FUNDING; no ecosystem census claim.
2023,Bengaluru,AI / AI cloud infrastructure,Debt,mixed,1987.2,1,initial (DERIVED):1,disclosed,CAPITAL_FLOWS derived; tracked universe only; investor_type aggregated; new/existing from FUNDING; no ecosystem census claim.
2023,Bengaluru,AI fashion / e-commerce,Seed,mixed,0.0,1,initial (DERIVED):1,disclosed,CAPITAL_FLOWS derived; tracked universe only; investor_type aggregated; new/existing from FUNDING; no ecosystem census claim.
2023,Bengaluru,D2C fashion,Series A,mixed,1084.68,1,all-follow-on (DERIVED):1,disclosed,CAPITAL_FLOWS derived; tracked universe only; investor_type aggregated; new/existing from FUNDING; no ecosystem census claim.
2023,Bengaluru,D2C fashion,Series A (Rs 110 Cr),mixed,1084.68,1,initial (DERIVED):1,disclosed,CAPITAL_FLOWS derived; tracked universe only; investor_type aggregated; new/existing from FUNDING; no ecosystem census claim.
2023,Bengaluru,D2C jewellery,Series B,mixed,2000.0,1,initial (DERIVED):1,disclosed,CAPITAL_FLOWS derived; tracked universe only; investor_type aggregated; new/existing from FUNDING; no ecosystem census claim.
2023,Bengaluru,EdTech / Workforce Skilling,Seed,mixed,0.0,1,initial (DERIVED):1,disclosed,CAPITAL_FLOWS derived; tracked universe only; investor_type aggregated; new/existing from FUNDING; no ecosystem census claim.
2023,Bengaluru,F&B / coffee chain (QSR),Series C,mixed,2898.0,1,mixed (DERIVED):1,disclosed,CAPITAL_FLOWS derived; tracked universe only; investor_type aggregated; new/existing from FUNDING; no ecosystem census claim.
2023,Bengaluru,Robotics / DeepTech,Pre-Seed,mixed,0.0,1,initial (DERIVED):1,disclosed,CAPITAL_FLOWS derived; tracked universe only; investor_type aggregated; new/existing from FUNDING; no ecosystem census claim.
2023,Bengaluru,Robotics / industrial automation (AMR),Series A,mixed,902.52,1,initial (DERIVED):1,disclosed,CAPITAL_FLOWS derived; tracked universe only; investor_type aggregated; new/existing from FUNDING; no ecosystem census claim.
2023,Bengaluru,Robotics / industrial automation (AMR),Undisclosed,mixed,571.32,1,unknown:1,disclosed,CAPITAL_FLOWS derived; tracked universe only; investor_type aggregated; new/existing from FUNDING; no ecosystem census claim.
2023,Bengaluru,battery tech / deep-tech,Series B,mixed,0.0,1,initial (DERIVED):1,disclosed,CAPITAL_FLOWS derived; tracked universe only; investor_type aggregated; new/existing from FUNDING; no ecosystem census claim.
2023,Bengaluru,d2c travel goods,Series A-2,mixed,310.44,1,mixed (DERIVED):1,disclosed,CAPITAL_FLOWS derived; tracked universe only; investor_type aggregated; new/existing from FUNDING; no ecosystem census claim.
2023,Bengaluru,defence imaging / electro-optics,Grant (prize money),mixed,0.0,1,all-new-investors (DERIVED):1,disclosed,CAPITAL_FLOWS derived; tracked universe only; investor_type aggregated; new/existing from FUNDING; no ecosystem census claim.
2023,Bengaluru,defence imaging / electro-optics,Series C,mixed,749.99,1,all-new-investors (DERIVED):1,disclosed,CAPITAL_FLOWS derived; tracked universe only; investor_type aggregated; new/existing from FUNDING; no ecosystem census claim.
2023,Bengaluru,ecommerce,primary,mixed,49680.0,1,all-follow-on (DERIVED):1,disclosed,CAPITAL_FLOWS derived; tracked universe only; investor_type aggregated; new/existing from FUNDING; no ecosystem census claim.
2023,Bengaluru,edtech SaaS,series-a,mixed,1407.6,1,initial (DERIVED):1,disclosed,CAPITAL_FLOWS derived; tracked universe only; investor_type aggregated; new/existing from FUNDING; no ecosystem census claim.
2023,Bengaluru,edtech short-form,Seed,mixed,248.4,1,initial (DERIVED):1,estimated,CAPITAL_FLOWS derived; tracked universe only; investor_type aggregated; new/existing from FUNDING; no ecosystem census claim.
2023,Bengaluru,fintech / credit cards,Series A,mixed,859.01,1,mixed (DERIVED):1,disclosed,CAPITAL_FLOWS derived; tracked universe only; investor_type aggregated; new/existing from FUNDING; no ecosystem census claim.
2023,Bengaluru,fintech / travel-fintech,Series C,mixed,0.0,1,all-new-investors (DERIVED):1,disclosed,CAPITAL_FLOWS derived; tracked universe only; investor_type aggregated; new/existing from FUNDING; no ecosystem census claim.
2023,Bengaluru,fintech lending,Series D,mixed,16560.0,1,mixed (DERIVED):1,disclosed,CAPITAL_FLOWS derived; tracked universe only; investor_type aggregated; new/existing from FUNDING; no ecosystem census claim.
2023,Bengaluru,fintech lending,Series D extension,mixed,16560.0,1,all-new-investors (DERIVED):1,disclosed,CAPITAL_FLOWS derived; tracked universe only; investor_type aggregated; new/existing from FUNDING; no ecosystem census claim.
2023,Bengaluru,fintech payments,Growth equity,mixed,0.0,1,initial (DERIVED):1,disclosed,CAPITAL_FLOWS derived; tracked universe only; investor_type aggregated; new/existing from FUNDING; no ecosystem census claim.
2023,Bengaluru,fintech payments,growth/secondary,mixed,28980.0,1,all-follow-on (DERIVED):1,disclosed,CAPITAL_FLOWS derived; tracked universe only; investor_type aggregated; new/existing from FUNDING; no ecosystem census claim.
2023,Bengaluru,fintech payments,growth/secondary mix,mixed,8280.0,1,all-new-investors (DERIVED):1,disclosed,CAPITAL_FLOWS derived; tracked universe only; investor_type aggregated; new/existing from FUNDING; no ecosystem census claim.
2023,Bengaluru,fitness/healthtech,Series F,mixed,0.0,1,new:1,disclosed,CAPITAL_FLOWS derived; tracked universe only; investor_type aggregated; new/existing from FUNDING; no ecosystem census claim.
2023,Bengaluru,foodtech cloud kitchen,Series C (continued),mixed,300.0,1,mixed (DERIVED):1,disclosed,CAPITAL_FLOWS derived; tracked universe only; investor_type aggregated; new/existing from FUNDING; no ecosystem census claim.
2023,Bengaluru,gaming livestream / social entertainment / micro-drama,Pre-Series B,mixed,1821.6,1,all-new-investors (DERIVED):1,disclosed,CAPITAL_FLOWS derived; tracked universe only; investor_type aggregated; new/existing from FUNDING; no ecosystem census claim.
2023,Bengaluru,gaming/web3 distribution protocol,Seed,mixed,2062.47,2,mixed (DERIVED):1; all-new-investors (DERIVED):1,estimated,CAPITAL_FLOWS derived; tracked universe only; investor_type aggregated; new/existing from FUNDING; no ecosystem census claim.
2023,Bengaluru,healthtech diagnostics,venture,mixed,1242.0,2,initial (DERIVED):1; all-new-investors (DERIVED):1,disclosed,CAPITAL_FLOWS derived; tracked universe only; investor_type aggregated; new/existing from FUNDING; no ecosystem census claim.
2023,Bengaluru,insurtech,Private Equity,mixed,0.0,1,all-new-investors (DERIVED):1,estimated,CAPITAL_FLOWS derived; tracked universe only; investor_type aggregated; new/existing from FUNDING; no ecosystem census claim.
2023,Bengaluru,proptech,Series E extension,mixed,414.0,1,new investor Google:1,estimated,CAPITAL_FLOWS derived; tracked universe only; investor_type aggregated; new/existing from FUNDING; no ecosystem census claim.
2023,Bengaluru,social media,Venture Debt / Convertible,mixed,4140.0,1,mixed (DERIVED):1,disclosed,CAPITAL_FLOWS derived; tracked universe only; investor_type aggregated; new/existing from FUNDING; no ecosystem census claim.
2023,Bengaluru,spacetech,Series B,mixed,2980.8,1,mixed (DERIVED):1,disclosed,CAPITAL_FLOWS derived; tracked universe only; investor_type aggregated; new/existing from FUNDING; no ecosystem census claim.
2023,Bengaluru,spacetech analytics,Series A,mixed,1242.0,1,mixed (DERIVED):1,disclosed,CAPITAL_FLOWS derived; tracked universe only; investor_type aggregated; new/existing from FUNDING; no ecosystem census claim.
2023,Bengaluru,spacetech ssa,Series A1,mixed,828.0,2,unknown:1; all-new-investors (DERIVED):1,estimated,CAPITAL_FLOWS derived; tracked universe only; investor_type aggregated; new/existing from FUNDING; no ecosystem census claim.
2023,Bengaluru,travel villas,Seed,mixed,207.0,1,initial (DERIVED):1,disclosed,CAPITAL_FLOWS derived; tracked universe only; investor_type aggregated; new/existing from FUNDING; no ecosystem census claim.
2023,Bengaluru (factory Hoskote),EV two-wheeler,Series A,mixed,1242.0,1,existing:1,estimated,CAPITAL_FLOWS derived; tracked universe only; investor_type aggregated; new/existing from FUNDING; no ecosystem census claim.
2023,Bengaluru (founding reported Chennai/IIT Madras; HQ Bengaluru per 2026 disclosures),AI / LLMs / sovereign models,Seed (disclosed within $41M announcement),mixed,993.6,1,initial (DERIVED):1,disclosed,CAPITAL_FLOWS derived; tracked universe only; investor_type aggregated; new/existing from FUNDING; no ecosystem census claim.
2023,Bengaluru (founding reported Chennai/IIT Madras; HQ Bengaluru per 2026 disclosures),AI / LLMs / sovereign models,Series A ($41M total incl. seed),mixed,2401.2,1,mixed (DERIVED):1,disclosed,CAPITAL_FLOWS derived; tracked universe only; investor_type aggregated; new/existing from FUNDING; no ecosystem census claim.
2023,"Bengaluru (operating/brand HQ); registered office Rajnandgaon, Chhattisgarh",D2C pet food / consumer goods,Private Equity minority,mixed,4968.0,1,initial (DERIVED):1,estimated,CAPITAL_FLOWS derived; tracked universe only; investor_type aggregated; new/existing from FUNDING; no ecosystem census claim.
2023,"Bengaluru, Karnataka",B2B ecommerce (food & grocery),Series C,mixed,38.01,1,all-follow-on (DERIVED):1,disclosed,CAPITAL_FLOWS derived; tracked universe only; investor_type aggregated; new/existing from FUNDING; no ecosystem census claim.
2023,"Bengaluru, Karnataka",B2B ecommerce (food & grocery),Venture Debt,mixed,755.96,1,mixed (DERIVED):1,disclosed,CAPITAL_FLOWS derived; tracked universe only; investor_type aggregated; new/existing from FUNDING; no ecosystem census claim.
2023,Chennai,semiconductors,Seed,mixed,192.51,1,initial (DERIVED):1,disclosed,CAPITAL_FLOWS derived; tracked universe only; investor_type aggregated; new/existing from FUNDING; no ecosystem census claim.
2023,Chennai,spacetech launch,Series B,mixed,0.0,1,all-new-investors (DERIVED):1,disclosed,CAPITAL_FLOWS derived; tracked universe only; investor_type aggregated; new/existing from FUNDING; no ecosystem census claim.
2023,Delhi NCR (batch says Bengaluru — press says Delhi NCR; kept batch city with conflict note),ev mobility,Series A,mixed,662.4,1,initial (DERIVED):1,estimated,CAPITAL_FLOWS derived; tracked universe only; investor_type aggregated; new/existing from FUNDING; no ecosystem census claim.
2023,Gurugram,EV fleet / logistics tech,Series B ($20M equity + $5M debt),mixed,2070.0,1,initial (DERIVED):1,estimated,CAPITAL_FLOWS derived; tracked universe only; investor_type aggregated; new/existing from FUNDING; no ecosystem census claim.
2023,Gurugram,d2c beauty,Series A,mixed,579.6,1,initial (DERIVED):1,disclosed,CAPITAL_FLOWS derived; tracked universe only; investor_type aggregated; new/existing from FUNDING; no ecosystem census claim.
2023,Gurugram,ecommerce/eyewear,Series I,mixed,0.0,1,unknown:1,disclosed,CAPITAL_FLOWS derived; tracked universe only; investor_type aggregated; new/existing from FUNDING; no ecosystem census claim.
2023,Gurugram,insurtech,Series A,mixed,12420.0,1,initial (DERIVED):1,disclosed,CAPITAL_FLOWS derived; tracked universe only; investor_type aggregated; new/existing from FUNDING; no ecosystem census claim.
2023,Gurugram,insurtech,Series B,mixed,4968.0,1,mixed (DERIVED):1,disclosed,CAPITAL_FLOWS derived; tracked universe only; investor_type aggregated; new/existing from FUNDING; no ecosystem census claim.
2023,Gurugram,logistics supply chain,Pre-Series B,mixed,0.0,1,unknown:1,disclosed,CAPITAL_FLOWS derived; tracked universe only; investor_type aggregated; new/existing from FUNDING; no ecosystem census claim.
2023,Gurugram,proptech,Private,mixed,112.0,1,all-new-investors (DERIVED):1,disclosed,CAPITAL_FLOWS derived; tracked universe only; investor_type aggregated; new/existing from FUNDING; no ecosystem census claim.
2023,Hyderabad,fintech/spend management,Post-IPO,mixed,1134.36,1,initial (DERIVED):1,disclosed,CAPITAL_FLOWS derived; tracked universe only; investor_type aggregated; new/existing from FUNDING; no ecosystem census claim.
2023,Hyderabad,spacetech launch,pre-Series C (first),mixed,2277.0,1,unknown:1,disclosed,CAPITAL_FLOWS derived; tracked universe only; investor_type aggregated; new/existing from FUNDING; no ecosystem census claim.
2023,Kolkata,ai/video analytics,Private Equity / M&A Offer,mixed,0.0,1,initial (DERIVED):1,disclosed,CAPITAL_FLOWS derived; tracked universe only; investor_type aggregated; new/existing from FUNDING; no ecosystem census claim.
2023,Kolkata,ai/video analytics,Series B,mixed,0.0,1,all-new-investors (DERIVED):1,disclosed,CAPITAL_FLOWS derived; tracked universe only; investor_type aggregated; new/existing from FUNDING; no ecosystem census claim.
2023,Kolkata,fintech/microfinance,PE Share Sale,mixed,0.0,1,all-new-investors (DERIVED):1,disclosed,CAPITAL_FLOWS derived; tracked universe only; investor_type aggregated; new/existing from FUNDING; no ecosystem census claim.
2023,Kolkata,fintech/microfinance,PE Share Sale (CCPS),mixed,60444.0,1,all-new-investors (DERIVED):1,disclosed,CAPITAL_FLOWS derived; tracked universe only; investor_type aggregated; new/existing from FUNDING; no ecosystem census claim.
2023,Kolkata,fintech/microfinance,Series C,mixed,0.0,1,unknown:1,estimated,CAPITAL_FLOWS derived; tracked universe only; investor_type aggregated; new/existing from FUNDING; no ecosystem census claim.
2023,Mumbai,D2C luxury fashion / fashion-tech,Series D,mixed,662.4,1,all-new-investors (DERIVED):1,estimated,CAPITAL_FLOWS derived; tracked universe only; investor_type aggregated; new/existing from FUNDING; no ecosystem census claim.
2023,Mumbai,aviation,planned,mixed,33120.0,1,unknown:1,disclosed,CAPITAL_FLOWS derived; tracked universe only; investor_type aggregated; new/existing from FUNDING; no ecosystem census claim.
2023,Mumbai,edtech robotics / consumer AI robots,Series C,mixed,0.0,1,new:1,disclosed,CAPITAL_FLOWS derived; tracked universe only; investor_type aggregated; new/existing from FUNDING; no ecosystem census claim.
2023,Mumbai,fintech / B2B pharma,seed,mixed,248.4,1,mixed (DERIVED):1,disclosed,CAPITAL_FLOWS derived; tracked universe only; investor_type aggregated; new/existing from FUNDING; no ecosystem census claim.
2023,Mumbai,gaming diversified,Post-IPO,mixed,1000.91,1,all-new-investors (DERIVED):1,disclosed,CAPITAL_FLOWS derived; tracked universe only; investor_type aggregated; new/existing from FUNDING; no ecosystem census claim.
2023,Mumbai,healthtech payments,Seed,mixed,0.0,1,unknown:1,disclosed,CAPITAL_FLOWS derived; tracked universe only; investor_type aggregated; new/existing from FUNDING; no ecosystem census claim.
2023,Mumbai,insurtech policy loans,Seed,mixed,0.0,1,initial (DERIVED):1,disclosed,CAPITAL_FLOWS derived; tracked universe only; investor_type aggregated; new/existing from FUNDING; no ecosystem census claim.
2023,Mumbai,quick commerce,Series C,mixed,16560.0,1,mixed (DERIVED):1,disclosed,CAPITAL_FLOWS derived; tracked universe only; investor_type aggregated; new/existing from FUNDING; no ecosystem census claim.
2023,Mumbai,wealthtech / financial services,Series A,mixed,5898.0,2,all-new-investors (DERIVED):1; all-follow-on (DERIVED):1,estimated,CAPITAL_FLOWS derived; tracked universe only; investor_type aggregated; new/existing from FUNDING; no ecosystem census claim.
2023,Noida,defence drones,angel,mixed,0.0,1,unknown:1,disclosed,CAPITAL_FLOWS derived; tracked universe only; investor_type aggregated; new/existing from FUNDING; no ecosystem census claim.
2023,Noida,defence drones,series_a,mixed,0.0,1,unknown:1,disclosed,CAPITAL_FLOWS derived; tracked universe only; investor_type aggregated; new/existing from FUNDING; no ecosystem census claim.
2023,Pune,agritech / crop inputs,Series E2,mixed,0.0,1,mixed (DERIVED):1,disclosed,CAPITAL_FLOWS derived; tracked universe only; investor_type aggregated; new/existing from FUNDING; no ecosystem census claim.
2023,Pune,logistics,Series G,mixed,6624.0,1,mixed (DERIVED):1,disclosed,CAPITAL_FLOWS derived; tracked universe only; investor_type aggregated; new/existing from FUNDING; no ecosystem census claim.
2024,Ahmedabad,fintech/sme lending,Series D (multiple tranches),mixed,0.0,1,mixed (DERIVED):1,disclosed,CAPITAL_FLOWS derived; tracked universe only; investor_type aggregated; new/existing from FUNDING; no ecosystem census claim.
2024,Bengaluru,AI / AI cloud infrastructure,Series B (first equity round),mixed,4185.0,1,mixed (DERIVED):1,disclosed,CAPITAL_FLOWS derived; tracked universe only; investor_type aggregated; new/existing from FUNDING; no ecosystem census claim.
2024,Bengaluru,AI dev-tools / vibe-coding,Seed,mixed,585.9,1,initial (DERIVED):1,disclosed,CAPITAL_FLOWS derived; tracked universe only; investor_type aggregated; new/existing from FUNDING; no ecosystem census claim.
2024,Bengaluru,D2C jewellery,Series B extended,mixed,3550.0,2,mixed (DERIVED):1; all-new-investors (DERIVED):1,disclosed,CAPITAL_FLOWS derived; tracked universe only; investor_type aggregated; new/existing from FUNDING; no ecosystem census claim.
2024,Bengaluru,EdTech / Workforce Skilling,Seed,mixed,0.0,1,all-follow-on (DERIVED):1,disclosed,CAPITAL_FLOWS derived; tracked universe only; investor_type aggregated; new/existing from FUNDING; no ecosystem census claim.
2024,Bengaluru,Food Delivery / Quick Commerce,IPO,mixed,0.0,1,all-new-investors (DERIVED):1,disclosed,CAPITAL_FLOWS derived; tracked universe only; investor_type aggregated; new/existing from FUNDING; no ecosystem census claim.
2024,Bengaluru,Foodtech / 10-min food delivery,Seed,mixed,167.4,1,initial (DERIVED):1,disclosed,CAPITAL_FLOWS derived; tracked universe only; investor_type aggregated; new/existing from FUNDING; no ecosystem census claim.
2024,Bengaluru,Logistics,Series E,mixed,8370.0,1,mixed (DERIVED):1,disclosed,CAPITAL_FLOWS derived; tracked universe only; investor_type aggregated; new/existing from FUNDING; no ecosystem census claim.
2024,Bengaluru,Mobility / EV,Debt,mixed,25.0,1,unknown:1,disclosed,CAPITAL_FLOWS derived; tracked universe only; investor_type aggregated; new/existing from FUNDING; no ecosystem census claim.
2024,Bengaluru,Mobility / EV,Post-Series B (equity),mixed,3211.23,2,unknown:2,disclosed,CAPITAL_FLOWS derived; tracked universe only; investor_type aggregated; new/existing from FUNDING; no ecosystem census claim.
2024,Bengaluru,Robotics / AMR,Seed,mixed,0.0,1,unknown:1,disclosed,CAPITAL_FLOWS derived; tracked universe only; investor_type aggregated; new/existing from FUNDING; no ecosystem census claim.
2024,Bengaluru,Semiconductor / AI chip,Pre-Series A,mixed,100.0,1,initial (DERIVED):1,disclosed,CAPITAL_FLOWS derived; tracked universe only; investor_type aggregated; new/existing from FUNDING; no ecosystem census claim.
2024,Bengaluru,Semiconductors / Fabless chip design,Seed,mixed,0.0,1,initial (DERIVED):1,disclosed,CAPITAL_FLOWS derived; tracked universe only; investor_type aggregated; new/existing from FUNDING; no ecosystem census claim.
2024,Bengaluru,adtech,Debt,mixed,8370.0,1,all-new-investors (DERIVED):1,disclosed,CAPITAL_FLOWS derived; tracked universe only; investor_type aggregated; new/existing from FUNDING; no ecosystem census claim.
2024,Bengaluru,adtech,Series A,mixed,830.0,1,all-new-investors (DERIVED):1,disclosed,CAPITAL_FLOWS derived; tracked universe only; investor_type aggregated; new/existing from FUNDING; no ecosystem census claim.
2024,Bengaluru,agritech (dairy tech),Series C,mixed,2176.2,1,mixed (DERIVED):1,estimated,CAPITAL_FLOWS derived; tracked universe only; investor_type aggregated; new/existing from FUNDING; no ecosystem census claim.
2024,Bengaluru,analytics / decision sciences / AI,Unattributed,mixed,168.24,1,unknown:1,disclosed,CAPITAL_FLOWS derived; tracked universe only; investor_type aggregated; new/existing from FUNDING; no ecosystem census claim.
2024,Bengaluru,b2b manufacturing,Venture round,mixed,15903.0,2,all-follow-on (DERIVED):1; all-new-investors (DERIVED):1,estimated,CAPITAL_FLOWS derived; tracked universe only; investor_type aggregated; new/existing from FUNDING; no ecosystem census claim.
2024,Bengaluru,cybersecurity / quantum,Grant (prize money),mixed,664.78,1,initial (DERIVED):1,disclosed,CAPITAL_FLOWS derived; tracked universe only; investor_type aggregated; new/existing from FUNDING; no ecosystem census claim.
2024,Bengaluru,d2c travel goods,Series B,mixed,1004.4,1,all-follow-on (DERIVED):1,estimated,CAPITAL_FLOWS derived; tracked universe only; investor_type aggregated; new/existing from FUNDING; no ecosystem census claim.
2024,Bengaluru,defence tech,accelerator/incubator,mixed,0.0,1,initial (DERIVED):1,disclosed,CAPITAL_FLOWS derived; tracked universe only; investor_type aggregated; new/existing from FUNDING; no ecosystem census claim.
2024,Bengaluru,ecommerce,primary,mixed,79515.0,1,mixed (DERIVED):1,disclosed,CAPITAL_FLOWS derived; tracked universe only; investor_type aggregated; new/existing from FUNDING; no ecosystem census claim.
2024,Bengaluru,edtech / HR-tech (AI + blockchain credentials),Incubator/Accelerator,mixed,0.0,1,initial (DERIVED):1,estimated,CAPITAL_FLOWS derived; tracked universe only; investor_type aggregated; new/existing from FUNDING; no ecosystem census claim.
2024,Bengaluru,edtech SaaS,later-stage vc,mixed,1381.05,1,mixed (DERIVED):1,disclosed,CAPITAL_FLOWS derived; tracked universe only; investor_type aggregated; new/existing from FUNDING; no ecosystem census claim.
2024,Bengaluru,edtech short-form,Series A,mixed,669.6,1,all-new-investors (DERIVED):1,estimated,CAPITAL_FLOWS derived; tracked universe only; investor_type aggregated; new/existing from FUNDING; no ecosystem census claim.
2024,Bengaluru,ev (listed),IPO,mixed,0.0,1,initial (DERIVED):1,disclosed,CAPITAL_FLOWS derived; tracked universe only; investor_type aggregated; new/existing from FUNDING; no ecosystem census claim.
2024,Bengaluru,ev battery fast-charge,Seed,mixed,100.44,1,initial (DERIVED):1,estimated,CAPITAL_FLOWS derived; tracked universe only; investor_type aggregated; new/existing from FUNDING; no ecosystem census claim.
2024,Bengaluru,fintech,Convertible Debt,mixed,1507.62,1,initial (DERIVED):1,disclosed,CAPITAL_FLOWS derived; tracked universe only; investor_type aggregated; new/existing from FUNDING; no ecosystem census claim.
2024,Bengaluru,fintech / digital banking,Insider equity (partly paid shares),mixed,713.96,1,all-new-investors (DERIVED):1,disclosed,CAPITAL_FLOWS derived; tracked universe only; investor_type aggregated; new/existing from FUNDING; no ecosystem census claim.
2024,Bengaluru,fintech / digital lending,Series E-II,mixed,389.21,1,all-new-investors (DERIVED):1,disclosed,CAPITAL_FLOWS derived; tracked universe only; investor_type aggregated; new/existing from FUNDING; no ecosystem census claim.
2024,Bengaluru,fintech cross-border payments,Pre-Series A,mixed,418.5,1,initial (DERIVED):1,disclosed,CAPITAL_FLOWS derived; tracked universe only; investor_type aggregated; new/existing from FUNDING; no ecosystem census claim.
2024,Bengaluru,fintech cross-border payments,Seed VC - II (Pre-Series A),mixed,418.5,1,all-follow-on (DERIVED):1,disclosed,CAPITAL_FLOWS derived; tracked universe only; investor_type aggregated; new/existing from FUNDING; no ecosystem census claim.
2024,Bengaluru,fintech lending,Series D extension,mixed,786.78,1,mixed (DERIVED):1,disclosed,CAPITAL_FLOWS derived; tracked universe only; investor_type aggregated; new/existing from FUNDING; no ecosystem census claim.
2024,Bengaluru,foodtech cloud kitchen,Series D,mixed,3348.0,1,mixed (DERIVED):1,disclosed,CAPITAL_FLOWS derived; tracked universe only; investor_type aggregated; new/existing from FUNDING; no ecosystem census claim.
2024,Bengaluru,gaming/web3 distribution protocol,Ecosystem,mixed,837.0,1,all-new-investors (DERIVED):1,estimated,CAPITAL_FLOWS derived; tracked universe only; investor_type aggregated; new/existing from FUNDING; no ecosystem census claim.
2024,Bengaluru,gaming/web3 distribution protocol,Seed,mixed,215.86,2,all-follow-on (DERIVED):1; mixed (DERIVED):1,disclosed,CAPITAL_FLOWS derived; tracked universe only; investor_type aggregated; new/existing from FUNDING; no ecosystem census claim.
2024,Bengaluru,healthtech / wearables,Series B,mixed,2929.5,1,mixed (DERIVED):1,disclosed,CAPITAL_FLOWS derived; tracked universe only; investor_type aggregated; new/existing from FUNDING; no ecosystem census claim.
2024,Bengaluru,logistics,Series F (internal/ESOP),mixed,0.0,1,all-new-investors (DERIVED):1,disclosed,CAPITAL_FLOWS derived; tracked universe only; investor_type aggregated; new/existing from FUNDING; no ecosystem census claim.
2024,Bengaluru,media (Josh/Dailyhunt),Venture Debt,mixed,502.2,1,all-new-investors (DERIVED):1,disclosed,CAPITAL_FLOWS derived; tracked universe only; investor_type aggregated; new/existing from FUNDING; no ecosystem census claim.
2024,Bengaluru,quick home services,Seed/Series A,mixed,0.0,1,initial (DERIVED):1,disclosed,CAPITAL_FLOWS derived; tracked universe only; investor_type aggregated; new/existing from FUNDING; no ecosystem census claim.
2024,Bengaluru,robotics vision,Series A,mixed,837.0,1,mixed (DERIVED):1,disclosed,CAPITAL_FLOWS derived; tracked universe only; investor_type aggregated; new/existing from FUNDING; no ecosystem census claim.
2024,Bengaluru,saas/api dev,Secondary,mixed,0.0,1,mixed (DERIVED):1,disclosed,CAPITAL_FLOWS derived; tracked universe only; investor_type aggregated; new/existing from FUNDING; no ecosystem census claim.
2024,Bengaluru,"semiconductor design (RF chips, GaN)",Seed,mixed,0.0,1,initial (DERIVED):1,disclosed,CAPITAL_FLOWS derived; tracked universe only; investor_type aggregated; new/existing from FUNDING; no ecosystem census claim.
2024,Bengaluru,"semiconductor design (RF chips, GaN)",Series A (planned),mixed,0.0,1,unknown:1,disclosed,CAPITAL_FLOWS derived; tracked universe only; investor_type aggregated; new/existing from FUNDING; no ecosystem census claim.
2024,Bengaluru,semiconductor power,Seed,mixed,334.8,1,all-follow-on (DERIVED):1,disclosed,CAPITAL_FLOWS derived; tracked universe only; investor_type aggregated; new/existing from FUNDING; no ecosystem census claim.
2024,Bengaluru,social media,Conventional Debt,mixed,1339.2,1,all-new-investors (DERIVED):1,disclosed,CAPITAL_FLOWS derived; tracked universe only; investor_type aggregated; new/existing from FUNDING; no ecosystem census claim.
2024,Bengaluru,social media,Convertible Note,mixed,4101.3,1,mixed (DERIVED):1,disclosed,CAPITAL_FLOWS derived; tracked universe only; investor_type aggregated; new/existing from FUNDING; no ecosystem census claim.
2024,Bengaluru,social media,debt/convertible,mixed,4101.3,1,unknown:1,estimated,CAPITAL_FLOWS derived; tracked universe only; investor_type aggregated; new/existing from FUNDING; no ecosystem census claim.
2024,Bengaluru,spacetech,Series B extension,mixed,2008.8,1,all-new-investors (DERIVED):1,disclosed,CAPITAL_FLOWS derived; tracked universe only; investor_type aggregated; new/existing from FUNDING; no ecosystem census claim.
2024,Bengaluru,spacetech analytics,Strategic Investment,mixed,0.0,1,all-new-investors (DERIVED):1,disclosed,CAPITAL_FLOWS derived; tracked universe only; investor_type aggregated; new/existing from FUNDING; no ecosystem census claim.
2024,Bengaluru,spacetech launch,Seed,mixed,418.5,1,initial (DERIVED):1,disclosed,CAPITAL_FLOWS derived; tracked universe only; investor_type aggregated; new/existing from FUNDING; no ecosystem census claim.
2024,Bengaluru,spacetech ssa,Series A1 (extension),mixed,167.4,1,all-new-investors (DERIVED):1,disclosed,CAPITAL_FLOWS derived; tracked universe only; investor_type aggregated; new/existing from FUNDING; no ecosystem census claim.
2024,Bengaluru,travel villas,Seed,mixed,209.25,1,all-new-investors (DERIVED):1,disclosed,CAPITAL_FLOWS derived; tracked universe only; investor_type aggregated; new/existing from FUNDING; no ecosystem census claim.
2024,Bengaluru,travel villas,Seed/Series A,mixed,418.5,1,all-follow-on (DERIVED):1,disclosed,CAPITAL_FLOWS derived; tracked universe only; investor_type aggregated; new/existing from FUNDING; no ecosystem census claim.
2024,Bengaluru,travel villas,Series A,mixed,418.5,1,mixed (DERIVED):1,disclosed,CAPITAL_FLOWS derived; tracked universe only; investor_type aggregated; new/existing from FUNDING; no ecosystem census claim.
2024,Bengaluru (HQ); Singapore domicile (reverse flip planned); ops India/Singapore/Middle East,Home interiors marketplace,Series F tranche,mixed,0.0,2,unknown:2,estimated,CAPITAL_FLOWS derived; tracked universe only; investor_type aggregated; new/existing from FUNDING; no ecosystem census claim.
2024,Bengaluru (factory Hoskote),EV two-wheeler,Series B,mixed,3348.0,1,existing:1,estimated,CAPITAL_FLOWS derived; tracked universe only; investor_type aggregated; new/existing from FUNDING; no ecosystem census claim.
2024,"Bengaluru, Karnataka",B2B ecommerce (food & grocery),Series C3,mixed,1523.34,1,mixed (DERIVED):1,disclosed,CAPITAL_FLOWS derived; tracked universe only; investor_type aggregated; new/existing from FUNDING; no ecosystem census claim.
2024,"Bengaluru, Karnataka",Mobility / road transport tech (bike taxi-led multimodal),Series E,mixed,10044.0,1,unknown:1,estimated,CAPITAL_FLOWS derived; tracked universe only; investor_type aggregated; new/existing from FUNDING; no ecosystem census claim.
2024,Chandigarh,fashion / d2c,Pre-Series A,mixed,0.0,1,initial (DERIVED):1,disclosed,CAPITAL_FLOWS derived; tracked universe only; investor_type aggregated; new/existing from FUNDING; no ecosystem census claim.
2024,Chennai,fintech/debt marketplace,equity infusion,mixed,0.0,1,initial (DERIVED):1,disclosed,CAPITAL_FLOWS derived; tracked universe only; investor_type aggregated; new/existing from FUNDING; no ecosystem census claim.
2024,Chennai,semiconductors,Series A,mixed,669.6,1,unknown:1,disclosed,CAPITAL_FLOWS derived; tracked universe only; investor_type aggregated; new/existing from FUNDING; no ecosystem census claim.
2024,"Chennai (dual HQ Wilmington, Delaware, USA)",SaaS (PSA / onboarding),Series B,mixed,2008.8,1,existing:1,estimated,CAPITAL_FLOWS derived; tracked universe only; investor_type aggregated; new/existing from FUNDING; no ecosystem census claim.
2024,Delhi (New Delhi),climate energy efficiency,Debt,mixed,669.6,1,all-new-investors (DERIVED):1,disclosed,CAPITAL_FLOWS derived; tracked universe only; investor_type aggregated; new/existing from FUNDING; no ecosystem census claim.
2024,Delhi (batch said Bengaluru — corrected: Delhi HQ per all sources),ev commercial,Series C,mixed,5775.0,2,unknown:1; all-new-investors (DERIVED):1,estimated,CAPITAL_FLOWS derived; tracked universe only; investor_type aggregated; new/existing from FUNDING; no ecosystem census claim.
2024,Delhi (batch said Bengaluru — corrected: Delhi HQ per all sources),ev commercial,Series C (additional),mixed,200.0,1,unknown:1,disclosed,CAPITAL_FLOWS derived; tracked universe only; investor_type aggregated; new/existing from FUNDING; no ecosystem census claim.
2024,Delhi NCR (Noida),consumer services/astrology | spiritual tech,Series A,mixed,0.0,1,initial (DERIVED):1,disclosed,CAPITAL_FLOWS derived; tracked universe only; investor_type aggregated; new/existing from FUNDING; no ecosystem census claim.
2024,Gurugram,EV fleet / logistics tech,Series C (C1 equity close; $50M round: $40M eq + $10M debt),mixed,1255.5,1,mixed (DERIVED):1,estimated,CAPITAL_FLOWS derived; tracked universe only; investor_type aggregated; new/existing from FUNDING; no ecosystem census claim.
2024,Gurugram,Home Services / Hyperlocal,Pre-IPO Secondary,mixed,0.0,1,initial (DERIVED):1,estimated,CAPITAL_FLOWS derived; tracked universe only; investor_type aggregated; new/existing from FUNDING; no ecosystem census claim.
2024,Gurugram,auto marketplace | used cars,Corporate Round,mixed,2499.28,1,all-new-investors (DERIVED):1,disclosed,CAPITAL_FLOWS derived; tracked universe only; investor_type aggregated; new/existing from FUNDING; no ecosystem census claim.
2024,Gurugram,ev battery swapping,series_b,mixed,0.0,1,unknown:1,disclosed,CAPITAL_FLOWS derived; tracked universe only; investor_type aggregated; new/existing from FUNDING; no ecosystem census claim.
2024,Gurugram,fintech,IPO,mixed,47876.4,1,new:1,disclosed,CAPITAL_FLOWS derived; tracked universe only; investor_type aggregated; new/existing from FUNDING; no ecosystem census claim.
2024,Gurugram,hospitality/travel-tech,Secondary,mixed,100.0,1,initial (DERIVED):1,disclosed,CAPITAL_FLOWS derived; tracked universe only; investor_type aggregated; new/existing from FUNDING; no ecosystem census claim.
2024,Gurugram,hospitality/travel-tech,Series G,mixed,0.0,2,all-new-investors (DERIVED):1; all-follow-on (DERIVED):1,disclosed,CAPITAL_FLOWS derived; tracked universe only; investor_type aggregated; new/existing from FUNDING; no ecosystem census claim.
2024,Gurugram,proptech coworking,Series B-II,mixed,1680.0,1,all-new-investors (DERIVED):1,disclosed,CAPITAL_FLOWS derived; tracked universe only; investor_type aggregated; new/existing from FUNDING; no ecosystem census claim.
2024,Gurugram,travel AI,pre-seed,mixed,64.45,1,initial (DERIVED):1,disclosed,CAPITAL_FLOWS derived; tracked universe only; investor_type aggregated; new/existing from FUNDING; no ecosystem census claim.
2024,Gurugram,wealthtech,Series C1,mixed,0.0,1,initial (DERIVED):1,disclosed,CAPITAL_FLOWS derived; tracked universe only; investor_type aggregated; new/existing from FUNDING; no ecosystem census claim.
2024,Kochi,robotics marine,funding,mixed,0.0,1,initial (DERIVED):1,disclosed,CAPITAL_FLOWS derived; tracked universe only; investor_type aggregated; new/existing from FUNDING; no ecosystem census claim.
2024,Kolkata,ecommerce / home decor D2C,Angel,mixed,659.56,1,mixed (DERIVED):1,disclosed,CAPITAL_FLOWS derived; tracked universe only; investor_type aggregated; new/existing from FUNDING; no ecosystem census claim.
2024,Kolkata,ecommerce / home decor D2C,Series A,mixed,629.42,1,mixed (DERIVED):1,disclosed,CAPITAL_FLOWS derived; tracked universe only; investor_type aggregated; new/existing from FUNDING; no ecosystem census claim.
2024,Kolkata,ecommerce / home decor D2C,venture (unspecified),mixed,698.89,1,unknown:1,disclosed,CAPITAL_FLOWS derived; tracked universe only; investor_type aggregated; new/existing from FUNDING; no ecosystem census claim.
2024,Mumbai,AI cloud infrastructure,Seed,mixed,1674.0,1,all-new-investors (DERIVED):1,disclosed,CAPITAL_FLOWS derived; tracked universe only; investor_type aggregated; new/existing from FUNDING; no ecosystem census claim.
2024,Mumbai,AI cloud infrastructure,Series A,mixed,2511.0,1,mixed (DERIVED):1,disclosed,CAPITAL_FLOWS derived; tracked universe only; investor_type aggregated; new/existing from FUNDING; no ecosystem census claim.
2024,Mumbai,D2C Beauty / Skincare,Series A,mixed,1209.46,1,all-follow-on (DERIVED):1,disclosed,CAPITAL_FLOWS derived; tracked universe only; investor_type aggregated; new/existing from FUNDING; no ecosystem census claim.
2024,Mumbai,D2C Beauty / Skincare,Series B,mixed,1502.41,1,all-follow-on (DERIVED):1,disclosed,CAPITAL_FLOWS derived; tracked universe only; investor_type aggregated; new/existing from FUNDING; no ecosystem census claim.
2024,Mumbai,D2C footwear,Series A,mixed,42.3,1,initial (DERIVED):1,disclosed,CAPITAL_FLOWS derived; tracked universe only; investor_type aggregated; new/existing from FUNDING; no ecosystem census claim.
2024,Mumbai,Edtech / skilling,Equity,mixed,5022.0,1,all-new-investors (DERIVED):1,disclosed,CAPITAL_FLOWS derived; tracked universe only; investor_type aggregated; new/existing from FUNDING; no ecosystem census claim.
2024,Mumbai,d2c beauty,Series D (secondary),mixed,0.0,1,unknown:1,disclosed,CAPITAL_FLOWS derived; tracked universe only; investor_type aggregated; new/existing from FUNDING; no ecosystem census claim.
2024,Mumbai,edtech exec education,Series F,mixed,12555.0,1,all-new-investors (DERIVED):1,disclosed,CAPITAL_FLOWS derived; tracked universe only; investor_type aggregated; new/existing from FUNDING; no ecosystem census claim.
2024,Mumbai,edtech robotics / consumer AI robots,Series C,mixed,0.0,1,new:1,disclosed,CAPITAL_FLOWS derived; tracked universe only; investor_type aggregated; new/existing from FUNDING; no ecosystem census claim.
2024,Mumbai,edtech robotics / consumer AI robots,Series D,mixed,1322.46,1,mixed (DERIVED):1,disclosed,CAPITAL_FLOWS derived; tracked universe only; investor_type aggregated; new/existing from FUNDING; no ecosystem census claim.
2024,Mumbai,fintech lending,Angel,mixed,0.0,1,unknown:1,disclosed,CAPITAL_FLOWS derived; tracked universe only; investor_type aggregated; new/existing from FUNDING; no ecosystem census claim.
2024,Mumbai,fintech lending green,Series B,mixed,900.0,1,initial (DERIVED):1,disclosed,CAPITAL_FLOWS derived; tracked universe only; investor_type aggregated; new/existing from FUNDING; no ecosystem census claim.
2024,Mumbai,fintech/bnpl,Pre-Series B,mixed,0.0,1,new:1,disclosed,CAPITAL_FLOWS derived; tracked universe only; investor_type aggregated; new/existing from FUNDING; no ecosystem census claim.
2024,Mumbai,fintech/bnpl,debt+equity (unlettered),mixed,1506.6,1,all-new-investors (DERIVED):1,disclosed,CAPITAL_FLOWS derived; tracked universe only; investor_type aggregated; new/existing from FUNDING; no ecosystem census claim.
2024,Mumbai,fintech/trade finance,Later Stage VC,mixed,0.0,1,unknown:1,disclosed,CAPITAL_FLOWS derived; tracked universe only; investor_type aggregated; new/existing from FUNDING; no ecosystem census claim.
2024,Mumbai,foodtech/cloud kitchen,Secondary,mixed,0.0,1,all-new-investors (DERIVED):1,disclosed,CAPITAL_FLOWS derived; tracked universe only; investor_type aggregated; new/existing from FUNDING; no ecosystem census claim.
2024,Mumbai,foodtech/cloud kitchen,Series G,mixed,17577.0,1,all-new-investors (DERIVED):1,disclosed,CAPITAL_FLOWS derived; tracked universe only; investor_type aggregated; new/existing from FUNDING; no ecosystem census claim.
2024,Mumbai,healthtech,Series A,mixed,320.0,1,all-new-investors (DERIVED):1,disclosed,CAPITAL_FLOWS derived; tracked universe only; investor_type aggregated; new/existing from FUNDING; no ecosystem census claim.
2024,Mumbai,healthtech / AI diagnostics,Series D,mixed,5440.5,1,initial (DERIVED):1,disclosed,CAPITAL_FLOWS derived; tracked universe only; investor_type aggregated; new/existing from FUNDING; no ecosystem census claim.
2024,Mumbai,healthtech ai scribe,Strategic Investment,mixed,0.0,1,unknown:1,disclosed,CAPITAL_FLOWS derived; tracked universe only; investor_type aggregated; new/existing from FUNDING; no ecosystem census claim.
2024,Mumbai,healthtech payments,Pre-Series A,mixed,0.0,1,unknown:1,disclosed,CAPITAL_FLOWS derived; tracked universe only; investor_type aggregated; new/existing from FUNDING; no ecosystem census claim.
2024,Mumbai,healthtech/pharmacy,"Growth (rights issue, down round)",mixed,18079.2,1,initial (DERIVED):1,disclosed,CAPITAL_FLOWS derived; tracked universe only; investor_type aggregated; new/existing from FUNDING; no ecosystem census claim.
2024,Mumbai,mobility / used-car leasing,Pre-Series A,mixed,20.0,1,all-follow-on (DERIVED):1,disclosed,CAPITAL_FLOWS derived; tracked universe only; investor_type aggregated; new/existing from FUNDING; no ecosystem census claim.
2024,Mumbai,proptech listings,seed,mixed,0.0,1,initial (DERIVED):1,disclosed,CAPITAL_FLOWS derived; tracked universe only; investor_type aggregated; new/existing from FUNDING; no ecosystem census claim.
2024,Mumbai,quick commerce,Series D,mixed,55660.5,1,mixed (DERIVED):1,disclosed,CAPITAL_FLOWS derived; tracked universe only; investor_type aggregated; new/existing from FUNDING; no ecosystem census claim.
2024,Mumbai,quick commerce,Series E,mixed,28458.0,1,all-new-investors (DERIVED):1,disclosed,CAPITAL_FLOWS derived; tracked universe only; investor_type aggregated; new/existing from FUNDING; no ecosystem census claim.
2024,Mumbai,quick commerce,Series F,mixed,29295.0,1,all-new-investors (DERIVED):1,disclosed,CAPITAL_FLOWS derived; tracked universe only; investor_type aggregated; new/existing from FUNDING; no ecosystem census claim.
2024,Mumbai,regtech/id verification,Series F (earlier),mixed,1422.9,1,initial (DERIVED):1,disclosed,CAPITAL_FLOWS derived; tracked universe only; investor_type aggregated; new/existing from FUNDING; no ecosystem census claim.
2024,Mumbai,wealthtech,Series B,mixed,265.0,1,initial (DERIVED):1,disclosed,CAPITAL_FLOWS derived; tracked universe only; investor_type aggregated; new/existing from FUNDING; no ecosystem census claim.
2024,Mumbai,wealthtech / financial services,Series B,mixed,7984.12,2,mixed (DERIVED):1; all-follow-on (DERIVED):1,estimated,CAPITAL_FLOWS derived; tracked universe only; investor_type aggregated; new/existing from FUNDING; no ecosystem census claim.
2024,Mumbai MMR (Thane),healthtech / insurtech engagement,Undisclosed,mixed,418.5,1,initial (DERIVED):1,disclosed,CAPITAL_FLOWS derived; tracked universe only; investor_type aggregated; new/existing from FUNDING; no ecosystem census claim.
2024,New Delhi,SaaS / data collaboration & governance,Series C,mixed,8788.5,1,initial (DERIVED):1,disclosed,CAPITAL_FLOWS derived; tracked universe only; investor_type aggregated; new/existing from FUNDING; no ecosystem census claim.
2024,Noida,EdTech,Series B,mixed,17577.0,1,mixed (DERIVED):1,disclosed,CAPITAL_FLOWS derived; tracked universe only; investor_type aggregated; new/existing from FUNDING; no ecosystem census claim.
2024,Noida,agritech / post-harvest,Conventional Debt,mixed,4101.3,2,mixed (DERIVED):1; all-new-investors (DERIVED):1,disclosed,CAPITAL_FLOWS derived; tracked universe only; investor_type aggregated; new/existing from FUNDING; no ecosystem census claim.
2024,Pune,agritech / crop inputs,Debt,mixed,0.0,1,all-follow-on (DERIVED):1,estimated,CAPITAL_FLOWS derived; tracked universe only; investor_type aggregated; new/existing from FUNDING; no ecosystem census claim.
2024,Pune,agritech / crop inputs,Equity funding,mixed,0.0,1,all-new-investors (DERIVED):1,estimated,CAPITAL_FLOWS derived; tracked universe only; investor_type aggregated; new/existing from FUNDING; no ecosystem census claim.
2024,Pune,fintech/credit cards,Series D tranche,mixed,2134.35,1,initial (DERIVED):1,disclosed,CAPITAL_FLOWS derived; tracked universe only; investor_type aggregated; new/existing from FUNDING; no ecosystem census claim.
2024,Pune (batch said Bengaluru — corrected: Pune HQ per all sources),fintech lending,Series E,mixed,0.0,1,new (Amara) + existing:1,estimated,CAPITAL_FLOWS derived; tracked universe only; investor_type aggregated; new/existing from FUNDING; no ecosystem census claim.
2024,San Francisco,ai marketing saas,Seed,mixed,142.29,1,initial (DERIVED):1,estimated,CAPITAL_FLOWS derived; tracked universe only; investor_type aggregated; new/existing from FUNDING; no ecosystem census claim.
2024,Surat,High Tech / Edge Computing,Seed,mixed,10.02,1,initial (DERIVED):1,disclosed,CAPITAL_FLOWS derived; tracked universe only; investor_type aggregated; new/existing from FUNDING; no ecosystem census claim.
2024,Thane,B2B construction materials,debt,mixed,4185.0,1,all-new-investors (DERIVED):1,disclosed,CAPITAL_FLOWS derived; tracked universe only; investor_type aggregated; new/existing from FUNDING; no ecosystem census claim.
2025,Ahmedabad,d2c baby products,Primary-Secondary,mixed,2313.9,1,unknown:1,disclosed,CAPITAL_FLOWS derived; tracked universe only; investor_type aggregated; new/existing from FUNDING; no ecosystem census claim.
2025,Ahmedabad,d2c baby products,Secondary,mixed,120.0,1,all-new-investors (DERIVED):1,disclosed,CAPITAL_FLOWS derived; tracked universe only; investor_type aggregated; new/existing from FUNDING; no ecosystem census claim.
2025,Ahmedabad,d2c baby products,Series B,mixed,2423.9,2,all-new-investors (DERIVED):1; all-follow-on (DERIVED):1,disclosed,CAPITAL_FLOWS derived; tracked universe only; investor_type aggregated; new/existing from FUNDING; no ecosystem census claim.
2025,Ahmedabad,d2c/beauty,Series C,mixed,2571.0,1,initial (DERIVED):1,estimated,CAPITAL_FLOWS derived; tracked universe only; investor_type aggregated; new/existing from FUNDING; no ecosystem census claim.
2025,Ahmedabad,fintech/sme lending,Series E3,mixed,2528.15,1,initial (DERIVED):1,disclosed,CAPITAL_FLOWS derived; tracked universe only; investor_type aggregated; new/existing from FUNDING; no ecosystem census claim.
2025,Ahmedabad,fintech/sme lending,Venture Debt,mixed,1002.69,1,all-new-investors (DERIVED):1,disclosed,CAPITAL_FLOWS derived; tracked universe only; investor_type aggregated; new/existing from FUNDING; no ecosystem census claim.
2025,Ahmedabad,govtech saas,Growth Capital,mixed,4600.0,1,initial (DERIVED):1,disclosed,CAPITAL_FLOWS derived; tracked universe only; investor_type aggregated; new/existing from FUNDING; no ecosystem census claim.
2025,Ahmedabad,insurtech reinsurance,Seed,mixed,0.0,1,initial (DERIVED):1,disclosed,CAPITAL_FLOWS derived; tracked universe only; investor_type aggregated; new/existing from FUNDING; no ecosystem census claim.
2025,Bengaluru,AI / AI cloud infrastructure,Debt (share pledge),mixed,0.0,1,all-new-investors (DERIVED):1,disclosed,CAPITAL_FLOWS derived; tracked universe only; investor_type aggregated; new/existing from FUNDING; no ecosystem census claim.
2025,Bengaluru,AI / AI cloud infrastructure,Founder commitment,mixed,19711.0,1,all-new-investors (DERIVED):1,disclosed,CAPITAL_FLOWS derived; tracked universe only; investor_type aggregated; new/existing from FUNDING; no ecosystem census claim.
2025,Bengaluru,AI / computer vision / fleet safety telematics,Series D,mixed,7713.0,1,all-new-investors (DERIVED):1,disclosed,CAPITAL_FLOWS derived; tracked universe only; investor_type aggregated; new/existing from FUNDING; no ecosystem census claim.
2025,Bengaluru,AI Drug Discovery / Biotech,Seed/Bridge,mixed,0.0,1,unknown:1,disclosed,CAPITAL_FLOWS derived; tracked universe only; investor_type aggregated; new/existing from FUNDING; no ecosystem census claim.
2025,Bengaluru,AI Drug Discovery / Biotech,Series A,mixed,0.0,1,initial (DERIVED):1,disclosed,CAPITAL_FLOWS derived; tracked universe only; investor_type aggregated; new/existing from FUNDING; no ecosystem census claim.
2025,Bengaluru,AI dev-tools / vibe-coding,Series A,mixed,1971.1,1,mixed (DERIVED):1,disclosed,CAPITAL_FLOWS derived; tracked universe only; investor_type aggregated; new/existing from FUNDING; no ecosystem census claim.
2025,Bengaluru,AI infra / semiconductor,pre_orders,mixed,0.0,1,initial (DERIVED):1,disclosed,CAPITAL_FLOWS derived; tracked universe only; investor_type aggregated; new/existing from FUNDING; no ecosystem census claim.
2025,Bengaluru,Aerospace / drone logistics,Seed,mixed,741.31,1,initial (DERIVED):1,disclosed,CAPITAL_FLOWS derived; tracked universe only; investor_type aggregated; new/existing from FUNDING; no ecosystem census claim.
2025,Bengaluru,D2C fashion,Series B,mixed,6821.72,2,mixed (DERIVED):1; all-follow-on (DERIVED):1,disclosed,CAPITAL_FLOWS derived; tracked universe only; investor_type aggregated; new/existing from FUNDING; no ecosystem census claim.
2025,Bengaluru,D2C fashion,Series B (close confirmation),mixed,3428.0,1,all-follow-on (DERIVED):1,disclosed,CAPITAL_FLOWS derived; tracked universe only; investor_type aggregated; new/existing from FUNDING; no ecosystem census claim.
2025,Bengaluru,D2C jewellery,Series C,mixed,5300.0,1,mixed (DERIVED):1,disclosed,CAPITAL_FLOWS derived; tracked universe only; investor_type aggregated; new/existing from FUNDING; no ecosystem census claim.
2025,Bengaluru,EV tractors / agri-tech,seed,mixed,188.54,1,initial (DERIVED):1,disclosed,CAPITAL_FLOWS derived; tracked universe only; investor_type aggregated; new/existing from FUNDING; no ecosystem census claim.
2025,Bengaluru,EV tractors / agri-tech,series-a,mixed,514.2,1,all-new-investors (DERIVED):1,disclosed,CAPITAL_FLOWS derived; tracked universe only; investor_type aggregated; new/existing from FUNDING; no ecosystem census claim.
2025,Bengaluru,EdTech / Workforce Skilling,Pre-Series A,mixed,0.0,1,all-follow-on (DERIVED):1,disclosed,CAPITAL_FLOWS derived; tracked universe only; investor_type aggregated; new/existing from FUNDING; no ecosystem census claim.
2025,Bengaluru,Edtech / AI,Pre-Series A,mixed,0.0,1,initial (DERIVED):1,disclosed,CAPITAL_FLOWS derived; tracked universe only; investor_type aggregated; new/existing from FUNDING; no ecosystem census claim.
2025,Bengaluru,Foodtech / 10-min food delivery,Series A,mixed,1199.8,1,mixed (DERIVED):1,disclosed,CAPITAL_FLOWS derived; tracked universe only; investor_type aggregated; new/existing from FUNDING; no ecosystem census claim.
2025,Bengaluru,Logistics,Series F,mixed,342.4,1,all-new-investors (DERIVED):1,disclosed,CAPITAL_FLOWS derived; tracked universe only; investor_type aggregated; new/existing from FUNDING; no ecosystem census claim.
2025,Bengaluru,Mobility / EV,Post-Series B (tranche),mixed,968.41,1,unknown:1,disclosed,CAPITAL_FLOWS derived; tracked universe only; investor_type aggregated; new/existing from FUNDING; no ecosystem census claim.
2025,Bengaluru,Robotics / industrial automation (AMR),Series B,mixed,1714.0,1,all-new-investors (DERIVED):1,disclosed,CAPITAL_FLOWS derived; tracked universe only; investor_type aggregated; new/existing from FUNDING; no ecosystem census claim.
2025,Bengaluru,SaaS / Customer Loyalty,IPO,mixed,0.0,1,all-new-investors (DERIVED):1,disclosed,CAPITAL_FLOWS derived; tracked universe only; investor_type aggregated; new/existing from FUNDING; no ecosystem census claim.
2025,Bengaluru,SaaS / customer engagement,Series F (follow-on),mixed,15426.0,1,mixed (DERIVED):1,disclosed,CAPITAL_FLOWS derived; tracked universe only; investor_type aggregated; new/existing from FUNDING; no ecosystem census claim.
2025,Bengaluru,SaaS / customer engagement,Series F (tranche 1),mixed,8570.0,1,all-new-investors (DERIVED):1,disclosed,CAPITAL_FLOWS derived; tracked universe only; investor_type aggregated; new/existing from FUNDING; no ecosystem census claim.
2025,Bengaluru,Semiconductor / AI chip,Series A,mixed,1070.0,1,mixed (DERIVED):1,disclosed,CAPITAL_FLOWS derived; tracked universe only; investor_type aggregated; new/existing from FUNDING; no ecosystem census claim.
2025,Bengaluru,WealthTech,Series D,mixed,4285.0,1,mixed (DERIVED):1,disclosed,CAPITAL_FLOWS derived; tracked universe only; investor_type aggregated; new/existing from FUNDING; no ecosystem census claim.
2025,Bengaluru,WealthTech / Investment Tech,Debt,mixed,50.0,1,all-new-investors (DERIVED):1,disclosed,CAPITAL_FLOWS derived; tracked universe only; investor_type aggregated; new/existing from FUNDING; no ecosystem census claim.
2025,Bengaluru,WealthTech / Investment Tech,Series B,mixed,3740.83,2,mixed (DERIVED):1; all-new-investors (DERIVED):1,disclosed,CAPITAL_FLOWS derived; tracked universe only; investor_type aggregated; new/existing from FUNDING; no ecosystem census claim.
2025,Bengaluru,WealthTech / Investment Tech,Series B1,mixed,1114.1,1,all-new-investors (DERIVED):1,disclosed,CAPITAL_FLOWS derived; tracked universe only; investor_type aggregated; new/existing from FUNDING; no ecosystem census claim.
2025,Bengaluru,Wealthtech / Mutual Fund Advisory,Pre-seed / Spin-off,mixed,0.0,1,initial (DERIVED):1,disclosed,CAPITAL_FLOWS derived; tracked universe only; investor_type aggregated; new/existing from FUNDING; no ecosystem census claim.
2025,Bengaluru,Wealthtech / Mutual Fund Advisory,Seed,mixed,0.0,1,all-new-investors (DERIVED):1,disclosed,CAPITAL_FLOWS derived; tracked universe only; investor_type aggregated; new/existing from FUNDING; no ecosystem census claim.
2025,Bengaluru,Wealthtech / Mutual Fund Advisory,Series A,mixed,0.0,1,mixed (DERIVED):1,disclosed,CAPITAL_FLOWS derived; tracked universe only; investor_type aggregated; new/existing from FUNDING; no ecosystem census claim.
2025,Bengaluru,adtech,Debt,mixed,29995.0,1,all-follow-on (DERIVED):1,disclosed,CAPITAL_FLOWS derived; tracked universe only; investor_type aggregated; new/existing from FUNDING; no ecosystem census claim.
2025,Bengaluru,adtech,"Loan (2 tranches, 13-14%, secured on founders' stake)",mixed,29995.0,1,all-new-investors (DERIVED):1,disclosed,CAPITAL_FLOWS derived; tracked universe only; investor_type aggregated; new/existing from FUNDING; no ecosystem census claim.
2025,Bengaluru,adtech,Pre-IPO (talks),mixed,12855.0,1,unknown:1,disclosed,CAPITAL_FLOWS derived; tracked universe only; investor_type aggregated; new/existing from FUNDING; no ecosystem census claim.
2025,Bengaluru,adtech,Series E (talks),mixed,34280.0,1,unknown:1,disclosed,CAPITAL_FLOWS derived; tracked universe only; investor_type aggregated; new/existing from FUNDING; no ecosystem census claim.
2025,Bengaluru,adtech,Total PE raised,mixed,18511.2,1,mixed (DERIVED):1,disclosed,CAPITAL_FLOWS derived; tracked universe only; investor_type aggregated; new/existing from FUNDING; no ecosystem census claim.
2025,Bengaluru,ai agents,Seed,mixed,0.0,1,initial (DERIVED):1,disclosed,CAPITAL_FLOWS derived; tracked universe only; investor_type aggregated; new/existing from FUNDING; no ecosystem census claim.
2025,Bengaluru,ai ecommerce growth,Convertible Note,mixed,0.0,1,unknown:1,estimated,CAPITAL_FLOWS derived; tracked universe only; investor_type aggregated; new/existing from FUNDING; no ecosystem census claim.
2025,Bengaluru,ai ecommerce growth,Pre-Series B,mixed,771.3,2,unknown:1; mixed (DERIVED):1,estimated,CAPITAL_FLOWS derived; tracked universe only; investor_type aggregated; new/existing from FUNDING; no ecosystem census claim.
2025,Bengaluru,b2b commerce,Series G,mixed,16197.3,2,initial (DERIVED):1; all-follow-on (DERIVED):1,disclosed,CAPITAL_FLOWS derived; tracked universe only; investor_type aggregated; new/existing from FUNDING; no ecosystem census claim.
2025,Bengaluru,biotech therapeutics,Series A,mixed,1028.4,2,all-new-investors (DERIVED):1; all-follow-on (DERIVED):1,estimated,CAPITAL_FLOWS derived; tracked universe only; investor_type aggregated; new/existing from FUNDING; no ecosystem census claim.
2025,Bengaluru,biotech therapeutics,Series A (total raised),mixed,0.0,1,unknown:1,disclosed,CAPITAL_FLOWS derived; tracked universe only; investor_type aggregated; new/existing from FUNDING; no ecosystem census claim.
2025,Bengaluru,cybersecurity,Series A,mixed,505.63,1,mixed (DERIVED):1,disclosed,CAPITAL_FLOWS derived; tracked universe only; investor_type aggregated; new/existing from FUNDING; no ecosystem census claim.
2025,Bengaluru,cybersecurity / quantum,Series A,mixed,780.43,1,all-new-investors (DERIVED):1,disclosed,CAPITAL_FLOWS derived; tracked universe only; investor_type aggregated; new/existing from FUNDING; no ecosystem census claim.
2025,Bengaluru,d2c travel,Seed,mixed,428.5,1,initial (DERIVED):1,estimated,CAPITAL_FLOWS derived; tracked universe only; investor_type aggregated; new/existing from FUNDING; no ecosystem census claim.
2025,Bengaluru,d2c/jewellery,Angel,mixed,0.0,1,all-new-investors (DERIVED):1,disclosed,CAPITAL_FLOWS derived; tracked universe only; investor_type aggregated; new/existing from FUNDING; no ecosystem census claim.
2025,Bengaluru,d2c/jewellery,Corporate Round,mixed,10000.0,1,mixed (DERIVED):1,disclosed,CAPITAL_FLOWS derived; tracked universe only; investor_type aggregated; new/existing from FUNDING; no ecosystem census claim.
2025,Bengaluru,d2c/jewellery,Seed,mixed,0.0,1,initial (DERIVED):1,disclosed,CAPITAL_FLOWS derived; tracked universe only; investor_type aggregated; new/existing from FUNDING; no ecosystem census claim.
2025,Bengaluru,defence electronics,Series A,mixed,0.0,1,initial (DERIVED):1,disclosed,CAPITAL_FLOWS derived; tracked universe only; investor_type aggregated; new/existing from FUNDING; no ecosystem census claim.
2025,Bengaluru,defence imaging / electro-optics,Series D (pre-IPO),mixed,1925.0,2,all-follow-on (DERIVED):1; all-new-investors (DERIVED):1,estimated,CAPITAL_FLOWS derived; tracked universe only; investor_type aggregated; new/existing from FUNDING; no ecosystem census claim.
2025,Bengaluru,defence tech,seed,mixed,94.27,1,all-new-investors (DERIVED):1,estimated,CAPITAL_FLOWS derived; tracked universe only; investor_type aggregated; new/existing from FUNDING; no ecosystem census claim.
2025,Bengaluru,ecommerce,ESOP buyback,mixed,2142.5,1,all-new-investors (DERIVED):1,disclosed,CAPITAL_FLOWS derived; tracked universe only; investor_type aggregated; new/existing from FUNDING; no ecosystem census claim.
2025,Bengaluru,edtech / HR-tech (AI + blockchain credentials),Grant (prize money),mixed,0.0,1,all-new-investors (DERIVED):1,estimated,CAPITAL_FLOWS derived; tracked universe only; investor_type aggregated; new/existing from FUNDING; no ecosystem census claim.
2025,Bengaluru,edtech / HR-tech (AI + blockchain credentials),Series A,mixed,21.43,1,all-new-investors (DERIVED):1,estimated,CAPITAL_FLOWS derived; tracked universe only; investor_type aggregated; new/existing from FUNDING; no ecosystem census claim.
2025,Bengaluru,edtech SaaS,series-a,mixed,519.34,1,all-new-investors (DERIVED):1,disclosed,CAPITAL_FLOWS derived; tracked universe only; investor_type aggregated; new/existing from FUNDING; no ecosystem census claim.
2025,Bengaluru,edtech ai tutor,pre-Series A,mixed,321.38,1,initial (DERIVED):1,disclosed,CAPITAL_FLOWS derived; tracked universe only; investor_type aggregated; new/existing from FUNDING; no ecosystem census claim.
2025,Bengaluru,edtech live classes,Internal/bridge,mixed,942.7,1,all-new-investors (DERIVED):1,disclosed,CAPITAL_FLOWS derived; tracked universe only; investor_type aggregated; new/existing from FUNDING; no ecosystem census claim.
2025,Bengaluru,edtech live classes,Series F,mixed,0.0,1,existing:1,disclosed,CAPITAL_FLOWS derived; tracked universe only; investor_type aggregated; new/existing from FUNDING; no ecosystem census claim.
2025,Bengaluru,edtech short-form,Series B,mixed,2399.6,1,mixed (DERIVED):1,estimated,CAPITAL_FLOWS derived; tracked universe only; investor_type aggregated; new/existing from FUNDING; no ecosystem census claim.
2025,Bengaluru,edtech study-abroad,Debt,mixed,8570.0,1,all-new-investors (DERIVED):1,disclosed,CAPITAL_FLOWS derived; tracked universe only; investor_type aggregated; new/existing from FUNDING; no ecosystem census claim.
2025,Bengaluru,edtech study-abroad,Series E,mixed,5570.5,1,mixed (DERIVED):1,disclosed,CAPITAL_FLOWS derived; tracked universe only; investor_type aggregated; new/existing from FUNDING; no ecosystem census claim.
2025,Bengaluru,enterprise / data & AI services,strategic/PE growth,mixed,29995.0,1,initial (DERIVED):1,disclosed,CAPITAL_FLOWS derived; tracked universe only; investor_type aggregated; new/existing from FUNDING; no ecosystem census claim.
2025,Bengaluru,ev battery fast-charge,Series A,mixed,531.34,1,mixed (DERIVED):1,estimated,CAPITAL_FLOWS derived; tracked universe only; investor_type aggregated; new/existing from FUNDING; no ecosystem census claim.
2025,Bengaluru,ev motorcycles,Series E (tranche),mixed,5656.2,2,initial (DERIVED):1; all-new-investors (DERIVED):1,disclosed,CAPITAL_FLOWS derived; tracked universe only; investor_type aggregated; new/existing from FUNDING; no ecosystem census claim.
2025,Bengaluru,ev/2-wheeler,IPO,mixed,0.0,1,all-new-investors (DERIVED):1,disclosed,CAPITAL_FLOWS derived; tracked universe only; investor_type aggregated; new/existing from FUNDING; no ecosystem census claim.
2025,Bengaluru,fintech,Conventional Debt (NCD),mixed,1714.0,1,all-new-investors (DERIVED):1,disclosed,CAPITAL_FLOWS derived; tracked universe only; investor_type aggregated; new/existing from FUNDING; no ecosystem census claim.
2025,Bengaluru,fintech,Preferential shares (NBFC capital),mixed,5000.0,1,unknown:1,disclosed,CAPITAL_FLOWS derived; tracked universe only; investor_type aggregated; new/existing from FUNDING; no ecosystem census claim.
2025,Bengaluru,fintech,debt (NCD),mixed,1714.0,1,unknown:1,estimated,CAPITAL_FLOWS derived; tracked universe only; investor_type aggregated; new/existing from FUNDING; no ecosystem census claim.
2025,Bengaluru,fintech / credit cards,Series B,mixed,2056.8,1,mixed (DERIVED):1,disclosed,CAPITAL_FLOWS derived; tracked universe only; investor_type aggregated; new/existing from FUNDING; no ecosystem census claim.
2025,Bengaluru,fintech / digital lending,Debt (conventional),mixed,976.98,1,all-new-investors (DERIVED):1,disclosed,CAPITAL_FLOWS derived; tracked universe only; investor_type aggregated; new/existing from FUNDING; no ecosystem census claim.
2025,Bengaluru,fintech cross-border payments,Series A,mixed,857.0,1,mixed (DERIVED):1,disclosed,CAPITAL_FLOWS derived; tracked universe only; investor_type aggregated; new/existing from FUNDING; no ecosystem census claim.
2025,Bengaluru,fintech cross-border payments,Series A (Tracxn variant),mixed,490.2,1,all-new-investors (DERIVED):1,disclosed,CAPITAL_FLOWS derived; tracked universe only; investor_type aggregated; new/existing from FUNDING; no ecosystem census claim.
2025,Bengaluru,fintech cross-border payments,Series A (reported by Tracxn),mixed,490.2,1,unknown:1,disclosed,CAPITAL_FLOWS derived; tracked universe only; investor_type aggregated; new/existing from FUNDING; no ecosystem census claim.
2025,Bengaluru,fintech payments infrastructure,Series D,mixed,5142.0,1,mixed (DERIVED):1,disclosed,CAPITAL_FLOWS derived; tracked universe only; investor_type aggregated; new/existing from FUNDING; no ecosystem census claim.
2025,Bengaluru,fintech wealthtech,IPO,mixed,6632.3,1,new:1,disclosed,CAPITAL_FLOWS derived; tracked universe only; investor_type aggregated; new/existing from FUNDING; no ecosystem census claim.
2025,Bengaluru,fintech wealthtech,Series F,mixed,17337.11,1,new:1,disclosed,CAPITAL_FLOWS derived; tracked universe only; investor_type aggregated; new/existing from FUNDING; no ecosystem census claim.
2025,Bengaluru,fintech/card infra,Series D,mixed,4285.0,1,all-new-investors (DERIVED):1,disclosed,CAPITAL_FLOWS derived; tracked universe only; investor_type aggregated; new/existing from FUNDING; no ecosystem census claim.
2025,Bengaluru,fintech/card infra,Strategic,mixed,4285.0,1,all-follow-on (DERIVED):1,disclosed,CAPITAL_FLOWS derived; tracked universe only; investor_type aggregated; new/existing from FUNDING; no ecosystem census claim.
2025,Bengaluru,fitness/healthtech,Series F,mixed,0.0,1,new:1,disclosed,CAPITAL_FLOWS derived; tracked universe only; investor_type aggregated; new/existing from FUNDING; no ecosystem census claim.
2025,Bengaluru,foodtech cloud kitchen,Angel,mixed,0.0,1,all-new-investors (DERIVED):1,disclosed,CAPITAL_FLOWS derived; tracked universe only; investor_type aggregated; new/existing from FUNDING; no ecosystem census claim.
2025,Bengaluru,foodtech cloud kitchen,Conventional Debt,mixed,565.62,1,mixed (DERIVED):1,disclosed,CAPITAL_FLOWS derived; tracked universe only; investor_type aggregated; new/existing from FUNDING; no ecosystem census claim.
2025,Bengaluru,foodtech cloud kitchen,Pre-IPO,mixed,160.0,1,all-new-investors (DERIVED):1,disclosed,CAPITAL_FLOWS derived; tracked universe only; investor_type aggregated; new/existing from FUNDING; no ecosystem census claim.
2025,Bengaluru,gaming,pre-seed,mixed,85.7,1,initial (DERIVED):1,estimated,CAPITAL_FLOWS derived; tracked universe only; investor_type aggregated; new/existing from FUNDING; no ecosystem census claim.
2025,Bengaluru,gaming livestream / social entertainment / micro-drama,Series B,mixed,1156.95,1,mixed (DERIVED):1,disclosed,CAPITAL_FLOWS derived; tracked universe only; investor_type aggregated; new/existing from FUNDING; no ecosystem census claim.
2025,Bengaluru,gaming/web3 distribution protocol,Series A,mixed,1156.95,1,all-follow-on (DERIVED):1,disclosed,CAPITAL_FLOWS derived; tracked universe only; investor_type aggregated; new/existing from FUNDING; no ecosystem census claim.
2025,Bengaluru,gaming/web3 distribution protocol,Strategic,mixed,1156.95,1,mixed (DERIVED):1,estimated,CAPITAL_FLOWS derived; tracked universe only; investor_type aggregated; new/existing from FUNDING; no ecosystem census claim.
2025,Bengaluru,healthtech / wearables,Reported (unclosed),mixed,10284.0,1,all-new-investors (DERIVED):1,disclosed,CAPITAL_FLOWS derived; tracked universe only; investor_type aggregated; new/existing from FUNDING; no ecosystem census claim.
2025,Bengaluru,healthtech / wearables,venture debt,mixed,100.0,1,new:1,estimated,CAPITAL_FLOWS derived; tracked universe only; investor_type aggregated; new/existing from FUNDING; no ecosystem census claim.
2025,Bengaluru,healthtech diagnostics,series-b,mixed,2485.3,1,mixed (DERIVED):1,disclosed,CAPITAL_FLOWS derived; tracked universe only; investor_type aggregated; new/existing from FUNDING; no ecosystem census claim.
2025,Bengaluru,industrial robotics / autonomous mobile robots,Seed,mixed,0.0,1,initial (DERIVED):1,disclosed,CAPITAL_FLOWS derived; tracked universe only; investor_type aggregated; new/existing from FUNDING; no ecosystem census claim.
2025,Bengaluru,insurtech,Series E,mixed,0.0,1,new:1,disclosed,CAPITAL_FLOWS derived; tracked universe only; investor_type aggregated; new/existing from FUNDING; no ecosystem census claim.
2025,Bengaluru,insurtech,Undisclosed (late stage),mixed,0.0,1,unknown:1,estimated,CAPITAL_FLOWS derived; tracked universe only; investor_type aggregated; new/existing from FUNDING; no ecosystem census claim.
2025,Bengaluru,logistics,Series F,mixed,17140.0,1,all-new-investors (DERIVED):1,disclosed,CAPITAL_FLOWS derived; tracked universe only; investor_type aggregated; new/existing from FUNDING; no ecosystem census claim.
2025,Bengaluru,logistics,Series F (extended),mixed,8570.0,1,mixed (DERIVED):1,disclosed,CAPITAL_FLOWS derived; tracked universe only; investor_type aggregated; new/existing from FUNDING; no ecosystem census claim.
2025,Bengaluru,proptech / flex workspace (managed offices),IPO (OFS),mixed,50.0,1,all-new-investors (DERIVED):1,disclosed,CAPITAL_FLOWS derived; tracked universe only; investor_type aggregated; new/existing from FUNDING; no ecosystem census claim.
2025,Bengaluru,proptech / flex workspace (managed offices),IPO (fresh Rs 650 Cr + Rs 50 Cr OFS = Rs 700 Cr total),mixed,650.0,1,all-new-investors (DERIVED):1,estimated,CAPITAL_FLOWS derived; tracked universe only; investor_type aggregated; new/existing from FUNDING; no ecosystem census claim.
2025,Bengaluru,proptech / flex workspace (managed offices),IPO (fresh issue),mixed,650.0,1,all-new-investors (DERIVED):1,disclosed,CAPITAL_FLOWS derived; tracked universe only; investor_type aggregated; new/existing from FUNDING; no ecosystem census claim.
2025,Bengaluru,proptech / workforce housing,Seed/early,mixed,857.0,1,initial (DERIVED):1,disclosed,CAPITAL_FLOWS derived; tracked universe only; investor_type aggregated; new/existing from FUNDING; no ecosystem census claim.
2025,Bengaluru,spacetech ssa,Series B,mixed,4285.0,1,"new (Reliance lead); existing Peak XV, Kalaari participated per VCCircle:1",estimated,CAPITAL_FLOWS derived; tracked universe only; investor_type aggregated; new/existing from FUNDING; no ecosystem census claim.
2025,Bengaluru,travel villas,Series B,mixed,891.28,1,mixed (DERIVED):1,disclosed,CAPITAL_FLOWS derived; tracked universe only; investor_type aggregated; new/existing from FUNDING; no ecosystem census claim.
2025,Bengaluru (HQ); Singapore domicile (reverse flip planned); ops India/Singapore/Middle East,Home interiors marketplace,Late VC,mixed,4026.61,2,unknown:2,disclosed,CAPITAL_FLOWS derived; tracked universe only; investor_type aggregated; new/existing from FUNDING; no ecosystem census claim.
2025,"Bengaluru (operating/brand HQ); registered office Rajnandgaon, Chhattisgarh",D2C pet food / consumer goods,Corporate minority,mixed,0.0,2,unknown:1; all-new-investors (DERIVED):1,estimated,CAPITAL_FLOWS derived; tracked universe only; investor_type aggregated; new/existing from FUNDING; no ecosystem census claim.
2025,"Bengaluru, Karnataka",B2B ecommerce (food & grocery),Series D,mixed,10284.0,1,new (SC Ventures-led) + Solv acquisition close:1,estimated,CAPITAL_FLOWS derived; tracked universe only; investor_type aggregated; new/existing from FUNDING; no ecosystem census claim.
2025,"Bengaluru, Karnataka",Horizontal ecommerce / social commerce,IPO,mixed,51934.2,1,unknown:1,estimated,CAPITAL_FLOWS derived; tracked universe only; investor_type aggregated; new/existing from FUNDING; no ecosystem census claim.
2025,"Bengaluru, Karnataka",Horizontal ecommerce / social commerce,Series F (late private),mixed,23139.0,1,unknown:1,estimated,CAPITAL_FLOWS derived; tracked universe only; investor_type aggregated; new/existing from FUNDING; no ecosystem census claim.
2025,"Bengaluru, Karnataka",Mobility / road transport tech (bike taxi-led multimodal),Series E (secondary),mixed,2571.0,1,all-new-investors (DERIVED):1,disclosed,CAPITAL_FLOWS derived; tracked universe only; investor_type aggregated; new/existing from FUNDING; no ecosystem census claim.
2025,"Bengaluru, Karnataka",Mobility / road transport tech (bike taxi-led multimodal),Series F (secondary),mixed,23139.0,1,all-new-investors (DERIVED):1,disclosed,CAPITAL_FLOWS derived; tracked universe only; investor_type aggregated; new/existing from FUNDING; no ecosystem census claim.
2025,Chandigarh,ev logistics,Seed,mixed,0.0,1,initial (DERIVED):1,disclosed,CAPITAL_FLOWS derived; tracked universe only; investor_type aggregated; new/existing from FUNDING; no ecosystem census claim.
2025,Chennai,fintech/debt marketplace,equity+debt,mixed,0.0,1,all-follow-on (DERIVED):1,disclosed,CAPITAL_FLOWS derived; tracked universe only; investor_type aggregated; new/existing from FUNDING; no ecosystem census claim.
2025,Chennai,spacetech launch,Series C,mixed,1500.0,1,initial (DERIVED):1,disclosed,CAPITAL_FLOWS derived; tracked universe only; investor_type aggregated; new/existing from FUNDING; no ecosystem census claim.
2025,Chennai / Palo Alto,Conversational AI / Enterprise AI,Series F,mixed,0.0,1,mixed (DERIVED):1,disclosed,CAPITAL_FLOWS derived; tracked universe only; investor_type aggregated; new/existing from FUNDING; no ecosystem census claim.
2025,Delhi (New Delhi),climate energy efficiency,Series B,mixed,857.0,1,all-new-investors (DERIVED):1,disclosed,CAPITAL_FLOWS derived; tracked universe only; investor_type aggregated; new/existing from FUNDING; no ecosystem census claim.
2025,Delhi (batch said Bengaluru — corrected: Delhi HQ per all sources),ev commercial,Debt,mixed,1714.0,1,all-new-investors (DERIVED):1,disclosed,CAPITAL_FLOWS derived; tracked universe only; investor_type aggregated; new/existing from FUNDING; no ecosystem census claim.
2025,Delhi (batch said Bengaluru — corrected: Delhi HQ per all sources),ev commercial,Series D,mixed,7018.0,2,unknown:1; mixed (DERIVED):1,estimated,CAPITAL_FLOWS derived; tracked universe only; investor_type aggregated; new/existing from FUNDING; no ecosystem census claim.
2025,Delhi NCR,auto/ev,Series D,mixed,85700.0,1,initial (DERIVED):1,disclosed,CAPITAL_FLOWS derived; tracked universe only; investor_type aggregated; new/existing from FUNDING; no ecosystem census claim.
2025,Delhi NCR,cleantech (emission control),Series C,mixed,1971.1,1,initial (DERIVED):1,disclosed,CAPITAL_FLOWS derived; tracked universe only; investor_type aggregated; new/existing from FUNDING; no ecosystem census claim.
2025,Delhi NCR,fuel-tech,Pre-Series A,mixed,214.25,1,all-new-investors (DERIVED):1,disclosed,CAPITAL_FLOWS derived; tracked universe only; investor_type aggregated; new/existing from FUNDING; no ecosystem census claim.
2025,Delhi NCR,logistics tech,Private (pre-IPO),mixed,0.0,1,all-new-investors (DERIVED):1,disclosed,CAPITAL_FLOWS derived; tracked universe only; investor_type aggregated; new/existing from FUNDING; no ecosystem census claim.
2025,Delhi NCR (seed) — CORRECTED: Mumbai/Delhi ops,consumer electronics,IPO-UDRHP,mixed,128550.0,1,unknown:1,disclosed,CAPITAL_FLOWS derived; tracked universe only; investor_type aggregated; new/existing from FUNDING; no ecosystem census claim.
2025,Gurugram,B2B supply-chain commerce / fintech,Oxyzo debt (NCD),mixed,9830.0,3,all-new-investors (DERIVED):3,disclosed,CAPITAL_FLOWS derived; tracked universe only; investor_type aggregated; new/existing from FUNDING; no ecosystem census claim.
2025,Gurugram,B2B supply-chain commerce / fintech,Oxyzo equity raise (planned),mixed,12855.0,1,unknown:1,disclosed,CAPITAL_FLOWS derived; tracked universe only; investor_type aggregated; new/existing from FUNDING; no ecosystem census claim.
2025,Gurugram,B2B supply-chain commerce / fintech,Series G extension,mixed,1002.69,1,all-follow-on (DERIVED):1,disclosed,CAPITAL_FLOWS derived; tracked universe only; investor_type aggregated; new/existing from FUNDING; no ecosystem census claim.
2025,Gurugram,B2B supply-chain commerce / fintech,Series G extension (Unattributed VC per CB Insights),mixed,1002.69,1,all-new-investors (DERIVED):1,disclosed,CAPITAL_FLOWS derived; tracked universe only; investor_type aggregated; new/existing from FUNDING; no ecosystem census claim.
2025,Gurugram,Fintech / Banking Infrastructure,Series B,mixed,0.0,1,initial (DERIVED):1,disclosed,CAPITAL_FLOWS derived; tracked universe only; investor_type aggregated; new/existing from FUNDING; no ecosystem census claim.
2025,Gurugram,Home Services / Hyperlocal,IPO,mixed,0.0,1,all-new-investors (DERIVED):1,estimated,CAPITAL_FLOWS derived; tracked universe only; investor_type aggregated; new/existing from FUNDING; no ecosystem census claim.
2025,Gurugram,Renewable Energy / IPP,IPO,mixed,0.0,1,all-new-investors (DERIVED):1,disclosed,CAPITAL_FLOWS derived; tracked universe only; investor_type aggregated; new/existing from FUNDING; no ecosystem census claim.
2025,Gurugram,auto/used cars,Series F,mixed,11141.0,1,all-new-investors (DERIVED):1,disclosed,CAPITAL_FLOWS derived; tracked universe only; investor_type aggregated; new/existing from FUNDING; no ecosystem census claim.
2025,Gurugram,auto/used cars,Series F (extended),mixed,13797.7,1,all-new-investors (DERIVED):1,disclosed,CAPITAL_FLOWS derived; tracked universe only; investor_type aggregated; new/existing from FUNDING; no ecosystem census claim.
2025,Gurugram,auto/used cars,Series G,mixed,7713.0,1,all-follow-on (DERIVED):1,disclosed,CAPITAL_FLOWS derived; tracked universe only; investor_type aggregated; new/existing from FUNDING; no ecosystem census claim.
2025,Gurugram,d2c beauty,Series B,mixed,11655.2,1,mixed (DERIVED):1,disclosed,CAPITAL_FLOWS derived; tracked universe only; investor_type aggregated; new/existing from FUNDING; no ecosystem census claim.
2025,Gurugram,ecommerce/eyewear,IPO,mixed,0.0,1,unknown:1,disclosed,CAPITAL_FLOWS derived; tracked universe only; investor_type aggregated; new/existing from FUNDING; no ecosystem census claim.
2025,Gurugram,edtech / school SaaS / AI learning,Pre-Series B,mixed,599.9,1,mixed (DERIVED):1,disclosed,CAPITAL_FLOWS derived; tracked universe only; investor_type aggregated; new/existing from FUNDING; no ecosystem census claim.
2025,Gurugram,ev battery swapping,series_b_extended,mixed,0.0,1,unknown:1,disclosed,CAPITAL_FLOWS derived; tracked universe only; investor_type aggregated; new/existing from FUNDING; no ecosystem census claim.
2025,Gurugram,foodtech cloud kitchen,Strategic Investment,mixed,0.0,1,initial (DERIVED):1,disclosed,CAPITAL_FLOWS derived; tracked universe only; investor_type aggregated; new/existing from FUNDING; no ecosystem census claim.
2025,Gurugram,healthtech (elective surgery chain),Series E extension,mixed,342.8,1,all-follow-on (DERIVED):1,disclosed,CAPITAL_FLOWS derived; tracked universe only; investor_type aggregated; new/existing from FUNDING; no ecosystem census claim.
2025,Gurugram,healthtech surgical care,Series A,mixed,1028.4,1,mixed (DERIVED):1,estimated,CAPITAL_FLOWS derived; tracked universe only; investor_type aggregated; new/existing from FUNDING; no ecosystem census claim.
2025,Gurugram,healthtech | healthtech integrated care,Seed,mixed,18682.6,1,mixed (DERIVED):1,disclosed,CAPITAL_FLOWS derived; tracked universe only; investor_type aggregated; new/existing from FUNDING; no ecosystem census claim.
2025,Gurugram,hospitality/travel-tech,Equity (Innov8),mixed,110.0,1,all-new-investors (DERIVED):1,disclosed,CAPITAL_FLOWS derived; tracked universe only; investor_type aggregated; new/existing from FUNDING; no ecosystem census claim.
2025,Gurugram,hospitality/travel-tech,Equity (Sunday PropTech),mixed,175.0,2,all-new-investors (DERIVED):1; mixed (DERIVED):1,disclosed,CAPITAL_FLOWS derived; tracked universe only; investor_type aggregated; new/existing from FUNDING; no ecosystem census claim.
2025,Gurugram,hospitality/travel-tech,IPO (pending),mixed,73150.0,2,unknown:2,disclosed,CAPITAL_FLOWS derived; tracked universe only; investor_type aggregated; new/existing from FUNDING; no ecosystem census claim.
2025,Gurugram,insurtech,Merger,mixed,74000.0,1,unknown:1,disclosed,CAPITAL_FLOWS derived; tracked universe only; investor_type aggregated; new/existing from FUNDING; no ecosystem census claim.
2025,Gurugram,insurtech,Series,mixed,5999.0,1,unknown:1,disclosed,CAPITAL_FLOWS derived; tracked universe only; investor_type aggregated; new/existing from FUNDING; no ecosystem census claim.
2025,Gurugram,insurtech,Series C,mixed,5999.0,1,mixed (DERIVED):1,disclosed,CAPITAL_FLOWS derived; tracked universe only; investor_type aggregated; new/existing from FUNDING; no ecosystem census claim.
2025,Gurugram,insurtech,Series C (additional),mixed,507.4,1,mixed (DERIVED):1,disclosed,CAPITAL_FLOWS derived; tracked universe only; investor_type aggregated; new/existing from FUNDING; no ecosystem census claim.
2025,Gurugram,logistics,Acquisition (Ecom Express),mixed,1407.0,1,all-follow-on (DERIVED):1,disclosed,CAPITAL_FLOWS derived; tracked universe only; investor_type aggregated; new/existing from FUNDING; no ecosystem census claim.
2025,Gurugram,logistics / D2C fulfillment,pre-Series A,mixed,22.0,1,initial (DERIVED):1,disclosed,CAPITAL_FLOWS derived; tracked universe only; investor_type aggregated; new/existing from FUNDING; no ecosystem census claim.
2025,Gurugram,logistics saas,Seed,mixed,85.53,1,initial (DERIVED):1,disclosed,CAPITAL_FLOWS derived; tracked universe only; investor_type aggregated; new/existing from FUNDING; no ecosystem census claim.
2025,Gurugram,mental health / healthtech,Pre-Series A,mixed,0.0,1,all-new-investors (DERIVED):1,disclosed,CAPITAL_FLOWS derived; tracked universe only; investor_type aggregated; new/existing from FUNDING; no ecosystem census claim.
2025,Gurugram,proptech,Private,mixed,2999.5,1,unknown:1,disclosed,CAPITAL_FLOWS derived; tracked universe only; investor_type aggregated; new/existing from FUNDING; no ecosystem census claim.
2025,Gurugram,proptech coworking,IPO,mixed,5825.5,1,all-new-investors (DERIVED):1,disclosed,CAPITAL_FLOWS derived; tracked universe only; investor_type aggregated; new/existing from FUNDING; no ecosystem census claim.
2025,Gurugram,travel-tech,Post-IPO Equity,mixed,119980.0,1,all-new-investors (DERIVED):1,disclosed,CAPITAL_FLOWS derived; tracked universe only; investor_type aggregated; new/existing from FUNDING; no ecosystem census claim.
2025,Gurugram,wealthtech,Series C,mixed,0.0,1,unknown:1,disclosed,CAPITAL_FLOWS derived; tracked universe only; investor_type aggregated; new/existing from FUNDING; no ecosystem census claim.
2025,Hyderabad,HR-tech SaaS,growth,mixed,15426.0,2,all-new-investors (DERIVED):2,disclosed,CAPITAL_FLOWS derived; tracked universe only; investor_type aggregated; new/existing from FUNDING; no ecosystem census claim.
2025,Hyderabad,defence/counter-drone ai,Series A,mixed,0.0,1,initial (DERIVED):1,disclosed,CAPITAL_FLOWS derived; tracked universe only; investor_type aggregated; new/existing from FUNDING; no ecosystem census claim.
2025,Hyderabad,logistics last-mile,Series A (or equivalent),mixed,0.0,1,all-follow-on (DERIVED):1,disclosed,CAPITAL_FLOWS derived; tracked universe only; investor_type aggregated; new/existing from FUNDING; no ecosystem census claim.
2025,Hyderabad,logistics last-mile,funding,mixed,0.0,1,initial (DERIVED):1,disclosed,CAPITAL_FLOWS derived; tracked universe only; investor_type aggregated; new/existing from FUNDING; no ecosystem census claim.
2025,Hyderabad,proptech / property title search,Series X,mixed,428.5,1,all-new-investors (DERIVED):1,disclosed,CAPITAL_FLOWS derived; tracked universe only; investor_type aggregated; new/existing from FUNDING; no ecosystem census claim.
2025,Hyderabad,spacetech infra,UNKNOWN (fund investment; round type unverified),mixed,5142.0,1,initial (DERIVED):1,disclosed,CAPITAL_FLOWS derived; tracked universe only; investor_type aggregated; new/existing from FUNDING; no ecosystem census claim.
2025,Jaipur,enterprise data & AI solutions / services,Series B (ESTIMATE — reported as $15M raise; series label per Tracxn snippet),mixed,1285.5,1,initial (DERIVED):1,estimated,CAPITAL_FLOWS derived; tracked universe only; investor_type aggregated; new/existing from FUNDING; no ecosystem census claim.
2025,Kochi,robotics humanoid,pre-seed,mixed,0.0,1,initial (DERIVED):1,disclosed,CAPITAL_FLOWS derived; tracked universe only; investor_type aggregated; new/existing from FUNDING; no ecosystem census claim.
2025,Kochi,robotics marine,contract,mixed,0.0,1,all-new-investors (DERIVED):1,disclosed,CAPITAL_FLOWS derived; tracked universe only; investor_type aggregated; new/existing from FUNDING; no ecosystem census claim.
2025,Kolkata,climate / carbon dioxide removal (enhanced rock weathering),seed,mixed,1028.4,1,initial (DERIVED):1,estimated,CAPITAL_FLOWS derived; tracked universe only; investor_type aggregated; new/existing from FUNDING; no ecosystem census claim.
2025,Kolkata,foodtech/qsr,bridge,mixed,719.88,1,initial (DERIVED):1,estimated,CAPITAL_FLOWS derived; tracked universe only; investor_type aggregated; new/existing from FUNDING; no ecosystem census claim.
2025,Kolkata,healthtech/e-pharmacy,Internal restructuring,mixed,0.0,1,unknown:1,disclosed,CAPITAL_FLOWS derived; tracked universe only; investor_type aggregated; new/existing from FUNDING; no ecosystem census claim.
2025,Mumbai,D2C Beauty / Skincare,Series C,mixed,2571.0,1,mixed (DERIVED):1,disclosed,CAPITAL_FLOWS derived; tracked universe only; investor_type aggregated; new/existing from FUNDING; no ecosystem census claim.
2025,Mumbai,D2C luxury fashion / fashion-tech,Series E,mixed,3428.0,1,all-new-investors (DERIVED):1,estimated,CAPITAL_FLOWS derived; tracked universe only; investor_type aggregated; new/existing from FUNDING; no ecosystem census claim.
2025,Mumbai,ai / voice ai,Pre-Series A,mixed,7.0,2,all-follow-on (DERIVED):1; initial (DERIVED):1,disclosed,CAPITAL_FLOWS derived; tracked universe only; investor_type aggregated; new/existing from FUNDING; no ecosystem census claim.
2025,Mumbai,aviation,growth-equity,mixed,22282.0,2,all-new-investors (DERIVED):1; mixed (DERIVED):1,disclosed,CAPITAL_FLOWS derived; tracked universe only; investor_type aggregated; new/existing from FUNDING; no ecosystem census claim.
2025,Mumbai,edtech exec education,Debt refinancing,mixed,12855.0,1,all-new-investors (DERIVED):1,disclosed,CAPITAL_FLOWS derived; tracked universe only; investor_type aggregated; new/existing from FUNDING; no ecosystem census claim.
2025,Mumbai,edtech robotics / consumer AI robots,Corporate Minority (Series D extension),mixed,899.85,1,all-new-investors (DERIVED):1,disclosed,CAPITAL_FLOWS derived; tracked universe only; investor_type aggregated; new/existing from FUNDING; no ecosystem census claim.
2025,Mumbai,edtech robotics / consumer AI robots,Series D,mixed,0.0,1,new:1,disclosed,CAPITAL_FLOWS derived; tracked universe only; investor_type aggregated; new/existing from FUNDING; no ecosystem census claim.
2025,Mumbai,edtech robotics / consumer AI robots,Series D (pending),mixed,13283.5,1,all-new-investors (DERIVED):1,disclosed,CAPITAL_FLOWS derived; tracked universe only; investor_type aggregated; new/existing from FUNDING; no ecosystem census claim.
2025,Mumbai,enterprise AI/analytics,Secondary,mixed,14569.0,1,all-new-investors (DERIVED):1,disclosed,CAPITAL_FLOWS derived; tracked universe only; investor_type aggregated; new/existing from FUNDING; no ecosystem census claim.
2025,Mumbai,environment/logistics tech,Equity Investment,mixed,23567.5,1,initial (DERIVED):1,disclosed,CAPITAL_FLOWS derived; tracked universe only; investor_type aggregated; new/existing from FUNDING; no ecosystem census claim.
2025,Mumbai,ev two-wheeler,Series B,mixed,1610.0,1,all-new-investors (DERIVED):1,estimated,CAPITAL_FLOWS derived; tracked universe only; investor_type aggregated; new/existing from FUNDING; no ecosystem census claim.
2025,Mumbai,fintech,Seed,mixed,299.95,1,initial (DERIVED):1,disclosed,CAPITAL_FLOWS derived; tracked universe only; investor_type aggregated; new/existing from FUNDING; no ecosystem census claim.
2025,Mumbai,fintech (housing finance),Growth equity,mixed,14569.0,1,initial (DERIVED):1,disclosed,CAPITAL_FLOWS derived; tracked universe only; investor_type aggregated; new/existing from FUNDING; no ecosystem census claim.
2025,Mumbai,fintech lending,Seed,mixed,0.0,2,initial (DERIVED):1; unknown:1,disclosed,CAPITAL_FLOWS derived; tracked universe only; investor_type aggregated; new/existing from FUNDING; no ecosystem census claim.
2025,Mumbai,fintech/bnpl,Series B,mixed,10712.5,1,new:1,disclosed,CAPITAL_FLOWS derived; tracked universe only; investor_type aggregated; new/existing from FUNDING; no ecosystem census claim.
2025,Mumbai,fintech/broking,Series B,mixed,10284.0,1,mixed (DERIVED):1,disclosed,CAPITAL_FLOWS derived; tracked universe only; investor_type aggregated; new/existing from FUNDING; no ecosystem census claim.
2025,Mumbai,fintech/trade finance,Conventional Debt,mixed,0.0,1,unknown:1,disclosed,CAPITAL_FLOWS derived; tracked universe only; investor_type aggregated; new/existing from FUNDING; no ecosystem census claim.
2025,Mumbai,foodtech cloud kitchen,Series D-II,mixed,15854.5,1,all-follow-on (DERIVED):1,disclosed,CAPITAL_FLOWS derived; tracked universe only; investor_type aggregated; new/existing from FUNDING; no ecosystem census claim.
2025,Mumbai,foodtech cloud kitchen,Series D-II (Later Stage VC),mixed,15854.5,1,mixed (DERIVED):1,disclosed,CAPITAL_FLOWS derived; tracked universe only; investor_type aggregated; new/existing from FUNDING; no ecosystem census claim.
2025,Mumbai,foodtech/cloud kitchen,Top-up (unattributed),mixed,2142.5,1,all-follow-on (DERIVED):1,disclosed,CAPITAL_FLOWS derived; tracked universe only; investor_type aggregated; new/existing from FUNDING; no ecosystem census claim.
2025,Mumbai,foodtech/cloud kitchen,Unattributed top-up,mixed,2142.5,1,all-follow-on (DERIVED):1,disclosed,CAPITAL_FLOWS derived; tracked universe only; investor_type aggregated; new/existing from FUNDING; no ecosystem census claim.
2025,Mumbai,gaming / PC-console game development,Seed,mixed,85.7,1,initial (DERIVED):1,disclosed,CAPITAL_FLOWS derived; tracked universe only; investor_type aggregated; new/existing from FUNDING; no ecosystem census claim.
2025,Mumbai,healthtech / femtech D2C wellness,pre-Series C,mixed,35.0,1,all-new-investors (DERIVED):1,disclosed,CAPITAL_FLOWS derived; tracked universe only; investor_type aggregated; new/existing from FUNDING; no ecosystem census claim.
2025,Mumbai,healthtech ai scribe,Series A,mixed,617.04,1,initial (DERIVED):1,disclosed,CAPITAL_FLOWS derived; tracked universe only; investor_type aggregated; new/existing from FUNDING; no ecosystem census claim.
2025,Mumbai,healthtech pharmacy,Series C (total),mixed,7284.5,1,mixed (DERIVED):1,disclosed,CAPITAL_FLOWS derived; tracked universe only; investor_type aggregated; new/existing from FUNDING; no ecosystem census claim.
2025,Mumbai,healthtech pharmacy,Series C (tranche 1),mixed,3770.8,1,unknown:1,disclosed,CAPITAL_FLOWS derived; tracked universe only; investor_type aggregated; new/existing from FUNDING; no ecosystem census claim.
2025,Mumbai,healthtech pharmacy,Series C (tranche 2),mixed,1714.0,1,unknown:1,disclosed,CAPITAL_FLOWS derived; tracked universe only; investor_type aggregated; new/existing from FUNDING; no ecosystem census claim.
2025,Mumbai,healthtech/pharmacy,"Debt (NCD, Thyrocare-pledge)",mixed,1700.0,1,unknown:1,disclosed,CAPITAL_FLOWS derived; tracked universe only; investor_type aggregated; new/existing from FUNDING; no ecosystem census claim.
2025,Mumbai,quick commerce,pre-IPO,mixed,38565.0,1,mixed (DERIVED):1,disclosed,CAPITAL_FLOWS derived; tracked universe only; investor_type aggregated; new/existing from FUNDING; no ecosystem census claim.
2025,Mumbai,wealthtech,Series C,mixed,350.0,1,mixed (DERIVED):1,disclosed,CAPITAL_FLOWS derived; tracked universe only; investor_type aggregated; new/existing from FUNDING; no ecosystem census claim.
2025,Mumbai,wealthtech / financial services,Series B follow-on,mixed,2210.0,1,all-new-investors (DERIVED):1,disclosed,CAPITAL_FLOWS derived; tracked universe only; investor_type aggregated; new/existing from FUNDING; no ecosystem census claim.
2025,Mumbai,wealthtech / financial services,debt,mixed,2571.0,1,all-new-investors (DERIVED):1,estimated,CAPITAL_FLOWS derived; tracked universe only; investor_type aggregated; new/existing from FUNDING; no ecosystem census claim.
2025,Mumbai,wealthtech / financial services,follow-on,mixed,1628.3,1,all-new-investors (DERIVED):1,disclosed,CAPITAL_FLOWS derived; tracked universe only; investor_type aggregated; new/existing from FUNDING; no ecosystem census claim.
2025,"Mumbai (India ops; HQ San Francisco, USA)",AI / conversational SaaS,Series F extension,mixed,0.0,1,new:1,disclosed,CAPITAL_FLOWS derived; tracked universe only; investor_type aggregated; new/existing from FUNDING; no ecosystem census claim.
2025,"Mumbai (India ops; HQ San Francisco, USA)",AI / conversational SaaS,"Series F extension (equity+debt, unpriced)",mixed,5142.0,1,all-new-investors (DERIVED):1,disclosed,CAPITAL_FLOWS derived; tracked universe only; investor_type aggregated; new/existing from FUNDING; no ecosystem census claim.
2025,Navi Mumbai,logistics cold chain,Series B (equity + debt + secondary),mixed,21425.0,1,co-led by Eurazeo and Omnivore:1,disclosed,CAPITAL_FLOWS derived; tracked universe only; investor_type aggregated; new/existing from FUNDING; no ecosystem census claim.
2025,New Delhi,fintech payments/lending,Debt,mixed,1285.5,1,all-new-investors (DERIVED):1,disclosed,CAPITAL_FLOWS derived; tracked universe only; investor_type aggregated; new/existing from FUNDING; no ecosystem census claim.
2025,Noida,B2B e-commerce / industrial supply chain,Series F (extension/secondary per VI label),mixed,1054.11,1,initial (DERIVED):1,estimated,CAPITAL_FLOWS derived; tracked universe only; investor_type aggregated; new/existing from FUNDING; no ecosystem census claim.
2025,Noida,agritech / post-harvest,Conventional Debt,mixed,2821.0,2,all-new-investors (DERIVED):1; all-follow-on (DERIVED):1,disclosed,CAPITAL_FLOWS derived; tracked universe only; investor_type aggregated; new/existing from FUNDING; no ecosystem census claim.
2025,Noida,defence drones,ccps,mixed,4850.0,1,unknown:1,disclosed,CAPITAL_FLOWS derived; tracked universe only; investor_type aggregated; new/existing from FUNDING; no ecosystem census claim.
2025,Noida,defence drones,series_b,mixed,0.0,1,all-new-investors (DERIVED):1,disclosed,CAPITAL_FLOWS derived; tracked universe only; investor_type aggregated; new/existing from FUNDING; no ecosystem census claim.
2025,Noida,fintech,IPO,mixed,557050.0,2,all-follow-on (DERIVED):1; all-new-investors (DERIVED):1,disclosed,CAPITAL_FLOWS derived; tracked universe only; investor_type aggregated; new/existing from FUNDING; no ecosystem census claim.
2025,Noida,fintech,Secondary,mixed,16958.32,1,all-new-investors (DERIVED):1,estimated,CAPITAL_FLOWS derived; tracked universe only; investor_type aggregated; new/existing from FUNDING; no ecosystem census claim.
2025,Noida,healthtech saas/ai,Series F,mixed,23567.5,1,all-new-investors (DERIVED):1,disclosed,CAPITAL_FLOWS derived; tracked universe only; investor_type aggregated; new/existing from FUNDING; no ecosystem census claim.
2025,Pleasanton,AI / healthtech (pharmacovigilance),Seed,mixed,257.1,1,initial (DERIVED):1,disclosed,CAPITAL_FLOWS derived; tracked universe only; investor_type aggregated; new/existing from FUNDING; no ecosystem census claim.
2025,Pune,agritech / crop inputs,Equity funding,mixed,5514.8,2,all-new-investors (DERIVED):1; mixed (DERIVED):1,disclosed,CAPITAL_FLOWS derived; tracked universe only; investor_type aggregated; new/existing from FUNDING; no ecosystem census claim.
2025,Pune,agritech / crop inputs,Series E / equity,mixed,2571.0,1,all-new-investors (DERIVED):1,disclosed,CAPITAL_FLOWS derived; tracked universe only; investor_type aggregated; new/existing from FUNDING; no ecosystem census claim.
2025,Pune,spacetech / defence-photonics,seed,mixed,257.1,1,initial (DERIVED):1,disclosed,CAPITAL_FLOWS derived; tracked universe only; investor_type aggregated; new/existing from FUNDING; no ecosystem census claim.
2025,Pune (India ops) / Bellevue (HQ),SaaS / contract lifecycle management,Series F/G (label conflicts),mixed,4285.0,1,all-new-investors (DERIVED):1,disclosed,CAPITAL_FLOWS derived; tracked universe only; investor_type aggregated; new/existing from FUNDING; no ecosystem census claim.
2025,San Francisco,ai/voice,Seed,mixed,0.0,1,initial (DERIVED):1,disclosed,CAPITAL_FLOWS derived; tracked universe only; investor_type aggregated; new/existing from FUNDING; no ecosystem census claim.
2025,San Francisco / Pleasanton,AI / meeting transcription,Tender / Secondary,mixed,0.0,1,all-new-investors (DERIVED):1,disclosed,CAPITAL_FLOWS derived; tracked universe only; investor_type aggregated; new/existing from FUNDING; no ecosystem census claim.
2025,San Francisco / Pleasanton,AI / meeting transcription,Tender Offer,mixed,0.0,1,existing:1,disclosed,CAPITAL_FLOWS derived; tracked universe only; investor_type aggregated; new/existing from FUNDING; no ecosystem census claim.
2025,Surat,agritech (crop protection / protected cultivation),Series A,mixed,257.1,1,initial (DERIVED):1,disclosed,CAPITAL_FLOWS derived; tracked universe only; investor_type aggregated; new/existing from FUNDING; no ecosystem census claim.
2025,Surat,climate / solar manufacturing,pre-IPO,mixed,14220.0,1,initial (DERIVED):1,disclosed,CAPITAL_FLOWS derived; tracked universe only; investor_type aggregated; new/existing from FUNDING; no ecosystem census claim.
2025,Thane,B2B construction materials,Series F,mixed,10369.7,1,mixed (DERIVED):1,disclosed,CAPITAL_FLOWS derived; tracked universe only; investor_type aggregated; new/existing from FUNDING; no ecosystem census claim.
2025,Thane,B2B construction materials,Series G,mixed,62689.55,1,mixed (DERIVED):1,disclosed,CAPITAL_FLOWS derived; tracked universe only; investor_type aggregated; new/existing from FUNDING; no ecosystem census claim.
2025,Thane,B2B construction materials,debt,mixed,14105.0,2,all-follow-on (DERIVED):1; all-new-investors (DERIVED):1,disclosed,CAPITAL_FLOWS derived; tracked universe only; investor_type aggregated; new/existing from FUNDING; no ecosystem census claim.
2026,Ahmedabad,EV motorcycles,growth equity,mixed,2175.0,1,initial (DERIVED):1,disclosed,CAPITAL_FLOWS derived; tracked universe only; investor_type aggregated; new/existing from FUNDING; no ecosystem census claim.
2026,Ahmedabad,insurtech reinsurance,Series A,mixed,0.0,1,mixed (DERIVED):1,disclosed,CAPITAL_FLOWS derived; tracked universe only; investor_type aggregated; new/existing from FUNDING; no ecosystem census claim.
2026,Bengaluru,AI,seed,mixed,130.5,3,initial (DERIVED):2; all-follow-on (DERIVED):1,disclosed,CAPITAL_FLOWS derived; tracked universe only; investor_type aggregated; new/existing from FUNDING; no ecosystem census claim.
2026,Bengaluru,AI dev-tools / vibe-coding,Series B,mixed,6090.0,1,all-new-investors (DERIVED):1,disclosed,CAPITAL_FLOWS derived; tracked universe only; investor_type aggregated; new/existing from FUNDING; no ecosystem census claim.
2026,Bengaluru,AI dev-tools / vibe-coding,Series C,mixed,11310.0,1,mixed (DERIVED):1,disclosed,CAPITAL_FLOWS derived; tracked universe only; investor_type aggregated; new/existing from FUNDING; no ecosystem census claim.
2026,Bengaluru,AI enterprise software services,seed,mixed,2784.0,1,initial (DERIVED):1,disclosed,CAPITAL_FLOWS derived; tracked universe only; investor_type aggregated; new/existing from FUNDING; no ecosystem census claim.
2026,Bengaluru,AI infra / semiconductor,series_unknown,mixed,0.0,1,unknown:1,disclosed,CAPITAL_FLOWS derived; tracked universe only; investor_type aggregated; new/existing from FUNDING; no ecosystem census claim.
2026,Bengaluru,Aerospace / drone logistics,Series A,mixed,3219.0,1,mixed (DERIVED):1,disclosed,CAPITAL_FLOWS derived; tracked universe only; investor_type aggregated; new/existing from FUNDING; no ecosystem census claim.
2026,Bengaluru,D2C jewellery,Debt,mixed,2700.0,1,all-new-investors (DERIVED):1,disclosed,CAPITAL_FLOWS derived; tracked universe only; investor_type aggregated; new/existing from FUNDING; no ecosystem census claim.
2026,Bengaluru,D2C jewellery,PE Growth (rumor),mixed,6960.0,1,all-new-investors (DERIVED):1,disclosed,CAPITAL_FLOWS derived; tracked universe only; investor_type aggregated; new/existing from FUNDING; no ecosystem census claim.
2026,Bengaluru,D2C jewellery,Series C extension,mixed,1100.0,1,mixed (DERIVED):1,disclosed,CAPITAL_FLOWS derived; tracked universe only; investor_type aggregated; new/existing from FUNDING; no ecosystem census claim.
2026,Bengaluru,EdTech / Healthcare Education SaaS,PE Growth / Minority Investment,mixed,0.0,1,all-new-investors (DERIVED):1,disclosed,CAPITAL_FLOWS derived; tracked universe only; investor_type aggregated; new/existing from FUNDING; no ecosystem census claim.
2026,Bengaluru,EdTech / Healthcare Education SaaS,Series C,mixed,3915.0,1,initial (DERIVED):1,disclosed,CAPITAL_FLOWS derived; tracked universe only; investor_type aggregated; new/existing from FUNDING; no ecosystem census claim.
2026,Bengaluru,EdTech / Workforce Skilling,Series A,mixed,0.0,1,mixed (DERIVED):1,disclosed,CAPITAL_FLOWS derived; tracked universe only; investor_type aggregated; new/existing from FUNDING; no ecosystem census claim.
2026,Bengaluru,F&B / coffee chain (QSR),Private growth round (primary + small secondary),mixed,408.0,1,mixed (DERIVED):1,disclosed,CAPITAL_FLOWS derived; tracked universe only; investor_type aggregated; new/existing from FUNDING; no ecosystem census claim.
2026,Bengaluru,F&B / coffee chain (QSR),Series D,mixed,408.0,1,all-follow-on (DERIVED):1,disclosed,CAPITAL_FLOWS derived; tracked universe only; investor_type aggregated; new/existing from FUNDING; no ecosystem census claim.
2026,Bengaluru,FoodTech / QSR,Strategic Investment (Significant Minority),mixed,5320.0,1,initial (DERIVED):1,disclosed,CAPITAL_FLOWS derived; tracked universe only; investor_type aggregated; new/existing from FUNDING; no ecosystem census claim.
2026,Bengaluru,Foodtech / 10-min food delivery,Private round (reported),mixed,1740.0,1,unknown:1,estimated,CAPITAL_FLOWS derived; tracked universe only; investor_type aggregated; new/existing from FUNDING; no ecosystem census claim.
2026,Bengaluru,Foodtech / 10-min food delivery,Private round (series unspecified),mixed,2088.0,1,all-new-investors (DERIVED):1,disclosed,CAPITAL_FLOWS derived; tracked universe only; investor_type aggregated; new/existing from FUNDING; no ecosystem census claim.
2026,Bengaluru,Foodtech / 10-min food delivery,Series B,mixed,3306.0,1,mixed (DERIVED):1,disclosed,CAPITAL_FLOWS derived; tracked universe only; investor_type aggregated; new/existing from FUNDING; no ecosystem census claim.
2026,Bengaluru,Logistics,IPO,mixed,19070.0,1,all-new-investors (DERIVED):1,disclosed,CAPITAL_FLOWS derived; tracked universe only; investor_type aggregated; new/existing from FUNDING; no ecosystem census claim.
2026,Bengaluru,Logistics SaaS / AI supply chain optimization,Series A,mixed,0.0,1,mixed (DERIVED):1,disclosed,CAPITAL_FLOWS derived; tracked universe only; investor_type aggregated; new/existing from FUNDING; no ecosystem census claim.
2026,Bengaluru,Logistics SaaS / AI supply chain optimization,Series A Extension,mixed,0.0,1,all-new-investors (DERIVED):1,disclosed,CAPITAL_FLOWS derived; tracked universe only; investor_type aggregated; new/existing from FUNDING; no ecosystem census claim.
2026,Bengaluru,Mobility / EV,Series C,mixed,8091.0,1,all-new-investors (DERIVED):1,disclosed,CAPITAL_FLOWS derived; tracked universe only; investor_type aggregated; new/existing from FUNDING; no ecosystem census claim.
2026,Bengaluru,Robotics / DeepTech,Seed,mixed,0.0,1,unknown:1,disclosed,CAPITAL_FLOWS derived; tracked universe only; investor_type aggregated; new/existing from FUNDING; no ecosystem census claim.
2026,Bengaluru,Semiconductors / Fabless chip design,Pre-Series A,mixed,0.0,1,mixed (DERIVED):1,disclosed,CAPITAL_FLOWS derived; tracked universe only; investor_type aggregated; new/existing from FUNDING; no ecosystem census claim.
2026,Bengaluru,Spacetech / Laser Communications,Seed,mixed,0.0,1,initial (DERIVED):1,disclosed,CAPITAL_FLOWS derived; tracked universe only; investor_type aggregated; new/existing from FUNDING; no ecosystem census claim.
2026,Bengaluru,Spacetech Propulsion,Pre-Series B,mixed,1740.0,1,initial (DERIVED):1,disclosed,CAPITAL_FLOWS derived; tracked universe only; investor_type aggregated; new/existing from FUNDING; no ecosystem census claim.
2026,Bengaluru,WealthTech / Investment Tech,Series B (Extended),mixed,1009.2,1,mixed (DERIVED):1,disclosed,CAPITAL_FLOWS derived; tracked universe only; investor_type aggregated; new/existing from FUNDING; no ecosystem census claim.
2026,Bengaluru,agritech supply chain,Series E (tranche 1),mixed,522.0,1,unknown:1,estimated,CAPITAL_FLOWS derived; tracked universe only; investor_type aggregated; new/existing from FUNDING; no ecosystem census claim.
2026,Bengaluru,ai (BFSI enterprise),pre-seed,mixed,66.0,2,all-follow-on (DERIVED):1; initial (DERIVED):1,estimated,CAPITAL_FLOWS derived; tracked universe only; investor_type aggregated; new/existing from FUNDING; no ecosystem census claim.
2026,Bengaluru,ai / contact centre,first round (pre-seed),mixed,17.0,1,initial (DERIVED):1,estimated,CAPITAL_FLOWS derived; tracked universe only; investor_type aggregated; new/existing from FUNDING; no ecosystem census claim.
2026,Bengaluru,ai agents,Series A,mixed,1827.0,1,all-follow-on (DERIVED):1,disclosed,CAPITAL_FLOWS derived; tracked universe only; investor_type aggregated; new/existing from FUNDING; no ecosystem census claim.
2026,Bengaluru,ai ecommerce growth,Series B,mixed,1479.0,1,unknown:1,estimated,CAPITAL_FLOWS derived; tracked universe only; investor_type aggregated; new/existing from FUNDING; no ecosystem census claim.
2026,Bengaluru,b2b commerce,Acquisition,mixed,0.0,1,initial (DERIVED):1,disclosed,CAPITAL_FLOWS derived; tracked universe only; investor_type aggregated; new/existing from FUNDING; no ecosystem census claim.
2026,Bengaluru,b2b commerce,Series H / structured,mixed,13920.0,1,mixed (DERIVED):1,disclosed,CAPITAL_FLOWS derived; tracked universe only; investor_type aggregated; new/existing from FUNDING; no ecosystem census claim.
2026,Bengaluru,b2b manufacturing,Pre-IPO,mixed,43500.0,1,all-new-investors (DERIVED):1,disclosed,CAPITAL_FLOWS derived; tracked universe only; investor_type aggregated; new/existing from FUNDING; no ecosystem census claim.
2026,Bengaluru,b2b manufacturing,Total raised,mixed,80997.0,1,unknown:1,disclosed,CAPITAL_FLOWS derived; tracked universe only; investor_type aggregated; new/existing from FUNDING; no ecosystem census claim.
2026,Bengaluru,cybersecurity,Series B,mixed,1305.0,1,all-follow-on (DERIVED):1,disclosed,CAPITAL_FLOWS derived; tracked universe only; investor_type aggregated; new/existing from FUNDING; no ecosystem census claim.
2026,Bengaluru,cybersecurity / quantum,Convertible debt,mixed,150.0,1,all-new-investors (DERIVED):1,disclosed,CAPITAL_FLOWS derived; tracked universe only; investor_type aggregated; new/existing from FUNDING; no ecosystem census claim.
2026,Bengaluru,cybersecurity / quantum,Series A (cumulative),mixed,375.0,1,unknown:1,disclosed,CAPITAL_FLOWS derived; tracked universe only; investor_type aggregated; new/existing from FUNDING; no ecosystem census claim.
2026,Bengaluru,cybersecurity / quantum,Series A1,mixed,200.0,1,all-new-investors (DERIVED):1,disclosed,CAPITAL_FLOWS derived; tracked universe only; investor_type aggregated; new/existing from FUNDING; no ecosystem census claim.
2026,Bengaluru,d2c / baby tech,Series A,mixed,1044.0,1,unknown:1,disclosed,CAPITAL_FLOWS derived; tracked universe only; investor_type aggregated; new/existing from FUNDING; no ecosystem census claim.
2026,Bengaluru,d2c travel,Series A,mixed,2175.0,1,mixed (DERIVED):1,estimated,CAPITAL_FLOWS derived; tracked universe only; investor_type aggregated; new/existing from FUNDING; no ecosystem census claim.
2026,Bengaluru,d2c travel goods,Series C,mixed,1870.0,2,unknown:1; all-new-investors (DERIVED):1,estimated,CAPITAL_FLOWS derived; tracked universe only; investor_type aggregated; new/existing from FUNDING; no ecosystem census claim.
2026,Bengaluru,d2c travel goods,Series C (primary tranche),mixed,90.66,1,mixed (DERIVED):1,disclosed,CAPITAL_FLOWS derived; tracked universe only; investor_type aggregated; new/existing from FUNDING; no ecosystem census claim.
2026,Bengaluru,defence tech,seed (planned),mixed,0.0,1,unknown:1,disclosed,CAPITAL_FLOWS derived; tracked universe only; investor_type aggregated; new/existing from FUNDING; no ecosystem census claim.
2026,Bengaluru,ecommerce,ESOP buyback,mixed,2175.0,1,all-follow-on (DERIVED):1,disclosed,CAPITAL_FLOWS derived; tracked universe only; investor_type aggregated; new/existing from FUNDING; no ecosystem census claim.
2026,Bengaluru,edtech,Acquisition,mixed,17922.0,1,all-new-investors (DERIVED):1,disclosed,CAPITAL_FLOWS derived; tracked universe only; investor_type aggregated; new/existing from FUNDING; no ecosystem census claim.
2026,Bengaluru,edtech,internal_funding,mixed,31320.0,1,mixed (DERIVED):1,disclosed,CAPITAL_FLOWS derived; tracked universe only; investor_type aggregated; new/existing from FUNDING; no ecosystem census claim.
2026,Bengaluru,edtech / HR-tech (AI + blockchain credentials),Angel,mixed,0.0,1,all-new-investors (DERIVED):1,estimated,CAPITAL_FLOWS derived; tracked universe only; investor_type aggregated; new/existing from FUNDING; no ecosystem census claim.
2026,Bengaluru,edtech / HR-tech (AI + blockchain credentials),Series B,mixed,4350.0,1,all-new-investors (DERIVED):1,disclosed,CAPITAL_FLOWS derived; tracked universe only; investor_type aggregated; new/existing from FUNDING; no ecosystem census claim.
2026,Bengaluru,enterprise AI CRM,pre-Series A / Seed,mixed,0.0,1,initial (DERIVED):1,disclosed,CAPITAL_FLOWS derived; tracked universe only; investor_type aggregated; new/existing from FUNDING; no ecosystem census claim.
2026,Bengaluru,ev battery fast-charge,pre-Series B,mixed,539.4,1,mixed (DERIVED):1,estimated,CAPITAL_FLOWS derived; tracked universe only; investor_type aggregated; new/existing from FUNDING; no ecosystem census claim.
2026,Bengaluru,ev/2-wheeler,Preferential,mixed,0.0,1,initial (DERIVED):1,disclosed,CAPITAL_FLOWS derived; tracked universe only; investor_type aggregated; new/existing from FUNDING; no ecosystem census claim.
2026,Bengaluru,fintech,IPO (planned),mixed,3000.0,1,unknown:1,disclosed,CAPITAL_FLOWS derived; tracked universe only; investor_type aggregated; new/existing from FUNDING; no ecosystem census claim.
2026,Bengaluru,fintech,Series C (first institutional equity),mixed,8700.0,1,first institutional / new investor Prosus:1,estimated,CAPITAL_FLOWS derived; tracked universe only; investor_type aggregated; new/existing from FUNDING; no ecosystem census claim.
2026,Bengaluru,fintech / digital banking,Later-stage,mixed,8700.0,1,all-new-investors (DERIVED):1,disclosed,CAPITAL_FLOWS derived; tracked universe only; investor_type aggregated; new/existing from FUNDING; no ecosystem census claim.
2026,Bengaluru,fintech / digital banking,Later-stage (negotiations),mixed,8700.0,1,all-new-investors (DERIVED):1,disclosed,CAPITAL_FLOWS derived; tracked universe only; investor_type aggregated; new/existing from FUNDING; no ecosystem census claim.
2026,Bengaluru,fintech / travel-fintech,acquisition,mixed,0.0,1,unknown:1,estimated,CAPITAL_FLOWS derived; tracked universe only; investor_type aggregated; new/existing from FUNDING; no ecosystem census claim.
2026,Bengaluru,fintech lending,Series E,mixed,24360.0,1,mixed (DERIVED):1,disclosed,CAPITAL_FLOWS derived; tracked universe only; investor_type aggregated; new/existing from FUNDING; no ecosystem census claim.
2026,Bengaluru,fintech payments,secondary,mixed,37410.0,1,all-follow-on (DERIVED):1,disclosed,CAPITAL_FLOWS derived; tracked universe only; investor_type aggregated; new/existing from FUNDING; no ecosystem census claim.
2026,Bengaluru,fintech payments infrastructure,Series D follow-on,mixed,4350.0,1,all-new-investors (DERIVED):1,disclosed,CAPITAL_FLOWS derived; tracked universe only; investor_type aggregated; new/existing from FUNDING; no ecosystem census claim.
2026,Bengaluru,fintech wealthtech,Series B,mixed,21750.0,1,unknown:1,disclosed,CAPITAL_FLOWS derived; tracked universe only; investor_type aggregated; new/existing from FUNDING; no ecosystem census claim.
2026,Bengaluru,fitness/healthtech,Series G,mixed,4141.2,1,new:1,disclosed,CAPITAL_FLOWS derived; tracked universe only; investor_type aggregated; new/existing from FUNDING; no ecosystem census claim.
2026,Bengaluru,furniture rental / consumer services,IPO,mixed,1255.57,1,all-new-investors (DERIVED):1,disclosed,CAPITAL_FLOWS derived; tracked universe only; investor_type aggregated; new/existing from FUNDING; no ecosystem census claim.
2026,Bengaluru,gaming,pre-seed,mixed,105.0,1,initial (DERIVED):1,estimated,CAPITAL_FLOWS derived; tracked universe only; investor_type aggregated; new/existing from FUNDING; no ecosystem census claim.
2026,Bengaluru,gaming livestream / social entertainment / micro-drama,Series B (upcoming),mixed,4350.0,1,unknown:1,disclosed,CAPITAL_FLOWS derived; tracked universe only; investor_type aggregated; new/existing from FUNDING; no ecosystem census claim.
2026,Bengaluru,healthtech / wearables,Series C,mixed,4176.0,1,new:1,estimated,CAPITAL_FLOWS derived; tracked universe only; investor_type aggregated; new/existing from FUNDING; no ecosystem census claim.
2026,Bengaluru,healthtech / wearables,Series C extension,mixed,6090.0,1,extension:1,estimated,CAPITAL_FLOWS derived; tracked universe only; investor_type aggregated; new/existing from FUNDING; no ecosystem census claim.
2026,Bengaluru,homeservices,seed,mixed,1.05,1,initial (DERIVED):1,estimated,CAPITAL_FLOWS derived; tracked universe only; investor_type aggregated; new/existing from FUNDING; no ecosystem census claim.
2026,Bengaluru,industrial robotics / autonomous mobile robots,Series A,mixed,0.0,1,all-new-investors (DERIVED):1,disclosed,CAPITAL_FLOWS derived; tracked universe only; investor_type aggregated; new/existing from FUNDING; no ecosystem census claim.
2026,Bengaluru,legaltech ai,Seed/Series A,mixed,0.0,1,initial (DERIVED):1,disclosed,CAPITAL_FLOWS derived; tracked universe only; investor_type aggregated; new/existing from FUNDING; no ecosystem census claim.
2026,Bengaluru,logistics,Series F (tranche),mixed,4045.5,1,all-new-investors (DERIVED):1,disclosed,CAPITAL_FLOWS derived; tracked universe only; investor_type aggregated; new/existing from FUNDING; no ecosystem census claim.
2026,Bengaluru,media-tech SaaS,IPO,mixed,16969.35,1,unknown:1,disclosed,CAPITAL_FLOWS derived; tracked universe only; investor_type aggregated; new/existing from FUNDING; no ecosystem census claim.
2026,Bengaluru,mobility / fleet management,Series B,mixed,870.0,1,initial (DERIVED):1,disclosed,CAPITAL_FLOWS derived; tracked universe only; investor_type aggregated; new/existing from FUNDING; no ecosystem census claim.
2026,Bengaluru,proptech / workforce housing,Growth commitment,mixed,3480.0,1,all-follow-on (DERIVED):1,disclosed,CAPITAL_FLOWS derived; tracked universe only; investor_type aggregated; new/existing from FUNDING; no ecosystem census claim.
2026,Bengaluru,proptech / workforce housing,Growth commitment (debt + quasi-equity + equity over 30 months),mixed,3480.0,1,all-follow-on (DERIVED):1,disclosed,CAPITAL_FLOWS derived; tracked universe only; investor_type aggregated; new/existing from FUNDING; no ecosystem census claim.
2026,Bengaluru,semiconductor ai gpu,Seed,mixed,696.0,1,mixed (DERIVED):1,estimated,CAPITAL_FLOWS derived; tracked universe only; investor_type aggregated; new/existing from FUNDING; no ecosystem census claim.
2026,Bengaluru,semiconductor ai gpu,Series A (ongoing/negotiating),mixed,4350.0,1,initial (DERIVED):1,disclosed,CAPITAL_FLOWS derived; tracked universe only; investor_type aggregated; new/existing from FUNDING; no ecosystem census claim.
2026,Bengaluru,semiconductor power,Series A,mixed,1305.0,1,initial (DERIVED):1,disclosed,CAPITAL_FLOWS derived; tracked universe only; investor_type aggregated; new/existing from FUNDING; no ecosystem census claim.
2026,Bengaluru,semiconductor power,Series A (extension),mixed,1452.9,1,all-follow-on (DERIVED):1,disclosed,CAPITAL_FLOWS derived; tracked universe only; investor_type aggregated; new/existing from FUNDING; no ecosystem census claim.
2026,Bengaluru,spacetech,Seed,mixed,696.0,1,initial (DERIVED):1,disclosed,CAPITAL_FLOWS derived; tracked universe only; investor_type aggregated; new/existing from FUNDING; no ecosystem census claim.
2026,Bengaluru,spacetech,Series C,mixed,8700.0,1,mixed (DERIVED):1,disclosed,CAPITAL_FLOWS derived; tracked universe only; investor_type aggregated; new/existing from FUNDING; no ecosystem census claim.
2026,Bengaluru,spacetech EO,Series A extension,mixed,417.6,1,initial (DERIVED):1,disclosed,CAPITAL_FLOWS derived; tracked universe only; investor_type aggregated; new/existing from FUNDING; no ecosystem census claim.
2026,Bengaluru,spacetech analytics,Aggregate,mixed,2514.3,1,unknown:1,disclosed,CAPITAL_FLOWS derived; tracked universe only; investor_type aggregated; new/existing from FUNDING; no ecosystem census claim.
2026,Bengaluru,spacetech analytics,Grant (Technology Adoption Fund),mixed,246.0,1,all-new-investors (DERIVED):1,disclosed,CAPITAL_FLOWS derived; tracked universe only; investor_type aggregated; new/existing from FUNDING; no ecosystem census claim.
2026,Bengaluru,spacetech analytics,aggregate,mixed,5120.0,1,unknown:1,estimated,CAPITAL_FLOWS derived; tracked universe only; investor_type aggregated; new/existing from FUNDING; no ecosystem census claim.
2026,Bengaluru,spacetech launch,Series A,mixed,1783.5,1,mixed (DERIVED):1,disclosed,CAPITAL_FLOWS derived; tracked universe only; investor_type aggregated; new/existing from FUNDING; no ecosystem census claim.
2026,Bengaluru,supply chain / pallets,IPO,mixed,0.0,1,initial (DERIVED):1,disclosed,CAPITAL_FLOWS derived; tracked universe only; investor_type aggregated; new/existing from FUNDING; no ecosystem census claim.
2026,Bengaluru (ESTIMATE — Instagram snippet says Bengaluru-based; HQ not primary-sourced),EV battery swapping / Battery-as-a-Service,Acquisition,mixed,0.0,1,initial (DERIVED):1,disclosed,CAPITAL_FLOWS derived; tracked universe only; investor_type aggregated; new/existing from FUNDING; no ecosystem census claim.
2026,Bengaluru (ESTIMATE — Instagram snippet says Bengaluru-based; HQ not primary-sourced),EV battery swapping / Battery-as-a-Service,Series A,mixed,3045.0,1,all-new-investors (DERIVED):1,estimated,CAPITAL_FLOWS derived; tracked universe only; investor_type aggregated; new/existing from FUNDING; no ecosystem census claim.
2026,Bengaluru (HQ); Singapore domicile (reverse flip planned); ops India/Singapore/Middle East,Home interiors marketplace,Secondary Transaction,mixed,0.0,1,unknown:1,disclosed,CAPITAL_FLOWS derived; tracked universe only; investor_type aggregated; new/existing from FUNDING; no ecosystem census claim.
2026,Bengaluru (IISc-incubated),semiconductor cgra,Series A (2nd tranche),mixed,420.0,1,initial (DERIVED):1,estimated,CAPITAL_FLOWS derived; tracked universe only; investor_type aggregated; new/existing from FUNDING; no ecosystem census claim.
2026,Bengaluru (batch; ops US),fintech / payments,Series A,mixed,1305.0,1,initial (DERIVED):1,estimated,CAPITAL_FLOWS derived; tracked universe only; investor_type aggregated; new/existing from FUNDING; no ecosystem census claim.
2026,Bengaluru (factory Hoskote),EV two-wheeler,Series C,mixed,0.0,1,new:1,disclosed,CAPITAL_FLOWS derived; tracked universe only; investor_type aggregated; new/existing from FUNDING; no ecosystem census claim.
2026,Bengaluru (factory Hoskote),EV two-wheeler,Series C (equity+debt),mixed,10440.0,1,unknown:1,estimated,CAPITAL_FLOWS derived; tracked universe only; investor_type aggregated; new/existing from FUNDING; no ecosystem census claim.
2026,Bengaluru (founding reported Chennai/IIT Madras; HQ Bengaluru per 2026 disclosures),AI / LLMs / sovereign models,Series B,mixed,0.0,1,unknown:1,disclosed,CAPITAL_FLOWS derived; tracked universe only; investor_type aggregated; new/existing from FUNDING; no ecosystem census claim.
2026,Bengaluru (founding reported Chennai/IIT Madras; HQ Bengaluru per 2026 disclosures),AI / LLMs / sovereign models,Series B first close (of $300M),mixed,20358.0,1,mixed (DERIVED):1,disclosed,CAPITAL_FLOWS derived; tracked universe only; investor_type aggregated; new/existing from FUNDING; no ecosystem census claim.
2026,Bengaluru (founding reported Chennai/IIT Madras; HQ Bengaluru per 2026 disclosures),AI / LLMs / sovereign models,Series B second tranche,mixed,6525.0,1,all-new-investors (DERIVED):1,disclosed,CAPITAL_FLOWS derived; tracked universe only; investor_type aggregated; new/existing from FUNDING; no ecosystem census claim.
2026,"Bengaluru, Karnataka",B2B ecommerce (food & grocery),Strategic Investment,mixed,0.0,1,all-new-investors (DERIVED):1,disclosed,CAPITAL_FLOWS derived; tracked universe only; investor_type aggregated; new/existing from FUNDING; no ecosystem census claim.
2026,"Bengaluru, Karnataka",Mobility / road transport tech (bike taxi-led multimodal),Series F (primary),mixed,20880.0,1,mixed (DERIVED):1,disclosed,CAPITAL_FLOWS derived; tracked universe only; investor_type aggregated; new/existing from FUNDING; no ecosystem census claim.
2026,"Bengaluru, Karnataka",Mobility / road transport tech (bike taxi-led multimodal),Series F (primary; part of $730M primary+secondary),mixed,20880.0,1,unknown:1,estimated,CAPITAL_FLOWS derived; tracked universe only; investor_type aggregated; new/existing from FUNDING; no ecosystem census claim.
2026,"Bengaluru, Karnataka",Mobility / road transport tech (bike taxi-led multimodal),Series F (secondary - ongoing),mixed,100.0,1,all-new-investors (DERIVED):1,disclosed,CAPITAL_FLOWS derived; tracked universe only; investor_type aggregated; new/existing from FUNDING; no ecosystem census claim.
2026,Chandigarh,fashion / d2c,Series A,mixed,0.0,1,all-new-investors (DERIVED):1,disclosed,CAPITAL_FLOWS derived; tracked universe only; investor_type aggregated; new/existing from FUNDING; no ecosystem census claim.
2026,Chennai,D2C beauty / science-led skincare,Series A,mixed,435.0,1,initial (DERIVED):1,disclosed,CAPITAL_FLOWS derived; tracked universe only; investor_type aggregated; new/existing from FUNDING; no ecosystem census claim.
2026,"Chennai (dual HQ Wilmington, Delaware, USA)",SaaS (PSA / onboarding),Series C,mixed,5220.0,1,new:1,estimated,CAPITAL_FLOWS derived; tracked universe only; investor_type aggregated; new/existing from FUNDING; no ecosystem census claim.
2026,Delhi (batch said Bengaluru — corrected: Delhi HQ per all sources),ev commercial,Series E,mixed,4375.0,1,unknown:1,estimated,CAPITAL_FLOWS derived; tracked universe only; investor_type aggregated; new/existing from FUNDING; no ecosystem census claim.
2026,Delhi (batch said Bengaluru — corrected: Delhi HQ per all sources),ev commercial,Series E (debt),mixed,250.0,1,all-new-investors (DERIVED):1,disclosed,CAPITAL_FLOWS derived; tracked universe only; investor_type aggregated; new/existing from FUNDING; no ecosystem census claim.
2026,Delhi (batch said Bengaluru — corrected: Delhi HQ per all sources),ev commercial,Series E (equity),mixed,437.5,1,all-follow-on (DERIVED):1,disclosed,CAPITAL_FLOWS derived; tracked universe only; investor_type aggregated; new/existing from FUNDING; no ecosystem census claim.
2026,Delhi (batch says Bengaluru; press says Delhi),biotech cell/gene,undisclosed (life-sciences investment),mixed,200.0,1,initial (DERIVED):1,estimated,CAPITAL_FLOWS derived; tracked universe only; investor_type aggregated; new/existing from FUNDING; no ecosystem census claim.
2026,Delhi NCR,fuel-tech,Series A,mixed,452.4,1,initial (DERIVED):1,disclosed,CAPITAL_FLOWS derived; tracked universe only; investor_type aggregated; new/existing from FUNDING; no ecosystem census claim.
2026,Delhi NCR,logistics tech,IPO,mixed,0.0,1,initial (DERIVED):1,disclosed,CAPITAL_FLOWS derived; tracked universe only; investor_type aggregated; new/existing from FUNDING; no ecosystem census claim.
2026,Delhi NCR,travel-tech / visas,Series C,mixed,3132.0,1,initial (DERIVED):1,disclosed,CAPITAL_FLOWS derived; tracked universe only; investor_type aggregated; new/existing from FUNDING; no ecosystem census claim.
2026,Delhi NCR,wealthtech,Maiden Round,mixed,1740.0,2,all-follow-on (DERIVED):1; mixed (DERIVED):1,disclosed,CAPITAL_FLOWS derived; tracked universe only; investor_type aggregated; new/existing from FUNDING; no ecosystem census claim.
2026,Delhi NCR,wealthtech,Pre-seed / Talks,mixed,2175.0,1,initial (DERIVED):1,disclosed,CAPITAL_FLOWS derived; tracked universe only; investor_type aggregated; new/existing from FUNDING; no ecosystem census claim.
2026,Delhi NCR (Noida),consumer services/astrology | spiritual tech,ESOP Buyback (unicorn valuation),mixed,0.0,1,unknown:1,disclosed,CAPITAL_FLOWS derived; tracked universe only; investor_type aggregated; new/existing from FUNDING; no ecosystem census claim.
2026,Erode / Perundurai,dairy / processed foods,IPO,mixed,14181.0,1,initial (DERIVED):1,disclosed,CAPITAL_FLOWS derived; tracked universe only; investor_type aggregated; new/existing from FUNDING; no ecosystem census claim.
2026,Greater Noida (Bengaluru R&D),semiconductor motor control,Seed,mixed,43.5,1,unknown:1,disclosed,CAPITAL_FLOWS derived; tracked universe only; investor_type aggregated; new/existing from FUNDING; no ecosystem census claim.
2026,Greater Noida (Bengaluru R&D),semiconductor motor control,Series A,mixed,870.0,1,all-new-investors (DERIVED):1,disclosed,CAPITAL_FLOWS derived; tracked universe only; investor_type aggregated; new/existing from FUNDING; no ecosystem census claim.
2026,Greater Noida (Bengaluru R&D),semiconductor motor control,Series A (INR equivalent),mixed,90.5,1,initial (DERIVED):1,disclosed,CAPITAL_FLOWS derived; tracked universe only; investor_type aggregated; new/existing from FUNDING; no ecosystem census claim.
2026,Greater Noida (Bengaluru R&D),semiconductor motor control,Series A (reported by ET),mixed,900.0,1,unknown:1,disclosed,CAPITAL_FLOWS derived; tracked universe only; investor_type aggregated; new/existing from FUNDING; no ecosystem census claim.
2026,Gurgaon,ev/fintech,Debt Financing,mixed,0.0,1,initial (DERIVED):1,disclosed,CAPITAL_FLOWS derived; tracked universe only; investor_type aggregated; new/existing from FUNDING; no ecosystem census claim.
2026,Gurgaon,ev/fintech,Venture,mixed,0.0,1,unknown:1,disclosed,CAPITAL_FLOWS derived; tracked universe only; investor_type aggregated; new/existing from FUNDING; no ecosystem census claim.
2026,Gurugram,B2B supply-chain commerce / fintech,IPO (planned),mixed,69600.0,1,all-follow-on (DERIVED):1,disclosed,CAPITAL_FLOWS derived; tracked universe only; investor_type aggregated; new/existing from FUNDING; no ecosystem census claim.
2026,Gurugram,B2B supply-chain commerce / fintech,IPO (planned/rumored),mixed,69600.0,1,all-new-investors (DERIVED):1,disclosed,CAPITAL_FLOWS derived; tracked universe only; investor_type aggregated; new/existing from FUNDING; no ecosystem census claim.
2026,Gurugram,Renewable Energy / IPP,Debt Financing,mixed,0.0,1,all-new-investors (DERIVED):1,disclosed,CAPITAL_FLOWS derived; tracked universe only; investor_type aggregated; new/existing from FUNDING; no ecosystem census claim.
2026,Gurugram,Renewable Energy / IPP,Equity Stake Sale,mixed,0.0,1,unknown:1,disclosed,CAPITAL_FLOWS derived; tracked universe only; investor_type aggregated; new/existing from FUNDING; no ecosystem census claim.
2026,Gurugram,Renewable Energy / IPP,Planned InvIT,mixed,0.0,1,unknown:1,disclosed,CAPITAL_FLOWS derived; tracked universe only; investor_type aggregated; new/existing from FUNDING; no ecosystem census claim.
2026,Gurugram,d2c beauty,majority acquisition,mixed,0.0,1,all-new-investors (DERIVED):1,disclosed,CAPITAL_FLOWS derived; tracked universe only; investor_type aggregated; new/existing from FUNDING; no ecosystem census claim.
2026,Gurugram,enterprise AI video generation,Series A,mixed,0.0,1,initial (DERIVED):1,disclosed,CAPITAL_FLOWS derived; tracked universe only; investor_type aggregated; new/existing from FUNDING; no ecosystem census claim.
2026,Gurugram,enterprise AI video generation,pre-Series A / seed,mixed,0.0,1,all-new-investors (DERIVED):1,disclosed,CAPITAL_FLOWS derived; tracked universe only; investor_type aggregated; new/existing from FUNDING; no ecosystem census claim.
2026,Gurugram,ev battery swapping,debt,mixed,0.0,2,unknown:2,disclosed,CAPITAL_FLOWS derived; tracked universe only; investor_type aggregated; new/existing from FUNDING; no ecosystem census claim.
2026,Gurugram,ev battery swapping,pre_series_c,mixed,660.0,1,unknown:1,disclosed,CAPITAL_FLOWS derived; tracked universe only; investor_type aggregated; new/existing from FUNDING; no ecosystem census claim.
2026,Gurugram,ev battery swapping,series_c,mixed,1855.0,1,all-new-investors (DERIVED):1,disclosed,CAPITAL_FLOWS derived; tracked universe only; investor_type aggregated; new/existing from FUNDING; no ecosystem census claim.
2026,Gurugram,ev mobility premium,Seed,mixed,87.0,1,initial (DERIVED):1,disclosed,CAPITAL_FLOWS derived; tracked universe only; investor_type aggregated; new/existing from FUNDING; no ecosystem census claim.
2026,Gurugram,geospatial intelligence,Series A,mixed,1740.0,1,initial (DERIVED):1,disclosed,CAPITAL_FLOWS derived; tracked universe only; investor_type aggregated; new/existing from FUNDING; no ecosystem census claim.
2026,Gurugram,healthtech | healthtech integrated care,Seed (extension),mixed,5394.0,1,initial (DERIVED):1,disclosed,CAPITAL_FLOWS derived; tracked universe only; investor_type aggregated; new/existing from FUNDING; no ecosystem census claim.
2026,Gurugram,insurtech,Corporate,mixed,385.0,1,unknown:1,disclosed,CAPITAL_FLOWS derived; tracked universe only; investor_type aggregated; new/existing from FUNDING; no ecosystem census claim.
2026,Gurugram,insurtech,Corporate Restructuring,mixed,38.5,1,mixed (DERIVED):1,disclosed,CAPITAL_FLOWS derived; tracked universe only; investor_type aggregated; new/existing from FUNDING; no ecosystem census claim.
2026,Gurugram,logistics packaging,Seed,mixed,120.0,1,initial (DERIVED):1,disclosed,CAPITAL_FLOWS derived; tracked universe only; investor_type aggregated; new/existing from FUNDING; no ecosystem census claim.
2026,Gurugram,logistics supply chain,Total funding,mixed,0.0,1,initial (DERIVED):1,disclosed,CAPITAL_FLOWS derived; tracked universe only; investor_type aggregated; new/existing from FUNDING; no ecosystem census claim.
2026,Gurugram,mental health / healthtech,Series A,mixed,0.0,1,initial (DERIVED):1,disclosed,CAPITAL_FLOWS derived; tracked universe only; investor_type aggregated; new/existing from FUNDING; no ecosystem census claim.
2026,Gurugram,proptech,Private,mixed,86565.0,2,all-follow-on (DERIVED):1; all-new-investors (DERIVED):1,disclosed,CAPITAL_FLOWS derived; tracked universe only; investor_type aggregated; new/existing from FUNDING; no ecosystem census claim.
2026,Gurugram,spiritual tech,Series A,mixed,1044.0,1,initial (DERIVED):1,estimated,CAPITAL_FLOWS derived; tracked universe only; investor_type aggregated; new/existing from FUNDING; no ecosystem census claim.
2026,Gurugram,travel AI,Series A,mixed,610.0,1,all-new-investors (DERIVED):1,disclosed,CAPITAL_FLOWS derived; tracked universe only; investor_type aggregated; new/existing from FUNDING; no ecosystem census claim.
2026,Gurugram,watertech / AI water-infrastructure management,UNKNOWN (reported as Rs 22 Cr raise; $2.3M per discovery hint),mixed,22.0,1,initial (DERIVED):1,estimated,CAPITAL_FLOWS derived; tracked universe only; investor_type aggregated; new/existing from FUNDING; no ecosystem census claim.
2026,Gurugram,wealthtech,Series A,mixed,2800.0,1,initial (DERIVED):1,disclosed,CAPITAL_FLOWS derived; tracked universe only; investor_type aggregated; new/existing from FUNDING; no ecosystem census claim.
2026,Hyderabad,data centres / digital infrastructure,Growth capital,mixed,2500.0,1,initial (DERIVED):1,disclosed,CAPITAL_FLOWS derived; tracked universe only; investor_type aggregated; new/existing from FUNDING; no ecosystem census claim.
2026,Hyderabad,defence/counter-drone ai,Government contracts,mixed,0.0,1,unknown:1,disclosed,CAPITAL_FLOWS derived; tracked universe only; investor_type aggregated; new/existing from FUNDING; no ecosystem census claim.
2026,Hyderabad,spacetech launch,pre-Series C (second),mixed,5220.0,1,all-new-investors (DERIVED):1,disclosed,CAPITAL_FLOWS derived; tracked universe only; investor_type aggregated; new/existing from FUNDING; no ecosystem census claim.
2026,Jaipur,auto marketplace,IPO preparation,mixed,0.0,1,unknown:1,disclosed,CAPITAL_FLOWS derived; tracked universe only; investor_type aggregated; new/existing from FUNDING; no ecosystem census claim.
2026,Jaipur,enterprise data & AI solutions / services,debt,mixed,452.4,1,all-new-investors (DERIVED):1,estimated,CAPITAL_FLOWS derived; tracked universe only; investor_type aggregated; new/existing from FUNDING; no ecosystem census claim.
2026,Kolkata,fintech/microfinance,IPO (DRHP filed),mixed,52200.0,2,unknown:1; all-new-investors (DERIVED):1,disclosed,CAPITAL_FLOWS derived; tracked universe only; investor_type aggregated; new/existing from FUNDING; no ecosystem census claim.
2026,Kolkata,fintech/microfinance,Offshore Capital,mixed,0.0,1,unknown:1,disclosed,CAPITAL_FLOWS derived; tracked universe only; investor_type aggregated; new/existing from FUNDING; no ecosystem census claim.
2026,Kolkata,foodtech/qsr,debt,mixed,1850.0,1,unknown:1,estimated,CAPITAL_FLOWS derived; tracked universe only; investor_type aggregated; new/existing from FUNDING; no ecosystem census claim.
2026,"Manno, Switzerland",robotics / computer vision,Seed,mixed,0.0,1,initial (DERIVED):1,disclosed,CAPITAL_FLOWS derived; tracked universe only; investor_type aggregated; new/existing from FUNDING; no ecosystem census claim.
2026,Mumbai,AI cloud infrastructure,Growth equity,mixed,52200.0,1,mixed (DERIVED):1,disclosed,CAPITAL_FLOWS derived; tracked universe only; investor_type aggregated; new/existing from FUNDING; no ecosystem census claim.
2026,Mumbai,AI cloud infrastructure,Growth equity (planned debt),mixed,52200.0,1,unknown:1,disclosed,CAPITAL_FLOWS derived; tracked universe only; investor_type aggregated; new/existing from FUNDING; no ecosystem census claim.
2026,Mumbai,AI data infrastructure,pre-seed,mixed,43.5,1,initial (DERIVED):1,estimated,CAPITAL_FLOWS derived; tracked universe only; investor_type aggregated; new/existing from FUNDING; no ecosystem census claim.
2026,Mumbai,D2C Streetwear / Fashion,Series A,mixed,0.0,1,all-new-investors (DERIVED):1,disclosed,CAPITAL_FLOWS derived; tracked universe only; investor_type aggregated; new/existing from FUNDING; no ecosystem census claim.
2026,Mumbai,D2C Streetwear / Fashion,Shark Tank India Deal,mixed,3000.0,1,initial (DERIVED):1,disclosed,CAPITAL_FLOWS derived; tracked universe only; investor_type aggregated; new/existing from FUNDING; no ecosystem census claim.
2026,Mumbai,D2C footwear,Series B,mixed,1198.75,3,mixed (DERIVED):3,disclosed,CAPITAL_FLOWS derived; tracked universe only; investor_type aggregated; new/existing from FUNDING; no ecosystem census claim.
2026,Mumbai,D2C luxury fashion / fashion-tech,IPO (fresh issue),mixed,6800.0,1,all-new-investors (DERIVED):1,estimated,CAPITAL_FLOWS derived; tracked universe only; investor_type aggregated; new/existing from FUNDING; no ecosystem census claim.
2026,Mumbai,EV battery technology,Seed,mixed,0.0,1,initial (DERIVED):1,disclosed,CAPITAL_FLOWS derived; tracked universe only; investor_type aggregated; new/existing from FUNDING; no ecosystem census claim.
2026,Mumbai,Edtech / skilling,Equity,mixed,17922.0,2,unknown:2,disclosed,CAPITAL_FLOWS derived; tracked universe only; investor_type aggregated; new/existing from FUNDING; no ecosystem census claim.
2026,Mumbai,Wealth Management / Fintech,Series B,mixed,0.0,1,mixed (DERIVED):1,disclosed,CAPITAL_FLOWS derived; tracked universe only; investor_type aggregated; new/existing from FUNDING; no ecosystem census claim.
2026,Mumbai,ai / voice ai,Series A,mixed,40.0,2,mixed (DERIVED):2,disclosed,CAPITAL_FLOWS derived; tracked universe only; investor_type aggregated; new/existing from FUNDING; no ecosystem census claim.
2026,Mumbai,cleantech / cooling,pre-Series A,mixed,391.5,1,initial (DERIVED):1,disclosed,CAPITAL_FLOWS derived; tracked universe only; investor_type aggregated; new/existing from FUNDING; no ecosystem census claim.
2026,Mumbai,d2c beauty,Series D7,mixed,1589.5,2,all-follow-on (DERIVED):1; all-new-investors (DERIVED):1,disclosed,CAPITAL_FLOWS derived; tracked universe only; investor_type aggregated; new/existing from FUNDING; no ecosystem census claim.
2026,Mumbai,d2c beauty,Series D7 (MCA filing details),mixed,1589.17,2,all-follow-on (DERIVED):1; all-new-investors (DERIVED):1,disclosed,CAPITAL_FLOWS derived; tracked universe only; investor_type aggregated; new/existing from FUNDING; no ecosystem census claim.
2026,Mumbai,d2c foods,Acquisition,mixed,0.0,1,initial (DERIVED):1,disclosed,CAPITAL_FLOWS derived; tracked universe only; investor_type aggregated; new/existing from FUNDING; no ecosystem census claim.
2026,Mumbai,d2c wellness,Acquisition,mixed,0.0,1,initial (DERIVED):1,disclosed,CAPITAL_FLOWS derived; tracked universe only; investor_type aggregated; new/existing from FUNDING; no ecosystem census claim.
2026,Mumbai,defence marine autonomy,IPO Announced,mixed,0.0,1,unknown:1,disclosed,CAPITAL_FLOWS derived; tracked universe only; investor_type aggregated; new/existing from FUNDING; no ecosystem census claim.
2026,Mumbai,defence marine autonomy,Series B,mixed,0.0,1,initial (DERIVED):1,disclosed,CAPITAL_FLOWS derived; tracked universe only; investor_type aggregated; new/existing from FUNDING; no ecosystem census claim.
2026,Mumbai,ev two-wheeler,Series D,mixed,1100.0,1,mixed (DERIVED):1,estimated,CAPITAL_FLOWS derived; tracked universe only; investor_type aggregated; new/existing from FUNDING; no ecosystem census claim.
2026,Mumbai,fintech,Series A,mixed,1087.5,1,all-new-investors (DERIVED):1,disclosed,CAPITAL_FLOWS derived; tracked universe only; investor_type aggregated; new/existing from FUNDING; no ecosystem census claim.
2026,Mumbai,fintech (housing finance),Growth equity (two tranches),mixed,1450.0,1,mixed (DERIVED):1,disclosed,CAPITAL_FLOWS derived; tracked universe only; investor_type aggregated; new/existing from FUNDING; no ecosystem census claim.
2026,Mumbai,fintech / B2B pharma,pre-Series A,mixed,348.0,1,mixed (DERIVED):1,disclosed,CAPITAL_FLOWS derived; tracked universe only; investor_type aggregated; new/existing from FUNDING; no ecosystem census claim.
2026,Mumbai,fintech / B2B pharma,venture debt,mixed,78.3,1,all-new-investors (DERIVED):1,disclosed,CAPITAL_FLOWS derived; tracked universe only; investor_type aggregated; new/existing from FUNDING; no ecosystem census claim.
2026,Mumbai,fintech / NBFC,equity (first institutional),mixed,2150.0,1,initial (DERIVED):1,estimated,CAPITAL_FLOWS derived; tracked universe only; investor_type aggregated; new/existing from FUNDING; no ecosystem census claim.
2026,Mumbai,fintech lending,IPO,mixed,0.0,1,unknown:1,disclosed,CAPITAL_FLOWS derived; tracked universe only; investor_type aggregated; new/existing from FUNDING; no ecosystem census claim.
2026,Mumbai,fintech lending green,Debt,mixed,1305.0,1,all-new-investors (DERIVED):1,disclosed,CAPITAL_FLOWS derived; tracked universe only; investor_type aggregated; new/existing from FUNDING; no ecosystem census claim.
2026,Mumbai,fintech lending green,Series B,mixed,0.0,1,unknown:1,disclosed,CAPITAL_FLOWS derived; tracked universe only; investor_type aggregated; new/existing from FUNDING; no ecosystem census claim.
2026,Mumbai,fintech lending green,Series B extension / growth equity,mixed,3805.0,1,mixed (DERIVED):1,disclosed,CAPITAL_FLOWS derived; tracked universe only; investor_type aggregated; new/existing from FUNDING; no ecosystem census claim.
2026,Mumbai,healthtech,Pre-Series B,mixed,650.0,1,mixed (DERIVED):1,disclosed,CAPITAL_FLOWS derived; tracked universe only; investor_type aggregated; new/existing from FUNDING; no ecosystem census claim.
2026,Mumbai,healthtech / femtech D2C wellness,Series C,mixed,4350.0,1,led by Peak XV Partners and Filter Capital; existing investors participated:1,disclosed,CAPITAL_FLOWS derived; tracked universe only; investor_type aggregated; new/existing from FUNDING; no ecosystem census claim.
2026,Mumbai,healthtech payments,Series A,mixed,0.0,1,unknown:1,disclosed,CAPITAL_FLOWS derived; tracked universe only; investor_type aggregated; new/existing from FUNDING; no ecosystem census claim.
2026,Mumbai,insurtech,IPO,mixed,0.0,1,unknown:1,disclosed,CAPITAL_FLOWS derived; tracked universe only; investor_type aggregated; new/existing from FUNDING; no ecosystem census claim.
2026,Mumbai,insurtech policy loans,Grant,mixed,0.0,1,unknown:1,disclosed,CAPITAL_FLOWS derived; tracked universe only; investor_type aggregated; new/existing from FUNDING; no ecosystem census claim.
2026,Mumbai,mobility / used-car leasing,Pre-Series A,mixed,180.0,1,all-new-investors (DERIVED):1,disclosed,CAPITAL_FLOWS derived; tracked universe only; investor_type aggregated; new/existing from FUNDING; no ecosystem census claim.
2026,Mumbai,petcare / D2C pet nutrition,Growth capital,mixed,19.0,1,initial (DERIVED):1,disclosed,CAPITAL_FLOWS derived; tracked universe only; investor_type aggregated; new/existing from FUNDING; no ecosystem census claim.
2026,Mumbai,proptech listings,series_a,mixed,0.0,1,all-new-investors (DERIVED):1,disclosed,CAPITAL_FLOWS derived; tracked universe only; investor_type aggregated; new/existing from FUNDING; no ecosystem census claim.
2026,Mumbai,proptech listings,venture_debt,mixed,0.0,1,unknown:1,disclosed,CAPITAL_FLOWS derived; tracked universe only; investor_type aggregated; new/existing from FUNDING; no ecosystem census claim.
2026,Mumbai,proptech services,Acquisition of Housing.com,mixed,0.0,1,initial (DERIVED):1,disclosed,CAPITAL_FLOWS derived; tracked universe only; investor_type aggregated; new/existing from FUNDING; no ecosystem census claim.
2026,Mumbai,quick commerce,pre-IPO placement,mixed,9135.0,1,all-new-investors (DERIVED):1,estimated,CAPITAL_FLOWS derived; tracked universe only; investor_type aggregated; new/existing from FUNDING; no ecosystem census claim.
2026,Mumbai,regtech/id verification,Series F,mixed,4760.0,1,mixed (DERIVED):1,disclosed,CAPITAL_FLOWS derived; tracked universe only; investor_type aggregated; new/existing from FUNDING; no ecosystem census claim.
2026,Mumbai,regtech/id verification,Series F (later),mixed,6351.0,1,all-new-investors (DERIVED):1,disclosed,CAPITAL_FLOWS derived; tracked universe only; investor_type aggregated; new/existing from FUNDING; no ecosystem census claim.
2026,Mumbai,wealthtech / financial services,PE growth,mixed,10500.0,2,all-new-investors (DERIVED):2,estimated,CAPITAL_FLOWS derived; tracked universe only; investor_type aggregated; new/existing from FUNDING; no ecosystem census claim.
2026,Mumbai,wealthtech / financial services,Series C,mixed,3500.0,1,all-follow-on (DERIVED):1,disclosed,CAPITAL_FLOWS derived; tracked universe only; investor_type aggregated; new/existing from FUNDING; no ecosystem census claim.
2026,Mumbai,wealthtech / financial services,growth,mixed,3500.0,1,all-follow-on (DERIVED):1,estimated,CAPITAL_FLOWS derived; tracked universe only; investor_type aggregated; new/existing from FUNDING; no ecosystem census claim.
2026,Noida,agritech / post-harvest,Co-investment,mixed,1113.6,1,mixed (DERIVED):1,disclosed,CAPITAL_FLOWS derived; tracked universe only; investor_type aggregated; new/existing from FUNDING; no ecosystem census claim.
2026,Noida,agritech / post-harvest,Series D,mixed,14297.0,2,unknown:1; all-new-investors (DERIVED):1,disclosed,CAPITAL_FLOWS derived; tracked universe only; investor_type aggregated; new/existing from FUNDING; no ecosystem census claim.
2026,Noida,climate renewables,equity,mixed,55000.0,1,unknown:1,disclosed,CAPITAL_FLOWS derived; tracked universe only; investor_type aggregated; new/existing from FUNDING; no ecosystem census claim.
2026,Noida,climate renewables,private_equity,mixed,38000.0,2,initial (DERIVED):1; unknown:1,disclosed,CAPITAL_FLOWS derived; tracked universe only; investor_type aggregated; new/existing from FUNDING; no ecosystem census claim.
2026,Noida,robotics / service robots (AMR),pre-Series A,mixed,330.6,1,initial (DERIVED):1,estimated,CAPITAL_FLOWS derived; tracked universe only; investor_type aggregated; new/existing from FUNDING; no ecosystem census claim.
2026,Pleasanton,AI / healthtech (pharmacovigilance),Series A,mixed,1157.1,1,mixed (DERIVED):1,disclosed,CAPITAL_FLOWS derived; tracked universe only; investor_type aggregated; new/existing from FUNDING; no ecosystem census claim.
2026,Pune,aerospace / defence deeptech,Pre-Series B,mixed,0.0,1,initial (DERIVED):1,disclosed,CAPITAL_FLOWS derived; tracked universe only; investor_type aggregated; new/existing from FUNDING; no ecosystem census claim.
2026,Pune,cleantech / circular economy / PET recycling,Credit line / project financing,mixed,2740.5,1,initial (DERIVED):1,disclosed,CAPITAL_FLOWS derived; tracked universe only; investor_type aggregated; new/existing from FUNDING; no ecosystem census claim.
2026,Pune,fintech/credit cards,Series D extension (Rs 72 Cr),mixed,661.2,1,all-follow-on (DERIVED):1,disclosed,CAPITAL_FLOWS derived; tracked universe only; investor_type aggregated; new/existing from FUNDING; no ecosystem census claim.
2026,Rajkot,consumer/FMCG snacks,secondary,mixed,0.0,1,initial (DERIVED):1,disclosed,CAPITAL_FLOWS derived; tracked universe only; investor_type aggregated; new/existing from FUNDING; no ecosystem census claim.
2026,San Francisco,ai marketing saas,Series A,mixed,1479.0,1,mixed (DERIVED):1,estimated,CAPITAL_FLOWS derived; tracked universe only; investor_type aggregated; new/existing from FUNDING; no ecosystem census claim.
2026,San Francisco,ai/voice,Series A,mixed,0.0,1,mixed (DERIVED):1,disclosed,CAPITAL_FLOWS derived; tracked universe only; investor_type aggregated; new/existing from FUNDING; no ecosystem census claim.
2026,San Francisco (US) — NOT Bengaluru; batch city attribution unsupported by evidence,AI infrastructure / agentic tooling,Seed,mixed,1305.0,1,initial (DERIVED):1,disclosed,CAPITAL_FLOWS derived; tracked universe only; investor_type aggregated; new/existing from FUNDING; no ecosystem census claim.
2026,San Francisco (US) — NOT Bengaluru; batch city attribution unsupported by evidence,AI infrastructure / agentic tooling,Series A,mixed,3045.0,1,all-new-investors (DERIVED):1,disclosed,CAPITAL_FLOWS derived; tracked universe only; investor_type aggregated; new/existing from FUNDING; no ecosystem census claim.
2026,Surat,saas accounting,Seed,mixed,0.0,1,initial (DERIVED):1,disclosed,CAPITAL_FLOWS derived; tracked universe only; investor_type aggregated; new/existing from FUNDING; no ecosystem census claim.
2026,Thane,B2B construction materials,debt,mixed,1250.0,1,all-follow-on (DERIVED):1,disclosed,CAPITAL_FLOWS derived; tracked universe only; investor_type aggregated; new/existing from FUNDING; no ecosystem census claim.
2026,Thane,fintech / embedded lending,seed,mixed,104.4,1,initial (DERIVED):1,disclosed,CAPITAL_FLOWS derived; tracked universe only; investor_type aggregated; new/existing from FUNDING; no ecosystem census claim.
2026,UNKNOWN,food / ethnic sweets,"private equity (minority, undisclosed stake)",mixed,300.0,1,initial (DERIVED):1,disclosed,CAPITAL_FLOWS derived; tracked universe only; investor_type aggregated; new/existing from FUNDING; no ecosystem census claim.
unknown,Bengaluru,SaaS / Customer Loyalty,Series A,mixed,0.0,1,initial (DERIVED):1,disclosed,CAPITAL_FLOWS derived; tracked universe only; investor_type aggregated; new/existing from FUNDING; no ecosystem census claim.
unknown,Bengaluru,Spacetech Propulsion,Series A,mixed,1234.08,1,unknown:1,disclosed,CAPITAL_FLOWS derived; tracked universe only; investor_type aggregated; new/existing from FUNDING; no ecosystem census claim.
unknown,Bengaluru,agritech supply chain,Growth (Flipkart/Walmart-led $145M),mixed,0.0,1,initial (DERIVED):1,disclosed,CAPITAL_FLOWS derived; tracked universe only; investor_type aggregated; new/existing from FUNDING; no ecosystem census claim.
unknown,Bengaluru,cybersecurity,Series B,mixed,1285.5,1,initial (DERIVED):1,estimated,CAPITAL_FLOWS derived; tracked universe only; investor_type aggregated; new/existing from FUNDING; no ecosystem census claim.
unknown,Bengaluru,edtech / HR-tech (AI + blockchain credentials),Grant,mixed,0.0,1,all-new-investors (DERIVED):1,estimated,CAPITAL_FLOWS derived; tracked universe only; investor_type aggregated; new/existing from FUNDING; no ecosystem census claim.
unknown,Bengaluru,edtech / HR-tech (AI + blockchain credentials),Seed,mixed,0.0,1,all-new-investors (DERIVED):1,estimated,CAPITAL_FLOWS derived; tracked universe only; investor_type aggregated; new/existing from FUNDING; no ecosystem census claim.
unknown,Bengaluru,furniture rental / consumer services,Series D (prior),mixed,0.0,1,all-follow-on (DERIVED):1,disclosed,CAPITAL_FLOWS derived; tracked universe only; investor_type aggregated; new/existing from FUNDING; no ecosystem census claim.
unknown,Bengaluru,furniture rental / consumer services,Series D/D1,mixed,2142.5,1,initial (DERIVED):1,estimated,CAPITAL_FLOWS derived; tracked universe only; investor_type aggregated; new/existing from FUNDING; no ecosystem census claim.
unknown,Bengaluru,furniture rental / consumer services,debt,mixed,179.5,1,all-new-investors (DERIVED):1,disclosed,CAPITAL_FLOWS derived; tracked universe only; investor_type aggregated; new/existing from FUNDING; no ecosystem census claim.
unknown,Bengaluru,gaming rmg,Series A,mixed,0.0,1,initial (DERIVED):1,disclosed,CAPITAL_FLOWS derived; tracked universe only; investor_type aggregated; new/existing from FUNDING; no ecosystem census claim.
unknown,Bengaluru,healthtech / wearables,Series B,mixed,0.0,1,"existing (Deepinder Goyal $10M, Blume):1",disclosed,CAPITAL_FLOWS derived; tracked universe only; investor_type aggregated; new/existing from FUNDING; no ecosystem census claim.
unknown,Bengaluru,healthtech / wearables,"Venture (reported, unclosed)",mixed,0.0,1,"new (WestBridge-led, reported):1",disclosed,CAPITAL_FLOWS derived; tracked universe only; investor_type aggregated; new/existing from FUNDING; no ecosystem census claim.
unknown,Bengaluru,media (Josh/Dailyhunt),late-stage (widely reported tranche),mixed,68988.5,1,initial (DERIVED):1,estimated,CAPITAL_FLOWS derived; tracked universe only; investor_type aggregated; new/existing from FUNDING; no ecosystem census claim.
unknown,Bengaluru,spacetech analytics,Series A,mixed,1285.5,1,unknown:1,estimated,CAPITAL_FLOWS derived; tracked universe only; investor_type aggregated; new/existing from FUNDING; no ecosystem census claim.
unknown,Bengaluru (+ San Mateo),AI devtools,seed,mixed,557.05,1,initial (DERIVED):1,estimated,CAPITAL_FLOWS derived; tracked universe only; investor_type aggregated; new/existing from FUNDING; no ecosystem census claim.
unknown,Bengaluru (factory Hoskote),EV two-wheeler,Series C,mixed,0.0,2,initial (DERIVED):1; unknown:1,disclosed,CAPITAL_FLOWS derived; tracked universe only; investor_type aggregated; new/existing from FUNDING; no ecosystem census claim.
unknown,Gurugram,quick commerce,acquisition by Zomato (all-stock),mixed,48677.6,1,initial (DERIVED):1,estimated,CAPITAL_FLOWS derived; tracked universe only; investor_type aggregated; new/existing from FUNDING; no ecosystem census claim.
unknown,Hyderabad,Beauty-Tech SaaS,Series C,mixed,0.0,1,unknown:1,estimated,CAPITAL_FLOWS derived; tracked universe only; investor_type aggregated; new/existing from FUNDING; no ecosystem census claim.
unknown,Hyderabad,gaming rmg (a23),Series A,mixed,0.0,1,initial (DERIVED):1,disclosed,CAPITAL_FLOWS derived; tracked universe only; investor_type aggregated; new/existing from FUNDING; no ecosystem census claim.
unknown,"Hyderabad (India R&D; HQ Los Altos, USA)",edge-ai chips,Acquisition (NXP Semiconductors; enrich $35M round type/date still unverified),mixed,0.0,1,initial (DERIVED):1,disclosed,CAPITAL_FLOWS derived; tracked universe only; investor_type aggregated; new/existing from FUNDING; no ecosystem census claim.
unknown,Kolkata,fintech/lending,funding,mixed,0.0,1,initial (DERIVED):1,disclosed,CAPITAL_FLOWS derived; tracked universe only; investor_type aggregated; new/existing from FUNDING; no ecosystem census claim.
unknown,Mumbai,AI cloud infrastructure,Growth/PE round (unicorn),mixed,0.0,1,"new (Blackstone first seen); existing Nexus, 360 ONE in equity mix:1",disclosed,CAPITAL_FLOWS derived; tracked universe only; investor_type aggregated; new/existing from FUNDING; no ecosystem census claim.
unknown,Mumbai,D2C luxury fashion / fashion-tech,Seed/Early,mixed,0.0,1,initial (DERIVED):1,estimated,CAPITAL_FLOWS derived; tracked universe only; investor_type aggregated; new/existing from FUNDING; no ecosystem census claim.
unknown,Mumbai,Wealth Management / Fintech,Series B (prior),mixed,0.0,1,initial (DERIVED):1,disclosed,CAPITAL_FLOWS derived; tracked universe only; investor_type aggregated; new/existing from FUNDING; no ecosystem census claim.
unknown,Mumbai,environment/logistics tech,Series A,mixed,2742.4,1,all-follow-on (DERIVED):1,disclosed,CAPITAL_FLOWS derived; tracked universe only; investor_type aggregated; new/existing from FUNDING; no ecosystem census claim.
unknown,Mumbai,ev two-wheeler,Series C,mixed,0.0,1,initial (DERIVED):1,estimated,CAPITAL_FLOWS derived; tracked universe only; investor_type aggregated; new/existing from FUNDING; no ecosystem census claim.
unknown,Mumbai,fintech / B2B pharma,venture (extension),mixed,342.8,1,initial (DERIVED):1,estimated,CAPITAL_FLOWS derived; tracked universe only; investor_type aggregated; new/existing from FUNDING; no ecosystem census claim.
unknown,Mumbai,gaming (real-money skill gaming),Total disclosed,mixed,8407.17,1,initial (DERIVED):1,disclosed,CAPITAL_FLOWS derived; tracked universe only; investor_type aggregated; new/existing from FUNDING; no ecosystem census claim.
unknown,Mumbai,healthtech pharmacy,Series C,mixed,0.0,1,initial (DERIVED):1,disclosed,CAPITAL_FLOWS derived; tracked universe only; investor_type aggregated; new/existing from FUNDING; no ecosystem census claim.
unknown,Mumbai,martech / ai,Venture,mixed,0.0,1,initial (DERIVED):1,disclosed,CAPITAL_FLOWS derived; tracked universe only; investor_type aggregated; new/existing from FUNDING; no ecosystem census claim.
unknown,New Delhi,fintech payments/lending,Secondary,mixed,0.0,1,initial (DERIVED):1,disclosed,CAPITAL_FLOWS derived; tracked universe only; investor_type aggregated; new/existing from FUNDING; no ecosystem census claim.
unknown,Pune,logistics,Total disclosed (Tracxn),mixed,30509.2,1,initial (DERIVED):1,estimated,CAPITAL_FLOWS derived; tracked universe only; investor_type aggregated; new/existing from FUNDING; no ecosystem census claim.
unknown,Pune (batch said Bengaluru — corrected: Pune HQ per all sources),fintech lending,Series F,mixed,0.0,1,initial (DERIVED):1,disclosed,CAPITAL_FLOWS derived; tracked universe only; investor_type aggregated; new/existing from FUNDING; no ecosystem census claim.
