startup_id,company,funding_trend,revenue_trend,profitability_trend,hiring_trend,product_trend,investor_trend,technology_evidence,regulatory_trend,explanation,confidence,evidence_count,notes
S0001,Juspay,UP,UP,PROFITABLE,STABLE,STABLE,UP,TECH:0:STABLE,PRESSURE,Evidence-based classification; directions UP/DOWN/STABLE/MIXED; no predictions made; confidence based on evidence count.,HIGH,17,Signals derived only from CSV evidence; no unsupported inferences; sample-size shown; no predictions.
S0002,KreditBee,UP,UP,PROFITABLE,STABLE,STABLE,UP,TECH:0:STABLE,PRESSURE,Evidence-based classification; directions UP/DOWN/STABLE/MIXED; no predictions made; confidence based on evidence count.,HIGH,21,Signals derived only from CSV evidence; no unsupported inferences; sample-size shown; no predictions.
S0003,PhonePe,UP,STABLE,STABLE,STABLE,STABLE,UP,TECH:0:STABLE,STABLE,Evidence-based classification; directions UP/DOWN/STABLE/MIXED; no predictions made; confidence based on evidence count.,HIGH,19,Signals derived only from CSV evidence; no unsupported inferences; sample-size shown; no predictions.
S0004,Razorpay,UP,STABLE,STABLE,STABLE,STABLE,UP,TECH:0:STABLE,STABLE,Evidence-based classification; directions UP/DOWN/STABLE/MIXED; no predictions made; confidence based on evidence count.,HIGH,5,Signals derived only from CSV evidence; no unsupported inferences; sample-size shown; no predictions.
S0005,Zepto,UP,UP,STABLE,UP,STABLE,UP,TECH:0:STABLE,PRESSURE,Evidence-based classification; directions UP/DOWN/STABLE/MIXED; no predictions made; confidence based on evidence count.,HIGH,18,Signals derived only from CSV evidence; no unsupported inferences; sample-size shown; no predictions.
S0006,Neysa,UP,STABLE,STABLE,UP,STABLE,UP,TECH:1:STABLE,STABLE,Evidence-based classification; directions UP/DOWN/STABLE/MIXED; no predictions made; confidence based on evidence count.,HIGH,9,Signals derived only from CSV evidence; no unsupported inferences; sample-size shown; no predictions.
S0007,Amagi,UP,UP,PROFITABLE,UP,STABLE,UP,TECH:0:STABLE,STABLE,Evidence-based classification; directions UP/DOWN/STABLE/MIXED; no predictions made; confidence based on evidence count.,HIGH,8,Signals derived only from CSV evidence; no unsupported inferences; sample-size shown; no predictions.
S0008,CRED,UP,STABLE,STABLE,STABLE,STABLE,UP,TECH:0:STABLE,STABLE,Evidence-based classification; directions UP/DOWN/STABLE/MIXED; no predictions made; confidence based on evidence count.,HIGH,7,Signals derived only from CSV evidence; no unsupported inferences; sample-size shown; no predictions.
S0009,Darwinbox,UP,STABLE,STABLE,STABLE,STABLE,UP,TECH:0:STABLE,STABLE,Evidence-based classification; directions UP/DOWN/STABLE/MIXED; no predictions made; confidence based on evidence count.,HIGH,5,Signals derived only from CSV evidence; no unsupported inferences; sample-size shown; no predictions.
S0010,Emergent,UP,STABLE,STABLE,STABLE,STABLE,UP,TECH:0:STABLE,STABLE,Evidence-based classification; directions UP/DOWN/STABLE/MIXED; no predictions made; confidence based on evidence count.,HIGH,5,Signals derived only from CSV evidence; no unsupported inferences; sample-size shown; no predictions.
S0011,Groww,UP,STABLE,PROFITABLE,STABLE,STABLE,UP,TECH:0:STABLE,PRESSURE,Evidence-based classification; directions UP/DOWN/STABLE/MIXED; no predictions made; confidence based on evidence count.,HIGH,20,Signals derived only from CSV evidence; no unsupported inferences; sample-size shown; no predictions.
S0012,Gupshup,UP,STABLE,STABLE,UP,STABLE,UP,TECH:1:STABLE,STABLE,Evidence-based classification; directions UP/DOWN/STABLE/MIXED; no predictions made; confidence based on evidence count.,HIGH,8,Signals derived only from CSV evidence; no unsupported inferences; sample-size shown; no predictions.
S0013,Krutrim,UP,UP,STABLE,UP,STABLE,UP,TECH:1:STABLE,PRESSURE,Evidence-based classification; directions UP/DOWN/STABLE/MIXED; no predictions made; confidence based on evidence count.,HIGH,21,Signals derived only from CSV evidence; no unsupported inferences; sample-size shown; no predictions.
S0014,Sarvam AI,UP,STABLE,STABLE,STABLE,STABLE,UP,TECH:1:STABLE,STABLE,Evidence-based classification; directions UP/DOWN/STABLE/MIXED; no predictions made; confidence based on evidence count.,HIGH,7,Signals derived only from CSV evidence; no unsupported inferences; sample-size shown; no predictions.
S0015,Slice,UP,STABLE,PROFITABLE,UP,STABLE,UP,TECH:0:STABLE,PRESSURE,Evidence-based classification; directions UP/DOWN/STABLE/MIXED; no predictions made; confidence based on evidence count.,HIGH,9,Signals derived only from CSV evidence; no unsupported inferences; sample-size shown; no predictions.
S0016,upGrad,UP,STABLE,LOSS_MAKING,STABLE,STABLE,UP,TECH:1:STABLE,PRESSURE,Evidence-based classification; directions UP/DOWN/STABLE/MIXED; no predictions made; confidence based on evidence count.,HIGH,15,Signals derived only from CSV evidence; no unsupported inferences; sample-size shown; no predictions.
S0017,BrowserStack,UP,STABLE,STABLE,UP,STABLE,UP,TECH:1:STABLE,STABLE,Evidence-based classification; directions UP/DOWN/STABLE/MIXED; no predictions made; confidence based on evidence count.,HIGH,24,Signals derived only from CSV evidence; no unsupported inferences; sample-size shown; no predictions.
S0018,Dhan,UP,UP,PROFITABLE,STABLE,STABLE,UP,TECH:1:STABLE,PRESSURE,Evidence-based classification; directions UP/DOWN/STABLE/MIXED; no predictions made; confidence based on evidence count.,HIGH,32,Signals derived only from CSV evidence; no unsupported inferences; sample-size shown; no predictions.
S0019,PharmEasy,UP,UP,STABLE,STABLE,STABLE,UP,TECH:0:STABLE,PRESSURE,Evidence-based classification; directions UP/DOWN/STABLE/MIXED; no predictions made; confidence based on evidence count.,HIGH,14,Signals derived only from CSV evidence; no unsupported inferences; sample-size shown; no predictions.
S0020,Snapmint,UP,STABLE,STABLE,STABLE,STABLE,UP,TECH:0:STABLE,STABLE,Evidence-based classification; directions UP/DOWN/STABLE/MIXED; no predictions made; confidence based on evidence count.,HIGH,5,Signals derived only from CSV evidence; no unsupported inferences; sample-size shown; no predictions.
S0021,Upstox,UP,STABLE,PROFITABLE,STABLE,STABLE,UP,TECH:0:STABLE,PRESSURE,Evidence-based classification; directions UP/DOWN/STABLE/MIXED; no predictions made; confidence based on evidence count.,HIGH,16,Signals derived only from CSV evidence; no unsupported inferences; sample-size shown; no predictions.
S0022,Udaan,UP,STABLE,STABLE,UP,STABLE,UP,TECH:0:STABLE,PRESSURE,Evidence-based classification; directions UP/DOWN/STABLE/MIXED; no predictions made; confidence based on evidence count.,HIGH,11,Signals derived only from CSV evidence; no unsupported inferences; sample-size shown; no predictions.
S0023,ACKO,UP,STABLE,LOSS_MAKING,STABLE,STABLE,UP,TECH:1:STABLE,PRESSURE,Evidence-based classification; directions UP/DOWN/STABLE/MIXED; no predictions made; confidence based on evidence count.,HIGH,10,Signals derived only from CSV evidence; no unsupported inferences; sample-size shown; no predictions.
S0024,CoinSwitch Kuber,UP,STABLE,STABLE,STABLE,STABLE,UP,TECH:0:STABLE,PRESSURE,Evidence-based classification; directions UP/DOWN/STABLE/MIXED; no predictions made; confidence based on evidence count.,HIGH,9,Signals derived only from CSV evidence; no unsupported inferences; sample-size shown; no predictions.
S0025,Cult.fit (CureFit),UP,STABLE,STABLE,STABLE,STABLE,UP,TECH:0:STABLE,PRESSURE,Evidence-based classification; directions UP/DOWN/STABLE/MIXED; no predictions made; confidence based on evidence count.,HIGH,8,Signals derived only from CSV evidence; no unsupported inferences; sample-size shown; no predictions.
S0026,Fireflies AI,UP,STABLE,STABLE,UP,STABLE,UP,TECH:0:STABLE,PRESSURE,Evidence-based classification; directions UP/DOWN/STABLE/MIXED; no predictions made; confidence based on evidence count.,HIGH,7,Signals derived only from CSV evidence; no unsupported inferences; sample-size shown; no predictions.
S0027,Hasura,UP,STABLE,STABLE,STABLE,STABLE,UP,TECH:0:STABLE,STABLE,Evidence-based classification; directions UP/DOWN/STABLE/MIXED; no predictions made; confidence based on evidence count.,HIGH,5,Signals derived only from CSV evidence; no unsupported inferences; sample-size shown; no predictions.
S0028,Icertis,UP,STABLE,STABLE,STABLE,STABLE,UP,TECH:0:STABLE,STABLE,Evidence-based classification; directions UP/DOWN/STABLE/MIXED; no predictions made; confidence based on evidence count.,HIGH,5,Signals derived only from CSV evidence; no unsupported inferences; sample-size shown; no predictions.
S0029,LeadSquared,UP,UP,STABLE,STABLE,STABLE,UP,TECH:0:STABLE,STABLE,Evidence-based classification; directions UP/DOWN/STABLE/MIXED; no predictions made; confidence based on evidence count.,HIGH,13,Signals derived only from CSV evidence; no unsupported inferences; sample-size shown; no predictions.
S0030,MoEngage,UP,STABLE,STABLE,UP,STABLE,UP,TECH:0:STABLE,STABLE,Evidence-based classification; directions UP/DOWN/STABLE/MIXED; no predictions made; confidence based on evidence count.,HIGH,6,Signals derived only from CSV evidence; no unsupported inferences; sample-size shown; no predictions.
S0031,Moneyview,UP,STABLE,PROFITABLE,STABLE,STABLE,UP,TECH:0:STABLE,STABLE,Evidence-based classification; directions UP/DOWN/STABLE/MIXED; no predictions made; confidence based on evidence count.,HIGH,6,Signals derived only from CSV evidence; no unsupported inferences; sample-size shown; no predictions.
S0032,Mu Sigma,UP,STABLE,STABLE,STABLE,STABLE,UP,TECH:0:STABLE,PRESSURE,Evidence-based classification; directions UP/DOWN/STABLE/MIXED; no predictions made; confidence based on evidence count.,HIGH,13,Signals derived only from CSV evidence; no unsupported inferences; sample-size shown; no predictions.
S0033,Netradyne,UP,STABLE,STABLE,STABLE,STABLE,UP,TECH:0:STABLE,STABLE,Evidence-based classification; directions UP/DOWN/STABLE/MIXED; no predictions made; confidence based on evidence count.,HIGH,5,Signals derived only from CSV evidence; no unsupported inferences; sample-size shown; no predictions.
S0034,Postman,UP,STABLE,STABLE,STABLE,STABLE,UP,TECH:0:STABLE,STABLE,Evidence-based classification; directions UP/DOWN/STABLE/MIXED; no predictions made; confidence based on evidence count.,HIGH,13,Signals derived only from CSV evidence; no unsupported inferences; sample-size shown; no predictions.
S0035,Zeta,UP,UP,PROFITABLE,STABLE,STABLE,UP,TECH:0:STABLE,PRESSURE,Evidence-based classification; directions UP/DOWN/STABLE/MIXED; no predictions made; confidence based on evidence count.,HIGH,25,Signals derived only from CSV evidence; no unsupported inferences; sample-size shown; no predictions.
S0036,Flipkart,UP,UP,LOSS_MAKING,STABLE,STABLE,UP,TECH:0:STABLE,PRESSURE,Evidence-based classification; directions UP/DOWN/STABLE/MIXED; no predictions made; confidence based on evidence count.,HIGH,14,Signals derived only from CSV evidence; no unsupported inferences; sample-size shown; no predictions.
S0037,Porter,UP,UP,PROFITABLE,STABLE,STABLE,UP,TECH:0:STABLE,STABLE,Evidence-based classification; directions UP/DOWN/STABLE/MIXED; no predictions made; confidence based on evidence count.,HIGH,12,Signals derived only from CSV evidence; no unsupported inferences; sample-size shown; no predictions.
S0038,Unacademy,UP,STABLE,LOSS_MAKING,STABLE,STABLE,UP,TECH:0:STABLE,PRESSURE,Evidence-based classification; directions UP/DOWN/STABLE/MIXED; no predictions made; confidence based on evidence count.,HIGH,18,Signals derived only from CSV evidence; no unsupported inferences; sample-size shown; no predictions.
S0039,Vedantu,UP,STABLE,STABLE,STABLE,STABLE,UP,TECH:0:STABLE,STABLE,Evidence-based classification; directions UP/DOWN/STABLE/MIXED; no predictions made; confidence based on evidence count.,HIGH,4,Signals derived only from CSV evidence; no unsupported inferences; sample-size shown; no predictions.
S0040,Zetwerk,UP,UP,STABLE,STABLE,STABLE,UP,TECH:0:STABLE,PRESSURE,Evidence-based classification; directions UP/DOWN/STABLE/MIXED; no predictions made; confidence based on evidence count.,HIGH,13,Signals derived only from CSV evidence; no unsupported inferences; sample-size shown; no predictions.
S0041,Dream11 (Dream Sports),UP,STABLE,LOSS_MAKING,STABLE,STABLE,UP,TECH:1:STABLE,PRESSURE,Evidence-based classification; directions UP/DOWN/STABLE/MIXED; no predictions made; confidence based on evidence count.,HIGH,11,Signals derived only from CSV evidence; no unsupported inferences; sample-size shown; no predictions.
S0042,InMobi,UP,UP,LOSS_MAKING,STABLE,STABLE,UP,TECH:1:STABLE,PRESSURE,Evidence-based classification; directions UP/DOWN/STABLE/MIXED; no predictions made; confidence based on evidence count.,HIGH,17,Signals derived only from CSV evidence; no unsupported inferences; sample-size shown; no predictions.
S0043,Nykaa,UP,STABLE,PROFITABLE,UP,STABLE,UP,TECH:1:STABLE,STABLE,Evidence-based classification; directions UP/DOWN/STABLE/MIXED; no predictions made; confidence based on evidence count.,HIGH,10,Signals derived only from CSV evidence; no unsupported inferences; sample-size shown; no predictions.
S0044,Rebel Foods,UP,UP,STABLE,STABLE,STABLE,UP,TECH:1:STABLE,PRESSURE,Evidence-based classification; directions UP/DOWN/STABLE/MIXED; no predictions made; confidence based on evidence count.,HIGH,21,Signals derived only from CSV evidence; no unsupported inferences; sample-size shown; no predictions.
S0045,Drools,UP,UP,STABLE,STABLE,STABLE,UP,TECH:0:STABLE,STABLE,Evidence-based classification; directions UP/DOWN/STABLE/MIXED; no predictions made; confidence based on evidence count.,HIGH,9,Signals derived only from CSV evidence; no unsupported inferences; sample-size shown; no predictions.
S0046,Fractal Analytics,UP,STABLE,PROFITABLE,UP,STABLE,UP,TECH:1:STABLE,STABLE,Evidence-based classification; directions UP/DOWN/STABLE/MIXED; no predictions made; confidence based on evidence count.,HIGH,8,Signals derived only from CSV evidence; no unsupported inferences; sample-size shown; no predictions.
S0047,Jumbotail,UP,STABLE,LOSS_MAKING,STABLE,STABLE,UP,TECH:0:STABLE,PRESSURE,Evidence-based classification; directions UP/DOWN/STABLE/MIXED; no predictions made; confidence based on evidence count.,HIGH,14,Signals derived only from CSV evidence; no unsupported inferences; sample-size shown; no predictions.
S0048,Livspace,UP,STABLE,STABLE,STABLE,STABLE,UP,TECH:0:STABLE,PRESSURE,Evidence-based classification; directions UP/DOWN/STABLE/MIXED; no predictions made; confidence based on evidence count.,HIGH,14,Signals derived only from CSV evidence; no unsupported inferences; sample-size shown; no predictions.
S0049,Meesho,UP,UP,LOSS_MAKING,STABLE,STABLE,UP,TECH:0:STABLE,PRESSURE,Evidence-based classification; directions UP/DOWN/STABLE/MIXED; no predictions made; confidence based on evidence count.,HIGH,17,Signals derived only from CSV evidence; no unsupported inferences; sample-size shown; no predictions.
S0050,Ola (ANI Technologies),UP,STABLE,STABLE,STABLE,STABLE,UP,TECH:0:STABLE,STABLE,Evidence-based classification; directions UP/DOWN/STABLE/MIXED; no predictions made; confidence based on evidence count.,HIGH,4,Signals derived only from CSV evidence; no unsupported inferences; sample-size shown; no predictions.
S0051,Rapido,UP,STABLE,STABLE,STABLE,STABLE,UP,TECH:0:STABLE,PRESSURE,Evidence-based classification; directions UP/DOWN/STABLE/MIXED; no predictions made; confidence based on evidence count.,HIGH,22,Signals derived only from CSV evidence; no unsupported inferences; sample-size shown; no predictions.
S0052,ShareChat,UP,STABLE,STABLE,STABLE,STABLE,UP,TECH:0:STABLE,PRESSURE,Evidence-based classification; directions UP/DOWN/STABLE/MIXED; no predictions made; confidence based on evidence count.,HIGH,16,Signals derived only from CSV evidence; no unsupported inferences; sample-size shown; no predictions.
S0053,Apna,UP,STABLE,STABLE,STABLE,STABLE,UP,TECH:0:STABLE,PRESSURE,Evidence-based classification; directions UP/DOWN/STABLE/MIXED; no predictions made; confidence based on evidence count.,HIGH,14,Signals derived only from CSV evidence; no unsupported inferences; sample-size shown; no predictions.
S0054,BharatPe,UP,STABLE,STABLE,STABLE,STABLE,UP,TECH:0:STABLE,PRESSURE,Evidence-based classification; directions UP/DOWN/STABLE/MIXED; no predictions made; confidence based on evidence count.,HIGH,6,Signals derived only from CSV evidence; no unsupported inferences; sample-size shown; no predictions.
S0055,Euler Motors,UP,STABLE,STABLE,STABLE,STABLE,UP,TECH:0:STABLE,PRESSURE,Evidence-based classification; directions UP/DOWN/STABLE/MIXED; no predictions made; confidence based on evidence count.,HIGH,13,Signals derived only from CSV evidence; no unsupported inferences; sample-size shown; no predictions.
S0056,Fibe (EarlySalary),UP,STABLE,STABLE,STABLE,STABLE,UP,TECH:0:STABLE,STABLE,Evidence-based classification; directions UP/DOWN/STABLE/MIXED; no predictions made; confidence based on evidence count.,HIGH,4,Signals derived only from CSV evidence; no unsupported inferences; sample-size shown; no predictions.
S0057,Innovaccer,UP,STABLE,STABLE,STABLE,STABLE,UP,TECH:0:STABLE,STABLE,Evidence-based classification; directions UP/DOWN/STABLE/MIXED; no predictions made; confidence based on evidence count.,HIGH,5,Signals derived only from CSV evidence; no unsupported inferences; sample-size shown; no predictions.
S0058,Pixxel,UP,STABLE,LOSS_MAKING,UP,STABLE,UP,TECH:2:STABLE,STABLE,Evidence-based classification; directions UP/DOWN/STABLE/MIXED; no predictions made; confidence based on evidence count.,HIGH,11,Signals derived only from CSV evidence; no unsupported inferences; sample-size shown; no predictions.
S0059,Ecofy Finance (Ecofy),UP,STABLE,STABLE,STABLE,STABLE,UP,TECH:0:STABLE,STABLE,Evidence-based classification; directions UP/DOWN/STABLE/MIXED; no predictions made; confidence based on evidence count.,HIGH,6,Signals derived only from CSV evidence; no unsupported inferences; sample-size shown; no predictions.
S0060,Miko Technologies,UP,STABLE,STABLE,UP,STABLE,UP,TECH:1:STABLE,STABLE,Evidence-based classification; directions UP/DOWN/STABLE/MIXED; no predictions made; confidence based on evidence count.,HIGH,8,Signals derived only from CSV evidence; no unsupported inferences; sample-size shown; no predictions.
S0061,Nua,UP,UP,LOSS_MAKING,UP,STABLE,UP,TECH:1:STABLE,STABLE,Evidence-based classification; directions UP/DOWN/STABLE/MIXED; no predictions made; confidence based on evidence count.,HIGH,15,Signals derived only from CSV evidence; no unsupported inferences; sample-size shown; no predictions.
S0062,Truemeds,UP,STABLE,STABLE,UP,STABLE,UP,TECH:1:STABLE,PRESSURE,Evidence-based classification; directions UP/DOWN/STABLE/MIXED; no predictions made; confidence based on evidence count.,HIGH,15,Signals derived only from CSV evidence; no unsupported inferences; sample-size shown; no predictions.
S0063,Weaver Services,UP,STABLE,PROFITABLE,STABLE,STABLE,UP,TECH:1:STABLE,PRESSURE,Evidence-based classification; directions UP/DOWN/STABLE/MIXED; no predictions made; confidence based on evidence count.,HIGH,11,Signals derived only from CSV evidence; no unsupported inferences; sample-size shown; no predictions.
S0064,NoBroker,UP,STABLE,STABLE,STABLE,STABLE,UP,TECH:0:STABLE,PRESSURE,Evidence-based classification; directions UP/DOWN/STABLE/MIXED; no predictions made; confidence based on evidence count.,HIGH,11,Signals derived only from CSV evidence; no unsupported inferences; sample-size shown; no predictions.
S0065,Skyroot Aerospace,UP,STABLE,STABLE,STABLE,STABLE,UP,TECH:0:STABLE,STABLE,Evidence-based classification; directions UP/DOWN/STABLE/MIXED; no predictions made; confidence based on evidence count.,HIGH,6,Signals derived only from CSV evidence; no unsupported inferences; sample-size shown; no predictions.
S0066,Digantara,UP,STABLE,LOSS_MAKING,STABLE,STABLE,UP,TECH:0:STABLE,STABLE,Evidence-based classification; directions UP/DOWN/STABLE/MIXED; no predictions made; confidence based on evidence count.,HIGH,10,Signals derived only from CSV evidence; no unsupported inferences; sample-size shown; no predictions.
S0067,Games24x7,UP,STABLE,LOSS_MAKING,UP,STABLE,UP,TECH:1:STABLE,PRESSURE,Evidence-based classification; directions UP/DOWN/STABLE/MIXED; no predictions made; confidence based on evidence count.,HIGH,22,Signals derived only from CSV evidence; no unsupported inferences; sample-size shown; no predictions.
S0068,Infra.Market,UP,UP,PROFITABLE,STABLE,STABLE,UP,TECH:0:STABLE,PRESSURE,Evidence-based classification; directions UP/DOWN/STABLE/MIXED; no predictions made; confidence based on evidence count.,HIGH,19,Signals derived only from CSV evidence; no unsupported inferences; sample-size shown; no predictions.
S0069,Kinara AI,UP,STABLE,STABLE,STABLE,STABLE,UP,TECH:0:STABLE,STABLE,Evidence-based classification; directions UP/DOWN/STABLE/MIXED; no predictions made; confidence based on evidence count.,HIGH,4,Signals derived only from CSV evidence; no unsupported inferences; sample-size shown; no predictions.
S0070,Navi,UP,STABLE,PROFITABLE,STABLE,STABLE,UP,TECH:0:STABLE,PRESSURE,Evidence-based classification; directions UP/DOWN/STABLE/MIXED; no predictions made; confidence based on evidence count.,HIGH,26,Signals derived only from CSV evidence; no unsupported inferences; sample-size shown; no predictions.
S0071,Ninjacart,UP,UP,STABLE,STABLE,STABLE,UP,TECH:0:STABLE,PRESSURE,Evidence-based classification; directions UP/DOWN/STABLE/MIXED; no predictions made; confidence based on evidence count.,HIGH,14,Signals derived only from CSV evidence; no unsupported inferences; sample-size shown; no predictions.
S0072,Pine Labs,UP,UP,STABLE,STABLE,STABLE,UP,TECH:1:STABLE,PRESSURE,Evidence-based classification; directions UP/DOWN/STABLE/MIXED; no predictions made; confidence based on evidence count.,HIGH,18,Signals derived only from CSV evidence; no unsupported inferences; sample-size shown; no predictions.
S0073,River Mobility,UP,STABLE,STABLE,STABLE,STABLE,UP,TECH:0:STABLE,STABLE,Evidence-based classification; directions UP/DOWN/STABLE/MIXED; no predictions made; confidence based on evidence count.,HIGH,4,Signals derived only from CSV evidence; no unsupported inferences; sample-size shown; no predictions.
S0074,Rocketlane,UP,STABLE,STABLE,STABLE,STABLE,UP,TECH:0:STABLE,STABLE,Evidence-based classification; directions UP/DOWN/STABLE/MIXED; no predictions made; confidence based on evidence count.,HIGH,4,Signals derived only from CSV evidence; no unsupported inferences; sample-size shown; no predictions.
S0075,Ultrahuman,UP,STABLE,STABLE,STABLE,STABLE,UP,TECH:0:STABLE,PRESSURE,Evidence-based classification; directions UP/DOWN/STABLE/MIXED; no predictions made; confidence based on evidence count.,HIGH,26,Signals derived only from CSV evidence; no unsupported inferences; sample-size shown; no predictions.
S0076,Third Wave Coffee,UP,UP,STABLE,STABLE,STABLE,UP,TECH:0:STABLE,STABLE,Evidence-based classification; directions UP/DOWN/STABLE/MIXED; no predictions made; confidence based on evidence count.,HIGH,15,Signals derived only from CSV evidence; no unsupported inferences; sample-size shown; no predictions.
S0077,Celcius Logistics,STABLE,STABLE,STABLE,STABLE,STABLE,UP,TECH:0:STABLE,STABLE,Evidence-based classification; directions UP/DOWN/STABLE/MIXED; no predictions made; confidence based on evidence count.,MEDIUM,5,Signals derived only from CSV evidence; no unsupported inferences; sample-size shown; no predictions.
S0078,Square Yards,UP,UP,STABLE,STABLE,STABLE,UP,TECH:1:STABLE,STABLE,Evidence-based classification; directions UP/DOWN/STABLE/MIXED; no predictions made; confidence based on evidence count.,HIGH,14,Signals derived only from CSV evidence; no unsupported inferences; sample-size shown; no predictions.
S0079,Wint Wealth,UP,STABLE,STABLE,STABLE,STABLE,UP,TECH:0:STABLE,PRESSURE,Evidence-based classification; directions UP/DOWN/STABLE/MIXED; no predictions made; confidence based on evidence count.,HIGH,6,Signals derived only from CSV evidence; no unsupported inferences; sample-size shown; no predictions.
S0080,Airbound,UP,STABLE,STABLE,STABLE,STABLE,UP,TECH:0:STABLE,STABLE,Evidence-based classification; directions UP/DOWN/STABLE/MIXED; no predictions made; confidence based on evidence count.,HIGH,5,Signals derived only from CSV evidence; no unsupported inferences; sample-size shown; no predictions.
S0081,Ati Motors,UP,STABLE,STABLE,STABLE,STABLE,UP,TECH:0:STABLE,STABLE,Evidence-based classification; directions UP/DOWN/STABLE/MIXED; no predictions made; confidence based on evidence count.,HIGH,5,Signals derived only from CSV evidence; no unsupported inferences; sample-size shown; no predictions.
S0082,Sapiom,UP,STABLE,STABLE,STABLE,STABLE,UP,TECH:0:STABLE,STABLE,Evidence-based classification; directions UP/DOWN/STABLE/MIXED; no predictions made; confidence based on evidence count.,HIGH,5,Signals derived only from CSV evidence; no unsupported inferences; sample-size shown; no predictions.
S0083,boAt,UP,STABLE,PROFITABLE,STABLE,STABLE,UP,TECH:1:STABLE,STABLE,Evidence-based classification; directions UP/DOWN/STABLE/MIXED; no predictions made; confidence based on evidence count.,HIGH,7,Signals derived only from CSV evidence; no unsupported inferences; sample-size shown; no predictions.
S0084,MobiKwik,UP,UP,LOSS_MAKING,STABLE,STABLE,UP,TECH:1:STABLE,STABLE,Evidence-based classification; directions UP/DOWN/STABLE/MIXED; no predictions made; confidence based on evidence count.,HIGH,8,Signals derived only from CSV evidence; no unsupported inferences; sample-size shown; no predictions.
S0085,OfBusiness,UP,STABLE,PROFITABLE,STABLE,STABLE,UP,TECH:0:STABLE,PRESSURE,Evidence-based classification; directions UP/DOWN/STABLE/MIXED; no predictions made; confidence based on evidence count.,HIGH,21,Signals derived only from CSV evidence; no unsupported inferences; sample-size shown; no predictions.
S0086,Pristyn Care,UP,STABLE,STABLE,UP,STABLE,UP,TECH:0:STABLE,STABLE,Evidence-based classification; directions UP/DOWN/STABLE/MIXED; no predictions made; confidence based on evidence count.,HIGH,9,Signals derived only from CSV evidence; no unsupported inferences; sample-size shown; no predictions.
S0087,Swish,UP,UP,STABLE,STABLE,STABLE,UP,TECH:0:STABLE,STABLE,Evidence-based classification; directions UP/DOWN/STABLE/MIXED; no predictions made; confidence based on evidence count.,HIGH,8,Signals derived only from CSV evidence; no unsupported inferences; sample-size shown; no predictions.
S0088,Hang Ten Systems,STABLE,STABLE,STABLE,STABLE,STABLE,UP,TECH:0:STABLE,STABLE,Evidence-based classification; directions UP/DOWN/STABLE/MIXED; no predictions made; confidence based on evidence count.,MEDIUM,4,Signals derived only from CSV evidence; no unsupported inferences; sample-size shown; no predictions.
S0089,Moonrider,UP,STABLE,STABLE,STABLE,STABLE,UP,TECH:0:STABLE,STABLE,Evidence-based classification; directions UP/DOWN/STABLE/MIXED; no predictions made; confidence based on evidence count.,HIGH,4,Signals derived only from CSV evidence; no unsupported inferences; sample-size shown; no predictions.
S0090,Toddle,UP,STABLE,STABLE,STABLE,STABLE,UP,TECH:0:STABLE,PRESSURE,Evidence-based classification; directions UP/DOWN/STABLE/MIXED; no predictions made; confidence based on evidence count.,HIGH,13,Signals derived only from CSV evidence; no unsupported inferences; sample-size shown; no predictions.
S0091,Inito,UP,STABLE,STABLE,STABLE,STABLE,UP,TECH:0:STABLE,STABLE,Evidence-based classification; directions UP/DOWN/STABLE/MIXED; no predictions made; confidence based on evidence count.,HIGH,4,Signals derived only from CSV evidence; no unsupported inferences; sample-size shown; no predictions.
S0092,Akasa Air,UP,UP,STABLE,STABLE,STABLE,UP,TECH:0:STABLE,PRESSURE,Evidence-based classification; directions UP/DOWN/STABLE/MIXED; no predictions made; confidence based on evidence count.,HIGH,21,Signals derived only from CSV evidence; no unsupported inferences; sample-size shown; no predictions.
S0093,EatClub (BOX8),UP,UP,LOSS_MAKING,STABLE,STABLE,UP,TECH:1:STABLE,STABLE,Evidence-based classification; directions UP/DOWN/STABLE/MIXED; no predictions made; confidence based on evidence count.,HIGH,20,Signals derived only from CSV evidence; no unsupported inferences; sample-size shown; no predictions.
S0094,Eruditus,UP,STABLE,STABLE,STABLE,STABLE,UP,TECH:0:STABLE,STABLE,Evidence-based classification; directions UP/DOWN/STABLE/MIXED; no predictions made; confidence based on evidence count.,HIGH,11,Signals derived only from CSV evidence; no unsupported inferences; sample-size shown; no predictions.
S0095,Innovist,UP,UP,PROFITABLE,STABLE,STABLE,UP,TECH:1:STABLE,STABLE,Evidence-based classification; directions UP/DOWN/STABLE/MIXED; no predictions made; confidence based on evidence count.,HIGH,11,Signals derived only from CSV evidence; no unsupported inferences; sample-size shown; no predictions.
S0096,Leap (LeapScholar),UP,STABLE,STABLE,STABLE,STABLE,UP,TECH:0:STABLE,STABLE,Evidence-based classification; directions UP/DOWN/STABLE/MIXED; no predictions made; confidence based on evidence count.,HIGH,10,Signals derived only from CSV evidence; no unsupported inferences; sample-size shown; no predictions.
S0097,Nazara Technologies,UP,STABLE,STABLE,STABLE,STABLE,UP,TECH:0:STABLE,STABLE,Evidence-based classification; directions UP/DOWN/STABLE/MIXED; no predictions made; confidence based on evidence count.,HIGH,4,Signals derived only from CSV evidence; no unsupported inferences; sample-size shown; no predictions.
S0098,Neo (Neo Wealth),UP,STABLE,STABLE,STABLE,STABLE,UP,TECH:0:STABLE,PRESSURE,Evidence-based classification; directions UP/DOWN/STABLE/MIXED; no predictions made; confidence based on evidence count.,HIGH,14,Signals derived only from CSV evidence; no unsupported inferences; sample-size shown; no predictions.
S0099,Stellapps,UP,STABLE,STABLE,STABLE,STABLE,UP,TECH:0:STABLE,STABLE,Evidence-based classification; directions UP/DOWN/STABLE/MIXED; no predictions made; confidence based on evidence count.,HIGH,4,Signals derived only from CSV evidence; no unsupported inferences; sample-size shown; no predictions.
S0100,Purple Style Labs,UP,UP,LOSS_MAKING,STABLE,STABLE,UP,TECH:0:STABLE,PRESSURE,Evidence-based classification; directions UP/DOWN/STABLE/MIXED; no predictions made; confidence based on evidence count.,HIGH,14,Signals derived only from CSV evidence; no unsupported inferences; sample-size shown; no predictions.
S0101,Zypp Electric,UP,STABLE,STABLE,STABLE,STABLE,UP,TECH:0:STABLE,STABLE,Evidence-based classification; directions UP/DOWN/STABLE/MIXED; no predictions made; confidence based on evidence count.,HIGH,4,Signals derived only from CSV evidence; no unsupported inferences; sample-size shown; no predictions.
S0102,Business Nextgen Finance,STABLE,STABLE,STABLE,STABLE,STABLE,UP,TECH:0:STABLE,STABLE,Evidence-based classification; directions UP/DOWN/STABLE/MIXED; no predictions made; confidence based on evidence count.,MEDIUM,4,Signals derived only from CSV evidence; no unsupported inferences; sample-size shown; no predictions.
S0103,EtherealX (Ethereal Exploration),UP,STABLE,STABLE,STABLE,STABLE,UP,TECH:0:STABLE,STABLE,Evidence-based classification; directions UP/DOWN/STABLE/MIXED; no predictions made; confidence based on evidence count.,HIGH,5,Signals derived only from CSV evidence; no unsupported inferences; sample-size shown; no predictions.
S0104,QNu Labs,UP,STABLE,STABLE,STABLE,STABLE,UP,TECH:0:STABLE,STABLE,Evidence-based classification; directions UP/DOWN/STABLE/MIXED; no predictions made; confidence based on evidence count.,HIGH,12,Signals derived only from CSV evidence; no unsupported inferences; sample-size shown; no predictions.
S0105,Ultraviolette,UP,STABLE,STABLE,STABLE,STABLE,UP,TECH:0:STABLE,STABLE,Evidence-based classification; directions UP/DOWN/STABLE/MIXED; no predictions made; confidence based on evidence count.,HIGH,8,Signals derived only from CSV evidence; no unsupported inferences; sample-size shown; no predictions.
S0106,Curefoods,UP,UP,STABLE,STABLE,STABLE,UP,TECH:0:STABLE,PRESSURE,Evidence-based classification; directions UP/DOWN/STABLE/MIXED; no predictions made; confidence based on evidence count.,HIGH,23,Signals derived only from CSV evidence; no unsupported inferences; sample-size shown; no predictions.
S0107,Dezerv,UP,STABLE,STABLE,STABLE,STABLE,UP,TECH:0:STABLE,STABLE,Evidence-based classification; directions UP/DOWN/STABLE/MIXED; no predictions made; confidence based on evidence count.,HIGH,5,Signals derived only from CSV evidence; no unsupported inferences; sample-size shown; no predictions.
S0108,Edubuk,UP,STABLE,STABLE,STABLE,STABLE,UP,TECH:0:STABLE,STABLE,Evidence-based classification; directions UP/DOWN/STABLE/MIXED; no predictions made; confidence based on evidence count.,HIGH,7,Signals derived only from CSV evidence; no unsupported inferences; sample-size shown; no predictions.
S0109,EloElo,UP,STABLE,STABLE,STABLE,STABLE,UP,TECH:0:STABLE,STABLE,Evidence-based classification; directions UP/DOWN/STABLE/MIXED; no predictions made; confidence based on evidence count.,HIGH,9,Signals derived only from CSV evidence; no unsupported inferences; sample-size shown; no predictions.
S0110,GIVA,UP,UP,STABLE,STABLE,STABLE,UP,TECH:0:STABLE,PRESSURE,Evidence-based classification; directions UP/DOWN/STABLE/MIXED; no predictions made; confidence based on evidence count.,HIGH,13,Signals derived only from CSV evidence; no unsupported inferences; sample-size shown; no predictions.
S0111,Impetus Technologies,STABLE,STABLE,STABLE,STABLE,STABLE,STABLE,TECH:0:STABLE,STABLE,Evidence-based classification; directions UP/DOWN/STABLE/MIXED; no predictions made; confidence based on evidence count.,MEDIUM,4,Signals derived only from CSV evidence; no unsupported inferences; sample-size shown; no predictions.
S0112,Moglix,UP,STABLE,LOSS_MAKING,UP,STABLE,UP,TECH:1:STABLE,STABLE,Evidence-based classification; directions UP/DOWN/STABLE/MIXED; no predictions made; confidence based on evidence count.,HIGH,11,Signals derived only from CSV evidence; no unsupported inferences; sample-size shown; no predictions.
S0113,MPL (Mobile Premier League),STABLE,STABLE,STABLE,STABLE,STABLE,UP,TECH:0:STABLE,PRESSURE,Evidence-based classification; directions UP/DOWN/STABLE/MIXED; no predictions made; confidence based on evidence count.,MEDIUM,5,Signals derived only from CSV evidence; no unsupported inferences; sample-size shown; no predictions.
S0114,PhysicsWallah,UP,STABLE,STABLE,STABLE,STABLE,UP,TECH:0:STABLE,STABLE,Evidence-based classification; directions UP/DOWN/STABLE/MIXED; no predictions made; confidence based on evidence count.,HIGH,4,Signals derived only from CSV evidence; no unsupported inferences; sample-size shown; no predictions.
S0115,Popo Global,STABLE,STABLE,STABLE,STABLE,STABLE,UP,TECH:0:STABLE,STABLE,Evidence-based classification; directions UP/DOWN/STABLE/MIXED; no predictions made; confidence based on evidence count.,MEDIUM,4,Signals derived only from CSV evidence; no unsupported inferences; sample-size shown; no predictions.
S0116,Shadowfax,UP,STABLE,STABLE,STABLE,STABLE,UP,TECH:0:STABLE,STABLE,Evidence-based classification; directions UP/DOWN/STABLE/MIXED; no predictions made; confidence based on evidence count.,HIGH,4,Signals derived only from CSV evidence; no unsupported inferences; sample-size shown; no predictions.
S0117,Smallcase,UP,STABLE,STABLE,STABLE,STABLE,UP,TECH:0:STABLE,STABLE,Evidence-based classification; directions UP/DOWN/STABLE/MIXED; no predictions made; confidence based on evidence count.,HIGH,6,Signals derived only from CSV evidence; no unsupported inferences; sample-size shown; no predictions.
S0118,StockGro,UP,STABLE,PROFITABLE,STABLE,STABLE,UP,TECH:0:STABLE,PRESSURE,Evidence-based classification; directions UP/DOWN/STABLE/MIXED; no predictions made; confidence based on evidence count.,HIGH,11,Signals derived only from CSV evidence; no unsupported inferences; sample-size shown; no predictions.
S0119,Yulu,UP,STABLE,STABLE,STABLE,STABLE,UP,TECH:0:STABLE,PRESSURE,Evidence-based classification; directions UP/DOWN/STABLE/MIXED; no predictions made; confidence based on evidence count.,HIGH,16,Signals derived only from CSV evidence; no unsupported inferences; sample-size shown; no predictions.
S0120,Zenoti,UP,STABLE,STABLE,STABLE,STABLE,UP,TECH:0:STABLE,STABLE,Evidence-based classification; directions UP/DOWN/STABLE/MIXED; no predictions made; confidence based on evidence count.,HIGH,16,Signals derived only from CSV evidence; no unsupported inferences; sample-size shown; no predictions.
S0121,Exxat,UP,STABLE,STABLE,STABLE,STABLE,STABLE,TECH:0:STABLE,STABLE,Evidence-based classification; directions UP/DOWN/STABLE/MIXED; no predictions made; confidence based on evidence count.,HIGH,4,Signals derived only from CSV evidence; no unsupported inferences; sample-size shown; no predictions.
S0122,Bellatrix Aerospace,UP,STABLE,STABLE,STABLE,STABLE,UP,TECH:0:STABLE,STABLE,Evidence-based classification; directions UP/DOWN/STABLE/MIXED; no predictions made; confidence based on evidence count.,HIGH,4,Signals derived only from CSV evidence; no unsupported inferences; sample-size shown; no predictions.
S0123,Foxtale,UP,UP,STABLE,STABLE,STABLE,UP,TECH:0:STABLE,STABLE,Evidence-based classification; directions UP/DOWN/STABLE/MIXED; no predictions made; confidence based on evidence count.,HIGH,22,Signals derived only from CSV evidence; no unsupported inferences; sample-size shown; no predictions.
S0124,GalaxEye,STABLE,STABLE,STABLE,STABLE,STABLE,UP,TECH:0:STABLE,STABLE,Evidence-based classification; directions UP/DOWN/STABLE/MIXED; no predictions made; confidence based on evidence count.,MEDIUM,4,Signals derived only from CSV evidence; no unsupported inferences; sample-size shown; no predictions.
S0125,HerSpace Manufacturing,UP,STABLE,STABLE,STABLE,STABLE,STABLE,TECH:0:STABLE,STABLE,Evidence-based classification; directions UP/DOWN/STABLE/MIXED; no predictions made; confidence based on evidence count.,HIGH,8,Signals derived only from CSV evidence; no unsupported inferences; sample-size shown; no predictions.
S0126,Snitch,UP,STABLE,STABLE,STABLE,STABLE,UP,TECH:0:STABLE,STABLE,Evidence-based classification; directions UP/DOWN/STABLE/MIXED; no predictions made; confidence based on evidence count.,HIGH,8,Signals derived only from CSV evidence; no unsupported inferences; sample-size shown; no predictions.
S0127,OneCard (FPL Technologies),UP,STABLE,STABLE,STABLE,STABLE,UP,TECH:0:STABLE,PRESSURE,Evidence-based classification; directions UP/DOWN/STABLE/MIXED; no predictions made; confidence based on evidence count.,HIGH,5,Signals derived only from CSV evidence; no unsupported inferences; sample-size shown; no predictions.
S0128,Rezolv,UP,STABLE,STABLE,STABLE,STABLE,UP,TECH:0:STABLE,STABLE,Evidence-based classification; directions UP/DOWN/STABLE/MIXED; no predictions made; confidence based on evidence count.,HIGH,9,Signals derived only from CSV evidence; no unsupported inferences; sample-size shown; no predictions.
S0129,JustAI,UP,STABLE,STABLE,STABLE,STABLE,UP,TECH:0:STABLE,STABLE,Evidence-based classification; directions UP/DOWN/STABLE/MIXED; no predictions made; confidence based on evidence count.,HIGH,4,Signals derived only from CSV evidence; no unsupported inferences; sample-size shown; no predictions.
S0130,BGauss,UP,UP,LOSS_MAKING,STABLE,STABLE,UP,TECH:0:STABLE,STABLE,Evidence-based classification; directions UP/DOWN/STABLE/MIXED; no predictions made; confidence based on evidence count.,HIGH,14,Signals derived only from CSV evidence; no unsupported inferences; sample-size shown; no predictions.
S0131,Emo Energy,UP,STABLE,STABLE,STABLE,STABLE,UP,TECH:0:STABLE,STABLE,Evidence-based classification; directions UP/DOWN/STABLE/MIXED; no predictions made; confidence based on evidence count.,HIGH,5,Signals derived only from CSV evidence; no unsupported inferences; sample-size shown; no predictions.
S0132,Baaz Bikes,STABLE,STABLE,STABLE,STABLE,STABLE,UP,TECH:0:STABLE,STABLE,Evidence-based classification; directions UP/DOWN/STABLE/MIXED; no predictions made; confidence based on evidence count.,MEDIUM,4,Signals derived only from CSV evidence; no unsupported inferences; sample-size shown; no predictions.
S0133,Piston,STABLE,STABLE,STABLE,STABLE,STABLE,STABLE,TECH:0:STABLE,STABLE,Evidence-based classification; directions UP/DOWN/STABLE/MIXED; no predictions made; confidence based on evidence count.,MEDIUM,4,Signals derived only from CSV evidence; no unsupported inferences; sample-size shown; no predictions.
S0134,Chargebee,UP,STABLE,STABLE,STABLE,STABLE,UP,TECH:0:STABLE,PRESSURE,Evidence-based classification; directions UP/DOWN/STABLE/MIXED; no predictions made; confidence based on evidence count.,HIGH,14,Signals derived only from CSV evidence; no unsupported inferences; sample-size shown; no predictions.
S0135,Delhivery,UP,UP,PROFITABLE,STABLE,STABLE,UP,TECH:0:STABLE,PRESSURE,Evidence-based classification; directions UP/DOWN/STABLE/MIXED; no predictions made; confidence based on evidence count.,HIGH,14,Signals derived only from CSV evidence; no unsupported inferences; sample-size shown; no predictions.
S0136,Erisha E Mobility,STABLE,STABLE,STABLE,STABLE,STABLE,STABLE,TECH:0:STABLE,STABLE,Evidence-based classification; directions UP/DOWN/STABLE/MIXED; no predictions made; confidence based on evidence count.,MEDIUM,4,Signals derived only from CSV evidence; no unsupported inferences; sample-size shown; no predictions.
S0137,Freshworks,UP,STABLE,STABLE,STABLE,STABLE,UP,TECH:0:STABLE,STABLE,Evidence-based classification; directions UP/DOWN/STABLE/MIXED; no predictions made; confidence based on evidence count.,HIGH,4,Signals derived only from CSV evidence; no unsupported inferences; sample-size shown; no predictions.
S0138,OYO,UP,STABLE,PROFITABLE,STABLE,STABLE,UP,TECH:0:STABLE,PRESSURE,Evidence-based classification; directions UP/DOWN/STABLE/MIXED; no predictions made; confidence based on evidence count.,HIGH,17,Signals derived only from CSV evidence; no unsupported inferences; sample-size shown; no predictions.
S0139,Policybazaar,UP,STABLE,PROFITABLE,STABLE,STABLE,UP,TECH:0:STABLE,STABLE,Evidence-based classification; directions UP/DOWN/STABLE/MIXED; no predictions made; confidence based on evidence count.,HIGH,5,Signals derived only from CSV evidence; no unsupported inferences; sample-size shown; no predictions.
S0140,Uniphore,UP,STABLE,STABLE,STABLE,STABLE,UP,TECH:0:STABLE,STABLE,Evidence-based classification; directions UP/DOWN/STABLE/MIXED; no predictions made; confidence based on evidence count.,HIGH,4,Signals derived only from CSV evidence; no unsupported inferences; sample-size shown; no predictions.
S0141,Urban Company,UP,STABLE,STABLE,STABLE,STABLE,UP,TECH:0:STABLE,STABLE,Evidence-based classification; directions UP/DOWN/STABLE/MIXED; no predictions made; confidence based on evidence count.,HIGH,4,Signals derived only from CSV evidence; no unsupported inferences; sample-size shown; no predictions.
S0142,Zomato,UP,STABLE,STABLE,STABLE,STABLE,UP,TECH:0:STABLE,STABLE,Evidence-based classification; directions UP/DOWN/STABLE/MIXED; no predictions made; confidence based on evidence count.,HIGH,4,Signals derived only from CSV evidence; no unsupported inferences; sample-size shown; no predictions.
S0143,Emversity,UP,UP,STABLE,STABLE,STABLE,UP,TECH:0:STABLE,STABLE,Evidence-based classification; directions UP/DOWN/STABLE/MIXED; no predictions made; confidence based on evidence count.,HIGH,5,Signals derived only from CSV evidence; no unsupported inferences; sample-size shown; no predictions.
S0144,KGeN (Kratos Gamer Network),UP,STABLE,STABLE,STABLE,STABLE,UP,TECH:0:STABLE,STABLE,Evidence-based classification; directions UP/DOWN/STABLE/MIXED; no predictions made; confidence based on evidence count.,HIGH,10,Signals derived only from CSV evidence; no unsupported inferences; sample-size shown; no predictions.
S0145,Seekho,UP,STABLE,STABLE,STABLE,STABLE,UP,TECH:0:STABLE,PRESSURE,Evidence-based classification; directions UP/DOWN/STABLE/MIXED; no predictions made; confidence based on evidence count.,HIGH,12,Signals derived only from CSV evidence; no unsupported inferences; sample-size shown; no predictions.
S0146,Avammune Therapeutics,UP,STABLE,STABLE,STABLE,STABLE,UP,TECH:0:STABLE,STABLE,Evidence-based classification; directions UP/DOWN/STABLE/MIXED; no predictions made; confidence based on evidence count.,HIGH,9,Signals derived only from CSV evidence; no unsupported inferences; sample-size shown; no predictions.
S0147,HexaHealth,UP,STABLE,STABLE,STABLE,STABLE,UP,TECH:0:STABLE,STABLE,Evidence-based classification; directions UP/DOWN/STABLE/MIXED; no predictions made; confidence based on evidence count.,HIGH,4,Signals derived only from CSV evidence; no unsupported inferences; sample-size shown; no predictions.
S0148,Escape Plan (travel gear),UP,STABLE,STABLE,STABLE,STABLE,UP,TECH:0:STABLE,STABLE,Evidence-based classification; directions UP/DOWN/STABLE/MIXED; no predictions made; confidence based on evidence count.,HIGH,18,Signals derived only from CSV evidence; no unsupported inferences; sample-size shown; no predictions.
S0149,Lendingkart,UP,STABLE,STABLE,STABLE,STABLE,UP,TECH:0:STABLE,STABLE,Evidence-based classification; directions UP/DOWN/STABLE/MIXED; no predictions made; confidence based on evidence count.,HIGH,4,Signals derived only from CSV evidence; no unsupported inferences; sample-size shown; no predictions.
S0150,PB Healthcare,UP,STABLE,STABLE,STABLE,STABLE,UP,TECH:0:STABLE,STABLE,Evidence-based classification; directions UP/DOWN/STABLE/MIXED; no predictions made; confidence based on evidence count.,HIGH,4,Signals derived only from CSV evidence; no unsupported inferences; sample-size shown; no predictions.
S0151,Augnito,UP,STABLE,STABLE,STABLE,STABLE,UP,TECH:0:STABLE,STABLE,Evidence-based classification; directions UP/DOWN/STABLE/MIXED; no predictions made; confidence based on evidence count.,HIGH,4,Signals derived only from CSV evidence; no unsupported inferences; sample-size shown; no predictions.
S0152,C2i Semiconductors,UP,STABLE,STABLE,STABLE,STABLE,UP,TECH:0:STABLE,STABLE,Evidence-based classification; directions UP/DOWN/STABLE/MIXED; no predictions made; confidence based on evidence count.,HIGH,4,Signals derived only from CSV evidence; no unsupported inferences; sample-size shown; no predictions.
S0153,CynLr,UP,STABLE,STABLE,STABLE,STABLE,UP,TECH:0:STABLE,PRESSURE,Evidence-based classification; directions UP/DOWN/STABLE/MIXED; no predictions made; confidence based on evidence count.,HIGH,12,Signals derived only from CSV evidence; no unsupported inferences; sample-size shown; no predictions.
S0154,Skydo,UP,UP,LOSS_MAKING,STABLE,STABLE,UP,TECH:0:STABLE,PRESSURE,Evidence-based classification; directions UP/DOWN/STABLE/MIXED; no predictions made; confidence based on evidence count.,HIGH,12,Signals derived only from CSV evidence; no unsupported inferences; sample-size shown; no predictions.
S0155,Smart Joules,UP,STABLE,STABLE,STABLE,STABLE,UP,TECH:0:STABLE,STABLE,Evidence-based classification; directions UP/DOWN/STABLE/MIXED; no predictions made; confidence based on evidence count.,HIGH,4,Signals derived only from CSV evidence; no unsupported inferences; sample-size shown; no predictions.
S0156,VerveSemi (Vervesemi),UP,UP,PROFITABLE,STABLE,STABLE,UP,TECH:0:STABLE,STABLE,Evidence-based classification; directions UP/DOWN/STABLE/MIXED; no predictions made; confidence based on evidence count.,HIGH,19,Signals derived only from CSV evidence; no unsupported inferences; sample-size shown; no predictions.
S0157,Butterfly Learnings,UP,UP,STABLE,STABLE,STABLE,UP,TECH:0:STABLE,STABLE,Evidence-based classification; directions UP/DOWN/STABLE/MIXED; no predictions made; confidence based on evidence count.,HIGH,10,Signals derived only from CSV evidence; no unsupported inferences; sample-size shown; no predictions.
S0158,Sugar Cosmetics,UP,STABLE,STABLE,STABLE,STABLE,UP,TECH:0:STABLE,PRESSURE,Evidence-based classification; directions UP/DOWN/STABLE/MIXED; no predictions made; confidence based on evidence count.,HIGH,14,Signals derived only from CSV evidence; no unsupported inferences; sample-size shown; no predictions.
S0159,Graas.ai (Graas),UP,STABLE,STABLE,STABLE,STABLE,UP,TECH:0:STABLE,PRESSURE,Evidence-based classification; directions UP/DOWN/STABLE/MIXED; no predictions made; confidence based on evidence count.,HIGH,16,Signals derived only from CSV evidence; no unsupported inferences; sample-size shown; no predictions.
S0160,Beepkart,STABLE,STABLE,STABLE,STABLE,STABLE,STABLE,TECH:0:STABLE,STABLE,Evidence-based classification; directions UP/DOWN/STABLE/MIXED; no predictions made; confidence based on evidence count.,MEDIUM,3,Signals derived only from CSV evidence; no unsupported inferences; sample-size shown; no predictions.
S0161,Agrani Labs,UP,STABLE,STABLE,STABLE,STABLE,UP,TECH:0:STABLE,STABLE,Evidence-based classification; directions UP/DOWN/STABLE/MIXED; no predictions made; confidence based on evidence count.,HIGH,7,Signals derived only from CSV evidence; no unsupported inferences; sample-size shown; no predictions.
S0162,Mokobara,UP,UP,STABLE,STABLE,STABLE,UP,TECH:0:STABLE,PRESSURE,Evidence-based classification; directions UP/DOWN/STABLE/MIXED; no predictions made; confidence based on evidence count.,HIGH,16,Signals derived only from CSV evidence; no unsupported inferences; sample-size shown; no predictions.
S0163,XpressBees,UP,STABLE,STABLE,STABLE,STABLE,UP,TECH:0:STABLE,PRESSURE,Evidence-based classification; directions UP/DOWN/STABLE/MIXED; no predictions made; confidence based on evidence count.,HIGH,13,Signals derived only from CSV evidence; no unsupported inferences; sample-size shown; no predictions.
S0164,Fundly.ai,UP,UP,STABLE,STABLE,STABLE,UP,TECH:0:STABLE,PRESSURE,Evidence-based classification; directions UP/DOWN/STABLE/MIXED; no predictions made; confidence based on evidence count.,HIGH,11,Signals derived only from CSV evidence; no unsupported inferences; sample-size shown; no predictions.
S0165,Mitigata,UP,STABLE,STABLE,STABLE,STABLE,UP,TECH:0:STABLE,STABLE,Evidence-based classification; directions UP/DOWN/STABLE/MIXED; no predictions made; confidence based on evidence count.,HIGH,9,Signals derived only from CSV evidence; no unsupported inferences; sample-size shown; no predictions.
S0166,Refold AI,STABLE,STABLE,STABLE,STABLE,STABLE,UP,TECH:0:STABLE,STABLE,Evidence-based classification; directions UP/DOWN/STABLE/MIXED; no predictions made; confidence based on evidence count.,MEDIUM,4,Signals derived only from CSV evidence; no unsupported inferences; sample-size shown; no predictions.
S0167,RentoMojo,UP,UP,PROFITABLE,STABLE,STABLE,UP,TECH:0:STABLE,STABLE,Evidence-based classification; directions UP/DOWN/STABLE/MIXED; no predictions made; confidence based on evidence count.,HIGH,10,Signals derived only from CSV evidence; no unsupported inferences; sample-size shown; no predictions.
S0168,Blinkit,STABLE,STABLE,STABLE,STABLE,STABLE,STABLE,TECH:0:STABLE,STABLE,Evidence-based classification; directions UP/DOWN/STABLE/MIXED; no predictions made; confidence based on evidence count.,MEDIUM,4,Signals derived only from CSV evidence; no unsupported inferences; sample-size shown; no predictions.
S0169,Juniper Green Energy,UP,STABLE,STABLE,STABLE,STABLE,UP,TECH:0:STABLE,STABLE,Evidence-based classification; directions UP/DOWN/STABLE/MIXED; no predictions made; confidence based on evidence count.,HIGH,4,Signals derived only from CSV evidence; no unsupported inferences; sample-size shown; no predictions.
S0170,Serentica Renewables,UP,STABLE,STABLE,STABLE,STABLE,UP,TECH:0:STABLE,STABLE,Evidence-based classification; directions UP/DOWN/STABLE/MIXED; no predictions made; confidence based on evidence count.,HIGH,4,Signals derived only from CSV evidence; no unsupported inferences; sample-size shown; no predictions.
S0171,Swiggy,UP,UP,STABLE,STABLE,STABLE,UP,TECH:0:STABLE,STABLE,Evidence-based classification; directions UP/DOWN/STABLE/MIXED; no predictions made; confidence based on evidence count.,HIGH,5,Signals derived only from CSV evidence; no unsupported inferences; sample-size shown; no predictions.
S0172,Bonkers Corner,UP,STABLE,STABLE,STABLE,STABLE,UP,TECH:0:STABLE,STABLE,Evidence-based classification; directions UP/DOWN/STABLE/MIXED; no predictions made; confidence based on evidence count.,HIGH,4,Signals derived only from CSV evidence; no unsupported inferences; sample-size shown; no predictions.
S0173,immunitoAI,UP,STABLE,STABLE,STABLE,STABLE,UP,TECH:0:STABLE,STABLE,Evidence-based classification; directions UP/DOWN/STABLE/MIXED; no predictions made; confidence based on evidence count.,HIGH,6,Signals derived only from CSV evidence; no unsupported inferences; sample-size shown; no predictions.
S0174,BigEndian Semiconductors,UP,STABLE,STABLE,STABLE,STABLE,UP,TECH:0:STABLE,STABLE,Evidence-based classification; directions UP/DOWN/STABLE/MIXED; no predictions made; confidence based on evidence count.,HIGH,4,Signals derived only from CSV evidence; no unsupported inferences; sample-size shown; no predictions.
S0175,Mojro Technologies,UP,STABLE,STABLE,STABLE,STABLE,UP,TECH:0:STABLE,STABLE,Evidence-based classification; directions UP/DOWN/STABLE/MIXED; no predictions made; confidence based on evidence count.,HIGH,4,Signals derived only from CSV evidence; no unsupported inferences; sample-size shown; no predictions.
S0176,Neo (Neo Investment Value Advisors),UP,STABLE,STABLE,STABLE,STABLE,UP,TECH:0:STABLE,STABLE,Evidence-based classification; directions UP/DOWN/STABLE/MIXED; no predictions made; confidence based on evidence count.,HIGH,4,Signals derived only from CSV evidence; no unsupported inferences; sample-size shown; no predictions.
S0177,Capillary Technologies,UP,STABLE,STABLE,STABLE,STABLE,UP,TECH:0:STABLE,STABLE,Evidence-based classification; directions UP/DOWN/STABLE/MIXED; no predictions made; confidence based on evidence count.,HIGH,4,Signals derived only from CSV evidence; no unsupported inferences; sample-size shown; no predictions.
S0178,PowerUp Money,UP,STABLE,STABLE,STABLE,STABLE,UP,TECH:0:STABLE,STABLE,Evidence-based classification; directions UP/DOWN/STABLE/MIXED; no predictions made; confidence based on evidence count.,HIGH,4,Signals derived only from CSV evidence; no unsupported inferences; sample-size shown; no predictions.
S0179,Truva,UP,STABLE,STABLE,UP,STABLE,UP,TECH:0:STABLE,STABLE,Evidence-based classification; directions UP/DOWN/STABLE/MIXED; no predictions made; confidence based on evidence count.,HIGH,7,Signals derived only from CSV evidence; no unsupported inferences; sample-size shown; no predictions.
S0180,Tsavorite,UP,STABLE,STABLE,UP,STABLE,STABLE,TECH:0:STABLE,STABLE,Evidence-based classification; directions UP/DOWN/STABLE/MIXED; no predictions made; confidence based on evidence count.,HIGH,7,Signals derived only from CSV evidence; no unsupported inferences; sample-size shown; no predictions.
S0181,Inox Clean Energy,UP,STABLE,STABLE,UP,STABLE,UP,TECH:0:STABLE,STABLE,Evidence-based classification; directions UP/DOWN/STABLE/MIXED; no predictions made; confidence based on evidence count.,HIGH,7,Signals derived only from CSV evidence; no unsupported inferences; sample-size shown; no predictions.
S0182,Raphe mPhibr,UP,STABLE,STABLE,UP,STABLE,UP,TECH:0:STABLE,STABLE,Evidence-based classification; directions UP/DOWN/STABLE/MIXED; no predictions made; confidence based on evidence count.,HIGH,12,Signals derived only from CSV evidence; no unsupported inferences; sample-size shown; no predictions.
S0183,Battery Smart,UP,STABLE,STABLE,UP,STABLE,UP,TECH:0:STABLE,STABLE,Evidence-based classification; directions UP/DOWN/STABLE/MIXED; no predictions made; confidence based on evidence count.,HIGH,8,Signals derived only from CSV evidence; no unsupported inferences; sample-size shown; no predictions.
S0184,Carrum Mobility,STABLE,STABLE,STABLE,STABLE,STABLE,STABLE,TECH:0:STABLE,STABLE,Evidence-based classification; directions UP/DOWN/STABLE/MIXED; no predictions made; confidence based on evidence count.,MEDIUM,4,Signals derived only from CSV evidence; no unsupported inferences; sample-size shown; no predictions.
S0185,Elivaas,UP,STABLE,STABLE,STABLE,STABLE,UP,TECH:0:STABLE,STABLE,Evidence-based classification; directions UP/DOWN/STABLE/MIXED; no predictions made; confidence based on evidence count.,HIGH,7,Signals derived only from CSV evidence; no unsupported inferences; sample-size shown; no predictions.
S0186,nCore Games,STABLE,STABLE,STABLE,STABLE,STABLE,UP,TECH:0:STABLE,STABLE,Evidence-based classification; directions UP/DOWN/STABLE/MIXED; no predictions made; confidence based on evidence count.,MEDIUM,5,Signals derived only from CSV evidence; no unsupported inferences; sample-size shown; no predictions.
S0187,Stimuler AI,STABLE,STABLE,STABLE,STABLE,STABLE,STABLE,TECH:1:STABLE,STABLE,Evidence-based classification; directions UP/DOWN/STABLE/MIXED; no predictions made; confidence based on evidence count.,MEDIUM,6,Signals derived only from CSV evidence; no unsupported inferences; sample-size shown; no predictions.
S0188,Zerodha,STABLE,STABLE,STABLE,STABLE,STABLE,STABLE,TECH:0:STABLE,STABLE,Evidence-based classification; directions UP/DOWN/STABLE/MIXED; no predictions made; confidence based on evidence count.,MEDIUM,3,Signals derived only from CSV evidence; no unsupported inferences; sample-size shown; no predictions.
S0189,General Autonomy,UP,STABLE,STABLE,STABLE,STABLE,UP,TECH:2:STABLE,STABLE,Evidence-based classification; directions UP/DOWN/STABLE/MIXED; no predictions made; confidence based on evidence count.,HIGH,6,Signals derived only from CSV evidence; no unsupported inferences; sample-size shown; no predictions.
S0190,Otipy,STABLE,STABLE,STABLE,STABLE,STABLE,STABLE,TECH:0:STABLE,STABLE,Evidence-based classification; directions UP/DOWN/STABLE/MIXED; no predictions made; confidence based on evidence count.,MEDIUM,3,Signals derived only from CSV evidence; no unsupported inferences; sample-size shown; no predictions.
S0191,QOSMIC,STABLE,STABLE,STABLE,STABLE,STABLE,UP,TECH:2:STABLE,STABLE,Evidence-based classification; directions UP/DOWN/STABLE/MIXED; no predictions made; confidence based on evidence count.,MEDIUM,9,Signals derived only from CSV evidence; no unsupported inferences; sample-size shown; no predictions.
S0192,Hachidori Robotics,UP,STABLE,STABLE,STABLE,STABLE,UP,TECH:3:STABLE,STABLE,Evidence-based classification; directions UP/DOWN/STABLE/MIXED; no predictions made; confidence based on evidence count.,HIGH,10,Signals derived only from CSV evidence; no unsupported inferences; sample-size shown; no predictions.
S0193,TransBnk,STABLE,STABLE,STABLE,STABLE,STABLE,UP,TECH:2:STABLE,STABLE,Evidence-based classification; directions UP/DOWN/STABLE/MIXED; no predictions made; confidence based on evidence count.,MEDIUM,6,Signals derived only from CSV evidence; no unsupported inferences; sample-size shown; no predictions.
S0194,Olee Space,STABLE,STABLE,STABLE,STABLE,STABLE,UP,TECH:1:STABLE,STABLE,Evidence-based classification; directions UP/DOWN/STABLE/MIXED; no predictions made; confidence based on evidence count.,MEDIUM,7,Signals derived only from CSV evidence; no unsupported inferences; sample-size shown; no predictions.
S0195,Atlys,STABLE,STABLE,STABLE,STABLE,STABLE,UP,TECH:2:STABLE,STABLE,Evidence-based classification; directions UP/DOWN/STABLE/MIXED; no predictions made; confidence based on evidence count.,MEDIUM,7,Signals derived only from CSV evidence; no unsupported inferences; sample-size shown; no predictions.
S0196,Goldi Solar,STABLE,STABLE,STABLE,STABLE,STABLE,UP,TECH:1:STABLE,STABLE,Evidence-based classification; directions UP/DOWN/STABLE/MIXED; no predictions made; confidence based on evidence count.,MEDIUM,5,Signals derived only from CSV evidence; no unsupported inferences; sample-size shown; no predictions.
S0197,Kiwi (Gokiwi Tech),UP,UP,LOSS_MAKING,STABLE,STABLE,UP,TECH:1:STABLE,PRESSURE,Evidence-based classification; directions UP/DOWN/STABLE/MIXED; no predictions made; confidence based on evidence count.,HIGH,13,Signals derived only from CSV evidence; no unsupported inferences; sample-size shown; no predictions.
S0198,Circolife,STABLE,STABLE,STABLE,STABLE,STABLE,UP,TECH:2:STABLE,STABLE,Evidence-based classification; directions UP/DOWN/STABLE/MIXED; no predictions made; confidence based on evidence count.,MEDIUM,7,Signals derived only from CSV evidence; no unsupported inferences; sample-size shown; no predictions.
S0199,Agnikul Cosmos (AgniKul),UP,STABLE,STABLE,STABLE,STABLE,UP,TECH:0:STABLE,STABLE,Evidence-based classification; directions UP/DOWN/STABLE/MIXED; no predictions made; confidence based on evidence count.,HIGH,4,Signals derived only from CSV evidence; no unsupported inferences; sample-size shown; no predictions.
S0200,Aurm,STABLE,STABLE,PROFITABLE,STABLE,STABLE,STABLE,TECH:0:STABLE,STABLE,Evidence-based classification; directions UP/DOWN/STABLE/MIXED; no predictions made; confidence based on evidence count.,HIGH,6,Signals derived only from CSV evidence; no unsupported inferences; sample-size shown; no predictions.
S0201,Syfe,UP,STABLE,STABLE,STABLE,STABLE,UP,TECH:0:STABLE,STABLE,Evidence-based classification; directions UP/DOWN/STABLE/MIXED; no predictions made; confidence based on evidence count.,HIGH,5,Signals derived only from CSV evidence; no unsupported inferences; sample-size shown; no predictions.
S0202,Prozo,UP,UP,STABLE,STABLE,STABLE,STABLE,TECH:0:STABLE,STABLE,Evidence-based classification; directions UP/DOWN/STABLE/MIXED; no predictions made; confidence based on evidence count.,HIGH,6,Signals derived only from CSV evidence; no unsupported inferences; sample-size shown; no predictions.
S0203,Jurisphere.ai,STABLE,STABLE,STABLE,STABLE,STABLE,UP,TECH:0:STABLE,STABLE,Evidence-based classification; directions UP/DOWN/STABLE/MIXED; no predictions made; confidence based on evidence count.,MEDIUM,4,Signals derived only from CSV evidence; no unsupported inferences; sample-size shown; no predictions.
S0204,The Energy Company,STABLE,STABLE,STABLE,STABLE,STABLE,STABLE,TECH:0:STABLE,STABLE,Evidence-based classification; directions UP/DOWN/STABLE/MIXED; no predictions made; confidence based on evidence count.,MEDIUM,3,Signals derived only from CSV evidence; no unsupported inferences; sample-size shown; no predictions.
S0205,Spike AI,STABLE,STABLE,STABLE,STABLE,STABLE,STABLE,TECH:0:STABLE,STABLE,Evidence-based classification; directions UP/DOWN/STABLE/MIXED; no predictions made; confidence based on evidence count.,MEDIUM,3,Signals derived only from CSV evidence; no unsupported inferences; sample-size shown; no predictions.
S0206,Physics Wallah,STABLE,STABLE,STABLE,STABLE,STABLE,STABLE,TECH:0:STABLE,STABLE,Evidence-based classification; directions UP/DOWN/STABLE/MIXED; no predictions made; confidence based on evidence count.,MEDIUM,3,Signals derived only from CSV evidence; no unsupported inferences; sample-size shown; no predictions.
S0207,Arivihan,STABLE,STABLE,STABLE,STABLE,STABLE,UP,TECH:4:STABLE,STABLE,Evidence-based classification; directions UP/DOWN/STABLE/MIXED; no predictions made; confidence based on evidence count.,MEDIUM,9,Signals derived only from CSV evidence; no unsupported inferences; sample-size shown; no predictions.
S0208,Netrasemi (NetraSemi),UP,STABLE,STABLE,STABLE,STABLE,UP,TECH:4:STABLE,STABLE,Evidence-based classification; directions UP/DOWN/STABLE/MIXED; no predictions made; confidence based on evidence count.,HIGH,9,Signals derived only from CSV evidence; no unsupported inferences; sample-size shown; no predictions.
S0209,Arohan Financial Services,UP,STABLE,STABLE,STABLE,STABLE,UP,TECH:0:STABLE,PRESSURE,Evidence-based classification; directions UP/DOWN/STABLE/MIXED; no predictions made; confidence based on evidence count.,HIGH,15,Signals derived only from CSV evidence; no unsupported inferences; sample-size shown; no predictions.
S0210,Ather Energy,UP,STABLE,STABLE,STABLE,STABLE,UP,TECH:0:STABLE,STABLE,Evidence-based classification; directions UP/DOWN/STABLE/MIXED; no predictions made; confidence based on evidence count.,HIGH,4,Signals derived only from CSV evidence; no unsupported inferences; sample-size shown; no predictions.
S0211,Nexedge Capital,UP,STABLE,STABLE,STABLE,STABLE,UP,TECH:0:STABLE,PRESSURE,Evidence-based classification; directions UP/DOWN/STABLE/MIXED; no predictions made; confidence based on evidence count.,HIGH,15,Signals derived only from CSV evidence; no unsupported inferences; sample-size shown; no predictions.
S0212,Shiprocket,UP,STABLE,STABLE,STABLE,STABLE,UP,TECH:0:STABLE,STABLE,Evidence-based classification; directions UP/DOWN/STABLE/MIXED; no predictions made; confidence based on evidence count.,HIGH,4,Signals derived only from CSV evidence; no unsupported inferences; sample-size shown; no predictions.
S0213,Navana.ai,UP,STABLE,STABLE,STABLE,STABLE,UP,TECH:0:STABLE,STABLE,Evidence-based classification; directions UP/DOWN/STABLE/MIXED; no predictions made; confidence based on evidence count.,HIGH,11,Signals derived only from CSV evidence; no unsupported inferences; sample-size shown; no predictions.
S0214,Lickicious,STABLE,STABLE,STABLE,STABLE,STABLE,UP,TECH:0:STABLE,STABLE,Evidence-based classification; directions UP/DOWN/STABLE/MIXED; no predictions made; confidence based on evidence count.,MEDIUM,5,Signals derived only from CSV evidence; no unsupported inferences; sample-size shown; no predictions.
S0215,PumPumPum,UP,STABLE,STABLE,STABLE,STABLE,UP,TECH:0:STABLE,STABLE,Evidence-based classification; directions UP/DOWN/STABLE/MIXED; no predictions made; confidence based on evidence count.,HIGH,8,Signals derived only from CSV evidence; no unsupported inferences; sample-size shown; no predictions.
S0216,BimaKavach,STABLE,STABLE,STABLE,STABLE,STABLE,UP,TECH:0:STABLE,STABLE,Evidence-based classification; directions UP/DOWN/STABLE/MIXED; no predictions made; confidence based on evidence count.,MEDIUM,5,Signals derived only from CSV evidence; no unsupported inferences; sample-size shown; no predictions.
S0217,CtrlS,STABLE,STABLE,STABLE,STABLE,STABLE,UP,TECH:0:STABLE,STABLE,Evidence-based classification; directions UP/DOWN/STABLE/MIXED; no predictions made; confidence based on evidence count.,MEDIUM,5,Signals derived only from CSV evidence; no unsupported inferences; sample-size shown; no predictions.
S0218,Watch Your Health,STABLE,STABLE,STABLE,STABLE,STABLE,STABLE,TECH:0:STABLE,STABLE,Evidence-based classification; directions UP/DOWN/STABLE/MIXED; no predictions made; confidence based on evidence count.,MEDIUM,5,Signals derived only from CSV evidence; no unsupported inferences; sample-size shown; no predictions.
S0219,TrueFan AI,UP,STABLE,STABLE,STABLE,STABLE,UP,TECH:0:STABLE,STABLE,Evidence-based classification; directions UP/DOWN/STABLE/MIXED; no predictions made; confidence based on evidence count.,HIGH,4,Signals derived only from CSV evidence; no unsupported inferences; sample-size shown; no predictions.
S0220,Coulomb Litech,STABLE,STABLE,STABLE,STABLE,STABLE,STABLE,TECH:0:STABLE,STABLE,Evidence-based classification; directions UP/DOWN/STABLE/MIXED; no predictions made; confidence based on evidence count.,MEDIUM,4,Signals derived only from CSV evidence; no unsupported inferences; sample-size shown; no predictions.
S0221,Fermionic Design,UP,STABLE,STABLE,STABLE,STABLE,UP,TECH:2:STABLE,STABLE,Evidence-based classification; directions UP/DOWN/STABLE/MIXED; no predictions made; confidence based on evidence count.,HIGH,6,Signals derived only from CSV evidence; no unsupported inferences; sample-size shown; no predictions.
S0222,ANSCER Robotics,UP,STABLE,STABLE,STABLE,STABLE,UP,TECH:0:STABLE,STABLE,Evidence-based classification; directions UP/DOWN/STABLE/MIXED; no predictions made; confidence based on evidence count.,HIGH,4,Signals derived only from CSV evidence; no unsupported inferences; sample-size shown; no predictions.
S0223,Superleap AI,STABLE,STABLE,STABLE,STABLE,STABLE,STABLE,TECH:0:STABLE,STABLE,Evidence-based classification; directions UP/DOWN/STABLE/MIXED; no predictions made; confidence based on evidence count.,MEDIUM,4,Signals derived only from CSV evidence; no unsupported inferences; sample-size shown; no predictions.
S0224,Fire AI (FireAI),STABLE,STABLE,STABLE,STABLE,STABLE,STABLE,TECH:0:STABLE,STABLE,Evidence-based classification; directions UP/DOWN/STABLE/MIXED; no predictions made; confidence based on evidence count.,MEDIUM,4,Signals derived only from CSV evidence; no unsupported inferences; sample-size shown; no predictions.
S0225,Matter,STABLE,STABLE,STABLE,STABLE,STABLE,UP,TECH:0:STABLE,STABLE,Evidence-based classification; directions UP/DOWN/STABLE/MIXED; no predictions made; confidence based on evidence count.,MEDIUM,4,Signals derived only from CSV evidence; no unsupported inferences; sample-size shown; no predictions.
S0226,Comet,UP,UP,STABLE,STABLE,STABLE,UP,TECH:0:STABLE,STABLE,Evidence-based classification; directions UP/DOWN/STABLE/MIXED; no predictions made; confidence based on evidence count.,HIGH,14,Signals derived only from CSV evidence; no unsupported inferences; sample-size shown; no predictions.
S0227,Balaji Wafers,STABLE,STABLE,STABLE,STABLE,STABLE,STABLE,TECH:0:STABLE,STABLE,Evidence-based classification; directions UP/DOWN/STABLE/MIXED; no predictions made; confidence based on evidence count.,MEDIUM,4,Signals derived only from CSV evidence; no unsupported inferences; sample-size shown; no predictions.
S0228,CleverTap,UP,UP,PROFITABLE,STABLE,STABLE,UP,TECH:0:STABLE,STABLE,Evidence-based classification; directions UP/DOWN/STABLE/MIXED; no predictions made; confidence based on evidence count.,HIGH,15,Signals derived only from CSV evidence; no unsupported inferences; sample-size shown; no predictions.
S0229,Drip Capital,UP,STABLE,STABLE,STABLE,STABLE,UP,TECH:0:STABLE,STABLE,Evidence-based classification; directions UP/DOWN/STABLE/MIXED; no predictions made; confidence based on evidence count.,HIGH,4,Signals derived only from CSV evidence; no unsupported inferences; sample-size shown; no predictions.
S0230,Kissht (OnEMI),UP,STABLE,STABLE,STABLE,STABLE,UP,TECH:0:STABLE,STABLE,Evidence-based classification; directions UP/DOWN/STABLE/MIXED; no predictions made; confidence based on evidence count.,HIGH,4,Signals derived only from CSV evidence; no unsupported inferences; sample-size shown; no predictions.
S0231,Lenskart,UP,STABLE,STABLE,STABLE,STABLE,UP,TECH:0:STABLE,STABLE,Evidence-based classification; directions UP/DOWN/STABLE/MIXED; no predictions made; confidence based on evidence count.,HIGH,4,Signals derived only from CSV evidence; no unsupported inferences; sample-size shown; no predictions.
S0232,Neoble,UP,STABLE,STABLE,STABLE,STABLE,UP,TECH:0:STABLE,STABLE,Evidence-based classification; directions UP/DOWN/STABLE/MIXED; no predictions made; confidence based on evidence count.,HIGH,4,Signals derived only from CSV evidence; no unsupported inferences; sample-size shown; no predictions.
S0233,QubeHealth Pay (QubeHealth),UP,STABLE,STABLE,STABLE,STABLE,UP,TECH:0:STABLE,STABLE,Evidence-based classification; directions UP/DOWN/STABLE/MIXED; no predictions made; confidence based on evidence count.,HIGH,4,Signals derived only from CSV evidence; no unsupported inferences; sample-size shown; no predictions.
S0234,Qure.ai,STABLE,STABLE,STABLE,STABLE,STABLE,UP,TECH:2:STABLE,STABLE,Evidence-based classification; directions UP/DOWN/STABLE/MIXED; no predictions made; confidence based on evidence count.,MEDIUM,6,Signals derived only from CSV evidence; no unsupported inferences; sample-size shown; no predictions.
S0235,Greenwave Circularity,STABLE,STABLE,STABLE,STABLE,STABLE,UP,TECH:1:STABLE,STABLE,Evidence-based classification; directions UP/DOWN/STABLE/MIXED; no predictions made; confidence based on evidence count.,MEDIUM,5,Signals derived only from CSV evidence; no unsupported inferences; sample-size shown; no predictions.
S0236,Shortgun Games,STABLE,STABLE,STABLE,UP,STABLE,UP,TECH:1:STABLE,STABLE,Evidence-based classification; directions UP/DOWN/STABLE/MIXED; no predictions made; confidence based on evidence count.,MEDIUM,6,Signals derived only from CSV evidence; no unsupported inferences; sample-size shown; no predictions.
S0237,Uolo,UP,STABLE,STABLE,STABLE,STABLE,UP,TECH:2:STABLE,STABLE,Evidence-based classification; directions UP/DOWN/STABLE/MIXED; no predictions made; confidence based on evidence count.,HIGH,6,Signals derived only from CSV evidence; no unsupported inferences; sample-size shown; no predictions.
S0238,AgroStar,UP,UP,STABLE,STABLE,STABLE,UP,TECH:1:STABLE,PRESSURE,Evidence-based classification; directions UP/DOWN/STABLE/MIXED; no predictions made; confidence based on evidence count.,HIGH,18,Signals derived only from CSV evidence; no unsupported inferences; sample-size shown; no predictions.
S0239,30 Sundays,UP,STABLE,STABLE,STABLE,STABLE,UP,TECH:0:STABLE,STABLE,Evidence-based classification; directions UP/DOWN/STABLE/MIXED; no predictions made; confidence based on evidence count.,HIGH,5,Signals derived only from CSV evidence; no unsupported inferences; sample-size shown; no predictions.
S0240,Intellend Technologies Advisors,STABLE,STABLE,STABLE,STABLE,STABLE,STABLE,TECH:0:STABLE,STABLE,Evidence-based classification; directions UP/DOWN/STABLE/MIXED; no predictions made; confidence based on evidence count.,MEDIUM,5,Signals derived only from CSV evidence; no unsupported inferences; sample-size shown; no predictions.
S0241,Arya.ag (Arya),UP,STABLE,PROFITABLE,STABLE,STABLE,UP,TECH:0:STABLE,PRESSURE,Evidence-based classification; directions UP/DOWN/STABLE/MIXED; no predictions made; confidence based on evidence count.,HIGH,12,Signals derived only from CSV evidence; no unsupported inferences; sample-size shown; no predictions.
S0242,Hubilo,STABLE,STABLE,STABLE,STABLE,STABLE,STABLE,TECH:0:STABLE,STABLE,Evidence-based classification; directions UP/DOWN/STABLE/MIXED; no predictions made; confidence based on evidence count.,MEDIUM,5,Signals derived only from CSV evidence; no unsupported inferences; sample-size shown; no predictions.
S0243,ProFound (profound),STABLE,STABLE,STABLE,STABLE,STABLE,UP,TECH:0:STABLE,STABLE,Evidence-based classification; directions UP/DOWN/STABLE/MIXED; no predictions made; confidence based on evidence count.,MEDIUM,5,Signals derived only from CSV evidence; no unsupported inferences; sample-size shown; no predictions.
S0244,Renee Cosmetics,STABLE,STABLE,STABLE,STABLE,STABLE,STABLE,TECH:0:STABLE,STABLE,Evidence-based classification; directions UP/DOWN/STABLE/MIXED; no predictions made; confidence based on evidence count.,MEDIUM,4,Signals derived only from CSV evidence; no unsupported inferences; sample-size shown; no predictions.
S0245,Vini Cosmetics (Fogg),STABLE,STABLE,STABLE,STABLE,STABLE,STABLE,TECH:0:STABLE,STABLE,Evidence-based classification; directions UP/DOWN/STABLE/MIXED; no predictions made; confidence based on evidence count.,MEDIUM,3,Signals derived only from CSV evidence; no unsupported inferences; sample-size shown; no predictions.
S0246,Vecton AI,UP,STABLE,STABLE,STABLE,STABLE,UP,TECH:0:STABLE,STABLE,Evidence-based classification; directions UP/DOWN/STABLE/MIXED; no predictions made; confidence based on evidence count.,HIGH,11,Signals derived only from CSV evidence; no unsupported inferences; sample-size shown; no predictions.
S0247,Dialflo,STABLE,STABLE,STABLE,STABLE,STABLE,STABLE,TECH:0:STABLE,STABLE,Evidence-based classification; directions UP/DOWN/STABLE/MIXED; no predictions made; confidence based on evidence count.,MEDIUM,4,Signals derived only from CSV evidence; no unsupported inferences; sample-size shown; no predictions.
S0248,Ammunic Systems,UP,UP,STABLE,STABLE,STABLE,UP,TECH:0:STABLE,STABLE,Evidence-based classification; directions UP/DOWN/STABLE/MIXED; no predictions made; confidence based on evidence count.,HIGH,11,Signals derived only from CSV evidence; no unsupported inferences; sample-size shown; no predictions.
S0249,ANS Commerce,STABLE,STABLE,STABLE,STABLE,STABLE,STABLE,TECH:0:STABLE,STABLE,Evidence-based classification; directions UP/DOWN/STABLE/MIXED; no predictions made; confidence based on evidence count.,MEDIUM,3,Signals derived only from CSV evidence; no unsupported inferences; sample-size shown; no predictions.
S0250,BharatGPT/Hanooman (Reliance+IIT-Bombay),STABLE,STABLE,STABLE,STABLE,STABLE,STABLE,TECH:0:STABLE,STABLE,Evidence-based classification; directions UP/DOWN/STABLE/MIXED; no predictions made; confidence based on evidence count.,MEDIUM,3,Signals derived only from CSV evidence; no unsupported inferences; sample-size shown; no predictions.
S0251,Cellogen Therapeutics,STABLE,STABLE,STABLE,STABLE,STABLE,STABLE,TECH:0:STABLE,STABLE,Evidence-based classification; directions UP/DOWN/STABLE/MIXED; no predictions made; confidence based on evidence count.,MEDIUM,4,Signals derived only from CSV evidence; no unsupported inferences; sample-size shown; no predictions.
S0252,Morphing Machines,STABLE,STABLE,STABLE,STABLE,STABLE,UP,TECH:0:STABLE,STABLE,Evidence-based classification; directions UP/DOWN/STABLE/MIXED; no predictions made; confidence based on evidence count.,MEDIUM,4,Signals derived only from CSV evidence; no unsupported inferences; sample-size shown; no predictions.
S0253,NeuroPixel.AI,STABLE,STABLE,STABLE,STABLE,STABLE,STABLE,TECH:0:STABLE,STABLE,Evidence-based classification; directions UP/DOWN/STABLE/MIXED; no predictions made; confidence based on evidence count.,MEDIUM,3,Signals derived only from CSV evidence; no unsupported inferences; sample-size shown; no predictions.
S0254,Niro,STABLE,STABLE,STABLE,STABLE,STABLE,STABLE,TECH:0:STABLE,STABLE,Evidence-based classification; directions UP/DOWN/STABLE/MIXED; no predictions made; confidence based on evidence count.,MEDIUM,3,Signals derived only from CSV evidence; no unsupported inferences; sample-size shown; no predictions.
S0255,Niyo,UP,UP,LOSS_MAKING,STABLE,STABLE,UP,TECH:0:STABLE,PRESSURE,Evidence-based classification; directions UP/DOWN/STABLE/MIXED; no predictions made; confidence based on evidence count.,HIGH,15,Signals derived only from CSV evidence; no unsupported inferences; sample-size shown; no predictions.
S0256,SatSure,UP,UP,STABLE,STABLE,STABLE,UP,TECH:0:STABLE,STABLE,Evidence-based classification; directions UP/DOWN/STABLE/MIXED; no predictions made; confidence based on evidence count.,HIGH,12,Signals derived only from CSV evidence; no unsupported inferences; sample-size shown; no predictions.
S0257,Simpl,STABLE,STABLE,STABLE,STABLE,STABLE,STABLE,TECH:0:STABLE,STABLE,Evidence-based classification; directions UP/DOWN/STABLE/MIXED; no predictions made; confidence based on evidence count.,MEDIUM,3,Signals derived only from CSV evidence; no unsupported inferences; sample-size shown; no predictions.
S0258,VerSe Innovation,UP,UP,STABLE,STABLE,STABLE,UP,TECH:0:STABLE,PRESSURE,Evidence-based classification; directions UP/DOWN/STABLE/MIXED; no predictions made; confidence based on evidence count.,HIGH,18,Signals derived only from CSV evidence; no unsupported inferences; sample-size shown; no predictions.
S0259,Wow! Momo,UP,STABLE,STABLE,STABLE,STABLE,STABLE,TECH:0:STABLE,STABLE,Evidence-based classification; directions UP/DOWN/STABLE/MIXED; no predictions made; confidence based on evidence count.,HIGH,4,Signals derived only from CSV evidence; no unsupported inferences; sample-size shown; no predictions.
S0260,ARC,STABLE,STABLE,STABLE,STABLE,STABLE,UP,TECH:0:STABLE,STABLE,Evidence-based classification; directions UP/DOWN/STABLE/MIXED; no predictions made; confidence based on evidence count.,MEDIUM,4,Signals derived only from CSV evidence; no unsupported inferences; sample-size shown; no predictions.
S0261,InstaAstro,STABLE,STABLE,STABLE,STABLE,STABLE,UP,TECH:0:STABLE,STABLE,Evidence-based classification; directions UP/DOWN/STABLE/MIXED; no predictions made; confidence based on evidence count.,MEDIUM,4,Signals derived only from CSV evidence; no unsupported inferences; sample-size shown; no predictions.
S0262,Iztri,STABLE,STABLE,STABLE,STABLE,STABLE,UP,TECH:0:STABLE,STABLE,Evidence-based classification; directions UP/DOWN/STABLE/MIXED; no predictions made; confidence based on evidence count.,MEDIUM,4,Signals derived only from CSV evidence; no unsupported inferences; sample-size shown; no predictions.
S0263,Qila Games,STABLE,STABLE,STABLE,STABLE,STABLE,STABLE,TECH:0:STABLE,STABLE,Evidence-based classification; directions UP/DOWN/STABLE/MIXED; no predictions made; confidence based on evidence count.,MEDIUM,4,Signals derived only from CSV evidence; no unsupported inferences; sample-size shown; no predictions.
S0264,Sasta Sundar,UP,STABLE,STABLE,STABLE,STABLE,UP,TECH:0:STABLE,STABLE,Evidence-based classification; directions UP/DOWN/STABLE/MIXED; no predictions made; confidence based on evidence count.,HIGH,4,Signals derived only from CSV evidence; no unsupported inferences; sample-size shown; no predictions.
S0265,Astrotalk,UP,STABLE,STABLE,STABLE,STABLE,UP,TECH:0:STABLE,STABLE,Evidence-based classification; directions UP/DOWN/STABLE/MIXED; no predictions made; confidence based on evidence count.,HIGH,4,Signals derived only from CSV evidence; no unsupported inferences; sample-size shown; no predictions.
S0266,CarDekho (GirnarSoft),UP,STABLE,STABLE,STABLE,STABLE,UP,TECH:0:STABLE,STABLE,Evidence-based classification; directions UP/DOWN/STABLE/MIXED; no predictions made; confidence based on evidence count.,HIGH,4,Signals derived only from CSV evidence; no unsupported inferences; sample-size shown; no predictions.
S0267,SagarDefence Engineering,UP,STABLE,STABLE,STABLE,STABLE,UP,TECH:0:STABLE,STABLE,Evidence-based classification; directions UP/DOWN/STABLE/MIXED; no predictions made; confidence based on evidence count.,HIGH,4,Signals derived only from CSV evidence; no unsupported inferences; sample-size shown; no predictions.
S0268,InRisk Labs (EarthRe),UP,STABLE,STABLE,STABLE,STABLE,UP,TECH:0:STABLE,STABLE,Evidence-based classification; directions UP/DOWN/STABLE/MIXED; no predictions made; confidence based on evidence count.,HIGH,4,Signals derived only from CSV evidence; no unsupported inferences; sample-size shown; no predictions.
S0269,Videonetics,UP,STABLE,STABLE,STABLE,STABLE,UP,TECH:0:STABLE,STABLE,Evidence-based classification; directions UP/DOWN/STABLE/MIXED; no predictions made; confidence based on evidence count.,HIGH,4,Signals derived only from CSV evidence; no unsupported inferences; sample-size shown; no predictions.
S0270,Drivn (DRIVN),UP,STABLE,STABLE,STABLE,STABLE,STABLE,TECH:0:STABLE,STABLE,Evidence-based classification; directions UP/DOWN/STABLE/MIXED; no predictions made; confidence based on evidence count.,HIGH,4,Signals derived only from CSV evidence; no unsupported inferences; sample-size shown; no predictions.
S0271,Turtlemint,UP,STABLE,STABLE,STABLE,STABLE,UP,TECH:0:STABLE,STABLE,Evidence-based classification; directions UP/DOWN/STABLE/MIXED; no predictions made; confidence based on evidence count.,HIGH,4,Signals derived only from CSV evidence; no unsupported inferences; sample-size shown; no predictions.
S0272,ValuEnable,UP,STABLE,STABLE,STABLE,STABLE,UP,TECH:0:STABLE,STABLE,Evidence-based classification; directions UP/DOWN/STABLE/MIXED; no predictions made; confidence based on evidence count.,HIGH,4,Signals derived only from CSV evidence; no unsupported inferences; sample-size shown; no predictions.
S0273,Wellbeing Nutrition,STABLE,STABLE,STABLE,STABLE,STABLE,UP,TECH:0:STABLE,STABLE,Evidence-based classification; directions UP/DOWN/STABLE/MIXED; no predictions made; confidence based on evidence count.,MEDIUM,4,Signals derived only from CSV evidence; no unsupported inferences; sample-size shown; no predictions.
S0274,Alt Carbon,STABLE,STABLE,STABLE,STABLE,STABLE,STABLE,TECH:0:STABLE,STABLE,Evidence-based classification; directions UP/DOWN/STABLE/MIXED; no predictions made; confidence based on evidence count.,MEDIUM,4,Signals derived only from CSV evidence; no unsupported inferences; sample-size shown; no predictions.
S0275,Alphadroid,STABLE,STABLE,STABLE,STABLE,STABLE,UP,TECH:0:STABLE,STABLE,Evidence-based classification; directions UP/DOWN/STABLE/MIXED; no predictions made; confidence based on evidence count.,MEDIUM,4,Signals derived only from CSV evidence; no unsupported inferences; sample-size shown; no predictions.
S0276,Minfy Technologies,STABLE,STABLE,STABLE,STABLE,STABLE,STABLE,TECH:0:STABLE,STABLE,Evidence-based classification; directions UP/DOWN/STABLE/MIXED; no predictions made; confidence based on evidence count.,MEDIUM,3,Signals derived only from CSV evidence; no unsupported inferences; sample-size shown; no predictions.
S0277,Celebal Technologies,UP,STABLE,STABLE,STABLE,STABLE,UP,TECH:0:STABLE,STABLE,Evidence-based classification; directions UP/DOWN/STABLE/MIXED; no predictions made; confidence based on evidence count.,HIGH,4,Signals derived only from CSV evidence; no unsupported inferences; sample-size shown; no predictions.
S0278,Tonbo Imaging,UP,UP,PROFITABLE,STABLE,STABLE,UP,TECH:0:STABLE,PRESSURE,Evidence-based classification; directions UP/DOWN/STABLE/MIXED; no predictions made; confidence based on evidence count.,HIGH,20,Signals derived only from CSV evidence; no unsupported inferences; sample-size shown; no predictions.
S0279,DigitalPaani,STABLE,STABLE,STABLE,STABLE,STABLE,STABLE,TECH:0:STABLE,STABLE,Evidence-based classification; directions UP/DOWN/STABLE/MIXED; no predictions made; confidence based on evidence count.,MEDIUM,4,Signals derived only from CSV evidence; no unsupported inferences; sample-size shown; no predictions.
S0280,Yuma Energy,UP,STABLE,PROFITABLE,STABLE,STABLE,STABLE,TECH:0:STABLE,STABLE,Evidence-based classification; directions UP/DOWN/STABLE/MIXED; no predictions made; confidence based on evidence count.,HIGH,11,Signals derived only from CSV evidence; no unsupported inferences; sample-size shown; no predictions.
S0281,Solinas Integrity,STABLE,STABLE,STABLE,STABLE,STABLE,STABLE,TECH:0:STABLE,STABLE,Evidence-based classification; directions UP/DOWN/STABLE/MIXED; no predictions made; confidence based on evidence count.,MEDIUM,3,Signals derived only from CSV evidence; no unsupported inferences; sample-size shown; no predictions.
S0282,Covrzy,STABLE,STABLE,STABLE,STABLE,STABLE,STABLE,TECH:0:STABLE,STABLE,Evidence-based classification; directions UP/DOWN/STABLE/MIXED; no predictions made; confidence based on evidence count.,MEDIUM,3,Signals derived only from CSV evidence; no unsupported inferences; sample-size shown; no predictions.
S0283,IndiQube,UP,UP,PROFITABLE,STABLE,STABLE,UP,TECH:0:STABLE,STABLE,Evidence-based classification; directions UP/DOWN/STABLE/MIXED; no predictions made; confidence based on evidence count.,HIGH,12,Signals derived only from CSV evidence; no unsupported inferences; sample-size shown; no predictions.
S0284,Smartworks,UP,STABLE,STABLE,STABLE,STABLE,UP,TECH:0:STABLE,STABLE,Evidence-based classification; directions UP/DOWN/STABLE/MIXED; no predictions made; confidence based on evidence count.,HIGH,4,Signals derived only from CSV evidence; no unsupported inferences; sample-size shown; no predictions.
S0285,Amnex Infotechnologies (Amnex),STABLE,STABLE,STABLE,STABLE,STABLE,UP,TECH:0:STABLE,STABLE,Evidence-based classification; directions UP/DOWN/STABLE/MIXED; no predictions made; confidence based on evidence count.,MEDIUM,4,Signals derived only from CSV evidence; no unsupported inferences; sample-size shown; no predictions.
S0286,MakeMyTrip,UP,STABLE,STABLE,STABLE,STABLE,UP,TECH:0:STABLE,STABLE,Evidence-based classification; directions UP/DOWN/STABLE/MIXED; no predictions made; confidence based on evidence count.,HIGH,4,Signals derived only from CSV evidence; no unsupported inferences; sample-size shown; no predictions.
S0287,Spinny,UP,STABLE,STABLE,STABLE,STABLE,UP,TECH:0:STABLE,STABLE,Evidence-based classification; directions UP/DOWN/STABLE/MIXED; no predictions made; confidence based on evidence count.,HIGH,4,Signals derived only from CSV evidence; no unsupported inferences; sample-size shown; no predictions.
S0288,Traqo,STABLE,STABLE,STABLE,STABLE,STABLE,UP,TECH:0:STABLE,STABLE,Evidence-based classification; directions UP/DOWN/STABLE/MIXED; no predictions made; confidence based on evidence count.,MEDIUM,4,Signals derived only from CSV evidence; no unsupported inferences; sample-size shown; no predictions.
S0289,Trevel,STABLE,STABLE,STABLE,STABLE,STABLE,UP,TECH:0:STABLE,STABLE,Evidence-based classification; directions UP/DOWN/STABLE/MIXED; no predictions made; confidence based on evidence count.,MEDIUM,4,Signals derived only from CSV evidence; no unsupported inferences; sample-size shown; no predictions.
S0290,Runable,UP,STABLE,STABLE,STABLE,STABLE,UP,TECH:0:STABLE,PRESSURE,Evidence-based classification; directions UP/DOWN/STABLE/MIXED; no predictions made; confidence based on evidence count.,HIGH,9,Signals derived only from CSV evidence; no unsupported inferences; sample-size shown; no predictions.
S0291,GreenLine,UP,STABLE,STABLE,STABLE,STABLE,UP,TECH:0:STABLE,STABLE,Evidence-based classification; directions UP/DOWN/STABLE/MIXED; no predictions made; confidence based on evidence count.,HIGH,4,Signals derived only from CSV evidence; no unsupported inferences; sample-size shown; no predictions.
S0292,IDfy,UP,STABLE,STABLE,STABLE,STABLE,UP,TECH:0:STABLE,STABLE,Evidence-based classification; directions UP/DOWN/STABLE/MIXED; no predictions made; confidence based on evidence count.,HIGH,4,Signals derived only from CSV evidence; no unsupported inferences; sample-size shown; no predictions.
S0293,QWEEN,UP,STABLE,STABLE,STABLE,STABLE,UP,TECH:0:STABLE,STABLE,Evidence-based classification; directions UP/DOWN/STABLE/MIXED; no predictions made; confidence based on evidence count.,HIGH,4,Signals derived only from CSV evidence; no unsupported inferences; sample-size shown; no predictions.
S0294,The Whole Truth,STABLE,STABLE,STABLE,STABLE,STABLE,STABLE,TECH:0:STABLE,STABLE,Evidence-based classification; directions UP/DOWN/STABLE/MIXED; no predictions made; confidence based on evidence count.,MEDIUM,3,Signals derived only from CSV evidence; no unsupported inferences; sample-size shown; no predictions.
S0295,WinZO,STABLE,STABLE,STABLE,STABLE,STABLE,STABLE,TECH:0:STABLE,STABLE,Evidence-based classification; directions UP/DOWN/STABLE/MIXED; no predictions made; confidence based on evidence count.,MEDIUM,3,Signals derived only from CSV evidence; no unsupported inferences; sample-size shown; no predictions.
S0296,Nestasia,UP,UP,LOSS_MAKING,STABLE,STABLE,UP,TECH:0:STABLE,STABLE,Evidence-based classification; directions UP/DOWN/STABLE/MIXED; no predictions made; confidence based on evidence count.,HIGH,16,Signals derived only from CSV evidence; no unsupported inferences; sample-size shown; no predictions.
S0297,Zettaone,STABLE,STABLE,STABLE,STABLE,STABLE,STABLE,TECH:0:STABLE,STABLE,Evidence-based classification; directions UP/DOWN/STABLE/MIXED; no predictions made; confidence based on evidence count.,MEDIUM,3,Signals derived only from CSV evidence; no unsupported inferences; sample-size shown; no predictions.
S0298,Landeed,UP,STABLE,STABLE,STABLE,STABLE,UP,TECH:0:STABLE,STABLE,Evidence-based classification; directions UP/DOWN/STABLE/MIXED; no predictions made; confidence based on evidence count.,HIGH,4,Signals derived only from CSV evidence; no unsupported inferences; sample-size shown; no predictions.
S0299,Milky Mist,STABLE,STABLE,STABLE,STABLE,STABLE,STABLE,TECH:0:STABLE,STABLE,Evidence-based classification; directions UP/DOWN/STABLE/MIXED; no predictions made; confidence based on evidence count.,MEDIUM,4,Signals derived only from CSV evidence; no unsupported inferences; sample-size shown; no predictions.
S0300,QuickShift,STABLE,STABLE,STABLE,STABLE,STABLE,STABLE,TECH:0:STABLE,STABLE,Evidence-based classification; directions UP/DOWN/STABLE/MIXED; no predictions made; confidence based on evidence count.,MEDIUM,4,Signals derived only from CSV evidence; no unsupported inferences; sample-size shown; no predictions.
S0301,Atlan,STABLE,STABLE,STABLE,STABLE,STABLE,STABLE,TECH:0:STABLE,STABLE,Evidence-based classification; directions UP/DOWN/STABLE/MIXED; no predictions made; confidence based on evidence count.,MEDIUM,4,Signals derived only from CSV evidence; no unsupported inferences; sample-size shown; no predictions.
S0302,CHOSEN (skin/hair),STABLE,STABLE,STABLE,STABLE,STABLE,STABLE,TECH:0:STABLE,STABLE,Evidence-based classification; directions UP/DOWN/STABLE/MIXED; no predictions made; confidence based on evidence count.,MEDIUM,4,Signals derived only from CSV evidence; no unsupported inferences; sample-size shown; no predictions.
S0303,Big Mishra,STABLE,UP,STABLE,STABLE,STABLE,STABLE,TECH:0:STABLE,STABLE,Evidence-based classification; directions UP/DOWN/STABLE/MIXED; no predictions made; confidence based on evidence count.,HIGH,5,Signals derived only from CSV evidence; no unsupported inferences; sample-size shown; no predictions.
S0304,Centricity,STABLE,STABLE,STABLE,STABLE,STABLE,UP,TECH:0:STABLE,STABLE,Evidence-based classification; directions UP/DOWN/STABLE/MIXED; no predictions made; confidence based on evidence count.,MEDIUM,4,Signals derived only from CSV evidence; no unsupported inferences; sample-size shown; no predictions.
S0305,Graph AI,UP,STABLE,STABLE,STABLE,STABLE,UP,TECH:0:STABLE,STABLE,Evidence-based classification; directions UP/DOWN/STABLE/MIXED; no predictions made; confidence based on evidence count.,HIGH,8,Signals derived only from CSV evidence; no unsupported inferences; sample-size shown; no predictions.
S0306,GROWiT India,STABLE,STABLE,STABLE,STABLE,STABLE,UP,TECH:0:STABLE,STABLE,Evidence-based classification; directions UP/DOWN/STABLE/MIXED; no predictions made; confidence based on evidence count.,MEDIUM,4,Signals derived only from CSV evidence; no unsupported inferences; sample-size shown; no predictions.
S0307,Mindgrove Technologies,UP,STABLE,STABLE,STABLE,STABLE,UP,TECH:0:STABLE,STABLE,Evidence-based classification; directions UP/DOWN/STABLE/MIXED; no predictions made; confidence based on evidence count.,HIGH,9,Signals derived only from CSV evidence; no unsupported inferences; sample-size shown; no predictions.
S0308,NeoGeo,STABLE,STABLE,STABLE,STABLE,STABLE,UP,TECH:0:STABLE,STABLE,Evidence-based classification; directions UP/DOWN/STABLE/MIXED; no predictions made; confidence based on evidence count.,MEDIUM,4,Signals derived only from CSV evidence; no unsupported inferences; sample-size shown; no predictions.
S0309,Kepler Aerospace,STABLE,STABLE,STABLE,STABLE,STABLE,UP,TECH:0:STABLE,STABLE,Evidence-based classification; directions UP/DOWN/STABLE/MIXED; no predictions made; confidence based on evidence count.,MEDIUM,9,Signals derived only from CSV evidence; no unsupported inferences; sample-size shown; no predictions.
S0310,CARS24,UP,STABLE,STABLE,UP,STABLE,UP,TECH:0:STABLE,PRESSURE,Evidence-based classification; directions UP/DOWN/STABLE/MIXED; no predictions made; confidence based on evidence count.,HIGH,15,Signals derived only from CSV evidence; no unsupported inferences; sample-size shown; no predictions.
S0311,DealShare,STABLE,STABLE,STABLE,STABLE,STABLE,STABLE,TECH:0:STABLE,STABLE,Evidence-based classification; directions UP/DOWN/STABLE/MIXED; no predictions made; confidence based on evidence count.,MEDIUM,3,Signals derived only from CSV evidence; no unsupported inferences; sample-size shown; no predictions.
S0312,Chakr Innovation,STABLE,STABLE,STABLE,STABLE,STABLE,STABLE,TECH:0:STABLE,STABLE,Evidence-based classification; directions UP/DOWN/STABLE/MIXED; no predictions made; confidence based on evidence count.,MEDIUM,4,Signals derived only from CSV evidence; no unsupported inferences; sample-size shown; no predictions.
S0313,Dhruva Space,STABLE,STABLE,STABLE,STABLE,STABLE,STABLE,TECH:0:STABLE,STABLE,Evidence-based classification; directions UP/DOWN/STABLE/MIXED; no predictions made; confidence based on evidence count.,MEDIUM,4,Signals derived only from CSV evidence; no unsupported inferences; sample-size shown; no predictions.
S0314,Nawgati,UP,STABLE,STABLE,STABLE,STABLE,UP,TECH:0:STABLE,STABLE,Evidence-based classification; directions UP/DOWN/STABLE/MIXED; no predictions made; confidence based on evidence count.,HIGH,4,Signals derived only from CSV evidence; no unsupported inferences; sample-size shown; no predictions.
S0315,Zaggle,STABLE,STABLE,STABLE,STABLE,STABLE,STABLE,TECH:0:STABLE,STABLE,Evidence-based classification; directions UP/DOWN/STABLE/MIXED; no predictions made; confidence based on evidence count.,MEDIUM,4,Signals derived only from CSV evidence; no unsupported inferences; sample-size shown; no predictions.
S0316,R for Rabbit,UP,STABLE,PROFITABLE,STABLE,STABLE,UP,TECH:0:STABLE,STABLE,Evidence-based classification; directions UP/DOWN/STABLE/MIXED; no predictions made; confidence based on evidence count.,HIGH,11,Signals derived only from CSV evidence; no unsupported inferences; sample-size shown; no predictions.
S0317,BharatAgri,STABLE,STABLE,STABLE,STABLE,STABLE,STABLE,TECH:0:STABLE,STABLE,Evidence-based classification; directions UP/DOWN/STABLE/MIXED; no predictions made; confidence based on evidence count.,MEDIUM,3,Signals derived only from CSV evidence; no unsupported inferences; sample-size shown; no predictions.
S0318,BluSmart,STABLE,STABLE,STABLE,STABLE,STABLE,STABLE,TECH:0:STABLE,STABLE,Evidence-based classification; directions UP/DOWN/STABLE/MIXED; no predictions made; confidence based on evidence count.,MEDIUM,3,Signals derived only from CSV evidence; no unsupported inferences; sample-size shown; no predictions.
S0319,Yantra Packs,STABLE,STABLE,STABLE,STABLE,STABLE,STABLE,TECH:0:STABLE,STABLE,Evidence-based classification; directions UP/DOWN/STABLE/MIXED; no predictions made; confidence based on evidence count.,MEDIUM,4,Signals derived only from CSV evidence; no unsupported inferences; sample-size shown; no predictions.
S0320,Cradlewise,UP,STABLE,STABLE,STABLE,STABLE,UP,TECH:0:STABLE,PRESSURE,Evidence-based classification; directions UP/DOWN/STABLE/MIXED; no predictions made; confidence based on evidence count.,HIGH,8,Signals derived only from CSV evidence; no unsupported inferences; sample-size shown; no predictions.
S0321,Jaipur Robotics,STABLE,STABLE,STABLE,STABLE,STABLE,UP,TECH:0:STABLE,STABLE,Evidence-based classification; directions UP/DOWN/STABLE/MIXED; no predictions made; confidence based on evidence count.,MEDIUM,4,Signals derived only from CSV evidence; no unsupported inferences; sample-size shown; no predictions.
S0322,InsuranceDekho,UP,UP,LOSS_MAKING,STABLE,STABLE,UP,TECH:0:STABLE,STABLE,Evidence-based classification; directions UP/DOWN/STABLE/MIXED; no predictions made; confidence based on evidence count.,HIGH,14,Signals derived only from CSV evidence; no unsupported inferences; sample-size shown; no predictions.
S0323,MOPP Foods (Moppfoods),STABLE,STABLE,STABLE,STABLE,STABLE,STABLE,TECH:0:STABLE,STABLE,Evidence-based classification; directions UP/DOWN/STABLE/MIXED; no predictions made; confidence based on evidence count.,MEDIUM,4,Signals derived only from CSV evidence; no unsupported inferences; sample-size shown; no predictions.
S0324,RenewBuy,STABLE,STABLE,STABLE,STABLE,STABLE,STABLE,TECH:0:STABLE,STABLE,Evidence-based classification; directions UP/DOWN/STABLE/MIXED; no predictions made; confidence based on evidence count.,MEDIUM,3,Signals derived only from CSV evidence; no unsupported inferences; sample-size shown; no predictions.
S0325,Yubi,UP,STABLE,STABLE,STABLE,STABLE,UP,TECH:0:STABLE,STABLE,Evidence-based classification; directions UP/DOWN/STABLE/MIXED; no predictions made; confidence based on evidence count.,HIGH,4,Signals derived only from CSV evidence; no unsupported inferences; sample-size shown; no predictions.
S0326,Guickly,UP,STABLE,STABLE,STABLE,STABLE,STABLE,TECH:0:STABLE,STABLE,Evidence-based classification; directions UP/DOWN/STABLE/MIXED; no predictions made; confidence based on evidence count.,HIGH,4,Signals derived only from CSV evidence; no unsupported inferences; sample-size shown; no predictions.
S0327,Zoplar,STABLE,STABLE,STABLE,STABLE,STABLE,STABLE,TECH:0:STABLE,STABLE,Evidence-based classification; directions UP/DOWN/STABLE/MIXED; no predictions made; confidence based on evidence count.,MEDIUM,3,Signals derived only from CSV evidence; no unsupported inferences; sample-size shown; no predictions.
S0328,Navata Supply Chain Solutions,UP,STABLE,STABLE,STABLE,STABLE,STABLE,TECH:0:STABLE,STABLE,Evidence-based classification; directions UP/DOWN/STABLE/MIXED; no predictions made; confidence based on evidence count.,HIGH,4,Signals derived only from CSV evidence; no unsupported inferences; sample-size shown; no predictions.
S0329,Astra,STABLE,STABLE,STABLE,STABLE,STABLE,STABLE,TECH:0:STABLE,STABLE,Evidence-based classification; directions UP/DOWN/STABLE/MIXED; no predictions made; confidence based on evidence count.,MEDIUM,3,Signals derived only from CSV evidence; no unsupported inferences; sample-size shown; no predictions.
S0330,mPokket,STABLE,STABLE,STABLE,STABLE,STABLE,STABLE,TECH:0:STABLE,STABLE,Evidence-based classification; directions UP/DOWN/STABLE/MIXED; no predictions made; confidence based on evidence count.,MEDIUM,4,Signals derived only from CSV evidence; no unsupported inferences; sample-size shown; no predictions.
S0331,StockEdge/Kredent,STABLE,STABLE,STABLE,STABLE,STABLE,UP,TECH:0:STABLE,STABLE,Evidence-based classification; directions UP/DOWN/STABLE/MIXED; no predictions made; confidence based on evidence count.,MEDIUM,4,Signals derived only from CSV evidence; no unsupported inferences; sample-size shown; no predictions.
S0332,EyeROV,UP,STABLE,STABLE,STABLE,STABLE,UP,TECH:0:STABLE,STABLE,Evidence-based classification; directions UP/DOWN/STABLE/MIXED; no predictions made; confidence based on evidence count.,HIGH,4,Signals derived only from CSV evidence; no unsupported inferences; sample-size shown; no predictions.
S0333,iHub Robotics,STABLE,STABLE,STABLE,STABLE,STABLE,STABLE,TECH:0:STABLE,STABLE,Evidence-based classification; directions UP/DOWN/STABLE/MIXED; no predictions made; confidence based on evidence count.,MEDIUM,5,Signals derived only from CSV evidence; no unsupported inferences; sample-size shown; no predictions.
S0334,AU Small Finance Bank,STABLE,STABLE,STABLE,STABLE,STABLE,STABLE,TECH:0:STABLE,STABLE,Evidence-based classification; directions UP/DOWN/STABLE/MIXED; no predictions made; confidence based on evidence count.,MEDIUM,3,Signals derived only from CSV evidence; no unsupported inferences; sample-size shown; no predictions.
S0335,Climatech Environment,STABLE,STABLE,STABLE,STABLE,STABLE,STABLE,TECH:0:STABLE,STABLE,Evidence-based classification; directions UP/DOWN/STABLE/MIXED; no predictions made; confidence based on evidence count.,MEDIUM,3,Signals derived only from CSV evidence; no unsupported inferences; sample-size shown; no predictions.
S0336,Finova Capital,STABLE,STABLE,STABLE,STABLE,STABLE,STABLE,TECH:0:STABLE,STABLE,Evidence-based classification; directions UP/DOWN/STABLE/MIXED; no predictions made; confidence based on evidence count.,MEDIUM,3,Signals derived only from CSV evidence; no unsupported inferences; sample-size shown; no predictions.
S0337,Garuda Aerospace,STABLE,STABLE,STABLE,STABLE,STABLE,STABLE,TECH:0:STABLE,STABLE,Evidence-based classification; directions UP/DOWN/STABLE/MIXED; no predictions made; confidence based on evidence count.,MEDIUM,3,Signals derived only from CSV evidence; no unsupported inferences; sample-size shown; no predictions.
S0338,Hisabkitab,STABLE,STABLE,STABLE,STABLE,STABLE,UP,TECH:4:STABLE,STABLE,Evidence-based classification; directions UP/DOWN/STABLE/MIXED; no predictions made; confidence based on evidence count.,MEDIUM,8,Signals derived only from CSV evidence; no unsupported inferences; sample-size shown; no predictions.
S0339,Pickkup,STABLE,STABLE,STABLE,STABLE,STABLE,STABLE,TECH:4:STABLE,STABLE,Evidence-based classification; directions UP/DOWN/STABLE/MIXED; no predictions made; confidence based on evidence count.,MEDIUM,8,Signals derived only from CSV evidence; no unsupported inferences; sample-size shown; no predictions.
S0340,ShopKirana,UP,STABLE,STABLE,STABLE,STABLE,UP,TECH:4:STABLE,STABLE,Evidence-based classification; directions UP/DOWN/STABLE/MIXED; no predictions made; confidence based on evidence count.,HIGH,8,Signals derived only from CSV evidence; no unsupported inferences; sample-size shown; no predictions.
S0341,Theater,UP,STABLE,STABLE,STABLE,STABLE,UP,TECH:4:STABLE,STABLE,Evidence-based classification; directions UP/DOWN/STABLE/MIXED; no predictions made; confidence based on evidence count.,HIGH,8,Signals derived only from CSV evidence; no unsupported inferences; sample-size shown; no predictions.
S0342,Advaita Interactive,STABLE,STABLE,STABLE,STABLE,STABLE,STABLE,TECH:0:STABLE,STABLE,Evidence-based classification; directions UP/DOWN/STABLE/MIXED; no predictions made; confidence based on evidence count.,MEDIUM,3,Signals derived only from CSV evidence; no unsupported inferences; sample-size shown; no predictions.
S0343,Lissun,UP,STABLE,STABLE,STABLE,STABLE,UP,TECH:2:STABLE,STABLE,Evidence-based classification; directions UP/DOWN/STABLE/MIXED; no predictions made; confidence based on evidence count.,HIGH,6,Signals derived only from CSV evidence; no unsupported inferences; sample-size shown; no predictions.
S0344,Aeron Systems,STABLE,STABLE,STABLE,STABLE,STABLE,UP,TECH:3:STABLE,STABLE,Evidence-based classification; directions UP/DOWN/STABLE/MIXED; no predictions made; confidence based on evidence count.,MEDIUM,7,Signals derived only from CSV evidence; no unsupported inferences; sample-size shown; no predictions.
S0345,Alle,STABLE,STABLE,STABLE,STABLE,STABLE,STABLE,TECH:2:STABLE,STABLE,Evidence-based classification; directions UP/DOWN/STABLE/MIXED; no predictions made; confidence based on evidence count.,MEDIUM,6,Signals derived only from CSV evidence; no unsupported inferences; sample-size shown; no predictions.
S0346,Altigreen,STABLE,STABLE,STABLE,STABLE,STABLE,STABLE,TECH:1:STABLE,STABLE,Evidence-based classification; directions UP/DOWN/STABLE/MIXED; no predictions made; confidence based on evidence count.,MEDIUM,5,Signals derived only from CSV evidence; no unsupported inferences; sample-size shown; no predictions.
S0347,Clear (ClearTax),STABLE,STABLE,STABLE,UP,STABLE,STABLE,TECH:3:STABLE,STABLE,Evidence-based classification; directions UP/DOWN/STABLE/MIXED; no predictions made; confidence based on evidence count.,MEDIUM,8,Signals derived only from CSV evidence; no unsupported inferences; sample-size shown; no predictions.
S0348,Gramophone,STABLE,STABLE,STABLE,STABLE,STABLE,STABLE,TECH:3:STABLE,STABLE,Evidence-based classification; directions UP/DOWN/STABLE/MIXED; no predictions made; confidence based on evidence count.,MEDIUM,6,Signals derived only from CSV evidence; no unsupported inferences; sample-size shown; no predictions.
S0349,Indrajaal,UP,STABLE,STABLE,STABLE,STABLE,STABLE,TECH:4:STABLE,STABLE,Evidence-based classification; directions UP/DOWN/STABLE/MIXED; no predictions made; confidence based on evidence count.,HIGH,9,Signals derived only from CSV evidence; no unsupported inferences; sample-size shown; no predictions.
S0350,Leap India,STABLE,STABLE,STABLE,STABLE,STABLE,STABLE,TECH:3:STABLE,STABLE,Evidence-based classification; directions UP/DOWN/STABLE/MIXED; no predictions made; confidence based on evidence count.,MEDIUM,7,Signals derived only from CSV evidence; no unsupported inferences; sample-size shown; no predictions.
S0351,Ola Electric,STABLE,STABLE,STABLE,UP,STABLE,STABLE,TECH:3:STABLE,STABLE,Evidence-based classification; directions UP/DOWN/STABLE/MIXED; no predictions made; confidence based on evidence count.,MEDIUM,9,Signals derived only from CSV evidence; no unsupported inferences; sample-size shown; no predictions.
S0352,Rilo,STABLE,STABLE,STABLE,STABLE,STABLE,UP,TECH:4:STABLE,STABLE,Evidence-based classification; directions UP/DOWN/STABLE/MIXED; no predictions made; confidence based on evidence count.,MEDIUM,8,Signals derived only from CSV evidence; no unsupported inferences; sample-size shown; no predictions.
S0353,Sanlayan Technologies,STABLE,STABLE,STABLE,STABLE,STABLE,UP,TECH:3:STABLE,STABLE,Evidence-based classification; directions UP/DOWN/STABLE/MIXED; no predictions made; confidence based on evidence count.,MEDIUM,7,Signals derived only from CSV evidence; no unsupported inferences; sample-size shown; no predictions.
S0354,Shopflo,STABLE,STABLE,STABLE,STABLE,STABLE,STABLE,TECH:0:STABLE,STABLE,Evidence-based classification; directions UP/DOWN/STABLE/MIXED; no predictions made; confidence based on evidence count.,MEDIUM,4,Signals derived only from CSV evidence; no unsupported inferences; sample-size shown; no predictions.
S0355,smallest.ai,UP,STABLE,STABLE,STABLE,STABLE,UP,TECH:0:STABLE,STABLE,Evidence-based classification; directions UP/DOWN/STABLE/MIXED; no predictions made; confidence based on evidence count.,HIGH,4,Signals derived only from CSV evidence; no unsupported inferences; sample-size shown; no predictions.
S0356,Dv2js Innovation,STABLE,STABLE,STABLE,STABLE,STABLE,STABLE,TECH:0:STABLE,STABLE,Evidence-based classification; directions UP/DOWN/STABLE/MIXED; no predictions made; confidence based on evidence count.,MEDIUM,3,Signals derived only from CSV evidence; no unsupported inferences; sample-size shown; no predictions.
S0357,4700BC,STABLE,STABLE,STABLE,STABLE,STABLE,STABLE,TECH:0:STABLE,STABLE,Evidence-based classification; directions UP/DOWN/STABLE/MIXED; no predictions made; confidence based on evidence count.,MEDIUM,4,Signals derived only from CSV evidence; no unsupported inferences; sample-size shown; no predictions.
S0358,Dunzo,STABLE,STABLE,STABLE,STABLE,STABLE,STABLE,TECH:0:STABLE,STABLE,Evidence-based classification; directions UP/DOWN/STABLE/MIXED; no predictions made; confidence based on evidence count.,MEDIUM,3,Signals derived only from CSV evidence; no unsupported inferences; sample-size shown; no predictions.
S0359,GamesKraft,STABLE,STABLE,STABLE,STABLE,STABLE,STABLE,TECH:0:STABLE,STABLE,Evidence-based classification; directions UP/DOWN/STABLE/MIXED; no predictions made; confidence based on evidence count.,MEDIUM,4,Signals derived only from CSV evidence; no unsupported inferences; sample-size shown; no predictions.
S0360,Good Glamm Group,STABLE,STABLE,STABLE,STABLE,STABLE,STABLE,TECH:0:STABLE,STABLE,Evidence-based classification; directions UP/DOWN/STABLE/MIXED; no predictions made; confidence based on evidence count.,MEDIUM,3,Signals derived only from CSV evidence; no unsupported inferences; sample-size shown; no predictions.
S0361,Head Digital Works,STABLE,STABLE,STABLE,STABLE,STABLE,STABLE,TECH:0:STABLE,STABLE,Evidence-based classification; directions UP/DOWN/STABLE/MIXED; no predictions made; confidence based on evidence count.,MEDIUM,4,Signals derived only from CSV evidence; no unsupported inferences; sample-size shown; no predictions.
S0362,Hike,STABLE,STABLE,STABLE,STABLE,STABLE,STABLE,TECH:0:STABLE,STABLE,Evidence-based classification; directions UP/DOWN/STABLE/MIXED; no predictions made; confidence based on evidence count.,MEDIUM,3,Signals derived only from CSV evidence; no unsupported inferences; sample-size shown; no predictions.
S0363,KiranaClub,STABLE,STABLE,STABLE,STABLE,STABLE,UP,TECH:0:STABLE,STABLE,Evidence-based classification; directions UP/DOWN/STABLE/MIXED; no predictions made; confidence based on evidence count.,MEDIUM,4,Signals derived only from CSV evidence; no unsupported inferences; sample-size shown; no predictions.
S0364,Log9 Materials,STABLE,STABLE,STABLE,STABLE,STABLE,STABLE,TECH:2:STABLE,PRESSURE,Evidence-based classification; directions UP/DOWN/STABLE/MIXED; no predictions made; confidence based on evidence count.,MEDIUM,7,Signals derived only from CSV evidence; no unsupported inferences; sample-size shown; no predictions.
S0365,PokerBaazi,STABLE,STABLE,STABLE,STABLE,STABLE,STABLE,TECH:1:STABLE,STABLE,Evidence-based classification; directions UP/DOWN/STABLE/MIXED; no predictions made; confidence based on evidence count.,MEDIUM,4,Signals derived only from CSV evidence; no unsupported inferences; sample-size shown; no predictions.
S0366,Pync,STABLE,STABLE,STABLE,STABLE,STABLE,STABLE,TECH:0:STABLE,STABLE,Evidence-based classification; directions UP/DOWN/STABLE/MIXED; no predictions made; confidence based on evidence count.,MEDIUM,4,Signals derived only from CSV evidence; no unsupported inferences; sample-size shown; no predictions.
S0367,Zupee,UP,UP,STABLE,STABLE,STABLE,UP,TECH:2:STABLE,STABLE,Evidence-based classification; directions UP/DOWN/STABLE/MIXED; no predictions made; confidence based on evidence count.,HIGH,18,Signals derived only from CSV evidence; no unsupported inferences; sample-size shown; no predictions.
S0368,Vicharak,STABLE,STABLE,STABLE,STABLE,STABLE,UP,TECH:0:STABLE,PRESSURE,Evidence-based classification; directions UP/DOWN/STABLE/MIXED; no predictions made; confidence based on evidence count.,MEDIUM,9,Signals derived only from CSV evidence; no unsupported inferences; sample-size shown; no predictions.
