founder_id,person_id,startup_id,name,role_title,founder_type,active,previous_company_first,city,sector,founder_sequence,source_id,confidence,notes
FDR0001,P0001,S0001,Vimal Kumar (Vivekananthamoorthy Vimalkumar),Co-founder & CEO,co-founder,True,,Bengaluru,fintech payments infrastructure,1,SRC00006,HIGH,NETWORK LAYER: previous_company only when FOUNDERS.prev_companies non-empty; same person across companies (global person) preserved; no auto-merge.
FDR0002,P0002,S0001,Sheetal Lalwani (Sheetal Pai),Co-founder & COO,co-founder,True,,Bengaluru,fintech payments infrastructure,1,SRC00003,HIGH,NETWORK LAYER: previous_company only when FOUNDERS.prev_companies non-empty; same person across companies (global person) preserved; no auto-merge.
FDR0003,P0003,S0001,Ramanathan R.V.,Co-founder (exited 2019),co-founder,False,,Bengaluru,fintech payments infrastructure,1,SRC00003,MEDIUM,NETWORK LAYER: previous_company only when FOUNDERS.prev_companies non-empty; same person across companies (global person) preserved; no auto-merge.
FDR0004,P0005,S0002,Madhusudan Ekambaram (Madhusudan E),Co-founder & CEO,co-founder,True,,Bengaluru,fintech lending,1,SRC00031,HIGH,NETWORK LAYER: previous_company only when FOUNDERS.prev_companies non-empty; same person across companies (global person) preserved; no auto-merge.
FDR0005,P0006,S0002,Karthikeyan Krishnaswamy,Co-founder & CTO,co-founder,True,,Bengaluru,fintech lending,1,SRC00041,HIGH,NETWORK LAYER: previous_company only when FOUNDERS.prev_companies non-empty; same person across companies (global person) preserved; no auto-merge.
FDR0006,P0007,S0002,Vivek Veda,Co-founder & CFO,co-founder,True,,Bengaluru,fintech lending,1,SRC00041,HIGH,NETWORK LAYER: previous_company only when FOUNDERS.prev_companies non-empty; same person across companies (global person) preserved; no auto-merge.
FDR0007,P0008,S0002,Madhusudan Ekambaram,Co-founder & CEO,,True,,Bengaluru,fintech lending,1,SRC00031,HIGH,NETWORK LAYER: previous_company only when FOUNDERS.prev_companies non-empty; same person across companies (global person) preserved; no auto-merge.
FDR0008,P0014,S0003,Sameer Nigam,Co-founder & CEO,co-founder,True,,Bengaluru,fintech payments,1,SRC00080,HIGH,NETWORK LAYER: previous_company only when FOUNDERS.prev_companies non-empty; same person across companies (global person) preserved; no auto-merge.
FDR0009,P0015,S0003,Rahul Chari,Co-founder,co-founder,True,,Bengaluru,fintech payments,1,SRC00080,HIGH,NETWORK LAYER: previous_company only when FOUNDERS.prev_companies non-empty; same person across companies (global person) preserved; no auto-merge.
FDR0010,P0016,S0003,Burzin Engineer,Co-founder,co-founder,False,,Bengaluru,fintech payments,1,SRC00080,MEDIUM,NETWORK LAYER: previous_company only when FOUNDERS.prev_companies non-empty; same person across companies (global person) preserved; no auto-merge.
FDR0011,P0028,S0004,Harshil Mathur,Co-founder & CEO,co-founder,True,,Bengaluru,fintech infra,1,SRC00094,HIGH,NETWORK LAYER: previous_company only when FOUNDERS.prev_companies non-empty; same person across companies (global person) preserved; no auto-merge.
FDR0012,P0029,S0004,Shashank Kumar,Co-founder (MD),co-founder,True,,Bengaluru,fintech infra,1,SRC00094,HIGH,NETWORK LAYER: previous_company only when FOUNDERS.prev_companies non-empty; same person across companies (global person) preserved; no auto-merge.
FDR0013,P0031,S0005,Aadit Palicha,Co-founder & CEO,co-founder,True,,Mumbai,quick commerce,1,SRC00110,HIGH,NETWORK LAYER: previous_company only when FOUNDERS.prev_companies non-empty; same person across companies (global person) preserved; no auto-merge.
FDR0014,P0032,S0005,Kaivalya Vohra,Co-founder,co-founder,True,,Mumbai,quick commerce,1,SRC00110,HIGH,NETWORK LAYER: previous_company only when FOUNDERS.prev_companies non-empty; same person across companies (global person) preserved; no auto-merge.
FDR0015,P0035,S0006,Sharad Sanghi,Co-founder & CEO,co-founder,True,,Mumbai,AI cloud infrastructure,1,SRC00118,HIGH,NETWORK LAYER: previous_company only when FOUNDERS.prev_companies non-empty; same person across companies (global person) preserved; no auto-merge.
FDR0016,P0036,S0006,Anindya Das,Co-founder & CTO,co-founder,True,,Mumbai,AI cloud infrastructure,1,SRC00122,HIGH,NETWORK LAYER: previous_company only when FOUNDERS.prev_companies non-empty; same person across companies (global person) preserved; no auto-merge.
FDR0017,P0038,S0007,Baskar Subramanian,Managing Director & CEO,co-founder,True,,Bengaluru,media-tech SaaS,1,SRC00139,MEDIUM,NETWORK LAYER: previous_company only when FOUNDERS.prev_companies non-empty; same person across companies (global person) preserved; no auto-merge.
FDR0018,P0039,S0007,Srividhya Srinivasan,Co-founder,co-founder,True,,Bengaluru,media-tech SaaS,1,SRC00138,MEDIUM,NETWORK LAYER: previous_company only when FOUNDERS.prev_companies non-empty; same person across companies (global person) preserved; no auto-merge.
FDR0019,P0040,S0007,Arunachalam Srinivasan Karapattu (Srinivasan KA),Co-founder,co-founder,True,,Bengaluru,media-tech SaaS,1,SRC00138,MEDIUM,NETWORK LAYER: previous_company only when FOUNDERS.prev_companies non-empty; same person across companies (global person) preserved; no auto-merge.
FDR0020,P0041,S0008,Kunal Shah,Founder & CEO,founder,True,,Bengaluru,fintech,1,SRC00145,HIGH,NETWORK LAYER: previous_company only when FOUNDERS.prev_companies non-empty; same person across companies (global person) preserved; no auto-merge.
FDR0021,P0042,S0009,Jayant Paleti,Co-founder,co-founder,True,,Hyderabad,HR-tech SaaS,1,SRC00157,HIGH,NETWORK LAYER: previous_company only when FOUNDERS.prev_companies non-empty; same person across companies (global person) preserved; no auto-merge.
FDR0022,P0043,S0009,Chaitanya Peddi,Co-founder,co-founder,True,,Hyderabad,HR-tech SaaS,1,SRC00155,HIGH,NETWORK LAYER: previous_company only when FOUNDERS.prev_companies non-empty; same person across companies (global person) preserved; no auto-merge.
FDR0023,P0044,S0009,Rohit Chennamaneni,Co-founder,co-founder,True,,Hyderabad,HR-tech SaaS,1,SRC00163,HIGH,NETWORK LAYER: previous_company only when FOUNDERS.prev_companies non-empty; same person across companies (global person) preserved; no auto-merge.
FDR0024,P0045,S0009,Vineet Singh,"Co-founder (elevated CTO, Aug 2024)",co-founder,True,,Hyderabad,HR-tech SaaS,1,SRC00155,MEDIUM,NETWORK LAYER: previous_company only when FOUNDERS.prev_companies non-empty; same person across companies (global person) preserved; no auto-merge.
FDR0025,P0046,S0010,Mukund Jha,Co-founder & CEO,co-founder,True,,Bengaluru,AI dev-tools / vibe-coding,1,SRC00167,HIGH,NETWORK LAYER: previous_company only when FOUNDERS.prev_companies non-empty; same person across companies (global person) preserved; no auto-merge.
FDR0026,P0047,S0010,Madhav Jha,Co-founder (twin brother),co-founder,True,,Bengaluru,AI dev-tools / vibe-coding,1,SRC00170,HIGH,NETWORK LAYER: previous_company only when FOUNDERS.prev_companies non-empty; same person across companies (global person) preserved; no auto-merge.
FDR0027,P0048,S0011,Lalit Keshre,Co-founder & CEO,co-founder,True,,Bengaluru,fintech wealthtech,1,SRC00177,HIGH,NETWORK LAYER: previous_company only when FOUNDERS.prev_companies non-empty; same person across companies (global person) preserved; no auto-merge.
FDR0028,P0049,S0011,Harsh Jain,Co-founder & COO,co-founder,True,,Bengaluru,fintech wealthtech,1,SRC00177,HIGH,NETWORK LAYER: previous_company only when FOUNDERS.prev_companies non-empty; same person across companies (global person) preserved; no auto-merge.
FDR0029,P0050,S0011,Ishan Bansal,Co-founder,co-founder,True,,Bengaluru,fintech wealthtech,1,SRC00177,MEDIUM,NETWORK LAYER: previous_company only when FOUNDERS.prev_companies non-empty; same person across companies (global person) preserved; no auto-merge.
FDR0030,P0051,S0011,Neeraj Singh,Co-founder & CTO,co-founder,True,,Bengaluru,fintech wealthtech,1,SRC00189,MEDIUM,NETWORK LAYER: previous_company only when FOUNDERS.prev_companies non-empty; same person across companies (global person) preserved; no auto-merge.
FDR0031,P0056,S0012,Beerud Sheth,Co-founder & CEO,co-founder,True,,Mumbai,AI / conversational SaaS,1,SRC00231,HIGH,NETWORK LAYER: previous_company only when FOUNDERS.prev_companies non-empty; same person across companies (global person) preserved; no auto-merge.
FDR0032,P0060,S0013,Bhavish Aggarwal,Founder,founder,True,,Bengaluru,AI / AI cloud infrastructure,1,SRC00239,HIGH,NETWORK LAYER: previous_company only when FOUNDERS.prev_companies non-empty; same person across companies (global person) preserved; no auto-merge.
FDR0033,P0061,S0013,Krishnamurthy Venugopala Tenneti,Co-founding Director,co-founder,True,,Bengaluru,AI / AI cloud infrastructure,1,SRC00239,MEDIUM,NETWORK LAYER: previous_company only when FOUNDERS.prev_companies non-empty; same person across companies (global person) preserved; no auto-merge.
FDR0034,P0074,S0014,Vivek Raghavan,Co-founder,co-founder,True,,Bengaluru,AI / LLMs / sovereign models,1,SRC00274,HIGH,NETWORK LAYER: previous_company only when FOUNDERS.prev_companies non-empty; same person across companies (global person) preserved; no auto-merge.
FDR0035,P0075,S0014,Pratyush Kumar,Co-founder & CEO,co-founder,True,,Bengaluru,AI / LLMs / sovereign models,1,SRC00274,HIGH,NETWORK LAYER: previous_company only when FOUNDERS.prev_companies non-empty; same person across companies (global person) preserved; no auto-merge.
FDR0036,P0076,S0015,Rajan Bajaj,"Co-founder, MD & CEO",founder,True,,Bengaluru,fintech / digital banking,1,SRC00283,HIGH,NETWORK LAYER: previous_company only when FOUNDERS.prev_companies non-empty; same person across companies (global person) preserved; no auto-merge.
FDR0037,P0077,S0015,Deepak Malhotra,Co-founder,co-founder,False,,Bengaluru,fintech / digital banking,1,SRC00284,MEDIUM,NETWORK LAYER: previous_company only when FOUNDERS.prev_companies non-empty; same person across companies (global person) preserved; no auto-merge.
FDR0038,P0078,S0016,Ronnie Screwvala,Co-founder & Chairperson,founder,True,,Mumbai,Edtech / skilling,1,SRC00292,HIGH,NETWORK LAYER: previous_company only when FOUNDERS.prev_companies non-empty; same person across companies (global person) preserved; no auto-merge.
FDR0039,P0079,S0016,Mayank Kumar,Co-founder,co-founder,False,,Mumbai,Edtech / skilling,1,SRC00289,MEDIUM,NETWORK LAYER: previous_company only when FOUNDERS.prev_companies non-empty; same person across companies (global person) preserved; no auto-merge.
FDR0040,P0080,S0016,Phalgun Kompalli,Co-founder,co-founder,True,,Mumbai,Edtech / skilling,1,SRC00289,MEDIUM,NETWORK LAYER: previous_company only when FOUNDERS.prev_companies non-empty; same person across companies (global person) preserved; no auto-merge.
FDR0041,P0081,S0016,Ravijot Chugh,Co-founder,co-founder,False,,Mumbai,Edtech / skilling,1,SRC00289,MEDIUM,NETWORK LAYER: previous_company only when FOUNDERS.prev_companies non-empty; same person across companies (global person) preserved; no auto-merge.
FDR0042,P0086,S0017,Ritesh Arora,Co-founder & CEO,co-founder,True,,Mumbai,SaaS / dev testing,1,SRC00341,HIGH,NETWORK LAYER: previous_company only when FOUNDERS.prev_companies non-empty; same person across companies (global person) preserved; no auto-merge.
FDR0043,P0087,S0017,Nakul Aggarwal,Co-founder & CTO,co-founder,True,,Mumbai,SaaS / dev testing,1,SRC00341,HIGH,NETWORK LAYER: previous_company only when FOUNDERS.prev_companies non-empty; same person across companies (global person) preserved; no auto-merge.
FDR0044,P0088,S0018,Pravin Jadhav,"Founder & CEO, Raise Financial Services",founder,True,,Mumbai,fintech/broking,1,SRC00366,HIGH,NETWORK LAYER: previous_company only when FOUNDERS.prev_companies non-empty; same person across companies (global person) preserved; no auto-merge.
FDR0045,P0089,S0018,Jay Prakash Gupta,Co-founder,co-founder,True,,Mumbai,fintech/broking,1,SRC00352,HIGH,NETWORK LAYER: previous_company only when FOUNDERS.prev_companies non-empty; same person across companies (global person) preserved; no auto-merge.
FDR0046,P0090,S0018,Alok Pandey,Co-founder,co-founder,True,,Mumbai,fintech/broking,1,SRC00352,HIGH,NETWORK LAYER: previous_company only when FOUNDERS.prev_companies non-empty; same person across companies (global person) preserved; no auto-merge.
FDR0047,P0091,S0018,Raunak Rathi,Co-founder and Director,,True,,Mumbai,fintech/broking,1,SRC00357,MEDIUM,NETWORK LAYER: previous_company only when FOUNDERS.prev_companies non-empty; same person across companies (global person) preserved; no auto-merge.
FDR0048,P0092,S0019,Dharmil Sheth,Co-founder (stepped back from day-to-day Jan 2025; board/observer),co-founder,False,,Mumbai,healthtech/pharmacy,1,SRC00369,HIGH,NETWORK LAYER: previous_company only when FOUNDERS.prev_companies non-empty; same person across companies (global person) preserved; no auto-merge.
FDR0049,P0093,S0019,Dhaval Shah,Co-founder (stepped back Jan 2025),co-founder,False,,Mumbai,healthtech/pharmacy,1,SRC00369,HIGH,NETWORK LAYER: previous_company only when FOUNDERS.prev_companies non-empty; same person across companies (global person) preserved; no auto-merge.
FDR0050,P0094,S0019,Hardik Dedhia,Co-founder (stepped back Jan 2025),co-founder,False,,Mumbai,healthtech/pharmacy,1,SRC00369,HIGH,NETWORK LAYER: previous_company only when FOUNDERS.prev_companies non-empty; same person across companies (global person) preserved; no auto-merge.
FDR0051,P0095,S0019,Siddharth Shah,"Co-founder, continuing to lead (2025)",co-founder,True,,Mumbai,healthtech/pharmacy,1,SRC00369,HIGH,NETWORK LAYER: previous_company only when FOUNDERS.prev_companies non-empty; same person across companies (global person) preserved; no auto-merge.
FDR0052,P0096,S0019,Harsh Parekh,Co-founder,,True,,Mumbai,healthtech/pharmacy,1,SRC00381,MEDIUM,NETWORK LAYER: previous_company only when FOUNDERS.prev_companies non-empty; same person across companies (global person) preserved; no auto-merge.
FDR0053,P0100,S0020,Nalin Agrawal,Co-founder,co-founder,True,,Mumbai,fintech/bnpl,1,SRC00408,HIGH,NETWORK LAYER: previous_company only when FOUNDERS.prev_companies non-empty; same person across companies (global person) preserved; no auto-merge.
FDR0054,P0101,S0020,Anil Gelra,Co-founder,co-founder,True,,Mumbai,fintech/bnpl,1,SRC00408,HIGH,NETWORK LAYER: previous_company only when FOUNDERS.prev_companies non-empty; same person across companies (global person) preserved; no auto-merge.
FDR0055,P0102,S0020,Abhineet Sawa,Co-founder,co-founder,True,,Mumbai,fintech/bnpl,1,SRC00408,HIGH,NETWORK LAYER: previous_company only when FOUNDERS.prev_companies non-empty; same person across companies (global person) preserved; no auto-merge.
FDR0056,P0104,S0021,Ravi Kumar,Co-founder & CEO,co-founder,True,,Mumbai,fintech/broking,1,SRC00428,HIGH,NETWORK LAYER: previous_company only when FOUNDERS.prev_companies non-empty; same person across companies (global person) preserved; no auto-merge.
FDR0057,P0105,S0021,Shrini Viswanath,Co-founder,co-founder,True,,Mumbai,fintech/broking,1,SRC00439,HIGH,NETWORK LAYER: previous_company only when FOUNDERS.prev_companies non-empty; same person across companies (global person) preserved; no auto-merge.
FDR0058,P0106,S0021,Raghu Kumar,Co-founder (per 2021 press; contested — see conflicts),co-founder,True,,Mumbai,fintech/broking,1,SRC00439,MEDIUM,NETWORK LAYER: previous_company only when FOUNDERS.prev_companies non-empty; same person across companies (global person) preserved; no auto-merge.
FDR0059,P0107,S0021,Kavitha Subramanian,Co-founder (per TOI/company-signal; contested — see conflicts),co-founder,True,,Mumbai,fintech/broking,1,SRC00440,MEDIUM,NETWORK LAYER: previous_company only when FOUNDERS.prev_companies non-empty; same person across companies (global person) preserved; no auto-merge.
FDR0060,P0108,S0021,Shrinivas Viswanath,Co-founder,,True,,Mumbai,fintech/broking,1,SRC00431,HIGH,NETWORK LAYER: previous_company only when FOUNDERS.prev_companies non-empty; same person across companies (global person) preserved; no auto-merge.
FDR0061,P0110,S0022,Vaibhav Gupta,Co-founder & CEO,co-founder,True,,Bengaluru,b2b commerce,1,SRC00452,HIGH,NETWORK LAYER: previous_company only when FOUNDERS.prev_companies non-empty; same person across companies (global person) preserved; no auto-merge.
FDR0062,P0111,S0022,Sujeet Kumar,Co-founder,co-founder,True,,Bengaluru,b2b commerce,1,SRC00452,HIGH,NETWORK LAYER: previous_company only when FOUNDERS.prev_companies non-empty; same person across companies (global person) preserved; no auto-merge.
FDR0063,P0112,S0022,Amod Malviya,Co-founder,co-founder,False,,Bengaluru,b2b commerce,1,SRC00452,HIGH,NETWORK LAYER: previous_company only when FOUNDERS.prev_companies non-empty; same person across companies (global person) preserved; no auto-merge.
FDR0064,P0114,S0023,Varun Dua,Founder,founder,True,,Bengaluru,insurtech,1,SRC00458,HIGH,NETWORK LAYER: previous_company only when FOUNDERS.prev_companies non-empty; same person across companies (global person) preserved; no auto-merge.
FDR0065,P0115,S0023,Vishwanath Ramarao (Ram),Co-Founder,co-founder,True,,Bengaluru,insurtech,1,SRC00458,MEDIUM,NETWORK LAYER: previous_company only when FOUNDERS.prev_companies non-empty; same person across companies (global person) preserved; no auto-merge.
FDR0066,P0116,S0023,Ruchi Deepak,Founder Emeritus,founder,False,,Bengaluru,insurtech,1,SRC00458,HIGH,NETWORK LAYER: previous_company only when FOUNDERS.prev_companies non-empty; same person across companies (global person) preserved; no auto-merge.
FDR0067,P0118,S0024,Ashish Singhal,Co-founder & CEO,co-founder,True,,Bengaluru,crypto/fintech,1,SRC00472,HIGH,NETWORK LAYER: previous_company only when FOUNDERS.prev_companies non-empty; same person across companies (global person) preserved; no auto-merge.
FDR0068,P0119,S0024,Govind Soni,Co-founder & CTO,co-founder,True,,Bengaluru,crypto/fintech,1,SRC00477,HIGH,NETWORK LAYER: previous_company only when FOUNDERS.prev_companies non-empty; same person across companies (global person) preserved; no auto-merge.
FDR0069,P0120,S0024,Vimal Sagar Tiwari,Co-founder & COO,co-founder,True,,Bengaluru,crypto/fintech,1,SRC00477,HIGH,NETWORK LAYER: previous_company only when FOUNDERS.prev_companies non-empty; same person across companies (global person) preserved; no auto-merge.
FDR0070,P0121,S0025,Mukesh Bansal,Co-founder,co-founder,True,,Bengaluru,fitness/healthtech,1,SRC00491,HIGH,NETWORK LAYER: previous_company only when FOUNDERS.prev_companies non-empty; same person across companies (global person) preserved; no auto-merge.
FDR0071,P0122,S0025,Ankit Nagori,Co-founder (ex),co-founder,False,,Bengaluru,fitness/healthtech,1,SRC00497,HIGH,NETWORK LAYER: previous_company only when FOUNDERS.prev_companies non-empty; same person across companies (global person) preserved; no auto-merge.
FDR0072,P0123,S0025,Rishabh Telang,Co-founder & CEO,co-founder,True,,Bengaluru,fitness/healthtech,1,SRC00508,MEDIUM,NETWORK LAYER: previous_company only when FOUNDERS.prev_companies non-empty; same person across companies (global person) preserved; no auto-merge.
FDR0073,P0126,S0026,Krish Ramineni,Co-founder & CEO,co-founder,True,,San Francisco / Pleasanton,AI / meeting transcription,1,SRC00515,HIGH,NETWORK LAYER: previous_company only when FOUNDERS.prev_companies non-empty; same person across companies (global person) preserved; no auto-merge.
FDR0074,P0127,S0026,Sam Udotong,Co-founder & CTO,co-founder,True,,San Francisco / Pleasanton,AI / meeting transcription,1,SRC00515,HIGH,NETWORK LAYER: previous_company only when FOUNDERS.prev_companies non-empty; same person across companies (global person) preserved; no auto-merge.
FDR0075,P0128,S0027,Tanmai Gopal,Co-founder & CEO,co-founder,True,,Bengaluru,SaaS / API platform (GraphQL),1,SRC00540,HIGH,NETWORK LAYER: previous_company only when FOUNDERS.prev_companies non-empty; same person across companies (global person) preserved; no auto-merge.
FDR0076,P0129,S0027,Rajoshi Ghosh,Co-founder & COO,co-founder,True,,Bengaluru,SaaS / API platform (GraphQL),1,SRC00541,HIGH,NETWORK LAYER: previous_company only when FOUNDERS.prev_companies non-empty; same person across companies (global person) preserved; no auto-merge.
FDR0077,P0131,S0028,Samir Bodas,Co-founder (CEO until 2025; d. 2026 per GeekWire),co-founder,False,,Pune,SaaS / contract lifecycle management,1,SRC00547,HIGH,NETWORK LAYER: previous_company only when FOUNDERS.prev_companies non-empty; same person across companies (global person) preserved; no auto-merge.
FDR0078,P0132,S0028,Monish Darda,Co-founder & CTO,co-founder,True,,Pune,SaaS / contract lifecycle management,1,SRC00547,HIGH,NETWORK LAYER: previous_company only when FOUNDERS.prev_companies non-empty; same person across companies (global person) preserved; no auto-merge.
FDR0079,P0134,S0029,Nilesh Patel,Co-founder & CEO,co-founder,True,,Bengaluru,SaaS / CRM,1,SRC00558,HIGH,NETWORK LAYER: previous_company only when FOUNDERS.prev_companies non-empty; same person across companies (global person) preserved; no auto-merge.
FDR0080,P0135,S0029,Prashant Singh,Co-founder & COO,co-founder,True,,Bengaluru,SaaS / CRM,1,SRC00577,HIGH,NETWORK LAYER: previous_company only when FOUNDERS.prev_companies non-empty; same person across companies (global person) preserved; no auto-merge.
FDR0081,P0136,S0029,Sudhakar Gorti,Co-founder,co-founder,True,,Bengaluru,SaaS / CRM,1,SRC00577,HIGH,NETWORK LAYER: previous_company only when FOUNDERS.prev_companies non-empty; same person across companies (global person) preserved; no auto-merge.
FDR0082,P0138,S0030,Raviteja Dodda,CEO & Co-founder,co-founder,True,,Bengaluru,SaaS / customer engagement,1,SRC00587,HIGH,NETWORK LAYER: previous_company only when FOUNDERS.prev_companies non-empty; same person across companies (global person) preserved; no auto-merge.
FDR0083,P0139,S0030,Yashwanth Kumar (Kammara Yashwanth Kumar),"CTO, CISO & Co-founder",co-founder,True,,Bengaluru,SaaS / customer engagement,1,SRC00587,HIGH,NETWORK LAYER: previous_company only when FOUNDERS.prev_companies non-empty; same person across companies (global person) preserved; no auto-merge.
FDR0084,P0142,S0031,Puneet Agarwal,MD & CEO,founder,True,,Bengaluru,fintech / digital lending,1,SRC00592,HIGH,NETWORK LAYER: previous_company only when FOUNDERS.prev_companies non-empty; same person across companies (global person) preserved; no auto-merge.
FDR0085,P0143,S0031,Sanjay Aggarwal,Executive Director & CTO,founder,True,,Bengaluru,fintech / digital lending,1,SRC00592,HIGH,NETWORK LAYER: previous_company only when FOUNDERS.prev_companies non-empty; same person across companies (global person) preserved; no auto-merge.
FDR0086,P0144,S0032,Dhiraj Rajaram,Founder & CEO,founder,True,,Bengaluru,analytics / decision sciences / AI,1,SRC00598,HIGH,NETWORK LAYER: previous_company only when FOUNDERS.prev_companies non-empty; same person across companies (global person) preserved; no auto-merge.
FDR0087,P0145,S0032,Ambiga Subramanian (ne Dhiraj; reports vary: Priyanka Ashok listed on Tracxn),"Co-founder, ex-CEO",co-founder,False,,Bengaluru,analytics / decision sciences / AI,1,SRC00598,MEDIUM,NETWORK LAYER: previous_company only when FOUNDERS.prev_companies non-empty; same person across companies (global person) preserved; no auto-merge.
FDR0088,P0146,S0032,Ambiga Subramanian,"Co-founder, ex-CEO",,False,,Bengaluru,analytics / decision sciences / AI,1,SRC00598,MEDIUM,NETWORK LAYER: previous_company only when FOUNDERS.prev_companies non-empty; same person across companies (global person) preserved; no auto-merge.
FDR0089,P0151,S0033,Avneesh Agrawal,Co-founder & CEO,co-founder,True,,Bengaluru,AI / computer vision / fleet safety telematics,1,SRC00605,HIGH,NETWORK LAYER: previous_company only when FOUNDERS.prev_companies non-empty; same person across companies (global person) preserved; no auto-merge.
FDR0090,P0152,S0033,David Julian,Co-founder & CTO,co-founder,False,,Bengaluru,AI / computer vision / fleet safety telematics,1,SRC00605,HIGH,NETWORK LAYER: previous_company only when FOUNDERS.prev_companies non-empty; same person across companies (global person) preserved; no auto-merge.
FDR0091,P0155,S0034,Abhinav Asthana,Co-founder & CEO,co-founder,True,,Bengaluru,saas/api dev,1,SRC00612,HIGH,NETWORK LAYER: previous_company only when FOUNDERS.prev_companies non-empty; same person across companies (global person) preserved; no auto-merge.
FDR0092,P0156,S0034,Ankit Sobti,Co-founder & CTO,co-founder,True,,Bengaluru,saas/api dev,1,SRC00612,HIGH,NETWORK LAYER: previous_company only when FOUNDERS.prev_companies non-empty; same person across companies (global person) preserved; no auto-merge.
FDR0093,P0157,S0034,Abhijit Kane,Co-founder,co-founder,True,,Bengaluru,saas/api dev,1,SRC00612,HIGH,NETWORK LAYER: previous_company only when FOUNDERS.prev_companies non-empty; same person across companies (global person) preserved; no auto-merge.
FDR0094,P0160,S0035,Bhavin Turakhia,Co-founder & CEO,co-founder,True,,Bengaluru,fintech/card infra,1,SRC00639,HIGH,NETWORK LAYER: previous_company only when FOUNDERS.prev_companies non-empty; same person across companies (global person) preserved; no auto-merge.
FDR0095,P0161,S0035,Ramki Gaddipati,Co-Founder & CTO,,True,,Bengaluru,fintech/card infra,1,SRC00631,HIGH,NETWORK LAYER: previous_company only when FOUNDERS.prev_companies non-empty; same person across companies (global person) preserved; no auto-merge.
FDR0096,P0162,S0035,Abhijit Jaiswal,Co-Founder,,True,,Bengaluru,fintech/card infra,1,SRC00631,MEDIUM,NETWORK LAYER: previous_company only when FOUNDERS.prev_companies non-empty; same person across companies (global person) preserved; no auto-merge.
FDR0097,P0167,S0036,Sachin Bansal,Co-founder (exited 2018),co-founder,False,,Bengaluru,ecommerce,1,SRC00654,HIGH,NETWORK LAYER: previous_company only when FOUNDERS.prev_companies non-empty; same person across companies (global person) preserved; no auto-merge.
FDR0098,P0168,S0036,Binny Bansal,Co-founder (board exit Jan 2024),co-founder,False,,Bengaluru,ecommerce,1,SRC00647,HIGH,NETWORK LAYER: previous_company only when FOUNDERS.prev_companies non-empty; same person across companies (global person) preserved; no auto-merge.
FDR0099,P0172,S0037,Pranav Goel,Co-founder & CEO,co-founder,True,,Bengaluru,logistics,1,SRC00669,HIGH,NETWORK LAYER: previous_company only when FOUNDERS.prev_companies non-empty; same person across companies (global person) preserved; no auto-merge.
FDR0100,P0173,S0037,Uttam Digga,Co-founder & COO,co-founder,True,,Bengaluru,logistics,1,SRC00669,HIGH,NETWORK LAYER: previous_company only when FOUNDERS.prev_companies non-empty; same person across companies (global person) preserved; no auto-merge.
FDR0101,P0174,S0037,Vikas Choudhary,Co-founder,,UNKNOWN,,Bengaluru,logistics,1,SRC00661,MEDIUM,NETWORK LAYER: previous_company only when FOUNDERS.prev_companies non-empty; same person across companies (global person) preserved; no auto-merge.
FDR0102,P0084,S0038,Gaurav Munjal,Co-founder & CEO,co-founder,True,,Bengaluru,edtech,1,SRC00288,HIGH,NETWORK LAYER: previous_company only when FOUNDERS.prev_companies non-empty; same person across companies (global person) preserved; no auto-merge.
FDR0103,P0179,S0038,Roman Saini,Co-founder,co-founder,True,,Bengaluru,edtech,1,SRC00671,MEDIUM,NETWORK LAYER: previous_company only when FOUNDERS.prev_companies non-empty; same person across companies (global person) preserved; no auto-merge.
FDR0104,P0180,S0038,Hemesh Singh,Co-founder & CTO,co-founder,True,,Bengaluru,edtech,1,SRC00288,MEDIUM,NETWORK LAYER: previous_company only when FOUNDERS.prev_companies non-empty; same person across companies (global person) preserved; no auto-merge.
FDR0105,P0183,S0039,Vamsi Krishna,Co-founder & CEO,co-founder,True,,Bengaluru,edtech live classes,1,SRC00708,HIGH,NETWORK LAYER: previous_company only when FOUNDERS.prev_companies non-empty; same person across companies (global person) preserved; no auto-merge.
FDR0106,P0184,S0039,Pulkit Jain,Co-founder,co-founder,True,,Bengaluru,edtech live classes,1,SRC00708,HIGH,NETWORK LAYER: previous_company only when FOUNDERS.prev_companies non-empty; same person across companies (global person) preserved; no auto-merge.
FDR0107,P0185,S0039,Anand Prakash,Co-founder,co-founder,True,,Bengaluru,edtech live classes,1,SRC00708,HIGH,NETWORK LAYER: previous_company only when FOUNDERS.prev_companies non-empty; same person across companies (global person) preserved; no auto-merge.
FDR0108,P0188,S0040,Amrit Acharya,Co-founder & CEO,co-founder,True,,Bengaluru,b2b manufacturing,1,SRC00714,HIGH,NETWORK LAYER: previous_company only when FOUNDERS.prev_companies non-empty; same person across companies (global person) preserved; no auto-merge.
FDR0109,P0189,S0040,Amrit Pratik Acharya,Co-founder & CEO,co-founder,True,,Bengaluru,b2b manufacturing,1,SRC00714,HIGH,NETWORK LAYER: previous_company only when FOUNDERS.prev_companies non-empty; same person across companies (global person) preserved; no auto-merge.
FDR0110,P0190,S0040,Srinath Ramakkrushnan,Co-founder,co-founder,True,,Bengaluru,b2b manufacturing,1,SRC00716,HIGH,NETWORK LAYER: previous_company only when FOUNDERS.prev_companies non-empty; same person across companies (global person) preserved; no auto-merge.
FDR0111,P0191,S0040,Vishal Chaudhary,Co-founder,co-founder,True,,Bengaluru,b2b manufacturing,1,SRC00716,HIGH,NETWORK LAYER: previous_company only when FOUNDERS.prev_companies non-empty; same person across companies (global person) preserved; no auto-merge.
FDR0112,P0192,S0040,Rahul Sharma,Co-founder,co-founder,False,,Bengaluru,b2b manufacturing,1,SRC00724,HIGH,NETWORK LAYER: previous_company only when FOUNDERS.prev_companies non-empty; same person across companies (global person) preserved; no auto-merge.
FDR0113,P0193,S0040,Ankit Fatehpuria,Co-founder,co-founder,True,,Bengaluru,b2b manufacturing,1,SRC00722,HIGH,NETWORK LAYER: previous_company only when FOUNDERS.prev_companies non-empty; same person across companies (global person) preserved; no auto-merge.
FDR0114,P0049,S0041,Harsh Jain,Co-founder & CEO,co-founder,True,,Mumbai,gaming/fantasy sports,1,SRC00735,HIGH,NETWORK LAYER: previous_company only when FOUNDERS.prev_companies non-empty; same person across companies (global person) preserved; no auto-merge.
FDR0115,P0195,S0041,Bhavit Sheth,Co-founder,co-founder,True,,Mumbai,gaming/fantasy sports,1,SRC00737,HIGH,NETWORK LAYER: previous_company only when FOUNDERS.prev_companies non-empty; same person across companies (global person) preserved; no auto-merge.
FDR0116,P0196,S0042,Naveen Tewari,Founder & CEO,founder,True,,Bengaluru,adtech,1,SRC00756,HIGH,NETWORK LAYER: previous_company only when FOUNDERS.prev_companies non-empty; same person across companies (global person) preserved; no auto-merge.
FDR0117,P0197,S0042,Mohit Saxena,Co-founder,co-founder,,,Bengaluru,adtech,1,SRC00753,MEDIUM,NETWORK LAYER: previous_company only when FOUNDERS.prev_companies non-empty; same person across companies (global person) preserved; no auto-merge.
FDR0118,P0198,S0042,Abhay Singhal,Co-founder,co-founder,,,Bengaluru,adtech,1,SRC00753,MEDIUM,NETWORK LAYER: previous_company only when FOUNDERS.prev_companies non-empty; same person across companies (global person) preserved; no auto-merge.
FDR0119,P0199,S0042,Piyush Shah,Co-founder,co-founder,,,Bengaluru,adtech,1,SRC00753,MEDIUM,NETWORK LAYER: previous_company only when FOUNDERS.prev_companies non-empty; same person across companies (global person) preserved; no auto-merge.
FDR0120,P0206,S0043,Falguni Nayar,"Founder, Executive Chairperson, MD & CEO",founder,True,,Mumbai,D2C beauty / beauty-tech retail,1,SRC00776,HIGH,NETWORK LAYER: previous_company only when FOUNDERS.prev_companies non-empty; same person across companies (global person) preserved; no auto-merge.
FDR0121,P0207,S0043,Adwaita Nayar,"Co-founder; Exec Director, CEO Nykaa Fashion & Owned Brands",co-founder,True,,Mumbai,D2C beauty / beauty-tech retail,1,SRC00782,MEDIUM,NETWORK LAYER: previous_company only when FOUNDERS.prev_companies non-empty; same person across companies (global person) preserved; no auto-merge.
FDR0122,P0208,S0043,Anchit Nayar,"Executive Director, CEO Beauty (family; co-founder attribution unverified)",co-founder,True,,Mumbai,D2C beauty / beauty-tech retail,1,SRC00783,MEDIUM,NETWORK LAYER: previous_company only when FOUNDERS.prev_companies non-empty; same person across companies (global person) preserved; no auto-merge.
FDR0123,P0210,S0044,Jaydeep Barman,Co-founder & CEO,co-founder,True,,Mumbai,foodtech/cloud kitchen,1,SRC00785,HIGH,NETWORK LAYER: previous_company only when FOUNDERS.prev_companies non-empty; same person across companies (global person) preserved; no auto-merge.
FDR0124,P0211,S0044,Kallol Banerjee,Co-founder,co-founder,True,,Mumbai,foodtech/cloud kitchen,1,SRC00785,HIGH,NETWORK LAYER: previous_company only when FOUNDERS.prev_companies non-empty; same person across companies (global person) preserved; no auto-merge.
FDR0125,P0216,S0045,Fahim Sultan (Fahim Sultan Ali),Founder,founder,True,,Bengaluru,D2C pet food / consumer goods,1,SRC00797,,NETWORK LAYER: previous_company only when FOUNDERS.prev_companies non-empty; same person across companies (global person) preserved; no auto-merge.
FDR0126,P0217,S0045,Fahim Sultan Ali,Founder,,True,,Bengaluru,D2C pet food / consumer goods,1,SRC00797,HIGH,NETWORK LAYER: previous_company only when FOUNDERS.prev_companies non-empty; same person across companies (global person) preserved; no auto-merge.
FDR0127,P0219,S0046,Srikanth Velamakanni,"Co-founder, Group CEO / Executive Vice-Chairman",co-founder,True,,Mumbai,enterprise AI/analytics,1,SRC00816,HIGH,NETWORK LAYER: previous_company only when FOUNDERS.prev_companies non-empty; same person across companies (global person) preserved; no auto-merge.
FDR0128,P0220,S0046,Pranay Agrawal,Co-founder & CEO (from 2016),co-founder,True,,Mumbai,enterprise AI/analytics,1,SRC00825,HIGH,NETWORK LAYER: previous_company only when FOUNDERS.prev_companies non-empty; same person across companies (global person) preserved; no auto-merge.
FDR0129,P0221,S0046,Nirmal Palaparthi,Co-founder,co-founder,False,,Mumbai,enterprise AI/analytics,1,SRC00825,MEDIUM,NETWORK LAYER: previous_company only when FOUNDERS.prev_companies non-empty; same person across companies (global person) preserved; no auto-merge.
FDR0130,P0222,S0046,Pradeep Suryanarayan,Co-founder,co-founder,False,,Mumbai,enterprise AI/analytics,1,SRC00825,MEDIUM,NETWORK LAYER: previous_company only when FOUNDERS.prev_companies non-empty; same person across companies (global person) preserved; no auto-merge.
FDR0131,P0223,S0046,Ramakrishna Reddy,Co-founder,co-founder,False,,Mumbai,enterprise AI/analytics,1,SRC00825,MEDIUM,NETWORK LAYER: previous_company only when FOUNDERS.prev_companies non-empty; same person across companies (global person) preserved; no auto-merge.
FDR0132,P0225,S0047,S. Karthik Venkateswaran,Co-founder & CEO,co-founder,True,,"Bengaluru, Karnataka",B2B ecommerce (food & grocery),1,SRC00845,,NETWORK LAYER: previous_company only when FOUNDERS.prev_companies non-empty; same person across companies (global person) preserved; no auto-merge.
FDR0133,P0226,S0047,Ashish Jhina,Co-founder & COO,co-founder,True,,"Bengaluru, Karnataka",B2B ecommerce (food & grocery),1,SRC00845,,NETWORK LAYER: previous_company only when FOUNDERS.prev_companies non-empty; same person across companies (global person) preserved; no auto-merge.
FDR0134,P0232,S0048,Anuj Srivastava,Co-founder (CEO/Chairman per varying sources),co-founder,True,,Bengaluru,Home interiors marketplace,1,SRC00851,,NETWORK LAYER: previous_company only when FOUNDERS.prev_companies non-empty; same person across companies (global person) preserved; no auto-merge.
FDR0135,P0233,S0048,Ramakant Sharma,Co-founder & COO/CEO,co-founder,True,,Bengaluru,Home interiors marketplace,1,SRC00851,,NETWORK LAYER: previous_company only when FOUNDERS.prev_companies non-empty; same person across companies (global person) preserved; no auto-merge.
FDR0136,P0234,S0048,Shagufta Anurag,Co-founder,co-founder,False,,Bengaluru,Home interiors marketplace,1,SRC00874,,NETWORK LAYER: previous_company only when FOUNDERS.prev_companies non-empty; same person across companies (global person) preserved; no auto-merge.
FDR0137,P0235,S0048,Saurabh Jain,Co-founder (exited Feb 2026),,False,,Bengaluru,Home interiors marketplace,1,SRC00860,HIGH,NETWORK LAYER: previous_company only when FOUNDERS.prev_companies non-empty; same person across companies (global person) preserved; no auto-merge.
FDR0138,P0241,S0049,Vidit Aatrey,"Co-founder & CEO (Chairman/MD, promoter per NSE filing)",co-founder,True,,"Bengaluru, Karnataka",Horizontal ecommerce / social commerce,1,SRC00903,,NETWORK LAYER: previous_company only when FOUNDERS.prev_companies non-empty; same person across companies (global person) preserved; no auto-merge.
FDR0139,P0242,S0049,Sanjeev Barnwal (Sanjeev Kumar),Co-founder & CTO,co-founder,True,,"Bengaluru, Karnataka",Horizontal ecommerce / social commerce,1,SRC00904,,NETWORK LAYER: previous_company only when FOUNDERS.prev_companies non-empty; same person across companies (global person) preserved; no auto-merge.
FDR0140,P0243,S0049,Videt Aatrey,Co-founder & CEO (Chairman/MD),,True,,"Bengaluru, Karnataka",Horizontal ecommerce / social commerce,1,SRC00899,HIGH,NETWORK LAYER: previous_company only when FOUNDERS.prev_companies non-empty; same person across companies (global person) preserved; no auto-merge.
FDR0141,P0244,S0049,Sanjeev Barnwal,Co-founder & CTO,,True,,"Bengaluru, Karnataka",Horizontal ecommerce / social commerce,1,SRC00900,HIGH,NETWORK LAYER: previous_company only when FOUNDERS.prev_companies non-empty; same person across companies (global person) preserved; no auto-merge.
FDR0142,P0060,S0050,Bhavish Aggarwal,Co-founder & CEO (IIT Bombay),co-founder,True,,Bengaluru,Mobility / road transport tech,1,SRC00921,,NETWORK LAYER: previous_company only when FOUNDERS.prev_companies non-empty; same person across companies (global person) preserved; no auto-merge.
FDR0143,P0251,S0050,Ankit Bhati,Co-founder & ex-CTO (IIT Bombay; stepped back from day-to-day),co-founder,False,,Bengaluru,Mobility / road transport tech,1,SRC00922,,NETWORK LAYER: previous_company only when FOUNDERS.prev_companies non-empty; same person across companies (global person) preserved; no auto-merge.
FDR0144,P0255,S0051,Aravind Sanka,Co-founder & CEO,,True,,"Bengaluru, Karnataka",Mobility / road transport tech (bike taxi-led multimodal),1,SRC00925,HIGH,NETWORK LAYER: previous_company only when FOUNDERS.prev_companies non-empty; same person across companies (global person) preserved; no auto-merge.
FDR0145,P0256,S0051,Pavan Guntupalli,Co-founder,,True,,"Bengaluru, Karnataka",Mobility / road transport tech (bike taxi-led multimodal),1,SRC00928,HIGH,NETWORK LAYER: previous_company only when FOUNDERS.prev_companies non-empty; same person across companies (global person) preserved; no auto-merge.
FDR0146,P0257,S0051,SR Rishikesh (Rishikesh SR),Co-founder (tech),co-founder,True,,"Bengaluru, Karnataka",Mobility / road transport tech (bike taxi-led multimodal),1,SRC00942,,NETWORK LAYER: previous_company only when FOUNDERS.prev_companies non-empty; same person across companies (global person) preserved; no auto-merge.
FDR0147,P0258,S0051,SR Rishikesh (Rishikesh S R),Co-founder (tech),,True,,"Bengaluru, Karnataka",Mobility / road transport tech (bike taxi-led multimodal),1,SRC00943,HIGH,NETWORK LAYER: previous_company only when FOUNDERS.prev_companies non-empty; same person across companies (global person) preserved; no auto-merge.
FDR0148,P0260,S0052,Ankush Sachdeva,Co-founder & CEO,,True,,Bengaluru,social media,1,SRC00971,HIGH,NETWORK LAYER: previous_company only when FOUNDERS.prev_companies non-empty; same person across companies (global person) preserved; no auto-merge.
FDR0149,P0261,S0052,Bhanu Pratap Singh,Co-founder (stepped back from day-to-day 2023),,,,Bengaluru,social media,1,SRC00985,,NETWORK LAYER: previous_company only when FOUNDERS.prev_companies non-empty; same person across companies (global person) preserved; no auto-merge.
FDR0150,P0262,S0052,Farid Ahsan,Co-founder (stepped back from day-to-day 2023),,,,Bengaluru,social media,1,SRC00985,,NETWORK LAYER: previous_company only when FOUNDERS.prev_companies non-empty; same person across companies (global person) preserved; no auto-merge.
FDR0151,P0263,S0052,Manohar Singh Charan,Co-founder & CFO,,True,,Bengaluru,social media,1,SRC00973,HIGH,NETWORK LAYER: previous_company only when FOUNDERS.prev_companies non-empty; same person across companies (global person) preserved; no auto-merge.
FDR0152,P0266,S0053,Nirmit Parikh,CEO / Founder,,,,Bengaluru,hr-tech/jobs,1,SRC00998,,NETWORK LAYER: previous_company only when FOUNDERS.prev_companies non-empty; same person across companies (global person) preserved; no auto-merge.
FDR0153,P0267,S0053,Aryan Kenchin,Co-founder,,,,Bengaluru,hr-tech/jobs,1,SRC00998,,NETWORK LAYER: previous_company only when FOUNDERS.prev_companies non-empty; same person across companies (global person) preserved; no auto-merge.
FDR0154,P0273,S0054,Shashvat Nakrani,Co-founder,co-founder,True,,New Delhi,fintech payments/lending,1,SRC01020,HIGH,NETWORK LAYER: previous_company only when FOUNDERS.prev_companies non-empty; same person across companies (global person) preserved; no auto-merge.
FDR0155,P0274,S0054,Ashneer Grover,"Co-founder (ex; joined Nov 2018, resigned Mar 2022)",co-founder,False,,New Delhi,fintech payments/lending,1,SRC01014,HIGH,NETWORK LAYER: previous_company only when FOUNDERS.prev_companies non-empty; same person across companies (global person) preserved; no auto-merge.
FDR0156,P0275,S0054,Bhavik Koladiya,Co-founder (incorporator Mar 2018; exited),co-founder,False,,New Delhi,fintech payments/lending,1,SRC01021,MEDIUM,NETWORK LAYER: previous_company only when FOUNDERS.prev_companies non-empty; same person across companies (global person) preserved; no auto-merge.
FDR0157,P0278,S0055,Saurav Kumar,Founder & CEO,,,,Delhi,ev commercial,1,SRC01025,,NETWORK LAYER: previous_company only when FOUNDERS.prev_companies non-empty; same person across companies (global person) preserved; no auto-merge.
FDR0158,P0284,S0056,Akshay Mehrotra,Co-founder & CEO,,,,Pune,fintech lending,1,SRC01046,,NETWORK LAYER: previous_company only when FOUNDERS.prev_companies non-empty; same person across companies (global person) preserved; no auto-merge.
FDR0159,P0285,S0056,Ashish Goyal,Co-founder & CFO,,,,Pune,fintech lending,1,SRC01045,,NETWORK LAYER: previous_company only when FOUNDERS.prev_companies non-empty; same person across companies (global person) preserved; no auto-merge.
FDR0160,P0286,S0057,Abhinav Shashank,Co-founder & CEO,co-founder,True,,Noida,healthtech saas/ai,1,SRC01052,HIGH,NETWORK LAYER: previous_company only when FOUNDERS.prev_companies non-empty; same person across companies (global person) preserved; no auto-merge.
FDR0161,P0287,S0057,Kanav Hasija,Co-founder,co-founder,True,,Noida,healthtech saas/ai,1,SRC01054,MEDIUM,NETWORK LAYER: previous_company only when FOUNDERS.prev_companies non-empty; same person across companies (global person) preserved; no auto-merge.
FDR0162,P0288,S0057,Sandeep Gupta,Co-founder,co-founder,True,,Noida,healthtech saas/ai,1,SRC01054,MEDIUM,NETWORK LAYER: previous_company only when FOUNDERS.prev_companies non-empty; same person across companies (global person) preserved; no auto-merge.
FDR0163,P0289,S0058,Awais Ahmed,Founder and CEO,founder,True,,Bengaluru,spacetech,1,SRC01077,HIGH,NETWORK LAYER: previous_company only when FOUNDERS.prev_companies non-empty; same person across companies (global person) preserved; no auto-merge.
FDR0164,P0290,S0058,Kshitij Khandelwal,Founder and CTO,founder,True,,Bengaluru,spacetech,1,SRC01077,HIGH,NETWORK LAYER: previous_company only when FOUNDERS.prev_companies non-empty; same person across companies (global person) preserved; no auto-merge.
FDR0165,P0291,S0059,Rajashree Nambiar,"Co-founder, MD & CEO",co-founder,True,,Mumbai,fintech lending green,1,SRC01095,HIGH,NETWORK LAYER: previous_company only when FOUNDERS.prev_companies non-empty; same person across companies (global person) preserved; no auto-merge.
FDR0166,P0292,S0059,Govind Sankaranarayanan,"Co-founder, Wholetime Director & COO",co-founder,True,,Mumbai,fintech lending green,1,SRC01095,HIGH,NETWORK LAYER: previous_company only when FOUNDERS.prev_companies non-empty; same person across companies (global person) preserved; no auto-merge.
FDR0167,P0294,S0060,Sneh Vaswani,Co-founder & CEO,co-founder,True,,Mumbai,edtech robotics / consumer AI robots,1,SRC01103,HIGH,NETWORK LAYER: previous_company only when FOUNDERS.prev_companies non-empty; same person across companies (global person) preserved; no auto-merge.
FDR0168,P0295,S0060,Prashant Iyengar,Co-founder & CTO,co-founder,True,,Mumbai,edtech robotics / consumer AI robots,1,SRC01114,HIGH,NETWORK LAYER: previous_company only when FOUNDERS.prev_companies non-empty; same person across companies (global person) preserved; no auto-merge.
FDR0169,P0296,S0060,Chintan Raikar,Co-founder & COO,co-founder,True,,Mumbai,edtech robotics / consumer AI robots,1,SRC01114,HIGH,NETWORK LAYER: previous_company only when FOUNDERS.prev_companies non-empty; same person across companies (global person) preserved; no auto-merge.
FDR0170,P0297,S0061,Ravi Ramachandran (legal: Ravishankar Ramachandran),Co-founder & CEO,co-founder,True,,Mumbai,healthtech / femtech D2C wellness,1,SRC01118,HIGH,NETWORK LAYER: previous_company only when FOUNDERS.prev_companies non-empty; same person across companies (global person) preserved; no auto-merge.
FDR0171,P0298,S0061,Abhishek Ramanathan,Co-founder,co-founder,UNKNOWN,,Mumbai,healthtech / femtech D2C wellness,1,SRC01133,MEDIUM,NETWORK LAYER: previous_company only when FOUNDERS.prev_companies non-empty; same person across companies (global person) preserved; no auto-merge.
FDR0172,P0299,S0061,Projjol Banerjea,Director / co-founder (MCA director),co-founder,True,,Mumbai,healthtech / femtech D2C wellness,1,SRC01121,MEDIUM,NETWORK LAYER: previous_company only when FOUNDERS.prev_companies non-empty; same person across companies (global person) preserved; no auto-merge.
FDR0173,P0300,S0061,Swathi Kulkarni,Co-founder (per Inc42 profile; not in MCA director list seen),co-founder,UNKNOWN,,Mumbai,healthtech / femtech D2C wellness,1,SRC01125,LOW,NETWORK LAYER: previous_company only when FOUNDERS.prev_companies non-empty; same person across companies (global person) preserved; no auto-merge.
FDR0174,P0301,S0061,Ravi Ramachandran,Co-founder & CEO,,True,,Mumbai,healthtech / femtech D2C wellness,1,SRC01124,HIGH,NETWORK LAYER: previous_company only when FOUNDERS.prev_companies non-empty; same person across companies (global person) preserved; no auto-merge.
FDR0175,P0303,S0062,Akshat Nayyar,Co-founder & CEO,co-founder,True,,Mumbai,healthtech pharmacy,1,SRC01138,HIGH,NETWORK LAYER: previous_company only when FOUNDERS.prev_companies non-empty; same person across companies (global person) preserved; no auto-merge.
FDR0176,P0304,S0062,Dr Kunal Wani,Co-founder,co-founder,True,,Mumbai,healthtech pharmacy,1,SRC01147,HIGH,NETWORK LAYER: previous_company only when FOUNDERS.prev_companies non-empty; same person across companies (global person) preserved; no auto-merge.
FDR0177,P0306,S0063,Satrajit Bhattacharya (also rendered Satrajit Siva Bhattacharya),Founder & Vice Chairman,founder,True,,Mumbai,fintech (housing finance),1,SRC01163,HIGH,NETWORK LAYER: previous_company only when FOUNDERS.prev_companies non-empty; same person across companies (global person) preserved; no auto-merge.
FDR0178,P0307,S0063,Anil Kothuri,MD & CEO (co-founder),co-founder,True,,Mumbai,fintech (housing finance),1,SRC01163,HIGH,NETWORK LAYER: previous_company only when FOUNDERS.prev_companies non-empty; same person across companies (global person) preserved; no auto-merge.
FDR0179,P0308,S0063,Kamal Rathi,Co-founder (technology),co-founder,True,,Mumbai,fintech (housing finance),1,SRC01172,MEDIUM,NETWORK LAYER: previous_company only when FOUNDERS.prev_companies non-empty; same person across companies (global person) preserved; no auto-merge.
FDR0180,P0309,S0063,Satrajit Bhattacharya,Founder & Vice Chairman,,True,,Mumbai,fintech (housing finance),1,SRC01175,HIGH,NETWORK LAYER: previous_company only when FOUNDERS.prev_companies non-empty; same person across companies (global person) preserved; no auto-merge.
FDR0181,P0314,S0064,Amit Kumar Aggarwal,Co-founder & CEO,,,,Bengaluru,proptech,1,SRC01181,,NETWORK LAYER: previous_company only when FOUNDERS.prev_companies non-empty; same person across companies (global person) preserved; no auto-merge.
FDR0182,P0315,S0064,Akhil Gupta,Co-founder,,,,Bengaluru,proptech,1,SRC01181,,NETWORK LAYER: previous_company only when FOUNDERS.prev_companies non-empty; same person across companies (global person) preserved; no auto-merge.
FDR0183,P0316,S0064,Saurabh Garg,Co-founder (CPO/CBO per Inc42 2026 feature),,,,Bengaluru,proptech,1,SRC01181,,NETWORK LAYER: previous_company only when FOUNDERS.prev_companies non-empty; same person across companies (global person) preserved; no auto-merge.
FDR0184,P0318,S0065,Pawan Kumar Chandana (Chandana),Co-founder & CEO,co-founder,True,,Hyderabad,spacetech launch,1,SRC01204,HIGH,NETWORK LAYER: previous_company only when FOUNDERS.prev_companies non-empty; same person across companies (global person) preserved; no auto-merge.
FDR0185,P0319,S0065,Naga Bharath Daka,Co-founder & CTO,co-founder,True,,Hyderabad,spacetech launch,1,SRC01204,HIGH,NETWORK LAYER: previous_company only when FOUNDERS.prev_companies non-empty; same person across companies (global person) preserved; no auto-merge.
FDR0186,P0321,S0066,Anirudh Sharma,Co-founder & CEO,,,,Bengaluru,spacetech ssa,1,SRC01209,,NETWORK LAYER: previous_company only when FOUNDERS.prev_companies non-empty; same person across companies (global person) preserved; no auto-merge.
FDR0187,P0322,S0066,Rahul Rawat,Co-founder,,,,Bengaluru,spacetech ssa,1,SRC01210,,NETWORK LAYER: previous_company only when FOUNDERS.prev_companies non-empty; same person across companies (global person) preserved; no auto-merge.
FDR0188,P0323,S0066,Tanveer Ahmed,Co-founder,,,,Bengaluru,spacetech ssa,1,SRC01210,,NETWORK LAYER: previous_company only when FOUNDERS.prev_companies non-empty; same person across companies (global person) preserved; no auto-merge.
FDR0189,P0324,S0067,Trivikraman Thampy,Co-founder & Co-CEO,co-founder,True,,Mumbai,gaming (real-money skill gaming),1,SRC01236,HIGH,NETWORK LAYER: previous_company only when FOUNDERS.prev_companies non-empty; same person across companies (global person) preserved; no auto-merge.
FDR0190,P0325,S0067,Bhavin Pandya,Co-founder & Co-CEO,co-founder,True,,Mumbai,gaming (real-money skill gaming),1,SRC01236,HIGH,NETWORK LAYER: previous_company only when FOUNDERS.prev_companies non-empty; same person across companies (global person) preserved; no auto-merge.
FDR0191,P0326,S0067,Shubham Aryan,Co-founder,,True,,Mumbai,gaming (real-money skill gaming),1,SRC01241,MEDIUM,NETWORK LAYER: previous_company only when FOUNDERS.prev_companies non-empty; same person across companies (global person) preserved; no auto-merge.
FDR0192,P0336,S0068,Aaditya Sharda,Co-founder,co-founder,True,,Thane,B2B construction materials,1,SRC01267,HIGH,NETWORK LAYER: previous_company only when FOUNDERS.prev_companies non-empty; same person across companies (global person) preserved; no auto-merge.
FDR0193,P0337,S0068,Souvik Sengupta,Co-founder,co-founder,True,,Thane,B2B construction materials,1,SRC01267,HIGH,NETWORK LAYER: previous_company only when FOUNDERS.prev_companies non-empty; same person across companies (global person) preserved; no auto-merge.
FDR0194,P0340,S0069,Rehan Hameed,Co-Founder & CTO,co-founder,,,Hyderabad,edge-ai chips,1,SRC01277,,NETWORK LAYER: previous_company only when FOUNDERS.prev_companies non-empty; same person across companies (global person) preserved; no auto-merge.
FDR0195,P0341,S0069,Wajahat Qadeer,Co-Founder & Chief Architect,co-founder,,,Hyderabad,edge-ai chips,1,SRC01277,,NETWORK LAYER: previous_company only when FOUNDERS.prev_companies non-empty; same person across companies (global person) preserved; no auto-merge.
FDR0196,P0167,S0070,Sachin Bansal,"Founder, Executive Chairman",,True,,Bengaluru,fintech,1,SRC01286,HIGH,NETWORK LAYER: previous_company only when FOUNDERS.prev_companies non-empty; same person across companies (global person) preserved; no auto-merge.
FDR0197,P0342,S0070,Ankit Agarwal,"Co-founder, ex-CFO/ED",co-founder,,,Bengaluru,fintech,1,SRC01300,,NETWORK LAYER: previous_company only when FOUNDERS.prev_companies non-empty; same person across companies (global person) preserved; no auto-merge.
FDR0198,P0354,S0071,Thirukumaran Nagarajan,Co-founder (ex-CEO),co-founder,,,Bengaluru,agritech supply chain,1,SRC01317,,NETWORK LAYER: previous_company only when FOUNDERS.prev_companies non-empty; same person across companies (global person) preserved; no auto-merge.
FDR0199,P0355,S0071,Kartheeswaran K K,Co-founder & CEO,co-founder,,,Bengaluru,agritech supply chain,1,SRC01313,,NETWORK LAYER: previous_company only when FOUNDERS.prev_companies non-empty; same person across companies (global person) preserved; no auto-merge.
FDR0200,P0356,S0071,Ashutosh Vikram,Co-founder,co-founder,,,Bengaluru,agritech supply chain,1,SRC01314,,NETWORK LAYER: previous_company only when FOUNDERS.prev_companies non-empty; same person across companies (global person) preserved; no auto-merge.
FDR0201,P0357,S0071,Sharath Loganathan,Co-founder,co-founder,,,Bengaluru,agritech supply chain,1,SRC01313,,NETWORK LAYER: previous_company only when FOUNDERS.prev_companies non-empty; same person across companies (global person) preserved; no auto-merge.
FDR0202,P0358,S0071,Vasudevan Chinnathambi,Co-founder,co-founder,,,Bengaluru,agritech supply chain,1,SRC01313,,NETWORK LAYER: previous_company only when FOUNDERS.prev_companies non-empty; same person across companies (global person) preserved; no auto-merge.
FDR0203,P0359,S0071,Kartheeswaran KK,Co-founder & CEO,,True,,Bengaluru,agritech supply chain,1,SRC01313,HIGH,NETWORK LAYER: previous_company only when FOUNDERS.prev_companies non-empty; same person across companies (global person) preserved; no auto-merge.
FDR0204,P0360,S0071,Sachin Jose,Co-founder,,False,,Bengaluru,agritech supply chain,1,SRC01315,MEDIUM,NETWORK LAYER: previous_company only when FOUNDERS.prev_companies non-empty; same person across companies (global person) preserved; no auto-merge.
FDR0205,P0370,S0072,Lokvir Kapoor,"Executive Chairman, Co-founder",co-founder,True,,Noida,fintech,1,SRC01339,MEDIUM,NETWORK LAYER: previous_company only when FOUNDERS.prev_companies non-empty; same person across companies (global person) preserved; no auto-merge.
FDR0206,P0371,S0072,Rajul Garg,Co-founder,co-founder,False,,Noida,fintech,1,SRC01324,MEDIUM,NETWORK LAYER: previous_company only when FOUNDERS.prev_companies non-empty; same person across companies (global person) preserved; no auto-merge.
FDR0207,P0372,S0072,Tarun Upadhyay (Upaday),Co-founder,co-founder,False,,Noida,fintech,1,SRC01332,LOW,NETWORK LAYER: previous_company only when FOUNDERS.prev_companies non-empty; same person across companies (global person) preserved; no auto-merge.
FDR0208,P0373,S0072,Tarun Upadhyay,Co-founder (left early),,False,,Noida,fintech,1,SRC01332,MEDIUM,NETWORK LAYER: previous_company only when FOUNDERS.prev_companies non-empty; same person across companies (global person) preserved; no auto-merge.
FDR0209,P0377,S0073,Aravind Mani,Co-founder & CEO,co-founder,,,Bengaluru,EV two-wheeler,1,SRC01372,,NETWORK LAYER: previous_company only when FOUNDERS.prev_companies non-empty; same person across companies (global person) preserved; no auto-merge.
FDR0210,P0378,S0073,Vipin George,Co-founder & CPO,co-founder,,,Bengaluru,EV two-wheeler,1,SRC01372,,NETWORK LAYER: previous_company only when FOUNDERS.prev_companies non-empty; same person across companies (global person) preserved; no auto-merge.
FDR0211,P0379,S0074,Srikrishnan Ganesan,Co-founder & CEO,co-founder,,,Chennai,SaaS (PSA / onboarding),1,SRC01376,,NETWORK LAYER: previous_company only when FOUNDERS.prev_companies non-empty; same person across companies (global person) preserved; no auto-merge.
FDR0212,P0380,S0074,Vignesh Girishankar,Co-founder,co-founder,,,Chennai,SaaS (PSA / onboarding),1,SRC01376,,NETWORK LAYER: previous_company only when FOUNDERS.prev_companies non-empty; same person across companies (global person) preserved; no auto-merge.
FDR0213,P0381,S0074,Deepak Bala,Co-founder & CTO,co-founder,,,Chennai,SaaS (PSA / onboarding),1,SRC01376,,NETWORK LAYER: previous_company only when FOUNDERS.prev_companies non-empty; same person across companies (global person) preserved; no auto-merge.
FDR0214,P0382,S0075,Mohit Kumar,Co-founder & CEO,co-founder,,,Bengaluru,healthtech / wearables,1,SRC01397,,NETWORK LAYER: previous_company only when FOUNDERS.prev_companies non-empty; same person across companies (global person) preserved; no auto-merge.
FDR0215,P0383,S0075,Vatsal Singhal,Co-founder & CTO,co-founder,,,Bengaluru,healthtech / wearables,1,SRC01397,,NETWORK LAYER: previous_company only when FOUNDERS.prev_companies non-empty; same person across companies (global person) preserved; no auto-merge.
FDR0216,P0391,S0076,Sushant Goel,,co-founder,True,,Bengaluru,F&B / coffee chain (QSR),1,SRC01438,HIGH,NETWORK LAYER: previous_company only when FOUNDERS.prev_companies non-empty; same person across companies (global person) preserved; no auto-merge.
FDR0217,P0392,S0076,Ayush Bathwal,,co-founder,True,,Bengaluru,F&B / coffee chain (QSR),1,SRC01438,HIGH,NETWORK LAYER: previous_company only when FOUNDERS.prev_companies non-empty; same person across companies (global person) preserved; no auto-merge.
FDR0218,P0321,S0076,Anirudh Sharma,,co-founder,True,,Bengaluru,F&B / coffee chain (QSR),1,SRC01438,HIGH,NETWORK LAYER: previous_company only when FOUNDERS.prev_companies non-empty; same person across companies (global person) preserved; no auto-merge.
FDR0219,P0398,S0077,Swarup Bose,Founder & CEO,founder,True,,Navi Mumbai,logistics cold chain,1,SRC01459,HIGH,NETWORK LAYER: previous_company only when FOUNDERS.prev_companies non-empty; same person across companies (global person) preserved; no auto-merge.
FDR0220,P0399,S0077,Rajneesh Raman,Co-founder & COO,co-founder,True,,Navi Mumbai,logistics cold chain,1,SRC01458,HIGH,NETWORK LAYER: previous_company only when FOUNDERS.prev_companies non-empty; same person across companies (global person) preserved; no auto-merge.
FDR0221,P0400,S0077,Arbind Jain,Co-founder & CTO,co-founder,True,,Navi Mumbai,logistics cold chain,1,SRC01458,HIGH,NETWORK LAYER: previous_company only when FOUNDERS.prev_companies non-empty; same person across companies (global person) preserved; no auto-merge.
FDR0222,P0401,S0078,Tanuj Shori,Founder & CEO,founder,True,,Gurugram,proptech,1,SRC01469,HIGH,NETWORK LAYER: previous_company only when FOUNDERS.prev_companies non-empty; same person across companies (global person) preserved; no auto-merge.
FDR0223,P0402,S0078,Kanika Gupta Shori,Co-founder,co-founder,True,,Gurugram,proptech,1,SRC01469,HIGH,NETWORK LAYER: previous_company only when FOUNDERS.prev_companies non-empty; same person across companies (global person) preserved; no auto-merge.
FDR0224,P0408,S0079,Ajinkya Kulkarni,Co-founder & CEO,co-founder,True,,Bengaluru,fintech wealthtech,1,SRC01478,HIGH,NETWORK LAYER: previous_company only when FOUNDERS.prev_companies non-empty; same person across companies (global person) preserved; no auto-merge.
FDR0225,P0409,S0079,Abhik Patel,Co-founder,co-founder,True,,Bengaluru,fintech wealthtech,1,SRC01483,HIGH,NETWORK LAYER: previous_company only when FOUNDERS.prev_companies non-empty; same person across companies (global person) preserved; no auto-merge.
FDR0226,P0410,S0079,Shashank Chimaladari,Co-founder,co-founder,True,,Bengaluru,fintech wealthtech,1,SRC01483,HIGH,NETWORK LAYER: previous_company only when FOUNDERS.prev_companies non-empty; same person across companies (global person) preserved; no auto-merge.
FDR0227,P0411,S0079,Anshul Gupta,Co-founder,co-founder,True,,Bengaluru,fintech wealthtech,1,SRC01483,HIGH,NETWORK LAYER: previous_company only when FOUNDERS.prev_companies non-empty; same person across companies (global person) preserved; no auto-merge.
FDR0228,P0412,S0080,Naman Pushp,Founder & CEO,founder,True,,Bengaluru,Aerospace / drone logistics,1,SRC01486,HIGH,NETWORK LAYER: previous_company only when FOUNDERS.prev_companies non-empty; same person across companies (global person) preserved; no auto-merge.
FDR0229,P0413,S0081,Saurabh Chandra,Founder & CEO,founder,True,,Bengaluru,Robotics / industrial automation (AMR),1,SRC01491,HIGH,NETWORK LAYER: previous_company only when FOUNDERS.prev_companies non-empty; same person across companies (global person) preserved; no auto-merge.
FDR0230,P0414,S0081,Vinay V (Viswanathan Vinay per Tracxn),,founder,,,Bengaluru,Robotics / industrial automation (AMR),1,SRC00088,MEDIUM,NETWORK LAYER: previous_company only when FOUNDERS.prev_companies non-empty; same person across companies (global person) preserved; no auto-merge.
FDR0231,P0415,S0081,Saad Nasser (alt. spelling Saad Naseer per Crunchbase),,founder,,,Bengaluru,Robotics / industrial automation (AMR),1,SRC01494,MEDIUM,NETWORK LAYER: previous_company only when FOUNDERS.prev_companies non-empty; same person across companies (global person) preserved; no auto-merge.
FDR0232,P0416,S0082,Ilan Zerbib,Founder & CEO,founder,True,,San Francisco,AI infrastructure / agentic tooling,1,SRC01498,HIGH,NETWORK LAYER: previous_company only when FOUNDERS.prev_companies non-empty; same person across companies (global person) preserved; no auto-merge.
FDR0233,P0417,S0083,Aman Gupta,Co-founder (CMO),co-founder,True,,Delhi NCR,consumer electronics,1,SRC01506,HIGH,NETWORK LAYER: previous_company only when FOUNDERS.prev_companies non-empty; same person across companies (global person) preserved; no auto-merge.
FDR0234,P0418,S0083,Sameer Ashok Mehta,Co-founder,co-founder,True,,Delhi NCR,consumer electronics,1,SRC01506,HIGH,NETWORK LAYER: previous_company only when FOUNDERS.prev_companies non-empty; same person across companies (global person) preserved; no auto-merge.
FDR0235,P0419,S0084,Bipin Preet Singh,Co-founder & CEO,co-founder,True,,Gurugram,fintech,1,SRC01519,MEDIUM,NETWORK LAYER: previous_company only when FOUNDERS.prev_companies non-empty; same person across companies (global person) preserved; no auto-merge.
FDR0236,P0420,S0084,Upasana Taku,"Co-founder, ED & CFO",co-founder,True,,Gurugram,fintech,1,SRC01517,HIGH,NETWORK LAYER: previous_company only when FOUNDERS.prev_companies non-empty; same person across companies (global person) preserved; no auto-merge.
FDR0237,P0421,S0085,Asish Mohapatra,Co-founder & CEO,co-founder,True,,Gurugram,B2B supply-chain commerce / fintech,1,SRC01530,MEDIUM,NETWORK LAYER: previous_company only when FOUNDERS.prev_companies non-empty; same person across companies (global person) preserved; no auto-merge.
FDR0238,P0422,S0085,Bhuvan Kumar Gupta,Co-founder,co-founder,,,Gurugram,B2B supply-chain commerce / fintech,1,SRC01533,LOW,NETWORK LAYER: previous_company only when FOUNDERS.prev_companies non-empty; same person across companies (global person) preserved; no auto-merge.
FDR0239,P0264,S0085,Nitin Jain,Co-founder,co-founder,,,Gurugram,B2B supply-chain commerce / fintech,1,SRC01533,LOW,NETWORK LAYER: previous_company only when FOUNDERS.prev_companies non-empty; same person across companies (global person) preserved; no auto-merge.
FDR0240,P0423,S0085,Ruchi Kalra (Oxyzo co-founder; wife of Asish Mohapatra per VFS),"Co-founder, Oxyzo",co-founder,True,,Gurugram,B2B supply-chain commerce / fintech,1,SRC01531,LOW,NETWORK LAYER: previous_company only when FOUNDERS.prev_companies non-empty; same person across companies (global person) preserved; no auto-merge.
FDR0241,P0424,S0085,Ruchi Kalra,"Co-founder, CFO & WTD",,True,,Gurugram,B2B supply-chain commerce / fintech,1,SRC01551,HIGH,NETWORK LAYER: previous_company only when FOUNDERS.prev_companies non-empty; same person across companies (global person) preserved; no auto-merge.
FDR0242,P0425,S0085,Bhuvan Gupta,Co-founder & CTO,,,,Gurugram,B2B supply-chain commerce / fintech,1,SRC01552,MEDIUM,NETWORK LAYER: previous_company only when FOUNDERS.prev_companies non-empty; same person across companies (global person) preserved; no auto-merge.
FDR0243,P0426,S0085,Vasant Sridhar,Co-founder & CSO,,True,,Gurugram,B2B supply-chain commerce / fintech,1,SRC01553,MEDIUM,NETWORK LAYER: previous_company only when FOUNDERS.prev_companies non-empty; same person across companies (global person) preserved; no auto-merge.
FDR0244,P0427,S0085,Chandranshu Sinha,Co-founder,,,,Gurugram,B2B supply-chain commerce / fintech,1,SRC01545,MEDIUM,NETWORK LAYER: previous_company only when FOUNDERS.prev_companies non-empty; same person across companies (global person) preserved; no auto-merge.
FDR0245,P0190,S0085,Srinath Ramakkrushnan,Co-founder,,,,Gurugram,B2B supply-chain commerce / fintech,1,SRC01552,LOW,NETWORK LAYER: previous_company only when FOUNDERS.prev_companies non-empty; same person across companies (global person) preserved; no auto-merge.
FDR0246,P0430,S0086,Harsimarbir Singh,Co-founder & CEO,co-founder,True,,Gurugram,healthtech (elective surgery chain),1,SRC01569,HIGH,NETWORK LAYER: previous_company only when FOUNDERS.prev_companies non-empty; same person across companies (global person) preserved; no auto-merge.
FDR0247,P0431,S0086,Vaibhav Kapoor,Co-founder,co-founder,True,,Gurugram,healthtech (elective surgery chain),1,SRC01569,HIGH,NETWORK LAYER: previous_company only when FOUNDERS.prev_companies non-empty; same person across companies (global person) preserved; no auto-merge.
FDR0248,P0432,S0086,Garima Sawhney,Co-founder,co-founder,True,,Gurugram,healthtech (elective surgery chain),1,SRC01569,HIGH,NETWORK LAYER: previous_company only when FOUNDERS.prev_companies non-empty; same person across companies (global person) preserved; no auto-merge.
FDR0249,P0434,S0087,Aniket Shah,CEO & Co-founder,co-founder,True,,Bengaluru,Foodtech / 10-min food delivery,1,SRC01582,HIGH,NETWORK LAYER: previous_company only when FOUNDERS.prev_companies non-empty; same person across companies (global person) preserved; no auto-merge.
FDR0250,P0435,S0087,Ujjwal Sukheja,Co-founder,co-founder,True,,Bengaluru,Foodtech / 10-min food delivery,1,SRC01582,HIGH,NETWORK LAYER: previous_company only when FOUNDERS.prev_companies non-empty; same person across companies (global person) preserved; no auto-merge.
FDR0251,P0436,S0087,Saran S.,Co-founder,co-founder,True,,Bengaluru,Foodtech / 10-min food delivery,1,SRC01582,HIGH,NETWORK LAYER: previous_company only when FOUNDERS.prev_companies non-empty; same person across companies (global person) preserved; no auto-merge.
FDR0252,P0439,S0088,Vishal Sikka,Co-founder & CEO,co-founder,True,,Bengaluru,AI enterprise software services,1,SRC01603,HIGH,NETWORK LAYER: previous_company only when FOUNDERS.prev_companies non-empty; same person across companies (global person) preserved; no auto-merge.
FDR0253,P0440,S0088,Navin Budhiraja,"CTO, co-founder",co-founder,True,,Bengaluru,AI enterprise software services,1,SRC01603,MEDIUM,NETWORK LAYER: previous_company only when FOUNDERS.prev_companies non-empty; same person across companies (global person) preserved; no auto-merge.
FDR0254,P0441,S0088,Sanjay Rajagopalan,"Chief Design Officer, co-founder",co-founder,True,,Bengaluru,AI enterprise software services,1,SRC01603,MEDIUM,NETWORK LAYER: previous_company only when FOUNDERS.prev_companies non-empty; same person across companies (global person) preserved; no auto-merge.
FDR0255,P0442,S0089,Anoop Srikantaswamy,Co-founder & CEO,co-founder,True,,Bengaluru,EV tractors / agri-tech,1,SRC01608,HIGH,NETWORK LAYER: previous_company only when FOUNDERS.prev_companies non-empty; same person across companies (global person) preserved; no auto-merge.
FDR0256,P0443,S0089,Ravi Kulkarni,Co-founder & COO,co-founder,True,,Bengaluru,EV tractors / agri-tech,1,SRC01610,HIGH,NETWORK LAYER: previous_company only when FOUNDERS.prev_companies non-empty; same person across companies (global person) preserved; no auto-merge.
FDR0257,P0444,S0090,Deepanshu Arora,Co-founder & CEO,co-founder,True,,Bengaluru,edtech SaaS,1,SRC01613,HIGH,NETWORK LAYER: previous_company only when FOUNDERS.prev_companies non-empty; same person across companies (global person) preserved; no auto-merge.
FDR0258,P0445,S0090,Parita Parekh,Co-founder,co-founder,True,,Bengaluru,edtech SaaS,1,SRC01613,HIGH,NETWORK LAYER: previous_company only when FOUNDERS.prev_companies non-empty; same person across companies (global person) preserved; no auto-merge.
FDR0259,P0446,S0090,Misbah Jafary,Co-founder,co-founder,True,,Bengaluru,edtech SaaS,1,SRC01613,HIGH,NETWORK LAYER: previous_company only when FOUNDERS.prev_companies non-empty; same person across companies (global person) preserved; no auto-merge.
FDR0260,P0447,S0090,Gautam Arora,Co-founder,co-founder,True,,Bengaluru,edtech SaaS,1,SRC01624,MEDIUM,NETWORK LAYER: previous_company only when FOUNDERS.prev_companies non-empty; same person across companies (global person) preserved; no auto-merge.
FDR0261,P0448,S0090,Nikhil Poonawala,Co-founder,co-founder,True,,Bengaluru,edtech SaaS,1,SRC01624,MEDIUM,NETWORK LAYER: previous_company only when FOUNDERS.prev_companies non-empty; same person across companies (global person) preserved; no auto-merge.
FDR0262,P0452,S0091,Aayush Rai,Co-founder & CEO,co-founder,True,,Bengaluru,healthtech diagnostics,1,SRC01635,HIGH,NETWORK LAYER: previous_company only when FOUNDERS.prev_companies non-empty; same person across companies (global person) preserved; no auto-merge.
FDR0263,P0453,S0091,Varun AV,Co-founder,co-founder,True,,Bengaluru,healthtech diagnostics,1,SRC01632,HIGH,NETWORK LAYER: previous_company only when FOUNDERS.prev_companies non-empty; same person across companies (global person) preserved; no auto-merge.
FDR0264,P0454,S0092,Vinay Dube,Founder & CEO,founder,True,,Mumbai,aviation,1,SRC01638,HIGH,NETWORK LAYER: previous_company only when FOUNDERS.prev_companies non-empty; same person across companies (global person) preserved; no auto-merge.
FDR0265,P0455,S0092,Rakesh Jhunjhunwala (family),Co-founder / anchor investor,co-founder,False,,Mumbai,aviation,1,SRC01648,HIGH,NETWORK LAYER: previous_company only when FOUNDERS.prev_companies non-empty; same person across companies (global person) preserved; no auto-merge.
FDR0266,P0456,S0092,Aditya Ghosh,Co-founder (board),co-founder,True,,Mumbai,aviation,1,SRC01648,MEDIUM,NETWORK LAYER: previous_company only when FOUNDERS.prev_companies non-empty; same person across companies (global person) preserved; no auto-merge.
FDR0267,P0457,S0092,Rakesh Jhunjhunwala,Co-founder / anchor investor,,False,,Mumbai,aviation,1,SRC01650,HIGH,NETWORK LAYER: previous_company only when FOUNDERS.prev_companies non-empty; same person across companies (global person) preserved; no auto-merge.
FDR0268,P0458,S0092,Bhavin Joshi,Co-founder (SVP Strategy),,True,,Mumbai,aviation,1,SRC01644,MEDIUM,NETWORK LAYER: previous_company only when FOUNDERS.prev_companies non-empty; same person across companies (global person) preserved; no auto-merge.
FDR0269,P0459,S0092,Anand Srinivasan,Co-founder (CIO→CCO),,True,,Mumbai,aviation,1,SRC01651,MEDIUM,NETWORK LAYER: previous_company only when FOUNDERS.prev_companies non-empty; same person across companies (global person) preserved; no auto-merge.
FDR0270,P0460,S0092,Praveen Iyer,Co-founder (ex-CCO),,False,,Mumbai,aviation,1,SRC01651,HIGH,NETWORK LAYER: previous_company only when FOUNDERS.prev_companies non-empty; same person across companies (global person) preserved; no auto-merge.
FDR0271,P0461,S0092,Neelu Khatri,Co-founder (ex-SVP International),,False,,Mumbai,aviation,1,SRC01652,MEDIUM,NETWORK LAYER: previous_company only when FOUNDERS.prev_companies non-empty; same person across companies (global person) preserved; no auto-merge.
FDR0272,P0462,S0092,Sanjay Dube,Co-founder,,True,,Mumbai,aviation,1,SRC01645,MEDIUM,NETWORK LAYER: previous_company only when FOUNDERS.prev_companies non-empty; same person across companies (global person) preserved; no auto-merge.
FDR0273,P0463,S0092,Niraj Dube,Co-founder,,True,,Mumbai,aviation,1,SRC01645,MEDIUM,NETWORK LAYER: previous_company only when FOUNDERS.prev_companies non-empty; same person across companies (global person) preserved; no auto-merge.
FDR0274,P0411,S0093,Anshul Gupta,Co-Founder,co-founder,True,,Mumbai,foodtech cloud kitchen,1,SRC01680,HIGH,NETWORK LAYER: previous_company only when FOUNDERS.prev_companies non-empty; same person across companies (global person) preserved; no auto-merge.
FDR0275,P0468,S0093,Amit Raj,Co-Founder,co-founder,True,,Mumbai,foodtech cloud kitchen,1,SRC01680,HIGH,NETWORK LAYER: previous_company only when FOUNDERS.prev_companies non-empty; same person across companies (global person) preserved; no auto-merge.
FDR0276,P0470,S0094,Ashwin Damera,Co-Founder & CEO,co-founder,True,,Mumbai,edtech exec education,1,SRC01687,HIGH,NETWORK LAYER: previous_company only when FOUNDERS.prev_companies non-empty; same person across companies (global person) preserved; no auto-merge.
FDR0277,P0471,S0094,Chaitanya Kalipatnapu,Co-Founder & Executive Director,co-founder,True,,Mumbai,edtech exec education,1,SRC01689,HIGH,NETWORK LAYER: previous_company only when FOUNDERS.prev_companies non-empty; same person across companies (global person) preserved; no auto-merge.
FDR0278,P0474,S0095,Rohit Chawla,Founder & CEO,founder,True,,Gurugram,d2c beauty,1,SRC01726,HIGH,NETWORK LAYER: previous_company only when FOUNDERS.prev_companies non-empty; same person across companies (global person) preserved; no auto-merge.
FDR0279,P0475,S0095,Sifat Khurana,Co-Founder & CMO/CBO,co-founder,True,,Gurugram,d2c beauty,1,SRC01726,HIGH,NETWORK LAYER: previous_company only when FOUNDERS.prev_companies non-empty; same person across companies (global person) preserved; no auto-merge.
FDR0280,P0476,S0095,Vimal Bhola,Co-Founder & Chief Scientist,co-founder,True,,Gurugram,d2c beauty,1,SRC01726,HIGH,NETWORK LAYER: previous_company only when FOUNDERS.prev_companies non-empty; same person across companies (global person) preserved; no auto-merge.
FDR0281,P0482,S0096,Vaibhav Singh,Co-Founder,co-founder,True,,Bengaluru,edtech study-abroad,1,SRC01754,HIGH,NETWORK LAYER: previous_company only when FOUNDERS.prev_companies non-empty; same person across companies (global person) preserved; no auto-merge.
FDR0282,P0483,S0096,Arnav Kumar,Co-Founder,co-founder,True,,Bengaluru,edtech study-abroad,1,SRC01754,HIGH,NETWORK LAYER: previous_company only when FOUNDERS.prev_companies non-empty; same person across companies (global person) preserved; no auto-merge.
FDR0283,P0484,S0096,Rajan Chaudhary,Co-Founder (elevated 2025),co-founder,True,,Bengaluru,edtech study-abroad,1,SRC01744,MEDIUM,NETWORK LAYER: previous_company only when FOUNDERS.prev_companies non-empty; same person across companies (global person) preserved; no auto-merge.
FDR0284,P0485,S0096,Anshul Agarwal,CFO (Tracxn-listed as founder),,True,,Bengaluru,edtech study-abroad,1,SRC01747,LOW,NETWORK LAYER: previous_company only when FOUNDERS.prev_companies non-empty; same person across companies (global person) preserved; no auto-merge.
FDR0285,P0491,S0097,Nitish Mittersain,"Founder; MD (stepped down as CEO Aug 2026, stays on strategy)",founder,True,,Mumbai,gaming diversified,1,SRC01757,HIGH,NETWORK LAYER: previous_company only when FOUNDERS.prev_companies non-empty; same person across companies (global person) preserved; no auto-merge.
FDR0286,P0264,S0098,Nitin Jain,"Chairman & Managing Director, Neo Group; ex-CEO Edelweiss Wealth",founder,True,,Mumbai,wealthtech / financial services,1,SRC01767,HIGH,NETWORK LAYER: previous_company only when FOUNDERS.prev_companies non-empty; same person across companies (global person) preserved; no auto-merge.
FDR0287,P0493,S0098,Hemant Daga,"Co-founder & CEO, Neo Asset Management",co-founder,True,,Mumbai,wealthtech / financial services,1,SRC01766,MEDIUM,NETWORK LAYER: previous_company only when FOUNDERS.prev_companies non-empty; same person across companies (global person) preserved; no auto-merge.
FDR0288,P0494,S0098,Varun Bajpai,"Co-founder, Neo Group",co-founder,True,,Mumbai,wealthtech / financial services,1,SRC01766,MEDIUM,NETWORK LAYER: previous_company only when FOUNDERS.prev_companies non-empty; same person across companies (global person) preserved; no auto-merge.
FDR0289,P0495,S0098,Shajikumar Devakar,"Co-founder & CEO, Neo Wealth Management",co-founder,True,,Mumbai,wealthtech / financial services,1,SRC01766,MEDIUM,NETWORK LAYER: previous_company only when FOUNDERS.prev_companies non-empty; same person across companies (global person) preserved; no auto-merge.
FDR0290,P0496,S0098,Puneet Jain,"Co-founder & CIO, Neo Asset Management",co-founder,True,,Mumbai,wealthtech / financial services,1,SRC01766,MEDIUM,NETWORK LAYER: previous_company only when FOUNDERS.prev_companies non-empty; same person across companies (global person) preserved; no auto-merge.
FDR0291,P0501,S0099,Ranjith Mukundan,Co-founder & CEO,co-founder,True,,Bengaluru,agritech (dairy tech),1,SRC01779,HIGH,NETWORK LAYER: previous_company only when FOUNDERS.prev_companies non-empty; same person across companies (global person) preserved; no auto-merge.
FDR0292,P0502,S0099,Ravishankar Shiroor,Co-founder & COO,co-founder,True,,Bengaluru,agritech (dairy tech),1,SRC01779,HIGH,NETWORK LAYER: previous_company only when FOUNDERS.prev_companies non-empty; same person across companies (global person) preserved; no auto-merge.
FDR0293,P0503,S0099,Praveen Nale,Co-founder & CTO,co-founder,True,,Bengaluru,agritech (dairy tech),1,SRC01779,HIGH,NETWORK LAYER: previous_company only when FOUNDERS.prev_companies non-empty; same person across companies (global person) preserved; no auto-merge.
FDR0294,P0504,S0099,Ramakrishna Adukuri,Co-founder (software),co-founder,True,,Bengaluru,agritech (dairy tech),1,SRC01779,MEDIUM,NETWORK LAYER: previous_company only when FOUNDERS.prev_companies non-empty; same person across companies (global person) preserved; no auto-merge.
FDR0295,P0505,S0099,Venkatesh Seshasayee,Co-founder (domain solutions),co-founder,True,,Bengaluru,agritech (dairy tech),1,SRC01779,MEDIUM,NETWORK LAYER: previous_company only when FOUNDERS.prev_companies non-empty; same person across companies (global person) preserved; no auto-merge.
FDR0296,P0506,S0100,Abhishek Agarwal (Monty),Founder,founder,True,,Mumbai,D2C luxury fashion / fashion-tech,1,SRC01784,HIGH,NETWORK LAYER: previous_company only when FOUNDERS.prev_companies non-empty; same person across companies (global person) preserved; no auto-merge.
FDR0297,P0514,S0101,Akash Gupta,Co-founder & CEO,co-founder,True,,Gurugram,EV fleet / logistics tech,1,SRC01792,HIGH,NETWORK LAYER: previous_company only when FOUNDERS.prev_companies non-empty; same person across companies (global person) preserved; no auto-merge.
FDR0298,P0515,S0101,Rashi Agarwal,Co-founder & CBO,co-founder,True,,Gurugram,EV fleet / logistics tech,1,SRC01792,HIGH,NETWORK LAYER: previous_company only when FOUNDERS.prev_companies non-empty; same person across companies (global person) preserved; no auto-merge.
FDR0299,P0516,S0101,Tushar Mehta,Co-founder,co-founder,True,,Gurugram,EV fleet / logistics tech,1,SRC01796,MEDIUM,NETWORK LAYER: previous_company only when FOUNDERS.prev_companies non-empty; same person across companies (global person) preserved; no auto-merge.
FDR0300,P0517,S0102,Pankaj Poddar,"Promoter, MD & CEO",founder,True,,Mumbai,fintech / NBFC,1,SRC01800,HIGH,NETWORK LAYER: previous_company only when FOUNDERS.prev_companies non-empty; same person across companies (global person) preserved; no auto-merge.
FDR0301,P0518,S0103,Shubhayu Sardar,Co-founder & COO,co-founder,True,,Bengaluru,spacetech launch,1,SRC01806,HIGH,NETWORK LAYER: previous_company only when FOUNDERS.prev_companies non-empty; same person across companies (global person) preserved; no auto-merge.
FDR0302,P0519,S0103,Prashant Sharma,Co-founder & CTO,co-founder,True,,Bengaluru,spacetech launch,1,SRC01806,HIGH,NETWORK LAYER: previous_company only when FOUNDERS.prev_companies non-empty; same person across companies (global person) preserved; no auto-merge.
FDR0303,P0520,S0103,Manu J. Nair,Co-founder & CEO,co-founder,True,,Bengaluru,spacetech launch,1,SRC01806,HIGH,NETWORK LAYER: previous_company only when FOUNDERS.prev_companies non-empty; same person across companies (global person) preserved; no auto-merge.
FDR0304,P0521,S0104,Sunil Gupta,Co-founder & CEO,co-founder,True,,Bengaluru,cybersecurity / quantum,1,SRC01816,HIGH,NETWORK LAYER: previous_company only when FOUNDERS.prev_companies non-empty; same person across companies (global person) preserved; no auto-merge.
FDR0305,P0522,S0104,Srinivasa Rao Aluri,Co-founder & Chairman,co-founder,True,,Bengaluru,cybersecurity / quantum,1,SRC01816,HIGH,NETWORK LAYER: previous_company only when FOUNDERS.prev_companies non-empty; same person across companies (global person) preserved; no auto-merge.
FDR0306,P0523,S0104,Mark Mathias,Head of Production (listed in founding team; Wikipedia names as founder),founder,True,,Bengaluru,cybersecurity / quantum,1,SRC01818,MEDIUM,NETWORK LAYER: previous_company only when FOUNDERS.prev_companies non-empty; same person across companies (global person) preserved; no auto-merge.
FDR0307,P0524,S0104,Anil Prabhakar,Technical Advisor (Wikipedia names as founder),founder,True,,Bengaluru,cybersecurity / quantum,1,SRC01818,MEDIUM,NETWORK LAYER: previous_company only when FOUNDERS.prev_companies non-empty; same person across companies (global person) preserved; no auto-merge.
FDR0308,P0525,S0104,Pravin Kini,Co-founder (Tracxn),,False,,Bengaluru,cybersecurity / quantum,1,SRC01817,MEDIUM,NETWORK LAYER: previous_company only when FOUNDERS.prev_companies non-empty; same person across companies (global person) preserved; no auto-merge.
FDR0309,P0537,S0105,Narayan Subramaniam,Co-founder & CEO,co-founder,True,,Bengaluru,ev motorcycles,1,SRC01834,HIGH,NETWORK LAYER: previous_company only when FOUNDERS.prev_companies non-empty; same person across companies (global person) preserved; no auto-merge.
FDR0310,P0538,S0105,Niraj Rajmohan,Co-founder & CTO,co-founder,True,,Bengaluru,ev motorcycles,1,SRC01834,HIGH,NETWORK LAYER: previous_company only when FOUNDERS.prev_companies non-empty; same person across companies (global person) preserved; no auto-merge.
FDR0311,P0122,S0106,Ankit Nagori,"Founder, Chairman, MD & CEO",founder,True,,Bengaluru,foodtech cloud kitchen,1,SRC01841,HIGH,NETWORK LAYER: previous_company only when FOUNDERS.prev_companies non-empty; same person across companies (global person) preserved; no auto-merge.
FDR0312,P0542,S0107,Sandeep Jethwani,Co-founder,co-founder,True,,Mumbai,wealthtech,1,SRC01864,HIGH,NETWORK LAYER: previous_company only when FOUNDERS.prev_companies non-empty; same person across companies (global person) preserved; no auto-merge.
FDR0313,P0543,S0107,Vaibhav Porwal,Co-founder,co-founder,True,,Mumbai,wealthtech,1,SRC01864,HIGH,NETWORK LAYER: previous_company only when FOUNDERS.prev_companies non-empty; same person across companies (global person) preserved; no auto-merge.
FDR0314,P0544,S0107,Sahil Contractor,Co-founder,co-founder,True,,Mumbai,wealthtech,1,SRC01864,HIGH,NETWORK LAYER: previous_company only when FOUNDERS.prev_companies non-empty; same person across companies (global person) preserved; no auto-merge.
FDR0315,P0546,S0108,Apoorva Bajaj,CEO,founder,True,,Bengaluru,edtech / HR-tech (AI + blockchain credentials),1,SRC01872,MEDIUM,NETWORK LAYER: previous_company only when FOUNDERS.prev_companies non-empty; same person across companies (global person) preserved; no auto-merge.
FDR0316,P0547,S0108,Shivaani Mehrotra Bajaj,Co-founder,co-founder,True,,Bengaluru,edtech / HR-tech (AI + blockchain credentials),1,SRC01872,MEDIUM,NETWORK LAYER: previous_company only when FOUNDERS.prev_companies non-empty; same person across companies (global person) preserved; no auto-merge.
FDR0317,P0548,S0109,Saurabh Pandey,Co-founder & CEO,co-founder,True,,Bengaluru,gaming livestream / social entertainment / micro-drama,1,SRC01879,HIGH,NETWORK LAYER: previous_company only when FOUNDERS.prev_companies non-empty; same person across companies (global person) preserved; no auto-merge.
FDR0318,P0549,S0109,Akshay Dubey,Co-founder & COO (to Oct 2023 per LinkedIn),co-founder,False,,Bengaluru,gaming livestream / social entertainment / micro-drama,1,SRC01881,MEDIUM,NETWORK LAYER: previous_company only when FOUNDERS.prev_companies non-empty; same person across companies (global person) preserved; no auto-merge.
FDR0319,P0555,S0110,Ishendra Agarwal,Founder & CEO,founder,True,,Bengaluru,D2C jewellery,1,SRC01910,HIGH,NETWORK LAYER: previous_company only when FOUNDERS.prev_companies non-empty; same person across companies (global person) preserved; no auto-merge.
FDR0320,P0556,S0110,Nikita Prasad,Co-founder,co-founder,True,,Bengaluru,D2C jewellery,1,SRC01921,MEDIUM,NETWORK LAYER: previous_company only when FOUNDERS.prev_companies non-empty; same person across companies (global person) preserved; no auto-merge.
FDR0321,P0557,S0110,Aditya Labroo,Co-founder & COO,co-founder,True,,Bengaluru,D2C jewellery,1,SRC01921,MEDIUM,NETWORK LAYER: previous_company only when FOUNDERS.prev_companies non-empty; same person across companies (global person) preserved; no auto-merge.
FDR0322,P0558,S0110,Sachin Shetty,Co-founder (ex),,False,,Bengaluru,D2C jewellery,1,SRC01925,MEDIUM,NETWORK LAYER: previous_company only when FOUNDERS.prev_companies non-empty; same person across companies (global person) preserved; no auto-merge.
FDR0323,P0564,S0111,UNKNOWN,Founders not verified in LITE pass,founder,True,,Bengaluru,enterprise / data & AI services,1,,LOW,NETWORK LAYER: previous_company only when FOUNDERS.prev_companies non-empty; same person across companies (global person) preserved; no auto-merge.
FDR0324,P0507,S0112,Rahul Garg,Founder & CEO,founder,True,,Noida,B2B e-commerce / industrial supply chain,1,SRC01945,HIGH,NETWORK LAYER: previous_company only when FOUNDERS.prev_companies non-empty; same person across companies (global person) preserved; no auto-merge.
FDR0325,P0565,S0113,Sai Srinivas (Garimella Sai Srinivas Kiran),Co-founder & CEO,co-founder,True,,Bengaluru,gaming / esports,1,SRC01969,HIGH,NETWORK LAYER: previous_company only when FOUNDERS.prev_companies non-empty; same person across companies (global person) preserved; no auto-merge.
FDR0326,P0566,S0114,Alakh Pandey,Founder & CEO,founder,True,,Noida,EdTech,1,SRC01970,HIGH,NETWORK LAYER: previous_company only when FOUNDERS.prev_companies non-empty; same person across companies (global person) preserved; no auto-merge.
FDR0327,P0567,S0114,Prateek Maheshwari,Co-Founder,co-founder,True,,Noida,EdTech,1,SRC01970,HIGH,NETWORK LAYER: previous_company only when FOUNDERS.prev_companies non-empty; same person across companies (global person) preserved; no auto-merge.
FDR0328,P0568,S0115,AB Gupta (Abhijit Gupta),Co-Founder,co-founder,True,,Bengaluru,FoodTech / QSR,1,SRC01980,HIGH,NETWORK LAYER: previous_company only when FOUNDERS.prev_companies non-empty; same person across companies (global person) preserved; no auto-merge.
FDR0329,P0569,S0115,Nikhil Gupta,Co-Founder,co-founder,True,,Bengaluru,FoodTech / QSR,1,SRC01981,HIGH,NETWORK LAYER: previous_company only when FOUNDERS.prev_companies non-empty; same person across companies (global person) preserved; no auto-merge.
FDR0330,P0570,S0116,Abhishek Bansal,Co-Founder & CEO,co-founder,True,,Bengaluru,Logistics,1,SRC01984,HIGH,NETWORK LAYER: previous_company only when FOUNDERS.prev_companies non-empty; same person across companies (global person) preserved; no auto-merge.
FDR0331,P0571,S0116,Vaibhav Khandelwal,Co-Founder & CTO,co-founder,True,,Bengaluru,Logistics,1,SRC01991,HIGH,NETWORK LAYER: previous_company only when FOUNDERS.prev_companies non-empty; same person across companies (global person) preserved; no auto-merge.
FDR0332,P0572,S0116,Gaurav Jaithliya,Co-Founder,co-founder,True,,Bengaluru,Logistics,1,SRC01991,HIGH,NETWORK LAYER: previous_company only when FOUNDERS.prev_companies non-empty; same person across companies (global person) preserved; no auto-merge.
FDR0333,P0573,S0116,Praharsh Chandra,Co-Founder,co-founder,True,,Bengaluru,Logistics,1,SRC01986,HIGH,NETWORK LAYER: previous_company only when FOUNDERS.prev_companies non-empty; same person across companies (global person) preserved; no auto-merge.
FDR0334,P0574,S0117,Vasanth Kamath,Co-Founder & CEO,co-founder,True,,Bengaluru,WealthTech,1,SRC01998,HIGH,NETWORK LAYER: previous_company only when FOUNDERS.prev_companies non-empty; same person across companies (global person) preserved; no auto-merge.
FDR0335,P0575,S0117,Anugrah Shrivastava,Co-Founder,co-founder,True,,Bengaluru,WealthTech,1,SRC01997,HIGH,NETWORK LAYER: previous_company only when FOUNDERS.prev_companies non-empty; same person across companies (global person) preserved; no auto-merge.
FDR0336,P0576,S0117,Rohan Gupta,Co-Founder,co-founder,True,,Bengaluru,WealthTech,1,SRC01997,HIGH,NETWORK LAYER: previous_company only when FOUNDERS.prev_companies non-empty; same person across companies (global person) preserved; no auto-merge.
FDR0337,P0577,S0118,Ajay Lakhotia,Founder & Chief Evolution Officer,co-founder,True,,Bengaluru,WealthTech / Investment Tech,1,SRC02002,HIGH,NETWORK LAYER: previous_company only when FOUNDERS.prev_companies non-empty; same person across companies (global person) preserved; no auto-merge.
FDR0338,P0578,S0118,Vijay Lakhotia,Director,co-founder,True,,Bengaluru,WealthTech / Investment Tech,1,SRC02002,HIGH,NETWORK LAYER: previous_company only when FOUNDERS.prev_companies non-empty; same person across companies (global person) preserved; no auto-merge.
FDR0339,P0580,S0119,Amit Gupta,Co-Founder & CEO,co-founder,True,,Bengaluru,Mobility / EV,1,SRC02017,HIGH,NETWORK LAYER: previous_company only when FOUNDERS.prev_companies non-empty; same person across companies (global person) preserved; no auto-merge.
FDR0340,P0581,S0119,RK Misra,Co-Founder,co-founder,True,,Bengaluru,Mobility / EV,1,SRC02017,HIGH,NETWORK LAYER: previous_company only when FOUNDERS.prev_companies non-empty; same person across companies (global person) preserved; no auto-merge.
FDR0341,P0582,S0119,Naveen Dachuri,Co-Founder & CTO,co-founder,True,,Bengaluru,Mobility / EV,1,SRC02013,HIGH,NETWORK LAYER: previous_company only when FOUNDERS.prev_companies non-empty; same person across companies (global person) preserved; no auto-merge.
FDR0342,P0583,S0119,Anuj Tewari,Co-Founder & CFO,co-founder,True,,Bengaluru,Mobility / EV,1,SRC02016,HIGH,NETWORK LAYER: previous_company only when FOUNDERS.prev_companies non-empty; same person across companies (global person) preserved; no auto-merge.
FDR0343,P0584,S0119,Hemant Gupta,Co-Founder,co-founder,,,Bengaluru,Mobility / EV,1,SRC02013,MEDIUM,NETWORK LAYER: previous_company only when FOUNDERS.prev_companies non-empty; same person across companies (global person) preserved; no auto-merge.
FDR0344,P0589,S0120,Sudheer Koneru,Founder & CEO,founder,,,Hyderabad,Beauty-Tech SaaS,1,SRC02038,HIGH,NETWORK LAYER: previous_company only when FOUNDERS.prev_companies non-empty; same person across companies (global person) preserved; no auto-merge.
FDR0345,P0590,S0120,Dheeraj Koneru,Founder,co-founder,,,Hyderabad,Beauty-Tech SaaS,1,SRC02038,HIGH,NETWORK LAYER: previous_company only when FOUNDERS.prev_companies non-empty; same person across companies (global person) preserved; no auto-merge.
FDR0346,P0591,S0120,Anand Arvind,Founder,co-founder,,,Hyderabad,Beauty-Tech SaaS,1,SRC02038,MEDIUM,NETWORK LAYER: previous_company only when FOUNDERS.prev_companies non-empty; same person across companies (global person) preserved; no auto-merge.
FDR0347,P0592,S0120,Saritha Katikaneni,Founder,co-founder,,,Hyderabad,Beauty-Tech SaaS,1,SRC02038,MEDIUM,NETWORK LAYER: previous_company only when FOUNDERS.prev_companies non-empty; same person across companies (global person) preserved; no auto-merge.
FDR0348,P0593,S0120,Sunil Kumar,Founder,co-founder,,,Hyderabad,Beauty-Tech SaaS,1,SRC02038,MEDIUM,NETWORK LAYER: previous_company only when FOUNDERS.prev_companies non-empty; same person across companies (global person) preserved; no auto-merge.
FDR0349,P0598,S0121,Aarti Vaishnav,Founder & CEO,founder,,,Bengaluru,EdTech / Healthcare Education SaaS,1,SRC02060,HIGH,NETWORK LAYER: previous_company only when FOUNDERS.prev_companies non-empty; same person across companies (global person) preserved; no auto-merge.
FDR0350,P0599,S0122,Rohan Ganapathy,Co-Founder & CEO,co-founder,,,Bengaluru,Spacetech Propulsion,1,SRC02067,HIGH,NETWORK LAYER: previous_company only when FOUNDERS.prev_companies non-empty; same person across companies (global person) preserved; no auto-merge.
FDR0351,P0600,S0122,Yashas Karanam,Co-Founder & COO,co-founder,,,Bengaluru,Spacetech Propulsion,1,SRC02067,HIGH,NETWORK LAYER: previous_company only when FOUNDERS.prev_companies non-empty; same person across companies (global person) preserved; no auto-merge.
FDR0352,P0601,S0122,Saagar Mala,Co-Founder,co-founder,,,Bengaluru,Spacetech Propulsion,1,SRC02069,MEDIUM,NETWORK LAYER: previous_company only when FOUNDERS.prev_companies non-empty; same person across companies (global person) preserved; no auto-merge.
FDR0353,P0602,S0123,Romita Mazumdar,Founder & CEO,founder,,,Mumbai,D2C Beauty / Skincare,1,SRC02074,HIGH,NETWORK LAYER: previous_company only when FOUNDERS.prev_companies non-empty; same person across companies (global person) preserved; no auto-merge.
FDR0354,P0603,S0123,Surianarayanan,Co-Founder,co-founder,,,Mumbai,D2C Beauty / Skincare,1,SRC02076,MEDIUM,NETWORK LAYER: previous_company only when FOUNDERS.prev_companies non-empty; same person across companies (global person) preserved; no auto-merge.
FDR0355,P0605,S0124,Suyash Singh,Founder & CEO,founder,True,,Bengaluru,spacetech EO,1,SRC02091,HIGH,NETWORK LAYER: previous_company only when FOUNDERS.prev_companies non-empty; same person across companies (global person) preserved; no auto-merge.
FDR0356,P0606,S0124,Denil Chawda,Co-founder,co-founder,True,,Bengaluru,spacetech EO,1,SRC02089,MEDIUM,NETWORK LAYER: previous_company only when FOUNDERS.prev_companies non-empty; same person across companies (global person) preserved; no auto-merge.
FDR0357,P0607,S0124,Kishan Thakkar,Co-founder,co-founder,True,,Bengaluru,spacetech EO,1,SRC02089,MEDIUM,NETWORK LAYER: previous_company only when FOUNDERS.prev_companies non-empty; same person across companies (global person) preserved; no auto-merge.
FDR0358,P0608,S0124,Pranit Mehta,Co-founder,co-founder,True,,Bengaluru,spacetech EO,1,SRC02089,MEDIUM,NETWORK LAYER: previous_company only when FOUNDERS.prev_companies non-empty; same person across companies (global person) preserved; no auto-merge.
FDR0359,P0609,S0124,Rakshit Bhatt,Co-founder,co-founder,True,,Bengaluru,spacetech EO,1,SRC02089,MEDIUM,NETWORK LAYER: previous_company only when FOUNDERS.prev_companies non-empty; same person across companies (global person) preserved; no auto-merge.
FDR0360,P0610,S0125,Bob Pattillo,Founder (also founder of Gray Matters Capital),founder,True,,Bengaluru,proptech / workforce housing,1,SRC02096,HIGH,NETWORK LAYER: previous_company only when FOUNDERS.prev_companies non-empty; same person across companies (global person) preserved; no auto-merge.
FDR0361,P0611,S0125,Puneeth Thimmegowda,Founder,founder,True,,Bengaluru,proptech / workforce housing,1,SRC02096,HIGH,NETWORK LAYER: previous_company only when FOUNDERS.prev_companies non-empty; same person across companies (global person) preserved; no auto-merge.
FDR0362,P0616,S0126,Siddharth Dungarwal,Founder & CEO,founder,True,,Bengaluru,D2C fashion,1,SRC02103,HIGH,NETWORK LAYER: previous_company only when FOUNDERS.prev_companies non-empty; same person across companies (global person) preserved; no auto-merge.
FDR0363,P0617,S0126,Rishabh Nigam,Co-founder,,True,,Bengaluru,D2C fashion,1,SRC02107,MEDIUM,NETWORK LAYER: previous_company only when FOUNDERS.prev_companies non-empty; same person across companies (global person) preserved; no auto-merge.
FDR0364,P0618,S0126,Nandini Shrivastava,Co-founder,,True,,Bengaluru,D2C fashion,1,SRC02107,MEDIUM,NETWORK LAYER: previous_company only when FOUNDERS.prev_companies non-empty; same person across companies (global person) preserved; no auto-merge.
FDR0365,P0619,S0127,Anurag Sinha,Co-founder & CEO,co-founder,True,,Pune,fintech/credit cards,1,SRC02118,HIGH,NETWORK LAYER: previous_company only when FOUNDERS.prev_companies non-empty; same person across companies (global person) preserved; no auto-merge.
FDR0366,P0620,S0127,Vibhav Hathi,Co-founder,co-founder,True,,Pune,fintech/credit cards,1,SRC02119,HIGH,NETWORK LAYER: previous_company only when FOUNDERS.prev_companies non-empty; same person across companies (global person) preserved; no auto-merge.
FDR0367,P0621,S0127,Rupesh Kumar,Co-founder,co-founder,True,,Pune,fintech/credit cards,1,SRC02119,HIGH,NETWORK LAYER: previous_company only when FOUNDERS.prev_companies non-empty; same person across companies (global person) preserved; no auto-merge.
FDR0368,P0622,S0128,Karan Mehta,Founder,founder,True,,Mumbai,fintech,1,SRC02132,HIGH,NETWORK LAYER: previous_company only when FOUNDERS.prev_companies non-empty; same person across companies (global person) preserved; no auto-merge.
FDR0369,P0623,S0128,Sonali Jindal,Founder,founder,True,,Mumbai,fintech,1,SRC02124,HIGH,NETWORK LAYER: previous_company only when FOUNDERS.prev_companies non-empty; same person across companies (global person) preserved; no auto-merge.
FDR0370,P0624,S0128,Karan Mukesh Mehta,Co-Founder,,True,,Mumbai,fintech,1,SRC02127,HIGH,NETWORK LAYER: previous_company only when FOUNDERS.prev_companies non-empty; same person across companies (global person) preserved; no auto-merge.
FDR0371,P0625,S0129,Neha Mittal,CEO & Co-founder,co-founder,True,,San Francisco,ai marketing saas,1,SRC02135,HIGH,NETWORK LAYER: previous_company only when FOUNDERS.prev_companies non-empty; same person across companies (global person) preserved; no auto-merge.
FDR0372,P0626,S0129,Jeff Hara,Co-founder & CTO,co-founder,True,,San Francisco,ai marketing saas,1,SRC02134,MEDIUM,NETWORK LAYER: previous_company only when FOUNDERS.prev_companies non-empty; same person across companies (global person) preserved; no auto-merge.
FDR0373,P0627,S0130,Hemant Kabra (Hemant Mahendrakumar Kabra),Founder & MD,founder,True,,Mumbai,ev two-wheeler,1,SRC02151,HIGH,NETWORK LAYER: previous_company only when FOUNDERS.prev_companies non-empty; same person across companies (global person) preserved; no auto-merge.
FDR0374,P0628,S0130,Hemant Mahendrakumar Kabra,Founder & MD,,True,,Mumbai,ev two-wheeler,1,SRC02141,HIGH,NETWORK LAYER: previous_company only when FOUNDERS.prev_companies non-empty; same person across companies (global person) preserved; no auto-merge.
FDR0375,P0632,S0131,Sheetanshu Tyagi,Co-founder & CEO,co-founder,True,,Bengaluru,ev battery fast-charge,1,SRC02159,HIGH,NETWORK LAYER: previous_company only when FOUNDERS.prev_companies non-empty; same person across companies (global person) preserved; no auto-merge.
FDR0376,P0633,S0131,Rahul Patel (Rahul Ratilal Patel),Co-founder,co-founder,True,,Bengaluru,ev battery fast-charge,1,SRC02159,HIGH,NETWORK LAYER: previous_company only when FOUNDERS.prev_companies non-empty; same person across companies (global person) preserved; no auto-merge.
FDR0377,P0634,S0134,Krish Subramanian,CEO & Co-founder,co-founder,True,,Chennai,saas/billing,1,SRC02172,HIGH,NETWORK LAYER: previous_company only when FOUNDERS.prev_companies non-empty; same person across companies (global person) preserved; no auto-merge.
FDR0378,P0635,S0134,Rajaraman Santhanam,CPO & Co-founder,co-founder,True,,Chennai,saas/billing,1,SRC02172,HIGH,NETWORK LAYER: previous_company only when FOUNDERS.prev_companies non-empty; same person across companies (global person) preserved; no auto-merge.
FDR0379,P0636,S0134,Saravanan KP,CTO & Co-founder,co-founder,True,,Chennai,saas/billing,1,SRC02172,HIGH,NETWORK LAYER: previous_company only when FOUNDERS.prev_companies non-empty; same person across companies (global person) preserved; no auto-merge.
FDR0380,P0637,S0134,Thiyagarajan T (Thiyagu),Co-founder (ex),co-founder,False,,Chennai,saas/billing,1,SRC02187,MEDIUM,NETWORK LAYER: previous_company only when FOUNDERS.prev_companies non-empty; same person across companies (global person) preserved; no auto-merge.
FDR0381,P0645,S0135,Sahil Barua,"Co-founder, MD & CEO",co-founder,True,,Gurugram,logistics,1,SRC02219,HIGH,NETWORK LAYER: previous_company only when FOUNDERS.prev_companies non-empty; same person across companies (global person) preserved; no auto-merge.
FDR0382,P0646,S0135,Kapil Bharati,"Co-founder, CTO",co-founder,True,,Gurugram,logistics,1,SRC02221,HIGH,NETWORK LAYER: previous_company only when FOUNDERS.prev_companies non-empty; same person across companies (global person) preserved; no auto-merge.
FDR0383,P0647,S0135,Suraj Saharan,Co-founder,co-founder,True,,Gurugram,logistics,1,SRC02221,HIGH,NETWORK LAYER: previous_company only when FOUNDERS.prev_companies non-empty; same person across companies (global person) preserved; no auto-merge.
FDR0384,P0648,S0135,Mohit Tandon,Co-founder,co-founder,False,,Gurugram,logistics,1,SRC02221,HIGH,NETWORK LAYER: previous_company only when FOUNDERS.prev_companies non-empty; same person across companies (global person) preserved; no auto-merge.
FDR0385,P0649,S0135,Bhavesh Manglani,Co-founder,co-founder,False,,Gurugram,logistics,1,SRC02221,HIGH,NETWORK LAYER: previous_company only when FOUNDERS.prev_companies non-empty; same person across companies (global person) preserved; no auto-merge.
FDR0386,P0664,S0136,Darshan Singh Rana,"Managing Director, Chairman & Founder",founder,True,,Delhi NCR,auto/ev,1,SRC02235,HIGH,NETWORK LAYER: previous_company only when FOUNDERS.prev_companies non-empty; same person across companies (global person) preserved; no auto-merge.
FDR0387,P0665,S0136,Sudhir Rana,Co-founder / Director,co-founder,True,,Delhi NCR,auto/ev,1,SRC02232,HIGH,NETWORK LAYER: previous_company only when FOUNDERS.prev_companies non-empty; same person across companies (global person) preserved; no auto-merge.
FDR0388,P0159,S0137,Girish Mathrubootham,Founder (Executive Chairman; CEO until 2024),founder,True,,Chennai,saas,1,SRC02242,HIGH,NETWORK LAYER: previous_company only when FOUNDERS.prev_companies non-empty; same person across companies (global person) preserved; no auto-merge.
FDR0389,P0666,S0137,Shan Krishnasamy,Co-founder (ex),co-founder,False,,Chennai,saas,1,SRC02243,HIGH,NETWORK LAYER: previous_company only when FOUNDERS.prev_companies non-empty; same person across companies (global person) preserved; no auto-merge.
FDR0390,P0329,S0138,Ritesh Agarwal,Founder & CEO,founder,True,,Gurugram,hospitality/travel-tech,1,SRC02250,HIGH,NETWORK LAYER: previous_company only when FOUNDERS.prev_companies non-empty; same person across companies (global person) preserved; no auto-merge.
FDR0391,P0657,S0139,Yashish Dahiya,Co-Founder & CEO,founder,True,,Gurugram,Insurtech / Fintech,1,SRC02271,MEDIUM,NETWORK LAYER: previous_company only when FOUNDERS.prev_companies non-empty; same person across companies (global person) preserved; no auto-merge.
FDR0392,P0675,S0139,Alok Bansal,Co-Founder,co-founder,True,,Gurugram,Insurtech / Fintech,1,SRC02271,MEDIUM,NETWORK LAYER: previous_company only when FOUNDERS.prev_companies non-empty; same person across companies (global person) preserved; no auto-merge.
FDR0393,P0676,S0139,Avaneesh Nirjar,Co-Founder & COO,co-founder,True,,Gurugram,Insurtech / Fintech,1,SRC02271,MEDIUM,NETWORK LAYER: previous_company only when FOUNDERS.prev_companies non-empty; same person across companies (global person) preserved; no auto-merge.
FDR0394,P0677,S0139,Tarun Mathur,Co-Founder & CBO,co-founder,False,,Gurugram,Insurtech / Fintech,1,SRC02271,MEDIUM,NETWORK LAYER: previous_company only when FOUNDERS.prev_companies non-empty; same person across companies (global person) preserved; no auto-merge.
FDR0395,P0678,S0139,Manoj Sharma,Co-Founder,co-founder,False,,Gurugram,Insurtech / Fintech,1,SRC02271,MEDIUM,NETWORK LAYER: previous_company only when FOUNDERS.prev_companies non-empty; same person across companies (global person) preserved; no auto-merge.
FDR0396,P0679,S0140,Umesh Sachdev,Co-Founder & CEO,founder,True,,Chennai / Palo Alto,Conversational AI / Enterprise AI,1,SRC02276,HIGH,NETWORK LAYER: previous_company only when FOUNDERS.prev_companies non-empty; same person across companies (global person) preserved; no auto-merge.
FDR0397,P0680,S0140,Ravi Saraogi,Co-Founder & President APAC,co-founder,True,,Chennai / Palo Alto,Conversational AI / Enterprise AI,1,SRC02276,HIGH,NETWORK LAYER: previous_company only when FOUNDERS.prev_companies non-empty; same person across companies (global person) preserved; no auto-merge.
FDR0398,P0681,S0141,Abhiraj Singh Bhal,"Chairperson, MD & CEO",founder,True,,Gurugram,Home Services / Hyperlocal,1,SRC02284,HIGH,NETWORK LAYER: previous_company only when FOUNDERS.prev_companies non-empty; same person across companies (global person) preserved; no auto-merge.
FDR0399,P0682,S0141,Raghav Chandra,Executive Director & CTOPO,co-founder,True,,Gurugram,Home Services / Hyperlocal,1,SRC02284,HIGH,NETWORK LAYER: previous_company only when FOUNDERS.prev_companies non-empty; same person across companies (global person) preserved; no auto-merge.
FDR0400,P0683,S0141,Varun Khaitan,Executive Director & COO,co-founder,True,,Gurugram,Home Services / Hyperlocal,1,SRC02284,HIGH,NETWORK LAYER: previous_company only when FOUNDERS.prev_companies non-empty; same person across companies (global person) preserved; no auto-merge.
FDR0401,P0684,S0142,Deepinder Goyal,"Founder, Vice Chairman & Non-Executive Director",founder,True,,Gurugram,FoodTech / Quick Commerce,1,SRC02292,HIGH,NETWORK LAYER: previous_company only when FOUNDERS.prev_companies non-empty; same person across companies (global person) preserved; no auto-merge.
FDR0402,P0685,S0142,Pankaj Chaddah,Co-Founder,co-founder,False,,Gurugram,FoodTech / Quick Commerce,1,SRC02292,HIGH,NETWORK LAYER: previous_company only when FOUNDERS.prev_companies non-empty; same person across companies (global person) preserved; no auto-merge.
FDR0403,P0686,S0143,Vivek Sinha,Founder & CEO,founder,True,,Bengaluru,EdTech / Workforce Skilling,1,SRC02299,HIGH,NETWORK LAYER: previous_company only when FOUNDERS.prev_companies non-empty; same person across companies (global person) preserved; no auto-merge.
FDR0404,P0687,S0143,Khubaib,Co-Founder (Lanstitut),co-founder,True,,Bengaluru,EdTech / Workforce Skilling,1,SRC02301,MEDIUM,NETWORK LAYER: previous_company only when FOUNDERS.prev_companies non-empty; same person across companies (global person) preserved; no auto-merge.
FDR0405,P0688,S0144,Manish Agarwal,Co-founder / Elder Council,co-founder,True,,Bengaluru,gaming/web3 distribution protocol,1,SRC02304,,NETWORK LAYER: previous_company only when FOUNDERS.prev_companies non-empty; same person across companies (global person) preserved; no auto-merge.
FDR0406,P0689,S0144,Ishank Gupta,Co-founder,co-founder,True,,Bengaluru,gaming/web3 distribution protocol,1,SRC02304,,NETWORK LAYER: previous_company only when FOUNDERS.prev_companies non-empty; same person across companies (global person) preserved; no auto-merge.
FDR0407,P0691,S0145,Rohit Choudhary,Co-founder & CEO,co-founder,True,,Bengaluru,edtech short-form,1,SRC02326,,NETWORK LAYER: previous_company only when FOUNDERS.prev_companies non-empty; same person across companies (global person) preserved; no auto-merge.
FDR0408,P0692,S0145,Keertay Agarwal,Co-founder & COO,co-founder,True,,Bengaluru,edtech short-form,1,SRC02328,,NETWORK LAYER: previous_company only when FOUNDERS.prev_companies non-empty; same person across companies (global person) preserved; no auto-merge.
FDR0409,P0693,S0145,Yash Banwani,Co-founder & CTO,co-founder,True,,Bengaluru,edtech short-form,1,SRC02328,,NETWORK LAYER: previous_company only when FOUNDERS.prev_companies non-empty; same person across companies (global person) preserved; no auto-merge.
FDR0410,P0698,S0146,Arun Papaiah,Co-founder & CEO,co-founder,True,,Bengaluru,biotech therapeutics,1,SRC02346,,NETWORK LAYER: previous_company only when FOUNDERS.prev_companies non-empty; same person across companies (global person) preserved; no auto-merge.
FDR0411,P0699,S0146,Srinivasan Namala,Co-founder,co-founder,True,,Bengaluru,biotech therapeutics,1,SRC02346,,NETWORK LAYER: previous_company only when FOUNDERS.prev_companies non-empty; same person across companies (global person) preserved; no auto-merge.
FDR0412,P0700,S0146,Aditya Kulkarni,Co-founder & CSO,co-founder,True,,Bengaluru,biotech therapeutics,1,SRC02347,,NETWORK LAYER: previous_company only when FOUNDERS.prev_companies non-empty; same person across companies (global person) preserved; no auto-merge.
FDR0413,P0701,S0146,Arun B. Papaiah,Co-founder & CEO,,True,,Bengaluru,biotech therapeutics,1,SRC02349,HIGH,NETWORK LAYER: previous_company only when FOUNDERS.prev_companies non-empty; same person across companies (global person) preserved; no auto-merge.
FDR0414,P0712,S0147,Ankur Gigras,Co-founder & CEO,co-founder,True,,Gurugram,healthtech surgical care,1,SRC02362,,NETWORK LAYER: previous_company only when FOUNDERS.prev_companies non-empty; same person across companies (global person) preserved; no auto-merge.
FDR0415,P0713,S0147,Vikas Chauhan,Co-founder & COO,co-founder,True,,Gurugram,healthtech surgical care,1,SRC02366,,NETWORK LAYER: previous_company only when FOUNDERS.prev_companies non-empty; same person across companies (global person) preserved; no auto-merge.
FDR0416,P0714,S0147,Aman Priya Khanna,Co-founder,co-founder,True,,Gurugram,healthtech surgical care,1,SRC02366,,NETWORK LAYER: previous_company only when FOUNDERS.prev_companies non-empty; same person across companies (global person) preserved; no auto-merge.
FDR0417,P0715,S0148,Abhinav Pathak,"Co-founder & CEO (ex-Perpule, acquired by Amazon)",co-founder,True,,Bengaluru,d2c travel,1,SRC02368,,NETWORK LAYER: previous_company only when FOUNDERS.prev_companies non-empty; same person across companies (global person) preserved; no auto-merge.
FDR0418,P0716,S0148,Abhinav Zutshi,Co-founder (ex-Landmark Group),co-founder,True,,Bengaluru,d2c travel,1,SRC02368,,NETWORK LAYER: previous_company only when FOUNDERS.prev_companies non-empty; same person across companies (global person) preserved; no auto-merge.
FDR0419,P0717,S0149,"{'v': 'Harshvardhan Lunia', 'src': 'IndiaFilings, Tracxn'}","{'v': 'Co-Founder, former CEO', 'src': 'ET'}","{'v': 'co-founder', 'src': 'Tracxn'}","{'v': 'Yes (as shareholder, legal dispute)', 'src': 'ET'}",,Ahmedabad,fintech/sme lending,1,SRC02387,HIGH,NETWORK LAYER: previous_company only when FOUNDERS.prev_companies non-empty; same person across companies (global person) preserved; no auto-merge.
FDR0420,P0718,S0149,"{'v': 'Mukul Sachan', 'src': 'Tracxn'}","{'v': 'Co-Founder (departed 2019)', 'src': 'Tracxn'}","{'v': 'co-founder', 'src': 'Tracxn'}","{'v': 'Yes (shareholder)', 'src': 'ET'}",,Ahmedabad,fintech/sme lending,1,SRC02386,HIGH,NETWORK LAYER: previous_company only when FOUNDERS.prev_companies non-empty; same person across companies (global person) preserved; no auto-merge.
FDR0421,P0657,S0150,"{'v': 'Yashish Dahiya', 'src': 'Tracxn, Avataar VC'}","{'v': 'Founder & CEO', 'src': 'Tracxn'}","{'v': 'founder', 'src': 'Tracxn'}","{'v': 'Yes', 'src': 'Tracxn'}",,Gurugram,healthtech | healthtech integrated care,1,SRC02403,HIGH,NETWORK LAYER: previous_company only when FOUNDERS.prev_companies non-empty; same person across companies (global person) preserved; no auto-merge.
FDR0422,P0675,S0150,"{'v': 'Alok Bansal', 'src': 'Avataar VC, MCA'}","{'v': 'Co-Founder & Executive Vice Chairman', 'src': 'Avataar VC'}","{'v': 'co-founder', 'src': 'Avataar VC'}","{'v': 'Yes', 'src': 'Avataar VC'}",,Gurugram,healthtech | healthtech integrated care,1,SRC02401,HIGH,NETWORK LAYER: previous_company only when FOUNDERS.prev_companies non-empty; same person across companies (global person) preserved; no auto-merge.
FDR0423,P0719,S0151,"{'v': 'Rustom Lawyer', 'src': 'Tracxn, Tofler'}","{'v': 'Co-Founder & CEO', 'src': 'Tracxn'}","{'v': 'co-founder', 'src': 'Tracxn'}","{'v': 'Yes', 'src': 'Tofler'}",,Mumbai,healthtech ai scribe,1,SRC02404,HIGH,NETWORK LAYER: previous_company only when FOUNDERS.prev_companies non-empty; same person across companies (global person) preserved; no auto-merge.
FDR0424,P0720,S0151,"{'v': 'Shiraz Austin', 'src': 'Tracxn, Tofler'}","{'v': 'Co-Founder', 'src': 'Tracxn'}","{'v': 'co-founder', 'src': 'Tracxn'}","{'v': 'Yes', 'src': 'Tofler'}",,Mumbai,healthtech ai scribe,1,SRC02404,HIGH,NETWORK LAYER: previous_company only when FOUNDERS.prev_companies non-empty; same person across companies (global person) preserved; no auto-merge.
FDR0425,P0721,S0152,"{'v': 'Ram Anant', 'src': 'Tracxn, LinkedIn, Infineon PR'}","{'v': 'Founder & CEO', 'src': 'Infineon PR'}","{'v': 'founder', 'src': 'Tracxn'}","{'v': 'Yes (joining Infineon)', 'src': 'Infineon PR'}",,Bengaluru,semiconductor power,1,SRC02411,HIGH,NETWORK LAYER: previous_company only when FOUNDERS.prev_companies non-empty; same person across companies (global person) preserved; no auto-merge.
FDR0426,P0722,S0152,"{'v': 'Vikram Gakhar', 'src': 'Tracxn, LinkedIn'}","{'v': 'Co-Founder & Director, Mixed Signal Design', 'src': 'LinkedIn'}","{'v': 'co-founder', 'src': 'Tracxn'}","{'v': 'Yes', 'src': 'LinkedIn'}",,Bengaluru,semiconductor power,1,SRC02415,HIGH,NETWORK LAYER: previous_company only when FOUNDERS.prev_companies non-empty; same person across companies (global person) preserved; no auto-merge.
FDR0427,P0723,S0152,"{'v': 'Preetam Tadeparthy', 'src': 'Tracxn, LinkedIn'}","{'v': 'Co-Founder, CTO & VP Engineering', 'src': 'LinkedIn'}","{'v': 'co-founder', 'src': 'Tracxn'}","{'v': 'Yes', 'src': 'LinkedIn'}",,Bengaluru,semiconductor power,1,SRC02415,HIGH,NETWORK LAYER: previous_company only when FOUNDERS.prev_companies non-empty; same person across companies (global person) preserved; no auto-merge.
FDR0428,P0724,S0152,"{'v': 'Dattatreya Baragur Suryanarayana', 'src': 'Tracxn, LinkedIn'}","{'v': 'Co-Founder, Director Analog', 'src': 'LinkedIn'}","{'v': 'co-founder', 'src': 'Tracxn'}","{'v': 'Yes', 'src': 'LinkedIn'}",,Bengaluru,semiconductor power,1,SRC02415,HIGH,NETWORK LAYER: previous_company only when FOUNDERS.prev_companies non-empty; same person across companies (global person) preserved; no auto-merge.
FDR0429,P0725,S0153,"{'v': 'Nikhil Ramaswamy', 'src': 'Tracxn, LinkedIn'}","{'v': 'Co-Founder & CEO', 'src': 'Tracxn'}","{'v': 'co-founder', 'src': 'Tracxn'}","{'v': 'Yes', 'src': 'LinkedIn'}",,Bengaluru,robotics vision,1,SRC02420,HIGH,NETWORK LAYER: previous_company only when FOUNDERS.prev_companies non-empty; same person across companies (global person) preserved; no auto-merge.
FDR0430,P0726,S0153,"{'v': 'Gokul N A', 'src': 'Tracxn, LinkedIn'}","{'v': 'Founder (Design, Product & Brand)', 'src': 'LinkedIn'}","{'v': 'founder', 'src': 'Tracxn'}","{'v': 'Yes', 'src': 'LinkedIn'}",,Bengaluru,robotics vision,1,SRC02420,HIGH,NETWORK LAYER: previous_company only when FOUNDERS.prev_companies non-empty; same person across companies (global person) preserved; no auto-merge.
FDR0431,P0725,S0153,Nikhil Ramaswamy,Co-Founder & CEO,,True,,Bengaluru,robotics vision,1,SRC02437,HIGH,NETWORK LAYER: previous_company only when FOUNDERS.prev_companies non-empty; same person across companies (global person) preserved; no auto-merge.
FDR0432,P0727,S0153,Gokul NA,"Founder - Design, Product & Brand / CTO",,True,,Bengaluru,robotics vision,1,SRC02420,HIGH,NETWORK LAYER: previous_company only when FOUNDERS.prev_companies non-empty; same person across companies (global person) preserved; no auto-merge.
FDR0433,P0730,S0154,Srivatsan Sridhar,Co-founder and CEO,co-founder,True,,Bengaluru,fintech cross-border payments,1,SRC02442,HIGH,NETWORK LAYER: previous_company only when FOUNDERS.prev_companies non-empty; same person across companies (global person) preserved; no auto-merge.
FDR0434,P0731,S0154,Movin Jain,Co-founder,co-founder,True,,Bengaluru,fintech cross-border payments,1,SRC02456,HIGH,NETWORK LAYER: previous_company only when FOUNDERS.prev_companies non-empty; same person across companies (global person) preserved; no auto-merge.
FDR0435,P0735,S0155,Arjun P. Gupta,Founder & CEO,founder,True,,Delhi,climate energy efficiency,1,SRC02467,HIGH,NETWORK LAYER: previous_company only when FOUNDERS.prev_companies non-empty; same person across companies (global person) preserved; no auto-merge.
FDR0436,P0736,S0155,Sidhartha P. Gupta,Co-founder & CFO,co-founder,True,,Delhi,climate energy efficiency,1,SRC02468,HIGH,NETWORK LAYER: previous_company only when FOUNDERS.prev_companies non-empty; same person across companies (global person) preserved; no auto-merge.
FDR0437,P0737,S0155,Ujjal Majumdar,Co-founder & COO,co-founder,True,,Delhi,climate energy efficiency,1,SRC02459,MEDIUM,NETWORK LAYER: previous_company only when FOUNDERS.prev_companies non-empty; same person across companies (global person) preserved; no auto-merge.
FDR0438,P0738,S0156,Rakesh Malik,Co-founder & CEO,co-founder,True,,Greater Noida,semiconductor motor control,1,SRC02470,HIGH,NETWORK LAYER: previous_company only when FOUNDERS.prev_companies non-empty; same person across companies (global person) preserved; no auto-merge.
FDR0439,P0739,S0156,Pratap Narayan Singh,Co-founder & CTO,co-founder,True,,Greater Noida,semiconductor motor control,1,SRC02470,HIGH,NETWORK LAYER: previous_company only when FOUNDERS.prev_companies non-empty; same person across companies (global person) preserved; no auto-merge.
FDR0440,P0744,S0157,Dr. Sonam Kothari,Founder,founder,True,,Mumbai,healthtech,1,SRC02481,HIGH,NETWORK LAYER: previous_company only when FOUNDERS.prev_companies non-empty; same person across companies (global person) preserved; no auto-merge.
FDR0441,P0745,S0157,Dr. Abhishek Sen,Founder,founder,True,,Mumbai,healthtech,1,SRC02481,HIGH,NETWORK LAYER: previous_company only when FOUNDERS.prev_companies non-empty; same person across companies (global person) preserved; no auto-merge.
FDR0442,P0746,S0158,Vineeta Singh,CEO,,True,,Mumbai,d2c beauty,1,SRC02495,HIGH,NETWORK LAYER: previous_company only when FOUNDERS.prev_companies non-empty; same person across companies (global person) preserved; no auto-merge.
FDR0443,P0747,S0158,Kaushik Mukherjee,COO,,True,,Mumbai,d2c beauty,1,SRC02498,HIGH,NETWORK LAYER: previous_company only when FOUNDERS.prev_companies non-empty; same person across companies (global person) preserved; no auto-merge.
FDR0444,P0750,S0159,Prem Bhatia,CEO / Co-founder,co-founder,,,Bengaluru,ai ecommerce growth,1,SRC02509,,NETWORK LAYER: previous_company only when FOUNDERS.prev_companies non-empty; same person across companies (global person) preserved; no auto-merge.
FDR0445,P0751,S0159,Ashwin Puri,Co-founder,co-founder,,,Bengaluru,ai ecommerce growth,1,SRC00088,,NETWORK LAYER: previous_company only when FOUNDERS.prev_companies non-empty; same person across companies (global person) preserved; no auto-merge.
FDR0446,P0752,S0159,Vivek P.,Co-founder & CTO,,True,,Bengaluru,ai ecommerce growth,1,SRC02505,HIGH,NETWORK LAYER: previous_company only when FOUNDERS.prev_companies non-empty; same person across companies (global person) preserved; no auto-merge.
FDR0447,P0759,S0161,Dheemanth Nagaraj,,co-founder,,,Bengaluru,semiconductor ai gpu,1,SRC02538,,NETWORK LAYER: previous_company only when FOUNDERS.prev_companies non-empty; same person across companies (global person) preserved; no auto-merge.
FDR0448,P0760,S0161,Ashok Jagannathan,,co-founder,,,Bengaluru,semiconductor ai gpu,1,SRC02538,,NETWORK LAYER: previous_company only when FOUNDERS.prev_companies non-empty; same person across companies (global person) preserved; no auto-merge.
FDR0449,P0761,S0161,Srikanth Nimmagadda,,co-founder,,,Bengaluru,semiconductor ai gpu,1,SRC02538,,NETWORK LAYER: previous_company only when FOUNDERS.prev_companies non-empty; same person across companies (global person) preserved; no auto-merge.
FDR0450,P0762,S0161,Rajesh Vivekanandham,,co-founder,,,Bengaluru,semiconductor ai gpu,1,SRC02538,,NETWORK LAYER: previous_company only when FOUNDERS.prev_companies non-empty; same person across companies (global person) preserved; no auto-merge.
FDR0451,P0764,S0162,Sangeet Agrawal,,co-founder,,,Bengaluru,d2c travel goods,1,SRC02556,,NETWORK LAYER: previous_company only when FOUNDERS.prev_companies non-empty; same person across companies (global person) preserved; no auto-merge.
FDR0452,P0765,S0162,Navin Parwal,,co-founder,,,Bengaluru,d2c travel goods,1,SRC02556,,NETWORK LAYER: previous_company only when FOUNDERS.prev_companies non-empty; same person across companies (global person) preserved; no auto-merge.
FDR0453,P0770,S0163,Amitava Saha,,co-founder,,,Pune,logistics,1,SRC02564,,NETWORK LAYER: previous_company only when FOUNDERS.prev_companies non-empty; same person across companies (global person) preserved; no auto-merge.
FDR0454,P0771,S0163,Supam Maheshwari,,co-founder,,,Pune,logistics,1,SRC02564,,NETWORK LAYER: previous_company only when FOUNDERS.prev_companies non-empty; same person across companies (global person) preserved; no auto-merge.
FDR0455,P0772,S0163,Supam Satyanarayan Maheshwari,Co-Founder,,True,,Pune,logistics,1,SRC02565,HIGH,NETWORK LAYER: previous_company only when FOUNDERS.prev_companies non-empty; same person across companies (global person) preserved; no auto-merge.
FDR0456,P0773,S0163,Rajdeep Meda,Co-Founder,,True,,Pune,logistics,1,SRC02565,MEDIUM,NETWORK LAYER: previous_company only when FOUNDERS.prev_companies non-empty; same person across companies (global person) preserved; no auto-merge.
FDR0457,P0774,S0163,Macey Quinn,Co-Founder,,True,,Pune,logistics,1,SRC02565,MEDIUM,NETWORK LAYER: previous_company only when FOUNDERS.prev_companies non-empty; same person across companies (global person) preserved; no auto-merge.
FDR0458,P0775,S0163,Shaikh Awesh,Co-Founder,,True,,Pune,logistics,1,SRC02565,MEDIUM,NETWORK LAYER: previous_company only when FOUNDERS.prev_companies non-empty; same person across companies (global person) preserved; no auto-merge.
FDR0459,P0776,S0163,Johnson Smith,Co-Founder,,True,,Pune,logistics,1,SRC02565,MEDIUM,NETWORK LAYER: previous_company only when FOUNDERS.prev_companies non-empty; same person across companies (global person) preserved; no auto-merge.
FDR0460,P0777,S0163,Devendra Kumari,Co-Founder,,True,,Pune,logistics,1,SRC02565,MEDIUM,NETWORK LAYER: previous_company only when FOUNDERS.prev_companies non-empty; same person across companies (global person) preserved; no auto-merge.
FDR0461,P0783,S0164,Amit Chawla,,founder,,,Mumbai,fintech / B2B pharma,1,SRC02572,MEDIUM,NETWORK LAYER: previous_company only when FOUNDERS.prev_companies non-empty; same person across companies (global person) preserved; no auto-merge.
FDR0462,P0784,S0164,Shreeram Ramanathan,,founder,,,Mumbai,fintech / B2B pharma,1,SRC02572,MEDIUM,NETWORK LAYER: previous_company only when FOUNDERS.prev_companies non-empty; same person across companies (global person) preserved; no auto-merge.
FDR0463,P0785,S0164,Amit Kumar Chawla,Co-Founder & CEO,,True,,Mumbai,fintech / B2B pharma,1,SRC02576,HIGH,NETWORK LAYER: previous_company only when FOUNDERS.prev_companies non-empty; same person across companies (global person) preserved; no auto-merge.
FDR0464,P0786,S0164,Shreeram V Ramanathan,Co-Founder,,True,,Mumbai,fintech / B2B pharma,1,SRC02583,HIGH,NETWORK LAYER: previous_company only when FOUNDERS.prev_companies non-empty; same person across companies (global person) preserved; no auto-merge.
FDR0465,P0787,S0164,Neha Ramcharanlal Virmani,Co-Founder,,True,,Mumbai,fintech / B2B pharma,1,SRC02576,LOW,NETWORK LAYER: previous_company only when FOUNDERS.prev_companies non-empty; same person across companies (global person) preserved; no auto-merge.
FDR0466,P0788,S0164,Veena Vinod Chawla,Co-Founder,,True,,Mumbai,fintech / B2B pharma,1,SRC02576,LOW,NETWORK LAYER: previous_company only when FOUNDERS.prev_companies non-empty; same person across companies (global person) preserved; no auto-merge.
FDR0467,P0790,S0165,Mohit Anand,Co-founder and CEO,,True,,Bengaluru,cybersecurity,1,SRC02593,HIGH,NETWORK LAYER: previous_company only when FOUNDERS.prev_companies non-empty; same person across companies (global person) preserved; no auto-merge.
FDR0468,P0791,S0165,Sarthak Dubey,Co-founder and COO,,True,,Bengaluru,cybersecurity,1,SRC02593,HIGH,NETWORK LAYER: previous_company only when FOUNDERS.prev_companies non-empty; same person across companies (global person) preserved; no auto-merge.
FDR0469,P0792,S0165,Mayank Morya,Co-founder and CTO,,True,,Bengaluru,cybersecurity,1,SRC02591,HIGH,NETWORK LAYER: previous_company only when FOUNDERS.prev_companies non-empty; same person across companies (global person) preserved; no auto-merge.
FDR0470,P0793,S0165,Akshit Kaushik,Co-founder and CBO,,True,,Bengaluru,cybersecurity,1,SRC02591,HIGH,NETWORK LAYER: previous_company only when FOUNDERS.prev_companies non-empty; same person across companies (global person) preserved; no auto-merge.
FDR0471,P0797,S0166,Jugal Anchalia,Co-founder & CEO,co-founder,,,Bengaluru,AI devtools,1,SRC02600,HIGH,NETWORK LAYER: previous_company only when FOUNDERS.prev_companies non-empty; same person across companies (global person) preserved; no auto-merge.
FDR0472,P0798,S0166,Abhishek Kumar,,co-founder,,,Bengaluru,AI devtools,1,SRC02600,HIGH,NETWORK LAYER: previous_company only when FOUNDERS.prev_companies non-empty; same person across companies (global person) preserved; no auto-merge.
FDR0473,P0799,S0167,Geetansh Bamania,"Promoter, Chairperson & co-founder",co-founder,,,Bengaluru,furniture rental / consumer services,1,SRC02610,HIGH,NETWORK LAYER: previous_company only when FOUNDERS.prev_companies non-empty; same person across companies (global person) preserved; no auto-merge.
FDR0474,P0800,S0167,Ajay Nain,,co-founder,,,Bengaluru,furniture rental / consumer services,1,SRC02611,MEDIUM,NETWORK LAYER: previous_company only when FOUNDERS.prev_companies non-empty; same person across companies (global person) preserved; no auto-merge.
FDR0475,P0033,S0168,Albinder Dhindsa,,founder,,,Gurugram,quick commerce,1,SRC02613,HIGH,NETWORK LAYER: previous_company only when FOUNDERS.prev_companies non-empty; same person across companies (global person) preserved; no auto-merge.
FDR0476,P0802,S0168,Saurabh Kumar,,founder,,,Gurugram,quick commerce,1,SRC02613,HIGH,NETWORK LAYER: previous_company only when FOUNDERS.prev_companies non-empty; same person across companies (global person) preserved; no auto-merge.
FDR0477,P0803,S0169,"{'v': 'Ankush Malik', 'conf': 'high', 'src': 'Fortune India'}","{'v': 'CEO', 'type': 'co-founder'}",,True,,Gurugram,Renewable Energy / IPP,1,SRC02621,HIGH,NETWORK LAYER: previous_company only when FOUNDERS.prev_companies non-empty; same person across companies (global person) preserved; no auto-merge.
FDR0478,P0564,S0170,"{'v': 'UNKNOWN', 'conf': 'low', 'src': 'Failory lists founders as —'}","{'v': 'Founder(s)', 'type': 'founder'}",,True,,Gurugram,Renewable Energy / IPP,1,SRC02622,LOW,NETWORK LAYER: previous_company only when FOUNDERS.prev_companies non-empty; same person across companies (global person) preserved; no auto-merge.
FDR0479,P0804,S0171,"{'v': 'Sriharsha Majety', 'conf': 'high', 'src': 'Inventiva'}","{'v': 'CEO', 'type': 'co-founder'}",,True,,Bengaluru,Food Delivery / Quick Commerce,1,SRC02632,HIGH,NETWORK LAYER: previous_company only when FOUNDERS.prev_companies non-empty; same person across companies (global person) preserved; no auto-merge.
FDR0480,P0805,S0171,"{'v': 'Nandan Reddy', 'conf': 'medium', 'src': 'General knowledge'}","{'v': 'Co-founder', 'type': 'co-founder'}",,True,,Bengaluru,Food Delivery / Quick Commerce,1,SRC02631,LOW,NETWORK LAYER: previous_company only when FOUNDERS.prev_companies non-empty; same person across companies (global person) preserved; no auto-merge.
FDR0481,P0806,S0171,"{'v': 'Rahul Jaimini', 'conf': 'medium', 'src': 'General knowledge'}","{'v': 'Co-founder', 'type': 'co-founder'}",,False,,Bengaluru,Food Delivery / Quick Commerce,1,SRC02631,LOW,NETWORK LAYER: previous_company only when FOUNDERS.prev_companies non-empty; same person across companies (global person) preserved; no auto-merge.
FDR0482,P0807,S0172,"{'v': 'Shubham Gupta', 'conf': 'high', 'src': 'foundersday, Entrackr'}","{'v': 'Founder', 'type': 'founder'}",,True,,Mumbai,D2C Streetwear / Fashion,1,SRC02640,HIGH,NETWORK LAYER: previous_company only when FOUNDERS.prev_companies non-empty; same person across companies (global person) preserved; no auto-merge.
FDR0483,P0808,S0172,"{'v': 'Sanjay Gupta', 'conf': 'medium', 'src': 'Entrackr (RoC filing)'}","{'v': 'Co-founder/Director', 'type': 'co-founder'}",,True,,Mumbai,D2C Streetwear / Fashion,1,SRC02638,MEDIUM,NETWORK LAYER: previous_company only when FOUNDERS.prev_companies non-empty; same person across companies (global person) preserved; no auto-merge.
FDR0484,P0809,S0172,"{'v': 'Reena Gupta', 'conf': 'medium', 'src': 'Entrackr (RoC filing)'}","{'v': 'Co-founder/Director', 'type': 'co-founder'}",,True,,Mumbai,D2C Streetwear / Fashion,1,SRC02638,MEDIUM,NETWORK LAYER: previous_company only when FOUNDERS.prev_companies non-empty; same person across companies (global person) preserved; no auto-merge.
FDR0485,P0810,S0173,"{'v': 'Aridni Shah', 'conf': 'high', 'src': 'Inc42'}","{'v': 'Cofounder and CEO', 'type': 'co-founder'}",,True,,Bengaluru,AI Drug Discovery / Biotech,1,SRC02644,HIGH,NETWORK LAYER: previous_company only when FOUNDERS.prev_companies non-empty; same person across companies (global person) preserved; no auto-merge.
FDR0486,P0811,S0173,"{'v': 'Trisha Chatterjee', 'conf': 'high', 'src': 'Inc42'}","{'v': 'Cofounder', 'type': 'co-founder'}",,True,,Bengaluru,AI Drug Discovery / Biotech,1,SRC02644,HIGH,NETWORK LAYER: previous_company only when FOUNDERS.prev_companies non-empty; same person across companies (global person) preserved; no auto-merge.
FDR0487,P0593,S0174,Sunil Kumar,Co-Founder & CEO,founder,True,,Bengaluru,Semiconductors / Fabless chip design,1,SRC02653,HIGH,NETWORK LAYER: previous_company only when FOUNDERS.prev_companies non-empty; same person across companies (global person) preserved; no auto-merge.
FDR0488,P0812,S0174,Renuka Prasad,Co-Founder,co-founder,True,,Bengaluru,Semiconductors / Fabless chip design,1,SRC02653,MEDIUM,NETWORK LAYER: previous_company only when FOUNDERS.prev_companies non-empty; same person across companies (global person) preserved; no auto-merge.
FDR0489,P0813,S0174,Kanagaraju Ponnusamy,Co-Founder & Head of Engineering,co-founder,True,,Bengaluru,Semiconductors / Fabless chip design,1,SRC02654,HIGH,NETWORK LAYER: previous_company only when FOUNDERS.prev_companies non-empty; same person across companies (global person) preserved; no auto-merge.
FDR0490,P0814,S0174,Dinesh Annayya,Co-Founder,co-founder,True,,Bengaluru,Semiconductors / Fabless chip design,1,SRC02651,HIGH,NETWORK LAYER: previous_company only when FOUNDERS.prev_companies non-empty; same person across companies (global person) preserved; no auto-merge.
FDR0491,P0815,S0174,Harpreet Wadhawan,Co-Founder,co-founder,True,,Bengaluru,Semiconductors / Fabless chip design,1,SRC02653,MEDIUM,NETWORK LAYER: previous_company only when FOUNDERS.prev_companies non-empty; same person across companies (global person) preserved; no auto-merge.
FDR0492,P0816,S0174,Jansen Cheng,VP Global BD & Co-Founder,co-founder,True,,Bengaluru,Semiconductors / Fabless chip design,1,SRC02655,HIGH,NETWORK LAYER: previous_company only when FOUNDERS.prev_companies non-empty; same person across companies (global person) preserved; no auto-merge.
FDR0493,P0817,S0175,Kishan Aswath,Co-Founder & CEO,founder,True,,Bengaluru,Logistics SaaS / AI supply chain optimization,1,SRC02663,HIGH,NETWORK LAYER: previous_company only when FOUNDERS.prev_companies non-empty; same person across companies (global person) preserved; no auto-merge.
FDR0494,P0818,S0175,Amit Ashok Kulkarni,Co-Founder & CTO,co-founder,True,,Bengaluru,Logistics SaaS / AI supply chain optimization,1,SRC02663,HIGH,NETWORK LAYER: previous_company only when FOUNDERS.prev_companies non-empty; same person across companies (global person) preserved; no auto-merge.
FDR0495,P0819,S0175,Ranganath Seetharamu,Co-Founder & COO,co-founder,True,,Bengaluru,Logistics SaaS / AI supply chain optimization,1,SRC02663,HIGH,NETWORK LAYER: previous_company only when FOUNDERS.prev_companies non-empty; same person across companies (global person) preserved; no auto-merge.
FDR0496,P0264,S0176,Nitin Jain,"Chairman & MD, Neo Group",founder,True,,Mumbai,Wealth Management / Fintech,1,SRC02669,HIGH,NETWORK LAYER: previous_company only when FOUNDERS.prev_companies non-empty; same person across companies (global person) preserved; no auto-merge.
FDR0497,P0494,S0176,Varun Bajpai,Co-Founder & Chairman,co-founder,True,,Mumbai,Wealth Management / Fintech,1,SRC02670,HIGH,NETWORK LAYER: previous_company only when FOUNDERS.prev_companies non-empty; same person across companies (global person) preserved; no auto-merge.
FDR0498,P0493,S0176,Hemant Daga,"Co-Founder & CEO, Neo Asset Management",co-founder,True,,Mumbai,Wealth Management / Fintech,1,SRC02671,HIGH,NETWORK LAYER: previous_company only when FOUNDERS.prev_companies non-empty; same person across companies (global person) preserved; no auto-merge.
FDR0499,P0496,S0176,Puneet Jain,"Co-Founder & CIO, Neo Asset Management",co-founder,True,,Mumbai,Wealth Management / Fintech,1,SRC02671,HIGH,NETWORK LAYER: previous_company only when FOUNDERS.prev_companies non-empty; same person across companies (global person) preserved; no auto-merge.
FDR0500,P0495,S0176,Shajikumar Devakar,"Co-Founder & CEO, Neo Wealth Management",co-founder,True,,Mumbai,Wealth Management / Fintech,1,SRC02672,HIGH,NETWORK LAYER: previous_company only when FOUNDERS.prev_companies non-empty; same person across companies (global person) preserved; no auto-merge.
FDR0501,P0820,S0176,Srikanth A V,"Co-Founder & CEO, Neo Wealth Partners",co-founder,True,,Mumbai,Wealth Management / Fintech,1,SRC02669,MEDIUM,NETWORK LAYER: previous_company only when FOUNDERS.prev_companies non-empty; same person across companies (global person) preserved; no auto-merge.
FDR0502,P0821,S0177,Aneesh Reddy Boddu,"Founder, MD & CEO",founder,True,,Bengaluru,SaaS / Customer Loyalty,1,SRC02678,HIGH,NETWORK LAYER: previous_company only when FOUNDERS.prev_companies non-empty; same person across companies (global person) preserved; no auto-merge.
FDR0503,P0822,S0177,Krishna Mehra,Co-Founder,co-founder,False,,Bengaluru,SaaS / Customer Loyalty,1,SRC02680,HIGH,NETWORK LAYER: previous_company only when FOUNDERS.prev_companies non-empty; same person across companies (global person) preserved; no auto-merge.
FDR0504,P0823,S0177,Ajay Modani,Former Co-Founder,co-founder,False,,Bengaluru,SaaS / Customer Loyalty,1,SRC02680,HIGH,NETWORK LAYER: previous_company only when FOUNDERS.prev_companies non-empty; same person across companies (global person) preserved; no auto-merge.
FDR0505,P0824,S0177,Anant Choubey,Co-Founder & COO & CFO,co-founder,True,,Bengaluru,SaaS / Customer Loyalty,1,SRC02679,HIGH,NETWORK LAYER: previous_company only when FOUNDERS.prev_companies non-empty; same person across companies (global person) preserved; no auto-merge.
FDR0506,P0825,S0177,Sridhar Bollam,Co-Founder & CCO North America,co-founder,True,,Bengaluru,SaaS / Customer Loyalty,1,SRC02679,HIGH,NETWORK LAYER: previous_company only when FOUNDERS.prev_companies non-empty; same person across companies (global person) preserved; no auto-merge.
FDR0507,P0826,S0178,Prateek Jindal,Founder & CEO,founder,True,,Bengaluru,Wealthtech / Mutual Fund Advisory,1,SRC02688,HIGH,NETWORK LAYER: previous_company only when FOUNDERS.prev_companies non-empty; same person across companies (global person) preserved; no auto-merge.
FDR0508,P0827,S0178,Nitin Gupta,Co-founder (Uni Cards),co-founder,False,,Bengaluru,Wealthtech / Mutual Fund Advisory,1,SRC02687,MEDIUM,NETWORK LAYER: previous_company only when FOUNDERS.prev_companies non-empty; same person across companies (global person) preserved; no auto-merge.
FDR0509,P0828,S0179,"{'v': 'Monil Singhal', 'role': 'co-founder', 'type': 'co-founder', 'confidence': 0.95, 'src': 'ET'}",,,,,Mumbai,proptech listings,1,,,NETWORK LAYER: previous_company only when FOUNDERS.prev_companies non-empty; same person across companies (global person) preserved; no auto-merge.
FDR0510,P0829,S0179,"{'v': 'Puneet Arora', 'role': 'co-founder', 'type': 'co-founder', 'confidence': 0.95, 'src': 'ET'}",,,,,Mumbai,proptech listings,1,,,NETWORK LAYER: previous_company only when FOUNDERS.prev_companies non-empty; same person across companies (global person) preserved; no auto-merge.
FDR0511,P0830,S0179,"{'v': 'Ankit Gupta', 'role': 'co-founder', 'type': 'co-founder', 'confidence': 0.95, 'src': 'ET'}",,,,,Mumbai,proptech listings,1,,,NETWORK LAYER: previous_company only when FOUNDERS.prev_companies non-empty; same person across companies (global person) preserved; no auto-merge.
FDR0512,P0831,S0180,"{'v': 'Shalesh Thusoo', 'role': 'Founder, CEO', 'type': 'founder', 'background': 'Former Intel/chip veteran', 'confidence': 0.9, 'src': 'tsavoritesi.com'}",,,,,Bengaluru,AI infra / semiconductor,1,,,NETWORK LAYER: previous_company only when FOUNDERS.prev_companies non-empty; same person across companies (global person) preserved; no auto-merge.
FDR0513,P0832,S0180,"{'v': 'Guntram Wolski', 'role': 'Co-Founder, CDD', 'type': 'co-founder', 'confidence': 0.85, 'src': 'tsavoritesi.com'}",,,,,Bengaluru,AI infra / semiconductor,1,,,NETWORK LAYER: previous_company only when FOUNDERS.prev_companies non-empty; same person across companies (global person) preserved; no auto-merge.
FDR0514,P0833,S0180,"{'v': 'Mike Uhler', 'role': 'Co-Founder, COO', 'type': 'co-founder', 'confidence': 0.85, 'src': 'tsavoritesi.com'}",,,,,Bengaluru,AI infra / semiconductor,1,,,NETWORK LAYER: previous_company only when FOUNDERS.prev_companies non-empty; same person across companies (global person) preserved; no auto-merge.
FDR0515,P0834,S0180,"{'v': 'Sarvagya Kochak', 'role': 'CTO', 'type': 'co-founder', 'confidence': 0.8, 'src': 'tsavoritesi.com'}",,,,,Bengaluru,AI infra / semiconductor,1,,,NETWORK LAYER: previous_company only when FOUNDERS.prev_companies non-empty; same person across companies (global person) preserved; no auto-merge.
FDR0516,P0835,S0180,"{'v': 'Shirish Seetharam', 'role': 'Co-Founder, VP BD', 'type': 'co-founder', 'confidence': 0.8, 'src': 'tsavoritesi.com'}",,,,,Bengaluru,AI infra / semiconductor,1,,,NETWORK LAYER: previous_company only when FOUNDERS.prev_companies non-empty; same person across companies (global person) preserved; no auto-merge.
FDR0517,P0836,S0180,"{'v': 'Chandra Joshi', 'role': 'Co-Founder, VP SW', 'type': 'co-founder', 'confidence': 0.8, 'src': 'tsavoritesi.com'}",,,,,Bengaluru,AI infra / semiconductor,1,,,NETWORK LAYER: previous_company only when FOUNDERS.prev_companies non-empty; same person across companies (global person) preserved; no auto-merge.
FDR0518,P0837,S0181,"{'v': 'Devansh Jain', 'role': 'Executive Director', 'type': 'executive', 'background': 'INOXGFL Group', 'confidence': 0.85, 'src': 'ET'}",,,,,Noida,climate renewables,1,,,NETWORK LAYER: previous_company only when FOUNDERS.prev_companies non-empty; same person across companies (global person) preserved; no auto-merge.
FDR0519,P0838,S0182,"{'v': 'Vivek Mishra', 'role': 'co-founder', 'type': 'co-founder', 'background': 'PhD robotics, aerospace engineering', 'confidence': 0.9, 'src': 'Inc42'}",,,,,Noida,defence drones,1,,,NETWORK LAYER: previous_company only when FOUNDERS.prev_companies non-empty; same person across companies (global person) preserved; no auto-merge.
FDR0520,P0839,S0182,"{'v': 'Vikash Mishra', 'role': 'co-founder', 'type': 'co-founder', 'background': 'PhD aerospace engineering, advanced materials', 'confidence': 0.9, 'src': 'Inc42'}",,,,,Noida,defence drones,1,,,NETWORK LAYER: previous_company only when FOUNDERS.prev_companies non-empty; same person across companies (global person) preserved; no auto-merge.
FDR0521,P0840,S0182,"{'v': 'Nitin Katiyar', 'role': 'co-founder', 'type': 'co-founder', 'confidence': 0.8, 'src': 'CARE Ratings'}",,,,,Noida,defence drones,1,,,NETWORK LAYER: previous_company only when FOUNDERS.prev_companies non-empty; same person across companies (global person) preserved; no auto-merge.
FDR0522,P0843,S0183,"{'v': 'Pulkit Khurana', 'role': 'co-founder', 'type': 'co-founder', 'background': 'IIT Kanpur alumnus', 'confidence': 0.95, 'src': 'Wikipedia'}",,,,,Gurugram,ev battery swapping,1,,,NETWORK LAYER: previous_company only when FOUNDERS.prev_companies non-empty; same person across companies (global person) preserved; no auto-merge.
FDR0523,P0844,S0183,"{'v': 'Siddharth Sikka', 'role': 'co-founder', 'type': 'co-founder', 'background': 'IIT Kanpur alumnus', 'confidence': 0.95, 'src': 'Wikipedia'}",,,,,Gurugram,ev battery swapping,1,,,NETWORK LAYER: previous_company only when FOUNDERS.prev_companies non-empty; same person across companies (global person) preserved; no auto-merge.
FDR0524,P0845,S0185,Ritwik Khare,Founder & CEO,,True,,Bengaluru,travel villas,1,SRC02735,HIGH,NETWORK LAYER: previous_company only when FOUNDERS.prev_companies non-empty; same person across companies (global person) preserved; no auto-merge.
FDR0525,P0846,S0185,Karan Miglani,Co-Founder & CPO,,True,,Bengaluru,travel villas,1,SRC02736,HIGH,NETWORK LAYER: previous_company only when FOUNDERS.prev_companies non-empty; same person across companies (global person) preserved; no auto-merge.
FDR0526,P0848,S0188,Nithin Kamath,Founder & CEO,founder,True,,Bengaluru,fintech/broking,1,SRC02751,MEDIUM,NETWORK LAYER: previous_company only when FOUNDERS.prev_companies non-empty; same person across companies (global person) preserved; no auto-merge.
FDR0527,P0262,S0189,Farid Ahsan,"Co-founder, CEO",founder,,,Bengaluru,Robotics / DeepTech,1,SRC02753,HIGH,NETWORK LAYER: previous_company only when FOUNDERS.prev_companies non-empty; same person across companies (global person) preserved; no auto-merge.
FDR0528,P0261,S0189,Bhanu Pratap Singh,Co-founder,founder,,,Bengaluru,Robotics / DeepTech,1,SRC02753,HIGH,NETWORK LAYER: previous_company only when FOUNDERS.prev_companies non-empty; same person across companies (global person) preserved; no auto-merge.
FDR0529,P0849,S0191,Shreyaans Jain,"Co-founder, CEO",founder,,,Bengaluru,Spacetech / Laser Communications,1,SRC02759,HIGH,NETWORK LAYER: previous_company only when FOUNDERS.prev_companies non-empty; same person across companies (global person) preserved; no auto-merge.
FDR0530,P0850,S0191,Rohit Ramakrishnan,Co-founder,founder,,,Bengaluru,Spacetech / Laser Communications,1,SRC02759,HIGH,NETWORK LAYER: previous_company only when FOUNDERS.prev_companies non-empty; same person across companies (global person) preserved; no auto-merge.
FDR0531,P0851,S0191,Aloke Kumar,Co-founder,founder,,,Bengaluru,Spacetech / Laser Communications,1,SRC02759,HIGH,NETWORK LAYER: previous_company only when FOUNDERS.prev_companies non-empty; same person across companies (global person) preserved; no auto-merge.
FDR0532,P0852,S0192,Venkataraman Natarajan,"Co-founder, COO",founder,,,Bengaluru,Robotics / AMR,1,SRC02764,HIGH,NETWORK LAYER: previous_company only when FOUNDERS.prev_companies non-empty; same person across companies (global person) preserved; no auto-merge.
FDR0533,P0853,S0192,Krishna Vaidyanathan,Co-founder,founder,,,Bengaluru,Robotics / AMR,1,SRC02764,HIGH,NETWORK LAYER: previous_company only when FOUNDERS.prev_companies non-empty; same person across companies (global person) preserved; no auto-merge.
FDR0534,P0854,S0193,Vaibhav Tambe,"Co-founder, CEO",founder,,,Gurugram,Fintech / Banking Infrastructure,1,SRC02767,HIGH,NETWORK LAYER: previous_company only when FOUNDERS.prev_companies non-empty; same person across companies (global person) preserved; no auto-merge.
FDR0535,P0855,S0193,Lavin Kotian,Co-founder,founder,,,Gurugram,Fintech / Banking Infrastructure,1,SRC02770,HIGH,NETWORK LAYER: previous_company only when FOUNDERS.prev_companies non-empty; same person across companies (global person) preserved; no auto-merge.
FDR0536,P0856,S0193,Pulak Jain,Co-founder,founder,,,Gurugram,Fintech / Banking Infrastructure,1,SRC02770,HIGH,NETWORK LAYER: previous_company only when FOUNDERS.prev_companies non-empty; same person across companies (global person) preserved; no auto-merge.
FDR0537,P0857,S0193,Sachin Gupta,Co-founder,founder,,,Gurugram,Fintech / Banking Infrastructure,1,SRC02770,HIGH,NETWORK LAYER: previous_company only when FOUNDERS.prev_companies non-empty; same person across companies (global person) preserved; no auto-merge.
FDR0538,P0858,S0194,James Solomon,CEO & Co-Founder,founder,True,,Pune,spacetech / defence-photonics,1,SRC02773,HIGH,NETWORK LAYER: previous_company only when FOUNDERS.prev_companies non-empty; same person across companies (global person) preserved; no auto-merge.
FDR0539,P0859,S0194,Suman Hiremath,Co-Founder,founder,True,,Pune,spacetech / defence-photonics,1,SRC02774,MEDIUM,NETWORK LAYER: previous_company only when FOUNDERS.prev_companies non-empty; same person across companies (global person) preserved; no auto-merge.
FDR0540,P0860,S0195,Mohak Nahta,Founder & CEO,founder,True,,Delhi NCR,travel-tech / visas,1,SRC02780,HIGH,NETWORK LAYER: previous_company only when FOUNDERS.prev_companies non-empty; same person across companies (global person) preserved; no auto-merge.
FDR0541,P0564,S0195,Unknown,Co-Founder,co-founder,True,,Delhi NCR,travel-tech / visas,1,,LOW,NETWORK LAYER: previous_company only when FOUNDERS.prev_companies non-empty; same person across companies (global person) preserved; no auto-merge.
FDR0542,P0861,S0196,Capt. Ishver Dholakiya,Founder & Managing Director,founder,True,,Surat,climate / solar manufacturing,1,SRC02788,HIGH,NETWORK LAYER: previous_company only when FOUNDERS.prev_companies non-empty; same person across companies (global person) preserved; no auto-merge.
FDR0543,P0862,S0196,Bharat Bhut,Co-Founder,founder,True,,Surat,climate / solar manufacturing,1,SRC02789,MEDIUM,NETWORK LAYER: previous_company only when FOUNDERS.prev_companies non-empty; same person across companies (global person) preserved; no auto-merge.
FDR0544,P0863,S0197,Mohit Bedi,Co-Founder,founder,True,,Bengaluru,fintech / credit cards,1,SRC02795,HIGH,NETWORK LAYER: previous_company only when FOUNDERS.prev_companies non-empty; same person across companies (global person) preserved; no auto-merge.
FDR0545,P0864,S0197,Siddharth Mehta,"Co-Founder, COO & CFO",founder,True,,Bengaluru,fintech / credit cards,1,SRC02796,HIGH,NETWORK LAYER: previous_company only when FOUNDERS.prev_companies non-empty; same person across companies (global person) preserved; no auto-merge.
FDR0546,P0865,S0197,Anup Kumar Agrawal,Co-Founder,founder,True,,Bengaluru,fintech / credit cards,1,SRC02807,MEDIUM,NETWORK LAYER: previous_company only when FOUNDERS.prev_companies non-empty; same person across companies (global person) preserved; no auto-merge.
FDR0547,P0866,S0197,Anup Agrawal,Co-Founder & CEO,,True,,Bengaluru,fintech / credit cards,1,SRC02796,HIGH,NETWORK LAYER: previous_company only when FOUNDERS.prev_companies non-empty; same person across companies (global person) preserved; no auto-merge.
FDR0548,P0870,S0198,Abhishek Murarka,CEO & Co-Founder,founder,True,,Mumbai,cleantech / cooling,1,SRC02812,HIGH,NETWORK LAYER: previous_company only when FOUNDERS.prev_companies non-empty; same person across companies (global person) preserved; no auto-merge.
FDR0549,P0871,S0198,Tushar Patil,Co-Founder & COO,founder,True,,Mumbai,cleantech / cooling,1,SRC02813,HIGH,NETWORK LAYER: previous_company only when FOUNDERS.prev_companies non-empty; same person across companies (global person) preserved; no auto-merge.
FDR0550,P0872,S0198,Devanshu Mishra,Co-Founder,founder,True,,Mumbai,cleantech / cooling,1,SRC02814,MEDIUM,NETWORK LAYER: previous_company only when FOUNDERS.prev_companies non-empty; same person across companies (global person) preserved; no auto-merge.
FDR0551,P0873,S0199,Srinath Ravichandran,"CEO, Co-founder",co-founder,True,,Chennai,spacetech launch,1,SRC02822,HIGH,NETWORK LAYER: previous_company only when FOUNDERS.prev_companies non-empty; same person across companies (global person) preserved; no auto-merge.
FDR0552,P0874,S0199,Moin SPM,Co-founder,co-founder,True,,Chennai,spacetech launch,1,SRC02822,HIGH,NETWORK LAYER: previous_company only when FOUNDERS.prev_companies non-empty; same person across companies (global person) preserved; no auto-merge.
FDR0553,P0875,S0200,Ashish Deora,Founder & CEO,founder,True,,Mumbai,proptech services,1,SRC02827,HIGH,NETWORK LAYER: previous_company only when FOUNDERS.prev_companies non-empty; same person across companies (global person) preserved; no auto-merge.
FDR0554,P0876,S0201,Dhruv Arora,Founder & CEO,founder,True,,Gurugram,wealthtech,1,SRC02837,HIGH,NETWORK LAYER: previous_company only when FOUNDERS.prev_companies non-empty; same person across companies (global person) preserved; no auto-merge.
FDR0555,P0877,S0202,Dr. Ashvini Jakhar,Founder & CEO,founder,True,,Gurugram,logistics supply chain,1,SRC02843,HIGH,NETWORK LAYER: previous_company only when FOUNDERS.prev_companies non-empty; same person across companies (global person) preserved; no auto-merge.
FDR0556,P0878,S0203,Manas Khandelwal,Founder,founder,True,,Bengaluru,legaltech ai,1,SRC02851,HIGH,NETWORK LAYER: previous_company only when FOUNDERS.prev_companies non-empty; same person across companies (global person) preserved; no auto-merge.
FDR0557,P0879,S0203,Varun Khandelwal,Founder,founder,True,,Bengaluru,legaltech ai,1,SRC02851,HIGH,NETWORK LAYER: previous_company only when FOUNDERS.prev_companies non-empty; same person across companies (global person) preserved; no auto-merge.
FDR0558,P0880,S0203,Sumit Ghosh,Founder,founder,True,,Bengaluru,legaltech ai,1,SRC02851,HIGH,NETWORK LAYER: previous_company only when FOUNDERS.prev_companies non-empty; same person across companies (global person) preserved; no auto-merge.
FDR0559,P0881,S0207,Ritesh Singh Chandel,co-founder,co-founder,True,,Bengaluru,Edtech / AI,1,SRC02858,HIGH,NETWORK LAYER: previous_company only when FOUNDERS.prev_companies non-empty; same person across companies (global person) preserved; no auto-merge.
FDR0560,P0882,S0207,Sonu Kumar,co-founder,co-founder,True,,Bengaluru,Edtech / AI,1,SRC02858,HIGH,NETWORK LAYER: previous_company only when FOUNDERS.prev_companies non-empty; same person across companies (global person) preserved; no auto-merge.
FDR0561,P0883,S0207,Rushabh Kothari,co-founder,co-founder,True,,Bengaluru,Edtech / AI,1,SRC02858,HIGH,NETWORK LAYER: previous_company only when FOUNDERS.prev_companies non-empty; same person across companies (global person) preserved; no auto-merge.
FDR0562,P0884,S0208,Jyothis Indirabhai,co-founder,co-founder,True,,Bengaluru,Semiconductor / AI chip,1,SRC02868,MEDIUM,NETWORK LAYER: previous_company only when FOUNDERS.prev_companies non-empty; same person across companies (global person) preserved; no auto-merge.
FDR0563,P0885,S0208,Sreejith Varma,co-founder,co-founder,True,,Bengaluru,Semiconductor / AI chip,1,SRC02868,MEDIUM,NETWORK LAYER: previous_company only when FOUNDERS.prev_companies non-empty; same person across companies (global person) preserved; no auto-merge.
FDR0564,P0886,S0208,Deepa Geetha,co-founder,co-founder,True,,Bengaluru,Semiconductor / AI chip,1,SRC02868,MEDIUM,NETWORK LAYER: previous_company only when FOUNDERS.prev_companies non-empty; same person across companies (global person) preserved; no auto-merge.
FDR0565,P0564,S0209,UNKNOWN,Founder/MD,founder,True,,Kolkata,fintech/microfinance,1,SRC02880,LOW,NETWORK LAYER: previous_company only when FOUNDERS.prev_companies non-empty; same person across companies (global person) preserved; no auto-merge.
FDR0566,P0887,S0209,Vineet Chandra Chandra Rai,Founder & Chairman,,True,,Kolkata,fintech/microfinance,1,SRC02875,HIGH,NETWORK LAYER: previous_company only when FOUNDERS.prev_companies non-empty; same person across companies (global person) preserved; no auto-merge.
FDR0567,P0888,S0209,Shubhankar Sengupta,Co-Founder,,False,,Kolkata,fintech/microfinance,1,SRC02875,MEDIUM,NETWORK LAYER: previous_company only when FOUNDERS.prev_companies non-empty; same person across companies (global person) preserved; no auto-merge.
FDR0568,P0901,S0210,Tarun Mehta,"Co-founder, CEO",founder,True,,Bengaluru,ev/2-wheeler,1,SRC02895,HIGH,NETWORK LAYER: previous_company only when FOUNDERS.prev_companies non-empty; same person across companies (global person) preserved; no auto-merge.
FDR0569,P0902,S0210,Swapnil Jain,Co-founder,co-founder,True,,Bengaluru,ev/2-wheeler,1,SRC02896,HIGH,NETWORK LAYER: previous_company only when FOUNDERS.prev_companies non-empty; same person across companies (global person) preserved; no auto-merge.
FDR0570,P0564,S0211,UNKNOWN,Founder/CEO,founder,True,,Delhi NCR,wealthtech,1,SRC02901,LOW,NETWORK LAYER: previous_company only when FOUNDERS.prev_companies non-empty; same person across companies (global person) preserved; no auto-merge.
FDR0571,P0903,S0211,Anirudha Taparia,Founder & CEO,,True,,Delhi NCR,wealthtech,1,SRC02904,HIGH,NETWORK LAYER: previous_company only when FOUNDERS.prev_companies non-empty; same person across companies (global person) preserved; no auto-merge.
FDR0572,P0904,S0211,Sidhartha Shaw,Co-Founder,,True,,Delhi NCR,wealthtech,1,SRC02914,MEDIUM,NETWORK LAYER: previous_company only when FOUNDERS.prev_companies non-empty; same person across companies (global person) preserved; no auto-merge.
FDR0573,P0905,S0211,Vijeeta Sharma,Co-Founder,,True,,Delhi NCR,wealthtech,1,SRC02906,MEDIUM,NETWORK LAYER: previous_company only when FOUNDERS.prev_companies non-empty; same person across companies (global person) preserved; no auto-merge.
FDR0574,P0906,S0211,Pankaj Walia,Co-Founder,,True,,Delhi NCR,wealthtech,1,SRC02911,HIGH,NETWORK LAYER: previous_company only when FOUNDERS.prev_companies non-empty; same person across companies (global person) preserved; no auto-merge.
FDR0575,P0564,S0212,UNKNOWN,Founder/CEO,founder,True,,Delhi NCR,logistics tech,1,SRC02920,LOW,NETWORK LAYER: previous_company only when FOUNDERS.prev_companies non-empty; same person across companies (global person) preserved; no auto-merge.
FDR0576,P0911,S0213,Raoul Nanavati,Co-founder,founder,True,,Mumbai,ai / voice ai,1,SRC02936,HIGH,NETWORK LAYER: previous_company only when FOUNDERS.prev_companies non-empty; same person across companies (global person) preserved; no auto-merge.
FDR0577,P0912,S0213,Jai Nanavati,Co-founder,co-founder,True,,Mumbai,ai / voice ai,1,SRC02936,HIGH,NETWORK LAYER: previous_company only when FOUNDERS.prev_companies non-empty; same person across companies (global person) preserved; no auto-merge.
FDR0578,P0914,S0214,Shashwat Sahai,Co-founder,co-founder,,,Mumbai,petcare / D2C pet nutrition,1,SRC02946,HIGH,NETWORK LAYER: previous_company only when FOUNDERS.prev_companies non-empty; same person across companies (global person) preserved; no auto-merge.
FDR0579,P0915,S0214,Chandan Jha,Co-founder,co-founder,,,Mumbai,petcare / D2C pet nutrition,1,SRC02946,HIGH,NETWORK LAYER: previous_company only when FOUNDERS.prev_companies non-empty; same person across companies (global person) preserved; no auto-merge.
FDR0580,P0916,S0215,Tarun Lawadia,Founder & CEO,founder,,,Mumbai,mobility / used-car leasing,1,SRC02957,HIGH,NETWORK LAYER: previous_company only when FOUNDERS.prev_companies non-empty; same person across companies (global person) preserved; no auto-merge.
FDR0581,P0917,S0215,Sameer Kalra,Co-founder / COO,co-founder,,,Mumbai,mobility / used-car leasing,1,SRC02957,HIGH,NETWORK LAYER: previous_company only when FOUNDERS.prev_companies non-empty; same person across companies (global person) preserved; no auto-merge.
FDR0582,P0919,S0216,Tejas Jain,Founder & CEO,founder,,,Bengaluru,insurtech / B2B commercial insurance,1,SRC02965,HIGH,NETWORK LAYER: previous_company only when FOUNDERS.prev_companies non-empty; same person across companies (global person) preserved; no auto-merge.
FDR0583,P0920,S0217,Sridhar Pinnapureddy,Founder & Chairman,founder,,,Hyderabad,data centres / digital infrastructure,1,SRC02970,HIGH,NETWORK LAYER: previous_company only when FOUNDERS.prev_companies non-empty; same person across companies (global person) preserved; no auto-merge.
FDR0584,P0921,S0218,Ratheesh Nair,Founder & CEO,founder,,,Mumbai MMR,healthtech / insurtech engagement,1,SRC02977,HIGH,NETWORK LAYER: previous_company only when FOUNDERS.prev_companies non-empty; same person across companies (global person) preserved; no auto-merge.
FDR0585,P0922,S0218,Abhitosh Kumar Pandey,Co-founder,co-founder,,,Mumbai MMR,healthtech / insurtech engagement,1,SRC02977,MEDIUM,NETWORK LAYER: previous_company only when FOUNDERS.prev_companies non-empty; same person across companies (global person) preserved; no auto-merge.
FDR0586,P0923,S0218,Jay Patel,Co-founder,co-founder,,,Mumbai MMR,healthtech / insurtech engagement,1,SRC02977,MEDIUM,NETWORK LAYER: previous_company only when FOUNDERS.prev_companies non-empty; same person across companies (global person) preserved; no auto-merge.
FDR0587,P0924,S0218,Harshad Apte,Co-founder,co-founder,,,Mumbai MMR,healthtech / insurtech engagement,1,SRC02977,MEDIUM,NETWORK LAYER: previous_company only when FOUNDERS.prev_companies non-empty; same person across companies (global person) preserved; no auto-merge.
FDR0588,P0925,S0219,Nimish Goel,Co-Founder,co-founder,,,Gurugram,enterprise AI video generation,1,SRC02984,HIGH,NETWORK LAYER: previous_company only when FOUNDERS.prev_companies non-empty; same person across companies (global person) preserved; no auto-merge.
FDR0589,P0926,S0219,Devender Bindal,Co-Founder,co-founder,,,Gurugram,enterprise AI video generation,1,SRC02984,HIGH,NETWORK LAYER: previous_company only when FOUNDERS.prev_companies non-empty; same person across companies (global person) preserved; no auto-merge.
FDR0590,P0927,S0220,Ameya Sathe,Co-Founder & CEO,co-founder,,,Mumbai,EV battery technology,1,SRC02990,HIGH,NETWORK LAYER: previous_company only when FOUNDERS.prev_companies non-empty; same person across companies (global person) preserved; no auto-merge.
FDR0591,P0928,S0220,Darshil Dharod,Co-Founder,co-founder,,,Mumbai,EV battery technology,1,SRC02991,HIGH,NETWORK LAYER: previous_company only when FOUNDERS.prev_companies non-empty; same person across companies (global person) preserved; no auto-merge.
FDR0592,P0929,S0221,Gautam Kumar Singh,CEO & Co-Founder,co-founder,,,Bengaluru,"semiconductor design (RF chips, GaN)",1,SRC02997,HIGH,NETWORK LAYER: previous_company only when FOUNDERS.prev_companies non-empty; same person across companies (global person) preserved; no auto-merge.
FDR0593,P0930,S0221,Abhra Bagchi,Co-Founder,co-founder,,,Bengaluru,"semiconductor design (RF chips, GaN)",1,SRC02994,HIGH,NETWORK LAYER: previous_company only when FOUNDERS.prev_companies non-empty; same person across companies (global person) preserved; no auto-merge.
FDR0594,P0931,S0221,Shabaaz Syed,Co-Founder,co-founder,,,Bengaluru,"semiconductor design (RF chips, GaN)",1,SRC02994,HIGH,NETWORK LAYER: previous_company only when FOUNDERS.prev_companies non-empty; same person across companies (global person) preserved; no auto-merge.
FDR0595,P0932,S0221,Prasun Bhattacharyya,Co-Founder,co-founder,,,Bengaluru,"semiconductor design (RF chips, GaN)",1,SRC02994,HIGH,NETWORK LAYER: previous_company only when FOUNDERS.prev_companies non-empty; same person across companies (global person) preserved; no auto-merge.
FDR0596,P0933,S0222,Raghu Venkatesh,"Co-Founder, CBO",co-founder,,,Bengaluru,industrial robotics / autonomous mobile robots,1,SRC03004,HIGH,NETWORK LAYER: previous_company only when FOUNDERS.prev_companies non-empty; same person across companies (global person) preserved; no auto-merge.
FDR0597,P0934,S0222,Ebin Sunny,Co-Founder,co-founder,,,Bengaluru,industrial robotics / autonomous mobile robots,1,SRC03005,HIGH,NETWORK LAYER: previous_company only when FOUNDERS.prev_companies non-empty; same person across companies (global person) preserved; no auto-merge.
FDR0598,P0935,S0222,Ribin Mathew,Co-Founder,co-founder,,,Bengaluru,industrial robotics / autonomous mobile robots,1,SRC03006,HIGH,NETWORK LAYER: previous_company only when FOUNDERS.prev_companies non-empty; same person across companies (global person) preserved; no auto-merge.
FDR0599,P0936,S0222,Raj Mohan,Co-Founder,co-founder,,,Bengaluru,industrial robotics / autonomous mobile robots,1,SRC03003,HIGH,NETWORK LAYER: previous_company only when FOUNDERS.prev_companies non-empty; same person across companies (global person) preserved; no auto-merge.
FDR0600,P0937,S0223,Saurabh Maheshwari,Co-Founder,co-founder,,,Bengaluru,enterprise AI CRM,1,SRC03010,HIGH,NETWORK LAYER: previous_company only when FOUNDERS.prev_companies non-empty; same person across companies (global person) preserved; no auto-merge.
FDR0601,P0938,S0223,Subham Kumar Boundia,Co-Founder,co-founder,,,Bengaluru,enterprise AI CRM,1,SRC03010,HIGH,NETWORK LAYER: previous_company only when FOUNDERS.prev_companies non-empty; same person across companies (global person) preserved; no auto-merge.
FDR0602,P0939,S0223,Alok Maurya,Co-Founder,co-founder,,,Bengaluru,enterprise AI CRM,1,SRC03010,HIGH,NETWORK LAYER: previous_company only when FOUNDERS.prev_companies non-empty; same person across companies (global person) preserved; no auto-merge.
FDR0603,P0940,S0224,Sunil,co-founder,,,,Mumbai,AI data infrastructure,1,SRC03014,LOW,NETWORK LAYER: previous_company only when FOUNDERS.prev_companies non-empty; same person across companies (global person) preserved; no auto-merge.
FDR0604,P0941,S0224,Sabari,co-founder,,,,Mumbai,AI data infrastructure,1,SRC03014,LOW,NETWORK LAYER: previous_company only when FOUNDERS.prev_companies non-empty; same person across companies (global person) preserved; no auto-merge.
FDR0605,P0942,S0224,Dushyant,co-founder,,,,Mumbai,AI data infrastructure,1,SRC03014,LOW,NETWORK LAYER: previous_company only when FOUNDERS.prev_companies non-empty; same person across companies (global person) preserved; no auto-merge.
FDR0606,P0943,S0224,Anil,founder listed in source,,,,Mumbai,AI data infrastructure,1,SRC03014,LOW,NETWORK LAYER: previous_company only when FOUNDERS.prev_companies non-empty; same person across companies (global person) preserved; no auto-merge.
FDR0607,P0944,S0226,Utkarsh Gupta,co-founder,,,,Mumbai,D2C footwear,1,SRC01075,MEDIUM,NETWORK LAYER: previous_company only when FOUNDERS.prev_companies non-empty; same person across companies (global person) preserved; no auto-merge.
FDR0608,P0945,S0226,Dishant Daryani,co-founder,,,,Mumbai,D2C footwear,1,SRC01075,MEDIUM,NETWORK LAYER: previous_company only when FOUNDERS.prev_companies non-empty; same person across companies (global person) preserved; no auto-merge.
FDR0609,P0946,S0228,Suresh Kondamudi,co-founder,,,,Mumbai,SaaS/customer engagement,1,SRC03034,MEDIUM,NETWORK LAYER: previous_company only when FOUNDERS.prev_companies non-empty; same person across companies (global person) preserved; no auto-merge.
FDR0610,P0947,S0228,Anand Jain,co-founder,,,,Mumbai,SaaS/customer engagement,1,SRC03034,MEDIUM,NETWORK LAYER: previous_company only when FOUNDERS.prev_companies non-empty; same person across companies (global person) preserved; no auto-merge.
FDR0611,P0948,S0228,Sunil Thomas,co-founder,,,,Mumbai,SaaS/customer engagement,1,SRC03034,MEDIUM,NETWORK LAYER: previous_company only when FOUNDERS.prev_companies non-empty; same person across companies (global person) preserved; no auto-merge.
FDR0612,P0952,S0229,Pushkar Mukewar,CEO and Founder,founder,True,,Mumbai,fintech/trade finance,1,SRC03045,HIGH,NETWORK LAYER: previous_company only when FOUNDERS.prev_companies non-empty; same person across companies (global person) preserved; no auto-merge.
FDR0613,P0953,S0229,Neil Kothari,Co-Founder,co-founder,True,,Mumbai,fintech/trade finance,1,SRC03050,HIGH,NETWORK LAYER: previous_company only when FOUNDERS.prev_companies non-empty; same person across companies (global person) preserved; no auto-merge.
FDR0614,P0954,S0230,Ranvir Singh,"Founder, Chairman & CEO",founder,True,,Mumbai,fintech lending,1,SRC03054,HIGH,NETWORK LAYER: previous_company only when FOUNDERS.prev_companies non-empty; same person across companies (global person) preserved; no auto-merge.
FDR0615,P0955,S0230,Krishnan Vishwanathan,"Founder, CFO & Executive Director",co-founder,True,,Mumbai,fintech lending,1,SRC03054,HIGH,NETWORK LAYER: previous_company only when FOUNDERS.prev_companies non-empty; same person across companies (global person) preserved; no auto-merge.
FDR0616,P0956,S0231,Peyush Bansal,"Chairman, MD, CEO, Co-founder and Promoter",founder,True,,Gurugram,ecommerce/eyewear,1,SRC03066,HIGH,NETWORK LAYER: previous_company only when FOUNDERS.prev_companies non-empty; same person across companies (global person) preserved; no auto-merge.
FDR0617,P0957,S0231,Neha Bansal,"Executive Director, Global Head of Merchandising, Co-founder and Promoter",co-founder,True,,Gurugram,ecommerce/eyewear,1,SRC03067,HIGH,NETWORK LAYER: previous_company only when FOUNDERS.prev_companies non-empty; same person across companies (global person) preserved; no auto-merge.
FDR0618,P0958,S0231,Amit Chaudhary,"Executive Director, Global Head of Expansion, Co-founder and Promoter",co-founder,True,,Gurugram,ecommerce/eyewear,1,SRC03065,HIGH,NETWORK LAYER: previous_company only when FOUNDERS.prev_companies non-empty; same person across companies (global person) preserved; no auto-merge.
FDR0619,P0959,S0231,Sumeet Kapahi,"Global Head of Sourcing, Co-founder and Promoter",co-founder,True,,Gurugram,ecommerce/eyewear,1,SRC03065,HIGH,NETWORK LAYER: previous_company only when FOUNDERS.prev_companies non-empty; same person across companies (global person) preserved; no auto-merge.
FDR0620,P0960,S0232,Jayaprakash Sinha,Founder,founder,True,,Mumbai,fintech lending,1,SRC03072,HIGH,NETWORK LAYER: previous_company only when FOUNDERS.prev_companies non-empty; same person across companies (global person) preserved; no auto-merge.
FDR0621,P0961,S0232,Kamal Nayan,Team Member,co-founder,True,,Mumbai,fintech lending,1,SRC03072,MEDIUM,NETWORK LAYER: previous_company only when FOUNDERS.prev_companies non-empty; same person across companies (global person) preserved; no auto-merge.
FDR0622,P0962,S0232,Ritesh Sinha,Team Member,co-founder,True,,Mumbai,fintech lending,1,SRC03072,MEDIUM,NETWORK LAYER: previous_company only when FOUNDERS.prev_companies non-empty; same person across companies (global person) preserved; no auto-merge.
FDR0623,P0963,S0233,Chris George,Co-Founder & Group CEO,founder,True,,Mumbai,healthtech payments,1,SRC00388,HIGH,NETWORK LAYER: previous_company only when FOUNDERS.prev_companies non-empty; same person across companies (global person) preserved; no auto-merge.
FDR0624,P0964,S0233,Gagan Kapur,Chairman,co-founder,True,,Mumbai,healthtech payments,1,SRC03076,HIGH,NETWORK LAYER: previous_company only when FOUNDERS.prev_companies non-empty; same person across companies (global person) preserved; no auto-merge.
FDR0625,P0965,S0233,Pankaj Shukla,COO,co-founder,True,,Mumbai,healthtech payments,1,SRC03079,MEDIUM,NETWORK LAYER: previous_company only when FOUNDERS.prev_companies non-empty; same person across companies (global person) preserved; no auto-merge.
FDR0626,P0966,S0234,Prashant Warier,Co-founder and CEO,co-founder,True,,Mumbai,healthtech / AI diagnostics,1,SRC01494,MEDIUM,NETWORK LAYER: previous_company only when FOUNDERS.prev_companies non-empty; same person across companies (global person) preserved; no auto-merge.
FDR0627,P0967,S0234,Pooja Rao,Co-founder,co-founder,UNKNOWN,,Mumbai,healthtech / AI diagnostics,1,SRC01494,MEDIUM,NETWORK LAYER: previous_company only when FOUNDERS.prev_companies non-empty; same person across companies (global person) preserved; no auto-merge.
FDR0628,P0968,S0235,Devang Kumar,Founder & CEO,founder,True,,Pune,cleantech / circular economy / PET recycling,1,SRC03087,HIGH,NETWORK LAYER: previous_company only when FOUNDERS.prev_companies non-empty; same person across companies (global person) preserved; no auto-merge.
FDR0629,P0969,S0236,Jeet Chandan,Co-founder,co-founder,True,,Mumbai,gaming / PC-console game development,1,SRC03091,HIGH,NETWORK LAYER: previous_company only when FOUNDERS.prev_companies non-empty; same person across companies (global person) preserved; no auto-merge.
FDR0630,P0970,S0236,Vidhit Mehta,Co-founder,co-founder,True,,Mumbai,gaming / PC-console game development,1,SRC03091,HIGH,NETWORK LAYER: previous_company only when FOUNDERS.prev_companies non-empty; same person across companies (global person) preserved; no auto-merge.
FDR0631,P0971,S0237,Ankur Pandey,Co-founder,co-founder,UNKNOWN,,Gurugram,edtech / school SaaS / AI learning,1,SRC00088,MEDIUM,NETWORK LAYER: previous_company only when FOUNDERS.prev_companies non-empty; same person across companies (global person) preserved; no auto-merge.
FDR0632,P0972,S0237,Pallav Pandey,Co-founder,co-founder,UNKNOWN,,Gurugram,edtech / school SaaS / AI learning,1,SRC00088,MEDIUM,NETWORK LAYER: previous_company only when FOUNDERS.prev_companies non-empty; same person across companies (global person) preserved; no auto-merge.
FDR0633,P0973,S0238,Shardul Sheth,Co-founder,co-founder,True,,Pune,agritech / crop inputs,1,SRC03103,MEDIUM,NETWORK LAYER: previous_company only when FOUNDERS.prev_companies non-empty; same person across companies (global person) preserved; no auto-merge.
FDR0634,P0974,S0238,Sitanshu Sheth,Co-founder,co-founder,True,,Pune,agritech / crop inputs,1,SRC03103,MEDIUM,NETWORK LAYER: previous_company only when FOUNDERS.prev_companies non-empty; same person across companies (global person) preserved; no auto-merge.
FDR0635,P0980,S0239,Kshitij Chaudhary,Co-founder & CEO,co-founder,True,,Gurugram,travel AI,1,SRC03139,HIGH,NETWORK LAYER: previous_company only when FOUNDERS.prev_companies non-empty; same person across companies (global person) preserved; no auto-merge.
FDR0636,P0981,S0239,Anuj Punjani,Co-founder & CTO,co-founder,True,,Gurugram,travel AI,1,SRC03139,HIGH,NETWORK LAYER: previous_company only when FOUNDERS.prev_companies non-empty; same person across companies (global person) preserved; no auto-merge.
FDR0637,P0982,S0239,Jaikishan Dulani,Co-founder,co-founder,True,,Gurugram,travel AI,1,SRC02855,LOW,NETWORK LAYER: previous_company only when FOUNDERS.prev_companies non-empty; same person across companies (global person) preserved; no auto-merge.
FDR0638,P0983,S0239,Sumit Mishra,Co-founder,co-founder,True,,Gurugram,travel AI,1,SRC02855,LOW,NETWORK LAYER: previous_company only when FOUNDERS.prev_companies non-empty; same person across companies (global person) preserved; no auto-merge.
FDR0639,P0984,S0240,Brotish Das,Co-founder & CEO,co-founder,True,,Thane,fintech / embedded lending,1,SRC03143,HIGH,NETWORK LAYER: previous_company only when FOUNDERS.prev_companies non-empty; same person across companies (global person) preserved; no auto-merge.
FDR0640,P0985,S0240,Som Kamal Chatterjee,Co-founder & COO,co-founder,True,,Thane,fintech / embedded lending,1,SRC03146,HIGH,NETWORK LAYER: previous_company only when FOUNDERS.prev_companies non-empty; same person across companies (global person) preserved; no auto-merge.
FDR0641,P0986,S0240,Bodhisattwa Gupta,Co-founder & CBO,co-founder,True,,Thane,fintech / embedded lending,1,SRC03143,HIGH,NETWORK LAYER: previous_company only when FOUNDERS.prev_companies non-empty; same person across companies (global person) preserved; no auto-merge.
FDR0642,P0987,S0241,Chattanathan Devarajan,Founder,founder,True,,Noida,agritech / post-harvest,1,SRC03152,LOW,NETWORK LAYER: previous_company only when FOUNDERS.prev_companies non-empty; same person across companies (global person) preserved; no auto-merge.
FDR0643,P0993,S0242,Vaibhav Jain,Founder & CEO,founder,True,,Ahmedabad,enterprise tech / events,1,SRC03171,HIGH,NETWORK LAYER: previous_company only when FOUNDERS.prev_companies non-empty; same person across companies (global person) preserved; no auto-merge.
FDR0644,P0994,S0242,Mayank Agarwal,Co-founder,co-founder,True,,Ahmedabad,enterprise tech / events,1,SRC03172,MEDIUM,NETWORK LAYER: previous_company only when FOUNDERS.prev_companies non-empty; same person across companies (global person) preserved; no auto-merge.
FDR0645,P0995,S0243,Anuj Rathi,Co-founder,co-founder,True,,Bengaluru,AI,1,SRC03177,HIGH,NETWORK LAYER: previous_company only when FOUNDERS.prev_companies non-empty; same person across companies (global person) preserved; no auto-merge.
FDR0646,P0996,S0243,Prashant Parashar,Co-founder,co-founder,True,,Bengaluru,AI,1,SRC03177,HIGH,NETWORK LAYER: previous_company only when FOUNDERS.prev_companies non-empty; same person across companies (global person) preserved; no auto-merge.
FDR0647,P0997,S0246,Himanshu Goyal,Co-Founder,,True,,Bengaluru,ai (BFSI enterprise),1,SRC03188,HIGH,NETWORK LAYER: previous_company only when FOUNDERS.prev_companies non-empty; same person across companies (global person) preserved; no auto-merge.
FDR0648,P0998,S0246,Gaurav Mandlecha,Co-Founder,,True,,Bengaluru,ai (BFSI enterprise),1,SRC03188,HIGH,NETWORK LAYER: previous_company only when FOUNDERS.prev_companies non-empty; same person across companies (global person) preserved; no auto-merge.
FDR0649,P0999,S0248,Priyanka Singhal,Founder & CEO,,True,,Bengaluru,defence tech,1,SRC03200,HIGH,NETWORK LAYER: previous_company only when FOUNDERS.prev_companies non-empty; same person across companies (global person) preserved; no auto-merge.
FDR0650,P1008,S0252,Ranjani Narayan,co-founder,,,,Bengaluru,semiconductor cgra,1,,,NETWORK LAYER: previous_company only when FOUNDERS.prev_companies non-empty; same person across companies (global person) preserved; no auto-merge.
FDR0651,P1009,S0255,Vinay Bagri,,,,,Bengaluru,fintech / travel-fintech,1,,,NETWORK LAYER: previous_company only when FOUNDERS.prev_companies non-empty; same person across companies (global person) preserved; no auto-merge.
FDR0652,P1010,S0255,Virender Bisht,,,,,Bengaluru,fintech / travel-fintech,1,,,NETWORK LAYER: previous_company only when FOUNDERS.prev_companies non-empty; same person across companies (global person) preserved; no auto-merge.
FDR0653,P1016,S0256,Prateep Basu,,,,,Bengaluru,spacetech analytics,1,,,NETWORK LAYER: previous_company only when FOUNDERS.prev_companies non-empty; same person across companies (global person) preserved; no auto-merge.
FDR0654,P1020,S0257,Nitya Sharma,Co-founder & CEO,,,,Bengaluru,fintech bnpl,1,,,NETWORK LAYER: previous_company only when FOUNDERS.prev_companies non-empty; same person across companies (global person) preserved; no auto-merge.
FDR0655,P1021,S0258,Virendra Gupta,,,,,Bengaluru,media (Josh/Dailyhunt),1,,,NETWORK LAYER: previous_company only when FOUNDERS.prev_companies non-empty; same person across companies (global person) preserved; no auto-merge.
FDR0656,P1022,S0258,Umang Bedi,Co-founder,,True,,Bengaluru,media (Josh/Dailyhunt),1,,HIGH,NETWORK LAYER: previous_company only when FOUNDERS.prev_companies non-empty; same person across companies (global person) preserved; no auto-merge.
FDR0657,P1023,S0258,Shailendra Sharma,Co-founder (ex),,False,,Bengaluru,media (Josh/Dailyhunt),1,,MEDIUM,NETWORK LAYER: previous_company only when FOUNDERS.prev_companies non-empty; same person across companies (global person) preserved; no auto-merge.
FDR0658,P1036,S0259,Sagar Daryani,Co-founder & CEO,,,,Kolkata,foodtech/qsr,1,,,NETWORK LAYER: previous_company only when FOUNDERS.prev_companies non-empty; same person across companies (global person) preserved; no auto-merge.
FDR0659,P1037,S0259,Binod Homagai,Co-founder,,,,Kolkata,foodtech/qsr,1,,,NETWORK LAYER: previous_company only when FOUNDERS.prev_companies non-empty; same person across companies (global person) preserved; no auto-merge.
FDR0660,P1038,S0260,Jobin Joseph,,,,,Bengaluru,gaming,1,,,NETWORK LAYER: previous_company only when FOUNDERS.prev_companies non-empty; same person across companies (global person) preserved; no auto-merge.
FDR0661,P1039,S0260,Kaustubh K. Jadhav,,,,,Bengaluru,gaming,1,,,NETWORK LAYER: previous_company only when FOUNDERS.prev_companies non-empty; same person across companies (global person) preserved; no auto-merge.
FDR0662,P1040,S0261,Nitin Verma,Founder & CEO,,,,Gurugram,spiritual tech,1,,,NETWORK LAYER: previous_company only when FOUNDERS.prev_companies non-empty; same person across companies (global person) preserved; no auto-merge.
FDR0663,P1041,S0262,Rohit Ramesh,,,,,Bengaluru,homeservices,1,,,NETWORK LAYER: previous_company only when FOUNDERS.prev_companies non-empty; same person across companies (global person) preserved; no auto-merge.
FDR0664,P1042,S0262,Ankit Choudhary,,,,,Bengaluru,homeservices,1,,,NETWORK LAYER: previous_company only when FOUNDERS.prev_companies non-empty; same person across companies (global person) preserved; no auto-merge.
FDR0665,P1043,S0263,Dhananjai Hari,,,,,Bengaluru,gaming,1,,,NETWORK LAYER: previous_company only when FOUNDERS.prev_companies non-empty; same person across companies (global person) preserved; no auto-merge.
FDR0666,P1044,S0263,Neeraj Mishra,,,,,Bengaluru,gaming,1,,,NETWORK LAYER: previous_company only when FOUNDERS.prev_companies non-empty; same person across companies (global person) preserved; no auto-merge.
FDR0667,P1045,S0264,B L Mittal,Founder and Executive Chairman,founder,True,,Kolkata,healthtech/e-pharmacy,1,SRC03322,HIGH,NETWORK LAYER: previous_company only when FOUNDERS.prev_companies non-empty; same person across companies (global person) preserved; no auto-merge.
FDR0668,P1046,S0265,Puneet Gupta,Co-founder,founder,True,,Delhi NCR,consumer services/astrology | spiritual tech,1,SRC03327,HIGH,NETWORK LAYER: previous_company only when FOUNDERS.prev_companies non-empty; same person across companies (global person) preserved; no auto-merge.
FDR0669,P1047,S0265,Anmol Jain,Co-founder,founder,True,,Delhi NCR,consumer services/astrology | spiritual tech,1,SRC03327,HIGH,NETWORK LAYER: previous_company only when FOUNDERS.prev_companies non-empty; same person across companies (global person) preserved; no auto-merge.
FDR0670,P1048,S0266,Amit Jain,Co-founder,founder,True,,Jaipur,auto marketplace,1,SRC03329,HIGH,NETWORK LAYER: previous_company only when FOUNDERS.prev_companies non-empty; same person across companies (global person) preserved; no auto-merge.
FDR0671,P1049,S0266,Anurag Jain,Co-founder,founder,True,,Jaipur,auto marketplace,1,SRC03329,HIGH,NETWORK LAYER: previous_company only when FOUNDERS.prev_companies non-empty; same person across companies (global person) preserved; no auto-merge.
FDR0672,P1050,S0267,Mridul Babbar,Co-founder,founder,True,,Mumbai,defence marine autonomy,1,SRC03333,HIGH,NETWORK LAYER: previous_company only when FOUNDERS.prev_companies non-empty; same person across companies (global person) preserved; no auto-merge.
FDR0673,P1051,S0267,Nikunj Parashar,Co-founder,founder,True,,Mumbai,defence marine autonomy,1,SRC03333,HIGH,NETWORK LAYER: previous_company only when FOUNDERS.prev_companies non-empty; same person across companies (global person) preserved; no auto-merge.
FDR0674,P1052,S0268,Aavrit Singhal,Chief Product Officer,co-founder,True,,Ahmedabad,insurtech reinsurance,1,SRC03337,HIGH,NETWORK LAYER: previous_company only when FOUNDERS.prev_companies non-empty; same person across companies (global person) preserved; no auto-merge.
FDR0675,P1053,S0268,Siddesh Ramasubramanian,CEO,co-founder,True,,Ahmedabad,insurtech reinsurance,1,SRC03337,HIGH,NETWORK LAYER: previous_company only when FOUNDERS.prev_companies non-empty; same person across companies (global person) preserved; no auto-merge.
FDR0676,P1054,S0268,Malay Kumar Poddar,Managing Director,co-founder,True,,Ahmedabad,insurtech reinsurance,1,SRC03337,HIGH,NETWORK LAYER: previous_company only when FOUNDERS.prev_companies non-empty; same person across companies (global person) preserved; no auto-merge.
FDR0677,P1055,S0269,Dr. Tinku Acharya,Founder,founder,True,,Kolkata,ai/video analytics,1,SRC03340,HIGH,NETWORK LAYER: previous_company only when FOUNDERS.prev_companies non-empty; same person across companies (global person) preserved; no auto-merge.
FDR0678,P1056,S0270,Manav Bansal,Co-founder,founder,True,,Gurgaon,ev/fintech,1,SRC03343,HIGH,NETWORK LAYER: previous_company only when FOUNDERS.prev_companies non-empty; same person across companies (global person) preserved; no auto-merge.
FDR0679,P1057,S0270,Alpna Jain,Co-founder,founder,True,,Gurgaon,ev/fintech,1,SRC03343,HIGH,NETWORK LAYER: previous_company only when FOUNDERS.prev_companies non-empty; same person across companies (global person) preserved; no auto-merge.
FDR0680,P1058,S0271,Dhirendra Nalin Mahyavanshi,Co-founder and Promoter,founder,True,,Mumbai,insurtech,1,SRC03346,HIGH,NETWORK LAYER: previous_company only when FOUNDERS.prev_companies non-empty; same person across companies (global person) preserved; no auto-merge.
FDR0681,P1059,S0271,Vinayak Pathak,Co-founder,founder,True,,Mumbai,insurtech,1,SRC03345,HIGH,NETWORK LAYER: previous_company only when FOUNDERS.prev_companies non-empty; same person across companies (global person) preserved; no auto-merge.
FDR0682,P1060,S0272,Satprem Mohanty,Co-founder,founder,True,,Mumbai,insurtech policy loans,1,SRC03348,HIGH,NETWORK LAYER: previous_company only when FOUNDERS.prev_companies non-empty; same person across companies (global person) preserved; no auto-merge.
FDR0683,P1061,S0272,Mithil Sejpal,Co-founder,founder,True,,Mumbai,insurtech policy loans,1,SRC03350,HIGH,NETWORK LAYER: previous_company only when FOUNDERS.prev_companies non-empty; same person across companies (global person) preserved; no auto-merge.
FDR0684,P1062,S0273,Avnish Chhabria,Founder and CEO,founder,True,,Mumbai,d2c wellness,1,SRC03353,HIGH,NETWORK LAYER: previous_company only when FOUNDERS.prev_companies non-empty; same person across companies (global person) preserved; no auto-merge.
FDR0685,P1063,S0273,Saurabh Kapoor,Co-founder,co-founder,True,,Mumbai,d2c wellness,1,SRC03354,HIGH,NETWORK LAYER: previous_company only when FOUNDERS.prev_companies non-empty; same person across companies (global person) preserved; no auto-merge.
FDR0686,P1064,S0274,Shrey Agarwal,CEO & Co-Founder,,,,Kolkata,climate / carbon dioxide removal (enhanced rock weathering),1,SRC03359,,NETWORK LAYER: previous_company only when FOUNDERS.prev_companies non-empty; same person across companies (global person) preserved; no auto-merge.
FDR0687,P1065,S0274,Sparsh Agarwal,Co-Founder,,,,Kolkata,climate / carbon dioxide removal (enhanced rock weathering),1,SRC03359,,NETWORK LAYER: previous_company only when FOUNDERS.prev_companies non-empty; same person across companies (global person) preserved; no auto-merge.
FDR0688,P1066,S0275,Sanjeev Kumar,Founder & CEO,,,,Noida,robotics / service robots (AMR),1,SRC03362,,NETWORK LAYER: previous_company only when FOUNDERS.prev_companies non-empty; same person across companies (global person) preserved; no auto-merge.
FDR0689,P1067,S0276,Vijay Jain,Co-Founder,,,,Hyderabad,cloud / IT services (AI),1,SRC03365,,NETWORK LAYER: previous_company only when FOUNDERS.prev_companies non-empty; same person across companies (global person) preserved; no auto-merge.
FDR0690,P1068,S0276,Vivek Jain,Co-Founder,,,,Hyderabad,cloud / IT services (AI),1,SRC03365,,NETWORK LAYER: previous_company only when FOUNDERS.prev_companies non-empty; same person across companies (global person) preserved; no auto-merge.
FDR0691,P1069,S0277,Anupam Gupta,Co-Founder (President),,,,Jaipur,enterprise data & AI solutions / services,1,SRC03368,,NETWORK LAYER: previous_company only when FOUNDERS.prev_companies non-empty; same person across companies (global person) preserved; no auto-merge.
FDR0692,P1070,S0277,Anirudh Kala,Co-Founder,,,,Jaipur,enterprise data & AI solutions / services,1,SRC03369,,NETWORK LAYER: previous_company only when FOUNDERS.prev_companies non-empty; same person across companies (global person) preserved; no auto-merge.
FDR0693,P1071,S0278,Arvind Kondangi Lakshmikumar,Founder / CEO,,True,,Bengaluru,defence imaging / electro-optics,1,SRC03387,HIGH,NETWORK LAYER: previous_company only when FOUNDERS.prev_companies non-empty; same person across companies (global person) preserved; no auto-merge.
FDR0694,P1072,S0278,Ankit Kumar,Co-Founder / CRO & CBO,,True,,Bengaluru,defence imaging / electro-optics,1,SRC03387,HIGH,NETWORK LAYER: previous_company only when FOUNDERS.prev_companies non-empty; same person across companies (global person) preserved; no auto-merge.
FDR0695,P1073,S0278,Cecilia D'Souza,Co-Founder / CRO,,True,,Bengaluru,defence imaging / electro-optics,1,SRC03387,HIGH,NETWORK LAYER: previous_company only when FOUNDERS.prev_companies non-empty; same person across companies (global person) preserved; no auto-merge.
FDR0696,P1074,S0278,Sudeep George,Co-Founder,,False,,Bengaluru,defence imaging / electro-optics,1,SRC03381,MEDIUM,NETWORK LAYER: previous_company only when FOUNDERS.prev_companies non-empty; same person across companies (global person) preserved; no auto-merge.
FDR0697,P0205,S0279,Mansi Jain,Co-Founder,,,,Gurugram,watertech / AI water-infrastructure management,1,SRC03403,,NETWORK LAYER: previous_company only when FOUNDERS.prev_companies non-empty; same person across companies (global person) preserved; no auto-merge.
FDR0698,P1080,S0279,Rajesh Jain,Co-Founder,,,,Gurugram,watertech / AI water-infrastructure management,1,SRC03403,,NETWORK LAYER: previous_company only when FOUNDERS.prev_companies non-empty; same person across companies (global person) preserved; no auto-merge.
FDR0699,P1082,S0281,Divanshu Kumar,CEO & Co-Founder,,,,Chennai,robotics / water-sanitation infra (pipeline + septic-tank robots),1,SRC03410,,NETWORK LAYER: previous_company only when FOUNDERS.prev_companies non-empty; same person across companies (global person) preserved; no auto-merge.
FDR0700,P1083,S0281,Moinak Banerjee,CTO & Co-Founder,,,,Chennai,robotics / water-sanitation infra (pipeline + septic-tank robots),1,SRC03410,,NETWORK LAYER: previous_company only when FOUNDERS.prev_companies non-empty; same person across companies (global person) preserved; no auto-merge.
FDR0701,P1084,S0283,Meghna Agarwal,Co-Founder,,,,Bengaluru,proptech / flex workspace (managed offices),1,SRC03432,,NETWORK LAYER: previous_company only when FOUNDERS.prev_companies non-empty; same person across companies (global person) preserved; no auto-merge.
FDR0702,P1091,S0284,Neetish Sarda,Founder & Managing Director,founder,True,,Gurugram,proptech coworking,1,SRC03440,HIGH,NETWORK LAYER: previous_company only when FOUNDERS.prev_companies non-empty; same person across companies (global person) preserved; no auto-merge.
FDR0703,P1092,S0284,Harsh Binani,Co-founder,co-founder,True,,Gurugram,proptech coworking,1,SRC03440,HIGH,NETWORK LAYER: previous_company only when FOUNDERS.prev_companies non-empty; same person across companies (global person) preserved; no auto-merge.
FDR0704,P1093,S0285,Aditya Shah,Founder & Managing Director,founder,True,,Ahmedabad,govtech saas,1,SRC03446,HIGH,NETWORK LAYER: previous_company only when FOUNDERS.prev_companies non-empty; same person across companies (global person) preserved; no auto-merge.
FDR0705,P1094,S0285,Tapan Gosaliya,Co-founder & Director,co-founder,True,,Ahmedabad,govtech saas,1,SRC03446,HIGH,NETWORK LAYER: previous_company only when FOUNDERS.prev_companies non-empty; same person across companies (global person) preserved; no auto-merge.
FDR0706,P1097,S0286,Deep Kalra,Founder & Chairman,founder,True,,Gurugram,travel-tech,1,SRC03450,HIGH,NETWORK LAYER: previous_company only when FOUNDERS.prev_companies non-empty; same person across companies (global person) preserved; no auto-merge.
FDR0707,P1098,S0286,Rajesh Magow,Co-founder & Group CEO,co-founder,True,,Gurugram,travel-tech,1,SRC03451,HIGH,NETWORK LAYER: previous_company only when FOUNDERS.prev_companies non-empty; same person across companies (global person) preserved; no auto-merge.
FDR0708,P1099,S0286,Sachin Bhatia,Co-founder,co-founder,False,,Gurugram,travel-tech,1,SRC03452,MEDIUM,NETWORK LAYER: previous_company only when FOUNDERS.prev_companies non-empty; same person across companies (global person) preserved; no auto-merge.
FDR0709,P1100,S0286,Keyur Joshi,Co-founder,co-founder,False,,Gurugram,travel-tech,1,SRC03452,MEDIUM,NETWORK LAYER: previous_company only when FOUNDERS.prev_companies non-empty; same person across companies (global person) preserved; no auto-merge.
FDR0710,P1101,S0287,Niraj Singh,Founder & CEO,founder,True,,Gurugram,auto/used cars,1,SRC03454,HIGH,NETWORK LAYER: previous_company only when FOUNDERS.prev_companies non-empty; same person across companies (global person) preserved; no auto-merge.
FDR0711,P1102,S0287,Mohit Gupta,Co-founder,co-founder,True,,Gurugram,auto/used cars,1,SRC03454,HIGH,NETWORK LAYER: previous_company only when FOUNDERS.prev_companies non-empty; same person across companies (global person) preserved; no auto-merge.
FDR0712,P1103,S0287,Ramanshu Mahaur,Co-founder,co-founder,False,,Gurugram,auto/used cars,1,SRC03458,HIGH,NETWORK LAYER: previous_company only when FOUNDERS.prev_companies non-empty; same person across companies (global person) preserved; no auto-merge.
FDR0713,P1104,S0287,Ganesh Pawar,Co-founder,co-founder,False,,Gurugram,auto/used cars,1,SRC03454,HIGH,NETWORK LAYER: previous_company only when FOUNDERS.prev_companies non-empty; same person across companies (global person) preserved; no auto-merge.
FDR0714,P1105,S0288,Mukesh Deogune,CEO & Co-founder,founder,True,,Gurugram,logistics saas,1,SRC03464,HIGH,NETWORK LAYER: previous_company only when FOUNDERS.prev_companies non-empty; same person across companies (global person) preserved; no auto-merge.
FDR0715,P1106,S0288,Gagan Chaturvedi,Co-founder,co-founder,True,,Gurugram,logistics saas,1,SRC03465,HIGH,NETWORK LAYER: previous_company only when FOUNDERS.prev_companies non-empty; same person across companies (global person) preserved; no auto-merge.
FDR0716,P1107,S0288,Vaibhav Kumar,Co-founder,co-founder,True,,Gurugram,logistics saas,1,SRC03461,HIGH,NETWORK LAYER: previous_company only when FOUNDERS.prev_companies non-empty; same person across companies (global person) preserved; no auto-merge.
FDR0717,P1108,S0289,Mishu Ahluwalia,Co-founder,founder,True,,Gurugram,ev mobility premium,1,SRC03469,HIGH,NETWORK LAYER: previous_company only when FOUNDERS.prev_companies non-empty; same person across companies (global person) preserved; no auto-merge.
FDR0718,P1109,S0289,Rishi Raj Kochhar,Co-founder,co-founder,True,,Gurugram,ev mobility premium,1,SRC03469,HIGH,NETWORK LAYER: previous_company only when FOUNDERS.prev_companies non-empty; same person across companies (global person) preserved; no auto-merge.
FDR0719,P1110,S0289,Sahil Jindal,Co-founder,co-founder,True,,Gurugram,ev mobility premium,1,SRC03470,HIGH,NETWORK LAYER: previous_company only when FOUNDERS.prev_companies non-empty; same person across companies (global person) preserved; no auto-merge.
FDR0720,P1111,S0290,Umesh Kumar,Co-founder & CEO,founder,True,,Bengaluru,ai agents,1,SRC03474,HIGH,NETWORK LAYER: previous_company only when FOUNDERS.prev_companies non-empty; same person across companies (global person) preserved; no auto-merge.
FDR0721,P1112,S0290,Saksham Sarda,Co-founder,co-founder,True,,Bengaluru,ai agents,1,SRC03475,HIGH,NETWORK LAYER: previous_company only when FOUNDERS.prev_companies non-empty; same person across companies (global person) preserved; no auto-merge.
FDR0722,P1114,S0291,Anshuman Ruia,Founder,founder,True,,Mumbai,environment/logistics tech,1,SRC03487,HIGH,NETWORK LAYER: previous_company only when FOUNDERS.prev_companies non-empty; same person across companies (global person) preserved; no auto-merge.
FDR0723,P1115,S0292,Ashok Hariharan,CEO & Co-founder,founder,True,,Mumbai,regtech/id verification,1,SRC03493,HIGH,NETWORK LAYER: previous_company only when FOUNDERS.prev_companies non-empty; same person across companies (global person) preserved; no auto-merge.
FDR0724,P1116,S0292,Vineet Jawa,Co-founder,co-founder,True,,Mumbai,regtech/id verification,1,SRC03493,HIGH,NETWORK LAYER: previous_company only when FOUNDERS.prev_companies non-empty; same person across companies (global person) preserved; no auto-merge.
FDR0725,P1117,S0292,Hatim Baheranwala,Co-founder,co-founder,True,,Mumbai,regtech/id verification,1,SRC03497,HIGH,NETWORK LAYER: previous_company only when FOUNDERS.prev_companies non-empty; same person across companies (global person) preserved; no auto-merge.
FDR0726,P1118,S0293,Amit Kumar,Co-founder & CEO,founder,True,,Bengaluru,d2c/jewellery,1,SRC03503,HIGH,NETWORK LAYER: previous_company only when FOUNDERS.prev_companies non-empty; same person across companies (global person) preserved; no auto-merge.
FDR0727,P1119,S0293,Suyash Motarwar,Co-founder & CTPO,co-founder,True,,Bengaluru,d2c/jewellery,1,SRC03504,HIGH,NETWORK LAYER: previous_company only when FOUNDERS.prev_companies non-empty; same person across companies (global person) preserved; no auto-merge.
FDR0728,P1120,S0296,Aditi Murarka Agrawal,co-founder,,,,Kolkata,ecommerce / home decor D2C,1,SRC03514,MEDIUM,NETWORK LAYER: previous_company only when FOUNDERS.prev_companies non-empty; same person across companies (global person) preserved; no auto-merge.
FDR0729,P1121,S0296,Anurag Agrawal,co-founder,,,,Kolkata,ecommerce / home decor D2C,1,SRC03514,MEDIUM,NETWORK LAYER: previous_company only when FOUNDERS.prev_companies non-empty; same person across companies (global person) preserved; no auto-merge.
FDR0730,P1123,S0301,Prukalpa Sankar,co-founder & CEO,,,,New Delhi,SaaS / data collaboration & governance,1,SRC03543,MEDIUM,NETWORK LAYER: previous_company only when FOUNDERS.prev_companies non-empty; same person across companies (global person) preserved; no auto-merge.
FDR0731,P1124,S0304,Kartik Kini,Chief Strategy and Execution Officer,executive,True,,Gurugram,wealthtech,1,SRC03553,MEDIUM,NETWORK LAYER: previous_company only when FOUNDERS.prev_companies non-empty; same person across companies (global person) preserved; no auto-merge.
FDR0732,P1125,S0305,Raghav Parvataraju,CEO,,,,Pleasanton,AI / healthtech (pharmacovigilance),1,SRC03557,HIGH,NETWORK LAYER: previous_company only when FOUNDERS.prev_companies non-empty; same person across companies (global person) preserved; no auto-merge.
FDR0733,P1126,S0305,Raghavendra Parvataraju,CEO,,True,,Pleasanton,AI / healthtech (pharmacovigilance),1,SRC03557,HIGH,NETWORK LAYER: previous_company only when FOUNDERS.prev_companies non-empty; same person across companies (global person) preserved; no auto-merge.
FDR0734,P1127,S0305,Vijay Ponukumati,CTO,,True,,Pleasanton,AI / healthtech (pharmacovigilance),1,SRC03557,HIGH,NETWORK LAYER: previous_company only when FOUNDERS.prev_companies non-empty; same person across companies (global person) preserved; no auto-merge.
FDR0735,P1128,S0305,Mohan Konyala,CPO,,True,,Pleasanton,AI / healthtech (pharmacovigilance),1,SRC03557,HIGH,NETWORK LAYER: previous_company only when FOUNDERS.prev_companies non-empty; same person across companies (global person) preserved; no auto-merge.
FDR0736,P1129,S0305,Ashutosh Bordekar,CFO,,True,,Pleasanton,AI / healthtech (pharmacovigilance),1,SRC03557,HIGH,NETWORK LAYER: previous_company only when FOUNDERS.prev_companies non-empty; same person across companies (global person) preserved; no auto-merge.
FDR0737,P1131,S0306,Saurabh Agarwal,Founder & CEO,,,,Surat,agritech (crop protection / protected cultivation),1,SRC03564,HIGH,NETWORK LAYER: previous_company only when FOUNDERS.prev_companies non-empty; same person across companies (global person) preserved; no auto-merge.
FDR0738,P1132,S0306,Akshay Agarwal,Co-founder,,,,Surat,agritech (crop protection / protected cultivation),1,SRC03565,HIGH,NETWORK LAYER: previous_company only when FOUNDERS.prev_companies non-empty; same person across companies (global person) preserved; no auto-merge.
FDR0739,P1133,S0307,Shashwath T.R.,Co-founder and CEO,,True,,Chennai,semiconductors,1,SRC03569,HIGH,NETWORK LAYER: previous_company only when FOUNDERS.prev_companies non-empty; same person across companies (global person) preserved; no auto-merge.
FDR0740,P1134,S0307,Sharan Srinivas J.,Co-founder and CTO,,True,,Chennai,semiconductors,1,SRC03569,HIGH,NETWORK LAYER: previous_company only when FOUNDERS.prev_companies non-empty; same person across companies (global person) preserved; no auto-merge.
FDR0741,P1135,S0309,Navneet Singh,Founder & CEO,,,,Bengaluru,spacetech,1,SRC03583,MEDIUM,NETWORK LAYER: previous_company only when FOUNDERS.prev_companies non-empty; same person across companies (global person) preserved; no auto-merge.
FDR0742,P1136,S0309,Kiran V. Sharma,Chief Strategy Officer,,,,Bengaluru,spacetech,1,SRC02584,MEDIUM,NETWORK LAYER: previous_company only when FOUNDERS.prev_companies non-empty; same person across companies (global person) preserved; no auto-merge.
FDR0743,P1137,S0310,Vikram Chopra,CEO,founder,True,,Gurugram,auto marketplace | used cars,1,SRC03592,HIGH,NETWORK LAYER: previous_company only when FOUNDERS.prev_companies non-empty; same person across companies (global person) preserved; no auto-merge.
FDR0744,P1138,S0310,Mehul Agarwal,Co-founder,co-founder,False,,Gurugram,auto marketplace | used cars,1,SRC03610,HIGH,NETWORK LAYER: previous_company only when FOUNDERS.prev_companies non-empty; same person across companies (global person) preserved; no auto-merge.
FDR0745,P1144,S0312,Kushagra Srivastava,Founder & CEO,,,,Delhi NCR,cleantech (emission control),1,SRC03629,MEDIUM,NETWORK LAYER: previous_company only when FOUNDERS.prev_companies non-empty; same person across companies (global person) preserved; no auto-merge.
FDR0746,P1145,S0313,Sanjay Srikanth Nekkanti,Co-founder & CEO,,,,Hyderabad,spacetech infra,1,SRC03630,HIGH,NETWORK LAYER: previous_company only when FOUNDERS.prev_companies non-empty; same person across companies (global person) preserved; no auto-merge.
FDR0747,P1146,S0313,Krishna Teja Penamakuru,Co-founder,,,,Hyderabad,spacetech infra,1,SRC03631,MEDIUM,NETWORK LAYER: previous_company only when FOUNDERS.prev_companies non-empty; same person across companies (global person) preserved; no auto-merge.
FDR0748,P1147,S0314,Ajay Upadhyaya,Co-founder,co-founder,,,Delhi NCR,fuel-tech,1,SRC03634,MEDIUM,NETWORK LAYER: previous_company only when FOUNDERS.prev_companies non-empty; same person across companies (global person) preserved; no auto-merge.
FDR0749,P1148,S0316,Kunal Popat,Co-founder,co-founder,,,Ahmedabad,d2c baby products,1,SRC03645,HIGH,NETWORK LAYER: previous_company only when FOUNDERS.prev_companies non-empty; same person across companies (global person) preserved; no auto-merge.
FDR0750,P1149,S0316,Kunal Chimanlal Popat,Founder & CEO,founder,True,,Ahmedabad,d2c baby products,1,SRC03650,HIGH,NETWORK LAYER: previous_company only when FOUNDERS.prev_companies non-empty; same person across companies (global person) preserved; no auto-merge.
FDR0751,P1150,S0316,Kinjal Kunal Popat,Co-founder & COO,co-founder,True,,Ahmedabad,d2c baby products,1,SRC03651,HIGH,NETWORK LAYER: previous_company only when FOUNDERS.prev_companies non-empty; same person across companies (global person) preserved; no auto-merge.
FDR0752,P1151,S0316,Rajnikant Kishorkumar Shah,Director,director,True,,Ahmedabad,d2c baby products,1,SRC03647,MEDIUM,NETWORK LAYER: previous_company only when FOUNDERS.prev_companies non-empty; same person across companies (global person) preserved; no auto-merge.
FDR0753,P1152,S0316,Sumit Sinha,Nominee Director,director,True,,Ahmedabad,d2c baby products,1,SRC03647,HIGH,NETWORK LAYER: previous_company only when FOUNDERS.prev_companies non-empty; same person across companies (global person) preserved; no auto-merge.
FDR0754,P1153,S0320,Radhika Patil,Co-founder,co-founder,,,Bengaluru,d2c / baby tech,1,SRC03673,MEDIUM,NETWORK LAYER: previous_company only when FOUNDERS.prev_companies non-empty; same person across companies (global person) preserved; no auto-merge.
FDR0755,P1154,S0320,Bharath Patil,Co-founder and CTO,,True,,Bengaluru,d2c / baby tech,1,SRC03685,HIGH,NETWORK LAYER: previous_company only when FOUNDERS.prev_companies non-empty; same person across companies (global person) preserved; no auto-merge.
FDR0756,P1156,S0322,Ankit Agrawal,Founder & CEO,,True,,Gurugram,insurtech,1,SRC03709,HIGH,NETWORK LAYER: previous_company only when FOUNDERS.prev_companies non-empty; same person across companies (global person) preserved; no auto-merge.
FDR0757,P1157,S0322,Ish Babbar,Co-Founder & CTO,,True,,Gurugram,insurtech,1,SRC03703,HIGH,NETWORK LAYER: previous_company only when FOUNDERS.prev_companies non-empty; same person across companies (global person) preserved; no auto-merge.
FDR0758,P0085,S0325,Gaurav Kumar,Founder and CEO,founder,True,,Chennai,fintech/debt marketplace,1,SRC03729,HIGH,NETWORK LAYER: previous_company only when FOUNDERS.prev_companies non-empty; same person across companies (global person) preserved; no auto-merge.
FDR0759,P1164,S0326,Prashant Jalan,Founder,founder,True,,Bengaluru,AI,1,SRC03733,HIGH,NETWORK LAYER: previous_company only when FOUNDERS.prev_companies non-empty; same person across companies (global person) preserved; no auto-merge.
FDR0760,P0564,S0328,Unknown,Founder(s),founder,True,,Hyderabad,logistics last-mile,1,SRC03739,MEDIUM,NETWORK LAYER: previous_company only when FOUNDERS.prev_companies non-empty; same person across companies (global person) preserved; no auto-merge.
FDR0761,P0564,S0330,Unknown,Founder(s),founder,True,,Kolkata,fintech/lending,1,SRC03744,MEDIUM,NETWORK LAYER: previous_company only when FOUNDERS.prev_companies non-empty; same person across companies (global person) preserved; no auto-merge.
FDR0762,P0564,S0331,Unknown,Founder(s),founder,True,,Kolkata,fintech/market analytics,1,SRC03746,MEDIUM,NETWORK LAYER: previous_company only when FOUNDERS.prev_companies non-empty; same person across companies (global person) preserved; no auto-merge.
FDR0763,P0564,S0332,Unknown,Founder(s),founder,True,,Kochi,robotics marine,1,SRC03750,MEDIUM,NETWORK LAYER: previous_company only when FOUNDERS.prev_companies non-empty; same person across companies (global person) preserved; no auto-merge.
FDR0764,P1165,S0333,Athil Krishna,Founder/CEO,founder,True,,Kochi,robotics humanoid,1,SRC03754,HIGH,NETWORK LAYER: previous_company only when FOUNDERS.prev_companies non-empty; same person across companies (global person) preserved; no auto-merge.
FDR0765,P1166,S0343,Krishna Veer Singh,Founder,founder,,,Gurugram,mental health / healthtech,1,,,NETWORK LAYER: previous_company only when FOUNDERS.prev_companies non-empty; same person across companies (global person) preserved; no auto-merge.
FDR0766,P1167,S0343,Tarun Gupta,Co-Founder,co-founder,,,Gurugram,mental health / healthtech,1,,,NETWORK LAYER: previous_company only when FOUNDERS.prev_companies non-empty; same person across companies (global person) preserved; no auto-merge.
FDR0767,P1168,S0345,Prateek Agarwal,Founder,founder,,,Bengaluru,AI fashion / e-commerce,1,,,NETWORK LAYER: previous_company only when FOUNDERS.prev_companies non-empty; same person across companies (global person) preserved; no auto-merge.
FDR0768,P1169,S0345,Harshit Madan,Co-founder,co-founder,,,Bengaluru,AI fashion / e-commerce,1,,,NETWORK LAYER: previous_company only when FOUNDERS.prev_companies non-empty; same person across companies (global person) preserved; no auto-merge.
FDR0769,P1170,S0345,Pavan Patil,Co-founder,co-founder,,,Bengaluru,AI fashion / e-commerce,1,,,NETWORK LAYER: previous_company only when FOUNDERS.prev_companies non-empty; same person across companies (global person) preserved; no auto-merge.
FDR0770,P1171,S0354,Priy Ranjan,CEO,founder,,,Bengaluru,fintech / checkout,1,SRC03849,HIGH,NETWORK LAYER: previous_company only when FOUNDERS.prev_companies non-empty; same person across companies (global person) preserved; no auto-merge.
FDR0771,P1172,S0354,Ankit Bansal,CTO,co-founder,,,Bengaluru,fintech / checkout,1,SRC03845,HIGH,NETWORK LAYER: previous_company only when FOUNDERS.prev_companies non-empty; same person across companies (global person) preserved; no auto-merge.
FDR0772,P1173,S0354,Ishan Rakshit,co-founder,co-founder,,,Bengaluru,fintech / checkout,1,SRC03850,HIGH,NETWORK LAYER: previous_company only when FOUNDERS.prev_companies non-empty; same person across companies (global person) preserved; no auto-merge.
FDR0773,P1174,S0354,Prafful Goyal,co-founder,co-founder,,,Bengaluru,fintech / checkout,1,SRC03845,MEDIUM,NETWORK LAYER: previous_company only when FOUNDERS.prev_companies non-empty; same person across companies (global person) preserved; no auto-merge.
FDR0774,P1175,S0355,Sudarshan Kamath,CEO / Co-founder,founder,,,San Francisco,ai/voice,1,SRC03856,HIGH,NETWORK LAYER: previous_company only when FOUNDERS.prev_companies non-empty; same person across companies (global person) preserved; no auto-merge.
FDR0775,P1176,S0355,Akshat Mandloi,Co-founder,co-founder,,,San Francisco,ai/voice,1,SRC03857,HIGH,NETWORK LAYER: previous_company only when FOUNDERS.prev_companies non-empty; same person across companies (global person) preserved; no auto-merge.
FDR0776,P1177,S0356,Vrinda Kapoor,CEO / Founder,founder,,,Delhi,defence tech,1,SRC03859,HIGH,NETWORK LAYER: previous_company only when FOUNDERS.prev_companies non-empty; same person across companies (global person) preserved; no auto-merge.
FDR0777,P1178,S0356,Vinayak Dalmia,Co-founder,co-founder,,,Delhi,defence tech,1,SRC03861,HIGH,NETWORK LAYER: previous_company only when FOUNDERS.prev_companies non-empty; same person across companies (global person) preserved; no auto-merge.
FDR0778,P1179,S0357,Chirag Gupta,Founder & CEO,founder,,,Mumbai,d2c foods,1,SRC03868,HIGH,NETWORK LAYER: previous_company only when FOUNDERS.prev_companies non-empty; same person across companies (global person) preserved; no auto-merge.
FDR0779,P1180,S0357,Ankur Gupta,Co-founder,co-founder,,,Mumbai,d2c foods,1,SRC03869,HIGH,NETWORK LAYER: previous_company only when FOUNDERS.prev_companies non-empty; same person across companies (global person) preserved; no auto-merge.
FDR0780,P1181,S0359,Vikas Taneja,Founder & Director,founder,,,Bengaluru,gaming rmg,1,SRC03875,HIGH,NETWORK LAYER: previous_company only when FOUNDERS.prev_companies non-empty; same person across companies (global person) preserved; no auto-merge.
FDR0781,P1182,S0359,Prithvi Raj Singh,Founder & Director,founder,,,Bengaluru,gaming rmg,1,SRC03875,HIGH,NETWORK LAYER: previous_company only when FOUNDERS.prev_companies non-empty; same person across companies (global person) preserved; no auto-merge.
FDR0782,P1183,S0359,Deepak Singh,Founder,founder,,,Bengaluru,gaming rmg,1,SRC03880,HIGH,NETWORK LAYER: previous_company only when FOUNDERS.prev_companies non-empty; same person across companies (global person) preserved; no auto-merge.
FDR0783,P1184,S0361,Deepak Gullapalli,Founder & Chairman,founder,,,Hyderabad,gaming rmg (a23),1,SRC03887,HIGH,NETWORK LAYER: previous_company only when FOUNDERS.prev_companies non-empty; same person across companies (global person) preserved; no auto-merge.
FDR0784,P1185,S0361,Siddharth Sharma,CEO,executive,,,Hyderabad,gaming rmg (a23),1,SRC03889,HIGH,NETWORK LAYER: previous_company only when FOUNDERS.prev_companies non-empty; same person across companies (global person) preserved; no auto-merge.
FDR0785,P0241,S0363,Vidit Aatrey,Founder & CEO (Meesho),founder,,,Bengaluru,b2b commerce,1,SRC03904,MEDIUM,NETWORK LAYER: previous_company only when FOUNDERS.prev_companies non-empty; same person across companies (global person) preserved; no auto-merge.
FDR0786,P0564,S0363,unknown,KiranaClub founder,founder,,,Bengaluru,b2b commerce,1,SRC03899,LOW,NETWORK LAYER: previous_company only when FOUNDERS.prev_companies non-empty; same person across companies (global person) preserved; no auto-merge.
FDR0787,P1186,S0365,Navkiran Singh,Founder & CEO,founder,,,Kolkata,online gaming / RMG,1,,,NETWORK LAYER: previous_company only when FOUNDERS.prev_companies non-empty; same person across companies (global person) preserved; no auto-merge.
FDR0788,P1187,S0365,Varun Ganjoo,Co-Founder,co-founder,,,Kolkata,online gaming / RMG,1,,,NETWORK LAYER: previous_company only when FOUNDERS.prev_companies non-empty; same person across companies (global person) preserved; no auto-merge.
FDR0789,P1188,S0365,Puneet Singh,Co-Founder,co-founder,,,Kolkata,online gaming / RMG,1,,,NETWORK LAYER: previous_company only when FOUNDERS.prev_companies non-empty; same person across companies (global person) preserved; no auto-merge.
FDR0790,P1189,S0366,Harsh Prateek,Founder,founder,,,Bengaluru,quick home services,1,,,NETWORK LAYER: previous_company only when FOUNDERS.prev_companies non-empty; same person across companies (global person) preserved; no auto-merge.
FDR0791,P1190,S0366,Mayank Sahu,Co-founder,co-founder,,,Bengaluru,quick home services,1,,,NETWORK LAYER: previous_company only when FOUNDERS.prev_companies non-empty; same person across companies (global person) preserved; no auto-merge.
FDR0792,P1191,S0367,"{'v': 'Dilsher Singh Malhi', 'conf': 0.9, 'src': 'ET Now'}","{'v': 'Co-founder', 'conf': 0.9}","{'v': 'founder', 'conf': 0.9}","{'v': True, 'conf': 0.7, 'src': 'inferred'}",,Bengaluru,gaming rmg,1,SRC03930,HIGH,NETWORK LAYER: previous_company only when FOUNDERS.prev_companies non-empty; same person across companies (global person) preserved; no auto-merge.
FDR0793,P1191,S0367,Dilsher Singh Malhi,Co-founder and CEO,,True,,Bengaluru,gaming rmg,1,SRC03930,HIGH,NETWORK LAYER: previous_company only when FOUNDERS.prev_companies non-empty; same person across companies (global person) preserved; no auto-merge.
FDR0794,P1192,S0367,Siddhant Saurabh,Co-founder,,True,,Bengaluru,gaming rmg,1,SRC03935,HIGH,NETWORK LAYER: previous_company only when FOUNDERS.prev_companies non-empty; same person across companies (global person) preserved; no auto-merge.
FDR0795,P1196,S0368,Akshar Vastarpara,Founder & CEO,,,,Surat,High Tech / Edge Computing,1,SRC03947,HIGH,NETWORK LAYER: previous_company only when FOUNDERS.prev_companies non-empty; same person across companies (global person) preserved; no auto-merge.
