url,outcome
http://agfundernews.com/ninjacart-raises-89m-in-indias-largest-ever-farmtech-deal,OK
http://bwdisrupt.com/article/ultrahuman-raises-rs-400-cr-series-c-to-expand-global-wearables-business-598408,OK
http://cbinsights.com/company/icertis/financials,OK
http://cbinsights.com/company/mu-sigma/financials,OK
http://dealroom.co/news/148686-slice-raises-100m-at-450m-valuation-betting-on-banking-pivot,OK
http://delhivery.com/press-release/delhivery-acquires-ecom-express,OK
http://dezerv.in/team,OK
http://dreamsports.group,OK
http://ecofy.co.in/about-us,OK
http://elevationcapital.com/portfolio/seekho,OK
http://en.wikipedia.org/wiki/Fractal_Analytics,OK
http://en.wikipedia.org/wiki/QNu_Labs,OK
http://en.wikipedia.org/wiki/Slice_Small_Finance_Bank,OK
http://entrackr.com/fintrackr/fractal-crosses-rs-2700-cr-revenue-in-fy25-regains-profitability-9659578,OK
http://entrackr.com/fintrackr/livspace-posts-rs-1460-cr-revenue-in-fy25-losses-shrink-42-10559863,OK
http://entrackr.com/fintrackr/miko-reports-rs-358-cr-revenue-in-fy24-income-from-subscription-biz-surges-29x-9152823,OK
http://entrackr.com/fintrackr/rebel-foods-growth-slows-in-fy25-reports-rs-336-cr-loss-10884067,OK
http://fireflies.ai/blog/fireflies-1-billion-valuation,OK
http://getlatka.com/companies/chargebee,OK
http://getlatka.com/companies/firefliesai,OK
http://groww.in/blog/about-groww-founders-journey-investors-and-more,OK
http://gupshup.ai/about-us,OK
http://hcltech.com/sites/default/files/en/investors/3098/reg-30-se-initmation.pdf,OK
http://icertis.com/company/news/icertis-acquires-dioptra-to-deliver-ai-first-contracting-experience-for-legal,OK
http://inc42.com/buzz/healthtech-startup-avammune-bags-12-mn-from-capital-2b-others,BOTBLOCKED:429
http://inc42.com/buzz/leadsquared-fy25-net-loss-declines-45-yoy-to-inr-89-cr,BOTBLOCKED:429
http://inc42.com/buzz/moglix-fy25-revenue-inches-closer-to-700-mn-mark-loss-halves,BOTBLOCKED:429
http://inc42.com/company/acko/funding,OK
http://inc42.com/company/icertis/funding,OK
http://inc42.com/company/seekho,OK
http://inc42.com/company/stockgro/financials,OK
http://inmobi.com,OK
http://jumbotail.com/jumbotail-raises-120m-series-d-funding,OK
http://leadsquared.com/crm-software,OK
http://leadsquared.com/news/leadsquared-joins-the-unicorn-club-with-153-million-funding-from-westbridge-capital,OK
http://livemint.com/companies/start-ups/dream11-completes-pivot-to-a-global-sports-engagement-platform-after-real-money-gaming-ban-11787825081003.html,OK
http://livemint.com/companies/start-ups/udaan-announces-160-million-structured-financing-round-ipo-trustroot-b2b-e-commerce-platform-11784038988915.html,OK
http://m.economictimes.com/tech/funding/b2b-ecommerce-firm-jumbotail-raises-120-million-from-standard-chartereds-investment-arm-others/articleshow/122156577.cms,OK
http://m.economictimes.com/tech/funding/cloud-kitchen-firm-eatclub-to-raise-rs-185-crore-from-tiger-global-a91-partners-360-one/articleshow/122909399.cms,OK
http://m.economictimes.com/tech/funding/travel-accessories-platform-escape-plan-raises-25-million-from-jungle-ventures-others/articleshow/127031714.cms,OK
http://m.economictimes.com/tech/technology/inmobi-founders-buy-back-250-million-stake-from-softbank/articleshow/125759461.cms,OK
http://miko.ai/pages/about-us,OK
http://moengage.com/about-us,OK
http://money.rediff.com/news/market/beams-fintech-leads-rs-215-cr-investment-in-business-nextgen/53710620260903,OK
http://nykaa.com/media/wysiwyg/uiTools/2026-8/NykaaPressRelease.pdf,BOTBLOCKED:403
http://pitchbook.com/profiles/company/172275-22,BOTBLOCKED:403
http://qnulabs.com/about-us,OK
http://rocketlane.com/press/rocketlane-raises-series-c,OK
http://sacra.com/c/icertis,OK
http://sarvam.ai/announcing-series-b,OK
http://slice.bank.in/about-us,ERR:conn
http://storyboard18.com/amp/brand-marketing/loreal-buys-majority-stake-in-innovist-in-first-india-deal-since-2013-ws-l-101571.htm,OK
http://techcrunch.com/2024/07/17/inmobi-eyes-10-billion-valuation-in-2025-india-ipo,OK
http://techcrunch.com/2024/08/05/indias-etherealx-puts-5m-seed-toward-fully-reusable-launch-vehicles,OK
http://techcrunch.com/2025/12/18/tdk-ventures-accel-set-to-back-indias-etherealx-in-reusable-launch-vehicle-push-sources,OK
http://techcrunch.com/2026/08/19/sachin-bansals-fintech-navi-raises-first-outside-capital-with-100m-prosus-investment,OK
http://thehindubusinessline.com/companies/sarvam-raises-75-million-from-nvidia-gaja-capital-indigo-ventures-in-series-b/article71309645.ece,OK
http://thesaasnews.com/news/truefan-ai-raises-10m-series-a,OK
http://tracxn.com/d/companies/hasura/__SMK3S7BMgtsGtSv97RLd1UJUbyheNG10g9USc7rNJ4A,OK
http://tracxn.com/d/companies/kinara-ai/__xQGFYyFOnnCsCf4w-8d1tfkj9msL10NyLUYDUav1z3M,OK
http://tracxn.com/d/companies/livspace/__jW3bucmuxxt7wnW0Ru8fEhLj0iTod5V8Roa0OsWdp9I/funding-and-investors,BOTBLOCKED:429
http://tracxn.com/d/companies/meesho/__h-YKqJF0c073ZI2SvdQHHV1gDZKoXmD-Nlk5gSZPn6c/funding-and-investors,BOTBLOCKED:429
http://tracxn.com/d/companies/zypp-electric/__U96AIh11fa25kr6vVshWgWmUjnbdhH8Yl6GqHtiPPfE,BOTBLOCKED:429
http://tracxn.com/d/legal-entities/india/krutrim-si-designs-private-limited/__9G50xTDabip2JhKF0KQ-mP-paWAXgVRrSmd5d814fCo,BOTBLOCKED:429
http://udaan.com/about-us,OK
http://udaan.com/newsroom,OK
http://ultraviolette.com/about,OK
http://ultraviolette.com/press-release/ultraviolette-secures-growth-capital-from-zoho-and-lingotto,OK
http://www.fireflies.ai/product,OK
http://www.gupshup.io/developer/resources/img/team/bio/Beerud_Bio.pdf,OK
http://yourstory.com/2026/05/nykaa-crosses-usd-1b-annualised-revenue-mark-profitability-surges,OK
http://yourstory.com/companies/moglix,OK
https://4700bc.com/pages/about-us-1,OK
https://afterglow.news/stories/nua-50m-series-c-womens-wellness,ERR:501
https://agnikul.in/product,OK
https://aistartupimpact.com/india-ai,OK
https://amnex.com/about-us,OK
https://analyticsindiamag.com/ai-news-updates/peak-xv-leads-20-million-funding-round-for-e-visa-platform-atlys,OK
https://analyticsindiamag.com/ai-news/dhruva-space-finlands-iceye-partner-for-satellite-manufacturing-and-earth-observation,OK
https://analyticsindiamag.com/ai-news/dhruva-space-secures-first-investment-from-indias-antariksh-venture-fund,OK
https://analyticsindiamag.com/deep-tech/why-3-indian-engineers-returned-home-to-fix-spaces-biggest-traffic-jam,OK
https://app.dealroom.co/companies/coinswitch,OK
https://app.dealroom.co/companies/miko,OK
https://app.dealroom.co/news/feed/dubai-s-augnito-raises-undisclosed-funding-to-expand-medical-speech-ai-solutions,BOTBLOCKED:403
https://app.dealroom.co/news/note/circolife-raises-4-5m-to-scale-cooling-subscriptions-across-india,OK
https://app.dealroom.co/news/note/dialflo-raises-180k-seed-to-build-hybrid-ai-contact-centres,OK
https://app.dealroom.co/news/note/emo-energy-raises-6-2m-pre-series-b-at-90m-valuation,OK
https://app.dealroom.co/news/note/sapiom-raises-35m-series-a-to-cut-the-cost-of-running-ai-agents,OK
https://app.dealroom.co/news/note/trevel-raises-1m-seed-round-led-by-india-accelerator-and-finvolve,OK
https://ascendants.in/business-stories/edubuk-50-million-nimbus-capital-ai-blockchain-hiring-platform,OK
https://ascendants.in/business-stories/hisabkitab-raises-seed-funding-rs-20-crore-valuation,OK
https://ascendants.in/business-stories/info-edge-backs-gramophone-unnati,OK
https://ascendants.in/business-stories/prozo-fy27-revenue-target-quick-commerce-expansion,OK
https://ascendants.in/funding-feed/carrum-mobility-raises-10-mn,OK
https://ascendants.in/the-ascendants/prashant-jalan-guickly-enterprise-ai-shadow-ai-funding,OK
https://asiatechdaily.com/singapores-graas-ai-secures-9m-series-b-to-scale-ai-powered-agent-foundry,OK
https://aurumventures.in/approach-investment-management,OK
https://auto.economictimes.indiatimes.com/news/aftermarket/fidelity-accel-lead-160-170-million-investment-round-in-spinny/128331388,BOTBLOCKED:403
https://auto.economictimes.indiatimes.com/news/auto-technology/logistics-startup-pickkup-raises-500k-to-expand-electric-fleet/118597568,BOTBLOCKED:403
https://auto.economictimes.indiatimes.com/news/automotive/moonrider-secures-usd-2-2mn-seed-funding-for-electric-tractors/117021451,BOTBLOCKED:403
https://auto.economictimes.indiatimes.com/news/commercial-vehicle/erisha-e-mobility-secures-1-billion-investment-for-global-expansion/119157299,BOTBLOCKED:403
https://avammune.com,OK
https://aws.amazon.com/aws-startups/learn/from-yc-to-aws-how-emergent-hit-100m-usd-annualized-revenue-in-8-months,OK
https://b.zmtcdn.com/investor-relations/Eternal_Annual_Report_2025-26.pdf,OK
https://batch-file,ERR:conn
https://bellatrix.aero/about,OK
https://bellatrix.aero/updates,OK
https://bellatrix.aero/updates/bellatrix-aerospace-secures-20-million-in-pre-series-b,OK
https://bestmediainfo.com/mediainfo/mediainfo-marketing/powerup-money-appoints-tushar-sharma-as-head-of-marketing-12517955,OK
https://beststartup.in/india-startup-funding-september-2026-week-one,OK
https://bfsi.economictimes.indiatimes.com/articles/skydo-becomes-pioneer-in-cross-border-payments-with-gift-city-psp-licence-and-rbi-approval/131221566,OK
https://bigendiansemi.com/our-team,OK
https://blog.huntyourtribe.com/product-based-companies-in-mumbai-you-should-know-about-in-2026,OK
https://blog.inito.com/inito-raises-29m-ai-engineered-antibodies-home-diagnostics,OK
https://blog.privatecircle.co/india-startup-funding-weekly-aug-15-21-2025,OK
https://businessnewsthisweek.com/business/eloelo-raises-13-5-mn-in-series-b-for-its-multilingual-live-social-entertainment-platform,OK
https://businesstoday.in/impact-feature/story/inflexor-ventures-leads-inr-65-crore-investment-in-butterfly-learnings-to-transform-pediatric-neurodevelopmental-care-platform-550274-2026-08-20,OK
https://businessupturn.com/business/corporates/pb-fintech-invests-rs-539-crore-in-pb-healthcare-stake-to-reduce-to-32-14-after-external-funding-round,OK
https://businessupturn.com/business/startups/nua-raises-50-million-series-c-led-by-peak-xv-and-filter-capital-in-one-of-indias-biggest-womens-wellness-deals,OK
https://ca.marketscreener.com/news/pb-fintech-reportedly-to-revive-fundraise-after-outreach-ce7e5adedc81fe22,BOTBLOCKED:403
https://cbinsights.com/company/rebel-foods/financials,OK
https://cdn.prod.website-files.com/648939088bfc729866e83bb2/68bc10bdc953599b2c99e1d8_NazaraAnnualReport.pdf,OK
https://celebaltech.com,OK
https://centrum.co.in/sites/default/files/newsroom/Press%20Release%20-%20CHFL%20Sale.pdf,OK
https://cfo.economictimes.indiatimes.com/news/corporate-finance/digital-lender-kreditbee-in-unicorn-club-with-280-million-at-1-5-billion-valuation/130100823,OK
https://chargebee.com/about,OK
https://cio.economictimes.indiatimes.com/news/corporate-news/fidelity-marks-down-conversational-ai-platform-gupshups-valuation-by-80-to-278-million/130014072,OK
https://climateangels.in/portfolio/digital-paani,OK
https://coinswitch.co/building-blocks/author/ashish,OK
https://coinswitch.co/press/coinswitch-kuber-raises-usd-260-million-in-series-c-funding-from-coinbase-ventures-and-andreessen-horowitz-a16z,OK
https://companies.ventureintelligence.com/company/CoinSwitch,OK
https://companies.ventureintelligence.com/company/Moglix,OK
https://craft.co/lenskart/locations,BOTBLOCKED:403
https://curefoods.in/investors/board,DEAD:404
https://curlytales.com/india/trending/akasa-air-co-founder-praveen-iyer-resigns-second-senior-exit-in-four-months,OK
https://currentaffairs.adda247.com/juspay-becomes-indias-first-unicorn-of-2025-1-billion-valuation-achieved,OK
https://cyborg.ultrahuman.com/press-releases/ultrahuman-delivers-record-fy25-profits-as-subscription-engine-accelerates,OK
https://cyborg.ultrahuman.com/press-releases/ultrahuman-raises-100-crore-venture-debt,OK
https://dataintelo.com/report/hyperspectral-satellite-market,OK
https://dealroom.co/companies/upgrad,OK
https://dealroom.co/news/149568-circolife-raises-4-5m-to-scale-cooling-subscriptions-across-india,OK
https://dealroom.co/unicorns/india,OK
https://dhan.co/about,OK
https://dhan.co/trading-app,OK
https://directory.startupluxembourg.com/companies/aurum_proptech,OK
https://dockets.justia.com/docket/illinois/ilcdce/3:2025cv03399/98340,BOTBLOCKED:403
https://docs.dhanhq.co/api/v2/trading-apis,OK
https://docs.sarvam.ai/api/getting-started/models/sarvam-vision,OK
https://economictimes.indiatimes.com/company/ani-technologies-private-limited/U72900KA2010PTC086596,OK
https://economictimes.indiatimes.com/company/razorpay-software-private-limited/U72200KA2013PTC097389,OK
https://economictimes.indiatimes.com/company/vedantu-innovations-private-limited/U72900KA2011PTC060958,OK
https://economictimes.indiatimes.com/industry/healthcare/biotech/healthcare/hul-turns-70-cr-bet-in-wellbeing-nutrition-into-307-cr-exit/articleshow/128240021.cms,OK
https://economictimes.indiatimes.com/industry/renewables/ev-maker-river-raises-40-mn-in-series-b-funding-from-yamaha-motor-and-others-working-on-second-electric-scooter/articleshow/107448019.cms,OK
https://economictimes.indiatimes.com/industry/renewables/greenline-to-invest-rs-1500-crore-in-lng-trucking-push-sees-major-diesel-savings/articleshow/131261495.cms,OK
https://economictimes.indiatimes.com/industry/renewables/inox-clean-energy-powers-into-top-three-with-rs-25k-cr-buys-says-company-official/articleshow/131184869.cms,OK
https://economictimes.indiatimes.com/industry/services/property-/-cstruction/real-estate-platform-square-yards-achieves-unicorn-status-after-securing-900-cr-in-funding/articleshow/131929541.cms,OK
https://economictimes.indiatimes.com/industry/transportation/airlines-/-aviation/akasa-air-gets-funds-from-azim-premji-ranjan-pai-family-offices/articleshow/117985576.cms,OK
https://economictimes.indiatimes.com/industry/transportation/airlines-/-aviation/rakesh-jhunjhunwalas-lofty-bet-on-akasa-has-grown-fourfold-what-lies-ahead/articleshow/112707365.cms,OK
https://economictimes.indiatimes.com/markets/ipos/fpos/boats-parent-gets-regulatory-nod-for-rs-1500-crore-ipo/articleshow/124894852.cms,OK
https://economictimes.indiatimes.com/markets/ipos/fpos/sharechat-indias-meta-rival-plans-400-million-ipo-next-year/articleshow/132127113.cms,OK
https://economictimes.indiatimes.com/markets/ipos/fpos/softbank-backed-ofbusiness-revives-ipo-plans-eyes-up-to-800-million-issue/articleshow/132895136.cms,OK
https://economictimes.indiatimes.com/news/new-updates/he-could-have-joined-tesla-instead-this-bengaluru-engineer-quit-toyota-and-volvo-to-build-electric-tractors-for-farmers/articleshow/132726554.cms,OK
https://economictimes.indiatimes.com/small-biz/entrepreneurship/weaver-services-bets-on-acquisitions-to-scale-affordable-housing-finance/articleshow/124038819.cms,OK
https://economictimes.indiatimes.com/small-biz/sme-sector/weaver-services-completes-acquisition-of-capital-india-home-loans-after-regulatory-approval/articleshow/123251660.cms,OK
https://economictimes.indiatimes.com/tech/funding/bigendian-semiconductors-bags-6-million-funding-to-scale-indigenous-visionai-chips/articleshow/130842533.cms,OK
https://economictimes.indiatimes.com/tech/funding/blackstone-leads-600-million-raise-in-ai-cloud-neysa-at-1-4-billion-enterprise-value/articleshow/128390049.cms,OK
https://economictimes.indiatimes.com/tech/funding/consumer-lending-startup-fibe-secures-90-million-in-funding-from-tr-capital-others/articleshow/110734791.cms,OK
https://economictimes.indiatimes.com/tech/funding/conversational-ai-platform-gupshup-raises-60-million-from-globespan-evolutionx/articleshow/122852452.cms,OK
https://economictimes.indiatimes.com/tech/funding/cred-raises-80-million-funding-led-by-gic-at-6-4-billion-valuation/articleshow/92111072.cms,OK
https://economictimes.indiatimes.com/tech/funding/darwinbox-secures-40-million-funding-from-canadas-otpp/articleshow/123306193.cms,OK
https://economictimes.indiatimes.com/tech/funding/electric-mobility-startup-drivn-secures-80-million-commitment-from-nomura/articleshow/127862854.cms,OK
https://economictimes.indiatimes.com/tech/funding/ev-bike-maker-ultraviolette-raises-45-million-from-zoho-ferrari-owner-exors-lingotto/articleshow/125761524.cms,OK
https://economictimes.indiatimes.com/tech/funding/ev-maker-euler-motors-raises-rs-437-5-crore-from-lightrock-hero-motocorp-others/articleshow/129777725.cms,OK
https://economictimes.indiatimes.com/tech/funding/giva-in-talks-to-close-rs-150-200-crore-funding-at-rs-4400-crore-valuation/articleshow/127182615.cms,OK
https://economictimes.indiatimes.com/tech/funding/housing-finance-platform-weaver-services-to-raise-rs-1482-crore-from-lightspeed-premji-invest/articleshow/123379612.cms,OK
https://economictimes.indiatimes.com/tech/funding/hr-services-saas-company-darwinbox-raises-140-million-from-partners-group-kkr-others/articleshow/118731119.cms,OK
https://economictimes.indiatimes.com/tech/funding/ipo-bound-inmobi-gets-350-million-from-varde-elham-seatown/articleshow/125751688.cms,OK
https://economictimes.indiatimes.com/tech/funding/lendingkart-set-to-raise-rs-850-crore-from-fullerton-existing-investors/articleshow/125465767.cms,OK
https://economictimes.indiatimes.com/tech/funding/marketing-platform-justai-raises-17-million-led-base10/articleshow/131968605.cms,OK
https://economictimes.indiatimes.com/tech/funding/proptech-startup-truva-raises-9-million-from-stellaris-and-orios-venture-partners/articleshow/126533381.cms,OK
https://economictimes.indiatimes.com/tech/funding/ram-shrirams-sherpalo-ventures-to-lead-60-million-funding-round-in-skyroot/articleshow/130875605.cms,OK
https://economictimes.indiatimes.com/tech/funding/regtech-startup-idfy-secures-rs-476-crore-from-neo-asset-management-and-existing-investors/articleshow/128273894.cms,OK
https://economictimes.indiatimes.com/tech/funding/reliance-leads-50-million-round-for-spacetech-startup-digantara/articleshow/127807185.cms,OK
https://economictimes.indiatimes.com/tech/funding/saas-startup-rocketlane-raises-24-million-in-funding/articleshow/111259867.cms,OK
https://economictimes.indiatimes.com/tech/funding/saas-startup-rocketlane-raises-60-million-from-insight-partners-for-ai-push/articleshow/129800423.cms,OK
https://economictimes.indiatimes.com/tech/funding/subhkam-ventures-leads-6-2-million-round-in-emo-energy/articleshow/117002145.cms,OK
https://economictimes.indiatimes.com/tech/funding/teaching-tool-toddle-raises-17-million-from-sequoia-matrix-others/articleshow/96862499.cms,OK
https://economictimes.indiatimes.com/tech/funding/vishal-sikkas-ai-startup-hang-ten-systems-raises-32-million-led-by-mayfield/articleshow/131971910.cms,OK
https://economictimes.indiatimes.com/tech/funding/wealth-management-startup-dezerv-raises-rs-350-crore-from-premji-invest-accel-others/articleshow/124521195.cms,OK
https://economictimes.indiatimes.com/tech/funding/wealthtech-startup-powerupmoney-secures-12-million-funding-from-peak-xv-partners-others/articleshow/126116129.cms,OK
https://economictimes.indiatimes.com/tech/funding/wint-wealth-secures-rs-250-crore-in-series-b-funding/articleshow/126512170.cms,OK
https://economictimes.indiatimes.com/tech/newsletters/morning-dispatch/the-economic-times-startup-awards-2025-and-the-big-winners-are/articleshow/123621820.cms,OK
https://economictimes.indiatimes.com/tech/startups/boat-raises-100-million-in-funding-from-warburg-pincus/articleshow/80125590.cms,OK
https://economictimes.indiatimes.com/tech/startups/games24x7-to-lay-off-70-employees/articleshow/123811735.cms,OK
https://economictimes.indiatimes.com/tech/startups/juspay-turns-profitable-posts-rs-62-crore-net-profit-revenue-rises-to-rs-514-crore/articleshow/125254516.cms,OK
https://economictimes.indiatimes.com/tech/startups/postman-sees-secondaries-at-steep-discount/articleshow/112269113.cms,OK
https://economictimes.indiatimes.com/tech/startups/quick-commerce-startup-zeptos-valuation-hits-7-billion/articleshow/124604189.cms,OK
https://economictimes.indiatimes.com/tech/startups/rapido-fy25-revenue-jumps-44-to-rs-934-crore-loss-narrows-30-to-rs-258-crore/articleshow/126933160.cms,OK
https://economictimes.indiatimes.com/tech/startups/skydo-receives-final-rbi-nod-to-operate-as-cross-border-payment-aggregator/articleshow/126438134.cms,OK
https://economictimes.indiatimes.com/tech/startups/upgrad-value-pegged-at-1-7-billion-as-unacademy-deal-awaits-cci-assent/articleshow/131207502.cms,OK
https://economictimes.indiatimes.com/tech/technology/amagis-muted-listing-cuts-valuation-41-to-821-million/articleshow/126972614.cms,OK
https://economictimes.indiatimes.com/tech/technology/bharatpe-firmly-on-profitability-track-eyes-100-million-round/articleshow/123003600.cms,OK
https://economictimes.indiatimes.com/tech/technology/browserstack-to-buy-back-125-million-shares-from-employees-early-investors/articleshow/126470170.cms,OK
https://economictimes.indiatimes.com/tech/technology/cartrade-ends-cardekho-bikedekho-acquisition-talks/articleshow/125605438.cms,OK
https://economictimes.indiatimes.com/tech/technology/creds-fy24-revenue-surges-66-to-rs-2473-crore-overall-losses-up-22-to-rs-1644-crore/articleshow/113813924.cms,OK
https://economictimes.indiatimes.com/tech/technology/early-investors-set-for-big-paper-gains-in-groww-ipo-founders-stake-valued-at-over-rs-16000-crore/articleshow/124957289.cms,OK
https://economictimes.indiatimes.com/tech/technology/eternal-q4-revenue-profit-surge-on-blinkit-boost/articleshow/130586304.cms,OK
https://economictimes.indiatimes.com/tech/technology/groww-triples-fy25-net-profit-to-rs-1819-crore-closes-200-million-funding-round-at-7-billion-valuation/articleshow/121807104.cms,OK
https://economictimes.indiatimes.com/tech/technology/infra-market-fy25-revenue-jumps-27-to-rs-18472-crore-profit-falls-42/articleshow/126483052.cms,OK
https://economictimes.indiatimes.com/tech/technology/ipo-bound-phonepe-cofounders-sold-stake-worth-430-million-to-general-atlantic-in-2025/articleshow/127158206.cms,OK
https://economictimes.indiatimes.com/tech/technology/lendingkart-crisis-deepens-founder-harshvardhan-lunia-goes-legal-against-fullerton-led-management/articleshow/125523968.cms,OK
https://economictimes.indiatimes.com/tech/technology/our-scale-financials-justify-an-ipo-pine-labs-ceo-amrish-rau/articleshow/125061174.cms,OK
https://economictimes.indiatimes.com/tech/technology/usv-pharma-buys-79-stake-in-wellbeing-nutrition-for-rs-1583-crore/articleshow/128254600.cms,OK
https://economictimes.indiatimes.com/tech/technology/zepto-ipo-quick-commerce-firm-plans-to-raise-rs-11000-crore-confidential-filing-likely-this-week/articleshow/126175286.cms,OK
https://economictimes.indiatimes.com/topic/dezerv,OK
https://elevationcapital.com/portfolio/atlys,OK
https://elevationcapital.com/portfolio/dezerv,OK
https://emergent.sh/news/emergent-now-a-unicorn-at-1-5-billion-valuation,OK
https://emversity.com/about,OK
https://en.wikipedia.org/wiki/AgniKul_Cosmos,OK
https://en.wikipedia.org/wiki/Battery_Smart,DEAD:404
https://en.wikipedia.org/wiki/Bellatrix_Aerospace,OK
https://en.wikipedia.org/wiki/BharatPe,OK
https://en.wikipedia.org/wiki/Bhavish_Aggarwal,OK
https://en.wikipedia.org/wiki/Blinkit,OK
https://en.wikipedia.org/wiki/BrowserStack,OK
https://en.wikipedia.org/wiki/Cred_(company),OK
https://en.wikipedia.org/wiki/Eternal_Limited,OK
https://en.wikipedia.org/wiki/Freshworks,OK
https://en.wikipedia.org/wiki/Gupshup,OK
https://en.wikipedia.org/wiki/IDfy,OK
https://en.wikipedia.org/wiki/Lenskart,OK
https://en.wikipedia.org/wiki/MakeMyTrip,OK
https://en.wikipedia.org/wiki/Mu_Sigma,OK
https://en.wikipedia.org/wiki/Navi_Group,OK
https://en.wikipedia.org/wiki/Physics_Wallah,OK
https://en.wikipedia.org/wiki/Pine_Labs,OK
https://en.wikipedia.org/wiki/Pixxel,OK
https://en.wikipedia.org/wiki/Rapido_%28company%29,OK
https://en.wikipedia.org/wiki/Shashvat_Nakrani,DEAD:404
https://en.wikipedia.org/wiki/Ultrahuman,OK
https://en.wikipedia.org/wiki/Uniphore,OK
https://en.wikipedia.org/wiki/Yulu_(transportation_company),OK
https://en.wikipedia.org/wiki/Zomato,OK
https://entrackr.com/2021/10/decoding-vedantus-series-e-round-and-shareholding-pattern,OK
https://entrackr.com/2021/11/nobrokers-valuation-soars-to-1-bn-with-210-mn-series-e,OK
https://entrackr.com/2021/11/slice-turns-unicorn-with-220-mn-round-led-by-tiger-and-insight-partners,OK
https://entrackr.com/2022/01/ninjacart-valuation-crosses-815-mn-following-walmart-and-flipkart-led-round,OK
https://entrackr.com/2022/01/pravin-jadhavs-raise-financial-scores-22-mn-in-series-a,OK
https://entrackr.com/2022/01/stockgro-closes-32-mn-series-a-round,OK
https://entrackr.com/2022/02/chargebee-raises-250-mn-led-by-tiger-and-sequoia-at-3-5-bn-valuation,OK
https://entrackr.com/2023/01/phonepe-raises-350-mn-at-over-12-bn-valuation,OK
https://entrackr.com/2023/02/prozo-raises-rs-45-cr-in-pre-series-b-round,OK
https://entrackr.com/2023/10/spacetech-startup-agnikul-raises-26-7-mn-in-series-b,OK
https://entrackr.com/2023/12/decoding-third-wave-coffees-series-c-round-captable-and-valuation,OK
https://entrackr.com/2024/05/decoding-ultrahumans-series-b-deepinder-goyal-pumped-in-10-mn,OK
https://entrackr.com/2024/06/exclusive-consumer-lending-startup-fibe-raises-66-mn,OK
https://entrackr.com/2024/06/saas-startup-rocketlane-raises-24-mn-led-by-8vc-matrix-and-nexus,OK
https://entrackr.com/2024/07/wealthtech-startup-dezerv-raises-32-mn-in-series-b,OK
https://entrackr.com/2024/09/exclusive-kreditbees-nbfc-arm-posts-rs-200-cr-profit-in-fy24,OK
https://entrackr.com/2024/09/unacademy-narrows-down-losses-by-62-in-fy24-revenue-remains-flat,OK
https://entrackr.com/2024/10/upstox-delivers-10x-return-to-ratan-tata-following-buyback,OK
https://entrackr.com/2025/05/celcius-logistics-raises-rs-250-cr-in-series-b-round,DEAD:404
https://entrackr.com/decoding/decoding-pb-healthcares-218-mn-seed-round-shareholding-pattern-and-valuation-9782051,OK
https://entrackr.com/decoding/spacetech-startup-digantara-hits-200-mn-valuation-after-series-b-funding-11056913,OK
https://entrackr.com/decoding/virtual-credit-card-app-kiwis-valuation-jumps-to-100-mn-in-series-b-round-10500656,OK
https://entrackr.com/exclusive/exclusive-agnikul-raises-rs-60-cr-in-series-new-round-10635844,OK
https://entrackr.com/exclusive/exclusive-bgauss-raises-rs-110-cr-in-fresh-round-at-rs-1000-cr-valuation-12397665,OK
https://entrackr.com/exclusive/exclusive-bharatagri-shuts-down-operations-amid-funding-crunch-10646984,OK
https://entrackr.com/exclusive/exclusive-bharatpe-set-to-raise-80-100-mn-pre-ipo-round-led-by-coatue-9646773,OK
https://entrackr.com/exclusive/exclusive-dealshare-in-talks-for-acquisition-as-it-stares-at-shutdown-12433019,OK
https://entrackr.com/exclusive/exclusive-eternal-infuses-rs-450-cr-into-blinkit-as-quick-commerce-rivalry-heats-up-11206006,OK
https://entrackr.com/exclusive/exclusive-giva-raising-12-mn-in-extended-series-c-round-11132866,OK
https://entrackr.com/exclusive/exclusive-idfy-posts-rs-188-cr-revenue-in-fy25-while-maintaining-profitability-9512349,OK
https://entrackr.com/exclusive/exclusive-jewelry-startup-giva-set-to-raise-28-mn-debt-11858162,OK
https://entrackr.com/exclusive/exclusive-mokobara-set-to-raise-rs-91-cr-in-series-c-round-at-28x-valuation-premium-12482137,OK
https://entrackr.com/exclusive/exclusive-onecard-to-raise-rs-72-cr-in-its-ongoing-series-d-round-led-by-peak-xv-12159996,OK
https://entrackr.com/exclusive/exclusive-peak-xv-joins-truemeds-series-c-round-with-20-mn-9500136,OK
https://entrackr.com/exclusive/exclusive-robotic-maker-miko-to-raise-155-mn-at-550-mn-valuation-9731064,OK
https://entrackr.com/exclusive/exclusive-sachin-bansals-navi-raises-20-mn-debt-9585170,OK
https://entrackr.com/exclusive/exclusive-snapmint-crosses-rs-150-cr-revenue-threshold-in-fy25-turns-profitable-9501609,OK
https://entrackr.com/exclusive/exclusive-spinny-converts-into-public-company-fy26-topline-touches-rs-6000-cr-12223924,OK
https://entrackr.com/exclusive/exclusive-truemeds-to-raise-44-mn-led-by-accel-india-8823054,OK
https://entrackr.com/exclusive/exclusive-unacademy-narrows-ebitda-losses-by-38-in-fy25-reports-rs-826-cr-income-10513191,OK
https://entrackr.com/exclusive/exclusive-unnati-agri-set-to-acquire-gramophone-in-share-swap-deal-10652827,OK
https://entrackr.com/exclusive/exclusive-wow-momo-to-raise-20-mn-debt-led-by-incred-12138048,OK
https://entrackr.com/files/entrackr/media/files/2026/01/28/agritech-report-2026-01-28-13-44-14.pdf,OK
https://entrackr.com/fintrackr/acko-posts-rs-2837-cr-revenue-in-fy25-trims-losses-by-37-10782318,OK
https://entrackr.com/fintrackr/bharatpe-turns-ebitda-profitable-in-fy25-revenue-touches-rs-1667-cr-10501335,OK
https://entrackr.com/fintrackr/info-edge-backed-truemeds-gross-revenue-crosses-rs-300-cr-in-fy24-8719850,OK
https://entrackr.com/fintrackr/leadsquared-trims-losses-by-45-in-fy25-growth-remains-modest-10561373,OK
https://entrackr.com/fintrackr/nobroker-reports-rs-803-cr-revenue-in-fy24-but-57-expenses-remain-unexplained-9063969,OK
https://entrackr.com/fintrackr/prozo-maintains-growth-streak-in-fy24-with-improved-economics-8868777,OK
https://entrackr.com/fintrackr/razorpay-revenue-soars-65-in-fy25-gross-profit-crosses-rs-1200-cr-10567344,OK
https://entrackr.com/fintrackr/seekho-spends-rs-134-cr-on-advertising-for-rs-142-cr-revenue-in-fy25-11205187,OK
https://entrackr.com/fintrackr/vedantu-posts-rs-227-cr-revenue-in-fy25-losses-increase-25-11038680,OK
https://entrackr.com/fintrackr/xpressbees-turns-ebitda-positive-in-fy24-warehousing-biz-grows-60x-8993404,OK
https://entrackr.com/fintrackr/yulu-revenue-jumps-98-in-fy25-losses-stand-at-rs-126-cr-10831384,OK
https://entrackr.com/news/astrotalk-turns-unicorn-at-1-bn-valuation-via-esop-buyback-12253413,OK
https://entrackr.com/news/bnpl-startup-snapmint-raises-125-mn-led-by-general-atlantic-10609243,OK
https://entrackr.com/news/celcius-logistics-raises-rs-250-cr-in-series-b-round-9038927,OK
https://entrackr.com/news/centricity-raises-rs-280-cr-in-series-a-round-led-by-smbc-asia-rising-fund-12255713,OK
https://entrackr.com/news/cleantech-startup-chakr-innovation-raises-23-mn-led-by-iron-pillar-10490485,OK
https://entrackr.com/news/clear-cuts-16-of-workforce-amid-peak-tax-filing-season-9628272,OK
https://entrackr.com/news/d2c-brand-bonkers-corner-raises-105-mn-at-48-mn-valuation-11179893,OK
https://entrackr.com/news/d2c-skincare-brand-foxtale-raises-30-mn-8623443,OK
https://entrackr.com/news/decoding-885-mn-udaan-shopkirana-stock-deal-9509224,OK
https://entrackr.com/news/defence-electronics-startup-sanlayan-raises-rs-186-cr-in-series-a-9347529,OK
https://entrackr.com/news/ecofy-raises-rs-3805-cr-in-series-b-round-led-by-bii-and-finnfund-11216830,OK
https://entrackr.com/news/ed-freezes-rs-526-cr-assets-in-gameskraft-probe-alleges-rs-1154-cr-user-losses-11835112,OK
https://entrackr.com/news/fibe-raises-35-mn-in-series-f-round-led-by-ifc-10895526,OK
https://entrackr.com/news/flipkart-backed-neuropixelai-shuts-operations-amid-financial-strain-11448982,OK
https://entrackr.com/news/garuda-aerospace-opts-for-confidential-route-for-rs-1000-cr-ipo-11448917,OK
https://entrackr.com/news/gen-ai-startup-neysa-turns-unicorn-after-blackstone-led-12-bn-funding-11109995,OK
https://entrackr.com/news/hr-tech-unicorn-darwinbox-completes-10-mn-esop-buyback-9396193,OK
https://entrackr.com/news/inframarket-to-raise-rs-731-cr-led-by-promoters-at-flat-valuation-10475661,OK
https://entrackr.com/news/innovist-raises-rs-136-cr-led-by-icici-venture-accel-exits-8934341,OK
https://entrackr.com/news/insurancedekho-and-renewbuy-officially-announce-merger-12478725,OK
https://entrackr.com/news/juspay-raises-50-mn-from-westbridge-capital-at-12-bn-valuation-11023645,OK
https://entrackr.com/news/juspay-secures-60-mn-from-kedaara-softbank-and-accel-8934673,OK
https://entrackr.com/news/karnataka-hc-orders-release-of-gameskraft-founders-calls-ed-arrests-illegal-12047092,OK
https://entrackr.com/news/kreditbee-enters-unicorn-club-with-280-mn-series-e-round-11700184,OK
https://entrackr.com/news/lending-startup-niro-shuts-down-operations-10538020,OK
https://entrackr.com/news/nclt-ahmedabad-initiates-insolvency-proceedings-against-blusmart-9602082,OK
https://entrackr.com/news/neogeo-raises-20-mn-series-a-led-by-neev-ii-fund-and-aavishkaar-capital-12392388,OK
https://entrackr.com/news/norwest-leads-125-mn-series-a-round-in-ai-lending-tech-platform-rezolv-12391129,OK
https://entrackr.com/news/pb-healthcare-to-raise-rs-1461-cr-in-seed-round-no-longer-subsidiary-of-pb-fintech-8999406,OK
https://entrackr.com/news/pharmeasys-three-co-founders-step-down-siddharth-shah-to-lead-8643834,OK
https://entrackr.com/news/phonepe-files-updated-drhp-walmart-to-sell-9-stake-via-ofs-11020697,OK
https://entrackr.com/news/porter-raises-200-mn-led-by-kedaara-and-wellington-management-9048693,OK
https://entrackr.com/news/reliance-officially-writes-off-200-mn-investment-in-dunzo-9637264,OK
https://entrackr.com/news/rentomojo-posts-rs-266-cr-revenue-in-fy25-profits-surge-92-10930380,OK
https://entrackr.com/news/river-mobility-raises-120-mn-in-series-c-led-by-elev8-claypond-capital-12232629,OK
https://entrackr.com/news/skyroot-becomes-indias-first-spacetech-unicorn-after-60-mn-funding-round-11808488,OK
https://entrackr.com/news/spacetech-startup-kepler-aerospace-raises-8-mn-in-seed-round-led-by-blue-ashva-capital-12478666,OK
https://entrackr.com/news/square-yards-enters-unicorn-club-with-95-mn-funding-round-12064926,OK
https://entrackr.com/news/stockgro-raises-13-mn-in-series-b1-funding-from-bitkraft-ventures-10922949,OK
https://entrackr.com/news/sugar-cosmetics-raises-rs-144-cr-at-rs-755-cr-valuation-early-investors-seek-steep-discount-exits-12493909,OK
https://entrackr.com/news/udaan-acquires-shopkirana-in-all-stock-deal-9508646,OK
https://entrackr.com/news/ultrahuman-raises-70-mn-from-qualcomm-alpha-wave-nexus-and-others-12489004,OK
https://entrackr.com/news/used-two-wheeler-marketplace-beepkart-shuts-operations-9728734,OK
https://entrackr.com/news/weaver-services-raises-rs-1450-cr-led-by-premji-invest-and-lightspeed-11224855,OK
https://entrackr.com/news/wint-wealth-raises-rs-250-cr-in-series-b-round-10996768,OK
https://entrackr.com/news/zerodha-brokerage-revenue-drops-40-in-q1-fy26-10516905,OK
https://entrackr.com/report/weekly-funding-report-weekly-funding-report/funding-and-acquisitions-in-indian-startups-this-week-aug-17-aug-22-12412429,OK
https://entrackr.com/report/weekly-funding-report/funding-and-acquisitions-in-indian-startups-this-week-aug-24-aug-29-12451075,OK
https://entrackr.com/snippets/ai-semiconductor-startup-agrani-labs-raises-8-mn-led-by-peak-xv-11036130,OK
https://entrackr.com/snippets/c2i-semiconductors-extends-series-a-round-to-167-mn-with-backing-from-tdk-ventures-11882827,OK
https://entrackr.com/snippets/circolife-raises-45-mn-in-pre-series-a-round-led-by-bharat-jaisinghani-12507089,OK
https://entrackr.com/snippets/defence-tech-startup-ammunic-systems-raises-11-mn-in-seed-round-9536371,OK
https://entrackr.com/snippets/fintech-saas-startup-hisabkitab-raises-seed-round-at-rs-20-cr-valuation-12163499,OK
https://entrackr.com/snippets/fleet-management-platform-carrum-mobility-raises-10-mn-in-series-b-led-by-uber-12511605,OK
https://entrackr.com/snippets/fuel-tech-startup-nawgati-raises-25-mn-in-pre-series-a-round-9039698,OK
https://entrackr.com/snippets/health-tech-platform-lissun-raises-rs-48-cr-in-series-a-led-by-colossa-ventures-12391763,OK
https://entrackr.com/snippets/proptech-startup-truva-raises-9-mn-co-led-by-stellaris-and-orios-11000314,OK
https://entrackr.com/snippets/quickshift-raises-rs-22-cr-in-pre-series-a-round-led-by-atomic-capital-10646544,OK
https://entrackr.com/snippets/refold-ai-raises-65-mn-in-seed-round-9657427,OK
https://entrackr.com/snippets/snitch-acquires-berrylush-to-enter-womens-fashion-segment-12204386,OK
https://entrackr.com/snippets/vecton-ai-raises-rs-6-cr-in-pre-seed-round-led-by-zeropearl-vc-12250059,OK
https://entrackr.com/snippets/yantra-packs-raises-rs-12-cr-in-seed-round-led-by-caret-capital-12396605,OK
https://entrepreneur.economictimes.indiatimes.com/news/funding/butterfly-learnings-raises-65-cr-pre-series-b-funding-led-by-inflexor-ventures/133348749,OK
https://entrepreneur.economictimes.indiatimes.com/news/funding/hisabkitab-secures-seed-funding-to-enhance-ai-driven-accounting-solutions/132408911,OK
https://entrepreneur.economictimes.indiatimes.com/news/funding/instaastro-raises-12-mn-series-a-funding-led-by-singularity-amc-and-artha-venture-fund/133555538,OK
https://events.development.asia/author/sidhartha-gupta-0,OK
https://exa.ai/websets/directory/pixxel-offices,BOTBLOCKED:429
https://exxat.com/explore/newsroom,OK
https://femtechinsider.com/nua-secures-50m-to-scale-feminine-hygiene-business,OK
https://finance.yahoo.com/markets/stocks/articles/curefoods-postpones-ipo-plan-amid-111507906.html,OK
https://finance.yahoo.com/news/exxat-receives-strategic-investment-accel-130000565.html,OK
https://finance.yahoo.com/news/freshworks-valued-10-13-billion-014249866.html,OK
https://finance.yahoo.com/news/kgen-raises-43-5-million-100012280.html,OK
https://finance.yahoo.com/news/rebel-foods-secures-25m-qatar-141914835.html,OK
https://finance.yahoo.com/quote/NYKAA.NS/earnings/NYKAA.NS-Q3-2025-earnings_call-252555.html,ERR:500
https://financedada.com/smartworks-ipo-set-to-value-company,OK
https://fintech.global/2024/08/14/syfe-secures-27m-series-c-to-expand-wealthtech-offerings-in-asia-pacific,OK
https://fintech.global/2026/09/10/piston-raises-15m-to-scale-cardless-fuel-payments,OK
https://fintechbiznews.com/finserv-brokerages-wm/syfe-raises-us-80-mn-,DEAD:404
https://foundermagazine.in/navneet-singh-founder-ceo-of-kepler-aerospace,OK
https://foundersday.co/india-startup-funding-for-series-a-deals/india-d2c-startups-series-a,OK
https://foundersday.co/india-startup-funding-for-series-a-deals/india-healthcare-startups-series-a,OK
https://foundersday.co/startupfunding/india-vc-funding-tracker-for-saas-startups,OK
https://fractal.ai/docs/Fractal-Annual-Report_FY_24-25.pdf,OK
https://fractal.ai/docs/Investor-Relations/Stock-Exchange-Intimations/Fractal-Outcome-of-Board-Meeting-dated-May-20-2026.pdf,OK
https://fundediq.co/ati-motors-atimotors-com-funding,OK
https://getlatka.com/companies/cleartax,OK
https://getlatka.com/companies/games24x7.com,OK
https://getlatka.com/companies/graas.ai,OK
https://getlatka.com/companies/head-digital-works,OK
https://getlatka.com/companies/videonetics.com,OK
https://globecapital.com/ipo/billionbrains-garage-ventures-ltd-groww,OK
https://gocredit.money,OK
https://gokiwi.in/aboutus,OK
https://goldisolar.com,OK
https://greenline.in/about-us,OK
https://greenline.in/contact-us,OK
https://groww.in/blog/mobikwik-ipo-day-1,OK
https://groww.in/blog/purple-style-labs-ipo-lists-at-7-percent-discount-on-nse,OK
https://hachidorirobotics.com,OK
https://hangten.ai/press,OK
https://hasura.io/docs/latest/graphql/core/index,OK
https://hdfcsky.com/news/ninjacart-raises-6m-targets-ipo-in-next-two-years,ERR:405
https://hdworks.in,OK
https://hdworks.in/about-us,OK
https://hellokotpad.com/business/square-yards-posts-record-fy25-revenue-of-1410-crore-targets-4-to-5-times-ebitda-growth-in-fy26,OK
https://hrtoday.in/centricity-wealthtech-appoints-kartik-kini-as-chief-strategy-and-execution-officer-to-accelerate-invictus-growth,BOTBLOCKED:403
https://hrtoday.in/kiwi-appoints-sumeet-basrani-as-chief-business-officer-to-drive-next-phase-of-growth,BOTBLOCKED:403
https://iangroup.vc/2026/05/06/ian-alpha-fund-leads-usd-6-million-investment-round-in-bigendian-semiconductors,OK
https://ibsintelligence.com/ibsi-news/enterprise-ai-firm-celebal-technologies-raises-5-2m-from-blacksoil-capital,BOTBLOCKED:403
https://images.moneycontrol.com/news_html_files/pdffiles/Jan2026/phonepe-limited.pdf,OK
"https://in.fashionnetwork.com/news/Nykaa-reports-110-profits-increase-to-rs-19-crore-in-fy25-q4,1736111.html",OK
"https://in.fashionnetwork.com/news/Purple-style-labs-to-open-ipo-on-monday,1861320.html",OK
https://in.linkedin.com/company/circolife,OK
https://in.linkedin.com/company/valuenable,OK
https://in.linkedin.com/company/wintwealth,OK
https://in.linkedin.com/in/abhishek-murarka-633b876,ERR:405
https://in.linkedin.com/in/anuragsinha2,ERR:405
https://in.linkedin.com/in/capt-ishver-dholakiya,ERR:405
https://in.linkedin.com/in/chirag84,ERR:405
https://in.linkedin.com/in/karanmmehta,ERR:405
https://in.linkedin.com/in/kgjyfyja720857,ERR:405
https://in.linkedin.com/in/srinath-ravichandran-09679a7,ERR:405
https://inc42.com/buzz/a-year-of-pink-slips-9500-layoffs-among-indian-startups-in-2025,BOTBLOCKED:429
https://inc42.com/buzz/acko-narrows-fy25-loss-by-36-7-to-inr-424-cr,BOTBLOCKED:429
https://inc42.com/buzz/adobe-acquires-peak-xv-backed-ai-martech-startup-rilo,BOTBLOCKED:429
https://inc42.com/buzz/agritech-startup-bharatagri-shuts-operations-due-to-funding-crunch,BOTBLOCKED:429
https://inc42.com/buzz/ai-agent-platform-runable-raises-21-mn-to-help-small-businesses-grow,BOTBLOCKED:429
https://inc42.com/buzz/ai-semiconductor-startup-agrani-labs-raises-8-mn-from-peak-xv-partners,BOTBLOCKED:429
https://inc42.com/buzz/alt-carbon-bags-12-mn-to-fuel-carbon-removal-in-india,BOTBLOCKED:429
https://inc42.com/buzz/another-exit-at-ipo-bound-cars24-as-cofounder-mehul-agarwal-steps-down,BOTBLOCKED:429
https://inc42.com/buzz/antler-backed-covrzy-shuts-down-due-to-cash-crunch,BOTBLOCKED:429
https://inc42.com/buzz/api-banking-startup-transbnk-nets-25-mn-series-b-plans-global-expansion,BOTBLOCKED:429
https://inc42.com/buzz/apna-becomes-indias-fastest-unicorn-after-raising-100-mn,BOTBLOCKED:429
https://inc42.com/buzz/apna-narrows-fy25-loss-to-inr-50-cr-even-as-revenue-dips,BOTBLOCKED:429
https://inc42.com/buzz/aravind-srinivas-backed-ai-startup-astra-shuts-operations,BOTBLOCKED:429
https://inc42.com/buzz/astrotalk-joins-unicorn-club-after-esop-buyback-at-1-bn-valuation,BOTBLOCKED:429
https://inc42.com/buzz/aurum-proptech-to-acquire-housing-com-for-%E2%82%B9458-cr,BOTBLOCKED:429
https://inc42.com/buzz/butterfly-learnings-raises-%E2%82%B965-cr-to-scale-neurodivergent-care-network,BOTBLOCKED:429
https://inc42.com/buzz/capillary-technologies-startup,BOTBLOCKED:429
https://inc42.com/buzz/cars24-eyeing-ipo-in-6-12-months-ceo-vikram-chopra,BOTBLOCKED:429
https://inc42.com/buzz/cars24-to-fire-120-more-employees-in-restructuring-exercise,BOTBLOCKED:429
https://inc42.com/buzz/cartrade-in-talks-to-acquire-rival-cardekho-in-1-2-bn-deal,BOTBLOCKED:429
https://inc42.com/buzz/celcius-logistics-bags-inr-250-cr-to-expand-presence-in-non-metro-cities,BOTBLOCKED:429
https://inc42.com/buzz/coinswitchs-fy25-loss-more-than-doubles-to-37-6-mn,BOTBLOCKED:429
https://inc42.com/buzz/d2c-fashion-brand-snitch-raises-40-mn-for-offline-expansion,BOTBLOCKED:429
https://inc42.com/buzz/d2c-fashion-startup-bags-%E2%82%B975-cr-to-expand-offline,BOTBLOCKED:429
https://inc42.com/buzz/d2c-luggage-brand-mokobara-bags-%E2%82%B9170-cr,BOTBLOCKED:429
https://inc42.com/buzz/d2c-skin-haircare-brand-chosen-bags-5-mn,BOTBLOCKED:429
https://inc42.com/buzz/dhan-becomes-unicorn-with-120-mn-funding-round,BOTBLOCKED:429
https://inc42.com/buzz/dhan-parent-raises-fy26-profit-declines-20-to-%E2%82%B9326-cr-revenue-crosses-%E2%82%B9900-cr,BOTBLOCKED:429
https://inc42.com/buzz/dhruva-space-marks-close-of-series-a-at-inr-123-cr-plans-spacecraft-manufacturing-unit,BOTBLOCKED:429
https://inc42.com/buzz/dpiit-partners-moglix-to-boost-manufacturing-startups-in-india,BOTBLOCKED:429
https://inc42.com/buzz/dream11-parent-dream-sports-raises-225-mn-led-by-tiger-global-tpg-global-others,BOTBLOCKED:429
https://inc42.com/buzz/eloelo-to-raise-inr-114-cr-from-play-ventures-kalaari-others,BOTBLOCKED:429
https://inc42.com/buzz/emversity-buys-lanstitut-to-scale-healthcare-staffing-in-germany,BOTBLOCKED:429
https://inc42.com/buzz/euler-motors-trims-fy25-net-loss-by-12-to-inr-200-cr,BOTBLOCKED:429
https://inc42.com/buzz/exclusive-dhruva-space-to-raise-4-2-mn-in-ongoing-pre-series-b-round,BOTBLOCKED:429
https://inc42.com/buzz/exclusive-galaxeye-raises-%E2%82%B944-cr-in-ongoing-series-a-funding-round,BOTBLOCKED:429
https://inc42.com/buzz/exclusive-games24x7-is-indias-99th-unicorn-raises-75-mn,BOTBLOCKED:429
https://inc42.com/buzz/exclusive-hundreds-lose-jobs-amid-zeptos-automation-push,BOTBLOCKED:429
https://inc42.com/buzz/exclusive-indrajaal-raises-inr-48-cr-to-scale-anti-drone-capabilities,BOTBLOCKED:429
https://inc42.com/buzz/exclusive-infra-market-to-raise-83-mn-from-founders-nikhil-kamath-tiger-global,BOTBLOCKED:429
https://inc42.com/buzz/exclusive-morphing-machines-raises-%E2%82%B942-cr-to-close-series-a-round-at-%E2%82%B980-cr,BOTBLOCKED:429
https://inc42.com/buzz/exclusive-robotics-startup-alphadroid-raises-3-8-mn-from-alkemi-others,BOTBLOCKED:429
https://inc42.com/buzz/exclusive-robotics-startup-general-autonomy-raises-%E2%82%B932-cr-at-%E2%82%B9280-cr-valuation,BOTBLOCKED:429
https://inc42.com/buzz/exclusive-smartworks-raises-4-mn-from-existing-backer-keppel-land,BOTBLOCKED:429
https://inc42.com/buzz/exclusive-stellaris-backed-beepkart-winds-down,BOTBLOCKED:429
https://inc42.com/buzz/exclusive-streetwear-brand-bonkers-corner-to-raise-12-15-mn-to-deepen-offline-push,BOTBLOCKED:429
https://inc42.com/buzz/fashion-startup-theater-to-capitalise-growth-via-quick-commerce-with-funding-from-prath-ventures-others,BOTBLOCKED:429
https://inc42.com/buzz/fintech-startup-kiwi-bags-6-mn-to-offer-credit-on-upi-service,BOTBLOCKED:429
https://inc42.com/buzz/fintech-startup-kredent-secures-1-1-mn-from-ramesh-damani-others,BOTBLOCKED:429
https://inc42.com/buzz/fintech-startup-snapmint-bags-18-mn-to-launch-new-bnpl-products,BOTBLOCKED:429
https://inc42.com/buzz/fintech-unicorn-moneyviews-fy25-profit-surges-40-to-inr-240-cr,BOTBLOCKED:429
https://inc42.com/buzz/fintech-unicorn-yubi-raises-inr-411-cr-to-expand-overseas,BOTBLOCKED:429
https://inc42.com/buzz/flipkart-backed-neuropixel-ai-shuts-down,BOTBLOCKED:429
https://inc42.com/buzz/from-pee-safe-to-etherealx-indian-startups-raised-269-mn-this-week,BOTBLOCKED:429
https://inc42.com/buzz/from-skyroot-to-pronto-indian-startups-raised-132-mn-this-week,BOTBLOCKED:429
https://inc42.com/buzz/from-truemeds-to-ultraviolette-indian-startups-raised-272-mn-this-week,BOTBLOCKED:429
https://inc42.com/buzz/garuda-aerospace-raises-inr-25-cr-from-venture-catalysts-wefoundercircle-others,BOTBLOCKED:429
https://inc42.com/buzz/giva-loss-widens-23-to-%E2%82%B972-cr-in-fy25-revenue-jumps-90,BOTBLOCKED:429
https://inc42.com/buzz/immunitoai-bags-6-1-mn-from-pi-ventures-others-to-develop-antibodies,BOTBLOCKED:429
https://inc42.com/buzz/in-space-funds-three-spacetech-startups-under-technology-adoption-fund,BOTBLOCKED:429
https://inc42.com/buzz/infra-markets-fy24-profit-crosses-inr-350-cr-sales-breach-inr-14k-cr-mark,BOTBLOCKED:429
https://inc42.com/buzz/inrisk-labs-raises-27-mn-to-scale-ai-led-reinsurance-platform-earthre,BOTBLOCKED:429
https://inc42.com/buzz/insurancedekho-to-file-drhp-by-september-end-report,BOTBLOCKED:429
https://inc42.com/buzz/juspay-turns-profitable-in-fy25-posts-inr-62-cr-net-profit,BOTBLOCKED:429
https://inc42.com/buzz/justai-bags-17-mn-to-scale-its-agentic-martech-stack,BOTBLOCKED:429
https://inc42.com/buzz/kouzina-food-tech-invests-in-shark-tank-fame-mopp-foods,BOTBLOCKED:429
https://inc42.com/buzz/lendingkart-finances-loss-widens-16-to-%E2%82%B9333-cr-in-fy26-revenue-falls-62,BOTBLOCKED:429
https://inc42.com/buzz/lissun-buys-being-cares-to-expand-into-children-centric-mental-health-offerings,BOTBLOCKED:429
https://inc42.com/buzz/meesho-to-acquire-gsf-backed-kirana-club-for-%E2%82%B9202-cr,BOTBLOCKED:429
https://inc42.com/buzz/mojro-closes-series-a-round-at-5-5-mn-with-additional-2-5-mn-funding,BOTBLOCKED:429
https://inc42.com/buzz/nbfc-finova-capital-nets-135-mn-to-expand-loan-book,BOTBLOCKED:429
https://inc42.com/buzz/olee-space-mops-up-3-mn-to-power-laser-based-communication-systems,BOTBLOCKED:429
https://inc42.com/buzz/otipy-shuts-operations-amid-cash-crunch,BOTBLOCKED:429
https://inc42.com/buzz/pharmeasy-to-raise-inr-1700-cr-debt,BOTBLOCKED:429
https://inc42.com/buzz/pristyn-care-lays-off-120-employees-eyes-profitability-by-fy25,BOTBLOCKED:429
https://inc42.com/buzz/pristyn-cares-loss-flat-at-inr-381-cr-in-fy24,BOTBLOCKED:429
https://inc42.com/buzz/proptech-startup-square-yards-raises-%E2%82%B9900-cr-at-unicorn-valuation,BOTBLOCKED:429
https://inc42.com/buzz/qosmic-bags-3-3-mn-to-build-laser-based-satellite-communication-systems,BOTBLOCKED:429
https://inc42.com/buzz/razorpay-slips-into-red-in-fy25-revenue-zooms-65-yoy,OK
https://inc42.com/buzz/real-money-gaming-ban-gameskrafts-layoff-count-climbs-to-400,BOTBLOCKED:429
https://inc42.com/buzz/robotics-eyerov-bags-inr-47-cr-indian-navy-contract-for-its-advanced-underwater-rovs,BOTBLOCKED:429
https://inc42.com/buzz/shadowfax-cofounders-infuse-inr-65-cr-in-ipo-bound-startup,BOTBLOCKED:429
https://inc42.com/buzz/smallest-ai-bags-13-mn-to-build-next-gen-voice-ai-models,BOTBLOCKED:429
https://inc42.com/buzz/smart-joules-bags-10-mn-to-scale-its-energy-efficiency-solutions,BOTBLOCKED:429
https://inc42.com/buzz/spacetech-startup-digantara-bags-funding-from-aditya-birla-ventures-sidbi,BOTBLOCKED:429
https://inc42.com/buzz/spinny-acquires-truebil-to-challenge-auto-giants-in-used-cars-segment,BOTBLOCKED:429
https://inc42.com/buzz/sugar-cosmetics-raises-%E2%82%B9145-cr-from-a91-at-a-near-80-valuation-cut,BOTBLOCKED:429
https://inc42.com/buzz/traveltech-startup-30-sundays-raises-%E2%82%B961-cr-to-expand-ai-powered-holiday-planning,BOTBLOCKED:429
https://inc42.com/buzz/truemeds-closes-85-mn-series-c-funding-round,BOTBLOCKED:429
https://inc42.com/buzz/unpaid-salaries-and-flailing-new-bets-deepen-winzos-survival-bid,BOTBLOCKED:429
https://inc42.com/buzz/upgrad-halves-fy25-loss-to-inr-273-7-cr-revenue-up-6,BOTBLOCKED:429
https://inc42.com/buzz/urban-company-drhp-a-look-at-the-shareholding-pattern-key-leaders,BOTBLOCKED:429
https://inc42.com/buzz/vedantu-acquires-doubt-solving-app-instasolv-to-complement-k-12-learning,BOTBLOCKED:429
https://inc42.com/buzz/yubi-groups-founder-gaurav-kumar-invests-inr-250-cr-in-the-startup,BOTBLOCKED:429
https://inc42.com/buzz/yulu-cuts-its-fy25-loss-by-12-to-inr-126-cr-revenue-doubles-yoy,BOTBLOCKED:429
https://inc42.com/buzz/zetas-valuation-jumps-to-2-bn-after-funding-from-optum,BOTBLOCKED:429
https://inc42.com/company/acko,BOTBLOCKED:429
https://inc42.com/company/ati-motors/financials,BOTBLOCKED:429
https://inc42.com/company/bgauss,BOTBLOCKED:429
https://inc42.com/company/bgauss/people,BOTBLOCKED:429
https://inc42.com/company/bharatpe,BOTBLOCKED:429
https://inc42.com/company/bharatpe/funding,BOTBLOCKED:429
https://inc42.com/company/celcius-logistics,BOTBLOCKED:429
https://inc42.com/company/cred/financials,BOTBLOCKED:429
https://inc42.com/company/earlysalary,BOTBLOCKED:429
https://inc42.com/company/eatclub-brands/financials,BOTBLOCKED:429
https://inc42.com/company/emversity,BOTBLOCKED:429
https://inc42.com/company/finova-capital,BOTBLOCKED:429
https://inc42.com/company/fireflies,BOTBLOCKED:429
https://inc42.com/company/foxtale,BOTBLOCKED:429
https://inc42.com/company/games24x7,BOTBLOCKED:429
https://inc42.com/company/games24x7/financials,BOTBLOCKED:429
https://inc42.com/company/gupshup/financials,BOTBLOCKED:429
https://inc42.com/company/gupshup/funding,BOTBLOCKED:429
https://inc42.com/company/hasura/funding,BOTBLOCKED:429
https://inc42.com/company/idfy,BOTBLOCKED:429
https://inc42.com/company/infra-market,BOTBLOCKED:429
https://inc42.com/company/jumbotail,BOTBLOCKED:429
https://inc42.com/company/leadsquared,BOTBLOCKED:429
https://inc42.com/company/leap,BOTBLOCKED:429
https://inc42.com/company/lendingkart/funding,BOTBLOCKED:429
https://inc42.com/company/miko/financials,BOTBLOCKED:429
https://inc42.com/company/moglix/financials,BOTBLOCKED:429
https://inc42.com/company/mojro/financials,BOTBLOCKED:429
https://inc42.com/company/mokobara/financials,BOTBLOCKED:429
https://inc42.com/company/mopp-foods/funding,BOTBLOCKED:429
https://inc42.com/company/mpokket/latest,BOTBLOCKED:429
https://inc42.com/company/navata-supply-chain-solutions/funding,BOTBLOCKED:429
https://inc42.com/company/nua,BOTBLOCKED:429
https://inc42.com/company/nua/financials,BOTBLOCKED:429
https://inc42.com/company/pixxel/financials,BOTBLOCKED:429
https://inc42.com/company/postman,BOTBLOCKED:429
https://inc42.com/company/pristyn-care/funding,BOTBLOCKED:429
https://inc42.com/company/r-for-rabbit/captable,BOTBLOCKED:429
https://inc42.com/company/sharechat,BOTBLOCKED:429
https://inc42.com/company/skydo/financials,BOTBLOCKED:429
https://inc42.com/company/smart-joules/financials,BOTBLOCKED:429
https://inc42.com/company/snapmint,BOTBLOCKED:429
https://inc42.com/company/stellapps,BOTBLOCKED:429
https://inc42.com/company/toddle,BOTBLOCKED:429
https://inc42.com/company/traqo-io/financials,BOTBLOCKED:429
https://inc42.com/company/truemeds/financials,BOTBLOCKED:429
https://inc42.com/company/vervesemi/financials,BOTBLOCKED:429
https://inc42.com/company/weaver,BOTBLOCKED:429
https://inc42.com/company/yubi/captable,BOTBLOCKED:429
https://inc42.com/features/25-indian-startups-shut-down-in-2025,BOTBLOCKED:429
https://inc42.com/features/indian-startup-ipo-tracker-2026,BOTBLOCKED:429
https://inc42.com/features/indian-startup-layoff-tracker-2025,BOTBLOCKED:429
https://inc42.com/features/indian-unicorn-tracker-funding-investors-revenue-and-more,BOTBLOCKED:429
https://inc42.com/features/inside-the-leadership-behind-sharechats-%E2%82%B91000-cr-turnaround,BOTBLOCKED:429
https://inc42.com/features/josh-in-jeopardy-funds-run-dry-for-dailyhunt-can-ai-get-verse-back-in-rhymes,BOTBLOCKED:429
https://inc42.com/features/logistics-ai-provider-netradyne-is-the-first-unicorn-of-2025,BOTBLOCKED:429
https://inc42.com/features/nobrokers-future-is-beyond-home-listings-but-will-profits-follow,BOTBLOCKED:429
https://inc42.com/features/the-bharatpe-saga-here-are-all-the-key-players,BOTBLOCKED:429
https://inc42.com/lists/top-30-funded-startups-in-ahmedabad-2026,BOTBLOCKED:429
https://inc42.com/lists/top-30-funded-startups-in-jaipur-2026,BOTBLOCKED:429
https://inc42.com/lists/top-30-funded-startups-in-kolkata-2026,BOTBLOCKED:429
https://inc42.com/startups/how-immunito-ai-is-changing-the-rule-of-antibody-discovery-with-its-ai-stack,BOTBLOCKED:429
https://inc42.com/startups/how-lissuns-founder-turned-his-personal-crisis-into-the-startups-mission-statement,BOTBLOCKED:429
https://inc42.com/startups/how-square-yards-built-a-inr-1400-cr-business-by-owning-the-entire-real-estate-lifecycle,BOTBLOCKED:429
https://india.entrepreneur.com/news-and-trends/construction-tech-firm-inframarket-raises-inr-732-cr/497314,OK
https://india.entrepreneur.com/news-and-trends/ev-startup-river-raises-40m-in-series-b-led-by-yamaha/469325,OK
https://india.entrepreneur.com/news-and-trends/robotics-startup-miko-raises-usd-105-mn-led-by-iheartmedia/499355,OK
https://india.entrepreneur.com/technology/inside-sharechats-financial-turnaround-the-next-big-bet-on-microdrama,OK
https://indianexpress.com/article/entertainment/television/namita-thapar-calls-bonkers-corner-her-most-meaningful-deal-on-shark-tank-india-5-10506599,OK
https://indianexpress.com/article/technology/science/pixxels-firefly-satellites-dhruva-spaces-leap-1-placed-in-orbit-by-falcon-9-rocket-10212345,DEAD:404
https://indianstartupnews.com/funding/agritech-startup-agrostar-raises-30-million-led-by-climate-focused-investment-firm-just-climate-10791521,OK
https://indianstartupnews.com/funding/ai-contact-centre-startup-dialflo-raises-rs-17-crore-in-funding-led-by-ajvc-12519088,OK
https://indianstartupnews.com/funding/b2b-pharma-platform-fundlyai-raises-4-million-to-expand-commerce-payments-and-credit-business-12506014,OK
https://indianstartupnews.com/funding/battery-technology-startup-coulomb-litech-raises-rs-20-crore-to-scale-manufacturing-capabilities-11146904,OK
https://indianstartupnews.com/funding/cellogen-therapeutics-raises-rs-20-crore-from-kotak-alts-to-advance-car-t-cancer-therapies-11847707,OK
https://indianstartupnews.com/funding/ev-startup-baaz-bikes-raises-usd-8-million-in-a-series-a-round-1703167,OK
https://indianstartupnews.com/funding/indian-gaming-startup-arc-raises-rs-105-crore-to-advance-portable-gaming-system-arc-x1-12523947,OK
https://indianstartupnews.com/funding/indian-startups-raised-over-412-million-from-september-7-to-september-12-2026-pixxel-tops-the-list-12528949,OK
https://indianstartupnews.com/funding/logistics-and-supply-chain-startup-yantra-packs-raises-rs-12-crore-in-seed-funding-from-caret-capital-12398243,OK
https://indianstartupnews.com/funding/mumbai-based-wealthtech-startup-dezerv-raises-rs-265-crore-in-a-series-b-round-5551742,OK
https://indianstartupnews.com/funding/navata-supply-chain-solutions-raises-rs-135-crore-to-revolutionize-last-mile-integrated-logistics-in-bharat-10532904,OK
https://indianstartupnews.com/funding/nazara-founder-nitish-mittersain-others-invest-45-million-in-climatetech-startup-circolife-12506981,OK
https://indianstartupnews.com/funding/pharmeasy-founders-new-startup-allhome-raises-rs-200-crore-doubles-valuation-to-rs-2000-crore-12109404,OK
https://indianstartupnews.com/funding/pune-based-deeptech-startup-aeron-systems-raises-rs-45-crore-in-pre-series-b-funding-12483665,OK
https://indianstartupnews.com/funding/shark-tank-india-featured-fuel-tech-startup-nawgati-raises-25-million-9039787,OK
https://indianstartupnews.com/funding/vecton-ai-raises-rs-6-crore-in-pre-seed-funding-led-by-zeropearl-vc-12250906,OK
https://indianstartupnews.com/news/browserstack-announces-125-million-share-buyback-programme-says-we-want-our-team-to-feel-the-same-ownership-10991068,OK
https://indianstartupnews.com/news/cars24-india-loss-widens-to-rs-543-crore-in-fy25-revenue-falls-10-11163537,OK
https://indianstartupnews.com/news/curefoods-puts-ipo-plans-on-hold-as-market-volatility-hits-startup-listings-12013624,OK
https://indianstartupnews.com/news/dhan-parent-company-enters-insurance-distribution-with-greenlife-acquisition-11830775,OK
https://indianstartupnews.com/news/dhruva-space-secures-rs-105-crore-from-indian-govt-for-project-garud-satellite-manufacturing-11834043,OK
https://indianstartupnews.com/news/ed-alleges-winzo-used-bots-ai-to-manipulate-game-algorithms-and-cheat-players-of-rs-734-crore-11032925,OK
https://indianstartupnews.com/news/indian-visa-platform-atlys-announces-first-ever-esop-buyback-worth-rs-4-crore-11701938,OK
https://indianstartupnews.com/news/indrajaal-partners-with-sigma-advanced-systems-1383148,OK
https://indianstartupnews.com/news/isn-exclusive-cars24-to-exit-bengaluru-as-it-concentrates-focus-on-gurugram-10945734,OK
https://indianstartupnews.com/tags/robotics,OK
https://indiantelevision.com/mam/adobe-acquires-indian-ai-startup-rilo-to-expand-agentic-ai-push,OK
https://infomericstorage.blob.core.windows.net/uploads/pr_Lending_Kartf_4may26_e61b5fba8d.pdf,OK
https://investorrelations.urbancompany.com/announcements-and-highlights/urban-company-posts-44-revenue-growth-(highest-in-16-quarters)-adjusted-ebitda-loss-shrinks-qoq-by-33-adjusted-ebitda-(ex-instahelp)-more-than-doubles-yoy-to-%E2%82%B967-cr,OK
https://investors.nazara.com/content/pdfs/announcements/1785775671-press-release-q1-2026-27.pdf,OK
https://investors.nxp.com/news-releases/news-release-details/nxp-agrees-acquire-edge-ai-pioneer-kinara-redefine-intelligent,BOTBLOCKED:403
https://ipocentral.in/ashish-kacholia-backed-immunitoai-bags-inr-54-cr,OK
https://ipocentral.in/sagar-defence-ipo-chart-course-toward-3000cr-listing,OK
https://jumbotail.com/news-room,OK
https://jurisphere.ai,OK
https://justswish.in/blog/swish-series-b,OK
https://laffaz.com/battery-smart-185-5-crore-series-c-rising-tide-ventures,OK
https://laffaz.com/rentomojo-capital-accel-chiratae,OK
https://leapscholar.com/about-us,OK
https://legal.economictimes.indiatimes.com/news/industry/cms-induslaw-khaitan-guide-kiwis-24-mln-series-b-funding-led-by-vertex-ventures/123558211,OK
https://linkedin.com/company/batterysmart,OK
https://linkedin.com/company/bigendiansemi,OK
https://linkedin.com/company/drivn-transition-private-limited,OK
https://linkedin.com/company/emversity10,OK
https://linkedin.com/company/powerup-money,OK
https://linkedin.com/company/qweenjewels,OK
https://linkedin.com/company/raphe-mphibr,OK
https://linkedin.com/company/skydo-official,OK
https://linkedin.com/company/smartjoules,OK
https://linkedin.com/company/trevelmobility,OK
https://linkedin.com/company/vervesemi,OK
https://m.economictimes.com/industry/banking/finance/insure/insurancedekho-set-to-merge-with-renewbuy/articleshow/121299681.cms,OK
https://m.economictimes.com/industry/indl-goods/svs/chem-/-fertilisers/jubilant-ingrevia-to-acquire-40pc-stake-in-zettaone-technologies-for-rs-189-2-cr/articleshow/133328166.cms,OK
https://m.economictimes.com/industry/services/property-/-cstruction/holiday-home-operator-elivaas-plans-new-funding-round-targets-1200-villas/articleshow/131681615.cms,OK
https://m.economictimes.com/industry/services/property-/-cstruction/landeed-secures-5-million-series-x-funding-to-expand-ai/ml-capabilities-through-landeed-labs/articleshow/117477159.cms,OK
https://m.economictimes.com/markets/ipos/fpos/bengaluru-based-defence-electronics-firm-tonbo-imaging-files-drhp-with-sebi-for-ipo/articleshow/126142202.cms,OK
https://m.economictimes.com/markets/ipos/fpos/cult-fit-ipo-actor-hrithik-roshan-set-to-sell-6-33-lakh-shares-in-rs-3500-4000-crore-off/articleshow/132260947.cms,OK
https://m.economictimes.com/markets/stocks/news/physicswallah-q4-results-losses-narrow-74-yoy-to-rs-75-crore-as-revenue-jumps-51/articleshow/131352587.cms,OK
https://m.economictimes.com/markets/stocks/news/stocks-to-buy-in-2025-for-long-term-zaggle-justdial-among-5-stocks-that-could-give-15-47-return/brokerage-recommendations/slideshow/124565833.cms,OK
https://m.economictimes.com/markets/stocks/news/zerodha-co-founder-nikhil-kamath-invests-rs-137-5-crore-in-surat-based-goldi-solar/articleshow/123362858.cms,OK
https://m.economictimes.com/news/company/corporate-trends/reliances-hanooman-an-ai-model-backed-by-mukesh-ambani-speeds-toward-a-march-india-rollout/articleshow/107870076.cms,OK
https://m.economictimes.com/news/company/corporate-trends/vc-fund-caret-capital-invests-rs-12-crore-in-yantra-packs/articleshow/133348106.cms,OK
https://m.economictimes.com/news/defence/bharat-forge-increases-stake-in-defense-tech-supplier-aeron-systems/articleshow/73034079.cms,OK
https://m.economictimes.com/news/defence/indrajaal-unveils-ai-enabled-anti-drone-patrol-vehicle/articleshow/125585653.cms,OK
https://m.economictimes.com/news/india/a23-owner-head-digital-works-moves-karnataka-hc-against-new-online-gaming-law/articleshow/123556791.cms,OK
https://m.economictimes.com/small-biz/sme-sector/how-nestasia-grew-into-a-rs-115-crore-brand-and-set-its-sights-on-the-next-big-leap/articleshow/132381496.cms,OK
https://m.economictimes.com/small-biz/startups/newsbuzz/et-startup-awards-2020-vedantu-founders-win-comeback-kid-award/articleshow/77715418.cms,OK
https://m.economictimes.com/small-biz/startups/newsbuzz/vini-cosmetics-darshan-patel-turns-mentor-for-ex-torrent-pharmas-ed-ruchir-modis-start-up-puro-life/articleshow/67148162.cms,OK
https://m.economictimes.com/tech/artificial-intelligence/atlan-is-building-a-bridge-to-bring-ai-pilots-to-real-world/articleshow/124726957.cms,OK
https://m.economictimes.com/tech/artificial-intelligence/krutrim-announces-agentic-ai-assistant-kruti-to-launch-on-june-12/articleshow/121727949.cms,OK
https://m.economictimes.com/tech/funding/agritech-startup-growit-raises-3-million-in-funding-round-led-by-gvfl/articleshow/121462276.cms,OK
https://m.economictimes.com/tech/funding/ai-startup-refold-ai-raises-6-5-million-from-eniac-ventures-tidal-ventures/articleshow/123281091.cms,OK
https://m.economictimes.com/tech/funding/b2b-startup-fundly-ai-raises-4-million-led-by-accel-multiply/articleshow/133890712.cms,OK
https://m.economictimes.com/tech/funding/baaz-bikes-raises-8-million-led-by-big-capital/articleshow/105364738.cms,OK
https://m.economictimes.com/tech/funding/binny-bansals-3state-ventures-invests-rs-160-crore-in-curefoods-pre-ipo-round/articleshow/124146159.cms,OK
https://m.economictimes.com/tech/funding/coinswitch-kuber-valued-at-500-million-after-raising-25-million-from-tiger/articleshow/82195549.cms,OK
https://m.economictimes.com/tech/funding/curefit-raises-145-million-in-funding-round-led-by-zomato/articleshow/88071077.cms,OK
https://m.economictimes.com/tech/funding/cybersecurity-firm-mitigata-raises-15-million-funding-led-by-bessemer-venture-partners/articleshow/131918740.cms,OK
https://m.economictimes.com/tech/funding/d2c-luggage-brand-mokobara-raises-12-million-funding-from-peak-xv-partners-existing-investors/articleshow/108000032.cms,OK
https://m.economictimes.com/tech/funding/dairy-tech-firm-stellapps-raises-26-million-in-a-mix-of-equity-and-debt/articleshow/114400478.cms,OK
https://m.economictimes.com/tech/funding/drone-startup-garuda-aerospace-secures-rs-100-crore-funding-from-venture-catalysts-at-250-million-valuation/articleshow/120334562.cms,OK
https://m.economictimes.com/tech/funding/edtech-startup-vedantu-raises-11-million-from-existing-investor-accel-others/articleshow/124143854.cms,OK
https://m.economictimes.com/tech/funding/filter-capital-3one4-back-d2c-brand-r-for-rabbit-in-27-million-primary-secondary-deal/articleshow/123381115.cms,OK
https://m.economictimes.com/tech/funding/fintech-firm-money-view-raises-75-million-in-funding-to-scale-core-credit-business/articleshow/96510953.cms,OK
https://m.economictimes.com/tech/funding/gen-ai-startup-sarvam-ai-raises-41-million-in-funding-from-lightspeed-peak-xv-and-khosla-ventures/articleshow/105801243.cms,OK
https://m.economictimes.com/tech/funding/geospatial-startup-neogeo-raises-20-million-in-funding-from-sbis-neev-ii-fund-aavishkaar-capital/articleshow/133314573.cms,OK
https://m.economictimes.com/tech/funding/graph-ai-raises-13-3-million-from-insight-partners-bessemer-to-scale-ai-native-patient-safety-platform/articleshow/134047175.cms,OK
https://m.economictimes.com/tech/funding/hasura-raises-100-million-becomes-tenth-startup-unicorn-of-2022/articleshow/89754612.cms,OK
https://m.economictimes.com/tech/funding/home-and-lifestyle-brand-haus-kinder-raises-3-3-million-in-round-led-by-sauce-vc/articleshow/125252266.cms,OK
https://m.economictimes.com/tech/funding/hospitality-startup-elivaas-raises-10-4-million-in-funding-round-led-by-vertex-ventures/articleshow/123244145.cms,OK
https://m.economictimes.com/tech/funding/ipo-bound-ai-company-fractal-bags-170-million-at-2-44-billion-valuation/articleshow/122455396.cms,OK
https://m.economictimes.com/tech/funding/kgen-raises-13-5-million-from-prosus-jump-crypto-accel/articleshow/124294056.cms,OK
https://m.economictimes.com/tech/funding/leap-raises-65-million-in-funding-round-led-by-apis-partners/articleshow/117675174.cms,OK
https://m.economictimes.com/tech/funding/livspace-turns-unicorn-with-180-million-funding-led-by-kkr/articleshow/89419186.cms,OK
https://m.economictimes.com/tech/funding/logistics-platform-quickshift-raises-2-4-million-from-atomic-capital-others/articleshow/125248271.cms,OK
https://m.economictimes.com/tech/funding/new-age-travel-accessories-platform-escape-plan-raises-5-million-from-jungle-ventures-fireside-ventures/articleshow/122820091.cms,OK
https://m.economictimes.com/tech/funding/ola-founder-bhavish-aggarwals-krutrim-ai-turns-unicorn-with-50-million-funding-from-matrix-others/articleshow/107166669.cms,OK
https://m.economictimes.com/tech/funding/one-card-secures-25-5-million-from-qed-investors-btv-peak-xv-partners-and-z47/articleshow/116259556.cms,OK
https://m.economictimes.com/tech/funding/peak-xv-leads-rs-350-crore-funding-round-in-wealth-manager-neo-group/amp_articleshow/132454861.cms,OK
https://m.economictimes.com/tech/funding/popo-global-secures-rs-532-crore-investment-from-artal-asia-valuation-at-rs-1250-crore/amp_articleshow/134022858.cms,OK
https://m.economictimes.com/tech/funding/prosus-invests-100-million-in-navi-at-1-3-billion-valuation/articleshow/133349944.cms,OK
https://m.economictimes.com/tech/funding/robotics-startup-miko-raises-10-5-million-from-iheartmedia-to-integrate-us-firms-audio-content-in-devices/articleshow/125153879.cms,OK
https://m.economictimes.com/tech/funding/saas-startup-rocketlane-raises-60-million-from-insight-partners-for-ai-push/articleshow/129800423.cms,OK
https://m.economictimes.com/tech/funding/skydo-secures-rs-90-crore-in-fresh-funding/amp_articleshow/125877194.cms,OK
https://m.economictimes.com/tech/funding/slice-raises-8-5-million-from-founder-rajan-bajaj/articleshow/114311542.cms,OK
https://m.economictimes.com/tech/funding/snapmint-raises-125-million-from-ga-others/articleshow/124965109.cms,OK
https://m.economictimes.com/tech/funding/stockgro-raises-5-million-in-funding-led-by-roots-ventures-velo-partners/articleshow/85040535.cms,OK
https://m.economictimes.com/tech/funding/underwater-drone-developer-eyerov-raises-rs-10-crore/articleshow/112487835.cms,OK
https://m.economictimes.com/tech/funding/wealthtech-firm-centricity-raises-rs-280-crore-funding-led-by-smbc/articleshow/133190809.cms,OK
https://m.economictimes.com/tech/newsletters/morning-dispatch/shadowfaxs-pre-ipo-funding-round-upgrad-secures-60-million/amp_articleshow/114409148.cms,OK
https://m.economictimes.com/tech/newsletters/tech-top-5/zetwerks-3-billion-leap-blinkits-bistro-standalone-app/articleshow/116256185.cms,OK
https://m.economictimes.com/tech/startups/cultfit-files-ipo-papers-with-sebi-to-raise-rs-950-crore-via-fresh-issue/articleshow/132229916.cms,OK
https://m.economictimes.com/tech/startups/dream11-parent-dream-sports-weighs-1-5-billion-us-listing/articleshow/82136391.cms,OK
https://m.economictimes.com/tech/startups/driven-by-ai-edtech-funding-rebounds-with-5x-surge-in-h1-2025/articleshow/123884905.cms,OK
https://m.economictimes.com/tech/startups/eruditus-raises-150-million-led-by-tpg-rise-company-to-flip-domicile-to-india-from-singapore/articleshow/114325642.cms,OK
https://m.economictimes.com/tech/startups/et-startup-awards-2025-bootstrap-champ-low-burn-and-high-agility-take-minfy-to-cloud-nine/articleshow/123620656.cms,OK
https://m.economictimes.com/tech/startups/ettech-exclusive-rbi-orders-bnpl-firm-simpl-to-halt-payment-services/articleshow/124122927.cms,OK
https://m.economictimes.com/tech/startups/ev-infra-bets-gain-ground-as-startups-eye-65-million-funding/articleshow/131997714.cms,OK
https://m.economictimes.com/tech/startups/executive-edutech-firm-eruditus-closes-150-million-refinancing-deal/amp_articleshow/123829359.cms,OK
https://m.economictimes.com/tech/startups/fidelity-marks-down-conversational-ai-platform-gupshups-valuation-by-80-to-278-million/articleshow/129997269.cms,OK
https://m.economictimes.com/tech/startups/fintech-lending-platform-moneyview-acquires-fintech-startup-jify-attains-unicorn-status/articleshow/113299253.cms,OK
https://m.economictimes.com/tech/startups/freshworks-lists-on-nasdaq-after-billion-dollar-ipo/articleshow/86428640.cms,OK
https://m.economictimes.com/tech/startups/groww-files-draft-papers-for-ipo-eyes-700-million-to-1-billion-listing/articleshow/121403614.cms,OK
https://m.economictimes.com/tech/startups/homedecor-startup-livspaces-fy25-revenue-rises-23-to-rs-1460-crore/articleshow/124520597.cms,OK
https://m.economictimes.com/tech/startups/india-gaming-incubator-adds-six-startups-including-kolkatas-advaita/articleshow/120555307.cms,OK
https://m.economictimes.com/tech/startups/inside-good-glamms-collapse-a-timeline-of-how-the-crisis-unfolded/articleshow/122885143.cms,OK
https://m.economictimes.com/tech/startups/loral-innovist-deal-delivers-windfall-for-early-backers-hands-founders-rs-800-900-crore/articleshow/131832800.cms,OK
https://m.economictimes.com/tech/startups/moglix-acquires-e-commerce-platform-vendaxo/amp_articleshow/84203032.cms,OK
https://m.economictimes.com/tech/startups/nestle-acquires-minority-stake-in-indian-pet-food-brand-drools/articleshow/121410347.cms,OK
https://m.economictimes.com/tech/startups/ninjacarts-revenue-jumps-74-to-cross-rs-2000-crore-in-fy24-loss-down-20/articleshow/114733844.cms,OK
https://m.economictimes.com/tech/startups/niyo-to-acquire-capital-indias-remitx-forex-business-for-rs-11-4-crore/articleshow/133669577.cms,OK
https://m.economictimes.com/tech/startups/one-card-looking-to-raise-rs-240-crore-from-better-tomorrow-ventures-peak-xv-partners-and-z4z/articleshow/115647086.cms,OK
https://m.economictimes.com/tech/startups/oyo-becomes-most-profitable-indian-startup-in-fy25-with-rs-623-crore-profit-founder-ritesh-agarwal/amp_articleshow/120998964.cms,OK
https://m.economictimes.com/tech/startups/prukalpa-sankar-ceo-atlan-wins-et-startup-2025-woman-ahead-award/videoshow/124999095.cms,OK
https://m.economictimes.com/tech/startups/spacetech-firm-agnikul-eyes-50-75-million-at-flat-500-million-value/articleshow/130996599.cms,OK
https://m.economictimes.com/tech/startups/success-of-skyroot-and-dhruva-spawns-spacetech-startup-wave-in-hyderabad/articleshow/131954843.cms,OK
https://m.economictimes.com/tech/startups/tickertape-lays-off-30-staff-may-fold-up-into-wealth-management-startup-smallcase/articleshow/99821589.cms,OK
https://m.economictimes.com/tech/startups/upgrad-to-acquire-unacademy-at-lower-rs-2000-crore-valuation/articleshow/130738922.cms,OK
https://m.economictimes.com/tech/startups/who-is-falguni-nayar-indias-richest-self-made-woman/articleshow/87629451.cms,OK
https://m.economictimes.com/tech/startups/winzo-case-hc-warns-ed-of-costs-if-challenge-to-nandas-bail-is-unnecessary/articleshow/130170137.cms,OK
https://m.economictimes.com/tech/startups/wow-momo-foods-to-add-200-outlets-eyes-rs-1200-crore-revenue-in-fy27/articleshow/130142881.cms,OK
https://m.economictimes.com/tech/startups/zaggle-q1-profit-jumps-56-yoy-to-rs-26-crore-revenue-up-32/articleshow/123308119.cms,OK
https://m.economictimes.com/tech/startups/zenoti-acquires-supersalon-sets-aside-over-100-million-for-acquisitions/articleshow/86193989.cms,OK
https://m.economictimes.com/tech/startups/zetwerk-logs-25-rise-in-fy24-operating-revenue-loss-triples-to-rs-470-crore/articleshow/116474562.cms,OK
https://m.economictimes.com/tech/technology/92-million-and-counting-for-indian-semicon-trailblazers-in-just-five-months-of-2026/amp_articleshow/131448304.cms,OK
https://m.economictimes.com/tech/technology/acko-posts-rs-424-crore-loss-even-as-topline-rises-34/articleshow/125387856.cms,OK
https://m.economictimes.com/tech/technology/annual-report-shows-ipo-bound-meesho-recorded-34-year-on-year-growth-in-orders-in-april-december-2024-period/articleshow/119534627.cms,OK
https://m.economictimes.com/tech/technology/b2b-ecommerce-company-udaan-reports-37-decline-in-net-loss-to-rs-1055-crore/articleshow/128147448.cms,OK
https://m.economictimes.com/tech/technology/dhan-parent-raise-financial-acquires-algo-trading-platform-stratzy-in-cash-and-stock-deal/articleshow/130409187.cms,OK
https://m.economictimes.com/tech/technology/dream-sports-swings-to-rs-479-crore-loss-in-fy25-as-revenue-falls-15/articleshow/128118668.cms,OK
https://m.economictimes.com/tech/technology/eloelo-reports-fy25-operating-revenue-at-rs-69-5-crore-expenses-jump-67-on-marketing-spends/amp_articleshow/129932464.cms,OK
https://m.economictimes.com/tech/technology/gaming-app-mpl-to-sack-60-of-local-staff-after-paid-gaming-ban-source-says/articleshow/123616435.cms,OK
https://m.economictimes.com/tech/technology/groww-ipo-once-a-misspelt-name-now-a-household-name-cofounder-harsh-jain/articleshow/125267508.cms,OK
https://m.economictimes.com/tech/technology/groww-reports-25-jump-in-operating-revenue-at-rs-1216-crore-but-net-profit-dips-27/articleshow/126526538.cms,OK
https://m.economictimes.com/tech/technology/groww-triples-fy25-net-profit-to-rs-1819-crore-closes-200-million-funding-round-at-7-billion-valuation/articleshow/121807104.cms,OK
https://m.economictimes.com/tech/technology/kkr-invests-in-rebel-foods-valuing-the-cloud-kitchen-brand-at-around-800-million/articleshow/116462887.cms,OK
https://m.economictimes.com/tech/technology/moglix-acquires-khatema-fibres-for-rs-80-crore/articleshow/115519217.cms,OK
https://m.economictimes.com/tech/technology/onecard-stops-issuing-new-credit-cards-as-rbi-seeks-clarifications-from-partner-banks/articleshow/125794207.cms,OK
https://m.economictimes.com/tech/technology/physicswallah-posts-26-rise-in-q2-fy26-revenue-profit-climbs-to-rs-70-crore/articleshow/125840665.cms,OK
https://m.economictimes.com/tech/technology/rebel-foods-posts-rise-in-fy24-revenue-to-rs-1420-crore-trims-losses/articleshow/112924120.cms,OK
https://m.economictimes.com/tech/technology/shortly-after-340-million-raise-udaan-lays-off-over-100-employees/articleshow/106082101.cms,OK
https://m.economictimes.com/tech/technology/stockbroker-dhans-profit-jumps-2-5-times-to-rs-408-crore-revenue-up-2-3x/articleshow/127883525.cms,OK
https://m.economictimes.com/tech/technology/vanguard-marks-ola-valuation-down-to-70-million-99-lower-from-peak/articleshow/131484337.cms,OK
https://m.economictimes.com/tech/technology/zerodha-fy25-profit-drops-23-amid-regulatory-headwinds/articleshow/125490615.cms,OK
https://manufacturing.economictimes.indiatimes.com/news/hi-tech/semicon-startup-vervesemi-raises-10-million-in-series-a-round/128498323,OK
https://medial.app/news/exclusive-peak-xv-joins-truemeds-series-c-round-with-dollar20-mn-81406ad395e47,BOTBLOCKED:503
https://medial.app/news/exclusive-pristyn-care-raises-dollar4-mn-to-scale-in-house-hospitals-preps-for-larger-round-f0edcefd14444,BOTBLOCKED:503
https://medial.app/news/exclusive-robotics-startup-miko-to-raise-dollar155-mn-at-dollar550-mn-valuation-d35d55969015d,BOTBLOCKED:503
https://medicalbuyer.co.in/indias-healthtech-sector-raises-usd-9-9-billion-in-2025,OK
https://memeburn.com/sapiom-raises-35m-to-route-ai-agents-to-cheaper-models,OK
https://mercomindia.com/ev-battery-firm-the-energy-company-raises-2-million-in-pre-series-a-funding,OK
https://mitigata.com/company/media/series-b,OK
https://mobidictum.com/qila-games-secures-1-million,OK
https://mojro.com/about-us,OK
https://money.rediff.com/news/market/aurum-proptech-fy25-loss-narrows-revenue-rises/26009620250429,OK
https://mp.tie.org/beyond-metros-indore-central-india-new-frontier-for-startups,OK
https://myescplan.com/blogs/news/escape-plan-raises-5m-to-expand-travel-gear-platform,OK
https://neowealthpartners.com/about,OK
https://news.ventureintelligence.com/ma/zenoti-acquires-us-salon-sware-co-supersalon,OK
https://newsroom.yulu.bike/assets/pdf/2024-Feb_23-Yulu-Equity_Funding-Press_Release.pdf,OK
https://neysa.ai/press-release/blackstone-leads-funding-of-over-1-billion-dollar-to-neysa,OK
https://neysa.ai/press-release/neysa-raises-20-million-in-seed-funding-to-accelerate-generative-ai-adoption-for-enterprises,OK
https://ninjacart.com/about-us,OK
https://ninjacart.com/blog/ninjacart-raises-rs-250-crores-from-accel-us-syngenta-ventures,OK
https://nsearchives.nseindia.com/corporate/9900590024_31072026124024_Press_Release.pdf,OK
https://nsearchives.nseindia.com/corporate/MEESHO_23072026165559_MLBMOutcome23072026.pdf,OK
https://nsearchives.nseindia.com/corporate/NAZARA_08092024122309_AnnualReport20232024.pdf,OK
https://olee.space,OK
https://onestolabs.com,OK
https://payloadspace.com/pixxel-raises-100m-series-c-to-fund-next-gen-sats,OK
https://payloadspace.com/pixxel-series-a,OK
https://pharma.economictimes.indiatimes.com/news/pharma-industry/medicine-e-tailer-sastasundar-says-its-deal-with-flipkart-is-now-over/117662277,OK
https://pitchbook.com/profiles/company/108952-48,BOTBLOCKED:403
https://pitchbook.com/profiles/company/110393-29,OK
https://pitchbook.com/profiles/company/111824-92,BOTBLOCKED:403
https://pitchbook.com/profiles/company/122210-02,BOTBLOCKED:403
https://pitchbook.com/profiles/company/172275-22,BOTBLOCKED:403
https://pitchbook.com/profiles/company/174523-69,OK
https://pitchbook.com/profiles/company/267943-33,OK
https://pitchbook.com/profiles/company/277313-68,OK
https://pitchbook.com/profiles/company/332123-68,BOTBLOCKED:403
https://pitchbook.com/profiles/company/399505-96,OK
https://pitchbook.com/profiles/company/516031-21,BOTBLOCKED:403
https://pitchbook.com/profiles/company/529618-87,OK
https://pitchbook.com/profiles/company/55124-56,OK
https://pitchbook.com/profiles/company/55782-55,OK
https://pitchbook.com/profiles/company/58368-97,OK
https://pitchbook.com/profiles/company/61952-77,BOTBLOCKED:403
https://pitchbook.com/profiles/company/87256-99,BOTBLOCKED:403
https://pitchbook.com:8443/profiles/company/120729-70,BOTBLOCKED:403
https://pitchbook.com:8443/profiles/company/226777-06,BOTBLOCKED:403
https://pitchbook.com:8443/profiles/company/228322-09,BOTBLOCKED:403
https://pitchbook.com:8443/profiles/company/436520-71,BOTBLOCKED:403
https://pitchkaroindia.com/pages/blinkit-founder-story-how-a-4447-crore-deal-created-history,DEAD:404
https://platform.tracxn.com,OK
https://platform.tracxn.com/a/d/company/52bd75a1e4b033223572e7b2/inmobi,BOTBLOCKED:403
https://platform.tracxn.com/a/d/company/52bf2b33e4b0420b03968ed5/ola,BOTBLOCKED:403
https://platform.tracxn.com/a/d/company/52c5192be4b03a1193597e06/nazara,BOTBLOCKED:403
https://platform.tracxn.com/a/d/company/52ca75c7e4b093852fc328a8/chargebee,BOTBLOCKED:403
https://platform.tracxn.com/a/d/company/52d00487e4b00c95d62754bb/vedantu,BOTBLOCKED:403
https://platform.tracxn.com/a/d/company/52dcd057e4b07c90e4b08a1a/nykaa,BOTBLOCKED:403
https://platform.tracxn.com/a/d/company/53198f02e4b0f7e165faf621/exxat,BOTBLOCKED:403
https://platform.tracxn.com/a/d/company/531a68b8e4b0f7e1660eab44/navi,BOTBLOCKED:403
https://platform.tracxn.com/a/d/company/5374915ce4b085ec4f4d31d9/oyo,BOTBLOCKED:403
https://platform.tracxn.com/a/d/company/5393f3a5e4b050e1f4f9bda7/uolo,BOTBLOCKED:403
https://platform.tracxn.com/a/d/company/53943021e4b050e1f4fbce06/rocketlane,BOTBLOCKED:403
https://platform.tracxn.com/a/d/company/54e49bcce4b09c3be254fb2d/hasura,BOTBLOCKED:403
https://platform.tracxn.com/a/d/company/55648987e4b098aa6fccd194/shadowfax,BOTBLOCKED:403
https://platform.tracxn.com/a/d/company/55648987e4b0da0a677597ed/shadowfax,BOTBLOCKED:403
https://platform.tracxn.com/a/d/company/56031832e4b0fee07ae2ef71/watch%20your%20health,BOTBLOCKED:403
https://platform.tracxn.com/a/d/company/560a4994e4b043dcbb36efd5/zenoti,BOTBLOCKED:403
https://platform.tracxn.com/a/d/company/5614f73ae4b0e4fa319539bf/smallcase,BOTBLOCKED:403
https://platform.tracxn.com/a/d/company/56309520e4b03f67066ed387/meesho,BOTBLOCKED:403
https://platform.tracxn.com/a/d/company/57a703cce4b05b93ecbb2d3d/cultfit,BOTBLOCKED:403
https://platform.tracxn.com/a/d/company/57bf4bfee4b00f3f2a5704da/fireflies,BOTBLOCKED:403
https://platform.tracxn.com/a/d/company/585399b4e4b0744078bb9814/climatech%20environment,BOTBLOCKED:403
https://platform.tracxn.com/a/d/company/589276bfe4b0023d79049816/bimakavach,BOTBLOCKED:403
https://platform.tracxn.com/a/d/company/58bddd9be4b041de9c87c341/slice,BOTBLOCKED:403
https://platform.tracxn.com/a/d/company/58bf4601e4b0e437d81e04a0/acko,BOTBLOCKED:403
https://platform.tracxn.com/a/d/company/58de3f23e4b01096689065a4/freshworks,BOTBLOCKED:403
https://platform.tracxn.com/a/d/company/595e4a7fe4b08be095266afc/yulu,BOTBLOCKED:403
https://platform.tracxn.com/a/d/company/59676ccbe4b04cbde60478d4/coinswitch,BOTBLOCKED:403
https://platform.tracxn.com/a/d/company/5a6ccc40e4b071cf2930187e/bellatrix%20aerospace,BOTBLOCKED:403
https://platform.tracxn.com/a/d/company/5c657bee8f08f827f572538d/qnu%20labs,BOTBLOCKED:403
https://platform.tracxn.com/a/d/company/5c8126309adc104595557b09/snapmint%20financial%20services,BOTBLOCKED:403
https://platform.tracxn.com/a/d/company/5c8bb15b9adc104cb9aa90e3/moppfoods.com,BOTBLOCKED:403
https://platform.tracxn.com/a/d/company/5ce7e4f0f036854742999113/miko%20technologies,BOTBLOCKED:403
https://platform.tracxn.com/a/d/company/5d67e55cdfad2e558886ab43/paris%20panini,BOTBLOCKED:403
https://platform.tracxn.com/a/d/company/5dd96b2ff0e6f62e0bd118c5/stockgro,BOTBLOCKED:403
https://platform.tracxn.com/a/d/company/608baa385a828c08fa04e09b/dezerv,BOTBLOCKED:403
https://platform.tracxn.com/a/d/company/632c383196da52600b79cde9/shortgun%20games,BOTBLOCKED:403
https://platform.tracxn.com/a/d/company/63a3888ebf2cdb0e034b9431/advaita%20interactive,BOTBLOCKED:403
https://platform.tracxn.com/a/d/company/640e98878eed971e4e9e851d/ecofy,BOTBLOCKED:403
https://platform.tracxn.com/a/d/company/6659c7182a0a9d10e6bc4f8a/neoble,BOTBLOCKED:403
https://platform.tracxn.com/a/d/company/680e76cc548027255c06be42/intellend%20technologies%20advisors,BOTBLOCKED:403
https://platform.tracxn.com/a/d/company/6895db3bf8267c29c005fc25/sapiom,BOTBLOCKED:403
https://platform.tracxn.com/a/d/company/69cbb2914451041bf6a846fa/erisha%20e%20mobility,BOTBLOCKED:403
https://play.google.com/store/apps/details,DEAD:404
https://plisio.net/tradfi/bharatpe-valuation,OK
https://privatemarketsminute.com/p/rocketlane-60m-series-c-ai-professional-services,OK
https://pulse.d2cinsider.com/cult-fit-achieves-ebitda-profitabilityreports-%E2%82%B91720-crore-revenue-in-fy26-ahead-of-ipo,OK
https://pulse2.com/pixxel-raises-100-million-series-c-led-by-temasek-and-seraphim,OK
https://quartr.com/events/fractal-analytics-limited-fractal-q3-25-26_FRb7i2BD,OK
https://raisingeorge.com/2026/07/29/zomato-to-eternal-how-a-menu-scanning-side-project-became-indias-quick-commerce-kingmaker,OK
https://realty.economictimes.indiatimes.com,OK
https://realty.economictimes.indiatimes.com/news/allied-industries/landeed-raises-rs-19-5-crore-in-pre-seed-funding-round/93472469,OK
https://respark.iitm.ac.in/Stellapps,OK
https://retail.economictimes.indiatimes.com/news/food-entertainment/food-services/10-minute-food-delivery-startup-swish-raises-14-mn-in-series-a/118797827,OK
https://retailjewellerindia.com/aamir-khan-ranbir-kapoor-invest-in-qween-as-it-readies-for-its-experiential-retail-debut,OK
https://rideriver.com/press/river-mobility-secures-120-million-in-series-c-funding-strengthening-its-next-phase-of-product-and-manufacturing-expansion,OK
https://rocketlane.com/press/rocketlane-raises-24m-in-series-b-to-create-a-post-sales-crm-for-professional-services-teams,OK
https://rockstudcap.com/portfolio/olee-space,OK
https://sacra.com/c/browserstack,OK
https://sacra.com/c/neysa,OK
https://safariindia.com/akasa-air-reports-37-revenue-growth-in-fy2025-26,OK
https://sahyadristartups.com/news/eyerov-proposes-india-norway-marine-tech-innovation-corridor-at-oslo-summit,OK
https://sahyadristartups.com/spotlight/c2i-semiconductors-raises-usd-15-million-series-a-led-by-peak-xv-partners,OK
https://sahyadristartups.com/spotlight/india-startup-funding-reaches-258-6-million-in-sep-4-10-week-pixxel-leads-with-100-million,OK
https://scanx.trade/stock-market-news/companies/capillary-technologies-india-limited-reports-audited-financial-results-for-fy26-consolidated-revenue-rises-to-7-345-99-million/39596530,OK
https://scanx.trade/stock-market-news/companies/dcm-shriram-to-acquire-26-stake-in-serentica-renewables-for-rs-104-4-crore/45844457,OK
https://scanx.trade/stock-market-news/companies/meesho-acquires-kirana-club-retail-pulse-for-202-09-cr/42809511,OK
https://scanx.trade/stock-market-news/companies/milky-mist-dairy-food-hosts-q1fy27-earnings-call-sep-1/49286556,OK
https://scanx.trade/stock-market-news/companies/pine-labs-acquires-shopflo-technologies-for-88-crore-to-build-unified-commerce-platform/38654382,OK
https://scanx.trade/stock-market-news/ipo/goldi-solar-secures-1-422-crore-in-pre-ipo-funding-round/23270490,OK
https://scanx.trade/stock-market-news/orders-deals/pvr-inox-divests-4700bc-brand-owner-to-marico-limited-for-rs-226-8-crores/30961044,OK
https://seedtable.com/companies/fundly-ai/funding-rounds/other-2026-09,OK
https://sg.news.yahoo.com/mobikwik-raises-us-50m-series-c-softbank-backed-073347543.html,OK
https://skift.com/2024/09/23/indian-vacation-rental-startup-elivaas-ceo-on-its-5-million-funding-and-expansion-plans,OK
https://smallest.ai/author/sudarshan-kamath,OK
https://smartjoules.co.in,OK
https://smestreet.in/sectors/ms-dhoni-certified-as-drone-pilot-by-garuda-aerospace-in-chennai-10540422,OK
https://snapshot.one21.ai/organization/-miko-technologies,OK
https://solinas.in/about-us,OK
https://spacenews.com/national-reconnaissance-office-nro-awards-pixxel-with-5-year-hyperspectral-data-contract,OK
https://spacenews.com/pixxel-raises-100-million-to-expand-satellite-production-across-india-and-us,OK
https://spacenews.com/pixxel-raises-36-million-in-series-b-funding-to-advance-hyperspectral-satellite-constellation-and-data-platform,OK
https://spacenews.com/pixxel-selects-dawn-aerospace-propulsion-for-hyperspectral-imaging-constellation,OK
https://startupfeed.in/capillary-technologies-acquires-sessionm-from-mastercard-for-20-mn,OK
https://startupfeed.in/cardekho-ipo-rs-3000-cr-issue-fy27,OK
https://startupfeed.in/nua-472-cr-series-c-peak-xv-filter-capital,OK
https://startupfeed.in/razorpay-ipo-2026-confidential-filing,OK
https://startupfeed.in/vervesemi-raises-10m-series-a-indias-fabless-semiconductor-startup-is-building-chips-for-space-defence-ai,OK
https://startupfox.in/article/inrisk-labs-raises-27-million-series-a-as-earthre-wins-reinsurance-licence-at-gift-city,OK
https://startupfox.in/article/pixxel-raises-100m-the-largest-spacetech-round-india-has-seen,OK
https://startupfox.in/article/sugar-cosmetics-raises-144-crore-at-a-quarter-of-peak-and-its-own-valuer-says-why,OK
https://startupintros.com,OK
https://startupintros.com/orgs/agrani-labs,OK
https://startupintros.com/orgs/transbnk,OK
https://startupnews.fyi/2026/02/19/stockgro-set-to-raise-15-mn-led-by-tawuniya,DEAD:410
https://startuppedia.in/startup-stories/this-iit-d-founder-built-indias-first-cpcb-approved-pollution-control-device-chakr-shield-that-turns-diesel-generator-emissions-into-ink-10924551,OK
https://startuppedia.in/trending/hyderabad-based-deep-tech-startup-indrajaal-drone-defence-unveils-indrajaal-ranger-indias-first-ai-enabled-anti-drone-patrol-vehicle-10817644,OK
https://startuppedia.in/trending/startup-news/bengaluru-based-d2c-fine-jewellery-brand-giva-surges-87-to-rs-523-cr-revenue-in-fy25-while-losses-widen-to-rs-72-cr-11256123,OK
https://startupstorymedia.com/wint-wealth-raises-around-15-million-in-funding-led-by-eight-roads-ventures,OK
https://startuptalky.com/news/herspace-advanced-talks-40-million-gray-matters-capital,OK
https://startuptalky.com/pine-labs-success-story,OK
https://startupwired.com/2026/08/13/skydo-crosses-1-billion-in-annual-payment-volume,OK
https://static-assets.meesho.com/docs/AGM%20Notice%202022.pdf,OK
https://static.pw.live/5eb393ee95fab7468a79d189/e221c66d-afac-4d0f-aa4e-a331edfbaab0.pdf,OK
https://stocksdownunder.com/acquisition-of-kinara-is-big-news,OK
https://sustainability.economictimes.indiatimes.com/news/green-energy/yuma-energy-secures-magna-backing-to-speed-up-battery-swapping-build-out/133736626,OK
https://tdk-ventures.com/announcements/tdk-ventures-invests-in-c2i-semiconductors-to-revolutionize-ai-data-center-power-delivery,OK
https://tech.eu/2026/09/07/jaipur-robotics-raises-eur43m-to-bring-computer-vision-to-waste-plants,OK
https://tech.olakrutrim.com/krutrim-2-a-best-in-class-large-language-model-for-indic-languages,ERR:conn
https://techcrunch.com/2019/01/23/groww-raises-6-2m,OK
https://techcrunch.com/2019/12/05/shadowfax-flipkart,OK
https://techcrunch.com/2021/01/05/indian-electronics-and-lifestyle-brand-boat-raises-100-million-from-warburg-pincus,OK
https://techcrunch.com/2021/05/16/indias-moglix-valued-at-1-billion-in-120-million-fundraise,OK
https://techcrunch.com/2021/06/16/bonds-200-million-led-investment-values-software-testing-platform-browserstack-at-4-billion,OK
https://techcrunch.com/2021/06/25/indian-healthcare-startup-pharmeasy-to-acquire-majority-stake-in-listed-firm-thyrocare-for-over-600-million,OK
https://techcrunch.com/2021/08/18/amazon-backs-indian-wealth-management-service-smallcase-in-40-million-funding,OK
https://techcrunch.com/2021/10/24/india-groww-valued-at-3-billion-in-251-million-funding,OK
https://techcrunch.com/2021/10/24/stripe-backs-india-cleartax-in-75-million-funding,OK
https://techcrunch.com/2021/11/09/indian-fashion-e-commerce-nykaa-makes-stellar-market-debut,OK
https://techcrunch.com/2022/01/24/darwinbox-hr-tech-gartner-tcv-unicorn,OK
https://techcrunch.com/2022/01/27/moglix-series-f,OK
https://techcrunch.com/2022/03/30/indias-games24x7-valued-at-2-5-billion-in-new-funding,OK
https://techcrunch.com/2022/06/09/india-cred-valued-at-6-5-billion-in-new-funding,OK
https://techcrunch.com/2023/06/20/digantara-funding-peak-xv-partners,OK
https://techcrunch.com/2023/12/06/indias-sarvam-ai-raises-41-million-from-lightspeed-khosla-peak-xv,OK
https://techcrunch.com/2024/05/08/atlan-scores-105m-for-data-control-plane-just-as-llms-increase-importance-of-data,OK
https://techcrunch.com/2024/09/03/pharmeasy-still-92-below-its-peak-5-6-billion-valuation-investor-estimates,OK
https://techcrunch.com/2024/10/16/accel-eyes-stake-in-truemeds-at-330-million-valuation,OK
https://techcrunch.com/2024/10/21/indias-neysa-bags-30m-to-compete-with-global-ai-hyperscalers,OK
https://techcrunch.com/2024/11/04/vanguard-cuts-ola-valuation-to-2-billion,OK
https://techcrunch.com/2024/11/12/swiggy-debut-fuels-indias-food-quick-commerce-wars,OK
https://techcrunch.com/2025/01/09/innovaccer-aims-to-become-healthcares-ai-powerhouse-with-275m-series-f,OK
https://techcrunch.com/2025/01/17/netradyne-snags-90m-at-1-25b-valuation-to-expand-smart-dashcams-for-commercial-fleets,OK
https://techcrunch.com/2025/02/04/softbank-backed-billionaire-to-invest-230m-in-indian-ai-startup-krutrim,OK
https://techcrunch.com/2025/03/05/darwinbox-the-hr-upstart-from-india-raises-140m-to-take-on-deel-and-rippling,OK
https://techcrunch.com/2025/06/25/indian-drone-startup-raphe-mphibr-raises-100m-as-military-uav-demand-soars,OK
https://techcrunch.com/2025/07/22/gupshup-raises-60m-in-equity-and-debt-leaves-unicorn-status-hanging,OK
https://techcrunch.com/2025/08/10/truemeds-challenged-how-indians-buy-medicine-and-saw-a-3-6x-jump-in-valuation,OK
https://techcrunch.com/2025/08/21/as-india-bans-real-money-games-dream-sports-mpl-start-pulling-the-plug,OK
https://techcrunch.com/2025/08/27/with-indias-corporate-banking-lagging-decades-behind-consumer-fintech-transbnk-raises-25m-to-bridge-the-gap,OK
https://techcrunch.com/2025/10/16/zepto-raises-450-million-at-7-billion-valuation-as-indian-quick-commerce-market-heats-up,OK
https://techcrunch.com/2025/11/03/pine-labs-aims-to-take-indian-fintech-global-even-as-it-cuts-valuation-for-ipo,OK
https://techcrunch.com/2025/11/12/groww-raises-nearly-750m-in-ipo-as-indias-retail-investing-boom-continues,OK
https://techcrunch.com/2025/11/14/pine-labs-gets-warm-market-welcome-on-440m-india-ipo-despite-a-valuation-trim,OK
https://techcrunch.com/2025/11/28/softbank-stays-in-as-meesho-606m-ipo-becomes-indias-first-major-e-commerce-listing,OK
https://techcrunch.com/2025/12/10/fertility-startup-inito-wants-to-use-ai-designed-antibodies-to-expand-at-home-health-tests,OK
https://techcrunch.com/2025/12/10/meeshos-606m-ipo-pops-as-enthusiasm-for-indias-e-commerce-startups-rises,OK
https://techcrunch.com/2025/12/13/indias-spinny-lines-up-160m-funding-to-acquire-gomechanic-sources-say,OK
https://techcrunch.com/2025/12/16/indias-digantara-raises-50m-for-space-based-missile-defence-tech,OK
https://techcrunch.com/2025/12/16/weeks-after-raising-100m-investors-pump-another-180m-into-hot-indian-startup-moengage,OK
https://techcrunch.com/2026/01/14/indias-emversity-doubles-valuation-as-it-scales-workers-ai-cant-replace,OK
https://techcrunch.com/2026/01/15/etherealx-jumps-5-5x-in-valuation-on-spacex-style-reuse-bet-from-india,OK
https://techcrunch.com/2026/01/20/amagi-slides-in-india-debut-as-cloud-tv-software-firm-tests-investor-appetite,OK
https://techcrunch.com/2026/01/27/indias-shadowfax-slips-on-listing-as-client-concentration-spooks-investors,OK
https://techcrunch.com/2026/02/05/sapiom-raises-15m-to-help-ai-agents-buy-their-own-tech-tools,OK
https://techcrunch.com/2026/02/15/blackstone-backs-neysa-in-up-to-1-2b-financing-as-india-pushes-to-build-domestic-ai-compute,OK
https://techcrunch.com/2026/05/07/indias-first-space-tech-unicorn-emerges-as-skyroot-gears-up-for-orbital-launch,OK
https://techcrunch.com/2026/05/15/indian-uber-rival-rapido-raises-240m-at-3b-valuation,OK
https://techcrunch.com/2026/06/11/microsoft-taps-alt-carbon-in-sign-of-indias-growing-rile-in-carbon-removal,OK
https://techcrunch.com/2026/06/15/sarvam-becomes-indias-newest-ai-unicorn-with-234-million-funding-round-led-by-hcltech,OK
https://techcrunch.com/2026/06/22/whatsapp-gets-new-chief-as-meta-taps-indias-cred-founder-kunal-shah-and-invests-900m-in-startup,OK
https://techcrunch.com/2026/06/24/former-infosys-chief-has-a-new-startup-that-wants-to-challenge-the-it-services-world,OK
https://techcrunch.com/2026/07/15/indian-ai-coding-startup-emergent-becomes-a-unicorn-just-over-a-year-after-launch,OK
https://techcrunch.com/2026/07/31/smallest-ai-raises-13m-to-build-ultra-fast-voice-ai-that-sounds-genuinely-human,OK
https://techcrunch.com/2026/08/05/indian-ev-two-wheeler-startup-river-raises-120m-after-scaling-with-one-model,OK
https://techcrunch.com/2026/08/19/sachin-bansals-fintech-navi-raises-first-outside-capital-with-100m-prosus-investment,OK
https://techcrunch.com/2026/08/24/indias-airbound-bags-37m-to-take-on-trucks-with-rocket-like-drones,OK
https://techcrunch.com/2026/08/26/runable-hits-21m-to-bet-ai-agents-can-go-from-building-businesses-to-growing-them,OK
https://techcrunch.com/2026/09/01/indias-unacademy-sells-to-rival-upgrad-for-206m-about-94-less-than-its-peak-valuation,OK
https://techcrunch.com/2026/09/03/qualcomm-backs-ultrahuman-in-70m-round-on-bet-to-turn-smart-rings-into-computers,OK
https://techcrunch.com/2026/09/09/uber-invests-10m-in-indian-fleet-operator-carrum-at-168m-valuation,OK
https://techfundingnews.com/fireflies-ai-unicorn-status-ai-meeting,OK
https://techobserver.in/news/startups/lissun-raises-48-crore-series-a-child-development-328140,OK
https://telecom.economictimes.indiatimes.com/news/internet/wealth-company-asset-management-invests-460-crore-in-ai-and-smart-infrastructure-startup-amnex-infotechnologies/123362174,OK
https://telecom.economictimes.indiatimes.com/news/satcom/pixxel-dhruva-space-to-launch-satellites-onboard-spacexs-rocket/12345678,OK
https://the-ken.com/story/inside-third-wave-coffees-unending-reinvention,OK
https://the-ken.com/story_morning_email/lendingkarts-last-stand-a-founder-a-temasek-unit-an-outdated-deal-and-a-600m-wipeout,OK
https://theaiworld.org/news/jurisphere-raises-22m-in-ai-funding-round,OK
https://thecsruniverse.com/articles/au-small-finance-bank-partners-with-ifc-to-integrate-climate-risk-into-core-banking-strategy,OK
https://theheadandtale.com/fintech-news/navi-posts-17-7--revenue-growth-in-fy25-slips-into-loss,OK
https://theheadandtale.com/news/wealth-tech-platform-syfe-raises-80-million-in-series-c-round,OK
https://theheadandtale.com/to-the-point/powerup-money-to-spin-off-from-uni-cards-raises-4-75-million,OK
https://theinduszone.com/zepto-lays-off-300-employee,ERR:conn
https://thekredible.com/company/Nua/financials,ERR:530
https://thekredible.com/company/neo/overview,ERR:530
https://thekredible.com/company/wint-wealth/financials,ERR:530
https://themachinemaker.com/news/jupiter-electric-mobility-partners-with-pickkup-to-enhance-ev-adoption-in-indias-logistics-sector,OK
https://themorningcontext.com/business/how-an-indian-startup-cracked-ai-power-with-just-20-million,OK
https://thenextweb.com/news/acko-ipo-350-million-india,DEAD:404
https://thenextweb.com/news/pixxel-100m-series-c-temasek-seraphim,DEAD:404
https://thenextweb.com/news/udaan-160-million-funding-india-ipo,DEAD:404
https://thepienews.com/leap-attracts-65m-investment,OK
https://theprint.in/ani-press-releases/piston-raises-usd-15-million-to-scale-the-infrastructure-layer-for-logistics-commerce/3040467,OK
https://thequantuminsider.com/2026/09/09/qnu-labs-raises-%E2%82%B9200-crore-25-million-usd-led-by-national-quantum-mission-and-speciale-invest,OK
https://thestorywatch.com,OK
https://timesofindia.indiatimes.com/business/cryptocurrency/bitcoin/cryptocurrency-platform-coinswitch-kube-raises-260-million-valued-at-1-9-billion/articleshow/86805635.cms,OK
https://timesofindia.indiatimes.com/business/india-business/au-small-finance-bank-to-acquire-rival-fincare-sfb/articleshow/104823106.cms,OK
https://timesofindia.indiatimes.com/business/india-business/avammune-therapeutics-raises-12-million-to-advance-cancer-therapies/amp_articleshow/121106904.cms,OK
https://timesofindia.indiatimes.com/business/india-business/cross-border-payment-co-skydo-gets-licence-in-canada/articleshow/131941579.cms,OK
https://timesofindia.indiatimes.com/business/india-business/cross-border-payment-platform-skydo-secures-5mn-in-pre-series-a-funding-from-elevation-capital/articleshow/112490044.cms,OK
https://timesofindia.indiatimes.com/business/india-business/darwinbox-raises-140-million-in-funding-round-co-led-by-partners-group-kkr/articleshow/118732682.cms,OK
https://timesofindia.indiatimes.com/business/india-business/drools-turns-unicorn-after-nestles-bet/articleshow/121421244.cms,OK
https://timesofindia.indiatimes.com/business/india-business/graph-ai-raises-13-3-mn-to-expand-in-us-europe/articleshow/134017914.cms,OK
https://timesofindia.indiatimes.com/business/india-business/indrajaal-bags-rs-100-crore-defence-ministry-contracts-to-secure-naval-army-assets-with-autonomous-anti-drone-systems/articleshow/126398722.cms,OK
https://timesofindia.indiatimes.com/business/india-business/kepler-raises-8-mn-to-build-swarm-satellites-for-military-surveillance/articleshow/133661090.cms,OK
https://timesofindia.indiatimes.com/business/india-business/kreditbee-raises-280-million-at-1-5-billion-valuation-eyes-ipo-by-early-2027/articleshow/130092382.cms,OK
https://timesofindia.indiatimes.com/business/india-business/moglix-raises-120-million-at-over-1-billion-valuation/articleshow/82710788.cms,OK
https://timesofindia.indiatimes.com/business/india-business/nclt-admits-blusmart-mobility-into-insolvency/articleshow/122980144.cms,OK
https://timesofindia.indiatimes.com/business/india-business/qualcomm-leads-rs-583-cr-ultrahuman-funding-round/articleshow/133685901.cms,OK
https://timesofindia.indiatimes.com/business/india-business/upgrad-turns-ebitda-positive-in-fy25-ai-led-expansion-fuels-global-growth-momentum/articleshow/125014900.cms,OK
https://timesofindia.indiatimes.com/business/india-business/upstox-valued-at-3bn-is-40th-unicorn-this-year/articleshow/87918871.cms,OK
https://timesofindia.indiatimes.com/business/india-business/zerodha-fy26-profit-up-1-to-rs-4283-cr-in-fy26/articleshow/133548608.cms,OK
https://timesofindia.indiatimes.com/city/hyderabad/country-needs-registry-for-better-patrolling-of-drones/articleshow/125598500.cms,OK
https://timesofindia.indiatimes.com/city/hyderabad/hyd-proptech-startup-landeed-raises-5-million/articleshow/117534264.cms,OK
https://timesofindia.indiatimes.com/city/hyderabad/hyds-skyroot-aerospace-becomes-indias-first-spacetech-unicorn/articleshow/130920667.cms,OK
https://timesofindia.indiatimes.com/city/hyderabad/indrajaal-sigma-consortium-bags-155cr-mha-order-for-anti-drone-patrol-vehicles/articleshow/133297399.cms,OK
https://timesofindia.indiatimes.com/city/kolkata/smartworks-raises-168-crore-in-second-round-of-funding/articleshow/111327369.cms,OK
https://timesofindia.indiatimes.com/gadgets-news/flipkart-co-founder-binny-bansal-exits-the-e-commerce-companys-board/articleshow/107199146.cms,OK
https://timesofindia.indiatimes.com/technology/tech-news/how-flipkart-co-founder-sachin-bansals-fintech-startup-navi-lost-rs-14-crore-to-payment-gateway-fraud/articleshow/117443407.cms,OK
https://tracxn.com,OK
https://tracxn.com/a/d/company/52c04056e4b09a1f9f132c7f/delhivery,BOTBLOCKED:403
https://tracxn.com/d/companies/apna/__UTcOz_R9Flutxq8RerYdtrlPxtxnXQAjcBTiXLgJon4,OK
https://tracxn.com/d/companies/augnito/__JaSGSbuDQDhdJjM4vEZPKWkhUB91KKgsvK3QyOcOgS0,OK
https://tracxn.com/d/companies/avammunetherapeutics/__lhtpJWJOWPtwI5jrvSe5uxpGjP7ZBxv7WobYT7bXXt8,BOTBLOCKED:429
https://tracxn.com/d/companies/bharatpe/__z1vktwhUhiN982R6xgMSEhyBS3Djtq3VGo9zdUy6agg,OK
https://tracxn.com/d/companies/browserstack/__D8HrmxNe4vnJscJsUqnGKhH61Pk58v_vEq4lD2_1S7Q,OK
https://tracxn.com/d/companies/c2i-semiconductors/__u09_HimQrPtuI4MgNK0lsSaHva6lhFoC0TXg3QwVe-A,BOTBLOCKED:429
https://tracxn.com/d/companies/capillarytechnologies/__DcaQlHPovANrHWluj09yZKC4xGk-idHCggWeF-vkMtg,BOTBLOCKED:429
https://tracxn.com/d/companies/celcius/__2TlR7E25GcirQmLFKtdmWa6OSICjBQonZ5BXgB0r-ro,BOTBLOCKED:429
https://tracxn.com/d/companies/circolife/__vnI_Tr6IiuK2U2FsICvIglVqxqo1rWc0oH2isHM2WT0,OK
https://tracxn.com/d/companies/cult.fit/__-Wg3Ms2LDV2m_0_AEbIvAhRvY6C13zfasKWCh86DEW4/funding-and-investors,BOTBLOCKED:429
https://tracxn.com/d/companies/cultfit/__-Wg3Ms2LDV2m_0_AEbIvAhRvY6C13zfasKWCh86DEW4,BOTBLOCKED:429
https://tracxn.com/d/companies/cultfit/__-Wg3Ms2LDV2m_0_AEbIvAhRvY6C13zfasKWCh86DEW4/funding-and-investors,BOTBLOCKED:429
https://tracxn.com/d/companies/cynlr/__farGUbod0qh_fIckfjLxvcFr60xfLpMNHMotj8WGIac,BOTBLOCKED:429
https://tracxn.com/d/companies/delhivery/__es0yrPs6KbEBQ0r2g3HFqyrlbk3zkjh9HBLJotHMp10,BOTBLOCKED:429
https://tracxn.com/d/companies/dreamsports/__K5c3x3hZPtLZJinYH6xLudjVF-hDfVjFyuTHtZLcQpM/funding-and-investors,BOTBLOCKED:429
https://tracxn.com/d/companies/dv2js-innovation/__-Sp6Z4aKBEdXGpfuTWz6cwOFfcr6-XTtOxQVvy0mLDg,BOTBLOCKED:429
https://tracxn.com/d/companies/edubuk/__wSrA_PFAUB9br2C3r-hfJSC0pkfiicQn-S4E4yW4P5Q,BOTBLOCKED:429
https://tracxn.com/d/companies/edubuk/__wSrA_PFAUB9br2C3r-hfJSC0pkfiicQn-S4E4yW4P5Q/funding-and-investors,BOTBLOCKED:429
https://tracxn.com/d/companies/fireflies/__Or2uIsFu9ZUcCFmE2xXJMNv7F6yan5k-nxkVOfE1cMQ,BOTBLOCKED:429
https://tracxn.com/d/companies/foxtale/__QhGS-4B8L905lwfiM-1jydP_cqdf4uxh48iBADqnLzg,OK
https://tracxn.com/d/companies/goldi-solar/__iXUqYM-7Hhd1fEIWcowQptR79YPOrEOfsdM_2OjlJ1s,BOTBLOCKED:429
https://tracxn.com/d/companies/greenline/__B80pZ3lKYQg2_ONRSDbpNENlE26Ga3m8IVpRNQx7e5o,BOTBLOCKED:429
https://tracxn.com/d/companies/gupshup/__4RK6fQfQ29qCJutue7y-FB-qWKoJ6lyiVOBNLDldOKA/funding-and-investors,BOTBLOCKED:429
https://tracxn.com/d/companies/hachidori-robotics/__gcF6m5Sno50sDjd2dBfxbmKUQJxMY1UhQxVAxJjkaYc,BOTBLOCKED:429
https://tracxn.com/d/companies/hasura/__SMK3S7BMgtsGtSv97RLd1UJUbyheNG10g9USc7rNJ4A/funding-and-investors,OK
https://tracxn.com/d/companies/head-digital-works/__Gcz4dODw59CEtemrnB_H5sx3WhGOjBD1s4gY_-LfIgU,BOTBLOCKED:429
https://tracxn.com/d/companies/icertis/__OqW1f7Fcf6Ue7D7UGy6OBRv0PPqutOPzj3b48GO6gi0/funding-and-investors,OK
https://tracxn.com/d/companies/innovaccer/__kvvAjPIPvTlVwOCbNE3GkPNS2Tz7KWqwz_0u2KIOmaA,BOTBLOCKED:429
https://tracxn.com/d/companies/jurisphere/__R_Xhw45RtEH65eyy2sEfLuTOjcwYw0NfpZoU62m3dpA,BOTBLOCKED:429
https://tracxn.com/d/companies/juspay/__fDjQyojq6Uh_DeW1pRNecBKAdkkLtN01Ccml4wlD_dk,BOTBLOCKED:429
https://tracxn.com/d/companies/kiwi/__NEdmWjq9aWHWLNVgH--gXetbdNGkznsZnBAmym4B5Mw,BOTBLOCKED:429
https://tracxn.com/d/companies/leadsquared/__GhwqUB8i0uV81NMtpyVUTF8KIXJ_IRM91A5DkSdKXQA,BOTBLOCKED:429
https://tracxn.com/d/companies/leadsquared/__GhwqUB8i0uV81NMtpyVUTF8KIXJ_IRM91A5DkSdKXQA/funding-and-investors,BOTBLOCKED:429
https://tracxn.com/d/companies/leap-scholar/__PBS7Pv0IBVsron_APH_R1yjA1RkgCdiPiPlOyrd6fFE,BOTBLOCKED:429
https://tracxn.com/d/companies/lendingkart/__xOo7zvnmx3aQAYSXn5KOz8J6owrAGijS2uQ-N39t2Do,BOTBLOCKED:429
https://tracxn.com/d/companies/lendingkart/__xOo7zvnmx3aQAYSXn5KOz8J6owrAGijS2uQ-N39t2Do/funding-and-investors,BOTBLOCKED:429
https://tracxn.com/d/companies/makemytrip/__NBibla1z7ztuMO6Gh65w9FRmA2JAaM6vfA_DeLeoyNI,BOTBLOCKED:429
https://tracxn.com/d/companies/minfy/__CQhynRMx-IOj2kQGQQqlv4vmwDTnTnTO0998NhAHZOc,BOTBLOCKED:429
https://tracxn.com/d/companies/money-view/__NRQRmOVRDpuHzMRCzk3qauzM76P31UNYUzYAnXXZSD0,BOTBLOCKED:429
https://tracxn.com/d/companies/neo-wealth-and-asset-management/__1QkWNXHRHOkaqZoKlgCWl77N7fw-dCbT4bUpmzTGf5Q,BOTBLOCKED:429
https://tracxn.com/d/companies/nobroker/__P5szSU2_yUD6zK8XvpxxDC27tnywWrQ0ruK7T7Uy3xE,OK
https://tracxn.com/d/companies/nobroker/__P5szSU2_yUD6zK8XvpxxDC27tnywWrQ0ruK7T7Uy3xE/funding-and-investors,BOTBLOCKED:429
https://tracxn.com/d/companies/ofbusiness/__aGc6oWtIgdt0twhERclS3Tonc_PwAwpfQ4cNci53GvA,BOTBLOCKED:429
https://tracxn.com/d/companies/olee/__JPIVgGULRQ-8gkHoZOwCb_57Py8gWbMLEhjhVXdBLEg,BOTBLOCKED:429
https://tracxn.com/d/companies/pb-healthcare/__GvtZpIE3YLPMGqg_VMOqdKSmIZ7hWTitW9Q501vTgDk,BOTBLOCKED:429
https://tracxn.com/d/companies/pbfintech/__27p5FLzHLqZ7eht7bheCe0PCBjBEjPKwz64REyM7nRs,BOTBLOCKED:429
https://tracxn.com/d/companies/physics-wallah/___k9Ztp_nwAdFtc00y4p0mxPPYNQQIoinmF1YKg2AJYM/funding-and-investors,BOTBLOCKED:429
https://tracxn.com/d/companies/pine-labs/__B_uT5mdkziCxRVGPrKBFMXE5NIJjBKHPWKDFLsjo4XQ,BOTBLOCKED:429
https://tracxn.com/d/companies/postman/__5xdlPCDqiJBrCfWaFC6jpq_1zwxQ_9rsAK3jz5bhWd4,BOTBLOCKED:429
https://tracxn.com/d/companies/pristyn-care/__QEWxHLBugEsT_XwDFV-JrRNqtedJdqnyI8ro2b-OQf0,BOTBLOCKED:429
https://tracxn.com/d/companies/prozo/__Y3x4Fo2o-Am_sL3IjTbPT1ZJA6pr5hxlsEI95_5zPy4,BOTBLOCKED:429
https://tracxn.com/d/companies/qnu-labs/__CVjvJs07CMMa8dnfqIu1BCiXpSL0XG8e-ftYHLJ4K74,BOTBLOCKED:429
https://tracxn.com/d/companies/qnulabs/__CVjvJs07CMMa8dnfqIu1BCiXpSL0XG8e-ftYHLJ4K74,BOTBLOCKED:429
https://tracxn.com/d/companies/qween/__pYvwLmyCTrD_WqTCDkriyyuVTJauSYmLzRg15UbbwZs,BOTBLOCKED:429
https://tracxn.com/d/companies/razorpay/__ARWa67NVJPe3TC11rYSBnp-0zVHbDAze4xZvzRsZzAI,BOTBLOCKED:429
https://tracxn.com/d/companies/razorpay/__ARWa67NVJPe3TC11rYSBnp-0zVHbDAze4xZvzRsZzAI/funding-and-investors,BOTBLOCKED:429
https://tracxn.com/d/companies/sagar-defence-engineering/__eXU6EUAmNumH8bR-TqsvjntkJnwZw9VdLam1nAW-MLw,BOTBLOCKED:429
https://tracxn.com/d/companies/shopflo/__YscZPyQwQHXz7guOcOWD1w1WPBhlGHD5Cg9AhOQw4bY,BOTBLOCKED:429
https://tracxn.com/d/companies/skydo/__DeQ4JnSQ-8YS0taSSVg97m3VjH5pKNQQuj5vUdcNr3s,BOTBLOCKED:429
https://tracxn.com/d/companies/smallestai/__M_bkNG86V8a7CnAiGLw2oCkEQHuMuRhd0YAMsTbEeGU,BOTBLOCKED:429
https://tracxn.com/d/companies/smart-joules/__ZS9W-izPY8jLPDjXrnxUOpxMfji73P0uunVi1kHpG3E,OK
https://tracxn.com/d/companies/spinny/__XPTRjqAEv0ME2UC43GvO_tx0bNL9tbZO0XYHhRF0oWE,BOTBLOCKED:429
https://tracxn.com/d/companies/spinny/__XPTRjqAEv0ME2UC43GvO_tx0bNL9tbZO0XYHhRF0oWE/funding-and-investors,BOTBLOCKED:429
https://tracxn.com/d/companies/syfe/__KDftQrJW1JHTzh00mXtHkRMfRhPTfv_3NC-TRuvokOE,BOTBLOCKED:429
https://tracxn.com/d/companies/the-whole-truth-foods/__TIY6A_8xEdSTM28Nd01JQdUHwx-Us688i-HMp5ZUovw/funding-and-investors,BOTBLOCKED:429
https://tracxn.com/d/companies/traqo/__Tl2CAnPJ_meWFuJAltBbYdy1b27-YZ0KsuA8FAnpGQ0,BOTBLOCKED:429
https://tracxn.com/d/companies/trevel/__DPrML3NVK2hmPKCGi5X_VjNmBrdxc3NuTLe-viOzV0I,BOTBLOCKED:429
https://tracxn.com/d/companies/truva/__d__u7NwQhTg21aopaNglii3GJgAHZB022cvkSLup1lo,BOTBLOCKED:429
https://tracxn.com/d/companies/udaan/__dqg_mEy88BVRHGJGLspfldbOffAPjD1ia0HEcVfN0oo,BOTBLOCKED:429
https://tracxn.com/d/companies/valuenable/__P2iMYXJDDZePqqw6VhEIVzdNXa7ziBaksjBvL00Wl5g,BOTBLOCKED:429
https://tracxn.com/d/companies/vedantu/__jrLUroips5-2o0-xzJxe9tR17nhmFFeccl9XfQ3CuLA,BOTBLOCKED:429
https://tracxn.com/d/companies/videonetics/__trzaDC7ico68g4BJPn3kbrT3yR2XWnj1rW1L9olITxU,BOTBLOCKED:429
https://tracxn.com/d/companies/wint-wealth/__T1FbxNqojY0uy1FMTkBijOblM_krA5I1vBpM4kjBv1Y/founders-and-board-of-directors,BOTBLOCKED:429
https://tracxn.com/d/companies/xpressbees/__DKxP1rRdFu6PD1qkXIF_1w595cRKjVa_JTZXdRFdEX4,BOTBLOCKED:429
https://tracxn.com/d/companies/zaggle/__l13c5sj9i98YrwYeQ8QaqCJKowkY1KOzcOAc5LGRtpU/funding-and-investors,BOTBLOCKED:429
https://tracxn.com/d/explore/k-12-edtech-startups-in-india/__O_iZ1Gg-3BLMMpJWwFuUCQt6IqZuoIuTXbodzLf-L-I,BOTBLOCKED:429
https://tracxn.com/d/legal-entities/india/agnikul-cosmos-private-limited/__CIgwg7g54Z-U_mVKyn3qNjoK4Sc3j-YEFCZ7SNel86U,BOTBLOCKED:429
https://tracxn.com/d/legal-entities/india/amnex-infotechnologies-private-limited/__ZAU4jJx3nzqURz689SO2E3kAqSP2fjGLArqB4U5wO4A,BOTBLOCKED:429
https://tracxn.com/d/legal-entities/india/ani-technologies-private-limited/__33Lg5A3hM9kYpV3FEsFODy_p_8z_2Q_c26qNf1CHA5U,BOTBLOCKED:429
https://tracxn.com/d/legal-entities/india/business-nextgen-finance-private-limited/__VWF_zFr10zYAnkzI8JhidxEKmQ23_pvNhmy1l9OoAJc,BOTBLOCKED:429
https://tracxn.com/d/legal-entities/india/curefit-healthcare-private-limited/__bVSnFE15QB4jlIVWsj18xTpQNDRjclwbefdRywqQ_aY,BOTBLOCKED:429
https://tracxn.com/d/legal-entities/india/drools-pet-food-private-limited/__uCFfwi7Zo7GPU9zg1THwcoKNatia7c7iH001S_9r0h8,OK
https://tracxn.com/d/legal-entities/india/erisha-e-mobility-private-limited/__-uPqBYtfA4IY2tz2qlz4E-VW7jc5sLETsjri3y4vNf8,BOTBLOCKED:429
https://tracxn.com/d/legal-entities/india/ethereal-exploration-guild-private-limited/__sHfEP4DrxCZ2jqXqA7i13uPXxOSy0Fv4KW1rNtwcw2g,BOTBLOCKED:429
https://tracxn.com/d/legal-entities/india/fourdegreewater-private-limited/__Q3rY63yD9v_izJjAXBa1POgwzhif9CPV208lDNPIqws,BOTBLOCKED:429
https://tracxn.com/d/legal-entities/india/fsn-e-commerce-ventures-limited/__hZ3QaAkVsbWNSENr9cz2pMM-JLhR7tSyAK3xH0mU73Y,BOTBLOCKED:429
https://tracxn.com/d/legal-entities/india/impetus-technologies-india-private-limited/__tkL8wwqOVwaWOybi4HHu8JknXjxWtnpfeMB2xBfFbhE,BOTBLOCKED:429
https://tracxn.com/d/legal-entities/india/jumbotail-technologies-private-limited/___07BUaNuwet7rTvuaQEwU9KCB-L2YnUboaWXFyvqlIA,BOTBLOCKED:429
https://tracxn.com/d/legal-entities/india/livspace-india-private-limited/__Nk8yLHI4In7SSF3QHPl0_Drh-mulXmJYo2oV8H0TLlA,BOTBLOCKED:429
https://tracxn.com/d/legal-entities/india/pb-healthcare-services-private-limited/__zGVp0_aY1P9BBdD0QVxiTc1pLyjTCpFJeYPB8-xIAbE,BOTBLOCKED:429
https://tracxn.com/d/legal-entities/india/pixxelspace-india-private-limited/__3csw_5Kgn-mpH1wG2c5QbRatDkCPwcS8w1gs3k4ciEI,BOTBLOCKED:429
https://tracxn.com/d/legal-entities/india/purple-style-labs-limited/__39T4lFCNtfzWycCoZKWw-aCrPmOoCUTTI9a871GHq94,BOTBLOCKED:429
https://tracxn.com/d/legal-entities/india/rksv-securities-india-private-limited/__wAFCr6tO-8IpU7rHEJy6RSAan7u6LGJk0ZcGHQEw648,BOTBLOCKED:429
https://tracxn.com/d/legal-entities/india/rn-chidakashi-technologies-private-limited/__0QA3wGwMDZMO7CDhSDSFVtRHEuyzSN5uPWLf00UmZXs,BOTBLOCKED:429
https://tracxn.com/d/legal-entities/india/shadowfax-technologies-limited/__rQtRVCF-0cIgfdBC1KNCldt4wCfbbHOZaza5UcR_hsI,BOTBLOCKED:429
https://tracxn.com/d/legal-entities/india/smart-joules-private-limited/__V9qY4ElxXH3XAxJLQjghuxz99REiyYPbhYb_i0Mhmbo,BOTBLOCKED:429
https://tracxn.com/d/legal-entities/india/teacher-tools-private-limited/__-h94PiPkHucwfKnzzxLAIz_Kp1CClZmOBMflhNJlHh4,BOTBLOCKED:429
https://tracxn.com/d/legal-entities/india/vervesemi-microelectronics-private-limited/__6uc0rafLMg97KlVGV6MDcQoXzWVYpmtU7j4d4am9tpo,BOTBLOCKED:429
https://tracxn.com/d/legal-entities/india/vyuti-systems-private-limited/__n3DPmG2v2z8h8xkIka5_6cbOwx4XWtjbs3OQmqCLY5E,BOTBLOCKED:429
https://tracxn.com/d/legal-entities/india/weaver-services-private-limited/__MG1Cun-ARCVolmeLjV2rY1-Ppux8XyuPpru-yimoVmk,BOTBLOCKED:429
https://tracxn.com/d/legal-entities/india/yulu-bikes-private-limited/__3ZuBEYpAhlPCWCDpx3VqYvncs5qYE5qJ8bg_AVFuR3E,BOTBLOCKED:429
https://traqo.ai/about,OK
https://trilegal.com/news/deal-trilegal-advised-pixxel-on-inr-1200-crore-ppp-project-with-in-space,DEAD:404
https://ubos.tech/news/etherealx-secures-20-5-million-series-a-boosts-valuation-5-5x-indias-reusable-launch-vehicle-momentum,OK
https://unlistedzone.com/inframarket-confidentially-files-for-rs-5000-crore-ipo-a-deep-dive,ERR:conn
https://unlistedzone.com/vervesemi-microelectronics-business-model-funding-valuation,ERR:conn
https://upstox.com/fixed-deposit,OK
https://upstox.com/news/market-news/earnings/au-small-finance-bank-q4-results-net-profit-up-18-to-504-crore-revenue-jumps-57/article-162412,OK
https://upstox.com/news/market-news/ipo/swiggy-ipo-listing-date-key-things-to-know-before-debut-on-nse-and-bse-check-list-of-points-to-consider/article-128016,OK
https://upstox.com/terms-of-use-and-privacy-policy,OK
https://vajiramandravi.com/current-affairs/hanooman,OK
https://valueforstartups.in/30-upgrad,OK
https://valueforstartups.in/innovaccer,OK
https://valueforstartups.in/ofbusiness_investor_report,OK
https://valueforstartups.in/sharechat,OK
https://voicebot.ai/2021/04/08/enterprise-conversational-messaging-startup-gupshup-raises-100m,OK
https://warburgpincus.com/2021/01/05/warburg-pincus-to-invest-100-million-in-boat-indias-1-brand-in-the-personal-audio-category,OK
"https://ww.fashionnetwork.com/news/India-s-foxtale-announces-shift-from-d2c-label-to-house-of-brands,1790682.html",BOTBLOCKED:403
https://wwipl.com/unlisted-shares/api-holdings-pharmeasy-share-price,OK
https://www.3one4capital.com/blogs/productising-the-lending-lifecycle-rezolv-raises-12-5m-to-standardise-ai-native-collections,OK
https://www.accel-kkr.com/portfolio-company/exaat,OK
https://www.acko.com/about-us,OK
https://www.acko.com/gi/enterprise,OK
https://www.alphadroid.io/company/about-us,OK
https://www.amagi.com/hubfs/PressRelease%20(1).pdf,OK
https://www.amagi.com/hubfs/Shareholderletter.pdf,OK
https://www.angelone.in/news/ipos/oyo-parent-prism-files-updated-drhp-for-6-650-crore-ipo-issue-comprises-fresh-shares-only,OK
https://www.angelone.in/news/unlisted-companies/spacetech-startup-etherealx-secures-20-million-in-funding-led-by-tdk-ventures-and-big-capital,OK
https://www.antler.co/blog/jurisphere,OK
https://www.apiholdings.in,OK
https://www.ashishdeora.com,OK
https://www.autocarpro.in/news/delhi-ncr-ev-startup-trevel-closes-$1-million-funding-round-133060,OK
https://www.autocarpro.in/news/emo-energy-reports-187-million-ev-deliveries-in-q1-133712,OK
https://www.autocarpro.in/news/emo-energy-reports-343x-growth-in-fy26-targets-5x-expansion-in-fy27-132283,OK
https://www.autocarpro.in/news/erisha-e-mobility-secures-$1-billion-investment-from-uae-investor-125427,OK
https://www.autocarpro.in/news/euler-motors-raises-inr-6875-crore-in-series-e-round-led-by-lightrock-131796,OK
https://www.autocarpro.in/news/nawgati-enters-sri-lanka-market-with-fuel-tech-platform-130075,OK
https://www.autocarpro.in/news/nawgati-in-talks-to-raise-$52-million-series-a-at-over-$70-million-valuation-132122,OK
https://www.avataar.vc/portfolio/pb-health,OK
https://www.bajajbroking.in/share-market-news/mobikwik-q4-results-fy-24-25,OK
https://www.balajiwafers.com/pages/contact,OK
https://www.barandbench.com/law-firms/dealstreet/jsa-collyer-law-ic-regfin-legal-act-on-meeshos-202-crore-acquisition-of-kirana-club,OK
https://www.barandbench.com/law-firms/dealstreet/tta-azb-act-on-tvs-capital-investing-500-crore-in-neo-group,OK
https://www.boat-lifestyle.com/pages/investor-relations,OK
https://www.box8.in/about,OK
https://www.browserstack.com/blog/browserstack-announces-125m-esop-and-share-buyback,OK
https://www.browserstack.com/press/browserstack-announces-125-million-esop-and-share-buyback-program-creating-wealth-for-over-500-employees,OK
https://www.bseindia.com/xml-data/corpfiling/AttachLive/1d18eaed-9778-433c-8ec2-4f960e4be04b.pdf,OK
https://www.bseindia.com/xml-data/corpfiling/AttachLive/cd091908-cde2-4998-a699-1b63f0fc346f.pdf,DEAD:404
https://www.bseindia.com/xml-data/corpfiling/AttachLive/ec5ff8ad-be60-4572-92f8-5a30403c9b4d.pdf,DEAD:404
https://www.business-standard.com/companies/news/accel-leads-2-mn-funding-for-swish-to-expand-10-minute-food-delivery-124111900205_1.html,OK
https://www.business-standard.com/companies/news/b2b-saas-firm-rocketlane-raises-24-million-in-series-b-funding-round-124062501070_1.html,OK
https://www.business-standard.com/companies/news/e-commerce-major-flipkart-shuts-down-ans-commerce-lays-off-workforce-125022801307_1.html,OK
https://www.business-standard.com/companies/news/gameskraft-lays-off-120-employees-online-gaming-ban-125091800601_1.html,OK
https://www.business-standard.com/companies/news/leap-raises-65-mn-in-series-e-led-by-apis-partners-for-education-access-125012900775_1.html,OK
https://www.business-standard.com/companies/news/oyo-expects-60-jump-in-q4-revenue-at-rs-2-100-crore-ritesh-agarwal-125033100383_1.html,OK
https://www.business-standard.com/companies/news/pet-food-start-up-drools-raises-60-mn-in-funding-from-l-catterton-123062000397_1.html,OK
https://www.business-standard.com/companies/news/rapido-fy25-loss-narrows-to-rs-258-crore-revenue-rises-44-pc-126012201517_1.html,OK
https://www.business-standard.com/companies/news/sastasundar-to-invest-rs-150-crore-in-2-yrs-aims-turnaround-in-fy26-125062000419_1.html,OK
https://www.business-standard.com/companies/news/skyroot-aerospace-raises-60-mn-becomes-a-unicorn-valued-at-1-1-bn-126050700238_1.html,OK
https://www.business-standard.com/companies/news/slice-small-finance-bank-posts-first-ever-48-4-crore-net-profit-in-fy26-126052601757_1.html,OK
https://www.business-standard.com/companies/news/transbnk-raises-25-million-to-expand-banking-infrastructure-platform-125082700902_1.html,OK
https://www.business-standard.com/companies/news/vanguard-marks-down-ola-consumer-valuation-to-about-70-million-126060301318_1.html,OK
https://www.business-standard.com/companies/quarterly-results/eternal-q4-profit-jumps-4-5x-on-strong-blinkit-zomato-growth-momentum-126042801226_1.html,OK
https://www.business-standard.com/companies/quarterly-results/fractal-analytics-q4-result-profit-doubles-to-116-cr-revenue-rises-17-126051200274_1.html,OK
https://www.business-standard.com/companies/quarterly-results/make-my-trip-fy25-bookings-hit-record-9-8-bn-profit-at-95-3-mn-125051401631_1.html,OK
https://www.business-standard.com/companies/start-ups/bhavish-aggarwal-s-ai-startup-krutrim-turns-unicorn-after-raising-50-mn-124012600652_1.html,OK
https://www.business-standard.com/companies/start-ups/celcius-logistics-raises-rs-250-crore-in-series-b-to-expand-to-1000-cities-125050600943_1.html,OK
https://www.business-standard.com/companies/start-ups/cross-border-payments-fintech-skydo-raises-5-mn-from-elevation-capital-124081301334_1.html,OK
https://www.business-standard.com/companies/start-ups/dairy-tech-startup-stellapps-raises-26-million-in-series-c-funding-124102100413_1.html,OK
https://www.business-standard.com/companies/start-ups/hexahealth-closes-series-a-round-of-12-mn-to-redefine-india-surgical-care-125043000698_1.html,OK
https://www.business-standard.com/companies/start-ups/ipo-bound-udaan-raises-75-million-from-m-g-lightspeed-and-others-125021700903_1.html,OK
https://www.business-standard.com/companies/start-ups/mojro-technologies-raises-5-5-million-series-a-ai-logistics-126042800696_1.html,OK
https://www.business-standard.com/companies/start-ups/rapido-enters-unicorn-club-with-120-million-round-led-by-westbridge-124072901384_1.html,OK
https://www.business-standard.com/companies/start-ups/sanlayan-tech-buys-dexcel-elec-to-boost-defence-aerospace-innovation-125012301403_1.html,OK
https://www.business-standard.com/companies/start-ups/semiconductor-startup-mindgrove-technologies-raises-8-mn-series-a-124122200373_1.html,OK
https://www.business-standard.com/companies/start-ups/ultraviolette-plans-779-crore-tamil-nadu-plant-as-ev-demand-surges-126091000359_1.html,OK
https://www.business-standard.com/companies/start-ups/visa-processing-startup-atlys-raises-36-million-series-c-susquehanna-asia-126031600997_1.html,OK
https://www.business-standard.com/content/press-releases-ani/tiger-global-invests-usd-40-mn-in-box8-and-mojo-pizza-s-parent-company-now-rebrands-to-eatclub-brands-121113001061_1.html,OK
https://www.business-standard.com/industry/news/insurancedekho-renewbuy-merge-to-form-largest-ai-led-insurance-platform-126090101130_1.html,OK
https://www.business-standard.com/industry/news/luxury-fashion-firm-purple-style-labs-raises-40-mn-in-series-e-funding-125031300756_1.html,OK
https://www.business-standard.com/industry/news/rmg-employees-face-layoffs-after-online-gaming-law-ban-125090101066_1.html,OK
https://www.business-standard.com/markets/capital-market-news/pine-labs-concludes-acquisition-of-100-stake-in-shopflo-technologies-126061100277_1.html,OK
https://www.business-standard.com/markets/ipo/ai-firm-fractal-analytics-files-drhp-eyeing-to-raise-4-900-cr-via-ipo-125081300508_1.html,OK
https://www.business-standard.com/markets/ipo/boat-parent-files-updated-drhp-with-sebi-cuts-issue-size-to-1500-crore-125102900766_1.html,OK
https://www.business-standard.com/markets/ipo/fractal-analytics-ipo-opens-today-check-gmp-price-band-key-dates-review-126020900196_1.html,OK
https://www.business-standard.com/markets/ipo/ofbusiness-reports-net-profit-of-724-crore-in-fy26-ahead-of-planned-ipo-126072901022_1.html,OK
https://www.business-standard.com/markets/ipo/phonepe-ipo-walmart-backed-valuation-exits-upi-transactions-offer-126030400379_1.html,OK
https://www.business-standard.com/sports/business/dream11-bcci-sponsorship-exit-online-gaming-bill-2025-impact-sports-business-125082500089_1.html,OK
https://www.businessinsider.com/innovaccer-buying-startups-raising-secondaries-instead-of-ipo-2025-8,OK
https://www.businessremedies.com/journey-of-bonkers-corners-founder-shubham-gupta-built-an-identity-by-launching-a-streetwear-brand-after-struggling-through-financial-crisis,OK
https://www.businessremedies.com/the-journey-of-mobikwik-founders-bipin-preet-singh-and-upasana-taku,OK
https://www.businesstoday.in/latest/corporate/story/bnpl-platform-snapmint-bags-21-mn-in-debt-and-equity-funding-350082-2022-10-17,OK
https://www.businesstoday.in/latest/corporate/story/policybazaars-hospital-entry-can-pb-health-connect-care-cover-and-tech-542536-2026-07-13,OK
https://www.businesstoday.in/latest/corporate/story/upstox-to-take-on-groww-zerodha-with-tiger-globals-200-mn-push-313854-2021-11-29,OK
https://www.businesstoday.in/magazine/banking/story/riding-on-small-loans-au-small-finance-banks-push-towards-unsecured-retail-segment-368212-2023-01-31,OK
https://www.businesstoday.in/magazine/technology/story/indias-coolest-start-ups-meet-the-founders-of-cybernetics-laboratory-412633-2024-01-10,OK
https://www.businesstoday.in/markets/ipo-corner/story/navi-mulls-for-rs-3000-crore-ipo-sachin-bansals-fintech-firm-eyes-2-billion-valuation-548987-2026-08-13,OK
https://www.businesstoday.in/tech-today/news/story/cynlr-raises-the-curtain-on-commercial-ready-robotics-platform-516124-2026-02-13,OK
https://www.businesswire.com/news/home/20220202005128/en/Gupshup-Acquires-AI-Powered-Voice-Leader-Knowlarity-Strengthens-Conversational-Engagement-Portfolio,BOTBLOCKED:403
https://www.businesswire.com/news/home/20220222005420/en/Hasura-Announces-%24100M-in-Series-C-Funding-at-a-%241B-Valuation-to-Make-GraphQL-Available-to-Everyone,BOTBLOCKED:403
https://www.businesswire.com/news/home/20250612531860/en/Fireflies-Reaches-%241-Billion-Valuation-Partners-With-Perplexity-to-Bring-Real-time-Web-Search-to-Meetings,BOTBLOCKED:403
https://www.businesswire.com/news/home/20250723358311/en/Postman-Announces-New-San-Francisco-Headquarters-to-Accelerate-Growth-and-Innovation,BOTBLOCKED:403
https://www.businesswire.com/news/home/20250828445086/en/Uniphore-Announces-the-Acquisitions-of-Orby-AI-and-Autonom8,BOTBLOCKED:403
https://www.bwdisrupt.com/article/aeron-systems-raises-rs-45-cr-in-pre-series-b-led-by-riverwalk-and-mgf-kavachh-621877,OK
https://www.bwdisrupt.com/article/business-nextgen-finance-secures-rs-215-cr-from-beams-fintech-fund-others-622094,OK
https://www.bwdisrupt.com/article/circolife-raises-4-5-mn-in-pre-series-a-funding-round-622870,OK
https://www.bwdisrupt.com/article/cult-fit-narrows-fy25-losses-as-subscription-led-growth-strengthens-ahead-of-ipo-583734,OK
https://www.bwdisrupt.com/article/elivaas-eyes-to-triple-revenue-to-rs-120-cr-as-indias-35-bn-alt-stay-market-heats-up-570491,OK
https://www.bwdisrupt.com/article/graph-ai-secures-13-3-mn-series-a-to-scale-ai-drug-safety-platform-623535,OK
https://www.bwdisrupt.com/article/space-tech-startup-qosmic-secures-3-33-mn-in-seed-funding-led-by-accel-prosus-611980,OK
https://www.bwdisrupt.com/article/third-wave-coffee-raises-43-mn-in-funding-led-by-westbridge-capital-620461,OK
https://www.bwdisrupt.com/article/ultrahuman-reports-rs-565-cr-revenue-turns-profitable-in-fy25-572502,OK
https://www.bwdisrupt.com/article/voice-ai-startup-smallest-ai-raises-8-mn-seed-funding-from-sierra-ventures-3one4-capital-others-574944,OK
https://www.bwdisrupt.com/article/weaver-services-raises-rs-1-450-cr-led-by-premji-invest-and-lightspeed-598401,OK
https://www.bwdisrupt.com/article/xpressbees-fy25-loss-widened-85-to-rs-370-cr-578943,OK
https://www.bwhealthcareworld.com/article/truemeds-raises-rs-375-cr-in-series-c-funding-eyes-market-expansion-550088,OK
https://www.capillarytech.com/about-us,OK
https://www.caplight.com/company/fireflies-ai,OK
https://www.caplight.com/company/sliqfin,OK
https://www.caplight.com/company/uniphore-information-technology,OK
https://www.caproasia.com/2025/06/03/india-largest-eb2b-buying-platform-udaan-raised-114-million-series-g-funding-at-1-8-billion-valuation-plans-2026-ipo-founded-in-2016-by-amod-malviya-vaibhav-gupta-sujeet-kumar-investors-inclu,OK
https://www.caproasia.com/2026/04/30/india-digital-insurance-platform-acko-insurance-plans-india-ipo-to-raise-350-million-at-2-5-billion-valuation-founded-in-2016-by-varun-dua-vishwanath-ramarao-ruchi-deepak-investors-include-gene,OK
https://www.careratings.com/upload/CompanyFiles/PR/202407120742_KrazyBee_Services_Private_Limited.pdf,OK
https://www.cbinsights.com/company/ati-motors,OK
https://www.cbinsights.com/company/bigendian-semiconductors,OK
https://www.cbinsights.com/company/box8/financials,OK
https://www.cbinsights.com/company/browserstack,OK
https://www.cbinsights.com/company/curefit,OK
https://www.cbinsights.com/company/dezerv,OK
https://www.cbinsights.com/company/edubuk/financials,OK
https://www.cbinsights.com/company/emotix/financials,OK
https://www.cbinsights.com/company/fireflies,OK
https://www.cbinsights.com/company/galaxeye/financials,OK
https://www.cbinsights.com/company/general-autonomy,OK
https://www.cbinsights.com/company/groww,OK
https://www.cbinsights.com/company/gupshup,OK
https://www.cbinsights.com/company/gupshup/financials,OK
https://www.cbinsights.com/company/hasura/people,OK
https://www.cbinsights.com/company/hexahealth/financials,OK
https://www.cbinsights.com/company/inmobi/financials,OK
https://www.cbinsights.com/company/innovaccer/financials,OK
https://www.cbinsights.com/company/innovist,OK
https://www.cbinsights.com/company/leap-scholar,OK
https://www.cbinsights.com/company/mobycy,OK
https://www.cbinsights.com/company/moglix,OK
https://www.cbinsights.com/company/mojro/financials,OK
https://www.cbinsights.com/company/nobroker,OK
https://www.cbinsights.com/company/ofbusiness,OK
https://www.cbinsights.com/company/ofbusiness/financials,OK
https://www.cbinsights.com/company/pristyn-care/financials,OK
https://www.cbinsights.com/company/razorpay-software/financials,OK
https://www.cbinsights.com/company/slice,OK
https://www.cbinsights.com/company/smallcase/financials,OK
https://www.cbinsights.com/company/vedantu/financials,OK
https://www.cbinsights.com/company/yulu-bikes,OK
https://www.ceovine.com/indian-startups-shutdowns-2026-the-complete-list,OK
https://www.citybiz.co/article/898194/adobe-acquires-ai-marketing-intelligence-startup-rilo-adding-six-person-team,OK
https://www.cmv360.com/news/gosun-moonrider-27-hp-electric-tractor-heads-to-the-us-with-solar-charging,OK
https://www.cnbctv18.com/aviation/rakesh-jhunjhunwala-investing-50-million-in-akasa-air-says-hes-got-a-game-plan-for-aviation-sector-12531532.htm,OK
https://www.cnbctv18.com/business/airbound-bengaluru-drone-startup-raises-usd-37-million-in-series-a-led-greenoaks-lightspeed-19976309.htm,OK
https://www.cnbctv18.com/business/companies/capillary-technologies-raises-fy27-revenue-guidance-to-rs-1065-crore-after-strong-first-quarter-show-earnings-mastercard-sessionm-19983128.htm,OK
https://www.cnbctv18.com/business/flipkart-walmart-invest-145-million-in-ninjacart-11803662.htm,OK
https://www.cnbctv18.com/business/peak-xv-backed-elivaas-plans-fresh-fundraise-amid-growth-in-managed-villa-business-19979631.htm,OK
https://www.cnbctv18.com/business/sharechat-eyes-ipo-in-12-18-months-valuation-to-be-market-driven-ceo-ankush-sachdeva-exclusive-ws-el-19896885.htm,OK
https://www.cnbctv18.com/business/startup/celcius-logistics-fundraise-expansion-tech-development-plans-19600123.htm,OK
https://www.cnbctv18.com/business/startup/cradlewise-raises-dollar-12-million-series-a-led-prudent-investment-management-3one4-capital-19984421.htm,OK
https://www.cnbctv18.com/business/startup/dream11-prepares-to-shut-real-money-gaming-arm-online-gaming-bill-19657469.htm,OK
https://www.cnbctv18.com/business/startup/electric-mobility-platform-yulu-raises-93-million-in-series-c-funding-led-by-gef-capital-19967392.htm,OK
https://www.cnbctv18.com/business/startup/eruditus-raises-up-to-150-million-in-refinancing-to-support-global-expansion-19671142.htm,OK
https://www.cnbctv18.com/business/startup/escape-plan-series-a-funding-store-expansion-omnichannel-strategy-19834306.htm,OK
https://www.cnbctv18.com/business/startup/funding-for-indias-fintech-startups-jumps-but-fewer-companies-get-the-money-19947265.htm,OK
https://www.cnbctv18.com/business/startup/idfy-funding-utilisation-global-expansion-fraud-privacy-growth-strategy-19857962.htm,OK
https://www.cnbctv18.com/business/startup/moonrider-series-a-funding-ev-tractor-commercial-rollout-2026-19787858.htm,OK
https://www.cnbctv18.com/business/startup/physics-wallah-raises-210-million-byjus-edtech-funding-19479995.htm,OK
https://www.cnbctv18.com/business/startup/robotics-startup-cynlr-eyes-75-million-dollars-fundraise-targets-break-even-before-2030-ipo-exclusive-ws-l-19851845.htm,OK
https://www.cnbctv18.com/business/startup/stimuler-funding-english-speaking-ai-app-growth-expansion-plans-19600129.htm,OK
https://www.cnbctv18.com/business/startup/wealth-tech-platform-centricity-bags-rs280-crore-in-series-a-led-by-smbcs-venture-arm-19968764.htm,OK
https://www.cnbctv18.com/business/startup/wint-wealth-series-b-funding-fd-plus-bond-investing-india-returns-diversification-19834277.htm,OK
https://www.cnbctv18.com/business/tonbo-imaging-defence-tech-startup-raises-rs-175-crore-in-series-d-pre-ipo-round-19583901.htm,OK
https://www.cnbctv18.com/business/zepto-raises-close-to-usd-450-million-at-usd-7-billion-valuation-calpers-joins-as-new-investor-19718446.htm,OK
https://www.cnbctv18.com/healthcare/excl-pharmeasys-parent-api-holdings-to-acquire-thyrocare-to-create-one-stop-shop-for-healthcare-solutions-says-ceo-siddharth-shah-9783421.htm,OK
https://www.cnbctv18.com/market/bharatpe-pre-ipo-fundraise-profitability-growth-paytm-comparison-19673229.htm,OK
https://www.cnbctv18.com/market/cult-fit-ipo-files-drhp-with-sebi-to-raise-950-crore-fresh-issue-ofs-19939813.htm,OK
https://www.cnbctv18.com/market/curefoods-delays-ipo-plans-amid-west-asia-uncertainty-explores-private-fundraise-sources-ws-el-19921468.htm,OK
https://www.cnbctv18.com/market/inox-clean-refile-ipo-700-crore-fundraise-70000-crore-valuation-inoxgfl-adar-poonawalla-family-office-rj-corp-hero-dlf-enam-19938088.htm,OK
https://www.cnbctv18.com/market/moneyview-plans-rs-1500-crore-ipo-early-investors-to-pare-stake-via-13-6-crore-share-ofs-ws-l-19862197.htm,OK
https://www.cnbctv18.com/market/zomato-backed-cult-fit-revives-shelved-ipo-eyes-up-to-4000-crore-sources-19928476.htm,OK
https://www.cnbctv18.com/sports/dream11-suspends-real-money-games-following-the-passage-of-the-online-gaming-bill-by-parliament-19658154.htm,OK
https://www.cnbctv18.com/sports/ipl-2024-goldi-solar-announces-its-partnership-as-the-official-partner-of-mumbai-indians-19391142.htm,OK
https://www.cnbctv18.com/travel/food-and-drinks/curefoods-raises-40-m-in-series-d-funding-19526155.htm,OK
https://www.cnbctv18.com/videos/business/startup/ai-cybersecurity-firm-mitigata-plans-india-middle-east-expansion-after-series-b-round-19931006.htm,OK
https://www.cnbctv18.com/videos/business/startup/nestasia-gears-up-for-offline-expansion-and-hiring-after-funding-boost-19474270.htm,OK
https://www.communicationstoday.co.in/qnu-labs-raises-%E2%82%B9200-crore-in-series-a1-round,OK
https://www.constructionworld.in/urban-infrastructure/warehouse-and-logistics/euler-to-supply-200-evs-to-pickkup.io-for-urban-logistics/78323,OK
https://www.cooley.com/news/coverage/2021/2021-04-14-groww-reaches-unicorn-status-with-series-d-round,OK
https://www.credlix.com/news/moglix-joins-the-unicorn-club-after-120-million-fundraise,OK
https://www.crunchbase.com,OK
https://www.crunchbase.com/organization/deep-vision-c7a3,BOTBLOCKED:403
https://www.crunchbase.com/organization/erisha-e-mobility,BOTBLOCKED:403
https://www.crunchbase.com/organization/hasura,BOTBLOCKED:403
https://www.crunchbase.com/organization/hexahealth,BOTBLOCKED:403
https://www.crunchbase.com/organization/mobycy,BOTBLOCKED:403
https://www.crunchbase.com/organization/nobroker,BOTBLOCKED:403
https://www.crunchbase.com/organization/zea-maize,BOTBLOCKED:403
https://www.crunchbase.com/organization/zenoti,BOTBLOCKED:403
https://www.curefoods.in,OK
https://www.dealstreetasia.com/stories/third-wave-coffee-westbridge-493004,OK
https://www.delawareonline.com/press-release/story/121918/bellatrix-aerospace-closes-20m-pre-series-b-to-scale-satellite-propulsion-manufacturing-and-expand-global-reach,ERR:402
https://www.delhivery.com/company/investor-relations,OK
https://www.delhivery.com/press-release/funding-alert-logistics-startup-delhivery-raises-275m-in-series-h-round-led-by-fidelity-management-and-research-company,OK
https://www.delhivery.com/uploads/2026/08/LetterToShareholders_Q1FY27.pdf,OK
https://www.digitalhealthnews.com/healthtech-startup-lissun-raises-inr-48-cr-in-series-a-led-by-colossa-ventures,OK
https://www.dreamsports.group/media-and-blog/dream11s-valuation-nears-5-billion-on-400-million-fund-raise,OK
https://www.dreamsports.group/newsroom/fancode-raises-50m-funding-from-parent-dream-sports,OK
https://www.ecofy.co.in/sites/default/files/2026-03/New%20Equity%20Infusion_Press%20Release_Ecofy_16Mar26_F.pdf,OK
https://www.eetimes.com/nxp-acquires-ai-chip-startup-kinara,ERR:conn
https://www.electronicsforyou.biz/industry-buzz/zettaone-technologies-expands-its-manufacturing-facility-with-new-smt-line,OK
https://www.electronicsforyou.biz/startups/bengaluru-based-startup-advances-aesa-radar-and-ew-tech-for-next-gen-threat-defence,OK
https://www.electronicsforyou.biz/startups/we-are-building-humanoid-robots-that-can-replicate-human-tasks-athil-krishna-ihub-robotics,OK
https://www.entrepreneurindia.com/blog/en/news/ev-logistics-startup-pickkup-secures-funding-to-expand-fleet-and-technology.55942,OK
https://www.equitypandit.com/cradlewise-raises-12-million-in-series-a-to-expand-product-portfolio,OK
https://www.exxat.com/explore/newsroom/press-releases/accel-kkr-invests-in-exxat-to-accelerate-roadmap,OK
https://www.ey.com/en_in/entrepreneur-of-the-year/finalists-2025/pranav-goel-and-uttam-digga,OK
https://www.ey.com/en_in/technical/strategy-transactions/deal-alerts/2025/01/impetus-technologies-raises-strategic-funding-exceeding-dollor-350-m-from-kedaara-capital,OK
https://www.facebook.com/Inc42/posts/ai-powered-legal-tech-startup-jurisphereai-has-raised-22-mn-about-21-cr-in-a-fun/1538933301164120,ERR:400
https://www.failory.com/startups/gurgaon,OK
https://www.falconebiz.com/company/AURUM-PROPTECH-LIMITED-L72300MH2013PLC244874,OK
https://www.falconebiz.com/company/RN-CHIDAKASHI-TECHNOLOGIES-PRIVATE-LIMITED-U72900MH2015PTC261095,OK
https://www.falconebiz.com/company/SYZYGY-SPACE-TECHNOLOGIES-PRIVATE-LIMITED-U74999KA2019FTC122792,OK
https://www.fenwick.com/insights/experience/fenwick-represents-gupshup-in-additional-240-million-series-f-financing,BOTBLOCKED:403
https://www.fibe.in/contact-us,OK
https://www.financeoutlookindia.com/news/snapmint-bags-125-million-in-funding-led-by-general-atlantic-nwid-6496.html,OK
https://www.financialexpress.com/business/brandwagon-a-decade-in-oyo-finally-has-a-clean-profit-with-172-jump-3838806,OK
https://www.financialexpress.com/business/brandwagon-from-unlikely-beginnings-to-unicorn-status-amrit-acharyas-zetwerk-journey-3905106,OK
https://www.financialexpress.com/business/industry-inmobi-eyes-400-million-funding-at-8-billion-valuation-3721914,OK
https://www.financialexpress.com/business/industry-ipo-bound-phonepes-revenue-rises-40-in-fy25-losses-narrow-3985842,OK
https://www.financialexpress.com/business/industry-zetwerk-gmv-rises-35-to-rs-17564-crore-in-fy24-3695940,OK
https://www.financialexpress.com/business/industry/sharechat-cuts-adj-losses-by-72-in-fy25-but-revenue-stalls/4013915,OK
https://www.financialexpress.com/business/news/supply-chain-startup-prozo-looks-to-garner-rs-400-450-crore-revenue-in-fy27/4237189,OK
https://www.financialexpress.com/business/start-ups/unicorn-kreditbee-how-a-lending-startup-hit-1-5-billion-valuation/4199985,OK
https://www.financialexpress.com/market/boat-parent-company-imagine-marketing-files-updated-drhp-plans-rs-1500-crore-ipo-4025255,OK
https://www.finsmes.com/2026/09/jipur-robotics-raises-4-3m-in-seed-funding.html,OK
https://www.fintechfutures.com/challenger-banks/indian-neobank-niyo-lands-100m-series-c-to-boost-product-development,BOTBLOCKED:403
https://www.fintechfutures.com/fintech/indian-fintech-bharatpe-secures-unicorn-status-with-370m-series-e-round,BOTBLOCKED:403
https://www.fintechfutures.com/m-a/pine-labs-acquires-shopflo,BOTBLOCKED:403
https://www.firstpost.com/business/flipkart-walmart-deal-co-founder-sachin-bansal-to-offload-his-5-5-stake-in-firm-after-us-retail-giants-investment-4460289.html,OK
https://www.forbes.com/companies/firefliesai,OK
https://www.forbes.com/sites/davidprosser/2024/09/18/saving-the-world-with-alt-carbon-one-cup-of-tea-at-a-time,BOTBLOCKED:403
https://www.forbesindia.com/article/30-under-30-2025/forbes-india-30-under-30-2025-divanshu-kumar-finding-a-permanent-solution-to-manual-scavenging/95400/1,OK
https://www.forbesindia.com/article/family-business/finova-capital-how-a-husbandwife-duo-is-rewriting-rural-indias-fortunes/70371/1,OK
https://www.forbesindia.com/article/leadership/forbes-india-outstanding-startup-browserstack-is-building-a-global-software-leader-from-india/95499/1,OK
https://www.forbesindia.com/article/leadership/we-believe-99-percent-of-our-value-creation-lies-ahead-urban-companys-abhiraj-bhal/2987350/1,OK
https://www.forbesindia.com/article/news/deep-dive/why-zeptos-ipo-ambitions-hit-a-valuation-reality-check/2996648/1,OK
https://www.forbesindia.com/article/news/river-mobility-raises-120-million-to-build-new-factory-launch-2-scooters/2996775/1,OK
https://www.forbesindia.com/article/startups/moglix-how-rahul-garg-built-an-unexpected-unicorn/68373/1,OK
https://www.forbesindia.com/article/take-one-big-story-of-the-day/after-20-years-of-bootstrapping-is-bhavin-turakhia-switching-from-value-to-valuation-game/68865/1,OK
https://www.forbesindia.com/article/take-one-big-story-of-the-day/hot-cold-amp-celcius-the-chill-cactor/94319/1,OK
https://www.forbesindia.com/article/take-one-big-story-of-the-day/upgrads-ipo-is-on-the-horizon-can-it-unlock-its-full-potential/95634/1,OK
https://www.forbesindia.com/article/walmarts-mega-flipkart-deal/walmart-takes-over-flipkart-for-$16-billion--sachin-bansal-to-exit/50143/1,OK
https://www.fortuneindia.com/business-news/darpan-sanghvis-rise-fall-and-reinvention-from-good-glamm-groups-collapse-to-hitting-restart-with-cofounder-circle/126879,OK
https://www.fortuneindia.com/business-news/delhivery-achieves-first-full-year-of-profitability-in-fy25-posts-strong-q4-pat/123189,OK
https://www.fortuneindia.com/business-news/pvr-inox-exits-4700bc-in-2268-crore-all-cash-deal-with-marico/129751,OK
https://www.fortuneindia.com/business-news/speed-without-enough-clarity-is-expensive-says-cars24-ceo-as-startup-lays-off-200-employees/122489,OK
https://www.fortuneindia.com/business-news/unacademy-acquired-by-upgrad-for-just-over-200-million-munjal-says-we-raised-at-a-peak-but-sold-at-a-fraction/156831,OK
https://www.fortuneindia.com/business-news/weaver-services-closes-centrum-housing-finance-deal-after-raising-1450-crore-from-premji-invest-lightspeed/131394,OK
https://www.fortuneindia.com/markets/august-turns-ipogust-as-11-firms-line-up-to-raise-21272-cr-dhoot-transmission-shiprocket-milky-mist-4-others-to-open-this-week/152917,OK
https://www.fortuneindia.com/markets/ipo/juniper-green-energy-raises-539-crore-from-anchor-investors-gmp-up-76-as-ipo-opens-today/150959,OK
https://www.fortuneindia.com/markets/ipo/phonepe-files-confidential-draft-for-12000-crore-ipo-walmart-tiger-global-microsoft-eye-10-stake-sale/126934,OK
https://www.fortuneindia.com/markets/ipo/smartworks-ipo-listing-shares-debut-at-7-premium-over-issue-price/124934,OK
https://www.fortuneindia.com/startups-news/airbound-raises-37-million-series-a-to-scale-drone-delivery-and-build-larger-aircraft/155675,OK
https://www.fortuneindia.com/startups-news/emergent-becomes-the-latest-unicorn-in-indias-ai-space-with-series-c-funding/148456,OK
https://www.founderthesis.com,OK
https://www.fundedstartupsdaily.com/company/jurisphere,OK
https://www.games24x7.com/who-we-are,OK
https://www.generalatlantic.com/investment/snapmint,OK
https://www.generalatlantic.com/media-article/snapmint-announces-new-funding-led-by-general-atlantic-to-expand-its-emi-instalments-payments-platform,OK
https://www.ghar.tv/blog/inframarket-b2b-construction-startup-story/artid5437,OK
https://www.globenewswire.com/news-release/2026/02/10/3235792/0/en/freshworks-reports-fourth-quarter-and-full-year-2025-results.html,ERR:conn
https://www.globenewswire.com/news-release/2026/08/17/3346250/0/en/chargebee-named-a-leader-in-2026-gartner-magic-quadrant-for-recurring-billing-applications-for-the-third-consecutive-year.html,ERR:conn
https://www.goldmansachs.com/worldwide/india/ipo/cult-fit-limited-drhp/download,OK
https://www.graas.ai,OK
https://www.hexahealth.com/investor,OK
https://www.hindustantimes.com/business-news/nykaa-plans-to-go-public-at-3-billion-valuation/story-nrS81pX3ZlPInAPJ9E4cXJ.html,OK
https://www.hindustantimes.com/trending/sam-altman-s-baby-sleeps-in-rs-1-5-lakh-crib-made-by-bengaluru-womans-startup-101744694564861.html,OK
https://www.hrkatha.com/news/head-digital-works-lays-off-500-after-gaming-ban-hits-industry,OK
https://www.hubbis.com,OK
https://www.icra.in,DEAD:404
https://www.impactonnet.com/impact-stories/video-interview-atlys-bets-on-ai-content-and-trust-to-build-a-high-growth-visa-brand-12643.html,BOTBLOCKED:403
https://www.impetus.com/press-release/kedaara-capital-announces-a-350mn-strategic-investment-in-impetus-technologies-empowering-the-next-chapter-of-our-data-and-ai-journey,OK
https://www.indiafilings.com/search/business-nextgen-finance-private-limited-cin-U64990MH2025PTC443949,OK
https://www.indiafilings.com/search/cultfit-healthcare-private-limited-cin-U74999KA2016PTC095553,OK
https://www.indiafilings.com/search/curefit-healthcare-private-limited-cin-U74999KA2016PTC093524,OK
https://www.indiafilings.com/search/lendingkart-technologies-private-limited-cin-U72900GJ2014PTC081539,OK
https://www.indiafilings.com/search/snapmint-credit-advisory-private-limited-cin-U72200MH2017PTC300126,OK
https://www.indiafilings.com/search/snapmint-financial-services-private-limited-cin-U65999MH2019PTC321095,OK
https://www.indiafilings.com/search/vedantu-innovations-private-limited-cin-U72900KA2011PTC060958,OK
https://www.indiainfoline.com/company/urban-company-ltd/reports/directors-report,OK
https://www.indiainfoline.com/news/companies/milky-mist-ipo-listing-shares-debut-at-165-gain-18-stock-rises-29-64-from-issue-price,OK
https://www.indiaipo.in/ipo-blogs/indiqube-spaces-ipo,OK
https://www.indianchemicalnews.com/technology/jubilant-ingrevia-to-acquire-40-stake-in-zettaone-technologies-for-rs-1892-cr-31545,OK
https://www.indianretailer.com/news/funding-alert-digitalpaani-raises-fresh-capital-accelerate-water-infrastructure-automation,OK
https://www.indianretailer.com/news/retail-india-news-marico-strengthens-food-portfolio-acquisition-4700bc,OK
https://www.indianretailer.com/news/retail-india-news-theater-raises-rs-125-cr-pre-series-funding-drive-growth-and-innovation,OK
https://www.indianretailer.com/news/urban-company-shifts-saudi-operations-joint-venture,OK
https://www.indianstartuptimes.com/investment/chosen-raises-5-mn-series-a-to-expand-science-led-skincare-for-indian-and-global-markets,OK
https://www.indianstartuptimes.com/investment/iztri-raises-rs-10-crore-seed-round-led-by-all-in-capital-and-suashish-group,OK
https://www.indianstartuptimes.com/investment/navata-supply-chain-solutions-raises-rs-13-5-cr-led-by-abyro-capital,OK
https://www.indianstartuptimes.com/news/insurancedekho-secures-70m-in-funding-eyes-growth-and-merger-with-renewbuy,OK
https://www.indianweb2.com,OK
https://www.indianweb2.com/2025/03/ihub-robotics-set-to-establish-indias.html,OK
https://www.indiatoday.in/business/story/upgrad-completes-unacademy-acquisition-just-over-200-million-gaurav-munjal-2984411-2026-09-01,OK
https://www.indiatoday.in/magazine/the-she-list/the-she-list-2026/story/20260824-the-space-maker-meghna-agarwal-48-co-founder-indiqube-2972438-2026-08-16,OK
https://www.indiatodaygaming.com/news/story/krafton-india-expands-gaming-incubator-with-six-new-startups-in-second-cohort-8290,OK
https://www.infineon.com/press-release/2026/infpr202608-129,OK
https://www.inmobi.com/company/leadership/naveen-tewari,OK
https://www.insightpartners.com/ideas/rocketlane-raises-60-million-series-c-to-redefine-professional-services-for-the-ai-era,OK
https://www.instafinancials.com,OK
https://www.instafinancials.com/company/ani-technologies-private-limited-U72900KA2010PTC086596/company-overview,OK
https://www.instafinancials.com/company/marketxpander-services-private-limited-U74140KA2011PTC059300/company-overview,OK
https://www.instafinancials.com/company/outleap-technologies-private-limited-U72501KA2019FTC130352,OK
https://www.instafinancials.com/company/snapmint-financial-services-private-limited-U65999MH2019PTC321095,OK
https://www.instafinancials.com/company/vedantu-innovations-private-limited-U72900KA2011PTC060958,OK
https://www.instagram.com/reel/DNliRc7OTNN,OK
https://www.inventiva.co.in/stories/turtlemint-ipo-what-the-drhp-says,OK
https://www.inventiva.co.in/trends/zomato-swiggy-post-ipo-autopsy-amid-zepto-ipo,OK
https://www.investcorp.com/investcorp-invests-in-xpressbees,OK
https://www.isispace.nl/pixxel-chooses-isispace-as-a-partner-for-the-upcoming-satellite-mission-anand,OK
https://www.jumpstartmag.com/indian-live-online-tutoring-platform-vedantu-raises-us100m-series-d,OK
https://www.jurisphere.ai/blog/jurisphere-raises-2-2-million-to-build-outcome-based-legal-ai-platform,OK
https://www.justdial.com/Mumbai/Goldi-Solar-Pvt-Ltd-Registered-Office-Opposite-Eagle-Bakery-Jawahar-Nagar-Goregaon-West/022PXX22-XX22-190626222847-U9S8_BZDET,BOTBLOCKED:503
https://www.koseholdings.co.jp/en/kose/news/2568,ERR:conn
https://www.kotakneo.com/news/market-news/rentomojo-ipo-drhp-details,OK
https://www.kotakneo.com/pdf/ipo/urban-company-limited-ipo-rhp.pdf,OK
https://www.latestly.com/technology/mobikwik-q4-fy25-results-fintech-company-reports-wider-consolidated-loss-of-inr-56-03-crore-in-4th-quarter-of-financial-year-2024-2025-6868217.html,OK
https://www.leadsquared.com/news/leadsquared-joins-the-unicorn-club-with-153-million-funding-from-westbridge-capital,BOTBLOCKED:403
https://www.leapscholar.com/about-us,OK
https://www.legal500.com/developments/press-releases/induslaw-partners-with-jurisphere-to-lead-ai-transformation-in-the-indian-legal-sector,OK
https://www.lei-lookup.com/record/3358005EI53EZBOISD56,OK
https://www.linkedin.com/company/augnito,OK
https://www.linkedin.com/company/c2i-semiconductors,BOTBLOCKED:429
https://www.linkedin.com/company/cyn-lr,OK
https://www.linkedin.com/company/truvahomes,OK
https://www.linkedin.com/in/aayushinito,ERR:405
https://www.linkedin.com/in/amit-kumar-70258a3b,ERR:999
https://www.linkedin.com/in/arjun-p-gupta-5746ab10,ERR:405
https://www.linkedin.com/in/gagan-chaturvedi-11b36512,ERR:405
https://www.linkedin.com/in/mohaknahta,ERR:405
https://www.linkedin.com/in/movinjain,ERR:405
https://www.linkedin.com/in/mukesh-deogune,ERR:405
https://www.linkedin.com/in/prateek-jindal-3b951538,ERR:405
https://www.linkedin.com/in/saksham-s-25b7b1356,ERR:999
https://www.linkedin.com/in/suyashmotarwar,ERR:405
https://www.linkedin.com/in/umesh-k-iitr,ERR:999
https://www.linkedin.com/in/varun-khandelwal-jurisphere,ERR:999
https://www.linkedin.com/posts/analytics-india-magazine_bengaluru-based-smallestai-is-redefining-activity-7383496878778331136-lwBS,OK
https://www.linkedin.com/posts/betterinc_toddle-just-acquired-growhall-formerly-edqwest-activity-7480176028607426561-7Ppw,OK
https://www.linkedin.com/posts/getjustai_justai-raises-17m-series-a-to-build-an-agentic-activity-7475258812883488768-D2Z4,OK
https://www.linkedin.com/posts/manaskhandelwal_jurisphere-30-second-demo-activity-7217826726905540609-QCqa,OK
https://www.linkedin.com/posts/yourstory-com_sarvamai-aistartup-generativeai-activity-7445749016962953216-ZWjH,OK
https://www.linkedin.com/posts/yourstory-com_thirdwavecoffee-indianstartups-startupstrategy-activity-7407661800382554112-mdFd,OK
https://www.livemint.com/companies/atlys-visa-processing-startup-raises-funding-makemytrip-invests-11773664574465.html,OK
https://www.livemint.com/companies/bare-anatomy-parent-innovist-eyes-15-mn-funding-round-sauce-vc-startup-beauty-and-personal-care-brand-11738484233891.html,OK
https://www.livemint.com/companies/company-results/phonepe-revenue-phonepe-ipo-phonepe-losses-phonepe-financials-digital-payments-11758551525010.html,OK
https://www.livemint.com/companies/crypto-exchange-coinswitch-to-diversify-into-wealth-management-11710506989624.html,OK
https://www.livemint.com/companies/darwinbox-funding-kkr-partners-group-fundraise-ipo-hrtech-11740480621568.html,OK
https://www.livemint.com/companies/edtech-vedantu-fundraise-2025-accel-backed-unicorn-ai-in-edtech-11758861029752.html,OK
https://www.livemint.com/companies/inrisk-labs-raises-27-million-series-a-earthre-gift-city-reinsurer-11785903926508.html,OK
https://www.livemint.com/companies/kkr-to-invest-50-75-million-in-rebel-foods-at-860-million-valuation/amp-11734012801567.html,OK
https://www.livemint.com/companies/news/as-regulators-squeeze-trading-led-growth-upstox-looks-beyond-broking-for-growth-11770536721353.html,OK
https://www.livemint.com/companies/news/bengaluru-restaurant-popo-global-artal-asia-pizza-bakery-paris-panini-smash-guys-11789097523723.html,OK
https://www.livemint.com/companies/news/centricity-raises-rs-280-crore-series-a-smbc-wealth-management-11786596239685.html,OK
https://www.livemint.com/companies/news/meesho-kirana-club-meesho-acquisition-11781264589939.html,OK
https://www.livemint.com/companies/news/mindgrove-inks-prama-mou-vision-chip-commercial-deployment-11782653500360.html,OK
https://www.livemint.com/companies/news/moglix-becomes-latest-startup-to-join-unicorn-club-after-120-million-fundraise-11621229639428.html,OK
https://www.livemint.com/companies/news/morgan-stanley-fund-invests-25-mn-in-leap-india-11611243175937.html,OK
https://www.livemint.com/companies/news/nestle-drools-pet-food-investment-indian-pet-food-market-nestle-india-pet-care-purina-india-drools-pet-food-funding-11748246602478.html,OK
https://www.livemint.com/companies/news/pixxel-launches-its-first-satellite-aboard-spacex-to-launch-seven-more-by-march-2023-11648831839650.html,OK
https://www.livemint.com/companies/news/pristyn-care-scales-back-two-bets-as-it-refocuses-on-hospitals-clinics-diagnostics-medical-management-health-11787555635725.html,OK
https://www.livemint.com/companies/people/au-small-finance-bank-sanjay-agarwal-rbi-universal-licence-11754574126698.html,OK
https://www.livemint.com/companies/slice-posts-first-net-profit-appoints-founder-rajan-bajaj-ceo-after-rbi-approval-11771246279503.html,OK
https://www.livemint.com/companies/snapmint-funding-general-atlantic-investment-emi-on-upi-buy-now-pay-later-11761893094798.html,OK
https://www.livemint.com/companies/start-ups/adtech-firm-inmobi-investors-raise-150-mn-ipo-plans-11767160255321.html,OK
https://www.livemint.com/companies/start-ups/airbound-raises-37-million-series-a-round-greenoaks-drone-startup-11787633988002.html,OK
https://www.livemint.com/companies/start-ups/analytics-firm-fractal-analytics-files-draft-papers-with-sebi-for-rs-4-900-crore-ipo-11755073691029.html,OK
https://www.livemint.com/companies/start-ups/b2b-ai-firm-gupshup-secures-60-million-in-fresh-funding-eyes-ipo-in-12-24-months-11753204523533.html,OK
https://www.livemint.com/companies/start-ups/delhiverys-5-235-crore-initial-share-sale-opens-on-11-may-11651774637699.html,OK
https://www.livemint.com/companies/start-ups/groww-raises-251-mn-triples-valuation-to-3-bn-in-6-months-11635096502920.html,OK
https://www.livemint.com/companies/start-ups/herspace-manufacturing-raises-50-million-gray-matters-capital-11788770709275.html,OK
https://www.livemint.com/companies/start-ups/indian-ev-startup-zypp-electric-raises-25-million-in-gogoro-led-round-11675860027833.html,OK
https://www.livemint.com/companies/start-ups/nobroker-onboards-google-in-extended-series-e-round-11677663257601.html,OK
https://www.livemint.com/companies/start-ups/play-games24x7-appoints-saroj-panigrahi-as-coo-to-spearhead-marketing-and-operations-for-rummycircle-and-my11circle-11686558166239.html,OK
https://www.livemint.com/companies/start-ups/pristyn-care-healthcare-personnel-cto-finance-head-hospital-expansion-unicorn-startup-11759047726054.html,OK
https://www.livemint.com/companies/start-ups/pristyn-care-senior-level-exits-peak-xv-partners-health-tech-startups-unicorn-harsimarbir-singh-lybrate-beatxp-11739428896105.html,OK
https://www.livemint.com/companies/start-ups/purple-style-labs-raises-8-mn-in-series-d-round-eyes-ipo-in-2026-11700464585900.html,OK
https://www.livemint.com/companies/start-ups/renee-cosmetics-is-in-talks-to-raise-over-rs200-crore-from-new-investors-11753183442508.html,OK
https://www.livemint.com/companies/start-ups/shadowfax-raises-100-million-series-e-round-led-by-tpg-new-quest-11709035738467.html,OK
https://www.livemint.com/companies/start-ups/study-abroad-leap-scholar-leap-finance-geebee-yocket-prodigy-finance-foreign-education-loans-edtechs-byjus-11741247394336.html,OK
https://www.livemint.com/companies/start-ups/toddle-seeks-up-to-100-million-dollars-edtech-revival-11782317497756.html,OK
https://www.livemint.com/companies/start-ups/weaver-services-raises-170-million-from-lightspeed-premji-invest-11755598088586.html,OK
https://www.livemint.com/companies/start-ups/yulu-raises-82-mn-from-magna-intl-bajaj-auto-others-11662995074640.html,OK
https://www.livemint.com/companies/start-ups/zypp-electric-ipo-fundraising-valuation-pre-ipo-funding-ev-as-a-service/amp-11782032496965.html,OK
https://www.livemint.com/companies/third-wave-coffee-funding-rs-408-crore-westbridge-capital-expansion-11787462869775.html,OK
https://www.livemint.com/companies/ultraviolette-automotive-ultraviolette-auto-electric-vehicles-ev-funding-yali-capital-speciale-invest-tdk-ventures-11789110678964.html,OK
https://www.livemint.com/companies/ultraviolette-automotive-ultraviolette-auto-electric-vehicles-ev-funding-yali-capital-speciale-invest-tdk-ventures/amp-11789110678964.html,OK
https://www.livemint.com/companies/zypp-electric-ipo-ev-logistics-electric-vehicles-axis-capital-sbi-capital-markets-dam-capital-pre-ipo-funding-11782104481548.html,OK
https://www.livemint.com/industry/india-fabless-chip-startups-scale-11787309223555.html,OK
https://www.livemint.com/market/ipo/purple-style-labs-ipo-heres-what-gmp-signals-ahead-of-listing-on-sept-7-check-total-subscription-and-other-details-11788516542559.html,OK
https://www.livemint.com/market/ipo/rentomojo-ipo-allotment-today-check-status-online-72-88x-subscription-gmp-signals-39-listing-gains-11789439343667.html,OK
https://www.livemint.com/market/ipo/sebi-clears-prism-ipo-oyo-parent-7-8-billion-listing-push-11780401059941.html,OK
https://www.livemint.com/market/stock-market-news/milky-mist-share-price-hits-record-high-soaring-75-from-52-week-low-what-s-fueling-the-rally-11789101338019.html,OK
https://www.livemint.com/market/stock-market-news/stock-to-watch-au-small-finance-bank-gets-rbi-nod-for-universal-bank-license-details-here-11754622272711.html,OK
https://www.livemint.com/mint-lounge/business-of-life/kunal-popat-r-for-rabbit-india-homegrown-baby-brand-1177092244213.html,DEAD:404
https://www.livemint.com/mint-lounge/business-of-life/sai-srinivas-mobile-premier-league-m-league-mint-business-lounge-11749265321879.html,OK
https://www.livemint.com/money/personal-finance/pnb-kiwi-partner-to-launch-credit-on-upi-card-for-180-million-users-11776920819539.html,OK
https://www.livemint.com/technology/what-gaming-tech-firm-arc-raised-in-pre-seed-funding-led-by-chimera-vc-mixi-global-investments-11789041546622.html,OK
https://www.loreal.com/-/media/project/loreal/brand-sites/corp/master/lcorp/press-releases/group/2026/l-oreal-to-acquire-a-majority-stake-in-innovist/prloreal-to-acquire-a-majority-stake-in-innovist-a-leading-indian-personal-care-house-of-brands.pdf,OK
https://www.lumikai.com/post/eloelo-raises-2-1m-for-creator-led-social-gaming-platform-in-india,BOTBLOCKED:429
https://www.magna.com/company/newsroom/releases-archive/release/2022/09/11/news-release---magna-enters-micromobility-market-investing-in-yulu-and-creating-battery-swapping-business,OK
https://www.marketscreener.com/news/smart-joules-pvt-ltd-announced-that-it-has-received-inr-900-million-in-funding-from-sbi-ventures-l-ce7d50dada81ff25,BOTBLOCKED:403
https://www.markhub24.com/post/swiggy-s-multi-business-strategy-across-food-delivery-and-quick-commerce,OK
https://www.medianama.com/2018/09/223-ola-founders-temasek-to-buy-stake-in-parent-firm-ani-technologies-2,OK
https://www.medianama.com/2026/01/223-exclusive-insurancedekho-rs-38-57-cr-corporate-restructuring-cardekho-group,OK
https://www.medianama.com/2026/05/223-urban-company-lost-rs-447-instahelp-order-q4-fy26,OK
https://www.medianama.com/wp-content/uploads/2025/09/MobiKwik_Annual_Report_FY24-25.pdf,OK
https://www.medianama.com/wp-content/uploads/2026/05/Urban_Company_Shareholders_Letter_and_Results_Q4_FY26.pdf,OK
https://www.medianews4u.com/qila-games-secures-1-million-in-pre-seed-funding-to-pioneer-hybrid-casual-gaming-in-india,OK
https://www.mercomindia.com/ecofy-raises-%E2%82%B93-8-billion-to-expand-retail-green-finance-in-india,OK
https://www.mirova.com/sites/default/files/2026-04/2026-05/06052026_PRESSRELEASE_Ecofy-Mirova.pdf,OK
https://www.mobikwik.com/blog/mobikwik-reportotal-income-of-inr-9140-mn-for-nine-months-of-fy25-surpassing-full-year-fy24-income,OK
https://www.mobikwik.com/ir/company-information,OK
https://www.moengage.com/company,OK
https://www.moengage.com/in-the-news/moengage-gets-100m-to-scale-marketing-ai-agents-and-accelerate-expansion-in-north-america,OK
https://www.moneycontrol.com/automobile/euler-motors-raises-rs-437-5-crore-in-series-e-round-led-by-lightrock-article-13869516.html,OK
https://www.moneycontrol.com/defence/from-prototype-to-military-demo-how-pune-s-olee-space-built-laser-weapons-and-communication-systems-in-under-3-years-article-13911339.html,OK
https://www.moneycontrol.com/ipo/capillary-technologies-india-ltd-cti02-ipodetail,OK
https://www.moneycontrol.com/news/business/companies/mpl-is-indias-latest-startup-unicorn-now-valued-at-2-3-billion-7469161.html,OK
https://www.moneycontrol.com/news/business/dream11-parent-bags-840-million-funding-at-8-billion-valuation-7757971.html,OK
https://www.moneycontrol.com/news/business/funding/atlys-raises-36-million-in-series-c-round-led-by-susquehanna-asia-vc-13861972.html,OK
https://www.moneycontrol.com/news/business/funding/escape-plan-raises-25-million-series-a-led-by-jungle-ventures-indigo-ventures-comes-in-as-strategic-investor-13784532.html,OK
https://www.moneycontrol.com/news/business/funding/sugar-cosmetics-raises-rs-144-5-crore-from-a91-partners-at-sharp-valuation-cut-14024825.html,OK
https://www.moneycontrol.com/news/business/funding/uni-cards-spin-off-wealthtech-platform-powerup-money-raises-7-1-million-from-accel-blume-others-13109722.html,OK
https://www.moneycontrol.com/news/business/funding/vedantu-raises-11-million-in-fresh-funding-from-existing-investors-gears-up-for-external-secondary-round-13580785.html,OK
https://www.moneycontrol.com/news/business/ipo/bumper-debut-au-small-finance-bank-lists-at-rs-528-zooms-47-over-issue-price-2321933.html,OK
https://www.moneycontrol.com/news/business/ipo/leap-india-shares-list-at-4-premium-over-ipo-price-on-nse-14005281.html,OK
https://www.moneycontrol.com/news/business/ipo/mobikwik-share-price-stock-lists-at-nearly-60pc-premium-over-ipo-price-on-nse-12892369.html,OK
https://www.moneycontrol.com/news/business/ipo/westbridge-capital-backed-indiqube-spaces-rs-700-crore-ipo-to-hit-dalal-street-on-july-23-offer-size-reduced-13291700.html,OK
https://www.moneycontrol.com/news/business/kkr-vedanta-group-promoted-serentica-renewables-plans-500-million-invit-13994888.html,OK
https://www.moneycontrol.com/news/business/kunal-shah-backed-niro-shuts-down-amid-regulatory-hurdles-funding-crunch-13601966.html,OK
https://www.moneycontrol.com/news/business/l-oreal-in-talks-to-acquire-majority-stake-in-personal-care-startup-innovist-at-350-mn-450-mn-valuation-13865201.html,OK
https://www.moneycontrol.com/news/business/markets/left-ias-built-unacademy-how-roman-saini-co-founded-edtech-firm-now-acquired-by-upgrad-for-200-million-14019888.html,OK
https://www.moneycontrol.com/news/business/markets/meesho-stock-slips-1-after-rs-202-crore-kirana-club-acquisition-13949753.html,OK
https://www.moneycontrol.com/news/business/mindgrove-to-begin-commercial-production-of-india-s-secure-iot-chip-eyes-biometrics-and-industrial-iot-market-13915002.html,OK
https://www.moneycontrol.com/news/business/startup/a23-owner-head-digital-works-to-cut-around-500-jobs-after-govt-s-real-money-gaming-ban-13521656.html,OK
https://www.moneycontrol.com/news/business/startup/bhavish-aggarwal-led-krutrim-pivots-from-building-ai-models-chip-design-to-cloud-services-13908186.html,OK
https://www.moneycontrol.com/news/business/startup/bnpl-startup-simpl-lays-off-100-employees-after-rbi-s-crackdown-on-payments-operation-13593569.html,OK
https://www.moneycontrol.com/news/business/startup/cred-revenue-grows-16-to-rs-2-735-crore-in-fy25-operating-losses-halve-to-rs-298-crore-13800818.html,OK
https://www.moneycontrol.com/news/business/startup/darwinbox-set-to-hit-100-million-arr-by-end-of-2025-expands-focus-on-ai-us-market-12957848.html,OK
https://www.moneycontrol.com/news/business/startup/decentralised-gamer-network-kgen-bags-10-mn-funding-led-by-aptos-labs-valuation-jumps-to-500-mn-12871792.html,OK
https://www.moneycontrol.com/news/business/startup/delta-corp-to-sell-51-stake-in-adda52-parent-to-a23-owner-head-digital-works-12946893.html,OK
https://www.moneycontrol.com/news/business/startup/eloelo-s-pitch-deck-reveals-micro-drama-boom-230-million-arr-27-million-monthly-users-log-2-billion-minutes-amid-funding-talks-13875273.html,OK
https://www.moneycontrol.com/news/business/startup/eruditus-posts-rs-3-733-crore-revenue-in-fy24-ebitda-loss-narrows-by-83-12983150.html,OK
https://www.moneycontrol.com/news/business/startup/ex-paytm-money-ceo-pravin-jadhavs-dhan-launches-mutual-fund-distribution-service-11857481.html,OK
https://www.moneycontrol.com/news/business/startup/exclusive-ola-co-founder-ankit-bhati-launches-new-startup-amnic-with-former-colleagues-ropes-in-sequoia-as-investor-7911191.html,OK
https://www.moneycontrol.com/news/business/startup/finova-capital-raises-135-mn-from-series-e-round-led-by-avataar-venture-partners-sofina-madison-india-12853711.html,OK
https://www.moneycontrol.com/news/business/startup/fintech-unicorn-zeta-secures-50-million-at-a-valuation-of-2-billion-12936584.html,OK
https://www.moneycontrol.com/news/business/startup/flipkart-valuation-crosses-38-billion-in-latest-esop-buyback-13967361.html,OK
https://www.moneycontrol.com/news/business/startup/games24x7-raises-75-million-funding-at-2-5-billion-valuation-8296591.html,OK
https://www.moneycontrol.com/news/business/startup/iconiq-to-pump-in-150-million-in-groww-in-pre-ipo-round-at-7-billion-valuation-13047306.html,OK
https://www.moneycontrol.com/news/business/startup/my-competition-is-with-users-time-spent-on-mobile-phones-dailyhunt-founder-virendra-gupta-8321841.html,OK
https://www.moneycontrol.com/news/business/startup/nazara-ncore-games-others-form-new-video-game-association-after-online-gaming-law-13487951.html,OK
https://www.moneycontrol.com/news/business/startup/ofbusiness-to-pick-up-stake-in-bengaluru-based-apparel-exporter-indian-designs-in-fifth-deal-ahead-of-ipo-13093968.html,OK
https://www.moneycontrol.com/news/business/startup/real-money-gaming-ban-wipes-out-pe-firm-clairvest-s-rs-760-crore-stake-in-head-digital-works-13674496.html,OK
https://www.moneycontrol.com/news/business/startup/rocketlane-raises-60-million-series-c-led-by-global-software-investor-insight-partners-13870467.html,OK
https://www.moneycontrol.com/news/business/startup/slice-in-talks-to-raise-100-million-from-accel-elevation-capital-peak-xv-partners-others-13897194.html,OK
https://www.moneycontrol.com/news/business/startup/snapmint-raises-125-mn-from-general-atlantic-kae-capital-and-others-13644222.html,OK
https://www.moneycontrol.com/news/business/startup/upstoxs-valuation-to-soar-to-3-3-5-billion-with-new-funding-round-led-by-tiger-global-7762931.html,OK
https://www.moneycontrol.com/news/business/startup/vedantu-raises-100m-at-1b-valuation-becomes-indias-5th-edtech-unicorn-7523211.html,OK
https://www.moneycontrol.com/news/business/startup/zetwerk-s-gmv-crosses-2-billion-in-fy24-12894096.html,OK
https://www.moneycontrol.com/news/india/ed-files-pmla-complaint-against-gameskraft-rummyculture-founders-in-rs-19-984-crore-money-laundering-case-13983454.html,OK
https://www.moneycontrol.com/news/india/pixxel-led-consortium-to-build-indias-first-private-earth-observation-constellation-13456789.html,DEAD:404
https://www.moneycontrol.com/technology/digital-lending-app-fibe-raises-90-million-in-series-e-round-article-12741750.html,OK
https://www.moneycontrol.com/technology/finova-capital-in-talks-to-raise-rs-800-crore-from-avataar-venture-madison-india-capital-and-sofina-article-12820972.html,OK
https://www.moneycontrol.com/technology/fintech-kreditbee-s-profit-soars-66-to-rs-473-crore-revenue-surges-40-to-rs-2-712-crore-article-13245269.html,OK
https://www.moneycontrol.com/technology/zerodha-revenue-and-profit-remain-flat-in-fy-26-reports-net-profit-of-rs-4-300-crore-article-14016247.html,OK
https://www.moonrider.ai/about-us,OK
https://www.motorindiaonline.in/nawgati-unveils-aaveg-pro-to-digitise-fuel-retail-operations,OK
https://www.mu-sigma.com,OK
https://www.ndtv.com/india-news/bhavish-aggarwals-ola-to-cut-1-000-jobs-500-were-laid-off-in-november-7835210,BOTBLOCKED:403
https://www.neo-group.in/people/nitin-jain,DEAD:404
https://www.neo-group.in/people/shajikumar-devakar,DEAD:404
https://www.neo-group.in/people/varun-bajpai,DEAD:404
https://www.neo.group/our-people,OK
https://www.nestle.com/media/news/nestle-acquires-minority-stake-drools-pet-food-india,BOTBLOCKED:403
https://www.netradyne.com/news/netradyne-r-raises-90-million-in-series-d-funding-led-by-point72-private-investments,OK
https://www.newindianexpress.com/business/2026/Sep/10/ultraviolette-to-invest-rs-1000-cr-for-new-facility-in-hosur-ramp-up-capacity-in-bengaluru,OK
https://www.niftytrader.in/markets/pine-labs-buys-shopflo-88cr-checkout-deal,OK
https://www.ofbusiness.com,OK
https://www.olakrutrim.com/cloud,DEAD:404
https://www.otpp.com/en-ca/about-us/news-and-insights/2025/darwinbox-secures-40-million-from-tvg,OK
https://www.outlookbusiness.com/corporate/ev-start-up-river-mobility-marks-40-of-120-mn-round-for-rd-factory,OK
https://www.outlookbusiness.com/corporate/healthtech-start-up-ultrahuman-likely-to-raise-120-mn-from-westbridge-capital-other-investors,OK
https://www.outlookbusiness.com/corporate/smart-joules-raises-10-mn-series-b-led-by-sbi-ventures-for-ai-driven-energy-efficiency-expansion-in-india,OK
https://www.outlookbusiness.com/corporate/snitch-raises-340-cr-funding-valuation-jumps-to-2500-crore-to-fuel-expansion,OK
https://www.outlookbusiness.com/corporate/wealthtech-platform-syfe-secures-80-mn-in-series-c-for-indian-team-expansion,OK
https://www.outlookbusiness.com/magazine/how-kochi-start-up-eyerov-is-powering-indias-underwater-drone-technology,OK
https://www.outlookbusiness.com/news/razorpay-kicks-off-ipo-preparations-for-4500cr-listing-invites-bank-pitches,OK
https://www.outlookbusiness.com/news/startup-funding-funding-sharechat-funding-sharechat-raises-255-million-led-by-google-times-group-temasek-valued-at-5-billion-news-202884,OK
https://www.outlookbusiness.com/news/why-perplexity-founder-aravind-srinivas-backed-astra-couldnt-survive-amid-ai-agents-hype-explained,OK
https://www.outlookmoney.com/invest/leap-india-ipo-gmp-subscription-status-price-band-lot-size-date-details,OK
https://www.outlookmoney.com/invest/razorpay-ipo-fintech-firm-files-draft-papers-via-confidential-filing-route-key-details-investors-must-know,OK
https://www.outlookmoney.com/news/zepto-files-confidential-ipo-papers-with-sebi-eyes-rs-11000-cr-via-issue,OK
https://www.peoplematters.in/news/leadership/au-small-finance-bank-gets-rbi-nod-to-reappoint-sanjay-agarwal-as-ceo-48407,OK
https://www.peoplematters.in/news/leadership/hired-in-june-laid-off-in-august-iitians-hit-by-cleartax-job-cuts-42348,OK
https://www.peoplematters.in/news/strategic-hr/porter-lays-off-350-staff-despite-58percent-revenue-surge-and-return-to-profit-47070,OK
https://www.pib.gov.in/PressReleasePage.aspx,BOTBLOCKED:401
https://www.pinelabs.com/media-analyst/pine-labs-acquires-shopflo-to-build-indias-leading-unified-commerce-and-payments-platform,OK
https://www.pixxel.space,OK
https://www.pixxel.space/news/pixxel-awarded-nasa-contract-to-support-earth-science-research-with-hyperspectral-technology,OK
https://www.pixxel.space/news/pixxel-led-consortium-with-partners-dhruva-space-piersight-and-satsure-wins-in-space-proposal-to-build-indias-national-eo-constellation,OK
https://www.pixxel.space/news/pixxel-raises-100-million-in-series-c-funding-to-build-the-infrastructure-for-a-changing-planet,OK
https://www.pixxel.space/news/pixxel-raises-24m-in-additional-funding,DEAD:404
https://www.postman.com/company/about-postman,OK
https://www.powerup.money/blog/bond/powerup-raises-12m-series-a-and-we-couldnt-have-done-it-without-you,OK
https://www.preqin.com,OK
https://www.preqin.com/data/profile/asset/ola-cabs/85494,OK
https://www.prnewswire.com/in/news-releases/india-s-fastest-growing-broker-upstox-raises-usd-25-million-funding-from-tiger-global-817230463.html,OK
https://www.prnewswire.com/in/news-releases/rosy-blue-and-kashikey-invest-1000-crore-to-scale-qween-indias-first-self-discovery-experiential-jewellery-brand-302632975.html,OK
https://www.prnewswire.com/news-releases/ati-motors-raises-20m-series-b-for-global-expansion-of-its-ai-powered-robotics-workforce-302357446.html,OK
https://www.prnewswire.com/news-releases/chargebee-raises-125-million-series-g-funding-to-accelerate-the-global-shift-to-subscriptions-301272245.html,OK
https://www.prnewswire.com/news-releases/falcon-edge-dst-global-d1-capital-and-redbird-capital-lead-840-million-investment-in-dream-sports-at-8-billion-valuation-301431663.html,OK
https://www.prnewswire.com/news-releases/graph-ai-raises-13-3m-series-a-to-scale-the-first-ai-native-operating-system-for-patient-safety-302874459.html,OK
https://www.prnewswire.com/news-releases/moengage-raises-77-million-in-series-e-funding-led-by-goldman-sachs-asset-management-and-b-capital-301557902.html,OK
https://www.prnewswire.com/news-releases/rocketlane-raises-60-million-series-c-to-redefine-professional-services-for-the-ai-era-302723180.html,OK
https://www.prozo.com,OK
https://www.prozo.com/about-us/leadership,OK
https://www.pv-magazine-india.com/2026/07/09/serentica-secures-adb-led-debt-financing-for-200-mw-hybrid-project-in-karnataka,OK
https://www.pw.live/about-us,OK
https://www.recurclub.com/company/ghv-advanced-care-private-limited,OK
https://www.recurclub.com/company/phonepe-limited,OK
https://www.reddit.com/r/SPACs/comments/r4mlun/comparing_satellite_imagery_companies_bksy_dmyq,OK
https://www.rediff.com/business/report/eternal-q1-fy27-blinkits-quick-commerce-growth--market-share-expansion/20260731.htm,OK
https://www.restaurantindia.in/awards/bengaluru/nikhil-g.php,OK
https://www.reuters.com/business/world-at-work/indian-electric-scooter-firm-ola-electric-says-it-will-lay-off-5-workforce-2026-01-30,BOTBLOCKED:401
https://www.reuters.com/legal/transactional/loreal-acquire-majority-stake-indias-innovist-2026-06-18,BOTBLOCKED:401
https://www.reuters.com/science/indian-space-startup-galaxeye-wins-us-patent-satellite-imaging-technology-2026-09-08,BOTBLOCKED:401
https://www.reuters.com/world/india/furniture-rental-firm-rentomojos-india-ipo-fully-subscribed-first-day-bidding-2026-09-09,BOTBLOCKED:401
https://www.reuters.com/world/india/growws-parent-lists-12-premium-after-754-million-india-ipo-2025-11-12,BOTBLOCKED:401
https://www.reuters.com/world/india/indian-fintech-firm-pine-labs-files-initial-public-offering-2025-06-26,BOTBLOCKED:401
https://www.reuters.com/world/india/indian-fitness-firm-cultfit-files-ipo-2026-07-07,BOTBLOCKED:401
https://www.reuters.com/world/india/indias-amagi-media-labs-sets-price-band-ipo-2026-01-07,BOTBLOCKED:401
https://www.reuters.com/world/india/indias-coinswitch-cooperating-with-financial-crime-agency-probe-ceo-2022-08-27,BOTBLOCKED:401
https://www.reuters.com/world/india/kkr-backed-logistics-firm-leap-india-launch-260-mln-ipo-friday-2026-08-03,BOTBLOCKED:401
https://www.reuters.com/world/india/oyo-parent-prism-gets-shareholder-nod-raise-742-million-via-ipo-2025-12-23,BOTBLOCKED:401
https://www.reuters.com/world/india/temasek-backed-milky-mist-rises-about-30-india-debut-2026-08-18,BOTBLOCKED:401
https://www.reuters.com/world/india/walmart-backed-phonepe-files-india-ipo-via-confidential-route-2025-09-24,BOTBLOCKED:401
https://www.reuters.com/world/india/walmart-backed-phonepe-targets-up-105-billion-valuation-india-ipo-sources-say-2026-03-04,BOTBLOCKED:401
https://www.reuters.com/world/india/yamaha-backed-indian-ev-startup-river-mobility-raises-120-mln-2026-08-05,BOTBLOCKED:401
https://www.reveliolabs.com/companies/pixxel/employees,OK
https://www.rideriver.com/about-us,OK
https://www.rideriver.com/corporate,OK
https://www.rocketlane.com/press/rocketlane-raises-series-c,OK
https://www.sapiom.ai,OK
https://www.sarvam.ai/announcing-series-b,OK
https://www.sarvam.ai/blogs/announcing-series-a,OK
https://www.sarvam.ai/models,OK
https://www.satellitetoday.com/finance/2026/09/08/pixxel-targets-us-growth-new-sensing-tech-with-100m-raise,BOTBLOCKED:403
https://www.satellitetoday.com/imagery-and-sensing/2021/03/17/indian-startup-pixxel-closes-7-3m-seed-round-plans-hyperspectral-constellation,BOTBLOCKED:403
https://www.saurenergy.com/solar-energy-news/zypp-electric-raises-15mn-investment-from-eneos,OK
https://www.sebi.gov.in/sebi_data/commondocs/apr-2026/Rentomojo%20Limited-Draft%20Abridged%20Prospectus_p.pdf,OK
https://www.sec.gov/Archives/edgar/data/1495153/000119312526107424/mmyt-ex99_1.htm,BOTBLOCKED:403
https://www.sec.gov/Archives/edgar/data/1701605/000170160525000117/R26.htm,BOTBLOCKED:403
https://www.semafor.com/article/08/05/2026/startup-sapiom-routes-clients-ai-to-lowest-cost-tokens,ERR:405
https://www.sensibook.com/companies/1433112/U70200MH2021PTC367309/NEO-INVESTMENT-VALUE-ADVISORS-PRIVATE-LIMITED,OK
https://www.sensibook.com/companies/1830120/U40300DL2014PTC273904/SMART-JOULES-PRIVATE-LIMITED,OK
https://www.shadowfax.in/blogs/announcing-shadowfaxs-22-million-series-c-funding-round,OK
https://www.sia-india.com/spacetech-startup-ethereal-exploration-guild-raises-20-5-mn-in-series-a-round,OK
https://www.siliconindia.com/startup/startup-funding/onecard-raises-rs-40-crore-debt-from-alteria-capital-amid-rbi-scrutiny-nwid-52730.html,OK
https://www.skydo.com/about-us,OK
https://www.skydo.com/blog/skydo-series-a-funding-announcement,OK
https://www.smallcase.com/about,OK
https://www.smallcase.com/blog/smallcase-raises-50m-in-series-d-funding,OK
https://www.smartworksoffice.com/investors,OK
https://www.smartworksoffice.com/leadership,OK
https://www.snapmintbusiness.com/blogs/snapmint-cashfree-one-click-checkout,OK
https://www.squareyards.com/blog/square-yards-becomes-unicorn-after-rs-900-crore-fundraise-plans-ipo,DEAD:404
https://www.stockgro.club,OK
https://www.storyboard18.com/brand-marketing/accel-backed-rentomojo-files-for-india-ipo-plans-%E2%82%B9150-crore-raise-93639.htm,OK
https://www.storyboard18.com/brand-marketing/blusmart-to-dunzo-10-startup-shutdowns-that-exposed-cracks-in-indias-funding-boom-101166.htm,OK
https://www.storyboard18.com/brand-marketing/from-blusmart-to-dunzo-10-startup-failures-that-exposed-the-cracks-in-indias-growth-at-all-costs-model-101138.htm,OK
https://www.storyboard18.com/brand-marketing/gameskraft-invests-rs-21-7-crores-in-social-gaming-and-live-streaming-platform-eloelo-61720.htm,OK
https://www.storyboard18.com/brand-marketing/meesho-acquires-kirana-club-to-deepen-reach-in-indias-retail-ecosystem-100981.htm,OK
https://www.storyboard18.com/gaming-news/exclusive-my11circle-parent-games24x7-begins-layoffs-400-jobs-on-the-line-79997.htm,OK
https://www.straitstimes.com/business/companies-markets/temasek-leads-282m-fundraising-round-for-india-start-up-rebel-foods-ahead-of-planned-ipo,OK
https://www.syfe.com,OK
https://www.techcircle.in/2016/02/11/shopkirana-raises-funding-from-ex-samsung-exec-others,OK
https://www.techcircle.in/2020/11/25/with-200-mn-fresh-capital-cars24-joins-the-unicorn-club,OK
https://www.techpluto.com/exclusive-sequoia-backed-finova-capital-raises-inr-15-crore-debt-from-bank-of-baroda,OK
https://www.techtimes.com/articles/324539/20260814/graas-raises-17m-acquires-trustana-temasek-bets-unified-ai-data-asia-retail.htm,OK
https://www.thearcweb.com/article/blinkit-zomato-eternal-quick-commerce-Q4-results-food-delivery-IGbWzh0VOAzqIhIC,OK
https://www.thearcweb.com/article/logistics-unicorn-porter-delivers-profit-surge-in-fy25-as-revenue-soars-W29OURGRfcWKkfSP,OK
https://www.thearcweb.com/company/gupshup,OK
https://www.thearcweb.com/company/xpressbees,OK
https://www.thecompanycheck.com/company/augnito-india-private-limited/U72900MH2022PTC377129,OK
https://www.thecompanycheck.com/company/cultfit-healthcare-private-limited/U74999TN2016PTC176668,OK
https://www.thecompanycheck.com/company/neo-investment-value-advisors-private-limited/U70200MH2021PTC367309,OK
https://www.thecompanycheck.com/company/pb-healthcare-services-private-limited/U86100HR2025PTC127240,OK
https://www.thecompanycheck.com/company/rn-chidakashi-technologies-private-limited/U72900MH2015PTC261095,OK
https://www.thecompanycheck.com/company/vedantu-innovations-private-limited/U72900KA2011PTC060958,OK
https://www.thehindu.com/business/Industry/indian-online-insurer-acko-raises-255-million-for-expansion-drive/article37206002.ece,OK
https://www.thehindu.com/business/Industry/ola-electric-to-lay-off-5-of-its-workforce/article70570552.ece,OK
https://www.thehindu.com/business/groww-app-to-raise-66323-crore-in-ipo/article70221958.ece,OK
https://www.thehindu.com/business/markets/nykaa-ipo-to-open-for-public-subscription-on-october-28/article37121578.ece,OK
https://www.thehindu.com/news/cities/bangalore/usas-national-reconnaissance-office-awards-contract-to-bengaluru-space-startup-pixxel-to-provide-hyperspectral-imagery/article70942519.ece,OK
https://www.thehindu.com/news/national/tamil-nadu/drone-startup-garuda-aerospace-secures-100-crore-funding/article69455622.ece,OK
https://www.thehindu.com/news/national/tamil-nadu/space-startup-agnikul-raises-150-crore-to-fund-reusable-rockets/article70310628.ece,OK
https://www.thehindubusinessline.com/companies/ammunic-systems-eyes-southeast-asia-expansion-sharpens-focus-on-loitering-munitions/article71201736.ece,OK
https://www.thehindubusinessline.com/companies/chennai-start-up-uniphore-raises-260-mn-from-nvidia-amd-nea-among-others/article70192182.ece,OK
https://www.thehindubusinessline.com/companies/d2c-jewellery-brand-giva-raises-530-crore-in-series-c-round/article69735082.ece,OK
https://www.thehindubusinessline.com/companies/edtech-start-up-leap-raises-75-million-in-series-d-round-led-by-owl-ventures/article65553759.ece,OK
https://www.thehindubusinessline.com/companies/hasura-raises-100-m-in-series-c-funding-at-1-b-valuation/article65074669.ece,OK
https://www.thehindubusinessline.com/companies/hexahealth-raises-12-million-in-series-a-round-led-by-orios-venture-partners-3one4-capital/article69508965.ece,OK
https://www.thehindubusinessline.com/companies/ola-founder-bhavish-aggarwal-temasek-and-warburg-pincus-invest-500-million-in-ola-ahead-of-ipo/article35230350.ece,OK
https://www.thehindubusinessline.com/companies/ride-hailing-unicorn-rapidos-revenue-crosses-rs-1000-cr-for-fy25/article70534671.ece,OK
https://www.thehindubusinessline.com/companies/sharechat-reduces-losses-by-72-eyes-30-revenue-growth-in-fy26/article70175827.ece,OK
https://www.thehindubusinessline.com/companies/yuma-energy-raises-35-million-from-magna-to-expand-battery-swapping-network/article71413937.ece,OK
https://www.thehindubusinessline.com/economy/agri-business/ninjacart-raises-6-million-from-existing-investors/article71175253.ece,OK
https://www.thehindubusinessline.com/economy/logistics/greenline-invests-275-m-to-expand-lng-trucking-infrastructure/article69435472.ece,OK
https://www.thehindubusinessline.com/info-tech/apna-eyes-150-crore-revenue-from-ai-led-push-for-indias-300-million-blue-collar-workers/article71072753.ece,OK
https://www.thehindubusinessline.com/info-tech/cynlr-raises-45-million-in-pre-series-a-funding/article65293380.ece,OK
https://www.thehindubusinessline.com/info-tech/idfy-raises-476-crore-led-by-neo-asset-management-eyes-ipo-in-35-years/article70623963.ece,OK
https://www.thehindubusinessline.com/markets/bharat-value-fund-bets-300-crore-for-undisclosed-stake-in-big-mishra-pedha/article71363394.ece,OK
https://www.thehindubusinessline.com/markets/moneyview-limited-files-drhp-for-1500-crore-ipo/article70704279.ece,OK
https://www.thehindubusinessline.com/markets/phonepe-files-confidential-ipo-papers-with-sebi-eyes-1000012000-cr-via-ofs/article70089225.ece,OK
https://www.thehindubusinessline.com/markets/stock-markets/cultfit-files-drhp-for-950-crore-ipo-reports-36-revenue-growth-in-fy26/article71193015.ece,OK
https://www.thehindubusinessline.com/markets/women-wellness-start-up-nua-raises-50-million-series-c-round-led-by-peak-xv-filter-capital/article71438769.ece,OK
https://www.thehindubusinessline.com/money-and-banking/neo-wealth-asset-management-raises-500-crore-from-tvs-capital/article70771838.ece,OK
https://www.thehindubusinessline.com/news/not-an-exit-founder-says-usv-deal-signals-pharma-validation-for-nutraceuticals/article70624223.ece,OK
https://www.thehindubusinessline.com/news/science/galaxeye-targets-30-satellite-optosar-constellation-by-2030-plans-fresh-fundraise/article71443313.ece,OK
https://www.thehindubusinessline.com/portfolio/stock-fundamental-analysis-india/amagi-media-labs-ipo-is-the-valuation-running-ahead-of-profits-for-this-saas-play/article70503870.ece,OK
https://www.thehindubusinessline.com/portfolio/stock-fundamental-analysis-india/mobikwiks-underwhelming-fy25-and-what-you-should-do-about-the-stock/article69691979.ece,OK
https://www.therobotreport.com/wp-content/uploads/2025/11/RR-TopStartup-2025.pdf,OK
https://www.timesnownews.com/amp/business-economy/companies/article/former-indigo-boss-aditya-ghosh-to-join-hands-with-rakesh-jhunjhunwala-and-vinay-dube-as-co-founder-to-fly-low-cost-airline-akasa-air/791855,BOTBLOCKED:403
https://www.tndindia.com/serentica-renewables-outlines-rs-1-trillion-investment-in-rajasthan,OK
https://www.tofler.in,OK
https://www.tofler.in/ani-technologies-private-limited/company/U72900KA2010PTC086596,OK
https://www.tofler.in/apnatime-tech-private-limited/company/U74999HR2019PTC137533,OK
https://www.tofler.in/augnito-india-private-limited/company/U72900MH2022PTC377129,OK
https://www.tofler.in/bigendian-semiconductors-private-limited/company/U26109KA2024PTC186339,OK
https://www.tofler.in/bitkuber-investments-private-limited/company/U65990KA2021PTC145060,OK
https://www.tofler.in/celcius-logistics-solutions-private-limited/company/U63030MH2020PTC341666,OK
https://www.tofler.in/eatclub-brands-private-limited/company/U55204KA2012PTC087024,OK
https://www.tofler.in/euler-motors-private-limited/company/U72900DL2015PTC275513,OK
https://www.tofler.in/flipkart-internet-private-limited/company/U51109KA2012PTC066107,OK
https://www.tofler.in/fractal-analytics-limited/company/U72400MH2000PLC125369,OK
https://www.tofler.in/hiveloop-technology-private-limited/company/U72900KA2016PTC093868,OK
https://www.tofler.in/inmobi-technology-services-private-limited/company/U72900HR2011PTC129638,OK
https://www.tofler.in/jumbotail-technologies-private-limited/company/U72200KA2015PTC083865,OK
https://www.tofler.in/krutrim-si-designs-private-limited/company/U62099KA2023PTC171879,OK
https://www.tofler.in/lagom-labs-private-limited/company/U24290MH2016PTC288629,OK
https://www.tofler.in/livspace-india-private-limited/company/U52390HR2014PTC131277,OK
https://www.tofler.in/meesho-technologies-private-limited/company/U62099KA2024PTC186568,OK
https://www.tofler.in/mirah-belle-naturals-and-apothecary-private-limited/company/U24299HR2019PTC079977,OK
https://www.tofler.in/mohalla-tech-private-limited/company/U74999KA2015PTC103797,OK
https://www.tofler.in/mojro-technologies-private-limited/company/U72900KA2016PTC093491,OK
https://www.tofler.in/musigma-business-solutions-private-limited/company/U74140KA2005PTC036309,OK
https://www.tofler.in/navi-limited/company/U72900KA2018PLC119297,OK
https://www.tofler.in/neo-investment-value-advisors-private-limited/company/U70200MH2021PTC367309,OK
https://www.tofler.in/netradyne-technology-india-private-limited/company/U72200KA2015FTC083845,OK
https://www.tofler.in/nobroker-technologies-solutions-private-limited/company/U74900KA2014PTC077652,OK
https://www.tofler.in/ofb-tech-limited/company/U74140GJ2015PLC154393,OK
https://www.tofler.in/onesto-labs-private-limited/company/U74999DL2018PTC340749,OK
https://www.tofler.in/pine-labs-limited/company/L67100HR1998PLC113312,OK
https://www.tofler.in/river-mobility-private-limited/company/U34100TN2022PTC193766,OK
https://www.tofler.in/rocketlane-technologies-private-limited/company/U72900TN2020PTC135352,OK
https://www.tofler.in/sporta-technologies-private-limited/company/U72900MH2007PTC171875,OK
https://www.tofler.in/square-yards-consulting-private-limited/company/U74140DL2012PTC245407,OK
https://www.tofler.in/stellapps-technologies-private-limited/company/U72900KA2011PTC058251,OK
https://www.tofler.in/upgrad-education-private-limited/company/U80902MH2012PTC258559,OK
https://www.uniphore.com/blog/the-acquisitions-of-orby-ai-and-autonom8,OK
https://www.uniphore.com/press-releases/nvidia-amd-snowflake-databricks-invest-in-uniphores-series-f,OK
https://www.valuenable.in/about-us,ERR:502
https://www.valueresearchonline.com/stories/228816/before-you-subscribe-to-turtlemint-s-ipo-read-this,OK
https://www.varindia.com/news/indian-startup-mindgrove-nears-commercial-launch-of-secure-iot-chip,OK
https://www.vccircle.com/accelpeak-xv-lead-truemeds-85-mn-series-c-round,OK
https://www.vccircle.com/aceinvestor-mukul-agrawal-leads-stockgro-s-series-b-round,OK
https://www.vccircle.com/aditya-birla-s-vc-arm-existing-backers-bet-on-silver-jewellery-firm-giva,OK
https://www.vccircle.com/agenticai-startup-emergent-enters-unicorn-club-with-series-c-round,OK
https://www.vccircle.com/agnikulpockets-27-mn-cheque-from-celesta-capital-rocketship-vc-others,OK
https://www.vccircle.com/b2b-grocery-delivery-startup-jumbotail-completes-25-mn-funding-round,OK
https://www.vccircle.com/bessemerventure-partner-leads-edtech-app-seekho-s-series-b,OK
https://www.vccircle.com/bharat-value-fund-invests-in-ethnic-sweets-brand-dharwad-pedha,OK
https://www.vccircle.com/bottomlinedhan-s-parent-raise-maintains-revenue-growth-pace-in-fy26-as-clients-cross-1-mn,OK
https://www.vccircle.com/coinswitch-becomes-second-indian-crypto-unicorn-after-funding-led-by-a16z-coinbase-ventures,OK
https://www.vccircle.com/coldchain-marketplace-celcius-logistics-closes-series-b-funding-round,OK
https://www.vccircle.com/creaegisleads-series-c-funding-in-jewellery-brand-giva,OK
https://www.vccircle.com/creedomguickly-raise-early-stage-funding,OK
https://www.vccircle.com/curefit-completes-145-mn-financing-round-at-1-56-bn-valuation,OK
https://www.vccircle.com/eruditus-fourth-edtech-to-join-unicorn-club-after-650-mn-fundraise,OK
https://www.vccircle.com/eulermotors-raises-fresh-equity-debt-funding-from-lightrock-trifecta-others,OK
https://www.vccircle.com/eversourcebacked-ecofy-gets-15-mn-from-natixis-affiliate,OK
https://www.vccircle.com/firesideventures-backed-healthtech-firm-inito-bags-29-mn-in-series-b,OK
https://www.vccircle.com/garudaaerospace-secures-series-b-funding-from-venture-catalysts,OK
https://www.vccircle.com/generalatlantic-backed-acko-eyes-up-to-2-5-bn-valuation-in-ipo,OK
https://www.vccircle.com/google-temasek-invest-in-sharechat-parent-at-4-9-bn-valuation,OK
https://www.vccircle.com/ipobound-groww-raises-200-mn-from-gic-others,OK
https://www.vccircle.com/japans-eneos-leads-zypp-electric-s-series-c-funding,OK
https://www.vccircle.com/jumbotailraises-120-mn-in-series-d-enters-unicorn-club,OK
https://www.vccircle.com/kotakaltslife-sciences-fund-backs-gene-therapy-firm,OK
https://www.vccircle.com/kreditbeecollects-280-mn-from-mo-alts-others-joins-unicorn-club,OK
https://www.vccircle.com/leadsquared-turns-unicorn-with-153-mn-fundraise-from-westbridge-capital,OK
https://www.vccircle.com/livspace-raises-46m-helion-bessemer-others,OK
https://www.vccircle.com/meeshomisses-profit-by-a-whisker-launch-of-logistics-arm-cuts-cost,OK
https://www.vccircle.com/mobilitycompany-yulu-closes-series-c-round,OK
https://www.vccircle.com/moglix-raises-250-mn-in-series-f-funding-valn-more-than-doubles-to-2-6-bn,OK
https://www.vccircle.com/moglixacquires-adi-s-india-distribution-business,OK
https://www.vccircle.com/moglixarm-credlix-acquires-majority-stake-in-vanik-finance,OK
https://www.vccircle.com/mufgexpands-india-bfsi-basket-with-investment-in-neo-group,OK
https://www.vccircle.com/nbfcbusiness-nextgen-finance-raises-23-mn-baring-pe-saison-cap-participate,OK
https://www.vccircle.com/ncore-games-bags-10-mn-series-a-co-led-by-galaxy-interactive-animoca-brands,OK
https://www.vccircle.com/ola-raises-139-mn-valn-touches-6-6-bn,OK
https://www.vccircle.com/peakxv-filter-capital-lead-funding-in-women-s-wellness-brand-nua,OK
https://www.vccircle.com/pebacked-foxtale-ropes-in-strategic-investor-to-lead-series-c-round,OK
https://www.vccircle.com/pinelabs-to-acquire-tiger-global-backed-shopflo,OK
https://www.vccircle.com/playbookpartners-leads-renee-cosmetics-30-mn-series-c-round,OK
https://www.vccircle.com/premjiinvest-backed-icertis-raises-50-mn-in-fresh-funding,OK
https://www.vccircle.com/privateequity-firm-tvs-capital-invests-53-mn-in-neo-group,OK
https://www.vccircle.com/proptechfirmsquare-yards-turns-operationally-profitable-as-fy25-revenue-jumps-40,OK
https://www.vccircle.com/rivermobility-raises-120-mn-series-c-led-by-elev8-claypond,OK
https://www.vccircle.com/rummycircle-parent-secures-75-mn-turns-unicorn-at-2-5-bn-vln,OK
https://www.vccircle.com/skyrootaerospace-turns-unicorn-with-60-mn-round-led-by-sherpalo-ventures-gic,OK
https://www.vccircle.com/tpg-growth-goldman-sachs-lead-series-c-funding-round-in-livspace,OK
https://www.vccircle.com/warburg-pincus-backed-boat-now-secures-funding-from-qualcomm-ventures,OK
https://www.verdictfoodservice.com/news/indian-cloud-kitchen-startup-eatclub,OK
https://www.vertexventures.sg/news/ai-native-lendtech-platform-rezolv-raises-12-5-million-in-series-a,OK
https://www.vertexventures.sg/news/bigendian-semiconductors-raises-6m-to-strengthen-india-s-fabless-semiconductor-ecosystem,OK
https://www.vertexventures.sg/projects/bigendian-semiconductors,OK
https://www.vervesemi.com/about.html,OK
https://www.videonetics.com/press-release/videonetics-has-been-honoured-as-ai-company-of-the-year-by-silicon-india-magazine,OK
https://www.voxelmatters.com/agnikul-successfully-fires-dual-3d-printed-rocket-engines,OK
https://www.weaverhfc.com,OK
https://www.whalesbook.com/news/English/healthcarebiotech/SastaSundar-Ventures-Narrows-Loss-Plans-Business-Split-for-Growth/6992ca202e6a0b8ae17ccc8c,OK
https://www.whalesbook.com/news/English/transportation/Yantra-Packs-Raises-indian-rupee12-Crore-To-Expand-Packaging-Rental-Business/6a89589b84d2dd5c12e0b1cd,OK
https://www.ycombinator.com/companies/justai,OK
https://www.ycombinator.com/companies/razorpay,OK
https://www.ynos.in,OK
https://www.ynos.in/startup/3rditech-338005,OK
https://www.ynos.in/startup/kiwi-483417,OK
https://www.yulu.bike/about,OK
https://www.z47.com/news/neysa-raises-20m-led-by-matrix-partners-india-nexus-venture-partners-and-nttvc,OK
https://www.z47.com/news/z47-backed-foxtale-secures-30m-in-series-c-funding,OK
https://www.zaubacorp.com,OK
https://www.zaubacorp.com/63IDEAS-INFOLABS-PRIVATE-LIMITED-U51100KA2015PTC081330,OK
https://www.zaubacorp.com/AMAGI-MEDIA-LABS-PRIVATE-LIMITED-U73100KA2008PTC045144,OK
https://www.zaubacorp.com/ANI-TECHNOLOGIES-PRIVATE-LIMITED-U72900KA2010PTC086596,OK
https://www.zaubacorp.com/BALAJI-WAFERS-PRIVATE-LIMITED-U15400GJ1995PTC027555,OK
https://www.zaubacorp.com/BITKUBER-INVESTMENTS-PRIVATE-LIMITED-U65990KA2021PTC145060,OK
https://www.zaubacorp.com/DARWINBOX-DIGITAL-SOLUTIONS-PRIVATE-LIMITED-U74900TG2015PTC101793,OK
https://www.zaubacorp.com/DIGANTARA-RESEARCH-AND-TECHNOLOGIES-PRIVATE-LIMITED-U74999UR2018PTC009322,OK
https://www.zaubacorp.com/DREAMPLUG-TECHNOLOGIES-PRIVATE-LIMITED-U93090MH2018PTC308253,OK
https://www.zaubacorp.com/DROOLS-PET-FOOD-PRIVATE-LIMITED-U01409CT2018PTC008756,OK
https://www.zaubacorp.com/DV2JS-INNOVATION-LLP-AAL-8271,OK
https://www.zaubacorp.com/EULER-MOTORS-PRIVATE-LIMITED-U72900DL2015PTC275513,OK
https://www.zaubacorp.com/FLIPKART-INTERNET-PRIVATE-LIMITED-U51109KA2012PTC066107,OK
https://www.zaubacorp.com/GHV-ADVANCED-CARE-PRIVATE-LIMITED-U85300HR2018PTC075460,OK
https://www.zaubacorp.com/GIVA-INNO-VENTURES-PRIVATE-LIMITED-U74999KA2017PTC104205,OK
https://www.zaubacorp.com/GOLDI-SOLAR-PRIVATE-LIMITED-U40100MH2011PTC350073,OK
https://www.zaubacorp.com/HASURA-TECHNOLOGIES-PRIVATE-LIMITED-U72900KA2017PTC104083,OK
https://www.zaubacorp.com/IMAGINE-MARKETING-LIMITED-U52300MH2013PLC249758,OK
https://www.zaubacorp.com/INMOBI-TECHNOLOGY-SERVICES-PRIVATE-LIMITED-U72900KA2011PTC060216,OK
https://www.zaubacorp.com/INTELLIHEALTH-SOLUTIONS-PRIVATE-LIMITED-U85320MH2019PTC320566,OK
https://www.zaubacorp.com/MARKETXPANDER-SERVICES-PRIVATE-LIMITED-U74140KA2011PTC059300,OK
https://www.zaubacorp.com/MOENGAGE-INDIA-PRIVATE-LIMITED-U72200KA2014FTC077020,OK
https://www.zaubacorp.com/MOGLI-LABS-INDIA-PRIVATE-LIMITED-U72300DL2015FTC279856,OK
https://www.zaubacorp.com/MOGLI-LABS-INDIA-PRIVATE-LIMITED-U72300HR2015FTC143298,OK
https://www.zaubacorp.com/MOHALLA-TECH-PRIVATE-LIMITED-U74999KA2015PTC103797,OK
https://www.zaubacorp.com/MUSIGMA-BUSINESS-SOLUTIONS-PRIVATE-LIMITED-U74140KA2005PTC036309,OK
https://www.zaubacorp.com/NAVI-TECHNOLOGIES-LIMITED-U72900KA2018PLC119297,OK
https://www.zaubacorp.com/NETRADYNE-TECHNOLOGY-INDIA-PRIVATE-LIMITED-U72200KA2015FTC083845,OK
https://www.zaubacorp.com/NEYSA-NETWORKS-PRIVATE-LIMITED-U72900MH2022PTC395489,OK
https://www.zaubacorp.com/NOBROKER-TECHNOLOGIES-SOLUTIONS-PRIVATE-LIMITED-U74900KA2014PTC077652,OK
https://www.zaubacorp.com/ONE-MOBIKWIK-SYSTEMS-LIMITED-L64201HR2008PLC053766,OK
https://www.zaubacorp.com/PLAY-GAMES24X7-PRIVATE-LIMITED-U92490MH2006PTC162586,OK
https://www.zaubacorp.com/RAZORPAY-SOFTWARE-PRIVATE-LIMITED-U72200KA2013PTC097389,OK
https://www.zaubacorp.com/REBEL-FOODS-PRIVATE-LIMITED-U93000PN2010PTC136943,OK
https://www.zaubacorp.com/RESILIENT-INNOVATIONS-PRIVATE-LIMITED-U74999DL2018PTC331205,OK
https://www.zaubacorp.com/SKYROOT-AEROSPACE-PRIVATE-LIMITED-U74999TG2018PTC125073,OK
https://www.zaubacorp.com/SORTING-HAT-TECHNOLOGIES-PRIVATE-LIMITED-U72200KA2015PTC082063,OK
https://www.zaubacorp.com/SPORTA-TECHNOLOGIES-PRIVATE-LIMITED-U72900MH2007PTC171875,OK
https://www.zaubacorp.com/ULTRAHUMAN-HEALTHCARE-PRIVATE-LIMITED-U74999KA2019PTC129250,OK
https://www.zaubacorp.com/UPGRAD-EDUCATION-PRIVATE-LIMITED-U80902MH2012PTC258559,OK
https://www.zaubacorp.com/ZETWERK-MANUFACTURING-BUSINESSES-PRIVATE-LIMITED-U74999KA2017PTC128777,OK
https://www.zaubacorp.com/company/AXONWISE-PRIVATE-LIMITED/U62099KA2023PTC176049,OK
https://www.zaubacorp.com/company/BROWSERSTACK-SOFTWARE-PRIVATE-LIMITED/U74120MH2015PTC264476,OK
https://www.zeebiz.com/startups/news-startup-funding-paediatric-behavioural-health-platform-butterfly-learnings-raises-rs-65-crore-in-pre-series-b-round-from-inflexor-ventures-insitor-partners-and-enzia-ventures-400795,BOTBLOCKED:403
https://www.zenoti.com,OK
https://www.zoominfo.com/p/Sandeep-Jethwani/6079099416,BOTBLOCKED:403
https://x.com/sinhaanurag14,OK
https://yespress.io/neha-mittal,ERR:500
https://yourstory.com,OK
https://yourstory.com/2016/05/mobikwik-funding-series_c,OK
https://yourstory.com/2019/03/jaipur-nbfc-finova-capital-raises-funding-vp61091ch9,OK
https://yourstory.com/2019/07/indore-startup-b2b-ecommerce-shop-kirana,OK
https://yourstory.com/2019/08/startup-funding-shopkirana-series-b-info-edge-incubate-fund,OK
https://yourstory.com/2021/05/even-after-zeta-turns-unicorn-founder-bhavin-turak,OK
https://yourstory.com/2021/11/fintech-funding-upstox-turns-unicorn-raises-25m-tiger-global,OK
https://yourstory.com/2022/01/funding-alert-shopkirana-raises-38-m-info-edge-oman-india-joint-investment-fund-sixth-sense-ventures,OK
https://yourstory.com/2022/02/-funding-alert-hasura-raises-100m-series-c-fund,OK
https://yourstory.com/2022/05/micro-lending-macro-gains-rajasthan-nbfc-finova-capital,OK
https://yourstory.com/2023/11/funding-ev-startup-baaz-bikes-raises-8m,OK
https://yourstory.com/2024/10/temasek-backed-spacetech-skyroot-2x-revenue-growth-fy24,OK
https://yourstory.com/2024/11/google-backed-spacetech-pixxel-sees-2x-revenue-growth-fy24,OK
https://yourstory.com/2025/05/farm-to-consumer-startup-otipy-shuts-down-employees-customers-seek-clarity-layoff,OK
https://yourstory.com/2025/05/swiggy-sells-private-label-brands-kouzina,OK
https://yourstory.com/2025/06/jumbotail-raises-120m-series-d-round-completes-solv-acquisition,OK
https://yourstory.com/2025/06/ms-dhoni-backed-garuda-aerospace-series-b-round-1-million,OK
https://yourstory.com/2025/06/snitch-closes-series-b-round-with-40-million,OK
https://yourstory.com/2025/07/startup-helping-esl-learners-find-voice-ai-iit-bhu,OK
https://yourstory.com/2025/08/the-wealth-company-backs-amnex-infotechnologies-with-rs-460-cr-investment,OK
https://yourstory.com/2025/09/inframarket-raises-rs-732-cr-in-series-g-funding-led-by-nikhil-kamath,OK
https://yourstory.com/2025/09/porter-turns-profitable-as-revenue-surges-56-in-fy25,OK
https://yourstory.com/2025/10/airbound-raises-865m-seed-funding-partners-with-na,OK
https://yourstory.com/2025/11/fintech-company-yubi-bags-rs-411-cr-via-debt-and-equity,OK
https://yourstory.com/2025/11/insurancedekho-renewbuy-merger-phygital-insurtech-powerhouse,OK
https://yourstory.com/2026/03/ultrahuman-closes-rs-400-cr-series-c-round,OK
https://yourstory.com/2026/05/physicswallah-fy26-revenue-rises-rs-3900-cr-ai-offline-profitability-focus,OK
https://yourstory.com/2026/06/mitigata-raises-15-million-in-series-b-led-by-bessemer-venture-partners,OK
https://yourstory.com/2026/07/hachidori-robotics-track-free-warehouse-robots,OK
https://yourstory.com/2026/07/krutrim-lays-off-nearly-half-workforce,OK
https://yourstory.com/2026/07/sharechat-founders-robot-dog-second-act,OK
https://yourstory.com/2026/08/astrology-platform-instaastro-raises-12-million-in-series-a,OK
https://yourstory.com/2026/08/eyerov-underwater-inspection-robots,OK
https://yourstory.com/2026/09/carrum-mobility-raises-10-million-in-series-b-led-by-uber,OK
https://yourstory.com/2026/09/piston-raises-15-million-in-series-a-led-by-fpv-ventures,OK
https://yourstory.com/2026/09/swish-raises-usd-24m-led-by-bertelsmann-india,OK
https://yourstory.com/2026/09/weekly-funding-roundup-sept-5-11-vc-inflow-doubles-this-week,OK
https://yourstory.com/2026/09/womens-wellness-brand-nua-raises-series-c-round-peak-xv-filter-capital,OK
https://yourstory.com/ai-story/celebal-raises-15m-from-increds-pe-fund-and-norwest-saas-startup,OK
https://yourstory.com/ai-story/guickly-raises-4m-to-bring-tighter-control-to-enterprise-ai-spending,OK
https://yourstory.com/ai-story/refold-ai-raises-65m-in-seed-funding-led-by-eniac-ventures-tidal-ventures,OK
https://yourstory.com/ai-story/semiconductor-startup-agrani-labs-raises-8m-in-seed-funding-round-led-by-peak-xv,OK
https://yourstory.com/companies/krutrim-si-designs,OK
https://yourstory.com/herstory/2021/11/woman-entrepreneur-core-processor-performance-systems,OK
http://electronics.economictimes.indiatimes.com/news/components-hardware/globalfoundries-partners-with-fermionic-to-produce-first-ever-chip-for-an-indian-firm/131654950,OK,200
http://lenskart.com/corporate/about,BOTBLOCKED,403
http://linkedin.com/company/qubehealth-pay,OK,200
https://aavishkaargroup.com/beta/group-companies/arohan,OK,200
https://amagi.com/investors,OK,200
https://analyticsindiamag.com/ai-highlights/crack-open-interview-fractal-analytics,OK,200
https://analyticsindiamag.com/ai-news-updates/anscer-robotics-bags-2-mn-in-seed-round-funding,OK,200
https://ascendants.in/the-ascendants/inside-netrasemi-kerala-startup-ai-chip-dream,OK,200
https://ascendants.in/the-ascendants/pync-household-chores-startup,OK,200
https://asianbankingandfinance.net/lending-credit/news/rbi-lifts-lending-restrictions-arohan-financial-services-limited-kolkata,OK,200
https://auto.economictimes.indiatimes.com/news/two-wheelers/ather-energy-reduces-q4-fy26-loss-to-100-crore-amidst-revenue-surge/130761930,BOTBLOCKED,403
https://auto.economictimes.indiatimes.com/news/two-wheelers/log9-materials-with-quantum-energy-launches-e2w-bzinesslite/100621257,BOTBLOCKED,403
https://bfsi.economictimes.indiatimes.com/articles/arohan-financial-services-files-ipo-papers-with-sebi-eyes-rs-600-cr-via-fresh-issue/131189027,OK,200
https://blog.privatecircle.co/who-joined-indias-unicorn-club-january-june-2026,OK,200
https://builtin.com,OK,200
https://company.vakilsearch.com,OK,200
https://darwinbox.com/about-us/our-story,OK,200
https://datacenters.economictimes.indiatimes.com/news/investments-deals/kamath-vanga-invest-250-crore-in-ctrls-datacenters-for-india-expansion/133362981,OK,200
https://dealroom.co/news/142843-superleap-raises-rs-36-crore-seed-to-take-on-legacy-crm-giants,OK,200
https://echai.ventures/pune/startups,OK,200
https://economictimes.indiatimes.com/tech/funding/ai-compute-startup-tsavorite-raises-5-million-from-pavestone-to-scale-platform/articleshow/130785660.cms,OK,200
https://edfimc.eu/oeebs-eur-27-million-loan-to-greenwave-circularity-in-india-gets-support-from-tgvc-guarantee-under-efsd,OK,200
https://emergent.sh/author/madhav-jha,OK,200
https://en.wikipedia.org/wiki/Peyush_Bansal,OK,200
https://entrackr.com/2021/01/exclusive-zupee-bags-rs-70-cr-fresh-round-at-rs-740-cr-valuation,OK,200
https://entrackr.com/2022/04/gupshup-acquires-active-ai,OK,200
https://entrackr.com/2022/10/bimakavach-raises-2-mn-in-seed-round-led-by-waterbridge-2,OK,200
https://entrackr.com/2023/01/funding-and-acquisitions-in-indian-startups-this-week-23-28-jan,OK,200
https://entrackr.com/decoding/agrostar-valuation-remains-flat-in-series-e-founders-stake-slips-to-8-10901013,OK,200
https://entrackr.com/decoding/semiconductor-startup-netrasemis-valuation-surges-66x-in-series-a-round-9761537,OK,200
https://entrackr.com/news/agrostar-raises-30-mn-led-by-climate-focused-investment-firm-just-climate-10791229,DEAD,404
https://entrackr.com/news/ather-energy-files-rhp-to-raise-rs-2626-cr-via-fresh-issue-8990266,OK,200
https://entrackr.com/news/groww-completes-acquisition-of-fisdom-10536344,OK,200
https://entrackr.com/news/inmobi-acquires-mobileaction-to-strengthen-ios-advertising-business-11810115,OK,200
https://entrackr.com/news/razorpay-acquires-majority-stake-in-pop-with-30-mn-investment-9370234,OK,200
https://entrackr.com/news/wealthtech-startup-nexedge-capital-raises-20-mn-in-maiden-funding-round-12430439,OK,200
https://entrackr.com/snippets/game-development-studio-shortgun-raises-1-mn-in-seed-round-9627976,OK,200
https://entrackr.com/snippets/intellend-raises-12-mn-in-seed-round-led-by-incubate-fund-asia-11014365,OK,200
https://entrackr.com/snippets/pet-food-and-nutrition-brand-lickicious-raises-rs-19-cr-led-by-prath-ventures-12501283,OK,200
https://entrackr.com/snippets/spike-ai-raises-19-mn-in-pre-seed-round-led-by-sorin-investment-9651700,OK,200
https://entrackr.com/snippets/voice-ai-startup-navanaai-raises-rs-40-cr-led-by-ronnie-screwvala-12501888,OK,200
https://evreporter.com/coulomb-litech-secures-rs-20-crore-to-scale-its-ev-battery-operations,DEAD,404
https://finance.yahoo.com/quote/KISSHT.BO/profile,DEAD,404
https://finance.yahoo.com/technology/ai/articles/bajaj-finance-acquires-5-stake-121500790.html,OK,200
https://government.economictimes.indiatimes.com/news/governance/rbi-imposes-loan-restrictions-on-4-nbfcs-amid-increased-scrutiny/114365128,OK,200
https://groww.in/blog/about-groww-founders-journey-investors-and-more,OK,200
https://groww.in/blog/ather-energy-makes-modest-stock-market-debut-at-328-up-2-from-ipo-price,OK,200
https://groww.in/ipo/lenskart-ipo,OK,200
https://gupshup.ai/about-us,OK,200
https://in.linkedin.com/company/bimakavach,OK,200
https://in.linkedin.com/in/ameya-sathe,ERR,999
https://in.linkedin.com/in/ebin-sunny,ERR,999
https://in.linkedin.com/in/gautam-kumar-singh-2089679,ERR,999
https://inc42.com/buzz/after-mpl-pokerbaazi-to-sack-50-of-its-workforce,OK,200
https://inc42.com/buzz/ai-startup-truefan-raises-10-mn-to-enter-new-markets,OK,200
https://inc42.com/buzz/data-analytics-company-fractal-analytics-acquires-behavioural-architecture-firm-final-mile,OK,200
https://inc42.com/buzz/elevation-capital-backed-ai-startup-alle-shuts-shop,OK,200
https://inc42.com/buzz/exclusive-nclt-sends-log9-into-insolvency-after-inr-6-7-cr-default,OK,200
https://inc42.com/buzz/fabless-semiconductor-startup-fermionic-design-nets-6-mn-from-ashish-kacholia-associates,OK,200
https://inc42.com/buzz/lissun-in-talks-to-raise-%E2%82%B945-cr-funding-from-colossa-ventures,OK,200
https://inc42.com/buzz/netrasemi-secures-inr-107-cr-to-build-edge-ai-chip,OK,200
https://inc42.com/buzz/nexedge-capital-nets-20-mn-to-scale-hni-wealth-management-platform,OK,200
https://inc42.com/buzz/physicswallah-fy25-loss-down-78-to-inr-243-cr-revenue-nears-inr-3000-cr-mark,OK,200
https://inc42.com/buzz/physicswallah-gets-%E2%82%B9263-cr-demand-notice-from-income-tax-dept,BOTBLOCKED,429
https://inc42.com/buzz/physicswallah-q4-loss-declines-76-yoy-to-%E2%82%B969-cr-revenue-up-51,OK,200
https://inc42.com/buzz/pumpumpum-bags-inr-18-cr-to-scale-used-car-leasing-services,BOTBLOCKED,429
https://inc42.com/buzz/pync-shuts-down-founders-join-rival-snabbit,BOTBLOCKED,429
https://inc42.com/buzz/the-energy-company-bags-2-mn-to-boost-ev-batteries-energy-storage,BOTBLOCKED,429
https://inc42.com/company/agrostar,OK,200
https://inc42.com/company/juspay/people,OK,200
https://inc42.com/features/log9-materials-collapse-battery-tech-startup-cash-crunch,OK,200
https://inc42.com/features/reliance-backed-altigreens-ev-three-wheeler-dreams-hit-a-wall,OK,200
https://inc42.com/features/we-arent-pricing-physicswallah-at-even-half-of-what-others-claim-maheshwari-on-3-6-bn-ipo,OK,200
https://inc42.com/features/why-physicswallah-is-going-back-to-school,OK,200
https://inc42.com/startups/after-eight-years-of-building-quietly-can-raphe-mphibr-conquer-the-skies-with-its-long-endurance-uavs,OK,200
https://inc42.com/startups/can-fermionic-outpace-qualcomm-nxp-with-its-gan-based-rf-chips,OK,200
https://inc42.com/startups/meet-the-7-semiconductor-startups-powering-indias-technological-prowess,OK,200
https://indianstartupnews.com/funding/embedded-lending-technology-platform-intellend-raises-12-million-from-incubate-fund-asia-11016392,OK,200
https://indiantelevision.com/mam/adobe-acquire,OK,200
https://intellendtech.com,OK,200
https://intellendtech.com/about.html,OK,200
https://ir.phonepe.com/governance,OK,200
https://laffaz.com/shortgun-games-acquires-stake-giantdot,OK,200
https://m.economictimes.com/industry/banking/finance/arohan-financial-services-raises-rs-730-crore-in-share-sale-to-private-equity-investors/articleshow/99358849.cms,OK,200
https://m.economictimes.com/industry/banking/finance/banking/centrum-group-sells-housing-finance-arm-to-weaver-services/articleshow/129662594.cms,OK,200
https://m.economictimes.com/industry/media/entertainment/pokerbaazi-haults-real-money-online-gaming-operations-after-dream11-my11circle-online-gaming-bill/articleshow/123449342.cms,OK,200
https://m.economictimes.com/markets/ipos/fpos/kissht-operator-onemi-technology-solutions-files-ipo-papers-with-sebi/articleshow/123388247.cms,OK,200
https://m.economictimes.com/markets/ipos/fpos/shiprocket-ipo-allotment-likely-today-gmp-signals-33-listing-gain-heres-how-to-check-status/articleshow/133285649.cms,OK,200
https://m.economictimes.com/markets/ipos/fpos/think-investments-infuses-rs-136-crore-in-physicswallah-ahead-of-ipo/articleshow/125183562.cms,OK,200
https://m.economictimes.com/news/company/corporate-trends/coulomb-litech-secures-rs-20-crore-in-seed-funding-to-scale-ev-battery-tech/articleshow/128772480.cms,OK,200
https://m.economictimes.com/small-biz/sme-sector/drip-capital-crosses-9-billion-in-msme-cross-border-trade-finance/articleshow/130548639.cms,OK,200
https://m.economictimes.com/small-biz/sme-sector/weaver-services-completes-acquisition-of-capital-india-home-loans-after-regulatory-approval/articleshow/123251660.cms,OK,200
https://m.economictimes.com/tech/funding/mental-health-platform-lissun-raises-2-5-million-led-by-rpsg-capital-ventures/articleshow/113810005.cms,OK,200
https://m.economictimes.com/tech/funding/voice-ai-startup-navana-ai-raises-rs-7-crore-in-round-led-by-antler-india/articleshow/122516906.cms,OK,200
https://m.economictimes.com/tech/funding/wealth-firm-nexedge-capital-looking-to-close-a-25-million-funding-round-to-be-led-by-mirae/articleshow/131591391.cms,OK,200
https://m.economictimes.com/tech/newsletters/morning-dispatch/pync-calls-it-quits-shadowfax-ceo-on-d2c-shift/articleshow/126536584.cms,OK,200
https://m.economictimes.com/tech/startups/house-help-startup-pync-shuts-down-amid-fierce-competition-founders-to-join-snabbit/articleshow/126530247.cms,OK,200
https://m.economictimes.com/tech/startups/juspay-turns-profitable-posts-rs-62-crore-net-profit-revenue-rises-to-rs-514-crore/articleshow/125265332.cms,OK,200
https://m.economictimes.com/tech/startups/pharmeasy-to-acquire-66-stake-in-thyrocare-in-rs-4500-crore-deal/articleshow/83842616.cms,OK,200
https://m.economictimes.com/tech/startups/tiger-global-backed-infra-market-buys-rdc-concrete-for-rs-730-crore/articleshow/86371068.cms,OK,200
https://m.economictimes.com/tech/technology/kissht-parents-aum-tops-rs-8000-crore-in-q1/amp_articleshow/132179316.cms,OK,200
https://m.economictimes.com/tech/technology/nykaa-to-acquire-51-stake-in-skincare-brand-aminu-for-rs-32-crore/articleshow/132858477.cms,OK,200
https://m.economictimes.com/tech/technology/physicswallah-expands-into-the-student-hostel-segment/articleshow/129681823.cms,OK,200
https://medium.com/authority-magazine/vaibhav-jain-of-hubilo-the-power-of-flexibility-how-i-was-able-to-pivot-to-a-new-exciting-a31a3366a138,BOTBLOCKED,403
https://neysa.ai/about-us,OK,200
https://nsearchives.nseindia.com/corporate/LENSKART_24072026195947_SE_Intimation_AGM_Notice_Annual_Report_Non-Email_signed.pdf,OK,200
https://pitchbook.com/profiles/company/601712-20,BOTBLOCKED,403
https://platform.tracxn.com/a/d/company/52bfc960e4b0420b03968ee8/lenskart,OK,200
https://platform.tracxn.com/a/d/company/5462cfafe4b0731a4614dcbc/drip%20capital,OK,200
https://platform.tracxn.com/a/d/company/55b61b57e4b0898c64d5ee2c/upgrad,OK,200
https://platform.tracxn.com/a/d/company/57e69e72e4b0bdfa407ba667/kissht,OK,200
https://platform.tracxn.com/a/d/company/58befd31e4b068359c351204/qubehealth,OK,200
https://pokerindustrypro.com/news/article/224303-pokerbaazi-shuts-down-free-play-subscription,OK,200
https://pumpumpum.com/why-pumpumpum,OK,200
https://razorpay.com/newsroom/leadership-team,BOTBLOCKED,403
https://retail.economictimes.indiatimes.com/news/food-entertainment/food-services/cloud-kitchen-company-rebel-foods-acquires-majority-stake-in-chocolate-brand-smoor/90703637,OK,200
https://scanx.trade/stock-market-news/companies/ather-energy-cuts-q4-net-loss-by-more-than-half-revenue-nearly-doubles-year-on-year/39418924,OK,200
https://static.lenskart.com/media/desktop/corporate/Annual%20Report%20FY%2022-23.pdf,BOTBLOCKED,403
https://techcrunch.com,OK,200
https://techcrunch.com/2021/10/11/hubilo-picks-up-125m-to-double-down-on-building-a-more-engaging-platform-for-virtual-and-live-events,OK,200
https://techcrunch.com/2025/09/24/emergent-raises-23m-from-lightspeed-to-let-consumers-build-apps,OK,200
https://thebetterindia.com/308687/world-fastest-charging-electric-three-wheeler-by-bengaluru-startups-altigreen-exponent-energy,OK,200
https://theheadandtale.com/fintech-news/intellend-bags-seed-funding-led-by-incubate-fund-asia,OK,200
https://thepienews.com/physicswallah-becomes-first-indian-edtech-unicorn-to-go-public,OK,200
https://timesofindia.indiatimes.com/business/india-business/edtech-major-physics-wallah-raises-210-million-to-hire-talent-companies/articleshow/113528421.cms,OK,200
https://timesofindia.indiatimes.com/business/india-business/greenwave-circularity-gets-rs-300-cr-oeeb-loan-for-odisha-recycling-plant/articleshow/134025668.cms,OK,200
https://timesofindia.indiatimes.com/business/india-business/shiprocket-ipo-sebi-approves-rs-2500-crore-initial-public-offering-says-report-check-details/articleshow/125054184.cms,OK,200
https://timesofindia.indiatimes.com/city/chennai/netrasemi-eyes-commercial-production-of-its-ai-chips-by-2027/articleshow/131376550.cms,OK,200
https://timesofindia.indiatimes.com/gupshup-acquires-us-based-dotgo/articleshow/86455632.cms,OK,200
https://tracxn.com/d/companies/4700bc/__,DEAD,404
https://tracxn.com/d/companies/aeron-systems/__,BOTBLOCKED,429
https://tracxn.com/d/companies/alle/__y3Ajp2Uf5EKX04XJlN7Hl4wf80EA5hDDR9vEPsEmwz4,BOTBLOCKED,429
https://tracxn.com/d/companies/arohan/__HhPHtBnWzVgUIRy3JGTGXCMmVgZA8gT3sTUGK6Bbi1A,BOTBLOCKED,429
https://tracxn.com/d/companies/aryaag/__GWGi6M8MJJ_xdQB5wgrapduY7ENN5ylHCpcyUuwjMqw,BOTBLOCKED,429
https://tracxn.com/d/companies/bimakavach/__AQhnDkCy2CMYlD_FS7C0vyfH3Zf1pVifSzofIGM7otg,BOTBLOCKED,429
https://tracxn.com/d/companies/clear-cleartax/__,BOTBLOCKED,429
https://tracxn.com/d/companies/dunzo/__,BOTBLOCKED,429
https://tracxn.com/d/companies/fermionic-design/__fvR_X0Ku8bJHW16i-_yo8uoAEJ-7Aey0OgnXMuCBMys,BOTBLOCKED,429
https://tracxn.com/d/companies/gameskraft/__,BOTBLOCKED,429
https://tracxn.com/d/companies/good-glamm-group/__,BOTBLOCKED,429
https://tracxn.com/d/companies/hike/__,DEAD,404
https://tracxn.com/d/companies/indrajaal/__,BOTBLOCKED,429
https://tracxn.com/d/companies/kiranaclub/__,BOTBLOCKED,429
https://tracxn.com/d/companies/lickicious/__WwHr57UzKi85nekXtc4kjeRynxSp-aerUDowOOBi50w,BOTBLOCKED,429
https://tracxn.com/d/companies/lissun/__81pUWiiFE4wXvm6Tin3vuZH2refQEw2CXPLYDIJcjVI,BOTBLOCKED,429
https://tracxn.com/d/companies/pokerbaazi/__yWTfSJUjnMktsaFHO_A5eirqWUI2-aMADj4CawQ5p0s,BOTBLOCKED,429
https://tracxn.com/d/companies/qubehealth/__Za4D3nBb6MHrCZwbffS8n1kJwzQiBywawxjysZaJQq8,BOTBLOCKED,429
https://tracxn.com/d/companies/rilo/__,BOTBLOCKED,429
https://tracxn.com/d/companies/sanlayan-technologies/__,BOTBLOCKED,429
https://tracxn.com/d/companies/slice/__LbEhc2PUH7DQD8-Q4Qm4ZtTuXgWQcU679J2jsH1U_k4,BOTBLOCKED,429
https://tracxn.com/d/companies/superleap/__XkLaajH-Gi7dfjEifKz1ew6OL8lNL6agtS_UXxW0HaM,BOTBLOCKED,429
https://tracxn.com/d/companies/the-energy-company/__Qq5RXhPB2g8rB_PYlSujRAhxc2gNPJvizXFwDAxKPCM,BOTBLOCKED,429
https://tracxn.com/d/companies/uolo/__oJATsKlGQuK09ZNv1H_u2tM_9QSyN3qJiBK-fKP9ru8,OK,200
https://tracxn.com/d/companies/watch-your-health/__hqNDzTjr1zVfXxgRvSkobY0gBu2K1Z2MCdmXmU-yT2A,BOTBLOCKED,429
https://tracxn.com/d/companies/zupee/__PmrdsCMWWq3_k84VTZuubm0y7eRjtsFeBoHNpuDlDVk,BOTBLOCKED,429
https://tracxn.com/d/company/52bf2b33e4b0420b03968ed5/ola,BOTBLOCKED,429
https://tracxn.com/d/legal-entities/india/bimakavach-insurance-broking-private-limited/__iRNxOZhy9WBPzGZtimOmubrZT991nhESAWqSmwHwUuc,BOTBLOCKED,429
https://tracxn.com/d/legal-entities/india/inox-clean-energy-limited/__MEmB824dB6IlON9T-eOSHg5q5WJ3S6vS8v7R9A8aF24,BOTBLOCKED,429
https://tracxn.com/d/legal-entities/india/raphe-mphibr-private-limited/__UTAVfoiTtDUFF7vXpnZcVlbugH062wIhtlPNWhYFqF0,BOTBLOCKED,429
https://tsavoritesi.com,OK,200
"https://us.fashionnetwork.com/news/Lenskart-starts-taking-orders-for-821-million-india-ipo,1779051.html",OK,200
https://www.30sundays.club/about,OK,200
https://www.agvnetwork.com/news/anscer-robotics-secures-2m,ERR,ERR
https://www.ambitionbox.com/overview/ctrls-datacenters-overview,OK,200
https://www.ambitionbox.com/overview/pokerbaazi-overview,OK,200
https://www.ambitionbox.com/overview/watchyourhealth-dot-com-india-overview,OK,200
https://www.angelone.in/news/ipos/kissht-parent-onemi-technology-solutions-to-launch-926-crore-ipo-on-april-30-2026,OK,200
https://www.arya.ag,OK,200
https://www.autocarpro.in/news/log9-material-opens-indias-first-cell-manufacturing-unit-in-bengaluru-announces-multiple-partnerships-114790,OK,200
https://www.avendus.com/about/newsroom/avendus-capital-advises-arya-ag-on-its-inr-7-25-billion-series-d-investment-by-gef-capital-partners,OK,200
https://www.avendus.com/about/newsroom/avendus-capital-advises-arya-ag-on-its-inr-7.25-billion-series-d-investment-by-gef-capital-partners,OK,200
https://www.batterysmart.in/aboutUs,OK,200
https://www.bimakavach.com,OK,200
https://www.bimakavach.com/about,OK,200
https://www.biospectrumindia.com/news/86/27943/qubehealth-pay-closes-series-a-at-rs-416-cr-valuation-.html,OK,200
https://www.brandlive.com,OK,200
https://www.business-standard.com/article/companies/startup-pumpumpum-gets-rs-5-5-cr-to-expand-used-car-leasing-business-121040900460_1.html,OK,200
https://www.business-standard.com/companies/news/lenskart-accelerates-store-expansion-ahead-of-10-billion-dollar-ipo-125101401379_1.html,OK,200
https://www.business-standard.com/companies/news/log9-commissions-country-s-first-commercial-li-ion-cell-manufacturing-line-123042101202_1.html,OK,200
https://www.business-standard.com/companies/news/nikhil-kamath-invests-rs-200-crore-ctrls-data-centres-126081900618_1.html,OK,200
https://www.business-standard.com/companies/start-ups/krutrim-reports-first-profit-triples-revenue-as-it-pivots-to-ai-cloud-126050401703_1.html,OK,200
https://www.business-standard.com/companies/start-ups/snabbit-steps-up-senior-hiring-as-it-scales-home-services-business-126011500924_1.html,OK,200
https://www.businesstoday.in/latest/corporate/story/zupee-halts-real-money-games-as-online-gaming-bill-passed-by-parliament-to-continue-with-popular-free-titles-490575-2025-08-21,OK,200
https://www.businesstoday.in/technology/story/kreditbee-turns-unicorn-with-280-million-funding-gears-up-for-ipo-push-524566-2026-04-08,OK,200
https://www.businesswire.com/news/home/20260505151874/en/Netradyne-Strengthens-Global-Leadership-and-Expands-Presence-in-Europe-Through-the-Acquisition-of-Moove-Connected-Mobility,BOTBLOCKED,403
https://www.businesswireindia.com/30-sundays-raises-rs.-61-crore-series-a-led-by-bessemer-venture-partners-to-scale-its-ai-native-travel-platform-101050.html,OK,200
https://www.bwdisrupt.com/article/arya-ag-secures-rs-725-cr-series-d-to-expand-climate-smart-agriculture-and-farmer-centric-platform-586105,OK,200
https://www.bwdisrupt.com/article/dhan-parent-raise-financial-acquires-greenlife-to-enter-insurance-distribution-business-606620,OK,200
https://www.bwdisrupt.com/article/enterprise-ai-startup-superleap-raises-rs-36-cr-in-series-a-led-by-peak-xv-s-surge-617945,OK,200
https://www.bwdisrupt.com/article/shiprocket-narrows-q1-fy27-loss-to-rs-13-7-cr-as-revenue-rises-34-622622,OK,200
https://www.bwdisrupt.com/article/sorin-investments-leads-19-mn-pre-seed-funding-in-spike-ai-567078,OK,200
https://www.bwdisrupt.com/article/travel-tech-firm-30-sundays-raises-rs-61-cr-in-series-a-round-615737,OK,200
https://www.bwhotelier.com/article/30-sundays-raises-rs-61-crore-in-series-a-funding-led-by-bessemer-venture-partners-616023,OK,200
https://www.bwmarketingworld.com/article/ai-startup-profound-raises-1-5-mn-by-ex-swiggy-zomato-executives-617837,OK,200
https://www.careratings.com/upload/CompanyFiles/PR/202604120459_Raphe_Mphibr_Private_Limited.pdf,ERR,406
https://www.cnbctv18.com/business/moneyview-turns-unicorn-after-acquiring-jify-in-a-share-swap-deal-19475891.htm,OK,200
https://www.crunchbase.com/organization/ctrls-in,BOTBLOCKED,403
https://www.crunchbase.com/organization/qube-health,BOTBLOCKED,403
https://www.ctrls.com,OK,200
https://www.ctrls.com/about-us,OK,200
https://www.cxodigitalpulse.com/bajaj-finance-acquires-5-stake-in-ai-video-startup-truefan-ai,OK,200
https://www.dripcapital.com/about,OK,200
https://www.dripcapital.com/en-in/about,OK,200
https://www.dripcapital.com/en-in/press-releases/Drip-Capital-Secures-US-Million-from-TD-Bank,DEAD,404
https://www.entrepreneurindia.com/blog/en/article/altigreen-bags-order-of-1500-commercial-ev-worth-inr-75-crore-from-moeving.54058,OK,200
https://www.etnownews.com/success-stories/meet-iitian-behind-600-million-gaming-platform-know-companys-link-to-mukesh-ambanis-reliance-jio-article-115536487,BOTBLOCKED,403
https://www.facebook.com/NextOffice.in/videos/delivered-pokerbaazi-office-at-chhatarpur-new-delhi-is-another-shining-example-o/388674523853972,OK,200
https://www.forbes.com/profile/alakh-pandey,OK,200
https://www.forbesindia.com/article/take-one-big-story-of-the-day/ather-energy-has-survived-so-far-by-scripting-a-differentiated-play-can-they-continue-creating-magic/88345/1,OK,200
https://www.fortuneindia.com/business-news/ahead-of-ipozeptodiscloses-ed-summons-to-co-founders-in-updated-drhp/142213,OK,200
https://www.founderthesis.com/p/redefining-car-ownership-pumpumpum,OK,200
https://www.freepressjournal.in/business/battery-smart-gears-up-for-ipo-as-ev-battery-swapping-network-targets-market-debut,OK,200
https://www.freepressjournal.in/business/edtech-unicorn-physicswallah-fixes-price-band-for-upcoming-ipo-aiming-for-valuation-of-31500-crore,OK,200
https://www.hindustantimes.com/business/ather-energy-q3-results-revenue-jumps-50-net-loss-narrows-in-march-towards-profitability-101770032301665.html,OK,200
https://www.hindustantimes.com/trending/iit-grad-who-burned-parents-money-on-harvard-interview-now-heads-26-000-crore-firm-101774347696559.html,OK,200
https://www.indiafilings.com/search/drip-capital-services-india-llp-AAH-9299,DEAD,404
https://www.indiafilings.com/search/qb-health-technologies-private-limited-cin-U73100MH2019PTC332590,OK,200
https://www.indiafilings.com/search/raphe-mphibr-private-limited-cin-U26990UP2017PTC095246,OK,200
https://www.indiainfoline.com/news/ipo/shiprocket-shares-list-at-35-premium-on-nse-investors-gain-5236-per-lot,OK,200
https://www.indianstartuptimes.com/investment/icertis-acquires-yc-backed-dioptra-to-power-the-next-era-of-ai-led-contract-intelligence,OK,200
https://www.indianstartuptimes.com/news/agrostar-secures-6-7m-in-fresh-funding-from-existing-backers-valued-at-293m,OK,200
https://www.instafinancials.com/company/indiwealth-technologies-private-limited-U62099MH2023PTC411182/contact-us.html,OK,200
https://www.instagram.com/p/DDbNgbRIGv2,OK,200
https://www.instagram.com/p/DM-LdFgIFF2,OK,200
https://www.ipoplatform.com,OK,200
https://www.ipoplatform.com/Funding-news/profound-raises-funding,OK,200
https://www.ipoplatform.com/Funding-news/truefan-ai-raises-funding-3,OK,200
https://www.ipoplatform.com/startup-business-funding/bimakavach-insurance-broking-private-limited/100847,OK,200
https://www.ipoplatform.com/startup-business-funding/encrate-private-limited/100709,OK,200
https://www.kissht.com/about-us,OK,200
https://www.lickicious.com/pages/about-us,OK,200
https://www.linkedin.com,OK,200
https://www.linkedin.com/company/batterysmart,OK,200
https://www.linkedin.com/company/raphe-mphibr,OK,200
https://www.linkedin.com/posts/entrepreneur-media-india_update-spikeai-marketingtech-activity-7360952500864139264-eLsp,OK,200
https://www.linkedin.com/posts/inc42_news-inc42-ai-activity-7416783745153679361-f1yj,OK,200
https://www.linkedin.com/pulse/automating-dignity-how-anscer-robotics-mastered-hybrid-mishra-crywc,OK,200
https://www.livemint.com/companies/news/ctrls-datacenters-to-raise-300-million-amid-ai-fuelled-race-for-digital-infrastructure-11722155861923.html,OK,200
https://www.livemint.com/companies/prosusindiainvestmentstrategyaistartups-11754622658777.html,OK,200
https://www.medianama.com/2026/06/223-kunal-shah-cred-ceo-lead-whatsapp-meta,OK,200
https://www.moneycontrol.com/artificial-intelligence/semiconductor-startup-netrasemi-raises-rs-107-crore-in-series-a-from-zoho-and-unicorn-india-ventures-article-13320193.html,OK,200
https://www.moneycontrol.com/news/business/funding/ai-edtech-startup-arivihan-in-talks-to-raise-10-12-million-from-accel-prosus-13839300.html,OK,200
https://www.moneycontrol.com/news/business/startup/ai-edtech-startup-arivihan-raises-4-17-million-pre-series-a-led-by-prosus-and-accel-13353303.html,OK,200
https://www.moneycontrol.com/news/business/startup/hr-tech-saas-unicorn-darwinbox-elevates-cto-vineet-singh-as-co-founder-12810395.html,OK,200
https://www.moneycontrol.com/news/business/startup/saas-firm-browserstack-acquires-europe-based-bug-detection-platform-bird-eats-bug-commits-investment-of-20-mn-12808204.html,OK,200
https://www.moneycontrol.com/news/business/startup/zupee-cuts-200-jobs-amid-organisational-restructuring-13799885.html,OK,200
https://www.ndtvprofit.com/markets/kissht-ipo-gmp-today-rs-1-5-premium-subscription-lags-at-0-6x-ahead-of-close-11450426,BOTBLOCKED,403
https://www.neoble.in/about,OK,200
https://www.newindianexpress.com/cities/kochi/2025/Jul/26/thiruvananthapuram-startup-netrasemi-raises-rs-107-crore-from-zoho-corp-unicorn-india-ventures,OK,200
https://www.oe-eb.at/en/our-projects/projects-at-a-glance/greenwave.html,OK,200
https://www.outlookbusiness.com/corporate/inox-clean-energy-completes-6000-cr-vena-energy-india-buyout,OK,200
https://www.peoplematters.in/news/business/quick-home-services-startup-pync-shuts-down-founders-join-snabbit-48058,OK,200
https://www.petfoodindustry.com/regions/central-western-southern-asia/news/15834352/lickicious-raises-funds-to-expand-manufacturing-capacity,BOTBLOCKED,403
https://www.pharmabiz.com/NewsDetails.aspx,ERR,500
https://www.pinelabs.com/media-analyst/pine-labs-acquires-shopflo,DEAD,404
https://www.prnewswire.com/de/pressemitteilungen/gaming-platform-zupee-closes-series-b-funding-at-over-500-million-valuation-882944967.html,OK,200
https://www.prnewswire.com/in/news-releases/acies-ventures-announces-strategic-investment-in-neoble-302402908.html,OK,200
https://www.prnewswire.com/in/news-releases/browserstack-acquires-requestly-a-ycombinator-startup-for-http-interception-mocking--debugging-network-requests-302447048.html,OK,200
https://www.prnewswire.com/news-releases/browserstack-acquires-percy-to-add-visual-testing-to-their-platform-301090792.html,OK,200
https://www.qure.ai/news-press-coverages/qure-ai-gets-series-d-funding-to-expand-healthcare-ai,OK,200
https://www.reuters.com,BOTBLOCKED,401
https://www.reuters.com/technology/tsavorite-secures-more-than-100-million-pre-orders-ai-chips-scale-workflows-2025-11-10,BOTBLOCKED,401
https://www.reuters.com/world/india/indian-eyewear-retailer-lenskart-files-ipo-raise-247-million-fresh-issue-2025-07-29,BOTBLOCKED,401
https://www.sarvam.ai/about-us,OK,200
https://www.shortgun.in/press,OK,200
https://www.siliconindia.com/startup/startup-funding/navanaai-secures-rs-40-crore-to-scale-enterprise-voice-ai-nwid-55410.html,OK,200
https://www.storyboard18.com/amp/gaming-news/breaking-zupee-lays-off-30-workforce-sets-up-%E2%82%B91-cr-medical-fund-for-ex-staff-80751.htm,OK,200
https://www.storyboard18.com/special-coverage/ipo-bound-physicswallah-scales-revenue-to-rs-3000-crore-in-fy25-report-79627.htm,OK,200
https://www.techcircle.in/2020/07/15/used-car-leasing-platform-pumpumpum-raises-292-702-in-seed-funding-round,OK,200
https://www.techcrunch.com/2026/01/01/even-as-global-crop-prices-fall-indias-arya-ag-is-attracting-investors-and-staying-profitable,OK,200
https://www.thecompanycheck.com/company/hogwarts-elearning-universe-private-limited/U80902DL2019PTC353293,OK,200
https://www.upgrad.com/about,OK,200
https://www.vccircle.com/batterytech-startup-coulomb-litech-raises-20-cr-in-seed-funding,OK,200
https://www.vccircle.com/trade-finance-platform-drip-capital-raises-175-mn-in-debt-and-equity,OK,200
https://www.vccircle.com/unicornindia-backed-qubehealth-pay-nears-break-even-eyes-acquisition-opportunities,OK,200
https://www.watchyourhealth.com,OK,200
https://www.ynos.in/startup/lissun-396103,OK,200
https://www.yourstory.com/2021/04/used-car-leasing-startup-pumpumpum-raises-pre-seriesa-round,BOTBLOCKED,403
https://www.yourstory.com/2022/06/funding-june-3-pumpumpum-hesa-ezerx-kandeefactory-indeanta,BOTBLOCKED,403
https://www.yourstory.com/ai-story/former-swiggy-zomato-leaders-launch-ai-startup-profound,BOTBLOCKED,403
https://www.zaubacorp.com/AROHAN-FINANCIAL-SERVICES-LIMITED-U74140WB1991PLC053189,BOTBLOCKED,403
https://www.zaubacorp.com/INTELLEND-TECHNOLOGIES-ADVISORS-PRIVATE-LIMITED-U70200MH2025PTC448614,BOTBLOCKED,403
https://www.zaubacorp.com/company/BAAZI-NETWORKS-PRIVATE-LIMITED/U52100WB2014PTC201751,BOTBLOCKED,403
https://www.zeebiz.com/startups/news-startup-funding-today-artificial-intelligence-edtech-firm-raises-417-million-dollar-funding-in-pre-series-a-round-from-prosus-ventures-accel-gsf-investors-375206,BOTBLOCKED,403
https://www.zoominfo.com/pic/pokerbaazi/409967550,BOTBLOCKED,403
https://x.com/SuperleapAI,OK,200
https://yourstory.com/2016/01/altigreen-funding,BOTBLOCKED,403
https://yourstory.com/2018/12/hubilo-event-management-corporate-events-technology,BOTBLOCKED,403
https://yourstory.com/2019/11/tech30-navana-tech-billion-users-internet-literacy-cornell,BOTBLOCKED,403
https://yourstory.com/2024/07/funding-healthtech-platform-watch-your-health,BOTBLOCKED,403
https://yourstory.com/2024/11/startup-news-updates-daily-roundup-november-8,BOTBLOCKED,403
https://yourstory.com/2024/11/startup-news-updates-daily-roundup-november-8-2024,BOTBLOCKED,403
https://yourstory.com/2025/05/startup-building-smart-amrs-solve-warehouse-automation-challenges,BOTBLOCKED,403
https://yourstory.com/2025/12/uolo-raises-7m-in-pre-series-b-round-to-expand-ai-adoption-in-indian-schools,BOTBLOCKED,403
https://yourstory.com/2026/01/elevation-capital-backed-ai-stylist-alle-shuts-shop,BOTBLOCKED,403
https://yourstory.com/2026/01/zupee-cuts-about-200-jobs-in-second-layoff-after-money-gaming-ban,BOTBLOCKED,403
https://yourstory.com/2026/02/battery-tech-startup-coulomb-litech-raises-rs-20-cr-seed-funding,BOTBLOCKED,403
https://yourstory.com/2026/05/anscer-robotics-series-a-funding-round-led-by-ian-alpha-fund,BOTBLOCKED,403
https://yourstory.com/2026/06/3-indian-semiconductor-startups-are-taking-indias-chip-story-to-france,BOTBLOCKED,403
https://yourstory.com/2026/07/ather-energy-secures-rs-1200-cr-from-hero-motocorp-ijf-founders,BOTBLOCKED,403
https://yourstory.com/2026/09/greenwave-circularity-raises-315-million-financing-from-oeeb-of-austria,BOTBLOCKED,403
https://yourstory.com/ai-story/former-swiggy-zomato-leaders-launch-ai-startup-profound,BOTBLOCKED,403
https://yourstory.com/companies/truefan,BOTBLOCKED,403
https://app.dealroom.co/news/note/pharmeasy-founders-all-home-raises-21m-series-a-doubles-valuation,BOTBLOCKED,403
https://cfo.economictimes.indiatimes.com/news/strategy-operations/moglix-acquires-khatema-fibres-for-rs-80-crore/115525891,OK,200
https://en.wikipedia.org/wiki/Mukesh_Bansal,OK,200
https://entrackr.com/2021/07/moglix-acquires-e-commerce-platform-vendaxo,OK,200
https://entrackr.com/news/lor%C3%A9al-acquires-majority-stake-in-bare-anatomy-parent-innovist-12050221,OK,200
https://fireflies.ai/about-us,OK,200
https://in.linkedin.com/company/coinswitch,OK,200
https://in.linkedin.com/in/abhineet-sawa-31575b4,ERR,999
https://in.linkedin.com/in/anil-gelra-91890b4,OK,200
https://in.linkedin.com/in/monishdarda,ERR,999
https://in.linkedin.com/in/nakulaggarwal,ERR,999
https://in.linkedin.com/in/nalinagrawal,ERR,999
https://in.linkedin.com/in/pravinj,ERR,999
https://in.linkedin.com/in/puneetagarwalindia,ERR,999
https://in.linkedin.com/in/ritesh-arora-browserstack,ERR,999
https://in.linkedin.com/in/sagarvimal,ERR,999
https://in.linkedin.com/in/yakumar,ERR,999
https://inc42.com/buzz/exclusive-infra-market-acquires-majority-stake-in-metro-group-to-strengthen-its-tile-biz,OK,200
https://inc42.com/buzz/moglix-owned-credlix-acquires-majority-stake-in-nbfc-vanik-finance,OK,200
https://inc42.com/features/why-infra-market-is-using-shalimar-paints-to-reach-the-ipo-milestone,OK,200
https://m.economictimes.com/tech/startups/eruditus-group-acquires-silicon-valley-based-id-tech-for-200-million/articleshow/82774312.cms,OK,200
https://plaksha.edu.in/team-details/sujeet-kumar,OK,200
https://siliconvalleyinvestclub.com/hi/companies/udaan/team/amod-malviya,OK,200
https://techcrunch.com/2026/09/02/adobe-acquires-indian-market-intelligence-startup-rilo,OK,200
https://timesofindia.indiatimes.com/moglix-acquires-rs-300-crore-adis-india-distribution-biz-for-surveillance-security-products/articleshow/94767418.cms,OK,200
https://www.animationxpress.com/games/nazara-acquires-two-games-from-developer-zeptolab,OK,200
https://www.bloomberg.com/news/articles/2021-09-11/india-s-udaan-names-founder-gupta-as-ceo-eyes-ipo-in-2-years,BOTBLOCKED,403
https://www.business-standard.com/companies/news/nazara-to-acquire-50-stake-in-two-gaming-firms-for-100-3-million-126031801309_1.html,OK,200
https://www.gqindia.com,OK,200
https://www.leadsquared.com/team,BOTBLOCKED,403
https://www.linkedin.com/in/nilesh-patel-067227,ERR,999
https://www.linkedin.com/in/rajoshighosh,BOTBLOCKED,429
https://www.linkedin.com/in/sudotong,BOTBLOCKED,429
https://www.linkedin.com/posts/alpandey_excited-to-share-that-i-have-joined-raise-activity-6914435328074252288-sTiU,OK,200
https://www.linkedin.com/posts/ashish-singhal-peepalco_people-often-say-%F0%9D%97%A1%F0%9D%96%B2%F0%9E%97%F0%9A%BF-%F0%9D%97%AF%F0%9F%98%82%F0%9F%98%83%F0%9F%98%BF-%F0%9F%97%B1-activity-7483026324811403264-H6Xm,DEAD,404
https://www.linkedin.com/posts/jay-prakash-gupta-83303730_one-more-reason-to-be-on-dhan-activity-7125815154130190336-tTlU,DEAD,404
https://www.linkedin.com/posts/rishabh-telang_10yearsofcult-2016and2026-nostalgia-activity-7418255046393479168-ER7y,OK,200
https://www.linkedin.com/posts/siddharthaahluwalia_raviteja-dodda-founder-of-moengage-joins-activity-7382633556717662208-yWQ9,OK,200
https://www.linkedin.com/posts/sudhakar_earlier-this-year-i-concluded-an-incredible-activity-7099712157705019392-9Q94,OK,200
https://www.linkedin.com/posts/tanmaig_hasura-design-philosophy-activity-6925716321523441664-Zq42,OK,200
https://www.linkedin.com/posts/yourstory-com_meet-vishwanath-ramarao-the-innovative-activity-7209923262938583041-7Lvt,OK,200
https://www.linkedin.com/posts/yourstory-com_samirbodas-icertis-saasunicorn-activity-7422880344342839296-yPrJ,OK,200
https://www.moneycontrol.com/news/business/startup/ofbusiness-completes-100-buyout-of-indian-design-consolidates-apparel-vertical-ahead-of-ipo-next-fiscal-13713812.html,OK,200
https://www.moneycontrol.com/news/business/startup/pharmeasy-co-founders-dharmil-sheth-dhaval-shah-and-hardik-dedhia-to-start-new-consumer-venture-together-12916002.html,OK,200
https://www.outlookbusiness.com/news/sanlayan-tech-buys-dexcel-electronics-to-boost-defence-aerospace-innovation,OK,200
https://www.vccircle.com/pristyn-care-buys-doctor-consultation-platform-lybrate,OK,200
https://www.vccircle.com/supply-chain-financing-platform-credlix-acquires-fintech-start-up-nuphi,OK,200
https://yourstory.com/companies/acko-insurance,BOTBLOCKED,403
