year,city,sector,stage,investor_type_mix,new_or_existing,capital_inr_mn,rounds,disclosed_only,notes
2008,Bengaluru,analytics / decision sciences / AI,Series A / growth,,new_or_mixed,2580.0,1,True,FUNDING.amount_inr_mn sum; investor types from INVESTORS join
2010,Gurugram,travel-tech,IPO,,new_or_mixed,6923.0,1,True,FUNDING.amount_inr_mn sum; investor types from INVESTORS join
2011,Bengaluru,analytics / decision sciences / AI,Growth,VC/growth equity,new_or_mixed,9288.0,1,True,FUNDING.amount_inr_mn sum; investor types from INVESTORS join
2011,Bengaluru,analytics / decision sciences / AI,Series C / D,VC/growth equity,new_or_mixed,9288.0,1,True,FUNDING.amount_inr_mn sum; investor types from INVESTORS join
2011,Bengaluru,analytics / decision sciences / AI,Growth,VC,new_or_mixed,2150.0,1,True,FUNDING.amount_inr_mn sum; investor types from INVESTORS join
2011,Bengaluru,analytics / decision sciences / AI,Series B,VC,new_or_mixed,2150.0,1,True,FUNDING.amount_inr_mn sum; investor types from INVESTORS join
2011,Bengaluru,defence imaging / electro-optics,Seed,,new_or_mixed,43.0,1,True,FUNDING.amount_inr_mn sum; investor types from INVESTORS join
2012,Bengaluru,defence imaging / electro-optics,Series A,,new_or_mixed,550.4,1,True,FUNDING.amount_inr_mn sum; investor types from INVESTORS join
2012,Chennai,saas/billing,Angel,unknown,new_or_mixed,31.8,1,True,FUNDING.amount_inr_mn sum; investor types from INVESTORS join
2013,Bengaluru,analytics / decision sciences / AI,Corporate minority,Asset Management/CVC-corporate,new_or_mixed,3870.0,1,True,FUNDING.amount_inr_mn sum; investor types from INVESTORS join
2013,Chennai,saas/billing,Seed,VC,new_or_mixed,103.9,1,True,FUNDING.amount_inr_mn sum; investor types from INVESTORS join
2013,Pune,agritech / crop inputs,Seed,,new_or_mixed,63.1,1,True,FUNDING.amount_inr_mn sum; investor types from INVESTORS join
2014,Bengaluru,Home interiors marketplace,Series A,unknown,new_or_mixed,395.6,1,True,FUNDING.amount_inr_mn sum; investor types from INVESTORS join
2014,Bengaluru,saas/api dev,Seed,VC,new_or_mixed,84.0,1,True,FUNDING.amount_inr_mn sum; investor types from INVESTORS join
2014,Chennai,saas/billing,Series A,VC,new_or_mixed,68.8,1,True,FUNDING.amount_inr_mn sum; investor types from INVESTORS join
2014,Pune,agritech / crop inputs,Seed,,new_or_mixed,55.5,1,True,FUNDING.amount_inr_mn sum; investor types from INVESTORS join
2014,Ahmedabad,d2c baby products,Seed,,new_or_mixed,40.0,1,True,FUNDING.amount_inr_mn sum; investor types from INVESTORS join
2015,Bengaluru,Logistics,Series A,CVC-corporate,new_or_mixed,1591.0,1,True,FUNDING.amount_inr_mn sum; investor types from INVESTORS join
2015,Pune,logistics,Series A,unknown,new_or_mixed,1075.0,1,True,FUNDING.amount_inr_mn sum; investor types from INVESTORS join
2015,Bengaluru,Home interiors marketplace,Series A (second tranche),unknown,new_or_mixed,739.6,1,True,FUNDING.amount_inr_mn sum; investor types from INVESTORS join
2015,Hyderabad,Beauty-Tech SaaS,Series A,VC,new_or_mixed,516.0,1,True,FUNDING.amount_inr_mn sum; investor types from INVESTORS join
2015,Bengaluru,logistics,Series A,/VC/Venture Capital,new_or_mixed,473.0,1,True,FUNDING.amount_inr_mn sum; investor types from INVESTORS join
2015,Chennai,saas/billing,Series B,Hedge Fund/VC/VC,new_or_mixed,430.0,1,True,FUNDING.amount_inr_mn sum; investor types from INVESTORS join
2015,Gurugram,B2B supply-chain commerce / fintech,Series A,/VC,new_or_mixed,369.8,1,True,FUNDING.amount_inr_mn sum; investor types from INVESTORS join
2015,Pune,agritech / crop inputs,Series A,/Venture Capital,new_or_mixed,344.0,1,True,FUNDING.amount_inr_mn sum; investor types from INVESTORS join
2015,"Bengaluru, Karnataka",B2B ecommerce (food & grocery),Seed,VC,new_or_mixed,169.4,1,True,FUNDING.amount_inr_mn sum; investor types from INVESTORS join
2015,Bengaluru,saas/api dev,Seed,unknown,new_or_mixed,86.0,1,True,FUNDING.amount_inr_mn sum; investor types from INVESTORS join
2015,Bengaluru,social media,Seed,/VC,new_or_mixed,60.2,1,True,FUNDING.amount_inr_mn sum; investor types from INVESTORS join
2015,Bengaluru,logistics,Seed,/Venture Capital,new_or_mixed,41.4,1,True,FUNDING.amount_inr_mn sum; investor types from INVESTORS join
2015,"Bengaluru, Karnataka",Horizontal ecommerce / social commerce,Seed,Accelerator/Micro-VC,new_or_mixed,25.8,1,True,FUNDING.amount_inr_mn sum; investor types from INVESTORS join
2016,Mumbai,enterprise AI/analytics,Series C,,new_or_mixed,8600.0,1,True,FUNDING.amount_inr_mn sum; investor types from INVESTORS join
2016,Gurugram,fintech,Series C,,new_or_mixed,4300.0,1,True,FUNDING.amount_inr_mn sum; investor types from INVESTORS join
2016,Bengaluru,AI / computer vision / fleet safety telematics,Series A,CVC-corporate,new_or_mixed,1558.3,1,True,FUNDING.amount_inr_mn sum; investor types from INVESTORS join
2016,Bengaluru,fitness/healthtech,Series A,Other/VC,new_or_mixed,1290.0,1,True,FUNDING.amount_inr_mn sum; investor types from INVESTORS join
2016,Bengaluru,Home interiors marketplace,Series B,unknown,new_or_mixed,1290.0,1,True,FUNDING.amount_inr_mn sum; investor types from INVESTORS join
2016,Hyderabad,Beauty-Tech SaaS,Series B,VC,new_or_mixed,1290.0,1,True,FUNDING.amount_inr_mn sum; investor types from INVESTORS join
2016,Gurugram,B2B supply-chain commerce / fintech,Series B,/VC,new_or_mixed,956.3,1,True,FUNDING.amount_inr_mn sum; investor types from INVESTORS join
2016,Bengaluru,saas/api dev,Series A,unknown,new_or_mixed,602.0,1,True,FUNDING.amount_inr_mn sum; investor types from INVESTORS join
2016,Bengaluru,social media,Series A,/VC,new_or_mixed,344.0,1,True,FUNDING.amount_inr_mn sum; investor types from INVESTORS join
2016,Bengaluru,logistics,Series B,VC,new_or_mixed,217.6,1,True,FUNDING.amount_inr_mn sum; investor types from INVESTORS join
2016,Bengaluru,logistics,Series B,/Venture Capital,new_or_mixed,126.4,1,True,FUNDING.amount_inr_mn sum; investor types from INVESTORS join
2016,Bengaluru,fintech / travel-fintech,Seed,,new_or_mixed,98.9,2,True,FUNDING.amount_inr_mn sum; investor types from INVESTORS join
2017,Bengaluru,insurtech,Seed,Other/VC,new_or_mixed,2580.0,1,True,FUNDING.amount_inr_mn sum; investor types from INVESTORS join
2017,Bengaluru,defence imaging / electro-optics,Series B,/Corporate VC,new_or_mixed,1462.0,1,True,FUNDING.amount_inr_mn sum; investor types from INVESTORS join
2017,"Bengaluru, Karnataka",B2B ecommerce (food & grocery),Series A,VC/Venture Capital,new_or_mixed,980.4,1,True,FUNDING.amount_inr_mn sum; investor types from INVESTORS join
2017,Pune,agritech / crop inputs,Series B,/VC/Venture Capital,new_or_mixed,860.0,1,True,FUNDING.amount_inr_mn sum; investor types from INVESTORS join
2017,Bengaluru,social media,Series B,/VC,new_or_mixed,688.0,1,True,FUNDING.amount_inr_mn sum; investor types from INVESTORS join
2017,Mumbai,gaming/fantasy sports,Series C,PE/Venture Capital,new_or_mixed,186.6,1,True,FUNDING.amount_inr_mn sum; investor types from INVESTORS join
2017,Bengaluru,logistics,Series B,/VC/Venture Capital,new_or_mixed,172.9,1,True,FUNDING.amount_inr_mn sum; investor types from INVESTORS join
2017,Bengaluru,SaaS / API platform (GraphQL),Seed,,new_or_mixed,137.6,1,True,FUNDING.amount_inr_mn sum; investor types from INVESTORS join
2017,Bengaluru,Mobility / EV,Seed,unknown,new_or_mixed,129.0,1,True,FUNDING.amount_inr_mn sum; investor types from INVESTORS join
2017,Bengaluru,logistics,Series B,,new_or_mixed,115.2,1,True,FUNDING.amount_inr_mn sum; investor types from INVESTORS join
2017,Bengaluru,proptech / flex workspace (managed offices),Angel,Angel Investor,new_or_mixed,26.8,1,True,FUNDING.amount_inr_mn sum; investor types from INVESTORS join
2018,Bengaluru,ecommerce,Acquisition (majority),CVC-corporate,new_or_mixed,1376000.0,1,True,FUNDING.amount_inr_mn sum; investor types from INVESTORS join
2018,Bengaluru,ecommerce,Acquisition (majority stake),CVC-corporate,new_or_mixed,1376000.0,1,True,FUNDING.amount_inr_mn sum; investor types from INVESTORS join
2018,Noida,fintech,Private,/Sovereign,new_or_mixed,10750.0,1,True,FUNDING.amount_inr_mn sum; investor types from INVESTORS join
2018,Noida,fintech,Series C,/Sovereign,new_or_mixed,10750.0,1,True,FUNDING.amount_inr_mn sum; investor types from INVESTORS join
2018,Mumbai,gaming/fantasy sports,Series D,CVC-corporate/PE/VC/Venture Capital,new_or_mixed,8600.0,1,True,FUNDING.amount_inr_mn sum; investor types from INVESTORS join
2018,Noida,fintech,Series B,,new_or_mixed,7052.0,1,True,FUNDING.amount_inr_mn sum; investor types from INVESTORS join
2018,Bengaluru,Home interiors marketplace,Series C,unknown,new_or_mixed,6020.0,1,True,FUNDING.amount_inr_mn sum; investor types from INVESTORS join
2018,Mumbai,SaaS / dev testing,Series A,/VC,new_or_mixed,4300.0,1,True,FUNDING.amount_inr_mn sum; investor types from INVESTORS join
2018,Bengaluru,social media,Series C,/VC,new_or_mixed,4300.0,1,True,FUNDING.amount_inr_mn sum; investor types from INVESTORS join
2018,Bengaluru,agritech supply chain,Series B,/Corporate VC/VC/Venture Capital,new_or_mixed,3100.0,1,True,FUNDING.amount_inr_mn sum; investor types from INVESTORS join
2018,Gurugram,B2B supply-chain commerce / fintech,Series C,/Investment Firm/VC,new_or_mixed,2519.8,1,True,FUNDING.amount_inr_mn sum; investor types from INVESTORS join
2018,Bengaluru,AI / computer vision / fleet safety telematics,Series B,/CVC-corporate,new_or_mixed,1806.0,1,True,FUNDING.amount_inr_mn sum; investor types from INVESTORS join
2018,Chennai,saas/billing,Series C,Hedge Fund/VC/Software-focused VC/VC,new_or_mixed,1579.3,1,True,FUNDING.amount_inr_mn sum; investor types from INVESTORS join
2018,Bengaluru,proptech / flex workspace (managed offices),Series A,Angel Investor/PE (WestBridge affiliate)/VC,new_or_mixed,1290.0,1,True,FUNDING.amount_inr_mn sum; investor types from INVESTORS join
2018,Bengaluru,agritech (dairy tech),Series B,/Corporate VC/VC,new_or_mixed,1204.0,1,True,FUNDING.amount_inr_mn sum; investor types from INVESTORS join
2018,Bengaluru,fintech / travel-fintech,Series A,,new_or_mixed,1135.3,1,True,FUNDING.amount_inr_mn sum; investor types from INVESTORS join
2018,Bengaluru,insurtech,Series B,/Corporate/Other,new_or_mixed,1032.0,1,True,FUNDING.amount_inr_mn sum; investor types from INVESTORS join
2018,Bengaluru,logistics,Series C,,new_or_mixed,662.2,1,True,FUNDING.amount_inr_mn sum; investor types from INVESTORS join
2018,Bengaluru,d2c / baby tech,Angel,,new_or_mixed,335.2,1,True,FUNDING.amount_inr_mn sum; investor types from INVESTORS join
2019,Mumbai,enterprise AI/analytics,Series D (Apax),,new_or_mixed,17200.0,1,True,FUNDING.amount_inr_mn sum; investor types from INVESTORS join
2019,Chennai,saas,Series H,/VC,new_or_mixed,12900.0,1,True,FUNDING.amount_inr_mn sum; investor types from INVESTORS join
2019,"Bengaluru, Karnataka",Horizontal ecommerce / social commerce,Series A,VC,new_or_mixed,10750.0,1,True,FUNDING.amount_inr_mn sum; investor types from INVESTORS join
2019,Pune,SaaS / contract lifecycle management,Series E,/CVC-corporate/VC,new_or_mixed,9890.0,1,True,FUNDING.amount_inr_mn sum; investor types from INVESTORS join
2019,Bengaluru,social media,Series D,/VC,new_or_mixed,8600.0,1,True,FUNDING.amount_inr_mn sum; investor types from INVESTORS join
2019,Bengaluru,agritech supply chain,Series C,unknown,new_or_mixed,7740.0,1,True,FUNDING.amount_inr_mn sum; investor types from INVESTORS join
2019,Bengaluru,proptech,Series D,unknown,new_or_mixed,6880.0,1,True,FUNDING.amount_inr_mn sum; investor types from INVESTORS join
2019,Bengaluru,fintech infra,Series C,Accelerator/Micro-VC/VC/growth,new_or_mixed,6450.0,1,True,FUNDING.amount_inr_mn sum; investor types from INVESTORS join
2019,Bengaluru,insurtech,Series C,Other/VC,new_or_mixed,5590.0,1,True,FUNDING.amount_inr_mn sum; investor types from INVESTORS join
2019,Noida,B2B e-commerce / industrial supply chain,Series D,/Investment Firm/growth,new_or_mixed,5160.0,1,True,FUNDING.amount_inr_mn sum; investor types from INVESTORS join
2019,Bengaluru,Logistics,Series D,/CVC-corporate/Corporate VC/Sovereign/Govt,new_or_mixed,5160.0,1,True,FUNDING.amount_inr_mn sum; investor types from INVESTORS join
2019,"Bengaluru, Karnataka",Mobility / road transport tech (bike taxi-led multimodal),Series B,/VC,new_or_mixed,4695.6,1,True,FUNDING.amount_inr_mn sum; investor types from INVESTORS join
2019,Bengaluru,proptech,Series C,growth equity,new_or_mixed,4386.0,1,True,FUNDING.amount_inr_mn sum; investor types from INVESTORS join
2019,Bengaluru,saas/api dev,Series B,VC,new_or_mixed,4300.0,1,True,FUNDING.amount_inr_mn sum; investor types from INVESTORS join
2019,Bengaluru,proptech,Series D,growth,new_or_mixed,4300.0,1,True,FUNDING.amount_inr_mn sum; investor types from INVESTORS join
2019,Hyderabad,Beauty-Tech SaaS,Series C,Hedge Fund/VC/VC,new_or_mixed,4300.0,1,True,FUNDING.amount_inr_mn sum; investor types from INVESTORS join
2019,Mumbai,SaaS/customer engagement,Series C,VC/growth,new_or_mixed,3010.0,1,True,FUNDING.amount_inr_mn sum; investor types from INVESTORS join
2019,Bengaluru,fintech / travel-fintech,Series B,/CVC-corporate,new_or_mixed,3010.0,1,True,FUNDING.amount_inr_mn sum; investor types from INVESTORS join
2019,Gurugram,B2B supply-chain commerce / fintech,Series D,/Investment Firm/VC,new_or_mixed,2936.9,1,True,FUNDING.amount_inr_mn sum; investor types from INVESTORS join
2019,Pune,agritech / crop inputs,Series C,/CVC-corporate/VC/Venture Capital,new_or_mixed,2322.0,1,True,FUNDING.amount_inr_mn sum; investor types from INVESTORS join
2019,Mumbai,fintech/broking,Series B,unknown,new_or_mixed,2150.0,1,True,FUNDING.amount_inr_mn sum; investor types from INVESTORS join
2019,Bengaluru,media (Josh/Dailyhunt),Series F,/PE,new_or_mixed,2150.0,1,True,FUNDING.amount_inr_mn sum; investor types from INVESTORS join
2019,Gurugram,proptech coworking,Series A,,new_or_mixed,2150.0,1,True,FUNDING.amount_inr_mn sum; investor types from INVESTORS join
2019,Hyderabad,Beauty-Tech SaaS,Series C,Hedge Fund,new_or_mixed,1720.0,1,True,FUNDING.amount_inr_mn sum; investor types from INVESTORS join
2019,"Bengaluru, Karnataka",B2B ecommerce (food & grocery),Series B,/VC/Venture Capital,new_or_mixed,1358.8,1,True,FUNDING.amount_inr_mn sum; investor types from INVESTORS join
2019,Gurugram,healthtech (elective surgery chain),Series B,VC,new_or_mixed,1032.0,1,True,FUNDING.amount_inr_mn sum; investor types from INVESTORS join
2019,Bengaluru,Mobility / EV,Series A,unknown,new_or_mixed,1032.0,1,True,FUNDING.amount_inr_mn sum; investor types from INVESTORS join
2019,"Bengaluru, Karnataka",Mobility / road transport tech (bike taxi-led multimodal),Series A,/VC,new_or_mixed,963.2,1,True,FUNDING.amount_inr_mn sum; investor types from INVESTORS join
2019,Bengaluru,logistics,Series C,/VC/Venture Capital,new_or_mixed,860.0,1,True,FUNDING.amount_inr_mn sum; investor types from INVESTORS join
2019,Thane,B2B construction materials,Seed/Series A,/VC,new_or_mixed,860.0,1,True,FUNDING.amount_inr_mn sum; investor types from INVESTORS join
2019,Bengaluru,fintech wealthtech,Series A,/Accelerator/Micro-VC/VC,new_or_mixed,533.2,1,True,FUNDING.amount_inr_mn sum; investor types from INVESTORS join
2019,Mumbai,healthtech / femtech D2C wellness,Series A,VC/Venture Capital,new_or_mixed,344.0,1,True,FUNDING.amount_inr_mn sum; investor types from INVESTORS join
2019,Gurugram,healthtech (elective surgery chain),Series A,VC,new_or_mixed,344.0,1,True,FUNDING.amount_inr_mn sum; investor types from INVESTORS join
2019,Bengaluru,SaaS / CRM,Series A,,new_or_mixed,258.0,1,True,FUNDING.amount_inr_mn sum; investor types from INVESTORS join
2019,Bengaluru,hr-tech/jobs,Seed,Hedge Fund/VC,new_or_mixed,258.0,1,True,FUNDING.amount_inr_mn sum; investor types from INVESTORS join
2019,Bengaluru,d2c / baby tech,Seed,,new_or_mixed,86.0,1,True,FUNDING.amount_inr_mn sum; investor types from INVESTORS join
2019,Bengaluru,gaming rmg,Seed,,new_or_mixed,86.0,1,True,FUNDING.amount_inr_mn sum; investor types from INVESTORS join
2019,Bengaluru,robotics vision,Seed,/VC,new_or_mixed,66.7,1,True,FUNDING.amount_inr_mn sum; investor types from INVESTORS join
2020,Mumbai,gaming/fantasy sports,Series E,PE/VC/growth,new_or_mixed,16650.0,1,True,FUNDING.amount_inr_mn sum; investor types from INVESTORS join
2020,Bengaluru,social media,Sequoia Capital talks,/VC,new_or_mixed,14800.0,1,True,FUNDING.amount_inr_mn sum; investor types from INVESTORS join
2020,Gurugram,auto marketplace | used cars,Series F (unicorn),unknown,new_or_mixed,14800.0,1,True,FUNDING.amount_inr_mn sum; investor types from INVESTORS join
2020,Gurugram,auto marketplace | used cars,Series E,/Investment/Other/VC,new_or_mixed,14800.0,1,True,FUNDING.amount_inr_mn sum; investor types from INVESTORS join
2020,Hyderabad,Beauty-Tech SaaS,Series D,/Hedge Fund/Hedge Fund/VC/PE,new_or_mixed,11840.0,1,True,FUNDING.amount_inr_mn sum; investor types from INVESTORS join
2020,Bengaluru,saas/api dev,Series C,Software-focused VC/VC,new_or_mixed,11100.0,1,True,FUNDING.amount_inr_mn sum; investor types from INVESTORS join
2020,Pune,logistics,Series E,/PE/VC,new_or_mixed,8140.0,1,True,FUNDING.amount_inr_mn sum; investor types from INVESTORS join
2020,Bengaluru,fintech infra,Series D,Accelerator/Micro-VC/Sovereign/Govt/VC/growth,new_or_mixed,7400.0,1,True,FUNDING.amount_inr_mn sum; investor types from INVESTORS join
2020,Bengaluru,edtech live classes,Series D,Hedge Fund / Growth,new_or_mixed,7400.0,1,True,FUNDING.amount_inr_mn sum; investor types from INVESTORS join
2020,Bengaluru,Home interiors marketplace,Series D (third tranche),unknown,new_or_mixed,6660.0,1,True,FUNDING.amount_inr_mn sum; investor types from INVESTORS join
2020,New Delhi,fintech payments/lending,Series C,unknown,new_or_mixed,5550.0,1,True,FUNDING.amount_inr_mn sum; investor types from INVESTORS join
2020,Bengaluru,insurtech,Series D,,new_or_mixed,4440.0,1,True,FUNDING.amount_inr_mn sum; investor types from INVESTORS join
2020,Bengaluru,Home interiors marketplace,Series D (second tranche),unknown,new_or_mixed,4440.0,1,True,FUNDING.amount_inr_mn sum; investor types from INVESTORS join
2020,Chennai,saas/billing,Series F,Hedge Fund/Hedge Fund/VC/Software-focused VC,new_or_mixed,4070.0,1,True,FUNDING.amount_inr_mn sum; investor types from INVESTORS join
2020,Noida,fintech,Series D,Hedge Fund,new_or_mixed,3034.0,1,True,FUNDING.amount_inr_mn sum; investor types from INVESTORS join
2020,Bengaluru,SaaS / CRM,Series B,,new_or_mixed,2412.4,1,True,FUNDING.amount_inr_mn sum; investor types from INVESTORS join
2020,"Bengaluru, Karnataka",B2B ecommerce (food & grocery),Series B,/VC/Venture Capital/Venture Debt,new_or_mixed,1857.4,1,True,FUNDING.amount_inr_mn sum; investor types from INVESTORS join
2020,Bengaluru,SaaS / API platform (GraphQL),Series B,/VC,new_or_mixed,1850.0,1,True,FUNDING.amount_inr_mn sum; investor types from INVESTORS join
2020,Noida,agritech / post-harvest,Series B,unknown,new_or_mixed,1554.0,1,True,FUNDING.amount_inr_mn sum; investor types from INVESTORS join
2020,Bengaluru,logistics,Series D,,new_or_mixed,1369.0,1,True,FUNDING.amount_inr_mn sum; investor types from INVESTORS join
2020,Gurugram,healthtech (elective surgery chain),Series C,PE/VC,new_or_mixed,888.0,1,True,FUNDING.amount_inr_mn sum; investor types from INVESTORS join
2020,Bengaluru,SaaS / API platform (GraphQL),Series A,/VC,new_or_mixed,732.6,1,True,FUNDING.amount_inr_mn sum; investor types from INVESTORS join
2020,Bengaluru,gaming rmg,Series A,,new_or_mixed,592.0,1,True,FUNDING.amount_inr_mn sum; investor types from INVESTORS join
2020,Noida,agritech / post-harvest,Pre-Series B,unknown,new_or_mixed,444.0,1,True,FUNDING.amount_inr_mn sum; investor types from INVESTORS join
2020,Bengaluru,edtech study-abroad,Series A,Unknown,new_or_mixed,407.0,1,True,FUNDING.amount_inr_mn sum; investor types from INVESTORS join
2020,Bengaluru,WealthTech / Investment Tech,Seed,,new_or_mixed,74.0,1,True,FUNDING.amount_inr_mn sum; investor types from INVESTORS join
2020,Bengaluru,WealthTech / Investment Tech,Pre-Series A / Angel,/VC,new_or_mixed,74.0,1,True,FUNDING.amount_inr_mn sum; investor types from INVESTORS join
2020,Mumbai,healthtech pharmacy,Seed,CVC-corporate,new_or_mixed,36.8,1,True,FUNDING.amount_inr_mn sum; investor types from INVESTORS join
2020,Bengaluru,d2c travel goods,Seed,,new_or_mixed,23.7,1,True,FUNDING.amount_inr_mn sum; investor types from INVESTORS join
2020,Mumbai,mobility / used-car leasing,Seed,unknown,new_or_mixed,21.7,1,True,FUNDING.amount_inr_mn sum; investor types from INVESTORS join
2020,Bengaluru,spacetech ssa,Grant (prize money),,new_or_mixed,0.2,1,True,FUNDING.amount_inr_mn sum; investor types from INVESTORS join
2021,Bengaluru,ecommerce,primary,/CVC-corporate/Sovereign/Govt/VC,new_or_mixed,268200.0,1,True,FUNDING.amount_inr_mn sum; investor types from INVESTORS join
2021,Chennai,saas,IPO,unknown,new_or_mixed,76735.0,1,True,FUNDING.amount_inr_mn sum; investor types from INVESTORS join
2021,Mumbai,gaming/fantasy sports,Series F,/Hedge Fund/Investment/PE/VC/growth,new_or_mixed,62580.0,1,True,FUNDING.amount_inr_mn sum; investor types from INVESTORS join
2021,Mumbai,D2C beauty / beauty-tech retail,IPO,,new_or_mixed,53520.0,1,True,FUNDING.amount_inr_mn sum; investor types from INVESTORS join
2021,Mumbai,edtech exec education,Series E,/PE/Sovereign/Govt/VC,new_or_mixed,48425.0,1,True,FUNDING.amount_inr_mn sum; investor types from INVESTORS join
2021,"Bengaluru, Karnataka",Horizontal ecommerce / social commerce,Series F,unknown,new_or_mixed,42465.0,1,True,FUNDING.amount_inr_mn sum; investor types from INVESTORS join
2021,Bengaluru,social media,Series E,unknown,new_or_mixed,37399.0,1,True,FUNDING.amount_inr_mn sum; investor types from INVESTORS join
2021,Bengaluru,Mobility / road transport tech,Pre-IPO (ANI Technologies),unknown,new_or_mixed,37250.0,1,True,FUNDING.amount_inr_mn sum; investor types from INVESTORS join
2021,Bengaluru,edtech,Series H,Investment/Sovereign/VC/growth/growth equity,new_or_mixed,32780.0,1,True,FUNDING.amount_inr_mn sum; investor types from INVESTORS join
2021,Mumbai,gaming/fantasy sports,Secondary,Hedge Fund/PE/VC/growth,new_or_mixed,29800.0,1,True,FUNDING.amount_inr_mn sum; investor types from INVESTORS join
2021,Bengaluru,fintech infra,Series F,/Accelerator/Micro-VC/Hedge Fund/Sovereign/Govt/VC/growth,new_or_mixed,27937.5,1,True,FUNDING.amount_inr_mn sum; investor types from INVESTORS join
2021,New Delhi,fintech payments/lending,Series E,/Hedge Fund/Hedge Fund / Growth/VC/growth,new_or_mixed,27565.0,1,True,FUNDING.amount_inr_mn sum; investor types from INVESTORS join
2021,Bengaluru,proptech,Total funding,/Other/VC/corporate VC/growth/growth equity,new_or_mixed,26894.5,1,True,FUNDING.amount_inr_mn sum; investor types from INVESTORS join
2021,Gurugram,auto marketplace | used cars,Series F,/CVC-corporate/Investment/Investment Firm/VC,new_or_mixed,25330.0,1,True,FUNDING.amount_inr_mn sum; investor types from INVESTORS join
2021,Hyderabad,Beauty-Tech SaaS,PE Growth,unknown,new_or_mixed,24659.5,1,True,FUNDING.amount_inr_mn sum; investor types from INVESTORS join
2021,Noida,fintech,Private,/Financial Services,new_or_mixed,24212.5,1,True,FUNDING.amount_inr_mn sum; investor types from INVESTORS join
2021,Gurugram,B2B supply-chain commerce / fintech,Series G,Investment/Investment Firm/growth,new_or_mixed,24212.5,1,True,FUNDING.amount_inr_mn sum; investor types from INVESTORS join
2021,Noida,fintech,Series E,/Asset Management,new_or_mixed,23467.5,1,True,FUNDING.amount_inr_mn sum; investor types from INVESTORS join
2021,"Bengaluru, Karnataka",Horizontal ecommerce / social commerce,Series B,VC,new_or_mixed,22350.0,1,True,FUNDING.amount_inr_mn sum; investor types from INVESTORS join
2021,Gurugram,auto marketplace | used cars,Series G,/CVC-corporate/Investment Firm/Sovereign/Govt/VC,new_or_mixed,22350.0,1,True,FUNDING.amount_inr_mn sum; investor types from INVESTORS join
2021,Noida,fintech,Series E,/Hedge Fund/Sovereign,new_or_mixed,21232.5,1,True,FUNDING.amount_inr_mn sum; investor types from INVESTORS join
2021,Gurugram,logistics,Series H,/Financial Services/Hedge Fund/PE/Sovereign/Govt/VC/growth,new_or_mixed,20636.5,1,True,FUNDING.amount_inr_mn sum; investor types from INVESTORS join
2021,Bengaluru,social media,Series G,/Investment/Sovereign,new_or_mixed,19817.0,1,True,FUNDING.amount_inr_mn sum; investor types from INVESTORS join
2021,Bengaluru,crypto/fintech,Series C,/VC/growth,new_or_mixed,19370.0,1,True,FUNDING.amount_inr_mn sum; investor types from INVESTORS join
2021,Bengaluru,insurtech,Series D,/VC/growth equity,existing,18997.5,1,True,FUNDING.amount_inr_mn sum; investor types from INVESTORS join
2021,Bengaluru,fintech,Series E (reported Oct 2021),VC/growth,new_or_mixed,18699.5,1,True,FUNDING.amount_inr_mn sum; investor types from INVESTORS join
2021,Bengaluru,fintech wealthtech,Series E,/Hedge Fund/VC/growth,new_or_mixed,18699.5,1,True,FUNDING.amount_inr_mn sum; investor types from INVESTORS join
2021,Bengaluru,fintech/card infra,Series D (unicorn),VC,new_or_mixed,18625.0,1,True,FUNDING.amount_inr_mn sum; investor types from INVESTORS join
2021,Bengaluru,fintech/card infra,Series C,/VC,new_or_mixed,18625.0,1,True,FUNDING.amount_inr_mn sum; investor types from INVESTORS join
2021,Gurugram,auto/used cars,Series E,/VC,new_or_mixed,18625.0,1,True,FUNDING.amount_inr_mn sum; investor types from INVESTORS join
2021,Mumbai,AI / conversational SaaS,Series F extension,/Financial Services/Other/VC/growth,new_or_mixed,17880.0,1,True,FUNDING.amount_inr_mn sum; investor types from INVESTORS join
2021,Bengaluru,saas/api dev,Series D,/Hedge Fund / Growth/Software-focused VC/VC,new_or_mixed,16762.5,1,True,FUNDING.amount_inr_mn sum; investor types from INVESTORS join
2021,Bengaluru,social media,Tencent convertible debt,CVC-corporate,new_or_mixed,16762.5,1,True,FUNDING.amount_inr_mn sum; investor types from INVESTORS join
2021,Bengaluru,fintech / digital banking,Series B,Software-focused VC/growth,new_or_mixed,16390.0,1,True,FUNDING.amount_inr_mn sum; investor types from INVESTORS join
2021,Bengaluru,b2b manufacturing,Series F,/Hedge Fund/VC,new_or_mixed,15645.0,1,True,FUNDING.amount_inr_mn sum; investor types from INVESTORS join
2021,Bengaluru,proptech,Series E,unknown,existing,15645.0,1,True,FUNDING.amount_inr_mn sum; investor types from INVESTORS join
2021,Mumbai,SaaS / dev testing,Series B,Software-focused VC/VC,new_or_mixed,14900.0,1,True,FUNDING.amount_inr_mn sum; investor types from INVESTORS join
2021,Gurugram,B2B supply-chain commerce / fintech,Series F,/Investment Firm/Sovereign/Govt/VC/growth,new_or_mixed,14453.0,1,True,FUNDING.amount_inr_mn sum; investor types from INVESTORS join
2021,Mumbai,Edtech / skilling,Equity,Sovereign/Govt,new_or_mixed,13782.5,1,True,FUNDING.amount_inr_mn sum; investor types from INVESTORS join
2021,Mumbai,foodtech/cloud kitchen,Series F,Sovereign/Govt,new_or_mixed,13037.5,1,True,FUNDING.amount_inr_mn sum; investor types from INVESTORS join
2021,Kolkata,fintech/microfinance,Equity Raise,unknown,new_or_mixed,12516.0,1,True,FUNDING.amount_inr_mn sum; investor types from INVESTORS join
2021,Bengaluru,fintech infra,Series E,Sovereign/Govt/VC/growth,new_or_mixed,11920.0,1,True,FUNDING.amount_inr_mn sum; investor types from INVESTORS join
2021,Gurugram,B2B supply-chain commerce / fintech,Series E,Investment Firm/Sovereign/Govt/VC,new_or_mixed,11920.0,1,True,FUNDING.amount_inr_mn sum; investor types from INVESTORS join
2021,Bengaluru,AI / computer vision / fleet safety telematics,Series C,/CVC-corporate/VC,new_or_mixed,11175.0,1,True,FUNDING.amount_inr_mn sum; investor types from INVESTORS join
2021,Bengaluru,b2b manufacturing,Series E,Hedge Fund,new_or_mixed,11175.0,1,True,FUNDING.amount_inr_mn sum; investor types from INVESTORS join
2021,Noida,healthtech saas/ai,Series E,unknown,new_or_mixed,11175.0,1,True,FUNDING.amount_inr_mn sum; investor types from INVESTORS join
2021,Bengaluru,gaming / esports,Series E,,new_or_mixed,11175.0,1,True,FUNDING.amount_inr_mn sum; investor types from INVESTORS join
2021,Bengaluru,fitness/healthtech,Series F,/Sovereign/VC,new_or_mixed,10802.5,1,True,FUNDING.amount_inr_mn sum; investor types from INVESTORS join
2021,Bengaluru,agritech supply chain,Series D-II,unknown,new_or_mixed,10802.5,1,True,FUNDING.amount_inr_mn sum; investor types from INVESTORS join
2021,Bengaluru,Mobility / road transport tech,Series J,unknown,new_or_mixed,10355.5,1,True,FUNDING.amount_inr_mn sum; investor types from INVESTORS join
2021,Chennai,saas/billing,Series G,/Hedge Fund/Software-focused VC/growth,new_or_mixed,9312.5,1,True,FUNDING.amount_inr_mn sum; investor types from INVESTORS join
2021,Ahmedabad,enterprise tech / events,Series B,unknown,new_or_mixed,9312.5,1,True,FUNDING.amount_inr_mn sum; investor types from INVESTORS join
2021,Noida,B2B e-commerce / industrial supply chain,Series E,/VC/growth,new_or_mixed,8940.0,1,True,FUNDING.amount_inr_mn sum; investor types from INVESTORS join
2021,New Delhi,fintech payments/lending,Series D,unknown,new_or_mixed,8046.0,1,True,FUNDING.amount_inr_mn sum; investor types from INVESTORS join
2021,Noida,healthtech saas/ai,Series D,unknown,new_or_mixed,7822.5,1,True,FUNDING.amount_inr_mn sum; investor types from INVESTORS join
2021,Bengaluru,logistics,Series E,/Hedge Fund/VC/VC,new_or_mixed,7524.5,1,True,FUNDING.amount_inr_mn sum; investor types from INVESTORS join
2021,Mumbai,AI / conversational SaaS,Series F,growth,new_or_mixed,7450.0,1,True,FUNDING.amount_inr_mn sum; investor types from INVESTORS join
2021,Bengaluru,edtech live classes,Series E (unicorn),Impact Investing Fund,new_or_mixed,7450.0,1,True,FUNDING.amount_inr_mn sum; investor types from INVESTORS join
2021,Bengaluru,hr-tech/jobs,Series C,unknown,existing,7450.0,1,True,FUNDING.amount_inr_mn sum; investor types from INVESTORS join
2021,Thane,B2B construction materials,Series B,/VC/growth,new_or_mixed,7450.0,1,True,FUNDING.amount_inr_mn sum; investor types from INVESTORS join
2021,Noida,fintech,Series F,,new_or_mixed,7450.0,1,True,FUNDING.amount_inr_mn sum; investor types from INVESTORS join
2021,Delhi NCR,consumer electronics,Series B,unknown,new_or_mixed,7450.0,1,True,FUNDING.amount_inr_mn sum; investor types from INVESTORS join
2021,Gurugram,healthtech (elective surgery chain),Series E,Hedge Fund/VC/PE/VC,new_or_mixed,7450.0,1,True,FUNDING.amount_inr_mn sum; investor types from INVESTORS join
2021,Bengaluru,media (Josh/Dailyhunt),Series H,Sovereign/Govt/VC,new_or_mixed,7450.0,1,True,FUNDING.amount_inr_mn sum; investor types from INVESTORS join
2021,Gurugram,auto marketplace | used cars,Series G (debt),,new_or_mixed,7450.0,1,True,FUNDING.amount_inr_mn sum; investor types from INVESTORS join
2021,"Bengaluru, Karnataka",B2B ecommerce (food & grocery),Series C,unknown,new_or_mixed,6332.5,1,True,FUNDING.amount_inr_mn sum; investor types from INVESTORS join
2021,Bengaluru,fintech wealthtech,Series D,/VC/growth,new_or_mixed,6183.5,1,True,FUNDING.amount_inr_mn sum; investor types from INVESTORS join
2021,Pune,SaaS / contract lifecycle management,Series F,/VC/family office/PE,new_or_mixed,5960.0,1,True,FUNDING.amount_inr_mn sum; investor types from INVESTORS join
2021,Hyderabad,Beauty-Tech SaaS,Series D,/PE/Superannuation,new_or_mixed,5960.0,1,True,FUNDING.amount_inr_mn sum; investor types from INVESTORS join
2021,Hyderabad,Beauty-Tech SaaS,Series D - II,/PE/Superannuation,new_or_mixed,5960.0,1,True,FUNDING.amount_inr_mn sum; investor types from INVESTORS join
2021,Bengaluru,fintech lending,Series C (tranche 1),/VC/family office/PE,new_or_mixed,5587.5,1,True,FUNDING.amount_inr_mn sum; investor types from INVESTORS join
2021,Bengaluru,fitness/healthtech,Series E,/Corporate Venture,new_or_mixed,5587.5,1,True,FUNDING.amount_inr_mn sum; investor types from INVESTORS join
2021,Bengaluru,fintech lending,Series C (tranche 2),/PE,new_or_mixed,5215.0,1,True,FUNDING.amount_inr_mn sum; investor types from INVESTORS join
2021,Bengaluru,hr-tech/jobs,Series B,unknown,new_or_mixed,5215.0,1,True,FUNDING.amount_inr_mn sum; investor types from INVESTORS join
2021,Pune,agritech / crop inputs,Series D,/Asset Management/CVC-corporate/VC/Venture Capital,new_or_mixed,5215.0,1,True,FUNDING.amount_inr_mn sum; investor types from INVESTORS join
2021,"Bengaluru, Karnataka",B2B ecommerce (food & grocery),Series C,/VC/Venture Capital,new_or_mixed,5200.1,1,True,FUNDING.amount_inr_mn sum; investor types from INVESTORS join
2021,Bengaluru,fintech payments infrastructure,Series C,/VC,new_or_mixed,4470.0,1,True,FUNDING.amount_inr_mn sum; investor types from INVESTORS join
2021,Bengaluru,Home interiors marketplace,Series F (first tranche),/PE/VC,new_or_mixed,4306.1,1,True,FUNDING.amount_inr_mn sum; investor types from INVESTORS join
2021,Bengaluru,edtech study-abroad,Series C,VC,new_or_mixed,4097.5,1,True,FUNDING.amount_inr_mn sum; investor types from INVESTORS join
2021,Gurugram,healthtech (elective surgery chain),Series D,PE/VC,new_or_mixed,3948.5,1,True,FUNDING.amount_inr_mn sum; investor types from INVESTORS join
2021,"Bengaluru, Karnataka",Mobility / road transport tech (bike taxi-led multimodal),Series C,/VC,new_or_mixed,3874.0,1,True,FUNDING.amount_inr_mn sum; investor types from INVESTORS join
2021,Mumbai,gaming diversified,Post-IPO,/Sovereign/Govt,new_or_mixed,3149.8,1,True,FUNDING.amount_inr_mn sum; investor types from INVESTORS join
2021,Mumbai,foodtech cloud kitchen,Series D,growth,new_or_mixed,2980.0,1,True,FUNDING.amount_inr_mn sum; investor types from INVESTORS join
2021,Mumbai,wealthtech / financial services,angel/seed,,new_or_mixed,2980.0,1,True,FUNDING.amount_inr_mn sum; investor types from INVESTORS join
2021,Bengaluru,WealthTech,Series C,/Corporate/Financial Services/PE/VC/family office/PE,new_or_mixed,2980.0,1,True,FUNDING.amount_inr_mn sum; investor types from INVESTORS join
2021,Hyderabad,edge-ai chips,Series B,unknown,new_or_mixed,2607.5,1,True,FUNDING.amount_inr_mn sum; investor types from INVESTORS join
2021,Mumbai,aviation,seed,,new_or_mixed,2607.5,1,True,FUNDING.amount_inr_mn sum; investor types from INVESTORS join
2021,Bengaluru,gaming rmg,Series B,,new_or_mixed,2235.0,1,True,FUNDING.amount_inr_mn sum; investor types from INVESTORS join
2021,Mumbai,edtech robotics / consumer AI robots,Series B,/Financial Services/Venture Capital,new_or_mixed,2160.5,1,True,FUNDING.amount_inr_mn sum; investor types from INVESTORS join
2021,Mumbai,fintech/broking,Series C (extension tranche; part of ~$200M round context),unknown,new_or_mixed,1862.5,1,True,FUNDING.amount_inr_mn sum; investor types from INVESTORS join
2021,Bengaluru,crypto/fintech,Series B,growth,new_or_mixed,1862.5,1,True,FUNDING.amount_inr_mn sum; investor types from INVESTORS join
2021,Gurugram,logistics,Acquisition (Spoton),,new_or_mixed,1600.0,1,True,FUNDING.amount_inr_mn sum; investor types from INVESTORS join
2021,Bengaluru,agritech (dairy tech),Series C,/Corporate VC/VC,new_or_mixed,1341.0,1,True,FUNDING.amount_inr_mn sum; investor types from INVESTORS join
2021,Bengaluru,healthtech / wearables,Series A,/Angel Investor/Hedge Fund/VC,new_or_mixed,1303.8,1,True,FUNDING.amount_inr_mn sum; investor types from INVESTORS join
2021,Bengaluru,edtech study-abroad,Series B,VC,new_or_mixed,1266.5,1,True,FUNDING.amount_inr_mn sum; investor types from INVESTORS join
2021,Bengaluru,crypto/fintech,Series A,/VC,new_or_mixed,1117.5,1,True,FUNDING.amount_inr_mn sum; investor types from INVESTORS join
2021,San Francisco / Pleasanton,AI / meeting transcription,Series A,unknown,new_or_mixed,1043.0,1,True,FUNDING.amount_inr_mn sum; investor types from INVESTORS join
2021,Mumbai,gaming diversified,Series C (pre-IPO),/Hedge Fund,new_or_mixed,1020.3,1,True,FUNDING.amount_inr_mn sum; investor types from INVESTORS join
2021,Bengaluru,foodtech cloud kitchen,Series A,,new_or_mixed,968.5,1,True,FUNDING.amount_inr_mn sum; investor types from INVESTORS join
2021,Bengaluru,SaaS / CRM,Series B extension,/Other/PE/Sovereign/Govt,new_or_mixed,931.2,1,True,FUNDING.amount_inr_mn sum; investor types from INVESTORS join
2021,Bengaluru,hr-tech/jobs,Series A,unknown,new_or_mixed,931.2,1,True,FUNDING.amount_inr_mn sum; investor types from INVESTORS join
2021,Bengaluru,gaming rmg,Series A (second tranche),,new_or_mixed,745.0,1,True,FUNDING.amount_inr_mn sum; investor types from INVESTORS join
2021,Bengaluru,gaming rmg,Series A,,new_or_mixed,700.9,1,True,FUNDING.amount_inr_mn sum; investor types from INVESTORS join
2021,Bengaluru,spacetech,Seed,/VC,new_or_mixed,543.9,1,True,FUNDING.amount_inr_mn sum; investor types from INVESTORS join
2021,Mumbai,healthtech / femtech D2C wellness,pre-Series B,VC,new_or_mixed,529.0,1,True,FUNDING.amount_inr_mn sum; investor types from INVESTORS join
2021,Bengaluru,d2c / baby tech,Seed,,new_or_mixed,521.5,1,True,FUNDING.amount_inr_mn sum; investor types from INVESTORS join
2021,Bengaluru,F&B / coffee chain (QSR),Series A,unknown,new_or_mixed,447.0,1,True,FUNDING.amount_inr_mn sum; investor types from INVESTORS join
2021,Noida,fintech,Series D,/Hedge Fund/Sovereign/VC,new_or_mixed,409.8,1,True,FUNDING.amount_inr_mn sum; investor types from INVESTORS join
2021,Mumbai,healthtech pharmacy,Series A,/CVC-corporate,new_or_mixed,372.5,1,True,FUNDING.amount_inr_mn sum; investor types from INVESTORS join
2021,Bengaluru,WealthTech / Investment Tech,Pre-Series A,,new_or_mixed,372.5,1,True,FUNDING.amount_inr_mn sum; investor types from INVESTORS join
2021,"Bengaluru, Karnataka",B2B ecommerce (food & grocery),Venture Debt,Venture Debt,new_or_mixed,356.9,1,True,FUNDING.amount_inr_mn sum; investor types from INVESTORS join
2021,Gurugram,healthtech surgical care,Seed,/VC/Venture Capital,new_or_mixed,342.7,1,True,FUNDING.amount_inr_mn sum; investor types from INVESTORS join
2021,Delhi,climate energy efficiency,Series A,,new_or_mixed,305.4,1,True,FUNDING.amount_inr_mn sum; investor types from INVESTORS join
2021,Kolkata,ecommerce / home decor D2C,Series A,VC,new_or_mixed,298.0,1,True,FUNDING.amount_inr_mn sum; investor types from INVESTORS join
2021,Bengaluru,spacetech ssa,Seed,unknown,new_or_mixed,186.2,1,True,FUNDING.amount_inr_mn sum; investor types from INVESTORS join
2021,Bengaluru,gaming livestream / social entertainment / micro-drama,Seed,,new_or_mixed,156.4,1,True,FUNDING.amount_inr_mn sum; investor types from INVESTORS join
2021,Bengaluru,d2c / baby tech,Conventional Debt,unknown,new_or_mixed,137.4,1,True,FUNDING.amount_inr_mn sum; investor types from INVESTORS join
2021,Mumbai,mobility / used-car leasing,Pre-Series A,,new_or_mixed,55.0,1,True,FUNDING.amount_inr_mn sum; investor types from INVESTORS join
2021,Mumbai,D2C Beauty / Skincare,Seed,Venture Capital,new_or_mixed,54.4,1,True,FUNDING.amount_inr_mn sum; investor types from INVESTORS join
2021,Ahmedabad,d2c baby products,Series A,,new_or_mixed,40.0,1,True,FUNDING.amount_inr_mn sum; investor types from INVESTORS join
2021,Mumbai,mobility / used-car leasing,Bridge Round,,new_or_mixed,20.0,1,True,FUNDING.amount_inr_mn sum; investor types from INVESTORS join
2021,Mumbai,gaming (real-money skill gaming),Angel,,new_or_mixed,2.7,1,True,FUNDING.amount_inr_mn sum; investor types from INVESTORS join
2022,Bengaluru,media (Josh/Dailyhunt),Series J,,new_or_mixed,63192.5,1,True,FUNDING.amount_inr_mn sum; investor types from INVESTORS join
2022,Gurugram,logistics,IPO,unknown,new_or_mixed,52350.0,1,True,FUNDING.amount_inr_mn sum; investor types from INVESTORS join
2022,Delhi NCR,consumer electronics,Private placement,Other,new_or_mixed,39250.0,1,True,FUNDING.amount_inr_mn sum; investor types from INVESTORS join
2022,Bengaluru,media (Josh/Dailyhunt),Series I,/CVC-corporate/Sovereign/Govt/VC/corporate VC,new_or_mixed,35325.0,1,True,FUNDING.amount_inr_mn sum; investor types from INVESTORS join
2022,Mumbai,enterprise AI/analytics,Series D (TPG),PE,new_or_mixed,28260.0,1,True,FUNDING.amount_inr_mn sum; investor types from INVESTORS join
2022,Mumbai,edtech exec education,Debt financing,,new_or_mixed,27475.0,1,True,FUNDING.amount_inr_mn sum; investor types from INVESTORS join
2022,Bengaluru,social media,Series H,unknown,new_or_mixed,20017.5,1,True,FUNDING.amount_inr_mn sum; investor types from INVESTORS join
2022,Noida,B2B e-commerce / industrial supply chain,Series F,/Investment Firm/growth,new_or_mixed,19625.0,1,True,FUNDING.amount_inr_mn sum; investor types from INVESTORS join
2022,Chennai,saas/billing,Series H,/Hedge Fund/Software-focused VC/VC/growth,new_or_mixed,19625.0,1,True,FUNDING.amount_inr_mn sum; investor types from INVESTORS join
2022,Gurugram,B2B supply-chain commerce / fintech,Oxyzo Series A,/Investment Firm/VC/growth,new_or_mixed,15700.0,1,True,FUNDING.amount_inr_mn sum; investor types from INVESTORS join
2022,Bengaluru,Home interiors marketplace,Series F,unknown,new_or_mixed,14130.0,1,True,FUNDING.amount_inr_mn sum; investor types from INVESTORS join
2022,Bengaluru,Home interiors marketplace,Series F (second tranche),/VC,new_or_mixed,14130.0,1,True,FUNDING.amount_inr_mn sum; investor types from INVESTORS join
2022,"Bengaluru, Karnataka",Mobility / road transport tech (bike taxi-led multimodal),Series D,unknown,new_or_mixed,14130.0,1,True,FUNDING.amount_inr_mn sum; investor types from INVESTORS join
2022,Bengaluru,SaaS / CRM,Series C,/Other/PE/Sovereign/Govt,new_or_mixed,12010.5,1,True,FUNDING.amount_inr_mn sum; investor types from INVESTORS join
2022,Noida,fintech,Series F,unknown,new_or_mixed,11775.0,1,True,FUNDING.amount_inr_mn sum; investor types from INVESTORS join
2022,Bengaluru,agritech supply chain,Growth (Flipkart/Walmart-led $145M),CVC-corporate,new_or_mixed,11382.5,1,True,FUNDING.amount_inr_mn sum; investor types from INVESTORS join
2022,Bengaluru,fintech,Series F,/Investment Firm/Sovereign/Govt/VC/growth,new_or_mixed,10990.0,1,True,FUNDING.amount_inr_mn sum; investor types from INVESTORS join
2022,Mumbai,SaaS/customer engagement,CPEF (Conflict/Unverified),VC,new_or_mixed,9812.5,1,True,FUNDING.amount_inr_mn sum; investor types from INVESTORS join
2022,Pune,fintech lending,Series D,unknown,new_or_mixed,8635.0,1,True,FUNDING.amount_inr_mn sum; investor types from INVESTORS join
2022,Mumbai,SaaS/customer engagement,Series D,/growth,new_or_mixed,8242.5,1,True,FUNDING.amount_inr_mn sum; investor types from INVESTORS join
2022,Bengaluru,gaming rmg,Series B (total),,new_or_mixed,8007.0,1,True,FUNDING.amount_inr_mn sum; investor types from INVESTORS join
2022,Mumbai,quick commerce,Series B,VC,new_or_mixed,7850.0,1,True,FUNDING.amount_inr_mn sum; investor types from INVESTORS join
2022,Bengaluru,media-tech SaaS,Series F-II,growth equity,new_or_mixed,7850.0,1,True,FUNDING.amount_inr_mn sum; investor types from INVESTORS join
2022,Bengaluru,SaaS / API platform (GraphQL),Series C,VC,new_or_mixed,7850.0,1,True,FUNDING.amount_inr_mn sum; investor types from INVESTORS join
2022,Noida,EdTech,Series A,/VC,new_or_mixed,7850.0,1,True,FUNDING.amount_inr_mn sum; investor types from INVESTORS join
2022,Pune,logistics,Series F,/PE/VC,new_or_mixed,7850.0,1,True,FUNDING.amount_inr_mn sum; investor types from INVESTORS join
2022,Bengaluru,fintech / travel-fintech,Series C,/VC,new_or_mixed,7850.0,1,True,FUNDING.amount_inr_mn sum; investor types from INVESTORS join
2022,Bengaluru,Mobility / EV,Series B,Corporate,new_or_mixed,6530.0,1,True,FUNDING.amount_inr_mn sum; investor types from INVESTORS join
2022,Bengaluru,Mobility / EV,Series B,unknown,new_or_mixed,6437.0,1,True,FUNDING.amount_inr_mn sum; investor types from INVESTORS join
2022,Bengaluru,social media,Series H (add-on),/Investment/Sovereign/corporate VC,new_or_mixed,6123.0,1,True,FUNDING.amount_inr_mn sum; investor types from INVESTORS join
2022,Bengaluru,SaaS / customer engagement,Series E,/CVC-corporate/Hedge Fund/PE/VC,new_or_mixed,6044.5,1,True,FUNDING.amount_inr_mn sum; investor types from INVESTORS join
2022,Bengaluru,fintech / digital lending,Series E,/PE/growth,new_or_mixed,5887.5,1,True,FUNDING.amount_inr_mn sum; investor types from INVESTORS join
2022,Mumbai,gaming (real-money skill gaming),Venture round (unicorn),/Other/growth,existing,5887.5,1,True,FUNDING.amount_inr_mn sum; investor types from INVESTORS join
2022,Mumbai,gaming (real-money skill gaming),Series C (unicorn),/Hedge Fund/VC,new_or_mixed,5887.5,1,True,FUNDING.amount_inr_mn sum; investor types from INVESTORS join
2022,Bengaluru,edtech study-abroad,Series D,/Hedge Fund/VC,new_or_mixed,5887.5,1,True,FUNDING.amount_inr_mn sum; investor types from INVESTORS join
2022,Hyderabad,HR-tech SaaS,Series D,,new_or_mixed,5652.0,1,True,FUNDING.amount_inr_mn sum; investor types from INVESTORS join
2022,Bengaluru,gaming rmg,Series B (extension),,new_or_mixed,5652.0,1,True,FUNDING.amount_inr_mn sum; investor types from INVESTORS join
2022,Gurugram,logistics,IPO,,new_or_mixed,5235.0,1,True,FUNDING.amount_inr_mn sum; investor types from INVESTORS join
2022,Bengaluru,AI / computer vision / fleet safety telematics,Debt/mezzanine,,new_or_mixed,5102.5,1,True,FUNDING.amount_inr_mn sum; investor types from INVESTORS join
2022,Bengaluru,foodtech cloud kitchen,Series B,/VC/Venture Capital/Venture Debt,new_or_mixed,4867.0,1,True,FUNDING.amount_inr_mn sum; investor types from INVESTORS join
2022,Mumbai,quick commerce,Series A,Accelerator/Micro-VC/VC,new_or_mixed,4710.0,1,True,FUNDING.amount_inr_mn sum; investor types from INVESTORS join
2022,Delhi,ev commercial,Series C,/Sovereign/Govt/VC,new_or_mixed,4710.0,1,True,FUNDING.amount_inr_mn sum; investor types from INVESTORS join
2022,Noida,agritech / post-harvest,Series C,,new_or_mixed,4710.0,1,True,FUNDING.amount_inr_mn sum; investor types from INVESTORS join
2022,Hyderabad,spacetech launch,Series B,unknown,new_or_mixed,4003.5,1,True,FUNDING.amount_inr_mn sum; investor types from INVESTORS join
2022,Noida,fintech,Series F,/Sovereign/VC,new_or_mixed,3925.0,1,True,FUNDING.amount_inr_mn sum; investor types from INVESTORS join
2022,Bengaluru,foodtech cloud kitchen,Series C,/VC/Venture Capital/Venture Debt,new_or_mixed,3925.0,1,True,FUNDING.amount_inr_mn sum; investor types from INVESTORS join
2022,Mumbai,d2c beauty,Series D,PE,new_or_mixed,3925.0,1,True,FUNDING.amount_inr_mn sum; investor types from INVESTORS join
2022,Mumbai,gaming (real-money skill gaming),UNKNOWN,unknown,new_or_mixed,3768.0,1,True,FUNDING.amount_inr_mn sum; investor types from INVESTORS join
2022,Bengaluru,ai ecommerce growth,Series A,,new_or_mixed,3140.0,1,True,FUNDING.amount_inr_mn sum; investor types from INVESTORS join
2022,Pune,agritech / crop inputs,Series E,/Asset Management/CVC-corporate/Sovereign/Govt/VC/Venture Capital,new_or_mixed,3140.0,1,True,FUNDING.amount_inr_mn sum; investor types from INVESTORS join
2022,Bengaluru,WealthTech / Investment Tech,Series A,/VC,new_or_mixed,2512.0,1,True,FUNDING.amount_inr_mn sum; investor types from INVESTORS join
2022,Bengaluru,proptech / flex workspace (managed offices),Series B,/Angel Investor/VC,new_or_mixed,2355.1,1,True,FUNDING.amount_inr_mn sum; investor types from INVESTORS join
2022,Bengaluru,fintech/card infra,Series C,CVC-corporate,new_or_mixed,2355.0,1,True,FUNDING.amount_inr_mn sum; investor types from INVESTORS join
2022,Mumbai,foodtech cloud kitchen,Secondary,unknown,new_or_mixed,2355.0,1,True,FUNDING.amount_inr_mn sum; investor types from INVESTORS join
2022,Bengaluru,fintech / travel-fintech,Series C,PE,new_or_mixed,2355.0,1,True,FUNDING.amount_inr_mn sum; investor types from INVESTORS join
2022,Bengaluru,media (Josh/Dailyhunt),Series I (CPPIB tranche),,new_or_mixed,2198.0,1,True,FUNDING.amount_inr_mn sum; investor types from INVESTORS join
2022,Bengaluru,spacetech,Series A,/VC,new_or_mixed,1962.5,1,True,FUNDING.amount_inr_mn sum; investor types from INVESTORS join
2022,Gurugram,edtech / school SaaS / AI learning,Series A / debt mix,VC,new_or_mixed,1766.2,1,True,FUNDING.amount_inr_mn sum; investor types from INVESTORS join
2022,Mumbai,fintech/broking,Series A,VC,new_or_mixed,1727.0,1,True,FUNDING.amount_inr_mn sum; investor types from INVESTORS join
2022,Mumbai,healthtech pharmacy,Series B,unknown,new_or_mixed,1727.0,1,True,FUNDING.amount_inr_mn sum; investor types from INVESTORS join
2022,Mumbai,fintech/bnpl,debt+equity (unlettered),unknown,new_or_mixed,1648.5,1,True,FUNDING.amount_inr_mn sum; investor types from INVESTORS join
2022,Bengaluru,F&B / coffee chain (QSR),Series B,VC,new_or_mixed,1648.5,1,True,FUNDING.amount_inr_mn sum; investor types from INVESTORS join
2022,Noida,fintech,Corporate,,new_or_mixed,1570.0,1,True,FUNDING.amount_inr_mn sum; investor types from INVESTORS join
2022,Chennai,SaaS (PSA / onboarding),Series A,unknown,existing,1413.0,1,True,FUNDING.amount_inr_mn sum; investor types from INVESTORS join
2022,Bengaluru,fintech wealthtech,Series A,CVC-corporate/VC,new_or_mixed,1334.5,1,True,FUNDING.amount_inr_mn sum; investor types from INVESTORS join
2022,Bengaluru,gaming livestream / social entertainment / micro-drama,Series A,/Venture Capital,new_or_mixed,1020.5,1,True,FUNDING.amount_inr_mn sum; investor types from INVESTORS join
2022,Bengaluru,Mobility / EV,Debt,unknown,new_or_mixed,942.0,1,True,FUNDING.amount_inr_mn sum; investor types from INVESTORS join
2022,Mumbai,D2C luxury fashion / fashion-tech,Pre-Series D,,new_or_mixed,785.0,1,True,FUNDING.amount_inr_mn sum; investor types from INVESTORS join
2022,Bengaluru,gaming studio,Series A,,new_or_mixed,785.0,1,True,FUNDING.amount_inr_mn sum; investor types from INVESTORS join
2022,Bengaluru,agritech supply chain,Growth (STIC Investments),,new_or_mixed,722.2,1,True,FUNDING.amount_inr_mn sum; investor types from INVESTORS join
2022,Bengaluru,fintech / credit cards,Seed,/VC,new_or_mixed,694.5,1,True,FUNDING.amount_inr_mn sum; investor types from INVESTORS join
2022,Bengaluru,defence imaging / electro-optics,Venture Debt,,new_or_mixed,628.0,1,True,FUNDING.amount_inr_mn sum; investor types from INVESTORS join
2022,Bengaluru,ai ecommerce growth,Seed,unknown,new_or_mixed,560.5,1,True,FUNDING.amount_inr_mn sum; investor types from INVESTORS join
2022,Bengaluru,fintech cross-border payments,Seed,/VC,new_or_mixed,408.2,1,True,FUNDING.amount_inr_mn sum; investor types from INVESTORS join
2022,Bengaluru,spacetech analytics,Pre-Series A,/Other,new_or_mixed,392.5,1,True,FUNDING.amount_inr_mn sum; investor types from INVESTORS join
2022,Bengaluru,d2c travel goods,Series A,/Venture Debt,new_or_mixed,389.4,1,True,FUNDING.amount_inr_mn sum; investor types from INVESTORS join
2022,Hyderabad,spacetech launch,Series B (early tranche; Sherpalo participated),unknown,new_or_mixed,353.2,1,True,FUNDING.amount_inr_mn sum; investor types from INVESTORS join
2022,Bengaluru,robotics vision,Pre-Series A,/PE/VC/VC/Venture Capital,new_or_mixed,353.2,1,True,FUNDING.amount_inr_mn sum; investor types from INVESTORS join
2022,Mumbai,D2C Beauty / Skincare,Seed,VC/Venture Capital,new_or_mixed,314.0,1,True,FUNDING.amount_inr_mn sum; investor types from INVESTORS join
2022,Mumbai,healthtech,Seed,/Accelerator/VC,new_or_mixed,157.0,1,True,FUNDING.amount_inr_mn sum; investor types from INVESTORS join
2022,Mumbai,mobility / used-car leasing,Equity,,new_or_mixed,157.0,1,True,FUNDING.amount_inr_mn sum; investor types from INVESTORS join
2022,Bengaluru,insurtech / B2B commercial insurance,Seed,,new_or_mixed,157.0,1,True,FUNDING.amount_inr_mn sum; investor types from INVESTORS join
2022,Mumbai,ev two-wheeler,Series A,,new_or_mixed,52.0,1,True,FUNDING.amount_inr_mn sum; investor types from INVESTORS join
2022,Hyderabad,proptech / property title search,pre-seed,unknown,new_or_mixed,19.5,1,True,FUNDING.amount_inr_mn sum; investor types from INVESTORS join
2023,Kolkata,fintech/microfinance,PE Share Sale (CCPS),,new_or_mixed,60444.0,1,True,FUNDING.amount_inr_mn sum; investor types from INVESTORS join
2023,Bengaluru,ecommerce,primary,CVC-corporate,new_or_mixed,49680.0,1,True,FUNDING.amount_inr_mn sum; investor types from INVESTORS join
2023,Mumbai,aviation,planned,unknown,new_or_mixed,33120.0,1,True,FUNDING.amount_inr_mn sum; investor types from INVESTORS join
2023,Bengaluru,fintech payments,growth/secondary,/CVC-corporate/growth/growth equity,new_or_mixed,28980.0,1,True,FUNDING.amount_inr_mn sum; investor types from INVESTORS join
2023,Bengaluru,fintech lending,Series D extension,Sovereign/Govt,new_or_mixed,16560.0,1,True,FUNDING.amount_inr_mn sum; investor types from INVESTORS join
2023,Bengaluru,fintech lending,Series D,/PE/Sovereign/Govt/VC/family office/PE,new_or_mixed,16560.0,1,True,FUNDING.amount_inr_mn sum; investor types from INVESTORS join
2023,Mumbai,quick commerce,Series C,/VC,new_or_mixed,16560.0,1,True,FUNDING.amount_inr_mn sum; investor types from INVESTORS join
2023,Gurugram,insurtech,Series A,/VC,new_or_mixed,12420.0,1,True,FUNDING.amount_inr_mn sum; investor types from INVESTORS join
2023,Bengaluru,fintech payments,growth/secondary mix,/CVC-corporate/growth/growth equity,new_or_mixed,8280.0,1,True,FUNDING.amount_inr_mn sum; investor types from INVESTORS join
2023,Pune,logistics,Series G,/PE/VC,new_or_mixed,6624.0,1,True,FUNDING.amount_inr_mn sum; investor types from INVESTORS join
2023,Mumbai,wealthtech / financial services,Series A,VC,new_or_mixed,5898.0,2,True,FUNDING.amount_inr_mn sum; investor types from INVESTORS join
2023,Bengaluru,D2C pet food / consumer goods,Private Equity minority,unknown,new_or_mixed,4968.0,1,True,FUNDING.amount_inr_mn sum; investor types from INVESTORS join
2023,Gurugram,insurtech,Series B,/VC,new_or_mixed,4968.0,1,True,FUNDING.amount_inr_mn sum; investor types from INVESTORS join
2023,Bengaluru,social media,Venture Debt / Convertible,/CVC-corporate/Sovereign,new_or_mixed,4140.0,1,True,FUNDING.amount_inr_mn sum; investor types from INVESTORS join
2023,Bengaluru,spacetech,Series B,/VC/corporate VC,new_or_mixed,2980.8,1,True,FUNDING.amount_inr_mn sum; investor types from INVESTORS join
2023,Bengaluru,F&B / coffee chain (QSR),Series C,/PE/VC,new_or_mixed,2898.0,1,True,FUNDING.amount_inr_mn sum; investor types from INVESTORS join
2023,Bengaluru,AI / LLMs / sovereign models,Series A ($41M total incl. seed),VC/Venture Capital,new_or_mixed,2401.2,1,True,FUNDING.amount_inr_mn sum; investor types from INVESTORS join
2023,Hyderabad,spacetech launch,pre-Series C (first),unknown,new_or_mixed,2277.0,1,True,FUNDING.amount_inr_mn sum; investor types from INVESTORS join
2023,Gurugram,EV fleet / logistics tech,Series B ($20M equity + $5M debt),/Accelerator/VC,new_or_mixed,2070.0,1,True,FUNDING.amount_inr_mn sum; investor types from INVESTORS join
2023,Bengaluru,D2C jewellery,Series B,/VC/Venture Debt/family office/PE,new_or_mixed,2000.0,1,True,FUNDING.amount_inr_mn sum; investor types from INVESTORS join
2023,Bengaluru,AI / AI cloud infrastructure,Debt,VC,new_or_mixed,1987.2,1,True,FUNDING.amount_inr_mn sum; investor types from INVESTORS join
2023,Bengaluru,gaming livestream / social entertainment / micro-drama,Pre-Series B,,new_or_mixed,1821.6,1,True,FUNDING.amount_inr_mn sum; investor types from INVESTORS join
2023,Bengaluru,gaming/web3 distribution protocol,Seed,/VC,new_or_mixed,1656.0,1,True,FUNDING.amount_inr_mn sum; investor types from INVESTORS join
2023,Bengaluru,edtech SaaS,series-a,/VC,new_or_mixed,1407.6,1,True,FUNDING.amount_inr_mn sum; investor types from INVESTORS join
2023,Bengaluru,EV two-wheeler,Series A,unknown,existing,1242.0,1,True,FUNDING.amount_inr_mn sum; investor types from INVESTORS join
2023,Bengaluru,spacetech analytics,Series A,,new_or_mixed,1242.0,1,True,FUNDING.amount_inr_mn sum; investor types from INVESTORS join
2023,Hyderabad,fintech/spend management,Post-IPO,unknown,new_or_mixed,1134.4,1,True,FUNDING.amount_inr_mn sum; investor types from INVESTORS join
2023,Bengaluru,D2C fashion,Series A (Rs 110 Cr),/Venture Capital,new_or_mixed,1084.7,1,True,FUNDING.amount_inr_mn sum; investor types from INVESTORS join
2023,Bengaluru,D2C fashion,Series A,/Venture Capital,new_or_mixed,1084.7,1,True,FUNDING.amount_inr_mn sum; investor types from INVESTORS join
2023,Mumbai,gaming diversified,Post-IPO,,new_or_mixed,1000.9,1,True,FUNDING.amount_inr_mn sum; investor types from INVESTORS join
2023,Bengaluru,AI / LLMs / sovereign models,Seed (disclosed within $41M announcement),VC,new_or_mixed,993.6,1,True,FUNDING.amount_inr_mn sum; investor types from INVESTORS join
2023,Bengaluru,Robotics / industrial automation (AMR),Series A,unknown,new_or_mixed,902.5,1,True,FUNDING.amount_inr_mn sum; investor types from INVESTORS join
2023,Bengaluru,fintech / credit cards,Series A,/VC,new_or_mixed,859.0,1,True,FUNDING.amount_inr_mn sum; investor types from INVESTORS join
2023,Bengaluru,spacetech ssa,Series A1,VC/Venture Capital,new_or_mixed,828.0,1,True,FUNDING.amount_inr_mn sum; investor types from INVESTORS join
2023,"Bengaluru, Karnataka",B2B ecommerce (food & grocery),Venture Debt,/Venture Debt,new_or_mixed,756.0,1,True,FUNDING.amount_inr_mn sum; investor types from INVESTORS join
2023,Bengaluru,defence imaging / electro-optics,Series C,,new_or_mixed,750.0,1,True,FUNDING.amount_inr_mn sum; investor types from INVESTORS join
2023,Bengaluru,healthtech diagnostics,venture,/Accelerator/Micro-VC,new_or_mixed,745.2,1,True,FUNDING.amount_inr_mn sum; investor types from INVESTORS join
2023,Mumbai,D2C luxury fashion / fashion-tech,Series D,,new_or_mixed,662.4,1,True,FUNDING.amount_inr_mn sum; investor types from INVESTORS join
2023,Delhi NCR,ev mobility,Series A,,new_or_mixed,662.4,1,True,FUNDING.amount_inr_mn sum; investor types from INVESTORS join
2023,Gurugram,d2c beauty,Series A,/CVC-corporate/VC,new_or_mixed,579.6,1,True,FUNDING.amount_inr_mn sum; investor types from INVESTORS join
2023,Bengaluru,Robotics / industrial automation (AMR),Undisclosed,unknown,new_or_mixed,571.3,1,True,FUNDING.amount_inr_mn sum; investor types from INVESTORS join
2023,Bengaluru,healthtech diagnostics,venture,Venture Capital,new_or_mixed,496.8,1,True,FUNDING.amount_inr_mn sum; investor types from INVESTORS join
2023,Bengaluru,proptech,Series E extension,unknown,new_or_mixed,414.0,1,True,FUNDING.amount_inr_mn sum; investor types from INVESTORS join
2023,Bengaluru,gaming/web3 distribution protocol,Seed,/PE/VC,new_or_mixed,406.5,1,True,FUNDING.amount_inr_mn sum; investor types from INVESTORS join
2023,Bengaluru,d2c travel goods,Series A-2,/Venture Debt,new_or_mixed,310.4,1,True,FUNDING.amount_inr_mn sum; investor types from INVESTORS join
2023,Bengaluru,foodtech cloud kitchen,Series C (continued),/Venture Capital,new_or_mixed,300.0,1,True,FUNDING.amount_inr_mn sum; investor types from INVESTORS join
2023,Bengaluru,edtech short-form,Seed,VC,new_or_mixed,248.4,1,True,FUNDING.amount_inr_mn sum; investor types from INVESTORS join
2023,Mumbai,fintech / B2B pharma,seed,/VC,new_or_mixed,248.4,1,True,FUNDING.amount_inr_mn sum; investor types from INVESTORS join
2023,Bengaluru,travel villas,Seed,VC,new_or_mixed,207.0,1,True,FUNDING.amount_inr_mn sum; investor types from INVESTORS join
2023,Chennai,semiconductors,Seed,VC,new_or_mixed,192.5,1,True,FUNDING.amount_inr_mn sum; investor types from INVESTORS join
2023,Gurugram,proptech,Private,,new_or_mixed,112.0,1,True,FUNDING.amount_inr_mn sum; investor types from INVESTORS join
2023,"Bengaluru, Karnataka",B2B ecommerce (food & grocery),Series C,/Venture Debt,new_or_mixed,38.0,1,True,FUNDING.amount_inr_mn sum; investor types from INVESTORS join
2024,Bengaluru,ecommerce,primary,/CVC-corporate/corporate VC,new_or_mixed,79515.0,1,True,FUNDING.amount_inr_mn sum; investor types from INVESTORS join
2024,Mumbai,quick commerce,Series D,/VC,new_or_mixed,55660.5,1,True,FUNDING.amount_inr_mn sum; investor types from INVESTORS join
2024,Gurugram,fintech,IPO,unknown,new_or_mixed,47876.4,1,True,FUNDING.amount_inr_mn sum; investor types from INVESTORS join
2024,Mumbai,quick commerce,Series F,,new_or_mixed,29295.0,1,True,FUNDING.amount_inr_mn sum; investor types from INVESTORS join
2024,Mumbai,quick commerce,Series E,Unknown,new_or_mixed,28458.0,1,True,FUNDING.amount_inr_mn sum; investor types from INVESTORS join
2024,Mumbai,healthtech/pharmacy,"Growth (rights issue, down round)",unknown,new_or_mixed,18079.2,1,True,FUNDING.amount_inr_mn sum; investor types from INVESTORS join
2024,Mumbai,foodtech/cloud kitchen,Series G,/Sovereign,new_or_mixed,17577.0,1,True,FUNDING.amount_inr_mn sum; investor types from INVESTORS join
2024,Noida,EdTech,Series B,/Hedge Fund/VC,new_or_mixed,17577.0,1,True,FUNDING.amount_inr_mn sum; investor types from INVESTORS join
2024,Bengaluru,b2b manufacturing,Venture round,/Venture Capital,new_or_mixed,15903.0,2,True,FUNDING.amount_inr_mn sum; investor types from INVESTORS join
2024,Mumbai,edtech exec education,Series F,/PE/VC,new_or_mixed,12555.0,1,True,FUNDING.amount_inr_mn sum; investor types from INVESTORS join
2024,"Bengaluru, Karnataka",Mobility / road transport tech (bike taxi-led multimodal),Series E,unknown,new_or_mixed,10044.0,1,True,FUNDING.amount_inr_mn sum; investor types from INVESTORS join
2024,New Delhi,SaaS / data collaboration & governance,Series C,unknown,new_or_mixed,8788.5,1,True,FUNDING.amount_inr_mn sum; investor types from INVESTORS join
2024,Bengaluru,adtech,Debt,,new_or_mixed,8370.0,1,True,FUNDING.amount_inr_mn sum; investor types from INVESTORS join
2024,Bengaluru,Logistics,Series E,/CVC-corporate/PE/Sovereign/Govt/VC,new_or_mixed,8370.0,1,True,FUNDING.amount_inr_mn sum; investor types from INVESTORS join
2024,Mumbai,wealthtech / financial services,Series B,/Sovereign/Govt/VC,new_or_mixed,7984.1,2,True,FUNDING.amount_inr_mn sum; investor types from INVESTORS join
2024,Mumbai,healthtech / AI diagnostics,Series D,/PE/VC/Venture Capital,new_or_mixed,5440.5,1,True,FUNDING.amount_inr_mn sum; investor types from INVESTORS join
2024,Delhi,ev commercial,Series C,unknown,new_or_mixed,5250.0,1,True,FUNDING.amount_inr_mn sum; investor types from INVESTORS join
2024,Mumbai,Edtech / skilling,Equity,Sovereign,new_or_mixed,5022.0,1,True,FUNDING.amount_inr_mn sum; investor types from INVESTORS join
2024,Bengaluru,AI / AI cloud infrastructure,Series B (first equity round),Other/VC,new_or_mixed,4185.0,1,True,FUNDING.amount_inr_mn sum; investor types from INVESTORS join
2024,Thane,B2B construction materials,debt,,new_or_mixed,4185.0,1,True,FUNDING.amount_inr_mn sum; investor types from INVESTORS join
2024,Bengaluru,social media,debt/convertible,unknown,new_or_mixed,4101.3,1,True,FUNDING.amount_inr_mn sum; investor types from INVESTORS join
2024,Bengaluru,social media,Convertible Note,/CVC-corporate/Other/Sovereign/VC/corporate VC,new_or_mixed,4101.3,1,True,FUNDING.amount_inr_mn sum; investor types from INVESTORS join
2024,Noida,agritech / post-harvest,Conventional Debt,,new_or_mixed,4101.3,2,True,FUNDING.amount_inr_mn sum; investor types from INVESTORS join
2024,Bengaluru,EV two-wheeler,Series B,unknown,existing,3348.0,1,True,FUNDING.amount_inr_mn sum; investor types from INVESTORS join
2024,Bengaluru,foodtech cloud kitchen,Series D,/Venture Capital,new_or_mixed,3348.0,1,True,FUNDING.amount_inr_mn sum; investor types from INVESTORS join
2024,Bengaluru,Mobility / EV,Post-Series B (equity),unknown,new_or_mixed,3211.2,2,True,FUNDING.amount_inr_mn sum; investor types from INVESTORS join
2024,Bengaluru,healthtech / wearables,Series B,Angel Investor/Hedge Fund/Investment Firm/VC,new_or_mixed,2929.5,1,True,FUNDING.amount_inr_mn sum; investor types from INVESTORS join
2024,Bengaluru,D2C jewellery,Series B extended,/PE/family office/PE,new_or_mixed,2550.0,1,True,FUNDING.amount_inr_mn sum; investor types from INVESTORS join
2024,Mumbai,AI cloud infrastructure,Series A,CVC-corporate/VC,new_or_mixed,2511.0,1,True,FUNDING.amount_inr_mn sum; investor types from INVESTORS join
2024,Gurugram,auto marketplace | used cars,Corporate Round,,new_or_mixed,2499.3,1,True,FUNDING.amount_inr_mn sum; investor types from INVESTORS join
2024,Bengaluru,agritech (dairy tech),Series C,/VC,new_or_mixed,2176.2,1,True,FUNDING.amount_inr_mn sum; investor types from INVESTORS join
2024,Pune,fintech/credit cards,Series D tranche,/VC,new_or_mixed,2134.3,1,True,FUNDING.amount_inr_mn sum; investor types from INVESTORS join
2024,Bengaluru,spacetech,Series B extension,Financial Services/VC,new_or_mixed,2008.8,1,True,FUNDING.amount_inr_mn sum; investor types from INVESTORS join
2024,Chennai,SaaS (PSA / onboarding),Series B,unknown,existing,2008.8,1,True,FUNDING.amount_inr_mn sum; investor types from INVESTORS join
2024,Gurugram,proptech coworking,Series B-II,,new_or_mixed,1680.0,1,True,FUNDING.amount_inr_mn sum; investor types from INVESTORS join
2024,Mumbai,AI cloud infrastructure,Seed,CVC-corporate/VC,new_or_mixed,1674.0,1,True,FUNDING.amount_inr_mn sum; investor types from INVESTORS join
2024,"Bengaluru, Karnataka",B2B ecommerce (food & grocery),Series C3,/VC,new_or_mixed,1523.3,1,True,FUNDING.amount_inr_mn sum; investor types from INVESTORS join
2024,Bengaluru,fintech,Convertible Debt,,new_or_mixed,1507.6,1,True,FUNDING.amount_inr_mn sum; investor types from INVESTORS join
2024,Mumbai,fintech/bnpl,debt+equity (unlettered),Debt/VC-Debt,new_or_mixed,1506.6,1,True,FUNDING.amount_inr_mn sum; investor types from INVESTORS join
2024,Mumbai,D2C Beauty / Skincare,Series B,PE/Growth/VC/Venture Capital,new_or_mixed,1502.4,1,True,FUNDING.amount_inr_mn sum; investor types from INVESTORS join
2024,Mumbai,regtech/id verification,Series F (earlier),,new_or_mixed,1422.9,1,True,FUNDING.amount_inr_mn sum; investor types from INVESTORS join
2024,Bengaluru,edtech SaaS,later-stage vc,/VC,new_or_mixed,1381.0,1,True,FUNDING.amount_inr_mn sum; investor types from INVESTORS join
2024,Bengaluru,social media,Conventional Debt,,new_or_mixed,1339.2,1,True,FUNDING.amount_inr_mn sum; investor types from INVESTORS join
2024,Mumbai,edtech robotics / consumer AI robots,Series D,/Venture Capital,new_or_mixed,1322.5,1,True,FUNDING.amount_inr_mn sum; investor types from INVESTORS join
2024,Gurugram,EV fleet / logistics tech,Series C (C1 equity close; $50M round: $40M eq + $10M debt),/Accelerator/VC,new_or_mixed,1255.5,1,True,FUNDING.amount_inr_mn sum; investor types from INVESTORS join
2024,Mumbai,D2C Beauty / Skincare,Series A,VC/Venture Capital,new_or_mixed,1209.5,1,True,FUNDING.amount_inr_mn sum; investor types from INVESTORS join
2024,Bengaluru,d2c travel goods,Series B,VC,new_or_mixed,1004.4,1,True,FUNDING.amount_inr_mn sum; investor types from INVESTORS join
2024,Bengaluru,D2C jewellery,Series B extended,Family Office,new_or_mixed,1000.0,1,True,FUNDING.amount_inr_mn sum; investor types from INVESTORS join
2024,Mumbai,fintech lending green,Series B,,new_or_mixed,900.0,1,True,FUNDING.amount_inr_mn sum; investor types from INVESTORS join
2024,Bengaluru,gaming/web3 distribution protocol,Ecosystem,,new_or_mixed,837.0,1,True,FUNDING.amount_inr_mn sum; investor types from INVESTORS join
2024,Bengaluru,robotics vision,Series A,/VC,new_or_mixed,837.0,1,True,FUNDING.amount_inr_mn sum; investor types from INVESTORS join
2024,Bengaluru,adtech,Series A,,new_or_mixed,830.0,1,True,FUNDING.amount_inr_mn sum; investor types from INVESTORS join
2024,Bengaluru,fintech lending,Series D extension,/PE/Sovereign/Govt/VC/family office/PE,new_or_mixed,786.8,1,True,FUNDING.amount_inr_mn sum; investor types from INVESTORS join
2024,Bengaluru,fintech / digital banking,Insider equity (partly paid shares),,new_or_mixed,714.0,1,True,FUNDING.amount_inr_mn sum; investor types from INVESTORS join
2024,Kolkata,ecommerce / home decor D2C,venture (unspecified),unknown,new_or_mixed,698.9,1,True,FUNDING.amount_inr_mn sum; investor types from INVESTORS join
2024,Bengaluru,edtech short-form,Series A,VC,new_or_mixed,669.6,1,True,FUNDING.amount_inr_mn sum; investor types from INVESTORS join
2024,Delhi,climate energy efficiency,Debt,,new_or_mixed,669.6,1,True,FUNDING.amount_inr_mn sum; investor types from INVESTORS join
2024,Chennai,semiconductors,Series A,unknown,new_or_mixed,669.6,1,True,FUNDING.amount_inr_mn sum; investor types from INVESTORS join
2024,Bengaluru,cybersecurity / quantum,Grant (prize money),,new_or_mixed,664.8,1,True,FUNDING.amount_inr_mn sum; investor types from INVESTORS join
2024,Kolkata,ecommerce / home decor D2C,Angel,/VC,new_or_mixed,659.6,1,True,FUNDING.amount_inr_mn sum; investor types from INVESTORS join
2024,Kolkata,ecommerce / home decor D2C,Series A,/VC,new_or_mixed,629.4,1,True,FUNDING.amount_inr_mn sum; investor types from INVESTORS join
2024,Bengaluru,AI dev-tools / vibe-coding,Seed,/Accelerator/Micro-VC,new_or_mixed,585.9,1,True,FUNDING.amount_inr_mn sum; investor types from INVESTORS join
2024,Delhi,ev commercial,Series C,/VC,new_or_mixed,525.0,1,True,FUNDING.amount_inr_mn sum; investor types from INVESTORS join
2024,Bengaluru,media (Josh/Dailyhunt),Venture Debt,Venture Debt,new_or_mixed,502.2,1,True,FUNDING.amount_inr_mn sum; investor types from INVESTORS join
2024,Bengaluru,spacetech launch,Seed,,new_or_mixed,418.5,1,True,FUNDING.amount_inr_mn sum; investor types from INVESTORS join
2024,Bengaluru,fintech cross-border payments,Seed VC - II (Pre-Series A),VC,new_or_mixed,418.5,1,True,FUNDING.amount_inr_mn sum; investor types from INVESTORS join
2024,Bengaluru,fintech cross-border payments,Pre-Series A,VC,new_or_mixed,418.5,1,True,FUNDING.amount_inr_mn sum; investor types from INVESTORS join
2024,Bengaluru,travel villas,Seed/Series A,VC,new_or_mixed,418.5,1,True,FUNDING.amount_inr_mn sum; investor types from INVESTORS join
2024,Bengaluru,travel villas,Series A,/VC,new_or_mixed,418.5,1,True,FUNDING.amount_inr_mn sum; investor types from INVESTORS join
2024,Mumbai MMR,healthtech / insurtech engagement,Undisclosed,unknown,new_or_mixed,418.5,1,True,FUNDING.amount_inr_mn sum; investor types from INVESTORS join
2024,Bengaluru,fintech / digital lending,Series E-II,VC,new_or_mixed,389.2,1,True,FUNDING.amount_inr_mn sum; investor types from INVESTORS join
2024,Bengaluru,semiconductor power,Seed,,new_or_mixed,334.8,1,True,FUNDING.amount_inr_mn sum; investor types from INVESTORS join
2024,Mumbai,healthtech,Series A,,new_or_mixed,320.0,1,True,FUNDING.amount_inr_mn sum; investor types from INVESTORS join
2024,Mumbai,wealthtech,Series B,VC/family office/PE,new_or_mixed,265.0,1,True,FUNDING.amount_inr_mn sum; investor types from INVESTORS join
2024,Bengaluru,gaming/web3 distribution protocol,Seed,,new_or_mixed,215.9,2,True,FUNDING.amount_inr_mn sum; investor types from INVESTORS join
2024,Bengaluru,travel villas,Seed,,new_or_mixed,209.2,1,True,FUNDING.amount_inr_mn sum; investor types from INVESTORS join
2024,Delhi,ev commercial,Series C (additional),unknown,new_or_mixed,200.0,1,True,FUNDING.amount_inr_mn sum; investor types from INVESTORS join
2024,Bengaluru,analytics / decision sciences / AI,Unattributed,unknown,new_or_mixed,168.2,1,True,FUNDING.amount_inr_mn sum; investor types from INVESTORS join
2024,Bengaluru,spacetech ssa,Series A1 (extension),,new_or_mixed,167.4,1,True,FUNDING.amount_inr_mn sum; investor types from INVESTORS join
2024,Bengaluru,Foodtech / 10-min food delivery,Seed,/VC,new_or_mixed,167.4,1,True,FUNDING.amount_inr_mn sum; investor types from INVESTORS join
2024,San Francisco,ai marketing saas,Seed,Accelerator/Micro-VC/VC,new_or_mixed,142.3,1,True,FUNDING.amount_inr_mn sum; investor types from INVESTORS join
2024,Bengaluru,ev battery fast-charge,Seed,,new_or_mixed,100.4,1,True,FUNDING.amount_inr_mn sum; investor types from INVESTORS join
2024,Gurugram,hospitality/travel-tech,Secondary,,new_or_mixed,100.0,1,True,FUNDING.amount_inr_mn sum; investor types from INVESTORS join
2024,Bengaluru,Semiconductor / AI chip,Pre-Series A,VC,new_or_mixed,100.0,1,True,FUNDING.amount_inr_mn sum; investor types from INVESTORS join
2024,Gurugram,travel AI,pre-seed,unknown,new_or_mixed,64.5,1,True,FUNDING.amount_inr_mn sum; investor types from INVESTORS join
2024,Mumbai,D2C footwear,Series A,/VC,new_or_mixed,42.3,1,True,FUNDING.amount_inr_mn sum; investor types from INVESTORS join
2024,Bengaluru,Mobility / EV,Debt,unknown,new_or_mixed,25.0,1,True,FUNDING.amount_inr_mn sum; investor types from INVESTORS join
2024,Mumbai,mobility / used-car leasing,Pre-Series A,,new_or_mixed,20.0,1,True,FUNDING.amount_inr_mn sum; investor types from INVESTORS join
2024,Surat,High Tech / Edge Computing,Seed,,new_or_mixed,10.0,1,True,FUNDING.amount_inr_mn sum; investor types from INVESTORS join
2025,Noida,fintech,IPO,,new_or_mixed,557050.0,2,True,FUNDING.amount_inr_mn sum; investor types from INVESTORS join
2025,Delhi NCR,consumer electronics,IPO-UDRHP,unknown,new_or_mixed,128550.0,1,True,FUNDING.amount_inr_mn sum; investor types from INVESTORS join
2025,Gurugram,travel-tech,Post-IPO Equity,,new_or_mixed,119980.0,1,True,FUNDING.amount_inr_mn sum; investor types from INVESTORS join
2025,Delhi NCR,auto/ev,Series D,,new_or_mixed,85700.0,1,True,FUNDING.amount_inr_mn sum; investor types from INVESTORS join
2025,Gurugram,insurtech,Merger,unknown,new_or_mixed,74000.0,1,True,FUNDING.amount_inr_mn sum; investor types from INVESTORS join
2025,Gurugram,hospitality/travel-tech,IPO (pending),unknown,new_or_mixed,73150.0,2,True,FUNDING.amount_inr_mn sum; investor types from INVESTORS join
2025,Thane,B2B construction materials,Series G,/VC/Venture Capital/growth,new_or_mixed,62689.6,1,True,FUNDING.amount_inr_mn sum; investor types from INVESTORS join
2025,"Bengaluru, Karnataka",Horizontal ecommerce / social commerce,IPO,unknown,new_or_mixed,51934.2,1,True,FUNDING.amount_inr_mn sum; investor types from INVESTORS join
2025,Mumbai,quick commerce,pre-IPO,/VC/pension_fund,new_or_mixed,38565.0,1,True,FUNDING.amount_inr_mn sum; investor types from INVESTORS join
2025,Bengaluru,adtech,Series E (talks),unknown,new_or_mixed,34280.0,1,True,FUNDING.amount_inr_mn sum; investor types from INVESTORS join
2025,Bengaluru,adtech,"Loan (2 tranches, 13-14%, secured on founders' stake)",,new_or_mixed,29995.0,1,True,FUNDING.amount_inr_mn sum; investor types from INVESTORS join
2025,Bengaluru,adtech,Debt,,new_or_mixed,29995.0,1,True,FUNDING.amount_inr_mn sum; investor types from INVESTORS join
2025,Bengaluru,enterprise / data & AI services,strategic/PE growth,PE,new_or_mixed,29995.0,1,True,FUNDING.amount_inr_mn sum; investor types from INVESTORS join
2025,Noida,healthtech saas/ai,Series F,/CVC-corporate/VC,new_or_mixed,23567.5,1,True,FUNDING.amount_inr_mn sum; investor types from INVESTORS join
2025,Mumbai,environment/logistics tech,Equity Investment,,new_or_mixed,23567.5,1,True,FUNDING.amount_inr_mn sum; investor types from INVESTORS join
2025,"Bengaluru, Karnataka",Horizontal ecommerce / social commerce,Series F (late private),unknown,new_or_mixed,23139.0,1,True,FUNDING.amount_inr_mn sum; investor types from INVESTORS join
2025,"Bengaluru, Karnataka",Mobility / road transport tech (bike taxi-led multimodal),Series F (secondary),PE,new_or_mixed,23139.0,1,True,FUNDING.amount_inr_mn sum; investor types from INVESTORS join
2025,Mumbai,aviation,growth-equity,/Investment Firm/PE/family office/PE,new_or_mixed,22282.0,2,True,FUNDING.amount_inr_mn sum; investor types from INVESTORS join
2025,Navi Mumbai,logistics cold chain,Series B (equity + debt + secondary),/VC/Venture Capital,new_or_mixed,21425.0,1,True,FUNDING.amount_inr_mn sum; investor types from INVESTORS join
2025,Bengaluru,AI / AI cloud infrastructure,Founder commitment,,new_or_mixed,19711.0,1,True,FUNDING.amount_inr_mn sum; investor types from INVESTORS join
2025,Gurugram,healthtech | healthtech integrated care,Seed,/PE/VC,new_or_mixed,18682.6,1,True,FUNDING.amount_inr_mn sum; investor types from INVESTORS join
2025,Bengaluru,adtech,Total PE raised,/Investment,new_or_mixed,18511.2,1,True,FUNDING.amount_inr_mn sum; investor types from INVESTORS join
2025,Bengaluru,fintech wealthtech,Series F,Investment Firm/Sovereign/Govt,new_or_mixed,17337.1,1,True,FUNDING.amount_inr_mn sum; investor types from INVESTORS join
2025,Bengaluru,logistics,Series F,/PE,new_or_mixed,17140.0,1,True,FUNDING.amount_inr_mn sum; investor types from INVESTORS join
2025,Noida,fintech,Secondary,,new_or_mixed,16958.3,1,True,FUNDING.amount_inr_mn sum; investor types from INVESTORS join
2025,Bengaluru,b2b commerce,Series G,Financial Services/VC,new_or_mixed,16197.3,2,True,FUNDING.amount_inr_mn sum; investor types from INVESTORS join
2025,Mumbai,foodtech cloud kitchen,Series D-II (Later Stage VC),VC/asset-manager/growth,new_or_mixed,15854.5,1,True,FUNDING.amount_inr_mn sum; investor types from INVESTORS join
2025,Mumbai,foodtech cloud kitchen,Series D-II,VC/asset-manager/growth,new_or_mixed,15854.5,1,True,FUNDING.amount_inr_mn sum; investor types from INVESTORS join
2025,Bengaluru,SaaS / customer engagement,Series F (follow-on),/Asset Management/PE/VC,new_or_mixed,15426.0,1,True,FUNDING.amount_inr_mn sum; investor types from INVESTORS join
2025,Mumbai,enterprise AI/analytics,Secondary,/PE,new_or_mixed,14569.0,1,True,FUNDING.amount_inr_mn sum; investor types from INVESTORS join
2025,Mumbai,fintech (housing finance),Growth equity,PE/VC/family office/PE,new_or_mixed,14569.0,1,True,FUNDING.amount_inr_mn sum; investor types from INVESTORS join
2025,Surat,climate / solar manufacturing,pre-IPO,/Corporate,new_or_mixed,14220.0,1,True,FUNDING.amount_inr_mn sum; investor types from INVESTORS join
2025,Thane,B2B construction materials,debt,,new_or_mixed,14105.0,2,True,FUNDING.amount_inr_mn sum; investor types from INVESTORS join
2025,Gurugram,auto/used cars,Series F (extended),Asset Management,new_or_mixed,13797.7,1,True,FUNDING.amount_inr_mn sum; investor types from INVESTORS join
2025,Mumbai,edtech robotics / consumer AI robots,Series D (pending),Non-Profit Foundation,new_or_mixed,13283.5,1,True,FUNDING.amount_inr_mn sum; investor types from INVESTORS join
2025,Bengaluru,adtech,Pre-IPO (talks),unknown,new_or_mixed,12855.0,1,True,FUNDING.amount_inr_mn sum; investor types from INVESTORS join
2025,Gurugram,B2B supply-chain commerce / fintech,Oxyzo equity raise (planned),unknown,new_or_mixed,12855.0,1,True,FUNDING.amount_inr_mn sum; investor types from INVESTORS join
2025,Mumbai,edtech exec education,Debt refinancing,,new_or_mixed,12855.0,1,True,FUNDING.amount_inr_mn sum; investor types from INVESTORS join
2025,Hyderabad,HR-tech SaaS,growth,/PE,new_or_mixed,11998.0,1,True,FUNDING.amount_inr_mn sum; investor types from INVESTORS join
2025,Gurugram,d2c beauty,Series B,/VC,new_or_mixed,11655.2,1,True,FUNDING.amount_inr_mn sum; investor types from INVESTORS join
2025,Gurugram,auto/used cars,Series F,/Hedge Fund/VC/VC,new_or_mixed,11141.0,1,True,FUNDING.amount_inr_mn sum; investor types from INVESTORS join
2025,Mumbai,fintech/bnpl,Series B,/Investment Management/Venture Capital/growth equity,new_or_mixed,10712.5,1,True,FUNDING.amount_inr_mn sum; investor types from INVESTORS join
2025,Thane,B2B construction materials,Series F,/growth,new_or_mixed,10369.7,1,True,FUNDING.amount_inr_mn sum; investor types from INVESTORS join
2025,Mumbai,fintech/broking,Series B,/Hedge Fund/Sovereign/Govt/VC,new_or_mixed,10284.0,1,True,FUNDING.amount_inr_mn sum; investor types from INVESTORS join
2025,"Bengaluru, Karnataka",B2B ecommerce (food & grocery),Series D,unknown,new_or_mixed,10284.0,1,True,FUNDING.amount_inr_mn sum; investor types from INVESTORS join
2025,Bengaluru,healthtech / wearables,Reported (unclosed),/VC,new_or_mixed,10284.0,1,True,FUNDING.amount_inr_mn sum; investor types from INVESTORS join
2025,Bengaluru,d2c/jewellery,Corporate Round,,new_or_mixed,10000.0,1,True,FUNDING.amount_inr_mn sum; investor types from INVESTORS join
2025,Gurugram,B2B supply-chain commerce / fintech,Oxyzo debt (NCD),,new_or_mixed,9830.0,3,True,FUNDING.amount_inr_mn sum; investor types from INVESTORS join
2025,Bengaluru,SaaS / customer engagement,Series F (tranche 1),/VC,new_or_mixed,8570.0,1,True,FUNDING.amount_inr_mn sum; investor types from INVESTORS join
2025,Bengaluru,logistics,Series F (extended),/Venture Capital,new_or_mixed,8570.0,1,True,FUNDING.amount_inr_mn sum; investor types from INVESTORS join
2025,Bengaluru,edtech study-abroad,Debt,,new_or_mixed,8570.0,1,True,FUNDING.amount_inr_mn sum; investor types from INVESTORS join
2025,Bengaluru,AI / computer vision / fleet safety telematics,Series D,/Corporate VC,new_or_mixed,7713.0,1,True,FUNDING.amount_inr_mn sum; investor types from INVESTORS join
2025,Gurugram,auto/used cars,Series G,Asset Management,new_or_mixed,7713.0,1,True,FUNDING.amount_inr_mn sum; investor types from INVESTORS join
2025,Mumbai,healthtech pharmacy,Series C (total),CVC-corporate/VC,new_or_mixed,7284.5,1,True,FUNDING.amount_inr_mn sum; investor types from INVESTORS join
2025,Bengaluru,D2C fashion,Series B,/PE/Venture Capital,new_or_mixed,6821.7,2,True,FUNDING.amount_inr_mn sum; investor types from INVESTORS join
2025,Bengaluru,fintech wealthtech,IPO,unknown,new_or_mixed,6632.3,1,True,FUNDING.amount_inr_mn sum; investor types from INVESTORS join
2025,Delhi,ev commercial,Series D,unknown,new_or_mixed,6380.0,1,True,FUNDING.amount_inr_mn sum; investor types from INVESTORS join
2025,Gurugram,insurtech,Series,unknown,new_or_mixed,5999.0,1,True,FUNDING.amount_inr_mn sum; investor types from INVESTORS join
2025,Gurugram,insurtech,Series C,/VC/impact_fund,new_or_mixed,5999.0,1,True,FUNDING.amount_inr_mn sum; investor types from INVESTORS join
2025,Gurugram,proptech coworking,IPO,,new_or_mixed,5825.5,1,True,FUNDING.amount_inr_mn sum; investor types from INVESTORS join
2025,Bengaluru,edtech study-abroad,Series E,PE/VC,new_or_mixed,5570.5,1,True,FUNDING.amount_inr_mn sum; investor types from INVESTORS join
2025,Bengaluru,D2C jewellery,Series C,/PE/family office/PE,new_or_mixed,5300.0,1,True,FUNDING.amount_inr_mn sum; investor types from INVESTORS join
2025,Bengaluru,fintech payments infrastructure,Series D,Investment/PE/VC,new_or_mixed,5142.0,1,True,FUNDING.amount_inr_mn sum; investor types from INVESTORS join
2025,Mumbai,AI / conversational SaaS,"Series F extension (equity+debt, unpriced)",Debt Fund/Venture Capital,new_or_mixed,5142.0,1,True,FUNDING.amount_inr_mn sum; investor types from INVESTORS join
2025,Hyderabad,spacetech infra,UNKNOWN (fund investment; round type unverified),unknown,new_or_mixed,5142.0,1,True,FUNDING.amount_inr_mn sum; investor types from INVESTORS join
2025,Bengaluru,fintech,Preferential shares (NBFC capital),unknown,new_or_mixed,5000.0,1,True,FUNDING.amount_inr_mn sum; investor types from INVESTORS join
2025,Pune,agritech / crop inputs,Equity funding,,new_or_mixed,4940.6,1,True,FUNDING.amount_inr_mn sum; investor types from INVESTORS join
2025,Noida,defence drones,ccps,unknown,new_or_mixed,4850.0,1,True,FUNDING.amount_inr_mn sum; investor types from INVESTORS join
2025,Ahmedabad,govtech saas,Growth Capital,,new_or_mixed,4600.0,1,True,FUNDING.amount_inr_mn sum; investor types from INVESTORS join
2025,Pune,SaaS / contract lifecycle management,Series F/G (label conflicts),,new_or_mixed,4285.0,1,True,FUNDING.amount_inr_mn sum; investor types from INVESTORS join
2025,Bengaluru,fintech/card infra,Strategic,,new_or_mixed,4285.0,1,True,FUNDING.amount_inr_mn sum; investor types from INVESTORS join
2025,Bengaluru,fintech/card infra,Series D,,new_or_mixed,4285.0,1,True,FUNDING.amount_inr_mn sum; investor types from INVESTORS join
2025,Bengaluru,spacetech ssa,Series B,unknown,existing,4285.0,1,True,FUNDING.amount_inr_mn sum; investor types from INVESTORS join
2025,Bengaluru,WealthTech,Series D,/PE/VC/Venture Capital,new_or_mixed,4285.0,1,True,FUNDING.amount_inr_mn sum; investor types from INVESTORS join
2025,Bengaluru,Home interiors marketplace,Late VC,unknown,new_or_mixed,4026.6,2,True,FUNDING.amount_inr_mn sum; investor types from INVESTORS join
2025,Bengaluru,ev motorcycles,Series E (tranche),/Corporate,new_or_mixed,3856.5,1,True,FUNDING.amount_inr_mn sum; investor types from INVESTORS join
2025,Mumbai,healthtech pharmacy,Series C (tranche 1),unknown,new_or_mixed,3770.8,1,True,FUNDING.amount_inr_mn sum; investor types from INVESTORS join
2025,Bengaluru,WealthTech / Investment Tech,Series B,/VC,new_or_mixed,3590.8,1,True,FUNDING.amount_inr_mn sum; investor types from INVESTORS join
2025,Hyderabad,HR-tech SaaS,growth,PE,new_or_mixed,3428.0,1,True,FUNDING.amount_inr_mn sum; investor types from INVESTORS join
2025,Mumbai,D2C luxury fashion / fashion-tech,Series E,,new_or_mixed,3428.0,1,True,FUNDING.amount_inr_mn sum; investor types from INVESTORS join
2025,Bengaluru,D2C fashion,Series B (close confirmation),/PE/Venture Capital,new_or_mixed,3428.0,1,True,FUNDING.amount_inr_mn sum; investor types from INVESTORS join
2025,Gurugram,proptech,Private,unknown,new_or_mixed,2999.5,1,True,FUNDING.amount_inr_mn sum; investor types from INVESTORS join
2025,Noida,agritech / post-harvest,Conventional Debt,,new_or_mixed,2821.0,2,True,FUNDING.amount_inr_mn sum; investor types from INVESTORS join
2025,"Bengaluru, Karnataka",Mobility / road transport tech (bike taxi-led multimodal),Series E (secondary),PE,new_or_mixed,2571.0,1,True,FUNDING.amount_inr_mn sum; investor types from INVESTORS join
2025,Mumbai,wealthtech / financial services,debt,,new_or_mixed,2571.0,1,True,FUNDING.amount_inr_mn sum; investor types from INVESTORS join
2025,Mumbai,D2C Beauty / Skincare,Series C,Corporate/PE/Growth/VC/Venture Capital,new_or_mixed,2571.0,1,True,FUNDING.amount_inr_mn sum; investor types from INVESTORS join
2025,Pune,agritech / crop inputs,Series E / equity,,new_or_mixed,2571.0,1,True,FUNDING.amount_inr_mn sum; investor types from INVESTORS join
2025,Ahmedabad,d2c/beauty,Series C,,new_or_mixed,2571.0,1,True,FUNDING.amount_inr_mn sum; investor types from INVESTORS join
2025,Ahmedabad,fintech/sme lending,Series E3,/CVC-corporate/VC,new_or_mixed,2528.2,1,True,FUNDING.amount_inr_mn sum; investor types from INVESTORS join
2025,Bengaluru,healthtech diagnostics,series-b,CVC-corporate/Venture Capital,new_or_mixed,2485.3,1,True,FUNDING.amount_inr_mn sum; investor types from INVESTORS join
2025,Ahmedabad,d2c baby products,Series B,/VC,new_or_mixed,2423.9,2,True,FUNDING.amount_inr_mn sum; investor types from INVESTORS join
2025,Bengaluru,edtech short-form,Series B,/VC,new_or_mixed,2399.6,1,True,FUNDING.amount_inr_mn sum; investor types from INVESTORS join
2025,Ahmedabad,d2c baby products,Primary-Secondary,unknown,new_or_mixed,2313.9,1,True,FUNDING.amount_inr_mn sum; investor types from INVESTORS join
2025,Mumbai,wealthtech / financial services,Series B follow-on,,new_or_mixed,2210.0,1,True,FUNDING.amount_inr_mn sum; investor types from INVESTORS join
2025,Bengaluru,ecommerce,ESOP buyback,CVC-corporate,new_or_mixed,2142.5,1,True,FUNDING.amount_inr_mn sum; investor types from INVESTORS join
2025,Mumbai,foodtech/cloud kitchen,Unattributed top-up,Sovereign/Govt,new_or_mixed,2142.5,1,True,FUNDING.amount_inr_mn sum; investor types from INVESTORS join
2025,Mumbai,foodtech/cloud kitchen,Top-up (unattributed),Sovereign/Govt,new_or_mixed,2142.5,1,True,FUNDING.amount_inr_mn sum; investor types from INVESTORS join
2025,Bengaluru,fintech / credit cards,Series B,/VC,new_or_mixed,2056.8,1,True,FUNDING.amount_inr_mn sum; investor types from INVESTORS join
2025,Bengaluru,AI dev-tools / vibe-coding,Series A,/Accelerator/Micro-VC/VC,new_or_mixed,1971.1,1,True,FUNDING.amount_inr_mn sum; investor types from INVESTORS join
2025,Delhi NCR,cleantech (emission control),Series C,,new_or_mixed,1971.1,1,True,FUNDING.amount_inr_mn sum; investor types from INVESTORS join
2025,Bengaluru,defence imaging / electro-optics,Series D (pre-IPO),,new_or_mixed,1925.0,2,True,FUNDING.amount_inr_mn sum; investor types from INVESTORS join
2025,Bengaluru,ev motorcycles,Series E (tranche),CVC-corporate,new_or_mixed,1799.7,1,True,FUNDING.amount_inr_mn sum; investor types from INVESTORS join
2025,Delhi,ev commercial,Debt,,new_or_mixed,1714.0,1,True,FUNDING.amount_inr_mn sum; investor types from INVESTORS join
2025,Mumbai,healthtech pharmacy,Series C (tranche 2),unknown,new_or_mixed,1714.0,1,True,FUNDING.amount_inr_mn sum; investor types from INVESTORS join
2025,Bengaluru,fintech,debt (NCD),unknown,new_or_mixed,1714.0,1,True,FUNDING.amount_inr_mn sum; investor types from INVESTORS join
2025,Bengaluru,fintech,Conventional Debt (NCD),,new_or_mixed,1714.0,1,True,FUNDING.amount_inr_mn sum; investor types from INVESTORS join
2025,Bengaluru,Robotics / industrial automation (AMR),Series B,/CVC-corporate/VC,new_or_mixed,1714.0,1,True,FUNDING.amount_inr_mn sum; investor types from INVESTORS join
2025,Mumbai,healthtech/pharmacy,"Debt (NCD, Thyrocare-pledge)",unknown,new_or_mixed,1700.0,1,True,FUNDING.amount_inr_mn sum; investor types from INVESTORS join
2025,Mumbai,wealthtech / financial services,follow-on,,new_or_mixed,1628.3,1,True,FUNDING.amount_inr_mn sum; investor types from INVESTORS join
2025,Mumbai,ev two-wheeler,Series B,,new_or_mixed,1610.0,1,True,FUNDING.amount_inr_mn sum; investor types from INVESTORS join
2025,Chennai,spacetech launch,Series C,,new_or_mixed,1500.0,1,True,FUNDING.amount_inr_mn sum; investor types from INVESTORS join
2025,Gurugram,logistics,Acquisition (Ecom Express),,new_or_mixed,1407.0,1,True,FUNDING.amount_inr_mn sum; investor types from INVESTORS join
2025,New Delhi,fintech payments/lending,Debt,,new_or_mixed,1285.5,1,True,FUNDING.amount_inr_mn sum; investor types from INVESTORS join
2025,Jaipur,enterprise data & AI solutions / services,Series B (ESTIMATE — reported as $15M raise; series label per Tracxn snippet),/VC,new_or_mixed,1285.5,1,True,FUNDING.amount_inr_mn sum; investor types from INVESTORS join
2025,Bengaluru,Foodtech / 10-min food delivery,Series A,VC,new_or_mixed,1199.8,1,True,FUNDING.amount_inr_mn sum; investor types from INVESTORS join
2025,Bengaluru,gaming livestream / social entertainment / micro-drama,Series B,/Venture Capital,new_or_mixed,1157.0,1,True,FUNDING.amount_inr_mn sum; investor types from INVESTORS join
2025,Bengaluru,gaming/web3 distribution protocol,Strategic,/VC,new_or_mixed,1157.0,1,True,FUNDING.amount_inr_mn sum; investor types from INVESTORS join
2025,Bengaluru,gaming/web3 distribution protocol,Series A,/VC,new_or_mixed,1157.0,1,True,FUNDING.amount_inr_mn sum; investor types from INVESTORS join
2025,Bengaluru,WealthTech / Investment Tech,Series B1,VC,new_or_mixed,1114.1,1,True,FUNDING.amount_inr_mn sum; investor types from INVESTORS join
2025,Bengaluru,Semiconductor / AI chip,Series A,Corporate/VC,new_or_mixed,1070.0,1,True,FUNDING.amount_inr_mn sum; investor types from INVESTORS join
2025,Noida,B2B e-commerce / industrial supply chain,Series F (extension/secondary per VI label),Other,new_or_mixed,1054.1,1,True,FUNDING.amount_inr_mn sum; investor types from INVESTORS join
2025,Bengaluru,biotech therapeutics,Series A,/Venture Capital,new_or_mixed,1028.4,1,True,FUNDING.amount_inr_mn sum; investor types from INVESTORS join
2025,Gurugram,healthtech surgical care,Series A,/VC/Venture Capital,new_or_mixed,1028.4,1,True,FUNDING.amount_inr_mn sum; investor types from INVESTORS join
2025,Kolkata,climate / carbon dioxide removal (enhanced rock weathering),seed,,new_or_mixed,1028.4,1,True,FUNDING.amount_inr_mn sum; investor types from INVESTORS join
2025,Gurugram,B2B supply-chain commerce / fintech,Series G extension (Unattributed VC per CB Insights),,new_or_mixed,1002.7,1,True,FUNDING.amount_inr_mn sum; investor types from INVESTORS join
2025,Gurugram,B2B supply-chain commerce / fintech,Series G extension,,new_or_mixed,1002.7,1,True,FUNDING.amount_inr_mn sum; investor types from INVESTORS join
2025,Ahmedabad,fintech/sme lending,Venture Debt,,new_or_mixed,1002.7,1,True,FUNDING.amount_inr_mn sum; investor types from INVESTORS join
2025,Bengaluru,fintech / digital lending,Debt (conventional),/PE,new_or_mixed,977.0,1,True,FUNDING.amount_inr_mn sum; investor types from INVESTORS join
2025,Bengaluru,Mobility / EV,Post-Series B (tranche),unknown,new_or_mixed,968.4,1,True,FUNDING.amount_inr_mn sum; investor types from INVESTORS join
2025,Bengaluru,edtech live classes,Internal/bridge,Impact Investing Fund,new_or_mixed,942.7,1,True,FUNDING.amount_inr_mn sum; investor types from INVESTORS join
2025,Mumbai,edtech robotics / consumer AI robots,Corporate Minority (Series D extension),Corporation,new_or_mixed,899.9,1,True,FUNDING.amount_inr_mn sum; investor types from INVESTORS join
2025,Bengaluru,travel villas,Series B,VC,new_or_mixed,891.3,1,True,FUNDING.amount_inr_mn sum; investor types from INVESTORS join
2025,Bengaluru,proptech / workforce housing,Seed/early,,new_or_mixed,857.0,1,True,FUNDING.amount_inr_mn sum; investor types from INVESTORS join
2025,Bengaluru,fintech cross-border payments,Series A,/VC,new_or_mixed,857.0,1,True,FUNDING.amount_inr_mn sum; investor types from INVESTORS join
2025,Delhi,climate energy efficiency,Series B,,new_or_mixed,857.0,1,True,FUNDING.amount_inr_mn sum; investor types from INVESTORS join
2025,Bengaluru,cybersecurity / quantum,Series A,,new_or_mixed,780.4,1,True,FUNDING.amount_inr_mn sum; investor types from INVESTORS join
2025,Bengaluru,ai ecommerce growth,Pre-Series B,,new_or_mixed,771.3,1,True,FUNDING.amount_inr_mn sum; investor types from INVESTORS join
2025,Bengaluru,Aerospace / drone logistics,Seed,/VC,new_or_mixed,741.3,1,True,FUNDING.amount_inr_mn sum; investor types from INVESTORS join
2025,Kolkata,foodtech/qsr,bridge,unknown,new_or_mixed,719.9,1,True,FUNDING.amount_inr_mn sum; investor types from INVESTORS join
2025,Bengaluru,proptech / flex workspace (managed offices),IPO (fresh Rs 650 Cr + Rs 50 Cr OFS = Rs 700 Cr total),,new_or_mixed,650.0,1,True,FUNDING.amount_inr_mn sum; investor types from INVESTORS join
2025,Bengaluru,proptech / flex workspace (managed offices),IPO (fresh issue),,new_or_mixed,650.0,1,True,FUNDING.amount_inr_mn sum; investor types from INVESTORS join
2025,Delhi,ev commercial,Series D,,new_or_mixed,638.0,1,True,FUNDING.amount_inr_mn sum; investor types from INVESTORS join
2025,Mumbai,healthtech ai scribe,Series A,,new_or_mixed,617.0,1,True,FUNDING.amount_inr_mn sum; investor types from INVESTORS join
2025,Gurugram,edtech / school SaaS / AI learning,Pre-Series B,/VC,new_or_mixed,599.9,1,True,FUNDING.amount_inr_mn sum; investor types from INVESTORS join
2025,Pune,agritech / crop inputs,Equity funding,/CVC-corporate/Venture Capital,new_or_mixed,574.2,1,True,FUNDING.amount_inr_mn sum; investor types from INVESTORS join
2025,Bengaluru,foodtech cloud kitchen,Conventional Debt,,new_or_mixed,565.6,1,True,FUNDING.amount_inr_mn sum; investor types from INVESTORS join
2025,Bengaluru,ev battery fast-charge,Series A,,new_or_mixed,531.3,1,True,FUNDING.amount_inr_mn sum; investor types from INVESTORS join
2025,Bengaluru,edtech SaaS,series-a,,new_or_mixed,519.3,1,True,FUNDING.amount_inr_mn sum; investor types from INVESTORS join
2025,Bengaluru,EV tractors / agri-tech,series-a,/VC,new_or_mixed,514.2,1,True,FUNDING.amount_inr_mn sum; investor types from INVESTORS join
2025,Gurugram,insurtech,Series C (additional),,new_or_mixed,507.4,1,True,FUNDING.amount_inr_mn sum; investor types from INVESTORS join
2025,Bengaluru,cybersecurity,Series A,/VC,new_or_mixed,505.6,1,True,FUNDING.amount_inr_mn sum; investor types from INVESTORS join
2025,Bengaluru,fintech cross-border payments,Series A (reported by Tracxn),unknown,new_or_mixed,490.2,1,True,FUNDING.amount_inr_mn sum; investor types from INVESTORS join
2025,Bengaluru,fintech cross-border payments,Series A (Tracxn variant),,new_or_mixed,490.2,1,True,FUNDING.amount_inr_mn sum; investor types from INVESTORS join
2025,Bengaluru,d2c travel,Seed,VC/Venture Capital,new_or_mixed,428.5,1,True,FUNDING.amount_inr_mn sum; investor types from INVESTORS join
2025,Hyderabad,proptech / property title search,Series X,,new_or_mixed,428.5,1,True,FUNDING.amount_inr_mn sum; investor types from INVESTORS join
2025,Mumbai,wealthtech,Series C,VC/family office/PE,new_or_mixed,350.0,1,True,FUNDING.amount_inr_mn sum; investor types from INVESTORS join
2025,Gurugram,healthtech (elective surgery chain),Series E extension,VC,new_or_mixed,342.8,1,True,FUNDING.amount_inr_mn sum; investor types from INVESTORS join
2025,Bengaluru,Logistics,Series F,CVC-corporate/VC,new_or_mixed,342.4,1,True,FUNDING.amount_inr_mn sum; investor types from INVESTORS join
2025,Bengaluru,edtech ai tutor,pre-Series A,VC,new_or_mixed,321.4,1,True,FUNDING.amount_inr_mn sum; investor types from INVESTORS join
2025,Mumbai,fintech,Seed,VC,new_or_mixed,299.9,1,True,FUNDING.amount_inr_mn sum; investor types from INVESTORS join
2025,Pune,spacetech / defence-photonics,seed,/VC,new_or_mixed,257.1,1,True,FUNDING.amount_inr_mn sum; investor types from INVESTORS join
2025,Pleasanton,AI / healthtech (pharmacovigilance),Seed,VC,new_or_mixed,257.1,1,True,FUNDING.amount_inr_mn sum; investor types from INVESTORS join
2025,Surat,agritech (crop protection / protected cultivation),Series A,,new_or_mixed,257.1,1,True,FUNDING.amount_inr_mn sum; investor types from INVESTORS join
2025,Delhi NCR,fuel-tech,Pre-Series A,,new_or_mixed,214.2,1,True,FUNDING.amount_inr_mn sum; investor types from INVESTORS join
2025,Bengaluru,EV tractors / agri-tech,seed,,new_or_mixed,188.5,1,True,FUNDING.amount_inr_mn sum; investor types from INVESTORS join
2025,Gurugram,hospitality/travel-tech,Equity (Sunday PropTech),,new_or_mixed,175.0,2,True,FUNDING.amount_inr_mn sum; investor types from INVESTORS join
2025,Bengaluru,foodtech cloud kitchen,Pre-IPO,,new_or_mixed,160.0,1,True,FUNDING.amount_inr_mn sum; investor types from INVESTORS join
2025,Bengaluru,WealthTech / Investment Tech,Series B,,new_or_mixed,150.0,1,True,FUNDING.amount_inr_mn sum; investor types from INVESTORS join
2025,Ahmedabad,d2c baby products,Secondary,,new_or_mixed,120.0,1,True,FUNDING.amount_inr_mn sum; investor types from INVESTORS join
2025,Gurugram,hospitality/travel-tech,Equity (Innov8),,new_or_mixed,110.0,1,True,FUNDING.amount_inr_mn sum; investor types from INVESTORS join
2025,Bengaluru,healthtech / wearables,venture debt,unknown,new_or_mixed,100.0,1,True,FUNDING.amount_inr_mn sum; investor types from INVESTORS join
2025,Bengaluru,defence tech,seed,,new_or_mixed,94.3,1,True,FUNDING.amount_inr_mn sum; investor types from INVESTORS join
2025,Mumbai,gaming / PC-console game development,Seed,,new_or_mixed,85.7,1,True,FUNDING.amount_inr_mn sum; investor types from INVESTORS join
2025,Bengaluru,gaming,pre-seed,,new_or_mixed,85.7,1,True,FUNDING.amount_inr_mn sum; investor types from INVESTORS join
2025,Gurugram,logistics saas,Seed,,new_or_mixed,85.5,1,True,FUNDING.amount_inr_mn sum; investor types from INVESTORS join
2025,Bengaluru,WealthTech / Investment Tech,Debt,VC,new_or_mixed,50.0,1,True,FUNDING.amount_inr_mn sum; investor types from INVESTORS join
2025,Bengaluru,proptech / flex workspace (managed offices),IPO (OFS),,new_or_mixed,50.0,1,True,FUNDING.amount_inr_mn sum; investor types from INVESTORS join
2025,Mumbai,healthtech / femtech D2C wellness,pre-Series C,/VC,new_or_mixed,35.0,1,True,FUNDING.amount_inr_mn sum; investor types from INVESTORS join
2025,Gurugram,logistics / D2C fulfillment,pre-Series A,unknown,new_or_mixed,22.0,1,True,FUNDING.amount_inr_mn sum; investor types from INVESTORS join
2025,Bengaluru,edtech / HR-tech (AI + blockchain credentials),Series A,,new_or_mixed,21.4,1,True,FUNDING.amount_inr_mn sum; investor types from INVESTORS join
2025,Mumbai,ai / voice ai,Pre-Series A,/Angel/VC,new_or_mixed,7.0,1,True,FUNDING.amount_inr_mn sum; investor types from INVESTORS join
2026,Gurugram,proptech,Private,,new_or_mixed,86565.0,2,True,FUNDING.amount_inr_mn sum; investor types from INVESTORS join
2026,Bengaluru,b2b manufacturing,Total raised,unknown,new_or_mixed,80997.0,1,True,FUNDING.amount_inr_mn sum; investor types from INVESTORS join
2026,Gurugram,B2B supply-chain commerce / fintech,IPO (planned/rumored),,new_or_mixed,69600.0,1,True,FUNDING.amount_inr_mn sum; investor types from INVESTORS join
2026,Gurugram,B2B supply-chain commerce / fintech,IPO (planned),,new_or_mixed,69600.0,1,True,FUNDING.amount_inr_mn sum; investor types from INVESTORS join
2026,Noida,climate renewables,equity,unknown,new_or_mixed,55000.0,1,True,FUNDING.amount_inr_mn sum; investor types from INVESTORS join
2026,Mumbai,AI cloud infrastructure,Growth equity,PE/VC,new_or_mixed,52200.0,1,True,FUNDING.amount_inr_mn sum; investor types from INVESTORS join
2026,Mumbai,AI cloud infrastructure,Growth equity (planned debt),unknown,new_or_mixed,52200.0,1,True,FUNDING.amount_inr_mn sum; investor types from INVESTORS join
2026,Kolkata,fintech/microfinance,IPO (DRHP filed),,new_or_mixed,52200.0,1,True,FUNDING.amount_inr_mn sum; investor types from INVESTORS join
2026,Bengaluru,b2b manufacturing,Pre-IPO,,new_or_mixed,43500.0,1,True,FUNDING.amount_inr_mn sum; investor types from INVESTORS join
2026,Bengaluru,fintech payments,secondary,growth equity,new_or_mixed,37410.0,1,True,FUNDING.amount_inr_mn sum; investor types from INVESTORS join
2026,Bengaluru,edtech,internal_funding,/Sovereign/Sovereign/Govt,new_or_mixed,31320.0,1,True,FUNDING.amount_inr_mn sum; investor types from INVESTORS join
2026,Noida,climate renewables,private_equity,/pension_fund,new_or_mixed,31000.0,1,True,FUNDING.amount_inr_mn sum; investor types from INVESTORS join
2026,Bengaluru,fintech lending,Series E,/Hedge Fund/PE/Sovereign/Govt/family office/PE,new_or_mixed,24360.0,1,True,FUNDING.amount_inr_mn sum; investor types from INVESTORS join
2026,Bengaluru,fintech wealthtech,Series B,/CVC-corporate/VC,new_or_mixed,21750.0,1,True,FUNDING.amount_inr_mn sum; investor types from INVESTORS join
2026,"Bengaluru, Karnataka",Mobility / road transport tech (bike taxi-led multimodal),Series F (primary; part of $730M primary+secondary),unknown,new_or_mixed,20880.0,1,True,FUNDING.amount_inr_mn sum; investor types from INVESTORS join
2026,"Bengaluru, Karnataka",Mobility / road transport tech (bike taxi-led multimodal),Series F (primary),PE/VC,new_or_mixed,20880.0,1,True,FUNDING.amount_inr_mn sum; investor types from INVESTORS join
2026,Bengaluru,AI / LLMs / sovereign models,Series B first close (of $300M),/CVC-corporate/VC/Venture Capital,new_or_mixed,20358.0,1,True,FUNDING.amount_inr_mn sum; investor types from INVESTORS join
2026,Bengaluru,Logistics,IPO,/PE,new_or_mixed,19070.0,1,True,FUNDING.amount_inr_mn sum; investor types from INVESTORS join
2026,Mumbai,Edtech / skilling,Equity,unknown,new_or_mixed,17922.0,1,True,FUNDING.amount_inr_mn sum; investor types from INVESTORS join
2026,Bengaluru,edtech,Acquisition,,new_or_mixed,17922.0,1,True,FUNDING.amount_inr_mn sum; investor types from INVESTORS join
2026,Bengaluru,media-tech SaaS,IPO,unknown,new_or_mixed,16969.3,1,True,FUNDING.amount_inr_mn sum; investor types from INVESTORS join
2026,Erode / Perundurai,dairy / processed foods,IPO,unknown,new_or_mixed,14181.0,1,True,FUNDING.amount_inr_mn sum; investor types from INVESTORS join
2026,Bengaluru,b2b commerce,Series H / structured,/PE/VC,new_or_mixed,13920.0,1,True,FUNDING.amount_inr_mn sum; investor types from INVESTORS join
2026,Bengaluru,AI dev-tools / vibe-coding,Series C,/Accelerator/Micro-VC/PE/VC/Venture Capital,new_or_mixed,11310.0,1,True,FUNDING.amount_inr_mn sum; investor types from INVESTORS join
2026,Mumbai,wealthtech / financial services,PE growth,VC,new_or_mixed,10500.0,2,True,FUNDING.amount_inr_mn sum; investor types from INVESTORS join
2026,Bengaluru,EV two-wheeler,Series C (equity+debt),unknown,new_or_mixed,10440.0,1,True,FUNDING.amount_inr_mn sum; investor types from INVESTORS join
2026,Mumbai,quick commerce,pre-IPO placement,,new_or_mixed,9135.0,1,True,FUNDING.amount_inr_mn sum; investor types from INVESTORS join
2026,Bengaluru,fintech / digital banking,Later-stage (negotiations),VC,new_or_mixed,8700.0,1,True,FUNDING.amount_inr_mn sum; investor types from INVESTORS join
2026,Bengaluru,fintech / digital banking,Later-stage,/Other,new_or_mixed,8700.0,1,True,FUNDING.amount_inr_mn sum; investor types from INVESTORS join
2026,Bengaluru,spacetech,Series C,/Sovereign/VC,new_or_mixed,8700.0,1,True,FUNDING.amount_inr_mn sum; investor types from INVESTORS join
2026,Bengaluru,fintech,Series C (first institutional equity),unknown,new_or_mixed,8700.0,1,True,FUNDING.amount_inr_mn sum; investor types from INVESTORS join
2026,Bengaluru,Mobility / EV,Series C,Corporate/PE,new_or_mixed,8091.0,1,True,FUNDING.amount_inr_mn sum; investor types from INVESTORS join
2026,Noida,agritech / post-harvest,Series D,unknown,new_or_mixed,7250.0,1,True,FUNDING.amount_inr_mn sum; investor types from INVESTORS join
2026,Noida,agritech / post-harvest,Series D,/PE,new_or_mixed,7047.0,1,True,FUNDING.amount_inr_mn sum; investor types from INVESTORS join
2026,Noida,climate renewables,private_equity,unknown,new_or_mixed,7000.0,1,True,FUNDING.amount_inr_mn sum; investor types from INVESTORS join
2026,Bengaluru,D2C jewellery,PE Growth (rumor),/PE,new_or_mixed,6960.0,1,True,FUNDING.amount_inr_mn sum; investor types from INVESTORS join
2026,Mumbai,D2C luxury fashion / fashion-tech,IPO (fresh issue),,new_or_mixed,6800.0,1,True,FUNDING.amount_inr_mn sum; investor types from INVESTORS join
2026,Bengaluru,AI / LLMs / sovereign models,Series B second tranche,/CVC-corporate/PE/VC,new_or_mixed,6525.0,1,True,FUNDING.amount_inr_mn sum; investor types from INVESTORS join
2026,Mumbai,regtech/id verification,Series F (later),,new_or_mixed,6351.0,1,True,FUNDING.amount_inr_mn sum; investor types from INVESTORS join
2026,Bengaluru,AI dev-tools / vibe-coding,Series B,VC/Venture Capital,new_or_mixed,6090.0,1,True,FUNDING.amount_inr_mn sum; investor types from INVESTORS join
2026,Bengaluru,healthtech / wearables,Series C extension,unknown,new_or_mixed,6090.0,1,True,FUNDING.amount_inr_mn sum; investor types from INVESTORS join
2026,Gurugram,healthtech | healthtech integrated care,Seed (extension),,new_or_mixed,5394.0,1,True,FUNDING.amount_inr_mn sum; investor types from INVESTORS join
2026,Bengaluru,FoodTech / QSR,Strategic Investment (Significant Minority),,new_or_mixed,5320.0,1,True,FUNDING.amount_inr_mn sum; investor types from INVESTORS join
2026,Hyderabad,spacetech launch,pre-Series C (second),/Sovereign/Govt/VC,new_or_mixed,5220.0,1,True,FUNDING.amount_inr_mn sum; investor types from INVESTORS join
2026,Chennai,SaaS (PSA / onboarding),Series C,unknown,new_or_mixed,5220.0,1,True,FUNDING.amount_inr_mn sum; investor types from INVESTORS join
2026,Bengaluru,spacetech analytics,aggregate,unknown,new_or_mixed,5120.0,1,True,FUNDING.amount_inr_mn sum; investor types from INVESTORS join
2026,Mumbai,regtech/id verification,Series F,/VC/Venture Capital,new_or_mixed,4760.0,1,True,FUNDING.amount_inr_mn sum; investor types from INVESTORS join
2026,Delhi,ev commercial,Series E,unknown,new_or_mixed,4375.0,1,True,FUNDING.amount_inr_mn sum; investor types from INVESTORS join
2026,Bengaluru,fintech payments infrastructure,Series D follow-on,VC,new_or_mixed,4350.0,1,True,FUNDING.amount_inr_mn sum; investor types from INVESTORS join
2026,Mumbai,healthtech / femtech D2C wellness,Series C,/VC,existing,4350.0,1,True,FUNDING.amount_inr_mn sum; investor types from INVESTORS join
2026,Bengaluru,edtech / HR-tech (AI + blockchain credentials),Series B,,new_or_mixed,4350.0,1,True,FUNDING.amount_inr_mn sum; investor types from INVESTORS join
2026,Bengaluru,gaming livestream / social entertainment / micro-drama,Series B (upcoming),unknown,new_or_mixed,4350.0,1,True,FUNDING.amount_inr_mn sum; investor types from INVESTORS join
2026,Bengaluru,semiconductor ai gpu,Series A (ongoing/negotiating),/VC,new_or_mixed,4350.0,1,True,FUNDING.amount_inr_mn sum; investor types from INVESTORS join
2026,Bengaluru,healthtech / wearables,Series C,unknown,new_or_mixed,4176.0,1,True,FUNDING.amount_inr_mn sum; investor types from INVESTORS join
2026,Bengaluru,fitness/healthtech,Series G,Sovereign,new_or_mixed,4141.2,1,True,FUNDING.amount_inr_mn sum; investor types from INVESTORS join
2026,Bengaluru,logistics,Series F (tranche),/PE,new_or_mixed,4045.5,1,True,FUNDING.amount_inr_mn sum; investor types from INVESTORS join
2026,Bengaluru,EdTech / Healthcare Education SaaS,Series C,unknown,new_or_mixed,3915.0,1,True,FUNDING.amount_inr_mn sum; investor types from INVESTORS join
2026,Mumbai,fintech lending green,Series B extension / growth equity,,new_or_mixed,3805.0,1,True,FUNDING.amount_inr_mn sum; investor types from INVESTORS join
2026,Mumbai,wealthtech / financial services,growth,VC,new_or_mixed,3500.0,1,True,FUNDING.amount_inr_mn sum; investor types from INVESTORS join
2026,Mumbai,wealthtech / financial services,Series C,VC,new_or_mixed,3500.0,1,True,FUNDING.amount_inr_mn sum; investor types from INVESTORS join
2026,Bengaluru,proptech / workforce housing,Growth commitment (debt + quasi-equity + equity over 30 months),,new_or_mixed,3480.0,1,True,FUNDING.amount_inr_mn sum; investor types from INVESTORS join
2026,Bengaluru,proptech / workforce housing,Growth commitment,,new_or_mixed,3480.0,1,True,FUNDING.amount_inr_mn sum; investor types from INVESTORS join
2026,Bengaluru,Foodtech / 10-min food delivery,Series B,/VC/Venture Debt,new_or_mixed,3306.0,1,True,FUNDING.amount_inr_mn sum; investor types from INVESTORS join
2026,Bengaluru,Aerospace / drone logistics,Series A,/Hedge Fund/VC,new_or_mixed,3219.0,1,True,FUNDING.amount_inr_mn sum; investor types from INVESTORS join
2026,Delhi NCR,travel-tech / visas,Series C,/VC,new_or_mixed,3132.0,1,True,FUNDING.amount_inr_mn sum; investor types from INVESTORS join
2026,San Francisco,AI infrastructure / agentic tooling,Series A,,new_or_mixed,3045.0,1,True,FUNDING.amount_inr_mn sum; investor types from INVESTORS join
2026,Bengaluru,EV battery swapping / Battery-as-a-Service,Series A,,new_or_mixed,3045.0,1,True,FUNDING.amount_inr_mn sum; investor types from INVESTORS join
2026,Bengaluru,fintech,IPO (planned),unknown,new_or_mixed,3000.0,1,True,FUNDING.amount_inr_mn sum; investor types from INVESTORS join
2026,Mumbai,D2C Streetwear / Fashion,Shark Tank India Deal,unknown,new_or_mixed,3000.0,1,True,FUNDING.amount_inr_mn sum; investor types from INVESTORS join
2026,Gurugram,wealthtech,Series A,/VC,new_or_mixed,2800.0,1,True,FUNDING.amount_inr_mn sum; investor types from INVESTORS join
2026,Bengaluru,AI enterprise software services,seed,,new_or_mixed,2784.0,1,True,FUNDING.amount_inr_mn sum; investor types from INVESTORS join
2026,Pune,cleantech / circular economy / PET recycling,Credit line / project financing,,new_or_mixed,2740.5,1,True,FUNDING.amount_inr_mn sum; investor types from INVESTORS join
2026,Bengaluru,D2C jewellery,Debt,,new_or_mixed,2700.0,1,True,FUNDING.amount_inr_mn sum; investor types from INVESTORS join
2026,Bengaluru,spacetech analytics,Aggregate,unknown,new_or_mixed,2514.3,1,True,FUNDING.amount_inr_mn sum; investor types from INVESTORS join
2026,Hyderabad,data centres / digital infrastructure,Growth capital,,new_or_mixed,2500.0,1,True,FUNDING.amount_inr_mn sum; investor types from INVESTORS join
2026,Bengaluru,ecommerce,ESOP buyback,CVC-corporate,new_or_mixed,2175.0,1,True,FUNDING.amount_inr_mn sum; investor types from INVESTORS join
2026,Bengaluru,d2c travel,Series A,/VC/Venture Capital,new_or_mixed,2175.0,1,True,FUNDING.amount_inr_mn sum; investor types from INVESTORS join
2026,Delhi NCR,wealthtech,Pre-seed / Talks,Venture capital,new_or_mixed,2175.0,1,True,FUNDING.amount_inr_mn sum; investor types from INVESTORS join
2026,Ahmedabad,EV motorcycles,growth equity,,new_or_mixed,2175.0,1,True,FUNDING.amount_inr_mn sum; investor types from INVESTORS join
2026,Mumbai,fintech / NBFC,equity (first institutional),,new_or_mixed,2150.0,1,True,FUNDING.amount_inr_mn sum; investor types from INVESTORS join
2026,Bengaluru,Foodtech / 10-min food delivery,Private round (series unspecified),CVC-corporate,new_or_mixed,2088.0,1,True,FUNDING.amount_inr_mn sum; investor types from INVESTORS join
2026,Gurugram,ev battery swapping,series_c,VC/impact_fund,new_or_mixed,1855.0,1,True,FUNDING.amount_inr_mn sum; investor types from INVESTORS join
2026,Kolkata,foodtech/qsr,debt,unknown,new_or_mixed,1850.0,1,True,FUNDING.amount_inr_mn sum; investor types from INVESTORS join
2026,Bengaluru,ai agents,Series A,,new_or_mixed,1827.0,1,True,FUNDING.amount_inr_mn sum; investor types from INVESTORS join
2026,Bengaluru,spacetech launch,Series A,/CVC-corporate/VC,new_or_mixed,1783.5,1,True,FUNDING.amount_inr_mn sum; investor types from INVESTORS join
2026,Bengaluru,Foodtech / 10-min food delivery,Private round (reported),unknown,new_or_mixed,1740.0,1,True,FUNDING.amount_inr_mn sum; investor types from INVESTORS join
2026,Bengaluru,Spacetech Propulsion,Pre-Series B,/VC,new_or_mixed,1740.0,1,True,FUNDING.amount_inr_mn sum; investor types from INVESTORS join
2026,Delhi NCR,wealthtech,Maiden Round,Venture Capital/Venture capital,new_or_mixed,1740.0,1,True,FUNDING.amount_inr_mn sum; investor types from INVESTORS join
2026,Gurugram,geospatial intelligence,Series A,,new_or_mixed,1740.0,1,True,FUNDING.amount_inr_mn sum; investor types from INVESTORS join
2026,Bengaluru,d2c travel goods,Series C,unknown,new_or_mixed,1700.0,1,True,FUNDING.amount_inr_mn sum; investor types from INVESTORS join
2026,Mumbai,d2c beauty,Series D7,PE,new_or_mixed,1589.5,2,True,FUNDING.amount_inr_mn sum; investor types from INVESTORS join
2026,Mumbai,d2c beauty,Series D7 (MCA filing details),VC,new_or_mixed,1589.2,2,True,FUNDING.amount_inr_mn sum; investor types from INVESTORS join
2026,San Francisco,ai marketing saas,Series A,/Accelerator/Micro-VC/VC,new_or_mixed,1479.0,1,True,FUNDING.amount_inr_mn sum; investor types from INVESTORS join
2026,Bengaluru,ai ecommerce growth,Series B,unknown,new_or_mixed,1479.0,1,True,FUNDING.amount_inr_mn sum; investor types from INVESTORS join
2026,Bengaluru,semiconductor power,Series A (extension),/CVC-corporate/VC,new_or_mixed,1452.9,1,True,FUNDING.amount_inr_mn sum; investor types from INVESTORS join
2026,Mumbai,fintech (housing finance),Growth equity (two tranches),PE/VC/family office/PE,new_or_mixed,1450.0,1,True,FUNDING.amount_inr_mn sum; investor types from INVESTORS join
2026,Mumbai,fintech lending green,Debt,,new_or_mixed,1305.0,1,True,FUNDING.amount_inr_mn sum; investor types from INVESTORS join
2026,San Francisco,AI infrastructure / agentic tooling,Seed,VC,new_or_mixed,1305.0,1,True,FUNDING.amount_inr_mn sum; investor types from INVESTORS join
2026,Bengaluru,fintech / payments,Series A,,new_or_mixed,1305.0,1,True,FUNDING.amount_inr_mn sum; investor types from INVESTORS join
2026,Bengaluru,semiconductor power,Series A,/CVC-corporate/VC,new_or_mixed,1305.0,1,True,FUNDING.amount_inr_mn sum; investor types from INVESTORS join
2026,Bengaluru,cybersecurity,Series B,/VC,new_or_mixed,1305.0,1,True,FUNDING.amount_inr_mn sum; investor types from INVESTORS join
2026,Bengaluru,furniture rental / consumer services,IPO,,new_or_mixed,1255.6,1,True,FUNDING.amount_inr_mn sum; investor types from INVESTORS join
2026,Thane,B2B construction materials,debt,,new_or_mixed,1250.0,1,True,FUNDING.amount_inr_mn sum; investor types from INVESTORS join
2026,Mumbai,D2C footwear,Series B,/VC,new_or_mixed,1198.8,3,True,FUNDING.amount_inr_mn sum; investor types from INVESTORS join
2026,Pleasanton,AI / healthtech (pharmacovigilance),Series A,Software-focused VC/VC,new_or_mixed,1157.1,1,True,FUNDING.amount_inr_mn sum; investor types from INVESTORS join
2026,Noida,agritech / post-harvest,Co-investment,/Sovereign/Govt,new_or_mixed,1113.6,1,True,FUNDING.amount_inr_mn sum; investor types from INVESTORS join
2026,Bengaluru,D2C jewellery,Series C extension,/family office/PE,new_or_mixed,1100.0,1,True,FUNDING.amount_inr_mn sum; investor types from INVESTORS join
2026,Mumbai,ev two-wheeler,Series D,,new_or_mixed,1100.0,1,True,FUNDING.amount_inr_mn sum; investor types from INVESTORS join
2026,Mumbai,fintech,Series A,VC,new_or_mixed,1087.5,1,True,FUNDING.amount_inr_mn sum; investor types from INVESTORS join
2026,Gurugram,spiritual tech,Series A,,new_or_mixed,1044.0,1,True,FUNDING.amount_inr_mn sum; investor types from INVESTORS join
2026,Bengaluru,d2c / baby tech,Series A,unknown,new_or_mixed,1044.0,1,True,FUNDING.amount_inr_mn sum; investor types from INVESTORS join
2026,Bengaluru,WealthTech / Investment Tech,Series B (Extended),/VC,new_or_mixed,1009.2,1,True,FUNDING.amount_inr_mn sum; investor types from INVESTORS join
2026,Greater Noida,semiconductor motor control,Series A (reported by ET),unknown,new_or_mixed,900.0,1,True,FUNDING.amount_inr_mn sum; investor types from INVESTORS join
2026,Greater Noida,semiconductor motor control,Series A,/Angel/Fund Manager/VC,new_or_mixed,870.0,1,True,FUNDING.amount_inr_mn sum; investor types from INVESTORS join
2026,Bengaluru,mobility / fleet management,Series B,,new_or_mixed,870.0,1,True,FUNDING.amount_inr_mn sum; investor types from INVESTORS join
2026,Bengaluru,semiconductor ai gpu,Seed,/VC,new_or_mixed,696.0,1,True,FUNDING.amount_inr_mn sum; investor types from INVESTORS join
2026,Bengaluru,spacetech,Seed,,new_or_mixed,696.0,1,True,FUNDING.amount_inr_mn sum; investor types from INVESTORS join
2026,Pune,fintech/credit cards,Series D extension (Rs 72 Cr),VC,new_or_mixed,661.2,1,True,FUNDING.amount_inr_mn sum; investor types from INVESTORS join
2026,Gurugram,ev battery swapping,pre_series_c,unknown,new_or_mixed,660.0,1,True,FUNDING.amount_inr_mn sum; investor types from INVESTORS join
2026,Mumbai,healthtech,Pre-Series B,,new_or_mixed,650.0,1,True,FUNDING.amount_inr_mn sum; investor types from INVESTORS join
2026,Gurugram,travel AI,Series A,CVC-corporate/VC,new_or_mixed,610.0,1,True,FUNDING.amount_inr_mn sum; investor types from INVESTORS join
2026,Bengaluru,ev battery fast-charge,pre-Series B,,new_or_mixed,539.4,1,True,FUNDING.amount_inr_mn sum; investor types from INVESTORS join
2026,Bengaluru,agritech supply chain,Series E (tranche 1),unknown,new_or_mixed,522.0,1,True,FUNDING.amount_inr_mn sum; investor types from INVESTORS join
2026,Jaipur,enterprise data & AI solutions / services,debt,,new_or_mixed,452.4,1,True,FUNDING.amount_inr_mn sum; investor types from INVESTORS join
2026,Delhi NCR,fuel-tech,Series A,unknown,new_or_mixed,452.4,1,True,FUNDING.amount_inr_mn sum; investor types from INVESTORS join
2026,Delhi,ev commercial,Series E (equity),/VC,new_or_mixed,437.5,1,True,FUNDING.amount_inr_mn sum; investor types from INVESTORS join
2026,Chennai,D2C beauty / science-led skincare,Series A,unknown,new_or_mixed,435.0,1,True,FUNDING.amount_inr_mn sum; investor types from INVESTORS join
2026,Bengaluru,semiconductor cgra,Series A (2nd tranche),,new_or_mixed,420.0,1,True,FUNDING.amount_inr_mn sum; investor types from INVESTORS join
2026,Bengaluru,spacetech EO,Series A extension,/VC,new_or_mixed,417.6,1,True,FUNDING.amount_inr_mn sum; investor types from INVESTORS join
2026,Bengaluru,F&B / coffee chain (QSR),Private growth round (primary + small secondary),/PE/VC,new_or_mixed,408.0,1,True,FUNDING.amount_inr_mn sum; investor types from INVESTORS join
2026,Bengaluru,F&B / coffee chain (QSR),Series D,/PE/VC,new_or_mixed,408.0,1,True,FUNDING.amount_inr_mn sum; investor types from INVESTORS join
2026,Mumbai,cleantech / cooling,pre-Series A,/Angel/Other,new_or_mixed,391.5,1,True,FUNDING.amount_inr_mn sum; investor types from INVESTORS join
2026,Gurugram,insurtech,Corporate,unknown,new_or_mixed,385.0,1,True,FUNDING.amount_inr_mn sum; investor types from INVESTORS join
2026,Bengaluru,cybersecurity / quantum,Series A (cumulative),unknown,new_or_mixed,375.0,1,True,FUNDING.amount_inr_mn sum; investor types from INVESTORS join
2026,Mumbai,fintech / B2B pharma,pre-Series A,/VC,new_or_mixed,348.0,1,True,FUNDING.amount_inr_mn sum; investor types from INVESTORS join
2026,Noida,robotics / service robots (AMR),pre-Series A,,new_or_mixed,330.6,1,True,FUNDING.amount_inr_mn sum; investor types from INVESTORS join
2026,UNKNOWN,food / ethnic sweets,"private equity (minority, undisclosed stake)",unknown,new_or_mixed,300.0,1,True,FUNDING.amount_inr_mn sum; investor types from INVESTORS join
2026,Delhi,ev commercial,Series E (debt),/VC/Venture Debt,new_or_mixed,250.0,1,True,FUNDING.amount_inr_mn sum; investor types from INVESTORS join
2026,Bengaluru,spacetech analytics,Grant (Technology Adoption Fund),,new_or_mixed,246.0,1,True,FUNDING.amount_inr_mn sum; investor types from INVESTORS join
2026,Bengaluru,cybersecurity / quantum,Series A1,/PE/VC,new_or_mixed,200.0,1,True,FUNDING.amount_inr_mn sum; investor types from INVESTORS join
2026,Delhi,biotech cell/gene,undisclosed (life-sciences investment),,new_or_mixed,200.0,1,True,FUNDING.amount_inr_mn sum; investor types from INVESTORS join
2026,Mumbai,mobility / used-car leasing,Pre-Series A,,new_or_mixed,180.0,1,True,FUNDING.amount_inr_mn sum; investor types from INVESTORS join
2026,Bengaluru,d2c travel goods,Series C,/VC,new_or_mixed,170.0,1,True,FUNDING.amount_inr_mn sum; investor types from INVESTORS join
2026,Bengaluru,cybersecurity / quantum,Convertible debt,,new_or_mixed,150.0,1,True,FUNDING.amount_inr_mn sum; investor types from INVESTORS join
2026,Bengaluru,AI,seed,/VC,new_or_mixed,130.5,1,True,FUNDING.amount_inr_mn sum; investor types from INVESTORS join
2026,Gurugram,logistics packaging,Seed,unknown,new_or_mixed,120.0,1,True,FUNDING.amount_inr_mn sum; investor types from INVESTORS join
2026,Bengaluru,gaming,pre-seed,,new_or_mixed,105.0,1,True,FUNDING.amount_inr_mn sum; investor types from INVESTORS join
2026,Thane,fintech / embedded lending,seed,unknown,new_or_mixed,104.4,1,True,FUNDING.amount_inr_mn sum; investor types from INVESTORS join
2026,"Bengaluru, Karnataka",Mobility / road transport tech (bike taxi-led multimodal),Series F (secondary - ongoing),,new_or_mixed,100.0,1,True,FUNDING.amount_inr_mn sum; investor types from INVESTORS join
2026,Bengaluru,d2c travel goods,Series C (primary tranche),/VC,new_or_mixed,90.7,1,True,FUNDING.amount_inr_mn sum; investor types from INVESTORS join
2026,Greater Noida,semiconductor motor control,Series A (INR equivalent),unknown,new_or_mixed,90.5,1,True,FUNDING.amount_inr_mn sum; investor types from INVESTORS join
2026,Gurugram,ev mobility premium,Seed,,new_or_mixed,87.0,1,True,FUNDING.amount_inr_mn sum; investor types from INVESTORS join
2026,Mumbai,fintech / B2B pharma,venture debt,Venture Debt,new_or_mixed,78.3,1,True,FUNDING.amount_inr_mn sum; investor types from INVESTORS join
2026,Bengaluru,ai (BFSI enterprise),pre-seed,,new_or_mixed,66.0,2,True,FUNDING.amount_inr_mn sum; investor types from INVESTORS join
2026,Greater Noida,semiconductor motor control,Seed,unknown,new_or_mixed,43.5,1,True,FUNDING.amount_inr_mn sum; investor types from INVESTORS join
2026,Mumbai,AI data infrastructure,pre-seed,unknown,new_or_mixed,43.5,1,True,FUNDING.amount_inr_mn sum; investor types from INVESTORS join
2026,Mumbai,ai / voice ai,Series A,/Angel/VC,new_or_mixed,40.0,1,True,FUNDING.amount_inr_mn sum; investor types from INVESTORS join
2026,Gurugram,insurtech,Corporate Restructuring,/VC,new_or_mixed,38.5,1,True,FUNDING.amount_inr_mn sum; investor types from INVESTORS join
2026,Gurugram,watertech / AI water-infrastructure management,UNKNOWN (reported as Rs 22 Cr raise; $2.3M per discovery hint),,new_or_mixed,22.0,1,True,FUNDING.amount_inr_mn sum; investor types from INVESTORS join
2026,Mumbai,petcare / D2C pet nutrition,Growth capital,,new_or_mixed,19.0,1,True,FUNDING.amount_inr_mn sum; investor types from INVESTORS join
2026,Bengaluru,ai / contact centre,first round (pre-seed),,new_or_mixed,17.0,1,True,FUNDING.amount_inr_mn sum; investor types from INVESTORS join
2026,Bengaluru,homeservices,seed,,new_or_mixed,1.1,1,True,FUNDING.amount_inr_mn sum; investor types from INVESTORS join
