startup_id,metric,period,period_type,value,unit_raw,currency,value_type,source_id,confidence,notes
S0001,revenue_operations,FY24,fiscal_year,319.32,crore,INR,press-quoted-filing,SRC00018,HIGH,verbatim FINANCIALS passthrough; unit_raw as recorded
S0001,revenue_operations,FY25,fiscal_year,514.31,crore,INR,press-quoted-filing,SRC00018,HIGH,verbatim FINANCIALS passthrough; unit_raw as recorded
S0001,pat,FY25,fiscal_year,62.0,crore,INR,press-quoted-filing,SRC00003,HIGH,verbatim FINANCIALS passthrough; unit_raw as recorded
S0001,revenue_operations,FY24,fiscal_year,319.32,crore,INR,press-quoted-filing,SRC00018,HIGH,verbatim FINANCIALS passthrough; unit_raw as recorded
S0001,pat,FY24,fiscal_year,-97,crore,INR,press-quoted-filing,SRC00003,HIGH,verbatim FINANCIALS passthrough; unit_raw as recorded
S0001,revenue_operations,FY25,fiscal_year,514.31,crore,INR,press-quoted-filing,SRC00018,HIGH,verbatim FINANCIALS passthrough; unit_raw as recorded
S0001,pat,FY25,fiscal_year,62,crore,INR,press-quoted-filing,SRC00003,HIGH,verbatim FINANCIALS passthrough; unit_raw as recorded
S0001,net_profit_usd,FY25,fiscal_year,14,million,USD,press-quoted-filing,SRC00019,MEDIUM,verbatim FINANCIALS passthrough; unit_raw as recorded
S0001,total_revenue_alt,FY25,fiscal_year,539.5,crore,INR,press-quoted-filing,SRC00020,MEDIUM,verbatim FINANCIALS passthrough; unit_raw as recorded
S0002,"revenue (krazybee nbfc standalone, operating)",FY24,fiscal_year,1399.0,crore,INR,press-quoted-filing,SRC00034,HIGH,verbatim FINANCIALS passthrough; unit_raw as recorded
S0002,pat (krazybee nbfc standalone),FY24,fiscal_year,200.0,crore,INR,press-quoted-filing,SRC00034,HIGH,verbatim FINANCIALS passthrough; unit_raw as recorded
S0002,"pat (consolidated group, care/unaudited)",FY24,fiscal_year,285.0,crore,INR,press-quoted-filing,SRC00046,HIGH,verbatim FINANCIALS passthrough; unit_raw as recorded
S0002,"revenue (consolidated, press-quoted pre-audit)",FY25,fiscal_year,2712.0,crore,INR,management,SRC00033,MEDIUM,verbatim FINANCIALS passthrough; unit_raw as recorded
S0002,"pat (consolidated, press-quoted pre-audit)",FY25,fiscal_year,473.0,crore,INR,management,SRC00033,MEDIUM,verbatim FINANCIALS passthrough; unit_raw as recorded
S0002,operating revenue q3 (dec 2025 quarter),FY25,fiscal_year,805.0,crore,INR,management,SRC00032,MEDIUM,verbatim FINANCIALS passthrough; unit_raw as recorded
S0002,operating_revenue,FY26,fiscal_year,3025.0,crore,INR,press-quoted-filing,SRC00047,MEDIUM,verbatim FINANCIALS passthrough; unit_raw as recorded
S0002,net_profit,FY26,fiscal_year,478.0,crore,INR,press-quoted-filing,SRC00047,MEDIUM,verbatim FINANCIALS passthrough; unit_raw as recorded
S0002,total_revenue,FY25,fiscal_year,2712.0,crore,INR,press-quoted-filing,SRC00033,MEDIUM,verbatim FINANCIALS passthrough; unit_raw as recorded
S0002,net_profit,FY25,fiscal_year,473.0,crore,INR,press-quoted-filing,SRC00033,MEDIUM,verbatim FINANCIALS passthrough; unit_raw as recorded
S0002,revenue_from_operations,FY25,fiscal_year,589.7,crore,INR,audited,SRC00048,HIGH,verbatim FINANCIALS passthrough; unit_raw as recorded
S0002,net_profit,FY25,fiscal_year,237.0,crore,INR,audited,SRC00048,HIGH,verbatim FINANCIALS passthrough; unit_raw as recorded
S0002,total_income,FY25,fiscal_year,2712.0,crore,INR,press-quoted-filing,SRC00038,HIGH,verbatim FINANCIALS passthrough; unit_raw as recorded
S0002,revenue_from_operations,FY24,fiscal_year,1399.26,crore,INR,audited,SRC00034,HIGH,verbatim FINANCIALS passthrough; unit_raw as recorded
S0002,net_profit,FY24,fiscal_year,200.36,crore,INR,audited,SRC00049,HIGH,verbatim FINANCIALS passthrough; unit_raw as recorded
S0002,net_profit,FY24,fiscal_year,285.0,crore,INR,press-quoted-filing,SRC00050,HIGH,verbatim FINANCIALS passthrough; unit_raw as recorded
S0002,total_income,FY24,fiscal_year,1948.0,crore,INR,press-quoted-filing,SRC00038,HIGH,verbatim FINANCIALS passthrough; unit_raw as recorded
S0002,net_profit,9MFY26,fiscal_year,341.0,crore,INR,press-quoted-filing,SRC00038,MEDIUM,verbatim FINANCIALS passthrough; unit_raw as recorded
S0002,net_profit,9MFY25,fiscal_year,125.0,crore,INR,press-quoted-filing,SRC00038,MEDIUM,verbatim FINANCIALS passthrough; unit_raw as recorded
S0003,revenue from operations,FY25,fiscal_year,7115.0,crore,INR,press-quoted-filing,SRC00071,HIGH,verbatim FINANCIALS passthrough; unit_raw as recorded
S0003,net loss (consolidated),FY25,fiscal_year,-1727.0,crore,INR,press-quoted-filing,SRC00080,HIGH,verbatim FINANCIALS passthrough; unit_raw as recorded
S0003,adjusted pat (ex-esop),FY25,fiscal_year,630.0,crore,INR,management,SRC00071,MEDIUM,verbatim FINANCIALS passthrough; unit_raw as recorded
S0003,revenue from operations,FY24,fiscal_year,5064.0,crore,INR,press-quoted-filing,SRC00071,MEDIUM,verbatim FINANCIALS passthrough; unit_raw as recorded
S0003,"revenue (6 months to sep 2025, +22% yoy)",H1-FY26,fiscal_year,3918.0,crore,INR,press-quoted-filing,SRC00073,HIGH,verbatim FINANCIALS passthrough; unit_raw as recorded
S0003,revenue from operations,FY25,fiscal_year,7115.0,crore,INR,press-quoted-filing,SRC00071,HIGH,verbatim FINANCIALS passthrough; unit_raw as recorded
S0003,net loss (consolidated),FY25,fiscal_year,-1727.0,crore,INR,press-quoted-filing,SRC00080,HIGH,verbatim FINANCIALS passthrough; unit_raw as recorded
S0003,adjusted pat (ex-esop),FY25,fiscal_year,630.0,crore,INR,management,SRC00071,MEDIUM,verbatim FINANCIALS passthrough; unit_raw as recorded
S0003,revenue from operations,FY24,fiscal_year,5064.0,crore,INR,press-quoted-filing,SRC00071,HIGH,verbatim FINANCIALS passthrough; unit_raw as recorded
S0003,"revenue (6 months to sep 2025, +22% yoy)",H1-FY26,fiscal_year,3918.0,crore,INR,press-quoted-filing,SRC00073,MEDIUM,verbatim FINANCIALS passthrough; unit_raw as recorded
S0004,consolidated revenue,FY25,fiscal_year,3783.0,crore,INR,management,SRC00090,HIGH,verbatim FINANCIALS passthrough; unit_raw as recorded
S0004,gross profit,FY25,fiscal_year,1277.0,crore,INR,management,SRC00090,HIGH,verbatim FINANCIALS passthrough; unit_raw as recorded
S0004,esop expense (reverse-flip linked),FY25,fiscal_year,1209.0,crore,INR,management,SRC00091,HIGH,verbatim FINANCIALS passthrough; unit_raw as recorded
S0004,consolidated revenue,FY24,fiscal_year,2296.0,crore,INR,management,SRC00090,HIGH,verbatim FINANCIALS passthrough; unit_raw as recorded
S0004,gross profit,FY24,fiscal_year,906.0,crore,INR,management,SRC00090,HIGH,verbatim FINANCIALS passthrough; unit_raw as recorded
S0005,"revenue (roc, +129% yoy)",FY25,fiscal_year,9669.0,crore,INR,press-quoted-filing,SRC00106,HIGH,verbatim FINANCIALS passthrough; unit_raw as recorded
S0005,"net loss (roc, ~3x yoy)",FY25,fiscal_year,-3367.0,crore,INR,press-quoted-filing,SRC00106,HIGH,verbatim FINANCIALS passthrough; unit_raw as recorded
S0005,"cash on books (mar 31, 2026 company release via forbes)",FY26-Q1,fiscal_year,5681.0,crore,INR,management,SRC00108,MEDIUM,verbatim FINANCIALS passthrough; unit_raw as recorded
S0005,total_revenue,FY24,fiscal_year,4455.0,crore,INR,DRHP,SRC00108,HIGH,verbatim FINANCIALS passthrough; unit_raw as recorded
S0005,net_loss,FY24,fiscal_year,1214.79,crore,INR,DRHP,SRC00108,HIGH,verbatim FINANCIALS passthrough; unit_raw as recorded
S0005,total_revenue,FY25,fiscal_year,11110.0,crore,INR,DRHP,SRC00108,HIGH,verbatim FINANCIALS passthrough; unit_raw as recorded
S0005,net_loss,FY25,fiscal_year,4699.71,crore,INR,DRHP,SRC00108,HIGH,verbatim FINANCIALS passthrough; unit_raw as recorded
S0005,total_revenue,FY26,fiscal_year,22624.0,crore,INR,DRHP,SRC00108,HIGH,verbatim FINANCIALS passthrough; unit_raw as recorded
S0005,net_loss,FY26,fiscal_year,5905.19,crore,INR,DRHP,SRC00108,HIGH,verbatim FINANCIALS passthrough; unit_raw as recorded
S0005,cash_balance,FY24,fiscal_year,1688.0,crore,INR,DRHP,SRC00108,HIGH,verbatim FINANCIALS passthrough; unit_raw as recorded
S0005,cash_balance,FY25,fiscal_year,7441.0,crore,INR,DRHP,SRC00108,HIGH,verbatim FINANCIALS passthrough; unit_raw as recorded
S0005,cash_balance,FY26,fiscal_year,5681.0,crore,INR,management,SRC00108,HIGH,verbatim FINANCIALS passthrough; unit_raw as recorded
S0005,operating_cash_flow,FY26,fiscal_year,-3462.0,crore,INR,DRHP,SRC00108,HIGH,verbatim FINANCIALS passthrough; unit_raw as recorded
S0005,free_cash_flow,FY26,fiscal_year,-4330.0,crore,INR,DRHP,SRC00108,HIGH,verbatim FINANCIALS passthrough; unit_raw as recorded
S0005,advertising_revenue,FY25,fiscal_year,651.2,crore,INR,DRHP,SRC00108,HIGH,verbatim FINANCIALS passthrough; unit_raw as recorded
S0005,advertising_revenue,FY26,fiscal_year,1635.7,crore,INR,DRHP,SRC00108,HIGH,verbatim FINANCIALS passthrough; unit_raw as recorded
S0005,advertising_revenue,FY24,fiscal_year,49.2,crore,INR,DRHP,SRC00108,HIGH,verbatim FINANCIALS passthrough; unit_raw as recorded
S0006,revenue,FY27 (PROJECTED),fiscal_year,3,x,USD,management,SRC00123,MEDIUM,verbatim FINANCIALS passthrough; unit_raw as recorded
S0007,revenue_from_operations,FY25,fiscal_year,1163,crore,INR,press-quoted-filing,SRC00140,HIGH,verbatim FINANCIALS passthrough; unit_raw as recorded
S0007,pat,FY25,fiscal_year,-69,crore,INR,press-quoted-filing,SRC00140,HIGH,verbatim FINANCIALS passthrough; unit_raw as recorded
S0007,revenue_from_operations,FY26,fiscal_year,1506,crore,INR,management,SRC00139,HIGH,verbatim FINANCIALS passthrough; unit_raw as recorded
S0007,pat,FY26,fiscal_year,72,crore,INR,management,SRC00139,HIGH,verbatim FINANCIALS passthrough; unit_raw as recorded
S0007,revenue_from_operations,FY24,fiscal_year,879,crore,INR,press-quoted-filing,SRC00140,MEDIUM,verbatim FINANCIALS passthrough; unit_raw as recorded
S0008,operating_revenue,FY25,fiscal_year,2735,crore,INR,management,SRC00147,HIGH,verbatim FINANCIALS passthrough; unit_raw as recorded
S0008,operating_loss,FY25,fiscal_year,298,crore,INR,management,SRC00147,HIGH,verbatim FINANCIALS passthrough; unit_raw as recorded
S0008,net_loss,FY25,fiscal_year,1457,crore,INR,management,SRC00147,HIGH,verbatim FINANCIALS passthrough; unit_raw as recorded
S0008,operating_revenue,FY24,fiscal_year,2473,crore,INR,press-quoted-filing,SRC00148,HIGH,verbatim FINANCIALS passthrough; unit_raw as recorded
S0008,net_loss,FY24,fiscal_year,1644,crore,INR,press-quoted-filing,SRC00148,HIGH,verbatim FINANCIALS passthrough; unit_raw as recorded
S0009,total_revenue,FY24,fiscal_year,392,crore,INR,press-quoted-filing,SRC00155,MEDIUM,verbatim FINANCIALS passthrough; unit_raw as recorded
S0009,arr_target,FY25,fiscal_year,100,million,USD,management,SRC00165,MEDIUM,verbatim FINANCIALS passthrough; unit_raw as recorded
S0010,arr_run_rate,FY26,fiscal_year,100,million,USD,management,SRC00173,MEDIUM,verbatim FINANCIALS passthrough; unit_raw as recorded
S0010,arr,FY26,fiscal_year,120,million,USD,management,SRC00169,MEDIUM,verbatim FINANCIALS passthrough; unit_raw as recorded
S0011,total_revenue,FY25,fiscal_year,4056.0,crore,INR,press-quoted-filing,SRC00176,MEDIUM,verbatim FINANCIALS passthrough; unit_raw as recorded
S0011,net_profit,FY25,fiscal_year,1819.0,crore,INR,press-quoted-filing,SRC00176,MEDIUM,verbatim FINANCIALS passthrough; unit_raw as recorded
S0011,net_profit,FY24,fiscal_year,-805.0,crore,INR,press-quoted-filing,SRC00176,MEDIUM,verbatim FINANCIALS passthrough; unit_raw as recorded
S0011,revenue,FY24,fiscal_year,3145.0,crore,INR,press-quoted-filing,SRC00176,MEDIUM,verbatim FINANCIALS passthrough; unit_raw as recorded
S0011,operating_revenue_q3fy26,FY25,fiscal_year,1216.0,crore,INR,management,SRC00204,HIGH,verbatim FINANCIALS passthrough; unit_raw as recorded
S0011,fy25 net profit,FY25,fiscal_year,1819.0,crore,INR,press-quoted-filing,SRC00181,HIGH,verbatim FINANCIALS passthrough; unit_raw as recorded
S0011,fy25 revenue,FY25,fiscal_year,4056.0,crore,INR,press-quoted-filing,SRC00181,HIGH,verbatim FINANCIALS passthrough; unit_raw as recorded
S0011,ipo proceeds,FY26,fiscal_year,6632.3,crore,INR,press-quoted-filing,SRC00182,HIGH,verbatim FINANCIALS passthrough; unit_raw as recorded
S0011,fy25 net profit,FY25,fiscal_year,1819.0,crore,INR,press-quoted-filing,SRC00181,HIGH,verbatim FINANCIALS passthrough; unit_raw as recorded
S0011,fy25 revenue,FY25,fiscal_year,4056.0,crore,INR,press-quoted-filing,SRC00181,HIGH,verbatim FINANCIALS passthrough; unit_raw as recorded
S0011,ipo proceeds,FY26,fiscal_year,6632.3,crore,INR,press-quoted-filing,SRC00182,HIGH,verbatim FINANCIALS passthrough; unit_raw as recorded
S0011,operating_revenue,FY25,fiscal_year,3901.72,crore,INR,DRHP,SRC00205,HIGH,verbatim FINANCIALS passthrough; unit_raw as recorded
S0011,total_income,Q1 FY26,fiscal_year,9485,million,INR,press-quoted-filing,SRC00194,MEDIUM,verbatim FINANCIALS passthrough; unit_raw as recorded
S0011,revenue_from_operations,Q1 FY26,fiscal_year,904,crore,INR,press-quoted-filing,SRC00193,HIGH,verbatim FINANCIALS passthrough; unit_raw as recorded
S0011,net_profit,Q1 FY26,fiscal_year,378,crore,INR,press-quoted-filing,SRC00193,HIGH,verbatim FINANCIALS passthrough; unit_raw as recorded
S0011,revenue_from_operations,Q2 FY26,fiscal_year,1018.7,crore,INR,press-quoted-filing,SRC00193,HIGH,verbatim FINANCIALS passthrough; unit_raw as recorded
S0011,net_profit,Q2 FY26,fiscal_year,471.3,crore,INR,press-quoted-filing,SRC00193,HIGH,verbatim FINANCIALS passthrough; unit_raw as recorded
S0011,total_income,Q2 FY26,fiscal_year,10708,million,INR,press-quoted-filing,SRC00195,MEDIUM,verbatim FINANCIALS passthrough; unit_raw as recorded
S0011,revenue_from_operations,H1 FY26,fiscal_year,1923,crore,INR,press-quoted-filing,SRC00193,HIGH,verbatim FINANCIALS passthrough; unit_raw as recorded
S0011,net_profit,H1 FY26,fiscal_year,850,crore,INR,press-quoted-filing,SRC00193,HIGH,verbatim FINANCIALS passthrough; unit_raw as recorded
S0011,total_income,Q3 FY26,fiscal_year,12611,million,INR,press-quoted-filing,SRC00194,MEDIUM,verbatim FINANCIALS passthrough; unit_raw as recorded
S0011,net_profit,Q3 FY26,fiscal_year,5469,million,INR,press-quoted-filing,SRC00194,MEDIUM,verbatim FINANCIALS passthrough; unit_raw as recorded
S0011,total_income,Q4 FY26,fiscal_year,15355,million,INR,press-quoted-filing,SRC00194,MEDIUM,verbatim FINANCIALS passthrough; unit_raw as recorded
S0011,revenue_from_operations,Q4 FY26,fiscal_year,14684,million,INR,press-quoted-filing,SRC00194,MEDIUM,verbatim FINANCIALS passthrough; unit_raw as recorded
S0011,net_profit,Q4 FY26,fiscal_year,6864,million,INR,press-quoted-filing,SRC00194,MEDIUM,verbatim FINANCIALS passthrough; unit_raw as recorded
S0011,revenue_from_operations,Q1 FY27,fiscal_year,1501,crore,INR,press-quoted-filing,SRC00197,HIGH,verbatim FINANCIALS passthrough; unit_raw as recorded
S0011,net_profit,Q1 FY27,fiscal_year,735,crore,INR,press-quoted-filing,SRC00197,HIGH,verbatim FINANCIALS passthrough; unit_raw as recorded
S0012,revenue (india unit),FY25,fiscal_year,1943.0,crore,INR,press-quoted-filing,SRC00218,MEDIUM,verbatim FINANCIALS passthrough; unit_raw as recorded
S0012,net_profit (india unit),FY25,fiscal_year,26.0,crore,INR,press-quoted-filing,SRC00218,MEDIUM,verbatim FINANCIALS passthrough; unit_raw as recorded
S0012,revenue (india entity),FY23,fiscal_year,1618.6,crore,INR,press-quoted-filing,SRC00219,MEDIUM,verbatim FINANCIALS passthrough; unit_raw as recorded
S0012,india unit fy25 revenue,FY25,fiscal_year,1943.0,crore,INR,press-quoted-filing,SRC00222,HIGH,verbatim FINANCIALS passthrough; unit_raw as recorded
S0012,india unit fy25 net profit,FY25,fiscal_year,26.0,crore,INR,press-quoted-filing,SRC00222,HIGH,verbatim FINANCIALS passthrough; unit_raw as recorded
S0012,india unit fy25 revenue,FY25,fiscal_year,1943.0,crore,INR,press-quoted-filing,SRC00222,HIGH,verbatim FINANCIALS passthrough; unit_raw as recorded
S0012,india unit fy25 net profit,FY25,fiscal_year,26.0,crore,INR,press-quoted-filing,SRC00222,HIGH,verbatim FINANCIALS passthrough; unit_raw as recorded
S0013,revenue,FY26,fiscal_year,300.0,crore,INR,management,SRC00241,MEDIUM,verbatim FINANCIALS passthrough; unit_raw as recorded
S0013,pat margin,FY26,fiscal_year,10.0,percent,INR,management,SRC00241,MEDIUM,verbatim FINANCIALS passthrough; unit_raw as recorded
S0013,revenue (legal entity),FY24,fiscal_year,3.09,crore,INR,press-quoted-filing,SRC00259,LOW,verbatim FINANCIALS passthrough; unit_raw as recorded
S0013,revenue,FY24,fiscal_year,3.09,crore,INR,press-quoted-filing,SRC00259,LOW,verbatim FINANCIALS passthrough; unit_raw as recorded
S0013,revenue,FY25,fiscal_year,100.0,crore,INR,estimate,SRC00241,LOW,verbatim FINANCIALS passthrough; unit_raw as recorded
S0013,total_revenue,FY26,fiscal_year,300.0,crore,INR,management,SRC00241,MEDIUM,verbatim FINANCIALS passthrough; unit_raw as recorded
S0013,pat_margin,FY26,fiscal_year,10.0,percent,INR,management,SRC00241,MEDIUM,verbatim FINANCIALS passthrough; unit_raw as recorded
S0014,"turnover (unaudited, per hcltech reg-30 filing)",FY26,fiscal_year,45.1,crore,INR,management,SRC00266,MEDIUM,verbatim FINANCIALS passthrough; unit_raw as recorded
S0015,total_income,FY26,fiscal_year,1402.7,crore,INR,audited,SRC00277,HIGH,verbatim FINANCIALS passthrough; unit_raw as recorded
S0015,pat,FY26,fiscal_year,48.4,crore,INR,audited,SRC00277,HIGH,verbatim FINANCIALS passthrough; unit_raw as recorded
S0015,pat,FY25,fiscal_year,-216.7,crore,INR,audited,SRC00277,HIGH,verbatim FINANCIALS passthrough; unit_raw as recorded
S0015,total_income,FY25,fiscal_year,603.8,crore,INR,audited,SRC00277,HIGH,verbatim FINANCIALS passthrough; unit_raw as recorded
S0015,total_income,FY27-Q1,fiscal_year,413.8,crore,INR,press-quoted-filing,SRC00285,MEDIUM,verbatim FINANCIALS passthrough; unit_raw as recorded
S0016,operating revenue,FY25,fiscal_year,1569.3,crore,INR,audited,SRC00289,HIGH,verbatim FINANCIALS passthrough; unit_raw as recorded
S0016,net loss (pat),FY25,fiscal_year,-273.7,crore,INR,audited,SRC00289,HIGH,verbatim FINANCIALS passthrough; unit_raw as recorded
S0016,"ebitda (ind-as, incl. one-offs)",FY25,fiscal_year,15,crore,INR,management,SRC00317,MEDIUM,verbatim FINANCIALS passthrough; unit_raw as recorded
S0016,"revenue (11-mo provisional, unaudited)",FY26,fiscal_year,1532,crore,INR,management,SRC00291,LOW,verbatim FINANCIALS passthrough; unit_raw as recorded
S0016,total_revenue,FY25,fiscal_year,1569.3,crore,INR,audited,SRC00289,HIGH,verbatim FINANCIALS passthrough; unit_raw as recorded
S0016,net_profit,FY25,fiscal_year,-273.7,crore,INR,audited,SRC00289,HIGH,verbatim FINANCIALS passthrough; unit_raw as recorded
S0016,ebitda,FY25,fiscal_year,15,crore,INR,management,SRC00317,MEDIUM,verbatim FINANCIALS passthrough; unit_raw as recorded
S0016,gross_revenue,FY25,fiscal_year,1943,crore,INR,press-quoted-filing,SRC00317,MEDIUM,verbatim FINANCIALS passthrough; unit_raw as recorded
S0016,revenue_11mo_provisional,FY26,fiscal_year,1532,crore,INR,management,SRC00291,LOW,verbatim FINANCIALS passthrough; unit_raw as recorded
S0016,pat_provisional,FY26,fiscal_year,38,crore,INR,management,SRC00291,LOW,verbatim FINANCIALS passthrough; unit_raw as recorded
S0016,deferred_revenue,FY25,fiscal_year,530,crore,INR,press-quoted-filing,SRC00318,LOW,verbatim FINANCIALS passthrough; unit_raw as recorded
S0017,indian entity standalone revenue,FY25,fiscal_year,771,crore,INR,press-quoted-filing,SRC00334,HIGH,verbatim FINANCIALS passthrough; unit_raw as recorded
S0017,indian entity revenue / pat,FY24,fiscal_year,682.0,crore,INR,press-quoted-filing,SRC00333,MEDIUM,verbatim FINANCIALS passthrough; unit_raw as recorded
S0017,ireland-filings pat on turnover ~$170m,FY23,fiscal_year,125.0,million,USD,press-quoted-filing,SRC00333,MEDIUM,verbatim FINANCIALS passthrough; unit_raw as recorded
S0017,indian entity standalone revenue,FY25,fiscal_year,771,crore,INR,press-quoted-filing,SRC00334,HIGH,verbatim FINANCIALS passthrough; unit_raw as recorded
S0017,indian entity revenue,FY24,fiscal_year,682,crore,INR,press-quoted-filing,SRC00333,MEDIUM,verbatim FINANCIALS passthrough; unit_raw as recorded
S0017,indian entity pat,FY24,fiscal_year,129,crore,INR,press-quoted-filing,SRC00333,MEDIUM,verbatim FINANCIALS passthrough; unit_raw as recorded
S0017,ireland-filings pat on turnover,FY23,fiscal_year,125,million,USD,press-quoted-filing,SRC00333,MEDIUM,verbatim FINANCIALS passthrough; unit_raw as recorded
S0017,group revenue (estimated),,fiscal_year,235,million,USD,estimate,SRC00342,MEDIUM,verbatim FINANCIALS passthrough; unit_raw as recorded
S0017,revenue guidance,,fiscal_year,300,million,USD,management,SRC00334,MEDIUM,verbatim FINANCIALS passthrough; unit_raw as recorded
S0018,profit_after_tax,FY25,fiscal_year,408,crore,INR,press-quoted-filing,SRC00353,HIGH,verbatim FINANCIALS passthrough; unit_raw as recorded
S0018,revenue,FY25,fiscal_year,900,crore,INR,press-quoted-filing,SRC00352,HIGH,verbatim FINANCIALS passthrough; unit_raw as recorded
S0018,profit_after_tax,FY26,fiscal_year,325.8,crore,INR,press-quoted-filing,SRC00355,MEDIUM,verbatim FINANCIALS passthrough; unit_raw as recorded
S0018,total_revenue,FY24,fiscal_year,373,crore,INR,press-quoted-filing,SRC00352,HIGH,verbatim FINANCIALS passthrough; unit_raw as recorded
S0018,net_profit,FY24,fiscal_year,177,crore,INR,press-quoted-filing,SRC00352,HIGH,verbatim FINANCIALS passthrough; unit_raw as recorded
S0018,total_revenue,FY25,fiscal_year,876,crore,INR,press-quoted-filing,SRC00353,HIGH,verbatim FINANCIALS passthrough; unit_raw as recorded
S0018,net_profit,FY25,fiscal_year,408,crore,INR,press-quoted-filing,SRC00353,HIGH,verbatim FINANCIALS passthrough; unit_raw as recorded
S0018,total_revenue,FY26,fiscal_year,904.9,crore,INR,press-quoted-filing,SRC00355,HIGH,verbatim FINANCIALS passthrough; unit_raw as recorded
S0018,net_profit,FY26,fiscal_year,325.8,crore,INR,press-quoted-filing,SRC00355,HIGH,verbatim FINANCIALS passthrough; unit_raw as recorded
S0018,net_worth,FY26,fiscal_year,916.1,crore,INR,press-quoted-filing,SRC00355,HIGH,verbatim FINANCIALS passthrough; unit_raw as recorded
S0019,revenue_from_operations,FY24,fiscal_year,5664,crore,INR,press-quoted-filing,SRC00369,MEDIUM,verbatim FINANCIALS passthrough; unit_raw as recorded
S0019,total_revenue,FY22,fiscal_year,5729,crore,INR,audited,SRC00387,HIGH,verbatim FINANCIALS passthrough; unit_raw as recorded
S0019,total_revenue,FY26,fiscal_year,6869,crore,INR,press-quoted-filing,SRC00386,MEDIUM,verbatim FINANCIALS passthrough; unit_raw as recorded
S0019,pat,FY22,fiscal_year,-3993,crore,INR,audited,SRC00387,HIGH,verbatim FINANCIALS passthrough; unit_raw as recorded
S0019,total_revenue,FY23,fiscal_year,6644,crore,INR,audited,SRC00394,HIGH,verbatim FINANCIALS passthrough; unit_raw as recorded
S0019,pat,FY23,fiscal_year,-5211,crore,INR,audited,SRC00394,HIGH,verbatim FINANCIALS passthrough; unit_raw as recorded
S0019,total_revenue,FY24,fiscal_year,5664,crore,INR,audited,SRC00382,HIGH,verbatim FINANCIALS passthrough; unit_raw as recorded
S0019,pat,FY24,fiscal_year,-2533,crore,INR,audited,SRC00382,HIGH,verbatim FINANCIALS passthrough; unit_raw as recorded
S0019,total_revenue,FY25,fiscal_year,5872,crore,INR,audited,SRC00383,HIGH,verbatim FINANCIALS passthrough; unit_raw as recorded
S0019,pat,FY25,fiscal_year,-1572,crore,INR,audited,SRC00387,HIGH,verbatim FINANCIALS passthrough; unit_raw as recorded
S0019,ebitda,FY26,fiscal_year,62.5,crore,INR,press-quoted-filing,SRC00386,MEDIUM,verbatim FINANCIALS passthrough; unit_raw as recorded
S0019,gmv,FY24,fiscal_year,14351,crore,INR,press-quoted-filing,SRC00395,MEDIUM,verbatim FINANCIALS passthrough; unit_raw as recorded
S0020,revenue from operations,FY25,fiscal_year,158.5,crore,INR,press-quoted-filing,SRC00411,HIGH,verbatim FINANCIALS passthrough; unit_raw as recorded
S0020,revenue from operations,FY24,fiscal_year,88.5,crore,INR,press-quoted-filing,SRC00411,HIGH,verbatim FINANCIALS passthrough; unit_raw as recorded
S0020,revenue target fy26,FY26,fiscal_year,300.0,INR crore,INR,management,SRC00413,MEDIUM,verbatim FINANCIALS passthrough; unit_raw as recorded
S0021,operating_revenue,FY23,fiscal_year,1000,crore,INR,press-quoted-filing,SRC00430,MEDIUM,verbatim FINANCIALS passthrough; unit_raw as recorded
S0021,operating_revenue,FY23,fiscal_year,1000,crore,INR,press-quoted-filing,SRC00430,MEDIUM,verbatim FINANCIALS passthrough; unit_raw as recorded
S0021,total_revenue,FY25,fiscal_year,1208,crore,INR,press-quoted-filing,SRC00431,HIGH,verbatim FINANCIALS passthrough; unit_raw as recorded
S0021,net_profit,FY25,fiscal_year,215,crore,INR,press-quoted-filing,SRC00431,HIGH,verbatim FINANCIALS passthrough; unit_raw as recorded
S0021,ebitda_growth,FY26,fiscal_year,120,percent,INR,management,SRC00431,MEDIUM,verbatim FINANCIALS passthrough; unit_raw as recorded
S0021,net_profit_multiple,FY26,fiscal_year,2.25,x,INR,management,SRC00431,MEDIUM,verbatim FINANCIALS passthrough; unit_raw as recorded
S0021,revenue_growth_yoy,FY25,fiscal_year,9,percent,INR,management,SRC00431,HIGH,verbatim FINANCIALS passthrough; unit_raw as recorded
S0022,operating_revenue,FY25,fiscal_year,4561,crore,INR,press-quoted-filing,SRC00446,HIGH,verbatim FINANCIALS passthrough; unit_raw as recorded
S0022,pat,FY25,fiscal_year,-1055,crore,INR,press-quoted-filing,SRC00446,HIGH,verbatim FINANCIALS passthrough; unit_raw as recorded
S0022,operating_revenue,FY24,fiscal_year,5706.6,crore,INR,press-quoted-filing,SRC00447,MEDIUM,verbatim FINANCIALS passthrough; unit_raw as recorded
S0022,pat,FY24,fiscal_year,-1674.1,crore,INR,press-quoted-filing,SRC00447,MEDIUM,verbatim FINANCIALS passthrough; unit_raw as recorded
S0023,operating_revenue,FY25,fiscal_year,2836.8,crore,INR,press-quoted-filing,SRC00459,HIGH,verbatim FINANCIALS passthrough; unit_raw as recorded
S0023,net_loss,FY25,fiscal_year,-424.4,crore,INR,press-quoted-filing,SRC00459,HIGH,verbatim FINANCIALS passthrough; unit_raw as recorded
S0023,operating_revenue,FY24,fiscal_year,2106.3,crore,INR,press-quoted-filing,SRC00459,HIGH,verbatim FINANCIALS passthrough; unit_raw as recorded
S0023,net_loss,FY24,fiscal_year,-669.9,crore,INR,press-quoted-filing,SRC00459,HIGH,verbatim FINANCIALS passthrough; unit_raw as recorded
S0023,fy25 operating revenue,FY25,fiscal_year,2837.0,crore,INR,press-quoted-filing,SRC00463,HIGH,verbatim FINANCIALS passthrough; unit_raw as recorded
S0023,fy25 total income,FY25,fiscal_year,2887.0,crore,INR,press-quoted-filing,SRC00459,HIGH,verbatim FINANCIALS passthrough; unit_raw as recorded
S0023,fy25 net loss,FY25,fiscal_year,424.0,crore,INR,press-quoted-filing,SRC00459,HIGH,verbatim FINANCIALS passthrough; unit_raw as recorded
S0023,fy24 operating revenue,FY24,fiscal_year,2106.0,crore,INR,press-quoted-filing,SRC00463,HIGH,verbatim FINANCIALS passthrough; unit_raw as recorded
S0023,fy25 operating revenue,FY25,fiscal_year,2837.0,crore,INR,press-quoted-filing,SRC00463,HIGH,verbatim FINANCIALS passthrough; unit_raw as recorded
S0023,fy25 total income,FY25,fiscal_year,2887.0,crore,INR,press-quoted-filing,SRC00459,HIGH,verbatim FINANCIALS passthrough; unit_raw as recorded
S0023,fy25 net loss,FY25,fiscal_year,424.0,crore,INR,press-quoted-filing,SRC00459,HIGH,verbatim FINANCIALS passthrough; unit_raw as recorded
S0023,fy24 operating revenue,FY24,fiscal_year,2106.0,crore,INR,press-quoted-filing,SRC00463,HIGH,verbatim FINANCIALS passthrough; unit_raw as recorded
S0024,operating_revenue,FY23,fiscal_year,45.6,crore,INR,press-quoted-filing,SRC00476,HIGH,verbatim FINANCIALS passthrough; unit_raw as recorded
S0024,operating_revenue,FY22,fiscal_year,248.6,crore,INR,press-quoted-filing,SRC00476,HIGH,verbatim FINANCIALS passthrough; unit_raw as recorded
S0024,operating_revenue (singapore parent chain labs),FY25,fiscal_year,14.6,million,USD,press-quoted-filing,SRC00475,MEDIUM,verbatim FINANCIALS passthrough; unit_raw as recorded
S0024,pat (parent),FY25,fiscal_year,-37.6,million,USD,press-quoted-filing,SRC00475,MEDIUM,verbatim FINANCIALS passthrough; unit_raw as recorded
S0024,standalone revenue (venture intelligence),FY25,fiscal_year,90.81,crore,INR,press-quoted-filing,SRC00484,MEDIUM,verbatim FINANCIALS passthrough; unit_raw as recorded
S0025,operating_revenue (drhp),FY26,fiscal_year,1720.6,crore,INR,audited,SRC00490,HIGH,verbatim FINANCIALS passthrough; unit_raw as recorded
S0025,operating_revenue,FY25,fiscal_year,1215.5,crore,INR,press-quoted-filing,SRC00509,HIGH,verbatim FINANCIALS passthrough; unit_raw as recorded
S0025,pat,FY25,fiscal_year,-480.8,crore,INR,press-quoted-filing,SRC00509,HIGH,verbatim FINANCIALS passthrough; unit_raw as recorded
S0025,pat,FY26,fiscal_year,-252,crore,INR,press-quoted-filing,SRC00510,MEDIUM,verbatim FINANCIALS passthrough; unit_raw as recorded
S0025,adjusted ebitda margin,FY26,fiscal_year,8.41,percent,INR,press-quoted-filing,SRC00490,HIGH,verbatim FINANCIALS passthrough; unit_raw as recorded
S0025,revenue from operations,FY26,fiscal_year,1720.6,crore,INR,press-quoted-filing,SRC00490,HIGH,verbatim FINANCIALS passthrough; unit_raw as recorded
S0025,revenue from operations,FY25,fiscal_year,1262.9,crore,INR,press-quoted-filing,SRC00490,HIGH,verbatim FINANCIALS passthrough; unit_raw as recorded
S0025,adjusted ebitda margin,FY26,fiscal_year,8.41,percent,INR,press-quoted-filing,SRC00490,HIGH,verbatim FINANCIALS passthrough; unit_raw as recorded
S0025,revenue from operations,FY24,fiscal_year,927.0,crore,INR,press-quoted-filing,SRC00494,HIGH,verbatim FINANCIALS passthrough; unit_raw as recorded
S0025,revenue (tracxn/cin u74999ka2016ptc093524),FY25,fiscal_year,1270.0,crore,INR,database,SRC00495,MEDIUM,verbatim FINANCIALS passthrough; unit_raw as recorded
S0025,revenue (cultfit healthcare entity),FY25,fiscal_year,582.38,crore,INR,database,SRC00496,MEDIUM,verbatim FINANCIALS passthrough; unit_raw as recorded
S0026,revenue_arr,FY24,fiscal_year,10.9,,USD,estimate,SRC00527,LOW,verbatim FINANCIALS passthrough; unit_raw as recorded
S0026,revenue,FY24,fiscal_year,3.7,crore,INR,database,SRC00519,LOW,verbatim FINANCIALS passthrough; unit_raw as recorded
S0029,operating_revenue,FY24,fiscal_year,279.2,crore,INR,audited,SRC00559,HIGH,verbatim FINANCIALS passthrough; unit_raw as recorded
S0029,net_loss,FY24,fiscal_year,162.2,crore,INR,audited,SRC00559,HIGH,verbatim FINANCIALS passthrough; unit_raw as recorded
S0029,operating_revenue,FY25,fiscal_year,326.2,crore,INR,audited,SRC00559,HIGH,verbatim FINANCIALS passthrough; unit_raw as recorded
S0029,total_income,FY25,fiscal_year,366.3,crore,INR,audited,SRC00560,HIGH,verbatim FINANCIALS passthrough; unit_raw as recorded
S0029,net_loss,FY25,fiscal_year,89.2,crore,INR,audited,SRC00560,HIGH,verbatim FINANCIALS passthrough; unit_raw as recorded
S0029,operating_revenue,FY23,fiscal_year,200,crore,INR,press-quoted-filing,SRC00569,MEDIUM,verbatim FINANCIALS passthrough; unit_raw as recorded
S0029,operating_revenue,FY24,fiscal_year,279.2,crore,INR,audited,SRC00559,HIGH,verbatim FINANCIALS passthrough; unit_raw as recorded
S0029,net_loss,FY24,fiscal_year,162.2,crore,INR,audited,SRC00559,HIGH,verbatim FINANCIALS passthrough; unit_raw as recorded
S0029,total_income,FY24,fiscal_year,325.2,crore,INR,audited,SRC00571,HIGH,verbatim FINANCIALS passthrough; unit_raw as recorded
S0029,operating_revenue,FY25,fiscal_year,326.2,crore,INR,audited,SRC00559,HIGH,verbatim FINANCIALS passthrough; unit_raw as recorded
S0029,total_income,FY25,fiscal_year,366.3,crore,INR,audited,SRC00571,HIGH,verbatim FINANCIALS passthrough; unit_raw as recorded
S0029,net_loss,FY25,fiscal_year,89.2,crore,INR,audited,SRC00571,HIGH,verbatim FINANCIALS passthrough; unit_raw as recorded
S0029,total_expenses,FY25,fiscal_year,454.6,crore,INR,audited,SRC00571,HIGH,verbatim FINANCIALS passthrough; unit_raw as recorded
S0029,cash_and_bank_balances,FY25,fiscal_year,362,crore,INR,audited,SRC00559,HIGH,verbatim FINANCIALS passthrough; unit_raw as recorded
S0029,employee_benefits_expense,FY25,fiscal_year,280.2,crore,INR,audited,SRC00571,HIGH,verbatim FINANCIALS passthrough; unit_raw as recorded
S0029,arr_estimate,FY25,fiscal_year,279.3,million,USD,estimate,SRC00574,LOW,verbatim FINANCIALS passthrough; unit_raw as recorded
S0031,revenue_from_operations,FY25,fiscal_year,2339.1,crore,INR,audited,SRC00591,HIGH,verbatim FINANCIALS passthrough; unit_raw as recorded
S0031,pat,FY25,fiscal_year,240.3,crore,INR,audited,SRC00591,HIGH,verbatim FINANCIALS passthrough; unit_raw as recorded
S0031,loan_disbursals,FY25,fiscal_year,17621,crore,INR,management,SRC00592,MEDIUM,verbatim FINANCIALS passthrough; unit_raw as recorded
S0031,aum (dec 2025),FY25,fiscal_year,19814,crore,INR,management,SRC00592,MEDIUM,verbatim FINANCIALS passthrough; unit_raw as recorded
S0032,revenue (estimate),FY25,fiscal_year,739.7,M,USD,estimate,SRC00598,LOW,verbatim FINANCIALS passthrough; unit_raw as recorded
S0032,total_revenue,FY25,fiscal_year,500,crore,INR,press-quoted-filing,SRC00602,MEDIUM,verbatim FINANCIALS passthrough; unit_raw as recorded
S0032,revenue_range_high,FY25,fiscal_year,750,crore,INR,press-quoted-filing,SRC00602,MEDIUM,verbatim FINANCIALS passthrough; unit_raw as recorded
S0032,ebitda_change,FY25,fiscal_year,-5.33,percent,INR,press-quoted-filing,SRC00602,MEDIUM,verbatim FINANCIALS passthrough; unit_raw as recorded
S0032,net_profit_change,FY25,fiscal_year,-33.6,percent,INR,press-quoted-filing,SRC00602,MEDIUM,verbatim FINANCIALS passthrough; unit_raw as recorded
S0032,networth,FY25,fiscal_year,910.5,crore,INR,press-quoted-filing,SRC00602,MEDIUM,verbatim FINANCIALS passthrough; unit_raw as recorded
S0032,total_assets,FY25,fiscal_year,1341.7,crore,INR,press-quoted-filing,SRC00602,MEDIUM,verbatim FINANCIALS passthrough; unit_raw as recorded
S0032,total_liabilities,FY25,fiscal_year,1341.7,crore,INR,press-quoted-filing,SRC00602,MEDIUM,verbatim FINANCIALS passthrough; unit_raw as recorded
S0032,borrowings,FY25,fiscal_year,261.3,crore,INR,press-quoted-filing,SRC00602,MEDIUM,verbatim FINANCIALS passthrough; unit_raw as recorded
S0032,trade_receivables,FY25,fiscal_year,199.6,crore,INR,press-quoted-filing,SRC00602,MEDIUM,verbatim FINANCIALS passthrough; unit_raw as recorded
S0032,cash_and_equivalents,FY25,fiscal_year,104.9,crore,INR,press-quoted-filing,SRC00602,MEDIUM,verbatim FINANCIALS passthrough; unit_raw as recorded
S0032,reserves,FY21,fiscal_year,498.6,crore,INR,press-quoted-filing,SRC00602,MEDIUM,verbatim FINANCIALS passthrough; unit_raw as recorded
S0032,reserves,FY22,fiscal_year,830.6,crore,INR,press-quoted-filing,SRC00602,MEDIUM,verbatim FINANCIALS passthrough; unit_raw as recorded
S0032,reserves,FY23,fiscal_year,788.2,crore,INR,press-quoted-filing,SRC00602,MEDIUM,verbatim FINANCIALS passthrough; unit_raw as recorded
S0032,reserves,FY24,fiscal_year,859.8,crore,INR,press-quoted-filing,SRC00602,MEDIUM,verbatim FINANCIALS passthrough; unit_raw as recorded
S0033,"revenue (india entity, press-quoted mca)",FY25,fiscal_year,293.5,crore,INR,press-quoted-filing,SRC00607,LOW,verbatim FINANCIALS passthrough; unit_raw as recorded
S0033,"pat (india entity, press-quoted mca)",FY25,fiscal_year,13.8,crore,INR,press-quoted-filing,SRC00607,LOW,verbatim FINANCIALS passthrough; unit_raw as recorded
S0034,revenue,FY24,fiscal_year,185.7,Cr,USD,press-quoted-filing,SRC00616,MEDIUM,verbatim FINANCIALS passthrough; unit_raw as recorded
S0034,total_revenue,FY24,fiscal_year,185.7,crore,INR,press-quoted-filing,SRC00616,MEDIUM,verbatim FINANCIALS passthrough; unit_raw as recorded
S0034,revenue_growth,FY24,fiscal_year,7.26,percent,INR,press-quoted-filing,SRC00616,MEDIUM,verbatim FINANCIALS passthrough; unit_raw as recorded
S0034,revenue_range,FY25,fiscal_year,100,crore,INR,MCA-aggregator,SRC00615,LOW,verbatim FINANCIALS passthrough; unit_raw as recorded
S0034,arr_estimate,FY24,fiscal_year,135,million,USD,estimate,SRC00614,MEDIUM,verbatim FINANCIALS passthrough; unit_raw as recorded
S0035,total_revenue,FY22,fiscal_year,615.05,crore,INR,press-quoted-filing,SRC00630,HIGH,verbatim FINANCIALS passthrough; unit_raw as recorded
S0035,total_revenue,FY23,fiscal_year,816.2,crore,INR,press-quoted-filing,SRC00641,MEDIUM,verbatim FINANCIALS passthrough; unit_raw as recorded
S0035,net_profit,FY22,fiscal_year,-20.71,crore,INR,press-quoted-filing,SRC00630,HIGH,verbatim FINANCIALS passthrough; unit_raw as recorded
S0035,net_profit,FY23,fiscal_year,21.94,crore,INR,press-quoted-filing,SRC00641,MEDIUM,verbatim FINANCIALS passthrough; unit_raw as recorded
S0035,total_revenue,FY24,fiscal_year,893.12,crore,INR,press-quoted-filing,SRC00629,HIGH,verbatim FINANCIALS passthrough; unit_raw as recorded
S0035,net_profit,FY24,fiscal_year,119.82,crore,INR,press-quoted-filing,SRC00629,HIGH,verbatim FINANCIALS passthrough; unit_raw as recorded
S0036,total_revenue,FY21,fiscal_year,7840.4,crore,INR,press-quoted-filing,SRC00649,HIGH,verbatim FINANCIALS passthrough; unit_raw as recorded
S0036,total_revenue,FY22,fiscal_year,10476.7,crore,INR,press-quoted-filing,SRC00649,HIGH,verbatim FINANCIALS passthrough; unit_raw as recorded
S0036,total_revenue,FY23,fiscal_year,14797.5,crore,INR,press-quoted-filing,SRC00649,HIGH,verbatim FINANCIALS passthrough; unit_raw as recorded
S0036,total_revenue,FY24,fiscal_year,17855.1,crore,INR,press-quoted-filing,SRC00649,HIGH,verbatim FINANCIALS passthrough; unit_raw as recorded
S0036,total_revenue,FY25,fiscal_year,20433.9,crore,INR,press-quoted-filing,SRC00649,HIGH,verbatim FINANCIALS passthrough; unit_raw as recorded
S0036,ebitda,FY21,fiscal_year,-2501.3,crore,INR,press-quoted-filing,SRC00649,HIGH,verbatim FINANCIALS passthrough; unit_raw as recorded
S0036,ebitda,FY25,fiscal_year,-1472.0,crore,INR,press-quoted-filing,SRC00649,HIGH,verbatim FINANCIALS passthrough; unit_raw as recorded
S0036,net_profit,FY25,fiscal_year,-1568.6,crore,INR,press-quoted-filing,SRC00649,HIGH,verbatim FINANCIALS passthrough; unit_raw as recorded
S0036,net_worth,FY25,fiscal_year,1221.2,crore,INR,press-quoted-filing,SRC00649,HIGH,verbatim FINANCIALS passthrough; unit_raw as recorded
S0036,total_assets,FY25,fiscal_year,12958.0,crore,INR,press-quoted-filing,SRC00649,HIGH,verbatim FINANCIALS passthrough; unit_raw as recorded
S0036,borrowings,FY25,fiscal_year,1604.2,crore,INR,press-quoted-filing,SRC00649,HIGH,verbatim FINANCIALS passthrough; unit_raw as recorded
S0037,revenue_from_operations,FY25,fiscal_year,4306,Rs crore,INR,press-quoted-filing,SRC00657,MEDIUM,verbatim FINANCIALS passthrough; unit_raw as recorded
S0037,total_revenue,FY23,fiscal_year,1737.4,crore,INR,press-quoted-filing,SRC00665,MEDIUM,verbatim FINANCIALS passthrough; unit_raw as recorded
S0037,total_revenue,FY24,fiscal_year,2733.7,crore,INR,press-quoted-filing,SRC00661,HIGH,verbatim FINANCIALS passthrough; unit_raw as recorded
S0037,net_profit,FY25,fiscal_year,55.2,crore,INR,press-quoted-filing,SRC00658,HIGH,verbatim FINANCIALS passthrough; unit_raw as recorded
S0037,net_loss,FY23,fiscal_year,174.6,crore,INR,press-quoted-filing,SRC00660,MEDIUM,verbatim FINANCIALS passthrough; unit_raw as recorded
S0037,net_loss,FY24,fiscal_year,95.7,crore,INR,press-quoted-filing,SRC00661,HIGH,verbatim FINANCIALS passthrough; unit_raw as recorded
S0037,total_revenue,FY25,fiscal_year,4306.2,crore,INR,press-quoted-filing,SRC00661,HIGH,verbatim FINANCIALS passthrough; unit_raw as recorded
S0037,revenue_growth,FY25,fiscal_year,58,percent,INR,press-quoted-filing,SRC00661,HIGH,verbatim FINANCIALS passthrough; unit_raw as recorded
S0038,total_income,FY25,fiscal_year,826,Cr,INR,press-quoted-filing,SRC00673,MEDIUM,verbatim FINANCIALS passthrough; unit_raw as recorded
S0038,total_revenue,FY24,fiscal_year,988.4,Cr,INR,press-quoted-filing,SRC00674,MEDIUM,verbatim FINANCIALS passthrough; unit_raw as recorded
S0038,total_revenue,FY25,fiscal_year,826.3,crore,INR,press-quoted-filing,SRC00673,MEDIUM,verbatim FINANCIALS passthrough; unit_raw as recorded
S0038,net_loss,FY25,fiscal_year,436,crore,INR,press-quoted-filing,SRC00673,MEDIUM,verbatim FINANCIALS passthrough; unit_raw as recorded
S0038,ebitda_loss,FY25,fiscal_year,305,crore,INR,press-quoted-filing,SRC00673,MEDIUM,verbatim FINANCIALS passthrough; unit_raw as recorded
S0038,cash_and_equivalents,FY25,fiscal_year,1238,crore,INR,press-quoted-filing,SRC00673,MEDIUM,verbatim FINANCIALS passthrough; unit_raw as recorded
S0038,total_revenue,FY25,fiscal_year,455.1,crore,INR,press-quoted-filing,SRC00688,MEDIUM,verbatim FINANCIALS passthrough; unit_raw as recorded
S0038,net_profit,FY25,fiscal_year,-49.5,crore,INR,press-quoted-filing,SRC00688,MEDIUM,verbatim FINANCIALS passthrough; unit_raw as recorded
S0038,ebitda,FY25,fiscal_year,-127.9,crore,INR,press-quoted-filing,SRC00688,MEDIUM,verbatim FINANCIALS passthrough; unit_raw as recorded
S0038,networth,FY25,fiscal_year,2518.3,crore,INR,press-quoted-filing,SRC00688,MEDIUM,verbatim FINANCIALS passthrough; unit_raw as recorded
S0038,total_revenue,FY24,fiscal_year,988.4,crore,INR,press-quoted-filing,SRC00674,MEDIUM,verbatim FINANCIALS passthrough; unit_raw as recorded
S0038,net_loss,FY24,fiscal_year,631,crore,INR,press-quoted-filing,SRC00674,MEDIUM,verbatim FINANCIALS passthrough; unit_raw as recorded
S0038,ebitda_loss,FY24,fiscal_year,489,crore,INR,press-quoted-filing,SRC00674,MEDIUM,verbatim FINANCIALS passthrough; unit_raw as recorded
S0038,cash_and_equivalents,FY24,fiscal_year,1573,crore,INR,press-quoted-filing,SRC00674,MEDIUM,verbatim FINANCIALS passthrough; unit_raw as recorded
S0038,total_revenue,FY23,fiscal_year,1044,crore,INR,press-quoted-filing,SRC00674,MEDIUM,verbatim FINANCIALS passthrough; unit_raw as recorded
S0038,net_loss,FY23,fiscal_year,1678,crore,INR,press-quoted-filing,SRC00674,MEDIUM,verbatim FINANCIALS passthrough; unit_raw as recorded
S0038,ebitda_loss,FY23,fiscal_year,1553,crore,INR,press-quoted-filing,SRC00674,MEDIUM,verbatim FINANCIALS passthrough; unit_raw as recorded
S0039,revenue_from_operations,FY25,fiscal_year,227,Rs crore,INR,press-quoted-filing,SRC00697,MEDIUM,verbatim FINANCIALS passthrough; unit_raw as recorded
S0039,revenue (mca filing),FY25,fiscal_year,233.64,crore,INR,press-quoted-filing,SRC00698,HIGH,verbatim FINANCIALS passthrough; unit_raw as recorded
S0039,operating revenue,FY24,fiscal_year,185.0,crore,INR,press-quoted-filing,SRC00699,HIGH,verbatim FINANCIALS passthrough; unit_raw as recorded
S0039,collections,FY25,fiscal_year,284.0,crore,INR,press-quoted-filing,SRC00699,HIGH,verbatim FINANCIALS passthrough; unit_raw as recorded
S0039,net loss,FY24,fiscal_year,157.0,crore,INR,press-quoted-filing,SRC00699,HIGH,verbatim FINANCIALS passthrough; unit_raw as recorded
S0040,gmv,FY24,fiscal_year,17564,Rs crore,INR,press-quoted-filing,SRC00730,MEDIUM,verbatim FINANCIALS passthrough; unit_raw as recorded
S0040,total_revenue,FY24,fiscal_year,14443,Rs crore,INR,press-quoted-filing,SRC00720,MEDIUM,verbatim FINANCIALS passthrough; unit_raw as recorded
S0040,net_loss,FY24,fiscal_year,918,Rs crore,INR,press-quoted-filing,SRC00720,MEDIUM,verbatim FINANCIALS passthrough; unit_raw as recorded
S0040,total_revenue,FY25,fiscal_year,11332,Rs crore,INR,DRHP,SRC00718,HIGH,verbatim FINANCIALS passthrough; unit_raw as recorded
S0040,gmv,FY25,fiscal_year,12798,Rs crore,INR,press-quoted-filing,SRC00720,MEDIUM,verbatim FINANCIALS passthrough; unit_raw as recorded
S0040,net_loss,FY25,fiscal_year,371,Rs crore,INR,press-quoted-filing,SRC00720,MEDIUM,verbatim FINANCIALS passthrough; unit_raw as recorded
S0040,ebitda,FY25,fiscal_year,145,Rs crore,INR,press-quoted-filing,SRC00720,MEDIUM,verbatim FINANCIALS passthrough; unit_raw as recorded
S0040,total_revenue,FY26,fiscal_year,15913,Rs crore,INR,DRHP,SRC00717,HIGH,verbatim FINANCIALS passthrough; unit_raw as recorded
S0040,manufacturing_revenue,FY26,fiscal_year,9375,Rs crore,INR,DRHP,SRC00719,HIGH,verbatim FINANCIALS passthrough; unit_raw as recorded
S0040,adjusted_ebitda,FY26,fiscal_year,421,Rs crore,INR,DRHP,SRC00718,HIGH,verbatim FINANCIALS passthrough; unit_raw as recorded
S0040,adjusted_pbt,FY26,fiscal_year,46,Rs crore,INR,DRHP,SRC00718,HIGH,verbatim FINANCIALS passthrough; unit_raw as recorded
S0040,reported_loss,FY26,fiscal_year,1606,Rs crore,INR,DRHP,SRC00719,HIGH,verbatim FINANCIALS passthrough; unit_raw as recorded
S0040,order_book,FY26,fiscal_year,12370,Rs crore,INR,DRHP,SRC00719,HIGH,verbatim FINANCIALS passthrough; unit_raw as recorded
S0040,gmv,FY24,fiscal_year,17564,Rs crore,INR,press-quoted-filing,SRC00730,MEDIUM,verbatim FINANCIALS passthrough; unit_raw as recorded
S0041,operating_revenue,FY25,fiscal_year,6759.3,crore,INR,press-quoted-filing,SRC00741,HIGH,verbatim FINANCIALS passthrough; unit_raw as recorded
S0041,net_loss,FY25,fiscal_year,-478.9,crore,INR,press-quoted-filing,SRC00741,HIGH,verbatim FINANCIALS passthrough; unit_raw as recorded
S0041,operating_revenue,FY24,fiscal_year,7933.8,crore,INR,press-quoted-filing,SRC00741,MEDIUM,verbatim FINANCIALS passthrough; unit_raw as recorded
S0041,net_profit,FY24,fiscal_year,1295,crore,INR,press-quoted-filing,SRC00741,MEDIUM,verbatim FINANCIALS passthrough; unit_raw as recorded
S0042,revenue,FY23,fiscal_year,281,million,USD,press-quoted-filing,SRC00755,MEDIUM,verbatim FINANCIALS passthrough; unit_raw as recorded
S0042,profit,FY23,fiscal_year,41,million,USD,press-quoted-filing,SRC00755,MEDIUM,verbatim FINANCIALS passthrough; unit_raw as recorded
S0042,"total_revenue (group, press-quoted)",FY24,fiscal_year,600,million,USD,press-quoted-filing,SRC00755,MEDIUM,verbatim FINANCIALS passthrough; unit_raw as recorded
S0042,glance operating revenue,FY24,fiscal_year,614,crore,INR,press-quoted-filing,SRC00753,MEDIUM,verbatim FINANCIALS passthrough; unit_raw as recorded
S0042,total_revenue,FY25,fiscal_year,470.9,crore,INR,audited,SRC00757,HIGH,verbatim FINANCIALS passthrough; unit_raw as recorded
S0042,net_profit,FY25,fiscal_year,-6.9,crore,INR,audited,SRC00757,HIGH,verbatim FINANCIALS passthrough; unit_raw as recorded
S0042,total_revenue,FY24,fiscal_year,462.1,crore,INR,audited,SRC00757,HIGH,verbatim FINANCIALS passthrough; unit_raw as recorded
S0042,"total_revenue (group, press-quoted)",FY24,fiscal_year,600,million,USD,press-quoted-filing,SRC00755,MEDIUM,verbatim FINANCIALS passthrough; unit_raw as recorded
S0042,glance revenue,FY24,fiscal_year,73.1,million,USD,press-quoted-filing,SRC00753,MEDIUM,verbatim FINANCIALS passthrough; unit_raw as recorded
S0042,total_revenue,FY23,fiscal_year,281,million,USD,press-quoted-filing,SRC00753,MEDIUM,verbatim FINANCIALS passthrough; unit_raw as recorded
S0042,net_profit,FY23,fiscal_year,41,million,USD,press-quoted-filing,SRC00753,MEDIUM,verbatim FINANCIALS passthrough; unit_raw as recorded
S0042,glance operating revenue,FY24,fiscal_year,614,crore,INR,press-quoted-filing,SRC00753,MEDIUM,verbatim FINANCIALS passthrough; unit_raw as recorded
S0042,ebitda,FY25,fiscal_year,24.3,crore,INR,audited,SRC00757,HIGH,verbatim FINANCIALS passthrough; unit_raw as recorded
S0042,total_assets,FY25,fiscal_year,711.3,crore,INR,audited,SRC00757,HIGH,verbatim FINANCIALS passthrough; unit_raw as recorded
S0043,net_profit,FY21,fiscal_year,61.94,crore,INR,audited,SRC00774,HIGH,verbatim FINANCIALS passthrough; unit_raw as recorded
S0043,operating_revenue,FY25,fiscal_year,7950,crore,INR,press-quoted-filing,SRC00778,HIGH,verbatim FINANCIALS passthrough; unit_raw as recorded
S0043,net_profit,FY25,fiscal_year,72,crore,INR,press-quoted-filing,SRC00778,HIGH,verbatim FINANCIALS passthrough; unit_raw as recorded
S0043,operating_revenue,FY26,fiscal_year,10022,crore,INR,press-quoted-filing,SRC00784,MEDIUM,verbatim FINANCIALS passthrough; unit_raw as recorded
S0043,revenue_from_operations,Q1 FY27,fiscal_year,2782,crore,INR,management,SRC00779,HIGH,verbatim FINANCIALS passthrough; unit_raw as recorded
S0043,net_profit,Q1 FY27,fiscal_year,80,crore,INR,management,SRC00779,HIGH,verbatim FINANCIALS passthrough; unit_raw as recorded
S0044,operating_revenue,FY25,fiscal_year,1617.0,crore,INR,press-quoted-filing,SRC00788,HIGH,verbatim FINANCIALS passthrough; unit_raw as recorded
S0044,net_loss,FY25,fiscal_year,336.0,crore,INR,press-quoted-filing,SRC00788,HIGH,verbatim FINANCIALS passthrough; unit_raw as recorded
S0044,operating_revenue,FY24,fiscal_year,1420.0,crore,INR,press-quoted-filing,SRC00789,HIGH,verbatim FINANCIALS passthrough; unit_raw as recorded
S0044,net_loss,FY24,fiscal_year,378.0,crore,INR,press-quoted-filing,SRC00789,HIGH,verbatim FINANCIALS passthrough; unit_raw as recorded
S0044,total_revenue,FY23,fiscal_year,1195,crore,INR,press-quoted-filing,SRC00789,HIGH,verbatim FINANCIALS passthrough; unit_raw as recorded
S0044,net_loss,FY23,fiscal_year,656,crore,INR,press-quoted-filing,SRC00789,HIGH,verbatim FINANCIALS passthrough; unit_raw as recorded
S0044,total_revenue,FY24,fiscal_year,1420,crore,INR,press-quoted-filing,SRC00789,HIGH,verbatim FINANCIALS passthrough; unit_raw as recorded
S0044,net_loss,FY24,fiscal_year,378,crore,INR,press-quoted-filing,SRC00789,HIGH,verbatim FINANCIALS passthrough; unit_raw as recorded
S0044,total_revenue,FY25,fiscal_year,1617,crore,INR,press-quoted-filing,SRC00788,HIGH,verbatim FINANCIALS passthrough; unit_raw as recorded
S0044,net_loss,FY25,fiscal_year,336,crore,INR,press-quoted-filing,SRC00788,HIGH,verbatim FINANCIALS passthrough; unit_raw as recorded
S0044,total_income,FY25,fiscal_year,1658,crore,INR,press-quoted-filing,SRC00788,HIGH,verbatim FINANCIALS passthrough; unit_raw as recorded
S0044,net_loss,FY26,fiscal_year,282,crore,INR,press-quoted-filing,SRC00792,MEDIUM,verbatim FINANCIALS passthrough; unit_raw as recorded
S0044,total_revenue,FY26,fiscal_year,1957,crore,INR,estimate,SRC00792,MEDIUM,verbatim FINANCIALS passthrough; unit_raw as recorded
S0045,revenue,FY25,fiscal_year,932.0,crore,INR,press-quoted-filing,SRC00799,,verbatim FINANCIALS passthrough; unit_raw as recorded
S0045,total_revenue,FY25,fiscal_year,932,crore,INR,press-quoted-filing,SRC00799,MEDIUM,verbatim FINANCIALS passthrough; unit_raw as recorded
S0045,net_profit,FY24,fiscal_year,-14,crore,INR,press-quoted-filing,SRC00804,MEDIUM,verbatim FINANCIALS passthrough; unit_raw as recorded
S0045,total_revenue,FY22,fiscal_year,360,crore,INR,press-quoted-filing,SRC00797,MEDIUM,verbatim FINANCIALS passthrough; unit_raw as recorded
S0046,operating_revenue,FY25,fiscal_year,2765.0,crore,INR,press-quoted-filing,SRC00817,HIGH,verbatim FINANCIALS passthrough; unit_raw as recorded
S0046,pat,FY25,fiscal_year,220.0,,INR,press-quoted-filing,SRC00817,HIGH,verbatim FINANCIALS passthrough; unit_raw as recorded
S0046,operating_revenue,FY26,fiscal_year,3299.7,crore,INR,press-quoted-filing,SRC00818,HIGH,verbatim FINANCIALS passthrough; unit_raw as recorded
S0046,pat,FY26,fiscal_year,287.0,crore,INR,press-quoted-filing,SRC00818,HIGH,verbatim FINANCIALS passthrough; unit_raw as recorded
S0047,revenue,FY24,fiscal_year,914.0,crore,INR,press-quoted-filing,SRC00831,,verbatim FINANCIALS passthrough; unit_raw as recorded
S0047,operating revenue (press),FY23,fiscal_year,819.0,crore,INR,management,SRC00830,,verbatim FINANCIALS passthrough; unit_raw as recorded
S0047,total_revenue,FY23,fiscal_year,819,crore,INR,press-quoted-filing,SRC00830,MEDIUM,verbatim FINANCIALS passthrough; unit_raw as recorded
S0047,net_profit,FY23,fiscal_year,-264,crore,INR,management,SRC00830,MEDIUM,verbatim FINANCIALS passthrough; unit_raw as recorded
S0047,gmv,FY23,fiscal_year,2262,crore,INR,company-reported,SRC00843,HIGH,verbatim FINANCIALS passthrough; unit_raw as recorded
S0047,total_revenue,FY24,fiscal_year,914,crore,INR,press-quoted-filing,SRC00831,MEDIUM,verbatim FINANCIALS passthrough; unit_raw as recorded
S0047,total_revenue,FY25,fiscal_year,725.1,crore,INR,press-quoted-filing,SRC00841,MEDIUM,verbatim FINANCIALS passthrough; unit_raw as recorded
S0047,net_profit,FY25,fiscal_year,-161.0,crore,INR,press-quoted-filing,SRC00841,MEDIUM,verbatim FINANCIALS passthrough; unit_raw as recorded
S0047,total_expenses,FY25,fiscal_year,264.3,crore,INR,press-quoted-filing,SRC00841,MEDIUM,verbatim FINANCIALS passthrough; unit_raw as recorded
S0047,ebitda,FY25,fiscal_year,-128.0,crore,INR,estimate,SRC00841,LOW,verbatim FINANCIALS passthrough; unit_raw as recorded
S0047,total_assets,FY24,fiscal_year,449.4,crore,INR,audited,SRC00833,HIGH,verbatim FINANCIALS passthrough; unit_raw as recorded
S0048,"operating revenue (singapore consolidated filing, press-quoted)",FY25,fiscal_year,1460.0,crore,INR,press-quoted-filing,SRC00853,,verbatim FINANCIALS passthrough; unit_raw as recorded
S0048,total_revenue,FY23,fiscal_year,1148,crore,INR,press-quoted-filing,SRC00878,MEDIUM,verbatim FINANCIALS passthrough; unit_raw as recorded
S0048,ebitda_loss_before_esops,FY23,fiscal_year,581,crore,INR,management,SRC00865,HIGH,verbatim FINANCIALS passthrough; unit_raw as recorded
S0048,operating_revenue,FY24,fiscal_year,1185,crore,INR,press-quoted-filing,SRC00853,HIGH,verbatim FINANCIALS passthrough; unit_raw as recorded
S0048,net_loss,FY24,fiscal_year,416,crore,INR,press-quoted-filing,SRC00858,HIGH,verbatim FINANCIALS passthrough; unit_raw as recorded
S0048,operating_revenue,FY25,fiscal_year,1460,crore,INR,press-quoted-filing,SRC00852,HIGH,verbatim FINANCIALS passthrough; unit_raw as recorded
S0048,standalone_revenue,FY25,fiscal_year,1276.5,crore,INR,press-quoted-filing,SRC00879,MEDIUM,verbatim FINANCIALS passthrough; unit_raw as recorded
S0048,net_loss,FY25,fiscal_year,242,crore,INR,press-quoted-filing,SRC00858,HIGH,verbatim FINANCIALS passthrough; unit_raw as recorded
S0048,adjusted_ebitda_loss_before_esops,FY25,fiscal_year,131,crore,INR,management,SRC00852,HIGH,verbatim FINANCIALS passthrough; unit_raw as recorded
S0048,gross_profit,FY25,fiscal_year,752,crore,INR,management,SRC00852,HIGH,verbatim FINANCIALS passthrough; unit_raw as recorded
S0048,total_revenue_singapore_sgd,FY25,fiscal_year,231,million,SGD,press-quoted-filing,SRC00880,MEDIUM,verbatim FINANCIALS passthrough; unit_raw as recorded
S0049,"operating revenue (audited, press-quoted)",FY24,fiscal_year,7615.0,crore,INR,press-quoted-filing,SRC00890,,verbatim FINANCIALS passthrough; unit_raw as recorded
S0049,"revenue (prospectus, press-quoted)",H1FY26 (6MO TO SEP 30 2025),fiscal_year,5578.0,crore,INR,press-quoted-filing,SRC00889,,verbatim FINANCIALS passthrough; unit_raw as recorded
S0049,total_revenue,FY21,fiscal_year,792.8,crore,INR,audited,SRC00893,HIGH,verbatim FINANCIALS passthrough; unit_raw as recorded
S0049,net_profit,FY21,fiscal_year,-498.7,crore,INR,audited,SRC00893,HIGH,verbatim FINANCIALS passthrough; unit_raw as recorded
S0049,total_revenue,FY22,fiscal_year,3232.3,crore,INR,audited,SRC00893,HIGH,verbatim FINANCIALS passthrough; unit_raw as recorded
S0049,net_profit,FY22,fiscal_year,-3247.8,crore,INR,audited,SRC00893,HIGH,verbatim FINANCIALS passthrough; unit_raw as recorded
S0049,total_revenue,FY23,fiscal_year,5734.5,crore,INR,audited,SRC00893,HIGH,verbatim FINANCIALS passthrough; unit_raw as recorded
S0049,net_profit,FY23,fiscal_year,-1675.0,crore,INR,audited,SRC00893,HIGH,verbatim FINANCIALS passthrough; unit_raw as recorded
S0049,total_revenue,FY24,fiscal_year,7614.9,crore,INR,audited,SRC00893,HIGH,verbatim FINANCIALS passthrough; unit_raw as recorded
S0049,net_profit,FY24,fiscal_year,-305.0,crore,INR,audited,SRC00893,HIGH,verbatim FINANCIALS passthrough; unit_raw as recorded
S0049,adjusted_loss,FY24,fiscal_year,53,crore,INR,press-quoted-filing,SRC00894,HIGH,verbatim FINANCIALS passthrough; unit_raw as recorded
S0049,total_revenue,FY25,fiscal_year,9387.5,crore,INR,audited,SRC00893,HIGH,verbatim FINANCIALS passthrough; unit_raw as recorded
S0049,net_profit,FY25,fiscal_year,-3883.4,crore,INR,audited,SRC00893,HIGH,verbatim FINANCIALS passthrough; unit_raw as recorded
S0049,ebitda,FY25,fiscal_year,-555.2,crore,INR,audited,SRC00893,HIGH,verbatim FINANCIALS passthrough; unit_raw as recorded
S0049,revenue_from_operations,H1FY26,fiscal_year,5578,crore,INR,DRHP,SRC00888,HIGH,verbatim FINANCIALS passthrough; unit_raw as recorded
S0049,net_merchandise_value,H1FY26,fiscal_year,19194,crore,INR,DRHP,SRC00888,HIGH,verbatim FINANCIALS passthrough; unit_raw as recorded
S0049,loss_before_tax,H1FY26,fiscal_year,433,crore,INR,DRHP,SRC00888,HIGH,verbatim FINANCIALS passthrough; unit_raw as recorded
S0049,orders,FY24,fiscal_year,843,million,INR,press-quoted-filing,SRC00894,HIGH,verbatim FINANCIALS passthrough; unit_raw as recorded
S0049,operating_revenue,FY24,fiscal_year,7615,crore,INR,press-quoted-filing,SRC00890,HIGH,verbatim FINANCIALS passthrough; unit_raw as recorded
S0049,free_cash_flow,FY24,fiscal_year,197,crore,INR,press-quoted-filing,SRC00890,HIGH,verbatim FINANCIALS passthrough; unit_raw as recorded
S0050,revenue (press-quoted mca filing),FY24,fiscal_year,2200.0,crore,INR,press-quoted-filing,SRC00910,,verbatim FINANCIALS passthrough; unit_raw as recorded
S0050,revenue from operations (consolidated),FY25,fiscal_year,1171.0,crore,INR,press-quoted-filing,SRC00494,HIGH,verbatim FINANCIALS passthrough; unit_raw as recorded
S0050,revenue from operations (consolidated),FY24,fiscal_year,2012.0,crore,INR,press-quoted-filing,SRC00494,HIGH,verbatim FINANCIALS passthrough; unit_raw as recorded
S0050,net loss,FY25,fiscal_year,1974.7,crore,INR,press-quoted-filing,SRC00494,HIGH,verbatim FINANCIALS passthrough; unit_raw as recorded
S0050,core mobility revenue,FY25,fiscal_year,925.0,crore,INR,press-quoted-filing,SRC00494,HIGH,verbatim FINANCIALS passthrough; unit_raw as recorded
S0050,employee count,,fiscal_year,3724.0,count,N/A,database,SRC00911,MEDIUM,verbatim FINANCIALS passthrough; unit_raw as recorded
S0051,"operating revenue (roc filings, press-quoted)",FY25,fiscal_year,934.44,crore,INR,press-quoted-filing,SRC00927,,verbatim FINANCIALS passthrough; unit_raw as recorded
S0051,operating revenue,FY24,fiscal_year,648.0,crore,INR,press-quoted-filing,SRC00945,,verbatim FINANCIALS passthrough; unit_raw as recorded
S0051,operating revenue,FY24,fiscal_year,648,crore,INR,press-quoted-filing,SRC00945,HIGH,verbatim FINANCIALS passthrough; unit_raw as recorded
S0051,total revenue (incl other income),FY25,fiscal_year,1002.87,crore,INR,press-quoted-filing,SRC00944,MEDIUM,verbatim FINANCIALS passthrough; unit_raw as recorded
S0051,revenue (usd),FY25,fiscal_year,118630766.09,USD,USD,database,SRC00929,MEDIUM,verbatim FINANCIALS passthrough; unit_raw as recorded
S0051,operating revenue,FY25,fiscal_year,934.44,crore,INR,press-quoted-filing,SRC00927,HIGH,verbatim FINANCIALS passthrough; unit_raw as recorded
S0051,net loss,FY25,fiscal_year,258,crore,INR,press-quoted-filing,SRC00927,HIGH,verbatim FINANCIALS passthrough; unit_raw as recorded
S0052,operating revenue,FY25,fiscal_year,723.4,crore,INR,press-quoted-filing,SRC00966,,verbatim FINANCIALS passthrough; unit_raw as recorded
S0052,operating_revenue,FY25,fiscal_year,723.4,crore,INR,press-quoted-filing,SRC00966,HIGH,verbatim FINANCIALS passthrough; unit_raw as recorded
S0052,operating_revenue,FY24,fiscal_year,718.1,crore,INR,press-quoted-filing,SRC00966,HIGH,verbatim FINANCIALS passthrough; unit_raw as recorded
S0052,adjusted_ebitda_loss,FY25,fiscal_year,-219,crore,INR,press-quoted-filing,SRC00966,HIGH,verbatim FINANCIALS passthrough; unit_raw as recorded
S0052,advertising_revenue,FY25,fiscal_year,290,crore,INR,press-quoted-filing,SRC00987,HIGH,verbatim FINANCIALS passthrough; unit_raw as recorded
S0052,streaming_revenue,FY25,fiscal_year,434,crore,INR,press-quoted-filing,SRC00988,HIGH,verbatim FINANCIALS passthrough; unit_raw as recorded
S0052,adjusted_ebitda_loss,FY24,fiscal_year,-793,crore,INR,press-quoted-filing,SRC00966,HIGH,verbatim FINANCIALS passthrough; unit_raw as recorded
S0052,annualized_revenue_run_rate,FY26_H1,fiscal_year,1000,crore,INR,management,SRC00975,HIGH,verbatim FINANCIALS passthrough; unit_raw as recorded
S0053,operating revenue,FY25,fiscal_year,122.0,crore,INR,press-quoted-filing,SRC00999,,verbatim FINANCIALS passthrough; unit_raw as recorded
S0053,operating_revenue,FY25,fiscal_year,122,crore,INR,press-quoted-filing,SRC00999,HIGH,verbatim FINANCIALS passthrough; unit_raw as recorded
S0053,net_loss,FY25,fiscal_year,50.1,crore,INR,press-quoted-filing,SRC00999,HIGH,verbatim FINANCIALS passthrough; unit_raw as recorded
S0053,revenue_recruitment_solutions,FY25,fiscal_year,57.1,crore,INR,press-quoted-filing,SRC00999,HIGH,verbatim FINANCIALS passthrough; unit_raw as recorded
S0053,revenue_software_dev_support,FY25,fiscal_year,63,crore,INR,press-quoted-filing,SRC00999,HIGH,verbatim FINANCIALS passthrough; unit_raw as recorded
S0053,total_expenses,FY25,fiscal_year,194,crore,INR,press-quoted-filing,SRC00999,HIGH,verbatim FINANCIALS passthrough; unit_raw as recorded
S0053,operating_revenue,FY24,fiscal_year,127.7,crore,INR,press-quoted-filing,SRC00999,HIGH,verbatim FINANCIALS passthrough; unit_raw as recorded
S0053,net_loss,FY24,fiscal_year,51.3,crore,INR,press-quoted-filing,SRC00999,HIGH,verbatim FINANCIALS passthrough; unit_raw as recorded
S0053,employee_benefit_expenses,FY25,fiscal_year,177.3,crore,INR,press-quoted-filing,SRC00999,HIGH,verbatim FINANCIALS passthrough; unit_raw as recorded
S0053,net_worth_change,FY25,fiscal_year,-37.45,percent,INR,press-quoted-filing,SRC01003,MEDIUM,verbatim FINANCIALS passthrough; unit_raw as recorded
S0053,revenue_range,FY25,fiscal_year,100,crore,INR,press-quoted-filing,SRC01003,MEDIUM,verbatim FINANCIALS passthrough; unit_raw as recorded
S0053,revenue_target,FY27,fiscal_year,150,crore,INR,management,SRC01000,MEDIUM,verbatim FINANCIALS passthrough; unit_raw as recorded
S0054,operating revenue,FY25,fiscal_year,1667.0,Cr,INR,press-quoted-filing,SRC01011,HIGH,verbatim FINANCIALS passthrough; unit_raw as recorded
S0054,operating revenue,FY24,fiscal_year,1486.0,Cr,INR,press-quoted-filing,SRC01013,MEDIUM,verbatim FINANCIALS passthrough; unit_raw as recorded
S0055,operating revenue,FY25,fiscal_year,191.3,crore,INR,press-quoted-filing,SRC01026,,verbatim FINANCIALS passthrough; unit_raw as recorded
S0055,operating_revenue,FY25,fiscal_year,191.3,crore,INR,press-quoted-filing,SRC01026,HIGH,verbatim FINANCIALS passthrough; unit_raw as recorded
S0055,net_profit,FY25,fiscal_year,-200.2,crore,INR,press-quoted-filing,SRC01026,HIGH,verbatim FINANCIALS passthrough; unit_raw as recorded
S0055,operating_revenue,FY24,fiscal_year,170.8,crore,INR,press-quoted-filing,SRC01025,HIGH,verbatim FINANCIALS passthrough; unit_raw as recorded
S0055,net_profit,FY24,fiscal_year,-227,crore,INR,press-quoted-filing,SRC01026,HIGH,verbatim FINANCIALS passthrough; unit_raw as recorded
S0055,operating_revenue,FY26,fiscal_year,433,crore,INR,press-quoted-filing,SRC01039,HIGH,verbatim FINANCIALS passthrough; unit_raw as recorded
S0055,net_profit,FY26,fiscal_year,-315,crore,INR,press-quoted-filing,SRC01039,HIGH,verbatim FINANCIALS passthrough; unit_raw as recorded
S0055,total_revenue,FY25,fiscal_year,206,crore,INR,press-quoted-filing,SRC01026,HIGH,verbatim FINANCIALS passthrough; unit_raw as recorded
S0055,total_expenses,FY25,fiscal_year,404.1,crore,INR,press-quoted-filing,SRC01026,HIGH,verbatim FINANCIALS passthrough; unit_raw as recorded
S0055,authorized_share_capital,FY25,fiscal_year,30.5,crore,INR,MCA,SRC01029,HIGH,verbatim FINANCIALS passthrough; unit_raw as recorded
S0055,paidup_capital,FY25,fiscal_year,20.1,crore,INR,MCA,SRC01029,HIGH,verbatim FINANCIALS passthrough; unit_raw as recorded
S0055,borrowings,FY25,fiscal_year,209.9,crore,INR,MCA,SRC01029,HIGH,verbatim FINANCIALS passthrough; unit_raw as recorded
S0055,reserves,FY25,fiscal_year,80.9,crore,INR,MCA,SRC01029,HIGH,verbatim FINANCIALS passthrough; unit_raw as recorded
S0055,total_assets,FY25,fiscal_year,410.2,crore,INR,MCA,SRC01029,HIGH,verbatim FINANCIALS passthrough; unit_raw as recorded
S0058,operating_revenue,FY24,fiscal_year,30.6,Cr,INR,press-quoted-filing,SRC01067,HIGH,verbatim FINANCIALS passthrough; unit_raw as recorded
S0058,pat,FY24,fiscal_year,-20.4,Cr,INR,press-quoted-filing,SRC01067,HIGH,verbatim FINANCIALS passthrough; unit_raw as recorded
S0058,operating_revenue,FY25,fiscal_year,39.3,Cr,INR,press-quoted-filing,SRC01078,HIGH,verbatim FINANCIALS passthrough; unit_raw as recorded
S0058,pat,FY25,fiscal_year,-30.8,Cr,INR,press-quoted-filing,SRC01060,HIGH,verbatim FINANCIALS passthrough; unit_raw as recorded
S0058,total_expenses,FY25,fiscal_year,67.1,Cr,INR,press-quoted-filing,SRC01060,MEDIUM,verbatim FINANCIALS passthrough; unit_raw as recorded
S0058,total_assets,FY25,fiscal_year,321.8,Cr,INR,press-quoted-filing,SRC01060,MEDIUM,verbatim FINANCIALS passthrough; unit_raw as recorded
S0059,aum,FY26,fiscal_year,14.0,billion,INR,management,SRC01092,MEDIUM,verbatim FINANCIALS passthrough; unit_raw as recorded
S0060,operating_revenue,FY24,fiscal_year,358.0,crore,INR,press-quoted-filing,SRC01105,HIGH,verbatim FINANCIALS passthrough; unit_raw as recorded
S0060,net_loss,FY24,fiscal_year,120.6,crore,INR,press-quoted-filing,SRC01115,MEDIUM,verbatim FINANCIALS passthrough; unit_raw as recorded
S0061,operating_revenue,FY25,fiscal_year,96.1,Cr,INR,press-quoted-filing,SRC01120,MEDIUM,verbatim FINANCIALS passthrough; unit_raw as recorded
S0061,operating_revenue,FY24,fiscal_year,48.02,Cr,INR,press-quoted-filing,SRC01134,MEDIUM,verbatim FINANCIALS passthrough; unit_raw as recorded
S0061,pat,FY24,fiscal_year,-14.94,Cr,INR,press-quoted-filing,SRC01134,MEDIUM,verbatim FINANCIALS passthrough; unit_raw as recorded
S0061,annualised_revenue_run_rate_claim,FY26-RUN-RATE,fiscal_year,500,Cr,INR,management,SRC01118,LOW,verbatim FINANCIALS passthrough; unit_raw as recorded
S0061,total_revenue,FY25,fiscal_year,96.1,crore,INR,press-quoted-filing,SRC01120,MEDIUM,verbatim FINANCIALS passthrough; unit_raw as recorded
S0061,net_profit,FY25,fiscal_year,-7.0,crore,INR,press-quoted-filing,SRC01120,MEDIUM,verbatim FINANCIALS passthrough; unit_raw as recorded
S0061,total_expenses,FY25,fiscal_year,103.1,crore,INR,press-quoted-filing,SRC01120,MEDIUM,verbatim FINANCIALS passthrough; unit_raw as recorded
S0061,total_assets,FY25,fiscal_year,61.3,crore,INR,press-quoted-filing,SRC01120,MEDIUM,verbatim FINANCIALS passthrough; unit_raw as recorded
S0061,total_revenue,FY24,fiscal_year,48.02,crore,INR,press-quoted-filing,SRC01134,MEDIUM,verbatim FINANCIALS passthrough; unit_raw as recorded
S0061,pat,FY24,fiscal_year,-14.94,crore,INR,press-quoted-filing,SRC01134,MEDIUM,verbatim FINANCIALS passthrough; unit_raw as recorded
S0061,annualised_revenue_run_rate,FY26-RUN-RATE,fiscal_year,500,crore,INR,management,SRC01124,LOW,verbatim FINANCIALS passthrough; unit_raw as recorded
S0061,operating_revenue,FY25,fiscal_year,96.1,crore,INR,press-quoted-filing,SRC01120,MEDIUM,verbatim FINANCIALS passthrough; unit_raw as recorded
S0062,operating_revenue,FY24,fiscal_year,315,Cr,INR,press-quoted-filing,SRC01140,HIGH,verbatim FINANCIALS passthrough; unit_raw as recorded
S0062,net_loss,FY24,fiscal_year,61,Cr,INR,press-quoted-filing,SRC01140,HIGH,verbatim FINANCIALS passthrough; unit_raw as recorded
S0062,revenue_management_claim,FY25,fiscal_year,500,Cr,INR,management,SRC01138,LOW,verbatim FINANCIALS passthrough; unit_raw as recorded
S0062,gross_revenue,FY24,fiscal_year,315,crore,INR,press-quoted-filing,SRC01140,HIGH,verbatim FINANCIALS passthrough; unit_raw as recorded
S0062,net_loss,FY24,fiscal_year,61,crore,INR,press-quoted-filing,SRC01140,HIGH,verbatim FINANCIALS passthrough; unit_raw as recorded
S0062,operating_revenue,FY24,fiscal_year,310,crore,INR,press-quoted-filing,SRC01140,HIGH,verbatim FINANCIALS passthrough; unit_raw as recorded
S0062,net_revenue,FY25,fiscal_year,510,crore,INR,press-quoted-filing,SRC01146,MEDIUM,verbatim FINANCIALS passthrough; unit_raw as recorded
S0062,revenue_management_claim,FY25,fiscal_year,500,crore,INR,management,SRC01138,LOW,verbatim FINANCIALS passthrough; unit_raw as recorded
S0062,net_loss,FY25,fiscal_year,120,crore,INR,press-quoted-filing,SRC01158,LOW,verbatim FINANCIALS passthrough; unit_raw as recorded
S0062,gross_revenue,FY23,fiscal_year,154,crore,INR,press-quoted-filing,SRC01140,HIGH,verbatim FINANCIALS passthrough; unit_raw as recorded
S0062,net_loss,FY23,fiscal_year,67,crore,INR,press-quoted-filing,SRC01140,HIGH,verbatim FINANCIALS passthrough; unit_raw as recorded
S0063,revenue,FY25,fiscal_year,10.0,Lakh,INR,press-quoted-filing,SRC01172,LOW,verbatim FINANCIALS passthrough; unit_raw as recorded
S0063,total_revenue,FY25,fiscal_year,3886,lakh,INR,press-quoted-filing,SRC01169,MEDIUM,verbatim FINANCIALS passthrough; unit_raw as recorded
S0063,net_profit,FY25,fiscal_year,2582,lakh,INR,press-quoted-filing,SRC01169,MEDIUM,verbatim FINANCIALS passthrough; unit_raw as recorded
S0063,ebitda,FY25,fiscal_year,7588,lakh,INR,press-quoted-filing,SRC01169,MEDIUM,verbatim FINANCIALS passthrough; unit_raw as recorded
S0063,total_expenses,FY25,fiscal_year,9360,lakh,INR,press-quoted-filing,SRC01169,MEDIUM,verbatim FINANCIALS passthrough; unit_raw as recorded
S0063,employee_expenses,FY25,fiscal_year,8711,lakh,INR,press-quoted-filing,SRC01169,MEDIUM,verbatim FINANCIALS passthrough; unit_raw as recorded
S0063,total_debt,FY25,fiscal_year,4013,lakh,INR,press-quoted-filing,SRC01169,MEDIUM,verbatim FINANCIALS passthrough; unit_raw as recorded
S0063,paid_up_capital,FY25,fiscal_year,6626836,rupee,INR,audited,SRC01173,HIGH,verbatim FINANCIALS passthrough; unit_raw as recorded
S0063,authorised_capital,FY25,fiscal_year,780000000,rupee,INR,audited,SRC01173,HIGH,verbatim FINANCIALS passthrough; unit_raw as recorded
S0064,operating revenue,FY24,fiscal_year,803.0,crore,INR,press-quoted-filing,SRC01182,,verbatim FINANCIALS passthrough; unit_raw as recorded
S0064,operating_revenue,FY24,fiscal_year,803,crore,INR,press-quoted-filing,SRC01182,HIGH,verbatim FINANCIALS passthrough; unit_raw as recorded
S0064,net_loss,FY23,fiscal_year,-500,crore,INR,press-quoted-filing,SRC01183,MEDIUM,verbatim FINANCIALS passthrough; unit_raw as recorded
S0064,net_loss,FY24,fiscal_year,-411,crore,INR,press-quoted-filing,SRC01182,HIGH,verbatim FINANCIALS passthrough; unit_raw as recorded
S0064,operating_revenue,FY25,fiscal_year,965,crore,INR,press-quoted-filing,SRC01188,HIGH,verbatim FINANCIALS passthrough; unit_raw as recorded
S0066,total_revenue,FY25,fiscal_year,4.7,crore,INR,press-quoted-filing,SRC01222,MEDIUM,verbatim FINANCIALS passthrough; unit_raw as recorded
S0066,net_profit,FY25,fiscal_year,-24.0,crore,INR,press-quoted-filing,SRC01222,MEDIUM,verbatim FINANCIALS passthrough; unit_raw as recorded
S0067,operating_revenue,FY25,fiscal_year,2236.1,Cr,INR,press-quoted-filing,SRC01230,MEDIUM,verbatim FINANCIALS passthrough; unit_raw as recorded
S0067,pat,FY25,fiscal_year,-64.0,Cr,INR,press-quoted-filing,SRC01230,MEDIUM,verbatim FINANCIALS passthrough; unit_raw as recorded
S0067,operating_revenue,FY24,fiscal_year,2273.5,Cr,INR,press-quoted-filing,SRC01249,MEDIUM,verbatim FINANCIALS passthrough; unit_raw as recorded
S0067,operating_revenue,FY21,fiscal_year,1556.7,Cr,INR,press-quoted-filing,SRC01250,MEDIUM,verbatim FINANCIALS passthrough; unit_raw as recorded
S0067,pat,FY21,fiscal_year,110.0,Cr,INR,press-quoted-filing,SRC01250,MEDIUM,verbatim FINANCIALS passthrough; unit_raw as recorded
S0067,operating_revenue,FY22,fiscal_year,1169,crore,INR,press-quoted-filing,SRC01238,HIGH,verbatim FINANCIALS passthrough; unit_raw as recorded
S0067,pat,FY22,fiscal_year,-282.4,crore,INR,press-quoted-filing,SRC01238,HIGH,verbatim FINANCIALS passthrough; unit_raw as recorded
S0067,operating_revenue,FY23,fiscal_year,1988,crore,INR,press-quoted-filing,SRC01238,HIGH,verbatim FINANCIALS passthrough; unit_raw as recorded
S0067,total_revenue,FY23,fiscal_year,2023,crore,INR,press-quoted-filing,SRC01238,HIGH,verbatim FINANCIALS passthrough; unit_raw as recorded
S0067,pat,FY23,fiscal_year,-199.5,crore,INR,press-quoted-filing,SRC01238,HIGH,verbatim FINANCIALS passthrough; unit_raw as recorded
S0067,advertising_promotion_expense,FY23,fiscal_year,1421,crore,INR,press-quoted-filing,SRC01238,HIGH,verbatim FINANCIALS passthrough; unit_raw as recorded
S0067,employee_benefit_expense,FY23,fiscal_year,445.6,crore,INR,press-quoted-filing,SRC01238,HIGH,verbatim FINANCIALS passthrough; unit_raw as recorded
S0067,operating_revenue,FY24,fiscal_year,2273.5,crore,INR,press-quoted-filing,SRC01230,MEDIUM,verbatim FINANCIALS passthrough; unit_raw as recorded
S0067,operating_revenue,FY25,fiscal_year,2236.1,crore,INR,press-quoted-filing,SRC01230,MEDIUM,verbatim FINANCIALS passthrough; unit_raw as recorded
S0067,pat,FY25,fiscal_year,-64.0,crore,INR,press-quoted-filing,SRC01230,MEDIUM,verbatim FINANCIALS passthrough; unit_raw as recorded
S0067,ebitda,FY25,fiscal_year,-41.5,crore,INR,estimate,SRC01230,LOW,verbatim FINANCIALS passthrough; unit_raw as recorded
S0067,total_assets,FY25,fiscal_year,1292.4,crore,INR,press-quoted-filing,SRC01230,MEDIUM,verbatim FINANCIALS passthrough; unit_raw as recorded
S0067,revenue_tracxn,FY24,fiscal_year,2270,crore,INR,press-quoted-filing,SRC01242,MEDIUM,verbatim FINANCIALS passthrough; unit_raw as recorded
S0068,revenue_operations,FY24,fiscal_year,14530.0,crore,INR,press-quoted-filing,SRC01257,HIGH,verbatim FINANCIALS passthrough; unit_raw as recorded
S0068,pat,FY24,fiscal_year,378.0,crore,INR,press-quoted-filing,SRC01257,HIGH,verbatim FINANCIALS passthrough; unit_raw as recorded
S0068,revenue_operations,FY25,fiscal_year,18472.0,crore,INR,press-quoted-filing,SRC01256,HIGH,verbatim FINANCIALS passthrough; unit_raw as recorded
S0068,pat,FY25,fiscal_year,219.7,crore,INR,press-quoted-filing,SRC01256,HIGH,verbatim FINANCIALS passthrough; unit_raw as recorded
S0068,total_revenue,FY23,fiscal_year,11846,crore,INR,press-quoted-filing,SRC01268,HIGH,verbatim FINANCIALS passthrough; unit_raw as recorded
S0068,pat,FY23,fiscal_year,155,crore,INR,press-quoted-filing,SRC01257,HIGH,verbatim FINANCIALS passthrough; unit_raw as recorded
S0068,revenue_operations,FY24,fiscal_year,14530,crore,INR,press-quoted-filing,SRC01256,HIGH,verbatim FINANCIALS passthrough; unit_raw as recorded
S0068,total_income,FY24,fiscal_year,14743.4,crore,INR,press-quoted-filing,SRC01257,HIGH,verbatim FINANCIALS passthrough; unit_raw as recorded
S0068,pat,FY24,fiscal_year,378,crore,INR,press-quoted-filing,SRC01256,HIGH,verbatim FINANCIALS passthrough; unit_raw as recorded
S0068,revenue_operations,FY25,fiscal_year,18472,crore,INR,press-quoted-filing,SRC01256,HIGH,verbatim FINANCIALS passthrough; unit_raw as recorded
S0068,total_income,FY25,fiscal_year,18556,crore,INR,press-quoted-filing,SRC01269,HIGH,verbatim FINANCIALS passthrough; unit_raw as recorded
S0068,pat,FY25,fiscal_year,219.7,crore,INR,press-quoted-filing,SRC01256,HIGH,verbatim FINANCIALS passthrough; unit_raw as recorded
S0068,total_expenditure,FY25,fiscal_year,18249.6,crore,INR,press-quoted-filing,SRC01256,HIGH,verbatim FINANCIALS passthrough; unit_raw as recorded
S0068,cash_and_equivalents,FY25,fiscal_year,1557,crore,INR,press-quoted-filing,SRC01260,HIGH,verbatim FINANCIALS passthrough; unit_raw as recorded
S0068,debt,FY25,fiscal_year,6057,crore,INR,press-quoted-filing,SRC01260,HIGH,verbatim FINANCIALS passthrough; unit_raw as recorded
S0068,total_revenue,FY26,fiscal_year,20000,crore,INR,press-quoted-filing,SRC01260,MEDIUM,verbatim FINANCIALS passthrough; unit_raw as recorded
S0068,pat,FY26,fiscal_year,312.5,crore,INR,press-quoted-filing,SRC01260,MEDIUM,verbatim FINANCIALS passthrough; unit_raw as recorded
S0068,ebitda,FY26,fiscal_year,1775,crore,INR,press-quoted-filing,SRC01260,MEDIUM,verbatim FINANCIALS passthrough; unit_raw as recorded
S0068,enterprise_value,FY26,fiscal_year,28124,crore,INR,management,SRC01260,HIGH,verbatim FINANCIALS passthrough; unit_raw as recorded
S0068,equity_value,FY26,fiscal_year,24620,crore,INR,management,SRC01260,HIGH,verbatim FINANCIALS passthrough; unit_raw as recorded
S0069,revenue,FY25,fiscal_year,10.0,,INR,press-quoted-filing,SRC01280,,verbatim FINANCIALS passthrough; unit_raw as recorded
S0070,operating revenue,FY25,fiscal_year,2565.0,crore,INR,press-quoted-filing,SRC01282,,verbatim FINANCIALS passthrough; unit_raw as recorded
S0070,net loss,FY25,fiscal_year,126.0,crore,INR,press-quoted-filing,SRC01282,,verbatim FINANCIALS passthrough; unit_raw as recorded
S0070,operating_revenue,FY25,fiscal_year,2565,crore,INR,press-quoted-filing,SRC01293,HIGH,verbatim FINANCIALS passthrough; unit_raw as recorded
S0070,net_profit,FY26,fiscal_year,93.3,crore,INR,press-quoted-filing,SRC01298,MEDIUM,verbatim FINANCIALS passthrough; unit_raw as recorded
S0070,personal_loans_disbursed,FY25,fiscal_year,130206,crore,INR,DRHP,SRC01290,HIGH,verbatim FINANCIALS passthrough; unit_raw as recorded
S0070,operating_revenue,FY25,fiscal_year,2565,crore,INR,press-quoted-filing,SRC01293,HIGH,verbatim FINANCIALS passthrough; unit_raw as recorded
S0070,net_loss,FY25,fiscal_year,126,crore,INR,press-quoted-filing,SRC01293,HIGH,verbatim FINANCIALS passthrough; unit_raw as recorded
S0070,total_revenue,FY26,fiscal_year,3091,crore,INR,press-quoted-filing,SRC01286,HIGH,verbatim FINANCIALS passthrough; unit_raw as recorded
S0070,net_loss,FY26,fiscal_year,466,crore,INR,press-quoted-filing,SRC01286,HIGH,verbatim FINANCIALS passthrough; unit_raw as recorded
S0070,net_profit,FY26,fiscal_year,93.3,crore,INR,press-quoted-filing,SRC01298,MEDIUM,verbatim FINANCIALS passthrough; unit_raw as recorded
S0070,operating_revenue,FY26,fiscal_year,2691.5,crore,INR,press-quoted-filing,SRC01298,MEDIUM,verbatim FINANCIALS passthrough; unit_raw as recorded
S0070,personal_loans_disbursed,FY25,fiscal_year,130206,crore,INR,DRHP,SRC01290,HIGH,verbatim FINANCIALS passthrough; unit_raw as recorded
S0070,home_loans_disbursed,FY25,fiscal_year,4230,crore,INR,DRHP,SRC01290,HIGH,verbatim FINANCIALS passthrough; unit_raw as recorded
S0070,total_disbursements,FY25,fiscal_year,134436,crore,INR,DRHP,SRC01290,HIGH,verbatim FINANCIALS passthrough; unit_raw as recorded
S0070,aum,FY25,fiscal_year,116949.31,crore,INR,DRHP,SRC01290,HIGH,verbatim FINANCIALS passthrough; unit_raw as recorded
S0070,pat,FY25,fiscal_year,2219.6,crore,INR,DRHP,SRC01290,HIGH,verbatim FINANCIALS passthrough; unit_raw as recorded
S0070,loan_book_outstanding,FY26,fiscal_year,13000,crore,INR,management,SRC00082,HIGH,verbatim FINANCIALS passthrough; unit_raw as recorded
S0070,home_loan_portfolio,FY26,fiscal_year,1500,crore,INR,management,SRC00082,HIGH,verbatim FINANCIALS passthrough; unit_raw as recorded
S0070,equity_capital,FY26,fiscal_year,4000,crore,INR,management,SRC00082,HIGH,verbatim FINANCIALS passthrough; unit_raw as recorded
S0070,aum,FY26,fiscal_year,130000000000,INR,INR,press-quoted-filing,SRC01286,HIGH,verbatim FINANCIALS passthrough; unit_raw as recorded
S0070,net_worth,FY25,fiscal_year,31626.94,crore,INR,DRHP,SRC01290,HIGH,verbatim FINANCIALS passthrough; unit_raw as recorded
S0070,total_disbursements,FY26,fiscal_year,23287,crore,INR,management,SRC00082,HIGH,verbatim FINANCIALS passthrough; unit_raw as recorded
S0071,operating revenue,FY25,fiscal_year,1634.0,crore,INR,press-quoted-filing,SRC01309,,verbatim FINANCIALS passthrough; unit_raw as recorded
S0071,net loss,FY25,fiscal_year,256.0,crore,INR,press-quoted-filing,SRC01309,,verbatim FINANCIALS passthrough; unit_raw as recorded
S0071,operating_revenue,FY24,fiscal_year,2000.0,crore,INR,press-quoted-filing,SRC01310,MEDIUM,verbatim FINANCIALS passthrough; unit_raw as recorded
S0071,total_revenue,FY25,fiscal_year,1634,crore,INR,press-quoted-filing,SRC01309,HIGH,verbatim FINANCIALS passthrough; unit_raw as recorded
S0071,net_loss,FY25,fiscal_year,256,crore,INR,press-quoted-filing,SRC01309,HIGH,verbatim FINANCIALS passthrough; unit_raw as recorded
S0071,total_revenue,FY24,fiscal_year,2002.7,crore,INR,press-quoted-filing,SRC01310,HIGH,verbatim FINANCIALS passthrough; unit_raw as recorded
S0071,net_loss,FY24,fiscal_year,259.6,crore,INR,press-quoted-filing,SRC01310,HIGH,verbatim FINANCIALS passthrough; unit_raw as recorded
S0071,total_revenue,FY23,fiscal_year,1153.4,crore,INR,press-quoted-filing,SRC01310,HIGH,verbatim FINANCIALS passthrough; unit_raw as recorded
S0071,net_loss,FY23,fiscal_year,326.3,crore,INR,press-quoted-filing,SRC01310,HIGH,verbatim FINANCIALS passthrough; unit_raw as recorded
S0071,operating_revenue,FY24,fiscal_year,2007,crore,INR,press-quoted-filing,SRC01309,HIGH,verbatim FINANCIALS passthrough; unit_raw as recorded
S0072,revenue,FY25,fiscal_year,2274,,INR,press-quoted-filing,SRC01324,MEDIUM,verbatim FINANCIALS passthrough; unit_raw as recorded
S0072,total_revenue,FY21,fiscal_year,128054,lakh,INR,press-quoted-filing,SRC01342,MEDIUM,verbatim FINANCIALS passthrough; unit_raw as recorded
S0072,total_revenue,FY23,fiscal_year,13537120,thousand,INR,press-quoted-filing,SRC01343,MEDIUM,verbatim FINANCIALS passthrough; unit_raw as recorded
S0072,net_income,FY23,fiscal_year,-2651450,thousand,INR,press-quoted-filing,SRC01343,MEDIUM,verbatim FINANCIALS passthrough; unit_raw as recorded
S0072,total_revenue,FY24,fiscal_year,14331190,thousand,INR,press-quoted-filing,SRC01343,MEDIUM,verbatim FINANCIALS passthrough; unit_raw as recorded
S0072,net_income,FY24,fiscal_year,-3419030,thousand,INR,press-quoted-filing,SRC01343,MEDIUM,verbatim FINANCIALS passthrough; unit_raw as recorded
S0072,total_revenue,FY24,fiscal_year,130962,lakh,INR,press-quoted-filing,SRC01342,MEDIUM,verbatim FINANCIALS passthrough; unit_raw as recorded
S0072,total_revenue,FY25,fiscal_year,19048060,thousand,INR,press-quoted-filing,SRC01343,MEDIUM,verbatim FINANCIALS passthrough; unit_raw as recorded
S0072,total_revenue,FY25,fiscal_year,2274,crore,INR,press-quoted-filing,SRC01324,MEDIUM,verbatim FINANCIALS passthrough; unit_raw as recorded
S0072,net_income,FY25,fiscal_year,-1454870,thousand,INR,press-quoted-filing,SRC01343,MEDIUM,verbatim FINANCIALS passthrough; unit_raw as recorded
S0072,net_income,FY25,fiscal_year,-145,crore,INR,press-quoted-filing,SRC01324,MEDIUM,verbatim FINANCIALS passthrough; unit_raw as recorded
S0072,total_revenue,FY26,fiscal_year,306754,thousand,USD,press-quoted-filing,SRC01344,MEDIUM,verbatim FINANCIALS passthrough; unit_raw as recorded
S0072,net_income,FY26,fiscal_year,12733,thousand,USD,press-quoted-filing,SRC01344,MEDIUM,verbatim FINANCIALS passthrough; unit_raw as recorded
S0072,total_revenue,FY26,fiscal_year,744,crore,INR,press-quoted-filing,SRC01345,MEDIUM,verbatim FINANCIALS passthrough; unit_raw as recorded
S0072,net_income,FY26,fiscal_year,42.4,crore,INR,press-quoted-filing,SRC01345,MEDIUM,verbatim FINANCIALS passthrough; unit_raw as recorded
S0073,fy25 revenue,FY25,fiscal_year,104.0,crore,INR,press-quoted-filing,SRC01368,HIGH,verbatim FINANCIALS passthrough; unit_raw as recorded
S0073,fy25 net loss,FY25,fiscal_year,176.0,crore,INR,press-quoted-filing,SRC01368,HIGH,verbatim FINANCIALS passthrough; unit_raw as recorded
S0073,fy26 revenue (approx),FY26,fiscal_year,416.0,INR,INR,estimate,SRC01369,MEDIUM,verbatim FINANCIALS passthrough; unit_raw as recorded
S0073,fy25 revenue,FY25,fiscal_year,104.0,crore,INR,press-quoted-filing,SRC01368,HIGH,verbatim FINANCIALS passthrough; unit_raw as recorded
S0073,fy25 net loss,FY25,fiscal_year,176.0,crore,INR,press-quoted-filing,SRC01368,HIGH,verbatim FINANCIALS passthrough; unit_raw as recorded
S0073,fy26 revenue (approx),FY26,fiscal_year,416.0,INR,INR,estimate,SRC01369,MEDIUM,verbatim FINANCIALS passthrough; unit_raw as recorded
S0074,average deal size growth,,fiscal_year,4.5,USD,USD,management,SRC01377,HIGH,verbatim FINANCIALS passthrough; unit_raw as recorded
S0074,average deal size growth,,fiscal_year,4.5,USD,USD,management,SRC01377,HIGH,verbatim FINANCIALS passthrough; unit_raw as recorded
S0075,operating revenue,FY25,fiscal_year,565.0,crore,INR,press-quoted-filing,SRC01392,,verbatim FINANCIALS passthrough; unit_raw as recorded
S0075,net profit,FY25,fiscal_year,73.0,crore,INR,management,SRC01391,,verbatim FINANCIALS passthrough; unit_raw as recorded
S0075,fy25 operating revenue,FY25,fiscal_year,565.0,crore,INR,press-quoted-filing,SRC01392,HIGH,verbatim FINANCIALS passthrough; unit_raw as recorded
S0075,fy25 net profit,FY25,fiscal_year,73.0,crore,INR,management,SRC01391,HIGH,verbatim FINANCIALS passthrough; unit_raw as recorded
S0075,fy26 revenue,FY26,fiscal_year,651.0,crore,INR,press-quoted-filing,SRC01393,HIGH,verbatim FINANCIALS passthrough; unit_raw as recorded
S0075,fy26 net loss,FY26,fiscal_year,176.0,crore,INR,press-quoted-filing,SRC01393,HIGH,verbatim FINANCIALS passthrough; unit_raw as recorded
S0075,fy25 operating revenue,FY25,fiscal_year,565.0,crore,INR,press-quoted-filing,SRC01392,HIGH,verbatim FINANCIALS passthrough; unit_raw as recorded
S0075,fy25 net profit,FY25,fiscal_year,73.0,crore,INR,management,SRC01391,HIGH,verbatim FINANCIALS passthrough; unit_raw as recorded
S0075,fy26 revenue,FY26,fiscal_year,651.0,crore,INR,press-quoted-filing,SRC01393,HIGH,verbatim FINANCIALS passthrough; unit_raw as recorded
S0075,fy26 net loss,FY26,fiscal_year,176.0,crore,INR,press-quoted-filing,SRC01393,HIGH,verbatim FINANCIALS passthrough; unit_raw as recorded
S0075,operating_revenue,FY24,fiscal_year,105,crore,INR,press-quoted-filing,SRC01419,HIGH,verbatim FINANCIALS passthrough; unit_raw as recorded
S0075,net_loss,FY24,fiscal_year,39,crore,INR,press-quoted-filing,SRC01419,HIGH,verbatim FINANCIALS passthrough; unit_raw as recorded
S0075,operating_revenue,FY25,fiscal_year,565,crore,INR,press-quoted-filing,SRC01392,HIGH,verbatim FINANCIALS passthrough; unit_raw as recorded
S0075,net_profit,FY25,fiscal_year,73,crore,INR,management,SRC01391,HIGH,verbatim FINANCIALS passthrough; unit_raw as recorded
S0075,net_profit_usd,FY25,fiscal_year,8.2,million,USD,management,SRC01391,HIGH,verbatim FINANCIALS passthrough; unit_raw as recorded
S0075,ebitda_margin,FY25,fiscal_year,8.76,percent,INR,management,SRC01391,HIGH,verbatim FINANCIALS passthrough; unit_raw as recorded
S0075,roce,FY25,fiscal_year,12.9,percent,INR,management,SRC01391,HIGH,verbatim FINANCIALS passthrough; unit_raw as recorded
S0075,smart_ring_revenue,FY25,fiscal_year,516,crore,INR,press-quoted-filing,SRC01419,HIGH,verbatim FINANCIALS passthrough; unit_raw as recorded
S0075,subscription_revenue,FY25,fiscal_year,29,crore,INR,press-quoted-filing,SRC01419,HIGH,verbatim FINANCIALS passthrough; unit_raw as recorded
S0075,operating_revenue,FY26,fiscal_year,651,crore,INR,press-quoted-filing,SRC01393,HIGH,verbatim FINANCIALS passthrough; unit_raw as recorded
S0075,net_loss,FY26,fiscal_year,176,crore,INR,press-quoted-filing,SRC01393,HIGH,verbatim FINANCIALS passthrough; unit_raw as recorded
S0075,revenue_run_rate,,fiscal_year,150,million,USD,management,SRC01402,MEDIUM,verbatim FINANCIALS passthrough; unit_raw as recorded
S0075,revenue_run_rate,,fiscal_year,150,million,USD,management,SRC01390,HIGH,verbatim FINANCIALS passthrough; unit_raw as recorded
S0075,operating_revenue_usd,FY25,fiscal_year,64,million,USD,management,SRC01420,HIGH,verbatim FINANCIALS passthrough; unit_raw as recorded
S0075,total_income,FY25,fiscal_year,65.8,million,USD,management,SRC01420,HIGH,verbatim FINANCIALS passthrough; unit_raw as recorded
S0076,revenue,FY25,fiscal_year,325.0,crore,INR,press-quoted-filing,SRC01454,MEDIUM,verbatim FINANCIALS passthrough; unit_raw as recorded
S0076,total_revenue,FY25,fiscal_year,268.6,crore,INR,DRHP,SRC01438,HIGH,verbatim FINANCIALS passthrough; unit_raw as recorded
S0076,net_loss,FY25,fiscal_year,94.4,crore,INR,DRHP,SRC01438,HIGH,verbatim FINANCIALS passthrough; unit_raw as recorded
S0076,total_revenue,FY24,fiscal_year,241.3,crore,INR,DRHP,SRC01438,HIGH,verbatim FINANCIALS passthrough; unit_raw as recorded
S0076,net_loss,FY24,fiscal_year,152.4,crore,INR,DRHP,SRC01438,HIGH,verbatim FINANCIALS passthrough; unit_raw as recorded
S0076,total_revenue,FY26,fiscal_year,337,crore,INR,management,SRC01438,MEDIUM,verbatim FINANCIALS passthrough; unit_raw as recorded
S0076,total_revenue,FY22,fiscal_year,31.75,crore,INR,press-quoted-filing,SRC01441,MEDIUM,verbatim FINANCIALS passthrough; unit_raw as recorded
S0076,total_revenue,FY23,fiscal_year,31.75,crore,INR,press-quoted-filing,SRC01441,MEDIUM,verbatim FINANCIALS passthrough; unit_raw as recorded
S0076,revenue_range,FY25,fiscal_year,100,crore,INR,registry,SRC01445,MEDIUM,verbatim FINANCIALS passthrough; unit_raw as recorded
S0077,revenue,FY24,fiscal_year,90.9,crore,INR,press-quoted-filing,SRC01463,MEDIUM,verbatim FINANCIALS passthrough; unit_raw as recorded
S0077,arr guidance (company-claimed),FY25,fiscal_year,300.0,crore,INR,management,SRC01464,MEDIUM,verbatim FINANCIALS passthrough; unit_raw as recorded
S0078,revenue,FY25,fiscal_year,1410,cr,INR,management,SRC01470,MEDIUM,verbatim FINANCIALS passthrough; unit_raw as recorded
S0078,ebitda,FY25,fiscal_year,46,cr,INR,management,SRC01473,MEDIUM,verbatim FINANCIALS passthrough; unit_raw as recorded
S0078,revenue,FY26,fiscal_year,2086,cr,INR,management,SRC01475,MEDIUM,verbatim FINANCIALS passthrough; unit_raw as recorded
S0078,ebitda,FY26,fiscal_year,176,cr,INR,management,SRC01475,MEDIUM,verbatim FINANCIALS passthrough; unit_raw as recorded
S0078,total_revenue,FY24,fiscal_year,1001,crore,INR,press-quoted-filing,SRC01470,MEDIUM,verbatim FINANCIALS passthrough; unit_raw as recorded
S0078,total_revenue,FY25,fiscal_year,1410,crore,INR,management,SRC01470,MEDIUM,verbatim FINANCIALS passthrough; unit_raw as recorded
S0078,ebitda,FY25,fiscal_year,46,crore,INR,management,SRC01473,MEDIUM,verbatim FINANCIALS passthrough; unit_raw as recorded
S0078,gross_profit,FY25,fiscal_year,316,crore,INR,management,SRC01473,MEDIUM,verbatim FINANCIALS passthrough; unit_raw as recorded
S0078,gtv,FY25,fiscal_year,59093,crore,INR,management,SRC01473,MEDIUM,verbatim FINANCIALS passthrough; unit_raw as recorded
S0078,transactions,FY25,fiscal_year,186108,count,,management,SRC01473,MEDIUM,verbatim FINANCIALS passthrough; unit_raw as recorded
S0078,total_revenue,FY26,fiscal_year,2086,crore,INR,management,SRC01468,MEDIUM,verbatim FINANCIALS passthrough; unit_raw as recorded
S0078,ebitda,FY26,fiscal_year,176,crore,INR,management,SRC01468,MEDIUM,verbatim FINANCIALS passthrough; unit_raw as recorded
S0078,loan_disbursal,FY26,fiscal_year,87831,crore,INR,management,SRC01468,MEDIUM,verbatim FINANCIALS passthrough; unit_raw as recorded
S0078,loan_disbursal,FY25,fiscal_year,61000,crore,INR,management,SRC01469,MEDIUM,verbatim FINANCIALS passthrough; unit_raw as recorded
S0079,revenue,FY23,fiscal_year,9.66,crore,INR,press-quoted-filing,SRC01484,MEDIUM,verbatim FINANCIALS passthrough; unit_raw as recorded
S0081,revenue,FY25,fiscal_year,8.9,million,USD,estimate,SRC01495,LOW,verbatim FINANCIALS passthrough; unit_raw as recorded
S0083,revenue_from_operations,FY25,fiscal_year,3070,cr,INR,press-quoted-filing,SRC01505,HIGH,verbatim FINANCIALS passthrough; unit_raw as recorded
S0083,pat,FY25,fiscal_year,61.1,cr,INR,press-quoted-filing,SRC01505,HIGH,verbatim FINANCIALS passthrough; unit_raw as recorded
S0084,revenue_from_operations,FY24,fiscal_year,875.0,cr,INR,audited,SRC01525,HIGH,verbatim FINANCIALS passthrough; unit_raw as recorded
S0084,pat,FY24,fiscal_year,14.1,cr,INR,audited,SRC01525,HIGH,verbatim FINANCIALS passthrough; unit_raw as recorded
S0084,revenue_from_operations,FY25,fiscal_year,1170.2,cr,INR,audited,SRC01525,HIGH,verbatim FINANCIALS passthrough; unit_raw as recorded
S0084,pat,FY25,fiscal_year,-121.3,cr,INR,audited,SRC01525,HIGH,verbatim FINANCIALS passthrough; unit_raw as recorded
S0084,revenue_from_operations,FY26,fiscal_year,1106.5,cr,INR,audited,SRC01526,HIGH,verbatim FINANCIALS passthrough; unit_raw as recorded
S0085,consolidated_revenue,FY26,fiscal_year,20645,crore,INR,management,SRC01530,HIGH,verbatim FINANCIALS passthrough; unit_raw as recorded
S0085,pat,FY26,fiscal_year,724,crore,INR,management,SRC01530,HIGH,verbatim FINANCIALS passthrough; unit_raw as recorded
S0085,pat,FY25,fiscal_year,597,crore,INR,management,SRC01530,MEDIUM,verbatim FINANCIALS passthrough; unit_raw as recorded
S0085,consolidated_revenue,FY25,fiscal_year,22241,crore,INR,estimate,SRC01531,LOW,verbatim FINANCIALS passthrough; unit_raw as recorded
S0085,consolidated_revenue,FY23,fiscal_year,15342,crore,INR,audited,SRC01555,HIGH,verbatim FINANCIALS passthrough; unit_raw as recorded
S0085,gmv,FY23,fiscal_year,15342,crore,INR,audited,SRC01555,HIGH,verbatim FINANCIALS passthrough; unit_raw as recorded
S0085,pat,FY23,fiscal_year,463,crore,INR,audited,SRC01555,HIGH,verbatim FINANCIALS passthrough; unit_raw as recorded
S0085,consolidated_revenue,FY24,fiscal_year,19296,crore,INR,audited,SRC01556,HIGH,verbatim FINANCIALS passthrough; unit_raw as recorded
S0085,pat,FY24,fiscal_year,603,crore,INR,audited,SRC01556,HIGH,verbatim FINANCIALS passthrough; unit_raw as recorded
S0085,total_assets,FY24,fiscal_year,7460,crore,INR,audited,SRC01557,MEDIUM,verbatim FINANCIALS passthrough; unit_raw as recorded
S0085,consolidated_revenue,FY25,fiscal_year,22241,crore,INR,press-quoted-filing,SRC01531,MEDIUM,verbatim FINANCIALS passthrough; unit_raw as recorded
S0085,consolidated_revenue,FY26,fiscal_year,20645,crore,INR,management,SRC01530,HIGH,verbatim FINANCIALS passthrough; unit_raw as recorded
S0085,pat,FY26,fiscal_year,724,crore,INR,management,SRC01530,HIGH,verbatim FINANCIALS passthrough; unit_raw as recorded
S0085,pat,FY25,fiscal_year,597,crore,INR,management,SRC01530,MEDIUM,verbatim FINANCIALS passthrough; unit_raw as recorded
S0085,oxyzo_pat,FY24,fiscal_year,290,crore,INR,audited,SRC01558,HIGH,verbatim FINANCIALS passthrough; unit_raw as recorded
S0085,oxyzo_revenue,FY24,fiscal_year,903,crore,INR,audited,SRC01558,HIGH,verbatim FINANCIALS passthrough; unit_raw as recorded
S0085,oxyzo_aum,FY25,fiscal_year,8341,crore,INR,audited,SRC01538,HIGH,verbatim FINANCIALS passthrough; unit_raw as recorded
S0085,oxyzo_borrowings,FY25,fiscal_year,6028,crore,INR,audited,SRC01538,HIGH,verbatim FINANCIALS passthrough; unit_raw as recorded
S0085,oxyzo_net_worth,FY25,fiscal_year,2855,crore,INR,audited,SRC01538,HIGH,verbatim FINANCIALS passthrough; unit_raw as recorded
S0085,oxyzo_total_revenue,FY25,fiscal_year,1129,crore,INR,audited,SRC01538,HIGH,verbatim FINANCIALS passthrough; unit_raw as recorded
S0085,oxyzo_loan_book,FY24,fiscal_year,6667,crore,INR,audited,SRC01558,HIGH,verbatim FINANCIALS passthrough; unit_raw as recorded
S0085,oxyzo_loan_book,FY25,fiscal_year,8342,crore,INR,audited,SRC01538,HIGH,verbatim FINANCIALS passthrough; unit_raw as recorded
S0085,oxyzo_gross_npa,FY25,fiscal_year,1.2,percent,INR,audited,SRC01537,HIGH,verbatim FINANCIALS passthrough; unit_raw as recorded
S0085,oxyzo_pat,FY23,fiscal_year,197,crore,INR,audited,SRC01537,HIGH,verbatim FINANCIALS passthrough; unit_raw as recorded
S0085,oxyzo_pat,FY24,fiscal_year,286,crore,INR,audited,SRC01537,HIGH,verbatim FINANCIALS passthrough; unit_raw as recorded
S0085,oxyzo_total_income,FY25,fiscal_year,1129,crore,INR,audited,SRC01538,HIGH,verbatim FINANCIALS passthrough; unit_raw as recorded
S0086,operating_revenue,FY24,fiscal_year,600.5,crore,INR,press-quoted-filing,SRC01570,HIGH,verbatim FINANCIALS passthrough; unit_raw as recorded
S0086,net_loss,FY24,fiscal_year,-381,crore,INR,press-quoted-filing,SRC01570,HIGH,verbatim FINANCIALS passthrough; unit_raw as recorded
S0086,operating_revenue,FY23,fiscal_year,452.8,crore,INR,press-quoted-filing,SRC01571,HIGH,verbatim FINANCIALS passthrough; unit_raw as recorded
S0086,consolidated_revenue,FY25,fiscal_year,442,crore,INR,management,SRC01569,MEDIUM,verbatim FINANCIALS passthrough; unit_raw as recorded
S0086,consolidated_loss,FY25,fiscal_year,-168,crore,INR,management,SRC01569,MEDIUM,verbatim FINANCIALS passthrough; unit_raw as recorded
S0087,total_revenue,FY25,fiscal_year,4.17,crore,INR,press-quoted-filing,SRC01593,MEDIUM,verbatim FINANCIALS passthrough; unit_raw as recorded
S0087,net_loss,FY25,fiscal_year,19.1,crore,INR,press-quoted-filing,SRC01589,MEDIUM,verbatim FINANCIALS passthrough; unit_raw as recorded
S0087,total_revenue,FY26,fiscal_year,490529.82,USD,USD,estimate,SRC01596,LOW,verbatim FINANCIALS passthrough; unit_raw as recorded
S0087,authorised_capital,FY25,fiscal_year,25,lakh,INR,audited,SRC01592,HIGH,verbatim FINANCIALS passthrough; unit_raw as recorded
S0087,paid_up_capital,FY25,fiscal_year,15.31,lakh,INR,audited,SRC01592,HIGH,verbatim FINANCIALS passthrough; unit_raw as recorded
S0090,revenue from operations,FY25,fiscal_year,114.4,crore,INR,press-quoted-filing,SRC01612,MEDIUM,verbatim FINANCIALS passthrough; unit_raw as recorded
S0090,net loss,FY25,fiscal_year,-42.2,crore,INR,press-quoted-filing,SRC01612,MEDIUM,verbatim FINANCIALS passthrough; unit_raw as recorded
S0090,revenue from operations,FY25,fiscal_year,114.4,crore,INR,press-quoted-filing,SRC01612,MEDIUM,verbatim FINANCIALS passthrough; unit_raw as recorded
S0090,net loss,FY25,fiscal_year,-42.2,crore,INR,press-quoted-filing,SRC01612,MEDIUM,verbatim FINANCIALS passthrough; unit_raw as recorded
S0090,revenue from operations,FY24,fiscal_year,71.4,crore,INR,press-quoted-filing,SRC01612,MEDIUM,verbatim FINANCIALS passthrough; unit_raw as recorded
S0092,total income,FY24,fiscal_year,3144.38,crore,INR,press-quoted-filing,SRC01637,MEDIUM,verbatim FINANCIALS passthrough; unit_raw as recorded
S0092,net loss,FY24,fiscal_year,-1670.06,crore,INR,press-quoted-filing,SRC01637,MEDIUM,verbatim FINANCIALS passthrough; unit_raw as recorded
S0092,total_income,FY24,fiscal_year,3144.38,crore,INR,press-quoted-filing,SRC01637,MEDIUM,verbatim FINANCIALS passthrough; unit_raw as recorded
S0092,net_loss,FY24,fiscal_year,-1670.06,crore,INR,press-quoted-filing,SRC01637,MEDIUM,verbatim FINANCIALS passthrough; unit_raw as recorded
S0092,total_revenue,FY25,fiscal_year,4635.7,crore,INR,press-quoted-filing,SRC01654,MEDIUM,verbatim FINANCIALS passthrough; unit_raw as recorded
S0092,net_loss,FY25,fiscal_year,-1983,crore,INR,press-quoted-filing,SRC01655,HIGH,verbatim FINANCIALS passthrough; unit_raw as recorded
S0092,total_revenue,FY26,fiscal_year,4636,crore,INR,press-quoted-filing,SRC01646,HIGH,verbatim FINANCIALS passthrough; unit_raw as recorded
S0092,net_loss,FY26,fiscal_year,-2716,crore,INR,press-quoted-filing,SRC01656,HIGH,verbatim FINANCIALS passthrough; unit_raw as recorded
S0092,total_income,FY23,fiscal_year,777.84,crore,INR,press-quoted-filing,SRC01637,MEDIUM,verbatim FINANCIALS passthrough; unit_raw as recorded
S0093,revenue,FY24,fiscal_year,515.5,crore,INR,press-quoted-filing,SRC01679,HIGH,verbatim FINANCIALS passthrough; unit_raw as recorded
S0093,profit_after_tax,FY24,fiscal_year,-15.8,crore,INR,press-quoted-filing,SRC01679,HIGH,verbatim FINANCIALS passthrough; unit_raw as recorded
S0093,total_revenue,FY23,fiscal_year,322,crore,INR,estimate,SRC01682,MEDIUM,verbatim FINANCIALS passthrough; unit_raw as recorded
S0093,net_profit,FY23,fiscal_year,-69,crore,INR,press-quoted-filing,SRC01682,HIGH,verbatim FINANCIALS passthrough; unit_raw as recorded
S0093,total_revenue,FY24,fiscal_year,515.5,crore,INR,press-quoted-filing,SRC01679,HIGH,verbatim FINANCIALS passthrough; unit_raw as recorded
S0093,net_profit,FY24,fiscal_year,-15.77,crore,INR,press-quoted-filing,SRC01682,HIGH,verbatim FINANCIALS passthrough; unit_raw as recorded
S0093,total_revenue,FY25,fiscal_year,749.5,crore,INR,press-quoted-filing,SRC01679,MEDIUM,verbatim FINANCIALS passthrough; unit_raw as recorded
S0093,net_profit,FY25,fiscal_year,-14.6,crore,INR,press-quoted-filing,SRC01679,MEDIUM,verbatim FINANCIALS passthrough; unit_raw as recorded
S0093,ebitda,FY25,fiscal_year,17.5,crore,INR,estimate,SRC01679,LOW,verbatim FINANCIALS passthrough; unit_raw as recorded
S0093,total_assets,FY25,fiscal_year,237.7,crore,INR,press-quoted-filing,SRC01679,MEDIUM,verbatim FINANCIALS passthrough; unit_raw as recorded
S0093,total_expenses,FY24,fiscal_year,531.3,crore,INR,press-quoted-filing,SRC01679,MEDIUM,verbatim FINANCIALS passthrough; unit_raw as recorded
S0093,total_expenses,FY25,fiscal_year,764.1,crore,INR,press-quoted-filing,SRC01679,MEDIUM,verbatim FINANCIALS passthrough; unit_raw as recorded
S0094,revenue,FY24,fiscal_year,3733,crore,INR,press-quoted-filing,SRC01690,HIGH,verbatim FINANCIALS passthrough; unit_raw as recorded
S0094,ebitda_loss_adj,FY24,fiscal_year,-69,crore,INR,press-quoted-filing,SRC01690,HIGH,verbatim FINANCIALS passthrough; unit_raw as recorded
S0094,total_revenue,FY24,fiscal_year,3733,crore,INR,press-quoted-filing,SRC01690,HIGH,verbatim FINANCIALS passthrough; unit_raw as recorded
S0094,ebitda_loss_adj,FY24,fiscal_year,-69,crore,INR,press-quoted-filing,SRC01690,HIGH,verbatim FINANCIALS passthrough; unit_raw as recorded
S0094,total_revenue_target,FY25,fiscal_year,520,million,USD,management,SRC01701,MEDIUM,verbatim FINANCIALS passthrough; unit_raw as recorded
S0094,total_revenue_estimate,FY25,fiscal_year,450,million,USD,estimate,SRC01711,LOW,verbatim FINANCIALS passthrough; unit_raw as recorded
S0094,deferred_revenue,FY25,fiscal_year,800,crore,INR,estimate,SRC01709,LOW,verbatim FINANCIALS passthrough; unit_raw as recorded
S0094,revenue_indian_entity,FY25,fiscal_year,10,crore,INR,press-quoted-filing,SRC01706,MEDIUM,verbatim FINANCIALS passthrough; unit_raw as recorded
S0095,revenue,FY25,fiscal_year,301.4,crore,INR,press-quoted-filing,SRC01722,HIGH,verbatim FINANCIALS passthrough; unit_raw as recorded
S0095,net_profit,FY25,fiscal_year,12.1,crore,INR,press-quoted-filing,SRC01722,HIGH,verbatim FINANCIALS passthrough; unit_raw as recorded
S0095,total_revenue,FY25,fiscal_year,301.4,crore,INR,press-quoted-filing,SRC01729,HIGH,verbatim FINANCIALS passthrough; unit_raw as recorded
S0095,net_profit,FY25,fiscal_year,12.1,crore,INR,press-quoted-filing,SRC01722,HIGH,verbatim FINANCIALS passthrough; unit_raw as recorded
S0095,ebitda,FY25,fiscal_year,3.6,crore,INR,press-quoted-filing,SRC01722,HIGH,verbatim FINANCIALS passthrough; unit_raw as recorded
S0095,marketing_expenditure,FY25,fiscal_year,136.54,crore,INR,press-quoted-filing,SRC01729,HIGH,verbatim FINANCIALS passthrough; unit_raw as recorded
S0095,total_revenue,FY24,fiscal_year,106.8,crore,INR,press-quoted-filing,SRC01722,HIGH,verbatim FINANCIALS passthrough; unit_raw as recorded
S0095,operating_revenue,FY23,fiscal_year,36.53,crore,INR,press-quoted-filing,SRC01723,HIGH,verbatim FINANCIALS passthrough; unit_raw as recorded
S0095,employee_expense,FY25,fiscal_year,15,crore,INR,press-quoted-filing,SRC01729,HIGH,verbatim FINANCIALS passthrough; unit_raw as recorded
S0095,total_expenses,FY25,fiscal_year,301,crore,INR,press-quoted-filing,SRC01729,HIGH,verbatim FINANCIALS passthrough; unit_raw as recorded
S0096,revenue,FY24,fiscal_year,175.3,crore,INR,press-quoted-filing,SRC01745,HIGH,verbatim FINANCIALS passthrough; unit_raw as recorded
S0096,revenue_growth_yoy,FY24,fiscal_year,112.25,percent,INR,press-quoted-filing,SRC01745,MEDIUM,verbatim FINANCIALS passthrough; unit_raw as recorded
S0096,revenue,FY24,fiscal_year,175.3,crore,INR,press-quoted-filing,SRC01745,MEDIUM,verbatim FINANCIALS passthrough; unit_raw as recorded
S0096,revenue,FY24,fiscal_year,202.6,crore,INR,press-quoted-filing,SRC01745,MEDIUM,verbatim FINANCIALS passthrough; unit_raw as recorded
S0096,revenue_growth_yoy,FY24,fiscal_year,112.25,percent,INR,press-quoted-filing,SRC01745,MEDIUM,verbatim FINANCIALS passthrough; unit_raw as recorded
S0096,ebitda_status,FY25,fiscal_year,1,boolean,INR,press-quoted-filing,SRC01751,MEDIUM,verbatim FINANCIALS passthrough; unit_raw as recorded
S0096,annual_revenue_range,FY25,fiscal_year,10,million,USD,estimate,SRC01747,LOW,verbatim FINANCIALS passthrough; unit_raw as recorded
S0097,revenue,FY25,fiscal_year,1623.9,crore,INR,audited,SRC01758,HIGH,verbatim FINANCIALS passthrough; unit_raw as recorded
S0097,ebitda,FY25,fiscal_year,153.5,crore,INR,audited,SRC01758,HIGH,verbatim FINANCIALS passthrough; unit_raw as recorded
S0098,annual revenue (tracxn band),FY25,fiscal_year,50.0,,INR,estimate,SRC01768,,verbatim FINANCIALS passthrough; unit_raw as recorded
S0098,annual_revenue,FY25,fiscal_year,75,crore,INR,estimate,SRC01768,LOW,verbatim FINANCIALS passthrough; unit_raw as recorded
S0098,employee_count,FY25,fiscal_year,337,count,INR,press-quoted-filing,SRC01768,MEDIUM,verbatim FINANCIALS passthrough; unit_raw as recorded
S0098,total_client_assets,FY26,fiscal_year,130000,crore,INR,management,SRC01765,MEDIUM,verbatim FINANCIALS passthrough; unit_raw as recorded
S0098,arr_aum,FY26,fiscal_year,50000,crore,INR,management,SRC01765,MEDIUM,verbatim FINANCIALS passthrough; unit_raw as recorded
S0098,equity_capital_raised,FY26,fiscal_year,3000,crore,INR,press-quoted-filing,SRC01765,MEDIUM,verbatim FINANCIALS passthrough; unit_raw as recorded
S0099,revenue (inc42 company profile),FY24,fiscal_year,35.6,crore,INR,press-quoted-filing,SRC01781,,verbatim FINANCIALS passthrough; unit_raw as recorded
S0100,revenue from operations,FY24,fiscal_year,504.37,crore,INR,press-quoted-filing,SRC01786,,verbatim FINANCIALS passthrough; unit_raw as recorded
S0100,revenue from operations,FY25,fiscal_year,489.9,crore,INR,press-quoted-filing,SRC01786,,verbatim FINANCIALS passthrough; unit_raw as recorded
S0100,revenue from operations,FY26,fiscal_year,557.83,crore,INR,press-quoted-filing,SRC01786,,verbatim FINANCIALS passthrough; unit_raw as recorded
S0100,revenue_from_operations,FY23,fiscal_year,93.08,crore,INR,press-quoted-filing,SRC01787,MEDIUM,verbatim FINANCIALS passthrough; unit_raw as recorded
S0100,revenue_from_operations,FY24,fiscal_year,504.37,crore,INR,press-quoted-filing,SRC01786,HIGH,verbatim FINANCIALS passthrough; unit_raw as recorded
S0100,ebitda,FY24,fiscal_year,31.63,crore,INR,press-quoted-filing,SRC01786,HIGH,verbatim FINANCIALS passthrough; unit_raw as recorded
S0100,pat,FY24,fiscal_year,-47.71,crore,INR,press-quoted-filing,SRC01786,HIGH,verbatim FINANCIALS passthrough; unit_raw as recorded
S0100,revenue_from_operations,FY25,fiscal_year,489.9,crore,INR,press-quoted-filing,SRC01786,HIGH,verbatim FINANCIALS passthrough; unit_raw as recorded
S0100,ebitda,FY25,fiscal_year,41.98,crore,INR,press-quoted-filing,SRC01786,HIGH,verbatim FINANCIALS passthrough; unit_raw as recorded
S0100,pat,FY25,fiscal_year,-188.38,crore,INR,press-quoted-filing,SRC01786,HIGH,verbatim FINANCIALS passthrough; unit_raw as recorded
S0100,net_loss,FY25,fiscal_year,188.6,crore,INR,press-quoted-filing,SRC01788,HIGH,verbatim FINANCIALS passthrough; unit_raw as recorded
S0100,revenue_from_operations,FY26,fiscal_year,557.83,crore,INR,press-quoted-filing,SRC01786,HIGH,verbatim FINANCIALS passthrough; unit_raw as recorded
S0100,ebitda,FY26,fiscal_year,30.37,crore,INR,press-quoted-filing,SRC01786,HIGH,verbatim FINANCIALS passthrough; unit_raw as recorded
S0100,pat,FY26,fiscal_year,-285.39,crore,INR,press-quoted-filing,SRC01786,HIGH,verbatim FINANCIALS passthrough; unit_raw as recorded
S0100,revenue_range,FY25,fiscal_year,4659,lakh,INR,press-quoted-filing,SRC01787,LOW,verbatim FINANCIALS passthrough; unit_raw as recorded
S0101,revenue (management-quoted),FY24,fiscal_year,325.0,crore,INR,management,SRC01797,,verbatim FINANCIALS passthrough; unit_raw as recorded
S0101,operating revenue (mca-cited),FY26,fiscal_year,461.0,crore,INR,press-quoted-filing,SRC01794,,verbatim FINANCIALS passthrough; unit_raw as recorded
S0102,paid-up capital (pre-raise snapshot),FY25,fiscal_year,34.95,crore,INR,press-quoted-filing,SRC01803,,verbatim FINANCIALS passthrough; unit_raw as recorded
S0103,revenue,FY25,fiscal_year,1.1,crore,INR,press-quoted-filing,SRC01809,MEDIUM,verbatim FINANCIALS passthrough; unit_raw as recorded
S0104,revenue,FY25,fiscal_year,4794409.82,USD,USD,press-quoted-filing,SRC01826,MEDIUM,verbatim FINANCIALS passthrough; unit_raw as recorded
S0104,total_revenue,FY25,fiscal_year,4794409.82,USD,USD,press-quoted-filing,SRC01817,MEDIUM,verbatim FINANCIALS passthrough; unit_raw as recorded
S0104,revenue_range,FY25,fiscal_year,10,crore,INR,press-quoted-filing,SRC01817,MEDIUM,verbatim FINANCIALS passthrough; unit_raw as recorded
S0105,revenue,FY25,fiscal_year,36.1,crore,INR,press-quoted-filing,SRC01829,HIGH,verbatim FINANCIALS passthrough; unit_raw as recorded
S0105,net_loss,FY25,fiscal_year,116.3,crore,INR,press-quoted-filing,SRC01829,HIGH,verbatim FINANCIALS passthrough; unit_raw as recorded
S0106,operating_revenue,FY25,fiscal_year,746,crore,INR,press-quoted-filing,SRC01840,HIGH,verbatim FINANCIALS passthrough; unit_raw as recorded
S0106,net_loss,FY25,fiscal_year,170,crore,INR,press-quoted-filing,SRC01840,HIGH,verbatim FINANCIALS passthrough; unit_raw as recorded
S0106,total_revenue,FY23,fiscal_year,411.5,crore,INR,press-quoted-filing,SRC01845,HIGH,verbatim FINANCIALS passthrough; unit_raw as recorded
S0106,net_loss,FY23,fiscal_year,342.7,crore,INR,press-quoted-filing,SRC01845,HIGH,verbatim FINANCIALS passthrough; unit_raw as recorded
S0106,operating_revenue,FY24,fiscal_year,585.1,crore,INR,press-quoted-filing,SRC01844,HIGH,verbatim FINANCIALS passthrough; unit_raw as recorded
S0106,total_income,FY24,fiscal_year,635.09,crore,INR,press-quoted-filing,SRC01845,HIGH,verbatim FINANCIALS passthrough; unit_raw as recorded
S0106,net_loss,FY24,fiscal_year,172.6,crore,INR,press-quoted-filing,SRC01844,HIGH,verbatim FINANCIALS passthrough; unit_raw as recorded
S0106,operating_revenue,FY25,fiscal_year,745.8,crore,INR,DRHP,SRC01843,HIGH,verbatim FINANCIALS passthrough; unit_raw as recorded
S0106,net_loss,FY25,fiscal_year,169.9,crore,INR,DRHP,SRC01843,HIGH,verbatim FINANCIALS passthrough; unit_raw as recorded
S0106,total_revenue,FY25,fiscal_year,775.49,crore,INR,press-quoted-filing,SRC01856,MEDIUM,verbatim FINANCIALS passthrough; unit_raw as recorded
S0107,net_revenue (range across wealthtech peer reporting),FY25,fiscal_year,30,crore,INR,press-quoted-filing,SRC01868,MEDIUM,verbatim FINANCIALS passthrough; unit_raw as recorded
S0108,annual_revenue_band,FY25,fiscal_year,10,crore,INR,press-quoted-filing,SRC01872,LOW,verbatim FINANCIALS passthrough; unit_raw as recorded
S0109,operating_revenue,FY25,fiscal_year,69.5,INR Cr,INR,press-quoted-filing,SRC01878,HIGH,verbatim FINANCIALS passthrough; unit_raw as recorded
S0109,operating_revenue,FY24,fiscal_year,4.8,crore,INR,press-quoted-filing,SRC01899,MEDIUM,verbatim FINANCIALS passthrough; unit_raw as recorded
S0109,net_loss,FY24,fiscal_year,99.1,crore,INR,press-quoted-filing,SRC01899,MEDIUM,verbatim FINANCIALS passthrough; unit_raw as recorded
S0109,operating_revenue,FY25,fiscal_year,69.5,crore,INR,press-quoted-filing,SRC01878,HIGH,verbatim FINANCIALS passthrough; unit_raw as recorded
S0109,total_revenue,FY25,fiscal_year,75.8,crore,INR,press-quoted-filing,SRC01878,HIGH,verbatim FINANCIALS passthrough; unit_raw as recorded
S0109,net_loss,FY25,fiscal_year,98.5,crore,INR,press-quoted-filing,SRC01878,HIGH,verbatim FINANCIALS passthrough; unit_raw as recorded
S0109,marketing_expense,FY25,fiscal_year,59,crore,INR,press-quoted-filing,SRC01887,HIGH,verbatim FINANCIALS passthrough; unit_raw as recorded
S0109,arr,FY26,fiscal_year,230,million,USD,press-quoted-filing,SRC01877,MEDIUM,verbatim FINANCIALS passthrough; unit_raw as recorded
S0110,operating_revenue,FY25,fiscal_year,518.0,INR Cr,INR,press-quoted-filing,SRC01912,HIGH,verbatim FINANCIALS passthrough; unit_raw as recorded
S0110,total_revenue,FY23,fiscal_year,1650000000,INR,INR,press-quoted-filing,SRC01929,HIGH,verbatim FINANCIALS passthrough; unit_raw as recorded
S0110,net_loss,FY23,fiscal_year,-4500000000,INR,INR,press-quoted-filing,SRC01929,HIGH,verbatim FINANCIALS passthrough; unit_raw as recorded
S0110,operating_revenue,FY24,fiscal_year,2736000000,INR,INR,press-quoted-filing,SRC01916,HIGH,verbatim FINANCIALS passthrough; unit_raw as recorded
S0110,net_loss,FY24,fiscal_year,-5860000000,INR,INR,press-quoted-filing,SRC01916,HIGH,verbatim FINANCIALS passthrough; unit_raw as recorded
S0110,operating_revenue,FY25,fiscal_year,5180000000,INR,INR,press-quoted-filing,SRC01912,HIGH,verbatim FINANCIALS passthrough; unit_raw as recorded
S0110,total_income,FY25,fiscal_year,5230000000,INR,INR,press-quoted-filing,SRC01930,HIGH,verbatim FINANCIALS passthrough; unit_raw as recorded
S0110,net_loss,FY25,fiscal_year,-7200000000,INR,INR,press-quoted-filing,SRC01912,HIGH,verbatim FINANCIALS passthrough; unit_raw as recorded
S0110,current_assets,FY25,fiscal_year,2910000000,INR,INR,press-quoted-filing,SRC01930,HIGH,verbatim FINANCIALS passthrough; unit_raw as recorded
S0110,revenue_guidance,FY26,fiscal_year,8500000000,INR,INR,management,SRC01919,MEDIUM,verbatim FINANCIALS passthrough; unit_raw as recorded
S0112,total_revenue,FY24,fiscal_year,4232.0,crore,INR,press-quoted-filing,SRC01948,MEDIUM,verbatim FINANCIALS passthrough; unit_raw as recorded
S0112,pat,FY24,fiscal_year,-217.1,crore,INR,press-quoted-filing,SRC01948,MEDIUM,verbatim FINANCIALS passthrough; unit_raw as recorded
S0112,operating_revenue,FY25,fiscal_year,681.5,million,USD,press-quoted-filing,SRC01947,MEDIUM,verbatim FINANCIALS passthrough; unit_raw as recorded
S0112,total_revenue,FY25,fiscal_year,692.8,million,USD,press-quoted-filing,SRC01947,MEDIUM,verbatim FINANCIALS passthrough; unit_raw as recorded
S0112,loss,FY25,fiscal_year,-11.3,million,USD,press-quoted-filing,SRC01947,MEDIUM,verbatim FINANCIALS passthrough; unit_raw as recorded
S0112,revenue_standalone,FY25,fiscal_year,4946.6,crore,INR,press-quoted-filing,SRC01949,MEDIUM,verbatim FINANCIALS passthrough; unit_raw as recorded
S0112,pat_standalone,FY25,fiscal_year,-127.0,crore,INR,press-quoted-filing,SRC01949,MEDIUM,verbatim FINANCIALS passthrough; unit_raw as recorded
S0114,revenue from operations,FY26,fiscal_year,3900.0,crore,INR,audited,SRC01972,HIGH,verbatim FINANCIALS passthrough; unit_raw as recorded
S0114,net loss,FY26,fiscal_year,22.0,crore,INR,press-quoted-filing,SRC01974,HIGH,verbatim FINANCIALS passthrough; unit_raw as recorded
S0114,revenue from operations,FY25,fiscal_year,2886.0,crore,INR,press-quoted-filing,SRC01976,HIGH,verbatim FINANCIALS passthrough; unit_raw as recorded
S0116,revenue from operations,FY26,fiscal_year,4755.0,crore,INR,press-quoted-filing,SRC01987,HIGH,verbatim FINANCIALS passthrough; unit_raw as recorded
S0116,pat (profit after tax),FY26,fiscal_year,126.0,crore,INR,press-quoted-filing,SRC01987,HIGH,verbatim FINANCIALS passthrough; unit_raw as recorded
S0116,revenue from operations,FY25,fiscal_year,2938.0,crore,INR,press-quoted-filing,SRC01992,HIGH,verbatim FINANCIALS passthrough; unit_raw as recorded
S0116,revenue from operations (q1 fy27),FY25,fiscal_year,1358.0,crore,INR,press-quoted-filing,SRC01983,HIGH,verbatim FINANCIALS passthrough; unit_raw as recorded
S0118,revenue,FY25,fiscal_year,126.0,crore,INR,press-quoted-filing,SRC02002,HIGH,verbatim FINANCIALS passthrough; unit_raw as recorded
S0118,net profit,FY25,fiscal_year,4.1,INR,INR,press-quoted-filing,SRC02002,MEDIUM,verbatim FINANCIALS passthrough; unit_raw as recorded
S0118,revenue,FY23,fiscal_year,134.9,crore,INR,press-quoted-filing,SRC02010,MEDIUM,verbatim FINANCIALS passthrough; unit_raw as recorded
S0118,total_revenue,FY23,fiscal_year,1310000000,INR,INR,press-quoted-filing,SRC02005,MEDIUM,verbatim FINANCIALS passthrough; unit_raw as recorded
S0118,total_revenue,FY24,fiscal_year,865000000,INR,INR,press-quoted-filing,SRC02005,MEDIUM,verbatim FINANCIALS passthrough; unit_raw as recorded
S0118,total_revenue,FY24,fiscal_year,993000000,INR,INR,press-quoted-filing,SRC02009,MEDIUM,verbatim FINANCIALS passthrough; unit_raw as recorded
S0118,net_profit,FY24,fiscal_year,-1010000000,INR,INR,press-quoted-filing,SRC02005,MEDIUM,verbatim FINANCIALS passthrough; unit_raw as recorded
S0118,total_revenue,FY25,fiscal_year,1255000000,INR,INR,press-quoted-filing,SRC02009,MEDIUM,verbatim FINANCIALS passthrough; unit_raw as recorded
S0118,net_profit,FY25,fiscal_year,346000000,INR,INR,press-quoted-filing,SRC02009,MEDIUM,verbatim FINANCIALS passthrough; unit_raw as recorded
S0118,total_expenses,FY25,fiscal_year,896000000,INR,INR,press-quoted-filing,SRC02009,MEDIUM,verbatim FINANCIALS passthrough; unit_raw as recorded
S0118,total_assets,FY25,fiscal_year,5962000000,INR,INR,press-quoted-filing,SRC02009,MEDIUM,verbatim FINANCIALS passthrough; unit_raw as recorded
S0118,ebitda,FY25,fiscal_year,595000000,INR,INR,press-quoted-filing,SRC02009,MEDIUM,verbatim FINANCIALS passthrough; unit_raw as recorded
S0119,operating revenue,FY25,fiscal_year,237.4,crore,INR,press-quoted-filing,SRC02029,HIGH,verbatim FINANCIALS passthrough; unit_raw as recorded
S0119,total revenue (incl other income),FY25,fiscal_year,241.9,crore,INR,press-quoted-filing,SRC02014,HIGH,verbatim FINANCIALS passthrough; unit_raw as recorded
S0119,revenue,FY24,fiscal_year,122.8,crore,INR,press-quoted-filing,SRC02012,HIGH,verbatim FINANCIALS passthrough; unit_raw as recorded
S0119,operating revenue,FY25,fiscal_year,237.4,crore,INR,,SRC02020,HIGH,verbatim FINANCIALS passthrough; unit_raw as recorded
S0119,total revenue (incl other income),FY25,fiscal_year,241.9,crore,INR,,SRC02014,HIGH,verbatim FINANCIALS passthrough; unit_raw as recorded
S0119,net loss,FY25,fiscal_year,-126,crore,INR,,SRC02015,HIGH,verbatim FINANCIALS passthrough; unit_raw as recorded
S0119,ebitda,FY25,fiscal_year,-36,crore,INR,,SRC02020,HIGH,verbatim FINANCIALS passthrough; unit_raw as recorded
S0119,total expenses,FY25,fiscal_year,350.6,crore,INR,,SRC02020,HIGH,verbatim FINANCIALS passthrough; unit_raw as recorded
S0119,revenue from rental,FY25,fiscal_year,201,crore,INR,,SRC02020,HIGH,verbatim FINANCIALS passthrough; unit_raw as recorded
S0119,revenue from bike sales,FY25,fiscal_year,22.67,crore,INR,,SRC02020,HIGH,verbatim FINANCIALS passthrough; unit_raw as recorded
S0119,revenue from manpower services,FY25,fiscal_year,13.24,crore,INR,,SRC02020,HIGH,verbatim FINANCIALS passthrough; unit_raw as recorded
S0119,operating revenue,FY24,fiscal_year,122.79,crore,INR,,SRC02022,HIGH,verbatim FINANCIALS passthrough; unit_raw as recorded
S0119,net loss,FY24,fiscal_year,-142.83,crore,INR,,SRC02022,HIGH,verbatim FINANCIALS passthrough; unit_raw as recorded
S0119,operating revenue,FY23,fiscal_year,46.58,crore,INR,,SRC02012,HIGH,verbatim FINANCIALS passthrough; unit_raw as recorded
S0119,operating revenue,FY21,fiscal_year,13.7,crore,INR,,SRC02018,HIGH,verbatim FINANCIALS passthrough; unit_raw as recorded
S0120,total_revenue,FY25,fiscal_year,336,crore,INR,press-quoted-filing,SRC02036,MEDIUM,verbatim FINANCIALS passthrough; unit_raw as recorded
S0120,total_revenue,FY25,fiscal_year,39.77,million,USD,press-quoted-filing,SRC02036,MEDIUM,verbatim FINANCIALS passthrough; unit_raw as recorded
S0120,total_revenue,FY24,fiscal_year,1100,crore,INR,estimate,SRC02051,LOW,verbatim FINANCIALS passthrough; unit_raw as recorded
S0120,arr,,fiscal_year,174.3,million,USD,estimate,SRC02050,LOW,verbatim FINANCIALS passthrough; unit_raw as recorded
S0123,revenue,FY25,fiscal_year,206.0,crore,INR,press-quoted-filing,SRC02076,HIGH,verbatim FINANCIALS passthrough; unit_raw as recorded
S0123,revenue,FY24,fiscal_year,83.0,INR Cr,INR,press-quoted-filing,SRC02074,HIGH,verbatim FINANCIALS passthrough; unit_raw as recorded
S0123,loss,FY25,fiscal_year,73.0,crore,INR,press-quoted-filing,SRC02076,HIGH,verbatim FINANCIALS passthrough; unit_raw as recorded
S0123,revenue_from_operations,FY25,fiscal_year,199,crore,INR,press-quoted-filing,SRC02082,HIGH,verbatim FINANCIALS passthrough; unit_raw as recorded
S0123,total_income,FY25,fiscal_year,206,crore,INR,press-quoted-filing,SRC02082,HIGH,verbatim FINANCIALS passthrough; unit_raw as recorded
S0123,net_loss,FY25,fiscal_year,73,crore,INR,press-quoted-filing,SRC02082,HIGH,verbatim FINANCIALS passthrough; unit_raw as recorded
S0123,total_expenses,FY25,fiscal_year,279,crore,INR,press-quoted-filing,SRC02082,HIGH,verbatim FINANCIALS passthrough; unit_raw as recorded
S0123,revenue_from_operations,FY24,fiscal_year,83,crore,INR,press-quoted-filing,SRC02082,HIGH,verbatim FINANCIALS passthrough; unit_raw as recorded
S0123,net_loss,FY24,fiscal_year,55,crore,INR,press-quoted-filing,SRC02082,HIGH,verbatim FINANCIALS passthrough; unit_raw as recorded
S0123,cash_and_bank_balances,FY25,fiscal_year,166,crore,INR,press-quoted-filing,SRC02082,HIGH,verbatim FINANCIALS passthrough; unit_raw as recorded
S0123,marketing_expense,FY25,fiscal_year,106,crore,INR,press-quoted-filing,SRC02082,HIGH,verbatim FINANCIALS passthrough; unit_raw as recorded
S0123,employee_benefit_expenses,FY25,fiscal_year,31,crore,INR,press-quoted-filing,SRC02082,HIGH,verbatim FINANCIALS passthrough; unit_raw as recorded
S0126,operating revenue,FY24,fiscal_year,243,crore,INR,press-quoted-filing,SRC02113,MEDIUM,verbatim FINANCIALS passthrough; unit_raw as recorded
S0126,operating revenue (management-quoted),FY25,fiscal_year,520,crore,INR,management,SRC02103,MEDIUM,verbatim FINANCIALS passthrough; unit_raw as recorded
S0126,operating revenue,FY24,fiscal_year,243,crore,INR,press-quoted-filing,SRC02113,MEDIUM,verbatim FINANCIALS passthrough; unit_raw as recorded
S0126,operating revenue,FY25,fiscal_year,498,crore,INR,press-quoted-filing,SRC02106,MEDIUM,verbatim FINANCIALS passthrough; unit_raw as recorded
S0126,net profit,FY25,fiscal_year,-1.7,crore,INR,management,SRC02106,MEDIUM,verbatim FINANCIALS passthrough; unit_raw as recorded
S0126,operating revenue,FY26,fiscal_year,900,crore,INR,management,SRC02106,MEDIUM,verbatim FINANCIALS passthrough; unit_raw as recorded
S0126,ebitda,FY26,fiscal_year,22.5,crore,INR,management,SRC02106,MEDIUM,verbatim FINANCIALS passthrough; unit_raw as recorded
S0126,revenue target,FY27,fiscal_year,1400,crore,INR,management,SRC02106,MEDIUM,verbatim FINANCIALS passthrough; unit_raw as recorded
S0128,total_revenue,FY25,fiscal_year,10,crore,INR,press-quoted-filing,SRC02127,MEDIUM,verbatim FINANCIALS passthrough; unit_raw as recorded
S0128,authorized_share_capital,FY25,fiscal_year,1.15,crore,INR,press-quoted-filing,SRC02127,HIGH,verbatim FINANCIALS passthrough; unit_raw as recorded
S0128,paidup_capital,FY25,fiscal_year,1.14,crore,INR,press-quoted-filing,SRC02127,HIGH,verbatim FINANCIALS passthrough; unit_raw as recorded
S0130,operating_revenue,FY25,fiscal_year,238.9,crore,INR,press-quoted-filing,SRC02140,MEDIUM,verbatim FINANCIALS passthrough; unit_raw as recorded
S0130,total_revenue,FY25,fiscal_year,238.9,crore,INR,press-quoted-filing,SRC02146,HIGH,verbatim FINANCIALS passthrough; unit_raw as recorded
S0130,net_profit,FY25,fiscal_year,-68.3,crore,INR,press-quoted-filing,SRC02146,HIGH,verbatim FINANCIALS passthrough; unit_raw as recorded
S0130,total_expenses,FY25,fiscal_year,307.2,crore,INR,press-quoted-filing,SRC02146,MEDIUM,verbatim FINANCIALS passthrough; unit_raw as recorded
S0130,ebitda,FY25,fiscal_year,-57.7,crore,INR,estimate,SRC02146,MEDIUM,verbatim FINANCIALS passthrough; unit_raw as recorded
S0130,total_revenue,FY24,fiscal_year,177.0,crore,INR,press-quoted-filing,SRC02145,HIGH,verbatim FINANCIALS passthrough; unit_raw as recorded
S0130,net_profit,FY24,fiscal_year,-49.65,crore,INR,press-quoted-filing,SRC02145,HIGH,verbatim FINANCIALS passthrough; unit_raw as recorded
S0130,total_revenue,FY23,fiscal_year,110.0,crore,INR,press-quoted-filing,SRC02145,HIGH,verbatim FINANCIALS passthrough; unit_raw as recorded
S0130,total_assets,FY25,fiscal_year,203.2,crore,INR,press-quoted-filing,SRC02146,MEDIUM,verbatim FINANCIALS passthrough; unit_raw as recorded
S0130,net_profit_margin,FY25,fiscal_year,-28.6,percent,INR,estimate,SRC02146,MEDIUM,verbatim FINANCIALS passthrough; unit_raw as recorded
S0131,operating_revenue,FY25,fiscal_year,14.42,crore,INR,press-quoted-filing,SRC02160,MEDIUM,verbatim FINANCIALS passthrough; unit_raw as recorded
S0131,net_loss,FY25,fiscal_year,7.17,crore,INR,press-quoted-filing,SRC02160,MEDIUM,verbatim FINANCIALS passthrough; unit_raw as recorded
S0134,revenue,,fiscal_year,202.6,USD,USD,estimate,SRC02192,LOW,verbatim FINANCIALS passthrough; unit_raw as recorded
S0134,total_revenue,FY25,fiscal_year,372.9,crore,INR,press-quoted-filing,SRC02184,MEDIUM,verbatim FINANCIALS passthrough; unit_raw as recorded
S0134,total_revenue,FY25,fiscal_year,100,crore,INR,estimate,SRC02178,MEDIUM,verbatim FINANCIALS passthrough; unit_raw as recorded
S0134,arr,,fiscal_year,202.6,million,USD,estimate,SRC02181,LOW,verbatim FINANCIALS passthrough; unit_raw as recorded
S0134,arr,,fiscal_year,124.4,million,USD,estimate,SRC02181,LOW,verbatim FINANCIALS passthrough; unit_raw as recorded
S0134,arr,,fiscal_year,115.4,million,USD,estimate,SRC02181,LOW,verbatim FINANCIALS passthrough; unit_raw as recorded
S0134,arr,,fiscal_year,33.7,million,USD,estimate,SRC02181,LOW,verbatim FINANCIALS passthrough; unit_raw as recorded
S0134,arr,,fiscal_year,24,million,USD,estimate,SRC02181,LOW,verbatim FINANCIALS passthrough; unit_raw as recorded
S0135,revenue,FY25,fiscal_year,8932.0,INR Cr,INR,press-quoted-filing,SRC02212,HIGH,verbatim FINANCIALS passthrough; unit_raw as recorded
S0135,pat,FY25,fiscal_year,162.0,INR Cr,INR,press-quoted-filing,SRC02212,HIGH,verbatim FINANCIALS passthrough; unit_raw as recorded
S0135,revenue,Q1FY27,fiscal_year,2931.0,INR Cr,INR,audited,SRC02213,HIGH,verbatim FINANCIALS passthrough; unit_raw as recorded
S0135,total_revenue,FY24,fiscal_year,8142,crore,INR,press-quoted-filing,SRC02212,HIGH,verbatim FINANCIALS passthrough; unit_raw as recorded
S0135,net_profit,FY24,fiscal_year,-249,crore,INR,press-quoted-filing,SRC02212,HIGH,verbatim FINANCIALS passthrough; unit_raw as recorded
S0135,ebitda,FY24,fiscal_year,127,crore,INR,press-quoted-filing,SRC02212,HIGH,verbatim FINANCIALS passthrough; unit_raw as recorded
S0135,total_revenue,FY25,fiscal_year,8932,crore,INR,press-quoted-filing,SRC02212,HIGH,verbatim FINANCIALS passthrough; unit_raw as recorded
S0135,net_profit,FY25,fiscal_year,162,crore,INR,press-quoted-filing,SRC02212,HIGH,verbatim FINANCIALS passthrough; unit_raw as recorded
S0135,ebitda,FY25,fiscal_year,376,crore,INR,press-quoted-filing,SRC02212,HIGH,verbatim FINANCIALS passthrough; unit_raw as recorded
S0135,total_revenue,FY26,fiscal_year,10508,crore,INR,audited,SRC02214,HIGH,verbatim FINANCIALS passthrough; unit_raw as recorded
S0135,net_profit,FY26,fiscal_year,153,crore,INR,audited,SRC02214,HIGH,verbatim FINANCIALS passthrough; unit_raw as recorded
S0135,ebitda,FY26,fiscal_year,640,crore,INR,audited,SRC02214,HIGH,verbatim FINANCIALS passthrough; unit_raw as recorded
S0135,total_revenue,Q1FY26,fiscal_year,2294,crore,INR,press-quoted-filing,SRC02226,HIGH,verbatim FINANCIALS passthrough; unit_raw as recorded
S0135,net_profit,Q1FY26,fiscal_year,91,crore,INR,press-quoted-filing,SRC02226,HIGH,verbatim FINANCIALS passthrough; unit_raw as recorded
S0135,total_revenue,Q2FY26,fiscal_year,2559,crore,INR,press-quoted-filing,SRC02222,HIGH,verbatim FINANCIALS passthrough; unit_raw as recorded
S0135,net_profit,Q2FY26,fiscal_year,-50,crore,INR,press-quoted-filing,SRC02222,HIGH,verbatim FINANCIALS passthrough; unit_raw as recorded
S0135,total_revenue,Q3FY26,fiscal_year,2798,crore,INR,press-quoted-filing,SRC02216,HIGH,verbatim FINANCIALS passthrough; unit_raw as recorded
S0135,net_profit,Q3FY26,fiscal_year,40,crore,INR,press-quoted-filing,SRC02216,HIGH,verbatim FINANCIALS passthrough; unit_raw as recorded
S0135,ebitda,Q3FY26,fiscal_year,234,crore,INR,press-quoted-filing,SRC02216,HIGH,verbatim FINANCIALS passthrough; unit_raw as recorded
S0135,total_revenue,Q4FY26,fiscal_year,2850,crore,INR,audited,SRC02214,HIGH,verbatim FINANCIALS passthrough; unit_raw as recorded
S0135,net_profit,Q4FY26,fiscal_year,72,crore,INR,audited,SRC02214,HIGH,verbatim FINANCIALS passthrough; unit_raw as recorded
S0135,ebitda,Q4FY26,fiscal_year,214,crore,INR,audited,SRC02214,HIGH,verbatim FINANCIALS passthrough; unit_raw as recorded
S0135,total_revenue,Q1FY27,fiscal_year,2931,crore,INR,audited,SRC02213,HIGH,verbatim FINANCIALS passthrough; unit_raw as recorded
S0135,net_profit,Q1FY27,fiscal_year,32,crore,INR,audited,SRC02213,HIGH,verbatim FINANCIALS passthrough; unit_raw as recorded
S0136,revenue,FY23,fiscal_year,4.73,INR Cr,INR,press-quoted-filing,SRC02232,MEDIUM,verbatim FINANCIALS passthrough; unit_raw as recorded
S0137,revenue,,fiscal_year,838.8,USD M,USD,audited,SRC02241,HIGH,verbatim FINANCIALS passthrough; unit_raw as recorded
S0137,revenue,,fiscal_year,222.7,USD M,USD,audited,SRC02241,HIGH,verbatim FINANCIALS passthrough; unit_raw as recorded
S0138,revenue,FY25,fiscal_year,6463.0,INR Cr,INR,management,SRC02249,HIGH,verbatim FINANCIALS passthrough; unit_raw as recorded
S0138,pat,FY25,fiscal_year,623.0,INR Cr,INR,management,SRC02249,HIGH,verbatim FINANCIALS passthrough; unit_raw as recorded
S0138,adjusted ebitda,FY25,fiscal_year,1132.0,INR Cr,INR,management,SRC02249,HIGH,verbatim FINANCIALS passthrough; unit_raw as recorded
S0138,total_revenue,FY25,fiscal_year,6253,crore,INR,press-quoted-filing,SRC02251,HIGH,verbatim FINANCIALS passthrough; unit_raw as recorded
S0138,pat,FY25,fiscal_year,245,crore,INR,press-quoted-filing,SRC02251,HIGH,verbatim FINANCIALS passthrough; unit_raw as recorded
S0138,adjusted_ebitda,FY25,fiscal_year,1132,crore,INR,management,SRC02257,MEDIUM,verbatim FINANCIALS passthrough; unit_raw as recorded
S0138,total_expenses,FY25,fiscal_year,6660,crore,INR,press-quoted-filing,SRC02251,HIGH,verbatim FINANCIALS passthrough; unit_raw as recorded
S0138,finance_costs,FY25,fiscal_year,959,crore,INR,press-quoted-filing,SRC02251,HIGH,verbatim FINANCIALS passthrough; unit_raw as recorded
S0138,depreciation_amortisation,FY25,fiscal_year,484,crore,INR,press-quoted-filing,SRC02251,HIGH,verbatim FINANCIALS passthrough; unit_raw as recorded
S0138,deferred_tax_gain,FY25,fiscal_year,767,crore,INR,press-quoted-filing,SRC02251,HIGH,verbatim FINANCIALS passthrough; unit_raw as recorded
S0138,gross_booking_value,FY25,fiscal_year,16436,crore,INR,management,SRC02257,MEDIUM,verbatim FINANCIALS passthrough; unit_raw as recorded
S0138,pat,FY24,fiscal_year,229.6,crore,INR,press-quoted-filing,SRC02256,HIGH,verbatim FINANCIALS passthrough; unit_raw as recorded
S0138,adjusted_ebitda,FY24,fiscal_year,889,crore,INR,management,SRC02257,MEDIUM,verbatim FINANCIALS passthrough; unit_raw as recorded
S0138,india_gbv,FY26 (9M),fiscal_year,2731.7,crore,INR,DRHP,SRC02258,HIGH,verbatim FINANCIALS passthrough; unit_raw as recorded
S0138,us_gbv,FY26 (9M),fiscal_year,12022.5,crore,INR,DRHP,SRC02258,HIGH,verbatim FINANCIALS passthrough; unit_raw as recorded
S0138,europe_gbv_share,FY26 (9M),fiscal_year,18,percent,INR,DRHP,SRC02258,HIGH,verbatim FINANCIALS passthrough; unit_raw as recorded
S0139,operating revenue,FY26,fiscal_year,6794,INR Cr,INR,audited,SRC02272,HIGH,verbatim FINANCIALS passthrough; unit_raw as recorded
S0139,pat,FY26,fiscal_year,670,INR Cr,INR,audited,SRC02272,HIGH,verbatim FINANCIALS passthrough; unit_raw as recorded
S0139,total insurance premium,FY26,fiscal_year,29934,INR Cr,INR,press-quoted-filing,SRC02272,HIGH,verbatim FINANCIALS passthrough; unit_raw as recorded
S0140,total funding raised,,fiscal_year,898,USD M,USD,press-quoted-filing,SRC02278,HIGH,verbatim FINANCIALS passthrough; unit_raw as recorded
S0141,revenue from operations,FY26,fiscal_year,528,INR Cr (Q1 FY27),INR,press-quoted-filing,SRC02287,HIGH,verbatim FINANCIALS passthrough; unit_raw as recorded
S0141,net loss (q4 fy26),FY26,fiscal_year,161.2,INR Cr,INR,press-quoted-filing,SRC02288,HIGH,verbatim FINANCIALS passthrough; unit_raw as recorded
S0141,"adjusted ebitda (ex instahelp, fy26)",FY26,fiscal_year,106,INR Cr,INR,press-quoted-filing,SRC02286,HIGH,verbatim FINANCIALS passthrough; unit_raw as recorded
S0142,consolidated revenue from operations,FY26,fiscal_year,54364,INR Cr,INR,audited,SRC02293,HIGH,verbatim FINANCIALS passthrough; unit_raw as recorded
S0142,consolidated ebitda,FY26,fiscal_year,1208,INR Cr,INR,audited,SRC02293,HIGH,verbatim FINANCIALS passthrough; unit_raw as recorded
S0142,consolidated pat,FY26,fiscal_year,366,INR Cr,INR,audited,SRC02293,HIGH,verbatim FINANCIALS passthrough; unit_raw as recorded
S0142,b2c nov,FY26,fiscal_year,95959,INR Cr,INR,press-quoted-filing,SRC02293,HIGH,verbatim FINANCIALS passthrough; unit_raw as recorded
S0143,revenue,FY25,fiscal_year,7.1,INR Cr,INR,press-quoted-filing,SRC02300,MEDIUM,verbatim FINANCIALS passthrough; unit_raw as recorded
S0143,revenue,FY24,fiscal_year,0.018,INR Cr,INR,press-quoted-filing,SRC02300,MEDIUM,verbatim FINANCIALS passthrough; unit_raw as recorded
S0144,annualized_revenue,,fiscal_year,48.3,,USD,management,SRC02306,,verbatim FINANCIALS passthrough; unit_raw as recorded
S0144,annualized_revenue,FY25,fiscal_year,26.5,million,USD,management,SRC02316,MEDIUM,verbatim FINANCIALS passthrough; unit_raw as recorded
S0144,annualized_revenue,FY25,fiscal_year,48.3,million,USD,management,SRC02306,MEDIUM,verbatim FINANCIALS passthrough; unit_raw as recorded
S0144,annualized_revenue,FY26,fiscal_year,85.8,million,USD,management,SRC02310,HIGH,verbatim FINANCIALS passthrough; unit_raw as recorded
S0144,annualized_revenue,FY25,fiscal_year,50,crore,INR,estimate,SRC02309,LOW,verbatim FINANCIALS passthrough; unit_raw as recorded
S0145,operating_revenue,FY25,fiscal_year,141.5,crore,INR,press-quoted-filing,SRC02327,,verbatim FINANCIALS passthrough; unit_raw as recorded
S0145,net_loss,FY25,fiscal_year,38.8,crore,INR,press-quoted-filing,SRC02327,,verbatim FINANCIALS passthrough; unit_raw as recorded
S0145,operating_revenue,FY24,fiscal_year,1150000000,lakh,INR,press-quoted-filing,SRC02327,HIGH,verbatim FINANCIALS passthrough; unit_raw as recorded
S0145,net_loss,FY24,fiscal_year,485000000,lakh,INR,press-quoted-filing,SRC02327,MEDIUM,verbatim FINANCIALS passthrough; unit_raw as recorded
S0145,operating_revenue,FY25,fiscal_year,1415000000,lakh,INR,press-quoted-filing,SRC02327,HIGH,verbatim FINANCIALS passthrough; unit_raw as recorded
S0145,net_loss,FY25,fiscal_year,388000000,lakh,INR,press-quoted-filing,SRC02327,HIGH,verbatim FINANCIALS passthrough; unit_raw as recorded
S0145,marketing_expense,FY25,fiscal_year,1342000000,lakh,INR,press-quoted-filing,SRC02327,HIGH,verbatim FINANCIALS passthrough; unit_raw as recorded
S0145,total_expenses,FY25,fiscal_year,1792000000,lakh,INR,press-quoted-filing,SRC02327,HIGH,verbatim FINANCIALS passthrough; unit_raw as recorded
S0145,employee_benefits,FY25,fiscal_year,234000000,lakh,INR,press-quoted-filing,SRC02327,HIGH,verbatim FINANCIALS passthrough; unit_raw as recorded
S0145,content_creation_expense,FY25,fiscal_year,104000000,lakh,INR,press-quoted-filing,SRC02327,HIGH,verbatim FINANCIALS passthrough; unit_raw as recorded
S0145,cash_and_bank_balance,FY25,fiscal_year,402000000,lakh,INR,press-quoted-filing,SRC02327,HIGH,verbatim FINANCIALS passthrough; unit_raw as recorded
S0145,current_assets,FY25,fiscal_year,933000000,lakh,INR,press-quoted-filing,SRC02327,HIGH,verbatim FINANCIALS passthrough; unit_raw as recorded
S0145,total_income,FY25,fiscal_year,1435000000,lakh,INR,press-quoted-filing,SRC02327,HIGH,verbatim FINANCIALS passthrough; unit_raw as recorded
S0147,surgeries facilitated value,FY25,fiscal_year,150.0,crore,INR,management,SRC02363,,verbatim FINANCIALS passthrough; unit_raw as recorded
S0148,annualized revenue run-rate,,fiscal_year,300.0,crore,INR,management,SRC02370,,verbatim FINANCIALS passthrough; unit_raw as recorded
S0148,total_revenue,FY25,fiscal_year,10,crore,INR,press-quoted-filing,SRC02384,MEDIUM,verbatim FINANCIALS passthrough; unit_raw as recorded
S0148,annualized_revenue_run_rate,FY26,fiscal_year,300,crore,INR,management,SRC02373,MEDIUM,verbatim FINANCIALS passthrough; unit_raw as recorded
S0148,annualized_revenue_run_rate,FY26,fiscal_year,400,crore,INR,management,SRC02374,MEDIUM,verbatim FINANCIALS passthrough; unit_raw as recorded
S0153,total_revenue,FY2024,fiscal_year,3100000,INR,INR,audited,SRC02425,HIGH,verbatim FINANCIALS passthrough; unit_raw as recorded
S0153,annual_revenue,FY2025,fiscal_year,1100000,USD,USD,press-quoted-filing,SRC02420,MEDIUM,verbatim FINANCIALS passthrough; unit_raw as recorded
S0153,arr,FY2026,fiscal_year,5800000,USD,USD,estimate,SRC02420,MEDIUM,verbatim FINANCIALS passthrough; unit_raw as recorded
S0153,annual_revenue_usd,FY2025,fiscal_year,650119,USD,USD,press-quoted-filing,SRC02431,MEDIUM,verbatim FINANCIALS passthrough; unit_raw as recorded
S0153,revenue_range,FY2025,fiscal_year,2000000,USD,USD,estimate,SRC02438,MEDIUM,verbatim FINANCIALS passthrough; unit_raw as recorded
S0154,revenue,FY25 (APR 2024-MAR 2025),fiscal_year,9.1,crore,INR,press-quoted-filing,SRC02445,HIGH,verbatim FINANCIALS passthrough; unit_raw as recorded
S0154,net loss,FY25,fiscal_year,22.3,crore,INR,press-quoted-filing,SRC02445,HIGH,verbatim FINANCIALS passthrough; unit_raw as recorded
S0154,revenue,FY24,fiscal_year,2.3,crore,INR,press-quoted-filing,SRC02445,HIGH,verbatim FINANCIALS passthrough; unit_raw as recorded
S0154,total_revenue,FY25,fiscal_year,9.1,crore,INR,press-quoted-filing,SRC02445,HIGH,verbatim FINANCIALS passthrough; unit_raw as recorded
S0154,net_profit,FY25,fiscal_year,-22.3,crore,INR,press-quoted-filing,SRC02445,HIGH,verbatim FINANCIALS passthrough; unit_raw as recorded
S0154,total_revenue,FY24,fiscal_year,2.3,crore,INR,press-quoted-filing,SRC02445,HIGH,verbatim FINANCIALS passthrough; unit_raw as recorded
S0155,revenue from operations,FY25 (APR 2024-MAR 2025),fiscal_year,67.02,crore,INR,audited,SRC02462,HIGH,verbatim FINANCIALS passthrough; unit_raw as recorded
S0155,total income,FY25,fiscal_year,69.14,crore,INR,audited,SRC02462,HIGH,verbatim FINANCIALS passthrough; unit_raw as recorded
S0155,revenue from operations,FY24,fiscal_year,45.89,crore,INR,audited,SRC02462,HIGH,verbatim FINANCIALS passthrough; unit_raw as recorded
S0156,revenue,FY25 (APR 2024-MAR 2025),fiscal_year,13.7,crore,INR,audited,SRC02472,HIGH,verbatim FINANCIALS passthrough; unit_raw as recorded
S0156,pat (net profit),FY25,fiscal_year,3.39,crore,INR,audited,SRC02472,HIGH,verbatim FINANCIALS passthrough; unit_raw as recorded
S0156,revenue,FY24,fiscal_year,14.67,crore,INR,audited,SRC02472,HIGH,verbatim FINANCIALS passthrough; unit_raw as recorded
S0156,revenue,FY25,fiscal_year,16.4,crore,INR,press-quoted-filing,SRC02477,MEDIUM,verbatim FINANCIALS passthrough; unit_raw as recorded
S0156,total_revenue,FY25,fiscal_year,13.7,crore,INR,audited,SRC02472,HIGH,verbatim FINANCIALS passthrough; unit_raw as recorded
S0156,net_profit,FY25,fiscal_year,3.39,crore,INR,audited,SRC02472,HIGH,verbatim FINANCIALS passthrough; unit_raw as recorded
S0156,total_revenue,FY24,fiscal_year,14.67,crore,INR,audited,SRC02472,HIGH,verbatim FINANCIALS passthrough; unit_raw as recorded
S0156,total_revenue,FY25,fiscal_year,16.4,crore,INR,press-quoted-filing,SRC02477,MEDIUM,verbatim FINANCIALS passthrough; unit_raw as recorded
S0156,total_expenses,FY25,fiscal_year,11.8,crore,INR,press-quoted-filing,SRC02477,MEDIUM,verbatim FINANCIALS passthrough; unit_raw as recorded
S0156,net_profit,FY25,fiscal_year,3.4,crore,INR,press-quoted-filing,SRC02477,MEDIUM,verbatim FINANCIALS passthrough; unit_raw as recorded
S0156,total_assets,FY25,fiscal_year,15.6,crore,INR,press-quoted-filing,SRC02477,MEDIUM,verbatim FINANCIALS passthrough; unit_raw as recorded
S0156,net_profit_margin,FY25,fiscal_year,20.7,percent,INR,press-quoted-filing,SRC02477,MEDIUM,verbatim FINANCIALS passthrough; unit_raw as recorded
S0156,total_revenue,FY24,fiscal_year,8.614,crore,INR,audited,SRC02471,MEDIUM,verbatim FINANCIALS passthrough; unit_raw as recorded
S0157,total_revenue,FY24,fiscal_year,63000000,rupees,INR,press-quoted-filing,SRC02483,HIGH,verbatim FINANCIALS passthrough; unit_raw as recorded
S0157,net_profit,FY24,fiscal_year,-63000000,rupees,INR,press-quoted-filing,SRC02483,HIGH,verbatim FINANCIALS passthrough; unit_raw as recorded
S0157,total_revenue,FY25,fiscal_year,155000000,rupees,INR,press-quoted-filing,SRC02483,HIGH,verbatim FINANCIALS passthrough; unit_raw as recorded
S0157,net_profit,FY25,fiscal_year,-133000000,rupees,INR,press-quoted-filing,SRC02483,HIGH,verbatim FINANCIALS passthrough; unit_raw as recorded
S0158,operating revenue,FY25 (APR 2024-MAR 2025),fiscal_year,404.0,crore,INR,press-quoted-filing,SRC02495,HIGH,verbatim FINANCIALS passthrough; unit_raw as recorded
S0158,net loss,FY25,fiscal_year,135.0,crore,INR,press-quoted-filing,SRC02495,HIGH,verbatim FINANCIALS passthrough; unit_raw as recorded
S0158,operating revenue,FY24,fiscal_year,505.0,crore,INR,press-quoted-filing,SRC02495,HIGH,verbatim FINANCIALS passthrough; unit_raw as recorded
S0158,net loss,FY24,fiscal_year,68.0,crore,INR,press-quoted-filing,SRC02495,HIGH,verbatim FINANCIALS passthrough; unit_raw as recorded
S0158,total_revenue,FY25,fiscal_year,4040000000,INR,INR,press-quoted-filing,SRC02495,HIGH,verbatim FINANCIALS passthrough; unit_raw as recorded
S0158,net_loss,FY25,fiscal_year,1350000000,INR,INR,press-quoted-filing,SRC02495,HIGH,verbatim FINANCIALS passthrough; unit_raw as recorded
S0158,ebitda_loss,FY25,fiscal_year,1160000000,INR,INR,press-quoted-filing,SRC02497,HIGH,verbatim FINANCIALS passthrough; unit_raw as recorded
S0158,total_revenue,FY24,fiscal_year,5050000000,INR,INR,press-quoted-filing,SRC02495,HIGH,verbatim FINANCIALS passthrough; unit_raw as recorded
S0158,net_loss,FY24,fiscal_year,680000000,INR,INR,press-quoted-filing,SRC02495,HIGH,verbatim FINANCIALS passthrough; unit_raw as recorded
S0158,ebitda_loss,FY24,fiscal_year,485000000,INR,INR,press-quoted-filing,SRC02497,HIGH,verbatim FINANCIALS passthrough; unit_raw as recorded
S0158,total_revenue,FY26,fiscal_year,3800000000,INR,INR,press-quoted-filing,SRC02498,MEDIUM,verbatim FINANCIALS passthrough; unit_raw as recorded
S0158,cumulative_losses,FY22-FY26,fiscal_year,3750000000,INR,INR,press-quoted-filing,SRC02498,MEDIUM,verbatim FINANCIALS passthrough; unit_raw as recorded
S0158,valuation_report_date,FY25,fiscal_year,2026.0,date,,filing,SRC02497,HIGH,verbatim FINANCIALS passthrough; unit_raw as recorded
S0159,revenue_est,,fiscal_year,31.0,,USD,estimate,SRC02518,,verbatim FINANCIALS passthrough; unit_raw as recorded
S0159,total_revenue,FY25,fiscal_year,31,million,USD,estimate,SRC02518,MEDIUM,verbatim FINANCIALS passthrough; unit_raw as recorded
S0159,gmv_processed,FY25,fiscal_year,1000,million,USD,press-quoted-filing,SRC02508,HIGH,verbatim FINANCIALS passthrough; unit_raw as recorded
S0161,authorized_share_capital,FY26,fiscal_year,100000,INR,INR,audited,SRC02533,HIGH,verbatim FINANCIALS passthrough; unit_raw as recorded
S0161,paid_up_capital,FY26,fiscal_year,10000,INR,INR,audited,SRC02533,HIGH,verbatim FINANCIALS passthrough; unit_raw as recorded
S0162,operating_revenue,FY24,fiscal_year,119.0,crore,INR,press-quoted-filing,SRC02557,,verbatim FINANCIALS passthrough; unit_raw as recorded
S0162,operating_revenue,FY22,fiscal_year,121800000,INR,INR,press-quoted-filing,SRC02558,MEDIUM,verbatim FINANCIALS passthrough; unit_raw as recorded
S0162,operating_revenue,FY24,fiscal_year,1174400000,INR,INR,press-quoted-filing,SRC02551,HIGH,verbatim FINANCIALS passthrough; unit_raw as recorded
S0162,operating_revenue,FY23,fiscal_year,532700000,INR,INR,press-quoted-filing,SRC02558,MEDIUM,verbatim FINANCIALS passthrough; unit_raw as recorded
S0162,net_loss,FY23,fiscal_year,82100000,INR,INR,press-quoted-filing,SRC02558,MEDIUM,verbatim FINANCIALS passthrough; unit_raw as recorded
S0162,net_loss,FY24,fiscal_year,42400000,INR,INR,press-quoted-filing,SRC02543,HIGH,verbatim FINANCIALS passthrough; unit_raw as recorded
S0162,total_income,FY24,fiscal_year,1190000000,INR,INR,press-quoted-filing,SRC02551,MEDIUM,verbatim FINANCIALS passthrough; unit_raw as recorded
S0162,operating_revenue,FY25,fiscal_year,2301500000,INR,INR,press-quoted-filing,SRC02551,HIGH,verbatim FINANCIALS passthrough; unit_raw as recorded
S0162,total_income,FY25,fiscal_year,2400000000,INR,INR,press-quoted-filing,SRC02551,HIGH,verbatim FINANCIALS passthrough; unit_raw as recorded
S0162,net_loss,FY25,fiscal_year,101800000,INR,INR,press-quoted-filing,SRC02543,HIGH,verbatim FINANCIALS passthrough; unit_raw as recorded
S0162,total_expenses,FY25,fiscal_year,2510000000,INR,INR,press-quoted-filing,SRC02551,HIGH,verbatim FINANCIALS passthrough; unit_raw as recorded
S0162,cost_of_procurement,FY25,fiscal_year,1090000000,INR,INR,press-quoted-filing,SRC02551,HIGH,verbatim FINANCIALS passthrough; unit_raw as recorded
S0162,advertising_expense,FY25,fiscal_year,460000000,INR,INR,press-quoted-filing,SRC02551,HIGH,verbatim FINANCIALS passthrough; unit_raw as recorded
S0162,employee_expense,FY25,fiscal_year,250000000,INR,INR,press-quoted-filing,SRC02551,HIGH,verbatim FINANCIALS passthrough; unit_raw as recorded
S0162,cash_and_bank,FY25,fiscal_year,725000000,INR,INR,press-quoted-filing,SRC02551,HIGH,verbatim FINANCIALS passthrough; unit_raw as recorded
S0162,current_assets,FY25,fiscal_year,2040000000,INR,INR,press-quoted-filing,SRC02551,HIGH,verbatim FINANCIALS passthrough; unit_raw as recorded
S0162,roce,FY25,fiscal_year,-11.61,percent,INR,press-quoted-filing,SRC02551,HIGH,verbatim FINANCIALS passthrough; unit_raw as recorded
S0162,ebitda_margin,FY25,fiscal_year,-6.52,percent,INR,press-quoted-filing,SRC02551,HIGH,verbatim FINANCIALS passthrough; unit_raw as recorded
S0163,operating_revenue,FY24,fiscal_year,2531.0,crore,INR,press-quoted-filing,SRC02562,,verbatim FINANCIALS passthrough; unit_raw as recorded
S0163,net_loss,FY25,fiscal_year,370.0,crore,INR,press-quoted-filing,SRC02563,,verbatim FINANCIALS passthrough; unit_raw as recorded
S0163,operating_revenue,FY23,fiscal_year,2531,crore,INR,press-quoted-filing,SRC02562,HIGH,verbatim FINANCIALS passthrough; unit_raw as recorded
S0163,operating_revenue,FY24,fiscal_year,2831,crore,INR,press-quoted-filing,SRC02562,HIGH,verbatim FINANCIALS passthrough; unit_raw as recorded
S0163,net_loss,FY24,fiscal_year,200,crore,INR,press-quoted-filing,SRC02562,HIGH,verbatim FINANCIALS passthrough; unit_raw as recorded
S0163,ebitda,FY24,fiscal_year,5,crore,INR,press-quoted-filing,SRC02562,HIGH,verbatim FINANCIALS passthrough; unit_raw as recorded
S0163,warehousing_revenue,FY24,fiscal_year,48,crore,INR,press-quoted-filing,SRC02562,HIGH,verbatim FINANCIALS passthrough; unit_raw as recorded
S0163,net_loss,FY25,fiscal_year,370,crore,INR,press-quoted-filing,SRC02563,MEDIUM,verbatim FINANCIALS passthrough; unit_raw as recorded
S0163,total_revenue,FY25,fiscal_year,1000,crore,INR,press-quoted-filing,SRC02565,LOW,verbatim FINANCIALS passthrough; unit_raw as recorded
S0163,total_income,FY24,fiscal_year,2940,crore,INR,press-quoted-filing,SRC02562,HIGH,verbatim FINANCIALS passthrough; unit_raw as recorded
S0164,total_revenue,FY25,fiscal_year,30.1,crore,INR,press-quoted-filing,SRC02571,MEDIUM,verbatim FINANCIALS passthrough; unit_raw as recorded
S0164,total_revenue,FY24,fiscal_year,6.6,crore,INR,press-quoted-filing,SRC02571,MEDIUM,verbatim FINANCIALS passthrough; unit_raw as recorded
S0164,net_loss,FY25,fiscal_year,11,crore,INR,press-quoted-filing,SRC02571,MEDIUM,verbatim FINANCIALS passthrough; unit_raw as recorded
S0164,net_loss,FY24,fiscal_year,5.8,crore,INR,press-quoted-filing,SRC02571,MEDIUM,verbatim FINANCIALS passthrough; unit_raw as recorded
S0164,annual_revenue_range,FY25,fiscal_year,10,crore,INR,estimate,SRC02576,LOW,verbatim FINANCIALS passthrough; unit_raw as recorded
S0165,total_revenue,FY25,fiscal_year,40,crore,INR,management,SRC02587,MEDIUM,verbatim FINANCIALS passthrough; unit_raw as recorded
S0167,revenue,FY25,fiscal_year,2660000000,,INR,press-quoted-filing,SRC02606,,verbatim FINANCIALS passthrough; unit_raw as recorded
S0167,pat,FY25,fiscal_year,431000000,,INR,press-quoted-filing,SRC02606,,verbatim FINANCIALS passthrough; unit_raw as recorded
S0167,total_revenue,FY23,fiscal_year,1201.02,million,INR,press-quoted-filing,SRC02607,HIGH,verbatim FINANCIALS passthrough; unit_raw as recorded
S0167,pat,FY23,fiscal_year,44.1,million,INR,press-quoted-filing,SRC02607,HIGH,verbatim FINANCIALS passthrough; unit_raw as recorded
S0167,ebitda_margin,FY23,fiscal_year,42.73,percent,INR,press-quoted-filing,SRC02607,HIGH,verbatim FINANCIALS passthrough; unit_raw as recorded
S0167,total_revenue,FY24,fiscal_year,1927.01,million,INR,press-quoted-filing,SRC02607,HIGH,verbatim FINANCIALS passthrough; unit_raw as recorded
S0167,pat,FY24,fiscal_year,224.12,million,INR,press-quoted-filing,SRC02607,HIGH,verbatim FINANCIALS passthrough; unit_raw as recorded
S0167,ebitda_margin,FY24,fiscal_year,39.92,percent,INR,press-quoted-filing,SRC02607,HIGH,verbatim FINANCIALS passthrough; unit_raw as recorded
S0167,ebitda,FY24,fiscal_year,78.23,crore,INR,press-quoted-filing,SRC02606,HIGH,verbatim FINANCIALS passthrough; unit_raw as recorded
S0167,total_revenue,FY25,fiscal_year,2659.59,million,INR,press-quoted-filing,SRC02607,HIGH,verbatim FINANCIALS passthrough; unit_raw as recorded
S0167,pat,FY25,fiscal_year,431.06,million,INR,press-quoted-filing,SRC02607,HIGH,verbatim FINANCIALS passthrough; unit_raw as recorded
S0167,ebitda,FY25,fiscal_year,118.41,crore,INR,press-quoted-filing,SRC02606,HIGH,verbatim FINANCIALS passthrough; unit_raw as recorded
S0167,ebitda_margin,FY25,fiscal_year,43.55,percent,INR,press-quoted-filing,SRC02607,HIGH,verbatim FINANCIALS passthrough; unit_raw as recorded
S0167,roce,FY25,fiscal_year,25.1,percent,INR,press-quoted-filing,SRC02606,HIGH,verbatim FINANCIALS passthrough; unit_raw as recorded
S0167,total_revenue,H1-FY26,fiscal_year,1766.1,million,INR,press-quoted-filing,SRC02608,HIGH,verbatim FINANCIALS passthrough; unit_raw as recorded
S0167,pat,H1-FY26,fiscal_year,613.8,million,INR,press-quoted-filing,SRC02608,HIGH,verbatim FINANCIALS passthrough; unit_raw as recorded
S0167,total_revenue,FY26,fiscal_year,3870,million,INR,press-quoted-filing,SRC02609,MEDIUM,verbatim FINANCIALS passthrough; unit_raw as recorded
S0167,pat,FY26,fiscal_year,1043,million,INR,press-quoted-filing,SRC02609,MEDIUM,verbatim FINANCIALS passthrough; unit_raw as recorded
S0168,adjusted ebitda,Q4 FY26,fiscal_year,370000000,,INR,management,SRC02615,,verbatim FINANCIALS passthrough; unit_raw as recorded
S0168,revenue (reported 674% yoy on inventory-model transition),Q4 FY26,fiscal_year,132320000000,,INR,management,SRC02616,,verbatim FINANCIALS passthrough; unit_raw as recorded
S0169,total income,FY26,fiscal_year,804.93,INR Cr,INR,press-quoted-filing,SRC02621,HIGH,verbatim FINANCIALS passthrough; unit_raw as recorded
S0169,total income,FY25,fiscal_year,569.78,INR Cr,INR,press-quoted-filing,SRC02621,HIGH,verbatim FINANCIALS passthrough; unit_raw as recorded
S0169,profit after tax,FY26,fiscal_year,40.46,INR Cr,INR,press-quoted-filing,SRC02621,HIGH,verbatim FINANCIALS passthrough; unit_raw as recorded
S0169,ebitda,FY26,fiscal_year,692.18,INR Cr,INR,press-quoted-filing,SRC02621,HIGH,verbatim FINANCIALS passthrough; unit_raw as recorded
S0169,total borrowings,FY26,fiscal_year,12920.54,INR Cr,INR,press-quoted-filing,SRC02621,HIGH,verbatim FINANCIALS passthrough; unit_raw as recorded
S0170,renewable energy capacity,,fiscal_year,2900,MW,N/A,management,SRC02623,HIGH,verbatim FINANCIALS passthrough; unit_raw as recorded
S0170,planned investment rajasthan,,fiscal_year,100000,INR Cr,INR,management,SRC02628,MEDIUM,verbatim FINANCIALS passthrough; unit_raw as recorded
S0170,target annual clean energy,,fiscal_year,50,billion units,N/A,management,SRC02623,MEDIUM,verbatim FINANCIALS passthrough; unit_raw as recorded
S0171,revenue,FY25,fiscal_year,15226.76,INR Cr,INR,press-quoted-filing,SRC02632,HIGH,verbatim FINANCIALS passthrough; unit_raw as recorded
S0171,revenue,FY24,fiscal_year,11247.39,INR Cr,INR,press-quoted-filing,SRC02632,HIGH,verbatim FINANCIALS passthrough; unit_raw as recorded
S0171,revenue,FY23,fiscal_year,8264.6,INR Cr,INR,press-quoted-filing,SRC02632,HIGH,verbatim FINANCIALS passthrough; unit_raw as recorded
S0171,revenue,FY22,fiscal_year,5704.9,INR Cr,INR,press-quoted-filing,SRC02632,HIGH,verbatim FINANCIALS passthrough; unit_raw as recorded
S0171,net loss,FY25,fiscal_year,3114.23,INR Cr,INR,press-quoted-filing,SRC02632,HIGH,verbatim FINANCIALS passthrough; unit_raw as recorded
S0171,net loss,FY24,fiscal_year,2343.63,INR Cr,INR,press-quoted-filing,SRC02632,HIGH,verbatim FINANCIALS passthrough; unit_raw as recorded
S0171,instamart loss,FY26,fiscal_year,3835,INR Cr,INR,press-quoted-filing,SRC02632,HIGH,verbatim FINANCIALS passthrough; unit_raw as recorded
S0171,platform business profit (ex-instamart),FY26,fiscal_year,416,INR Cr,INR,press-quoted-filing,SRC02632,HIGH,verbatim FINANCIALS passthrough; unit_raw as recorded
S0171,consolidated net loss,Q2 FY26,fiscal_year,1092,INR Cr,INR,press-quoted-filing,SRC02632,HIGH,verbatim FINANCIALS passthrough; unit_raw as recorded
S0172,operating revenue,FY25,fiscal_year,123,INR Cr,INR,press-quoted-filing,SRC02638,HIGH,verbatim FINANCIALS passthrough; unit_raw as recorded
S0172,profit,FY25,fiscal_year,4.3,INR Cr,INR,press-quoted-filing,SRC02638,HIGH,verbatim FINANCIALS passthrough; unit_raw as recorded
S0172,revenue growth,FY25,fiscal_year,23,% YoY,INR,press-quoted-filing,SRC02638,HIGH,verbatim FINANCIALS passthrough; unit_raw as recorded
S0173,funding raised,,fiscal_year,6.1,USD Mn,USD,press-quoted-filing,SRC02644,HIGH,verbatim FINANCIALS passthrough; unit_raw as recorded
S0173,seed/bridge funding,,fiscal_year,1.8,USD Mn,USD,press-quoted-filing,SRC02644,HIGH,verbatim FINANCIALS passthrough; unit_raw as recorded
S0174,paid-up capital,FY25,fiscal_year,312300,INR,INR,audited,SRC02651,HIGH,verbatim FINANCIALS passthrough; unit_raw as recorded
S0174,total funding raised,FY26,fiscal_year,9000000,USD,USD,press-quoted-filing,SRC02657,HIGH,verbatim FINANCIALS passthrough; unit_raw as recorded
S0175,revenue,FY25,fiscal_year,10.6,Cr INR,INR,press-quoted-filing,SRC02664,HIGH,verbatim FINANCIALS passthrough; unit_raw as recorded
S0175,net loss,FY25,fiscal_year,983000,INR,INR,press-quoted-filing,SRC02664,HIGH,verbatim FINANCIALS passthrough; unit_raw as recorded
S0175,total funding raised,FY25,fiscal_year,6150000,USD,USD,press-quoted-filing,SRC02662,HIGH,verbatim FINANCIALS passthrough; unit_raw as recorded
S0176,operating revenue range,FY24,fiscal_year,1.0,crore,INR,press-quoted-filing,SRC02667,MEDIUM,verbatim FINANCIALS passthrough; unit_raw as recorded
S0176,authorized share capital,FY24,fiscal_year,5260400000,INR,INR,audited,SRC02673,HIGH,verbatim FINANCIALS passthrough; unit_raw as recorded
S0176,paid-up capital,FY24,fiscal_year,5111000000,INR,INR,audited,SRC02673,HIGH,verbatim FINANCIALS passthrough; unit_raw as recorded
S0176,total funding raised,,fiscal_year,997.46,Cr INR,INR,press-quoted-filing,SRC02668,HIGH,verbatim FINANCIALS passthrough; unit_raw as recorded
S0177,consolidated revenue,FY26,fiscal_year,7345.99,Mn INR,INR,audited,SRC02676,HIGH,verbatim FINANCIALS passthrough; unit_raw as recorded
S0177,profit after tax,FY26,fiscal_year,523.88,Mn INR,INR,audited,SRC02676,HIGH,verbatim FINANCIALS passthrough; unit_raw as recorded
S0177,consolidated revenue,FY25,fiscal_year,5982.59,Mn INR,INR,audited,SRC02676,HIGH,verbatim FINANCIALS passthrough; unit_raw as recorded
S0177,arr,FY26,fiscal_year,765,Cr INR,INR,management,SRC02676,HIGH,verbatim FINANCIALS passthrough; unit_raw as recorded
S0177,revenue guidance,FY27,fiscal_year,1065,Cr INR,INR,management,SRC02681,HIGH,verbatim FINANCIALS passthrough; unit_raw as recorded
S0178,total funding raised,,fiscal_year,19085999,USD,USD,press-quoted-filing,SRC02689,HIGH,verbatim FINANCIALS passthrough; unit_raw as recorded
S0178,aum,,fiscal_year,12500,Cr INR,INR,management,SRC02684,HIGH,verbatim FINANCIALS passthrough; unit_raw as recorded
S0178,paid subscribers,,fiscal_year,25000,count,INR,management,SRC02686,HIGH,verbatim FINANCIALS passthrough; unit_raw as recorded
S0178,total customers,,fiscal_year,500000,count,INR,management,SRC02684,MEDIUM,verbatim FINANCIALS passthrough; unit_raw as recorded
S0185,revenue_target,FY26E,fiscal_year,120,crore,INR,management,SRC02737,MEDIUM,verbatim FINANCIALS passthrough; unit_raw as recorded
S0185,total_revenue,FY25,fiscal_year,17.96,crore,INR,press-quoted-filing,SRC02729,MEDIUM,verbatim FINANCIALS passthrough; unit_raw as recorded
S0185,annualized_revenue_run_rate,FY26E,fiscal_year,200,crore,INR,management,SRC02728,MEDIUM,verbatim FINANCIALS passthrough; unit_raw as recorded
S0185,revenue_target,FY26E,fiscal_year,120,crore,INR,management,SRC02737,LOW,verbatim FINANCIALS passthrough; unit_raw as recorded
S0188,revenue,FY26,fiscal_year,8500,crore,INR,press-quoted-filing,SRC02749,MEDIUM,verbatim FINANCIALS passthrough; unit_raw as recorded
S0188,net profit,FY26,fiscal_year,4300,crore,INR,press-quoted-filing,SRC02749,MEDIUM,verbatim FINANCIALS passthrough; unit_raw as recorded
S0196,manufacturing capacity,FY25,fiscal_year,15.2,GW,USD,press-quoted-filing,SRC02790,MEDIUM,verbatim FINANCIALS passthrough; unit_raw as recorded
S0197,total_revenue,FY25,fiscal_year,3.83,crore,INR,press-quoted-filing,SRC02797,HIGH,verbatim FINANCIALS passthrough; unit_raw as recorded
S0197,net_profit,FY25,fiscal_year,-64.2,crore,INR,press-quoted-filing,SRC02797,HIGH,verbatim FINANCIALS passthrough; unit_raw as recorded
S0197,total_income,FY25,fiscal_year,9.6,crore,INR,press-quoted-filing,SRC02797,HIGH,verbatim FINANCIALS passthrough; unit_raw as recorded
S0197,total_expenses,FY25,fiscal_year,73.8,crore,INR,press-quoted-filing,SRC02797,HIGH,verbatim FINANCIALS passthrough; unit_raw as recorded
S0197,total_revenue,FY24,fiscal_year,3.6,crore,INR,press-quoted-filing,SRC02797,HIGH,verbatim FINANCIALS passthrough; unit_raw as recorded
S0197,net_profit,FY24,fiscal_year,-24.8,crore,INR,press-quoted-filing,SRC02797,HIGH,verbatim FINANCIALS passthrough; unit_raw as recorded
S0200,revenue,FY25,fiscal_year,285,INR,INR,press-quoted-filing,SRC02828,HIGH,verbatim FINANCIALS passthrough; unit_raw as recorded
S0200,net_loss,FY25,fiscal_year,33.37,INR,INR,press-quoted-filing,SRC02828,HIGH,verbatim FINANCIALS passthrough; unit_raw as recorded
S0200,net_profit,FY26,fiscal_year,0.72,INR,INR,press-quoted-filing,SRC02826,HIGH,verbatim FINANCIALS passthrough; unit_raw as recorded
S0202,revenue_from_operations,FY23,fiscal_year,128,INR,INR,press-quoted-filing,SRC02844,HIGH,verbatim FINANCIALS passthrough; unit_raw as recorded
S0202,revenue_from_operations,FY24,fiscal_year,166,INR,INR,press-quoted-filing,SRC02844,HIGH,verbatim FINANCIALS passthrough; unit_raw as recorded
S0202,revenue,FY25,fiscal_year,174,INR,INR,press-quoted-filing,SRC02841,HIGH,verbatim FINANCIALS passthrough; unit_raw as recorded
S0202,revenue,FY26,fiscal_year,275,INR,INR,management,SRC02845,MEDIUM,verbatim FINANCIALS passthrough; unit_raw as recorded
S0209,revenue,FY25,fiscal_year,1000,INR Cr,INR,press-quoted-filing,SRC02875,MEDIUM,verbatim FINANCIALS passthrough; unit_raw as recorded
S0209,aum,FY23,fiscal_year,5357,crore,INR,management,SRC02877,MEDIUM,verbatim FINANCIALS passthrough; unit_raw as recorded
S0209,gross_npa,FY23,fiscal_year,3,percent,INR,management,SRC02877,MEDIUM,verbatim FINANCIALS passthrough; unit_raw as recorded
S0209,net_npa,FY23,fiscal_year,0.25,percent,INR,management,SRC02877,MEDIUM,verbatim FINANCIALS passthrough; unit_raw as recorded
S0209,total_revenue,FY25,fiscal_year,1000,crore,INR,press-quoted-filing,SRC02875,MEDIUM,verbatim FINANCIALS passthrough; unit_raw as recorded
S0209,aum,FY25,fiscal_year,6308,crore,INR,DRHP,SRC02874,HIGH,verbatim FINANCIALS passthrough; unit_raw as recorded
S0210,revenue from operations,FY26,fiscal_year,3671.76,INR Cr,INR,audited,SRC02892,HIGH,verbatim FINANCIALS passthrough; unit_raw as recorded
S0210,net loss,FY26,fiscal_year,517,INR Cr,INR,audited,SRC02897,HIGH,verbatim FINANCIALS passthrough; unit_raw as recorded
S0211,total_revenue,FY25,fiscal_year,994667.64,USD,USD,estimate,SRC02910,LOW,verbatim FINANCIALS passthrough; unit_raw as recorded
S0211,aum,FY25,fiscal_year,23000,crore,INR,press-quoted-filing,SRC02903,MEDIUM,verbatim FINANCIALS passthrough; unit_raw as recorded
S0211,aum,FY25,fiscal_year,3000000000,USD,USD,press-quoted-filing,SRC02904,MEDIUM,verbatim FINANCIALS passthrough; unit_raw as recorded
S0211,assets_under_advice,FY25,fiscal_year,5000000000,USD,USD,press-quoted-filing,SRC02912,MEDIUM,verbatim FINANCIALS passthrough; unit_raw as recorded
S0212,revenue growth,Q1 FY27,fiscal_year,34,% YoY,INR,press-quoted-filing,SRC02920,MEDIUM,verbatim FINANCIALS passthrough; unit_raw as recorded
S0213,total_revenue,FY25,fiscal_year,2130000,INR,INR,press-quoted-filing,SRC02927,MEDIUM,verbatim FINANCIALS passthrough; unit_raw as recorded
S0213,employee_expense,FY25,fiscal_year,285000,INR,INR,press-quoted-filing,SRC02937,LOW,verbatim FINANCIALS passthrough; unit_raw as recorded
S0213,net_profit,FY25,fiscal_year,-616000,INR,INR,press-quoted-filing,SRC02938,MEDIUM,verbatim FINANCIALS passthrough; unit_raw as recorded
S0215,assets_under_management,FY26,fiscal_year,100,crore,INR,company_reported,SRC02956,MEDIUM,verbatim FINANCIALS passthrough; unit_raw as recorded
S0215,vehicle_count,FY26,fiscal_year,1000,vehicles,,company_reported,SRC02956,MEDIUM,verbatim FINANCIALS passthrough; unit_raw as recorded
S0215,revenue_growth_rate,FY26,fiscal_year,70,percent,,company_reported,SRC02956,MEDIUM,verbatim FINANCIALS passthrough; unit_raw as recorded
S0226,total_revenue,FY24,fiscal_year,7300000,crore,INR,press-quoted-filing,SRC03022,HIGH,verbatim FINANCIALS passthrough; unit_raw as recorded
S0226,total_revenue,FY25,fiscal_year,29100000,crore,INR,press-quoted-filing,SRC03022,HIGH,verbatim FINANCIALS passthrough; unit_raw as recorded
S0226,other_income,FY25,fiscal_year,2700000,crore,INR,press-quoted-filing,SRC03022,HIGH,verbatim FINANCIALS passthrough; unit_raw as recorded
S0226,net_profit,FY25,fiscal_year,-4400000,crore,INR,press-quoted-filing,SRC03022,HIGH,verbatim FINANCIALS passthrough; unit_raw as recorded
S0226,total_expenses,FY25,fiscal_year,36100000,crore,INR,press-quoted-filing,SRC03022,HIGH,verbatim FINANCIALS passthrough; unit_raw as recorded
S0227,revenue,FY25,fiscal_year,65.48,billion,INR,press-quoted,SRC03031,MEDIUM,verbatim FINANCIALS passthrough; unit_raw as recorded
S0228,net_profit,FY22,fiscal_year,52.22,crore,INR,press-quoted-filing,SRC03038,MEDIUM,verbatim FINANCIALS passthrough; unit_raw as recorded
S0228,net_profit,FY23,fiscal_year,30.45,crore,INR,press-quoted-filing,SRC03038,MEDIUM,verbatim FINANCIALS passthrough; unit_raw as recorded
S0228,revenue_growth,FY23,fiscal_year,46.3,percent,INR,press-quoted-filing,SRC03038,MEDIUM,verbatim FINANCIALS passthrough; unit_raw as recorded
S0228,total_revenue,FY24,fiscal_year,430.55,crore,INR,press-quoted-filing,SRC03038,MEDIUM,verbatim FINANCIALS passthrough; unit_raw as recorded
S0228,net_profit,FY24,fiscal_year,30.41,crore,INR,press-quoted-filing,SRC03038,MEDIUM,verbatim FINANCIALS passthrough; unit_raw as recorded
S0228,total_revenue,FY25,fiscal_year,523.1,crore,INR,estimate,SRC03042,MEDIUM,verbatim FINANCIALS passthrough; unit_raw as recorded
S0228,revenue_growth,FY25,fiscal_year,17.91,percent,INR,estimate,SRC03042,MEDIUM,verbatim FINANCIALS passthrough; unit_raw as recorded
S0237,revenue,FY20,fiscal_year,88.12,lakh,INR,press-quoted-filing,SRC00693,MEDIUM,verbatim FINANCIALS passthrough; unit_raw as recorded
S0238,operating revenue,FY24,fiscal_year,747,crore,INR,press-quoted-filing,SRC03102,HIGH,verbatim FINANCIALS passthrough; unit_raw as recorded
S0238,operating_revenue,FY24,fiscal_year,747,crore,INR,press-quoted-filing,SRC03102,HIGH,verbatim FINANCIALS passthrough; unit_raw as recorded
S0238,operating_revenue,FY25,fiscal_year,853,crore,INR,press-quoted-filing,SRC03107,HIGH,verbatim FINANCIALS passthrough; unit_raw as recorded
S0238,total_income,FY25,fiscal_year,864,crore,INR,press-quoted-filing,SRC03107,HIGH,verbatim FINANCIALS passthrough; unit_raw as recorded
S0238,net_loss,FY25,fiscal_year,143.5,crore,INR,press-quoted-filing,SRC03107,HIGH,verbatim FINANCIALS passthrough; unit_raw as recorded
S0238,total_expenses,FY25,fiscal_year,1008,crore,INR,press-quoted-filing,SRC03107,HIGH,verbatim FINANCIALS passthrough; unit_raw as recorded
S0238,net_loss,FY24,fiscal_year,327,crore,INR,press-quoted-filing,SRC03107,HIGH,verbatim FINANCIALS passthrough; unit_raw as recorded
S0238,operating_revenue,FY22,fiscal_year,260,crore,INR,press-quoted-filing,SRC03109,MEDIUM,verbatim FINANCIALS passthrough; unit_raw as recorded
S0238,revenue,FY24,fiscal_year,762,crore,INR,press-quoted-filing,SRC03126,MEDIUM,verbatim FINANCIALS passthrough; unit_raw as recorded
S0241,revenue,FY25,fiscal_year,447.0,crore,INR,press-quoted-filing,SRC03163,MEDIUM,verbatim FINANCIALS passthrough; unit_raw as recorded
S0241,net_profit,FY23,fiscal_year,7.58,crore,INR,press-quoted-filing,SRC03158,MEDIUM,verbatim FINANCIALS passthrough; unit_raw as recorded
S0241,net_revenue,FY24,fiscal_year,360,crore,INR,press-quoted-filing,SRC03158,MEDIUM,verbatim FINANCIALS passthrough; unit_raw as recorded
S0241,net_profit,FY24,fiscal_year,17,crore,INR,press-quoted-filing,SRC03158,MEDIUM,verbatim FINANCIALS passthrough; unit_raw as recorded
S0241,net_revenue,FY25,fiscal_year,450,crore,INR,press-quoted-filing,SRC03150,HIGH,verbatim FINANCIALS passthrough; unit_raw as recorded
S0241,net_profit,FY25,fiscal_year,340,million,INR,press-quoted-filing,SRC03150,HIGH,verbatim FINANCIALS passthrough; unit_raw as recorded
S0241,total_revenue,FY25,fiscal_year,447,crore,INR,press-quoted-filing,SRC03163,MEDIUM,verbatim FINANCIALS passthrough; unit_raw as recorded
S0241,net_revenue,H1-FY26,fiscal_year,300,crore,INR,press-quoted-filing,SRC03156,HIGH,verbatim FINANCIALS passthrough; unit_raw as recorded
S0241,net_profit,H1-FY26,fiscal_year,31.5,crore,INR,press-quoted-filing,SRC03156,HIGH,verbatim FINANCIALS passthrough; unit_raw as recorded
S0241,aum,FY24,fiscal_year,506,crore,INR,DRHP,SRC03159,HIGH,verbatim FINANCIALS passthrough; unit_raw as recorded
S0241,cumulative_disbursement,FY24,fiscal_year,1400,crore,INR,DRHP,SRC03159,HIGH,verbatim FINANCIALS passthrough; unit_raw as recorded
S0241,nbfc_disbursement,FY25,fiscal_year,2000,crore,INR,press-quoted-filing,SRC03153,HIGH,verbatim FINANCIALS passthrough; unit_raw as recorded
S0241,total_facilitated_financing,FY25,fiscal_year,12000,crore,INR,press-quoted-filing,SRC03153,HIGH,verbatim FINANCIALS passthrough; unit_raw as recorded
S0242,revenue,FY25,fiscal_year,10.0,crore,INR,press-quoted-filing,SRC00088,LOW,verbatim FINANCIALS passthrough; unit_raw as recorded
S0246,total_revenue,FY25,fiscal_year,100000,lakh,INR,press-quoted-filing,SRC03185,MEDIUM,verbatim FINANCIALS passthrough; unit_raw as recorded
S0248,total_revenue,FY25,fiscal_year,100,INR,INR,audited,SRC03202,LOW,verbatim FINANCIALS passthrough; unit_raw as recorded
S0248,total_revenue,FY24-25,fiscal_year,40,crore,INR,press-quoted-filing,SRC03200,MEDIUM,verbatim FINANCIALS passthrough; unit_raw as recorded
S0248,total_revenue,FY25,fiscal_year,1.18,million,USD,estimate,SRC03206,LOW,verbatim FINANCIALS passthrough; unit_raw as recorded
S0255,total_revenue,FY25,fiscal_year,123.4,crore,INR,press-quoted-filing,SRC03234,HIGH,verbatim FINANCIALS passthrough; unit_raw as recorded
S0255,total_expenses,FY25,fiscal_year,214,crore,INR,press-quoted-filing,SRC03234,MEDIUM,verbatim FINANCIALS passthrough; unit_raw as recorded
S0255,net_profit,FY25,fiscal_year,-77.8,crore,INR,press-quoted-filing,SRC03234,HIGH,verbatim FINANCIALS passthrough; unit_raw as recorded
S0255,total_revenue,FY24,fiscal_year,93.84,crore,INR,press-quoted-filing,SRC03242,HIGH,verbatim FINANCIALS passthrough; unit_raw as recorded
S0255,net_profit,FY24,fiscal_year,-143.47,crore,INR,press-quoted-filing,SRC03242,HIGH,verbatim FINANCIALS passthrough; unit_raw as recorded
S0256,total_revenue,FY25,fiscal_year,35,crore,INR,press-quoted-filing,SRC03265,MEDIUM,verbatim FINANCIALS passthrough; unit_raw as recorded
S0256,total_revenue,FY24,fiscal_year,13.3,million,USD,estimate,SRC03271,LOW,verbatim FINANCIALS passthrough; unit_raw as recorded
S0256,total_revenue,FY25,fiscal_year,21.1,million,USD,estimate,SRC03271,LOW,verbatim FINANCIALS passthrough; unit_raw as recorded
S0258,revenue_from_operations,FY25,fiscal_year,1930,,INR,press-quoted-filing,,HIGH,verbatim FINANCIALS passthrough; unit_raw as recorded
S0258,revenue_from_operations,FY24,fiscal_year,1261,,INR,press-quoted-filing,,HIGH,verbatim FINANCIALS passthrough; unit_raw as recorded
S0258,revenue_from_operations,FY23,fiscal_year,1457,,INR,press-quoted-filing,,HIGH,verbatim FINANCIALS passthrough; unit_raw as recorded
S0258,total_disclosed_funding,FY25,fiscal_year,1906,,USD,T3 database,,MEDIUM,verbatim FINANCIALS passthrough; unit_raw as recorded
S0258,total_revenue,FY25,fiscal_year,2071,,INR,press-quoted-filing,,HIGH,verbatim FINANCIALS passthrough; unit_raw as recorded
S0258,ebitda_burn_excl_non_cash,FY25,fiscal_year,-738,,INR,press-quoted-filing,,HIGH,verbatim FINANCIALS passthrough; unit_raw as recorded
S0258,total_revenue,FY24,fiscal_year,1261,,INR,press-quoted-filing,,HIGH,verbatim FINANCIALS passthrough; unit_raw as recorded
S0258,ebitda_burn_excl_non_cash,FY24,fiscal_year,-710,,INR,press-quoted-filing,,HIGH,verbatim FINANCIALS passthrough; unit_raw as recorded
S0258,net_loss,FY23,fiscal_year,-1909,,INR,press-quoted-filing,,HIGH,verbatim FINANCIALS passthrough; unit_raw as recorded
S0258,revenue_from_operations,FY22,fiscal_year,964.7,,INR,press-quoted-filing,,HIGH,verbatim FINANCIALS passthrough; unit_raw as recorded
S0258,revenue_from_operations,FY25,fiscal_year,1930,crore,INR,audited,SRC03295,HIGH,verbatim FINANCIALS passthrough; unit_raw as recorded
S0258,total_revenue,FY25,fiscal_year,2071,crore,INR,audited,SRC03296,HIGH,verbatim FINANCIALS passthrough; unit_raw as recorded
S0258,net_loss,FY25,fiscal_year,-963,crore,INR,audited,SRC03296,HIGH,verbatim FINANCIALS passthrough; unit_raw as recorded
S0258,ebitda_burn_excl_non_cash,FY25,fiscal_year,-738,crore,INR,press-quoted-filing,SRC03295,HIGH,verbatim FINANCIALS passthrough; unit_raw as recorded
S0258,advertising_revenue,FY25,fiscal_year,1548,crore,INR,audited,SRC03296,HIGH,verbatim FINANCIALS passthrough; unit_raw as recorded
S0258,subscription_revenue,FY25,fiscal_year,190,crore,INR,audited,SRC03296,HIGH,verbatim FINANCIALS passthrough; unit_raw as recorded
S0258,virtual_assets_revenue,FY25,fiscal_year,161,crore,INR,audited,SRC03296,HIGH,verbatim FINANCIALS passthrough; unit_raw as recorded
S0258,revenue_from_operations,FY24,fiscal_year,1029,crore,INR,audited,SRC03298,HIGH,verbatim FINANCIALS passthrough; unit_raw as recorded
S0258,total_revenue,FY24,fiscal_year,1261,crore,INR,press-quoted-filing,SRC03296,HIGH,verbatim FINANCIALS passthrough; unit_raw as recorded
S0258,net_loss,FY24,fiscal_year,-896,crore,INR,audited,SRC03296,HIGH,verbatim FINANCIALS passthrough; unit_raw as recorded
S0258,ebitda_burn_excl_non_cash,FY24,fiscal_year,-920,crore,INR,press-quoted-filing,SRC03295,HIGH,verbatim FINANCIALS passthrough; unit_raw as recorded
S0258,total_expenses,FY24,fiscal_year,2148.5,crore,INR,audited,SRC03296,HIGH,verbatim FINANCIALS passthrough; unit_raw as recorded
S0258,revenue_from_operations,FY23,fiscal_year,1046.8,crore,INR,audited,SRC03304,HIGH,verbatim FINANCIALS passthrough; unit_raw as recorded
S0258,net_loss,FY23,fiscal_year,-1878.4,crore,INR,audited,SRC03304,HIGH,verbatim FINANCIALS passthrough; unit_raw as recorded
S0258,revenue_from_operations,FY22,fiscal_year,964.7,crore,INR,press-quoted-filing,SRC03293,HIGH,verbatim FINANCIALS passthrough; unit_raw as recorded
S0278,total_revenue,FY23,fiscal_year,97,crore,INR,press-quoted-filing,SRC03377,HIGH,verbatim FINANCIALS passthrough; unit_raw as recorded
S0278,total_revenue,FY24,fiscal_year,428,crore,INR,press-quoted-filing,SRC03376,HIGH,verbatim FINANCIALS passthrough; unit_raw as recorded
S0278,total_revenue,FY25,fiscal_year,469,crore,INR,press-quoted-filing,SRC03376,HIGH,verbatim FINANCIALS passthrough; unit_raw as recorded
S0278,net_profit,FY25,fiscal_year,72.8,crore,INR,press-quoted-filing,SRC03376,HIGH,verbatim FINANCIALS passthrough; unit_raw as recorded
S0278,net_profit_margin,FY25,fiscal_year,15.5,percent,INR,press-quoted-filing,SRC03377,HIGH,verbatim FINANCIALS passthrough; unit_raw as recorded
S0278,total_revenue,FY26,fiscal_year,367.9,crore,INR,press-quoted-filing,SRC03389,MEDIUM,verbatim FINANCIALS passthrough; unit_raw as recorded
S0278,net_profit,FY26,fiscal_year,362.6,crore,INR,press-quoted-filing,SRC03390,MEDIUM,verbatim FINANCIALS passthrough; unit_raw as recorded
S0278,operating_revenue,FY26,fiscal_year,299.9,crore,INR,press-quoted-filing,SRC03390,MEDIUM,verbatim FINANCIALS passthrough; unit_raw as recorded
S0278,domestic_sales,FY26,fiscal_year,337.4,crore,INR,press-quoted-filing,SRC03390,MEDIUM,verbatim FINANCIALS passthrough; unit_raw as recorded
S0278,export_sales,FY26,fiscal_year,20.2,crore,INR,press-quoted-filing,SRC03390,MEDIUM,verbatim FINANCIALS passthrough; unit_raw as recorded
S0280,revenue_range,FY25,fiscal_year,5768,crore,INR,press-quoted-filing,SRC02014,MEDIUM,verbatim FINANCIALS passthrough; unit_raw as recorded
S0280,net_profit,FY25,fiscal_year,8284,crore,INR,press-quoted-filing,SRC02014,LOW,verbatim FINANCIALS passthrough; unit_raw as recorded
S0283,total_revenue,FY25,fiscal_year,1103,crore,INR,press-quoted-filing,SRC03422,HIGH,verbatim FINANCIALS passthrough; unit_raw as recorded
S0283,ebitda,FY25,fiscal_year,660,crore,INR,press-quoted-filing,SRC03422,HIGH,verbatim FINANCIALS passthrough; unit_raw as recorded
S0283,pat,FY25,fiscal_year,7.7,crore,INR,press-quoted-filing,SRC03422,HIGH,verbatim FINANCIALS passthrough; unit_raw as recorded
S0283,total_revenue,FY26,fiscal_year,1469,crore,INR,press-quoted-filing,SRC03420,HIGH,verbatim FINANCIALS passthrough; unit_raw as recorded
S0283,pat,FY26,fiscal_year,125,crore,INR,press-quoted-filing,SRC03420,HIGH,verbatim FINANCIALS passthrough; unit_raw as recorded
S0283,operating_cash_flow,FY26,fiscal_year,304,crore,INR,press-quoted-filing,SRC03420,HIGH,verbatim FINANCIALS passthrough; unit_raw as recorded
S0283,total_revenue,FY24,fiscal_year,867.6,crore,INR,press-quoted-filing,SRC03425,HIGH,verbatim FINANCIALS passthrough; unit_raw as recorded
S0283,net_loss,FY24,fiscal_year,341.5,crore,INR,press-quoted-filing,SRC03424,HIGH,verbatim FINANCIALS passthrough; unit_raw as recorded
S0283,employee_expense,FY26,fiscal_year,93,crore,INR,press-quoted-filing,SRC03420,HIGH,verbatim FINANCIALS passthrough; unit_raw as recorded
S0284,revenue from operations,FY25,fiscal_year,1374.0,crore,INR,press-quoted-filing,SRC03441,HIGH,verbatim FINANCIALS passthrough; unit_raw as recorded
S0284,net loss,FY25,fiscal_year,63.18,crore,INR,press-quoted-filing,SRC03441,HIGH,verbatim FINANCIALS passthrough; unit_raw as recorded
S0284,revenue,FY26 Q4,fiscal_year,5462.0,million,INR,press-quoted-filing,SRC03436,HIGH,verbatim FINANCIALS passthrough; unit_raw as recorded
S0285,revenue growth cagr,FY25,fiscal_year,75.0,%,INR,press-quoted-filing,SRC03447,HIGH,verbatim FINANCIALS passthrough; unit_raw as recorded
S0287,operating revenue,FY25,fiscal_year,4656.1,crore,INR,press-quoted-filing,SRC03455,HIGH,verbatim FINANCIALS passthrough; unit_raw as recorded
S0287,net loss,FY25,fiscal_year,423.8,crore,INR,press-quoted-filing,SRC03456,HIGH,verbatim FINANCIALS passthrough; unit_raw as recorded
S0287,revenue (estimated),FY26,fiscal_year,6000.0,crore,INR,estimate,SRC03455,MEDIUM,verbatim FINANCIALS passthrough; unit_raw as recorded
S0288,revenue,FY25,fiscal_year,1.9,crore,INR,press-quoted-filing,SRC03463,MEDIUM,verbatim FINANCIALS passthrough; unit_raw as recorded
S0288,profit after tax,FY25,fiscal_year,1.6,lakh,INR,press-quoted-filing,SRC03463,MEDIUM,verbatim FINANCIALS passthrough; unit_raw as recorded
S0288,monthly freight spend under management,,fiscal_year,120.0,crore,INR,company_reported,SRC03462,HIGH,verbatim FINANCIALS passthrough; unit_raw as recorded
S0289,fleet size,,fiscal_year,50.0,vehicles,INR,company_reported,SRC03467,HIGH,verbatim FINANCIALS passthrough; unit_raw as recorded
S0289,rides completed,,fiscal_year,5000.0,rides,INR,company_reported,SRC03467,HIGH,verbatim FINANCIALS passthrough; unit_raw as recorded
S0290,users,,fiscal_year,1.5,users,INR,company_reported,SRC03473,HIGH,verbatim FINANCIALS passthrough; unit_raw as recorded
S0290,annualized_revenue_run_rate,FY26,fiscal_year,2000000,USD,USD,company_reported,SRC03472,HIGH,verbatim FINANCIALS passthrough; unit_raw as recorded
S0290,registered_users,FY26,fiscal_year,1700000,users,,company_reported,SRC03472,HIGH,verbatim FINANCIALS passthrough; unit_raw as recorded
S0290,token_usage_90d,FY26,fiscal_year,1000000000000,tokens,,company_reported,SRC03472,MEDIUM,verbatim FINANCIALS passthrough; unit_raw as recorded
S0290,authorized_share_capital,,fiscal_year,1000000,INR,INR,audited,SRC03477,HIGH,verbatim FINANCIALS passthrough; unit_raw as recorded
S0290,paid_up_capital,,fiscal_year,10000,INR,INR,audited,SRC03477,HIGH,verbatim FINANCIALS passthrough; unit_raw as recorded
S0291,planned investment,,fiscal_year,1500.0,crore,INR,company_reported,SRC03490,HIGH,verbatim FINANCIALS passthrough; unit_raw as recorded
S0292,operating revenue,FY25,fiscal_year,188.5,crore,INR,press-quoted-filing,SRC03495,HIGH,verbatim FINANCIALS passthrough; unit_raw as recorded
S0292,net profit,FY25,fiscal_year,7.8,crore,INR,press-quoted-filing,SRC03495,HIGH,verbatim FINANCIALS passthrough; unit_raw as recorded
S0292,net loss,FY24,fiscal_year,8.8,crore,INR,press-quoted-filing,SRC03495,HIGH,verbatim FINANCIALS passthrough; unit_raw as recorded
S0293,employees,,fiscal_year,100.0,employees,INR,company_reported,SRC03505,HIGH,verbatim FINANCIALS passthrough; unit_raw as recorded
S0296,revenue/brand scale,,fiscal_year,177,crore INR,INR,press-quoted-filing,SRC03514,MEDIUM,verbatim FINANCIALS passthrough; unit_raw as recorded
S0296,total_revenue,FY23,fiscal_year,27,crore,INR,press-quoted-filing,SRC03512,MEDIUM,verbatim FINANCIALS passthrough; unit_raw as recorded
S0296,total_revenue,FY24,fiscal_year,62.8,crore,INR,press-quoted-filing,SRC03517,MEDIUM,verbatim FINANCIALS passthrough; unit_raw as recorded
S0296,total_revenue,FY25,fiscal_year,115.0,crore,INR,press-quoted-filing,SRC03517,MEDIUM,verbatim FINANCIALS passthrough; unit_raw as recorded
S0296,net_profit,FY25,fiscal_year,-7.7,crore,INR,press-quoted-filing,SRC03517,MEDIUM,verbatim FINANCIALS passthrough; unit_raw as recorded
S0296,total_revenue,FY26,fiscal_year,177,crore,INR,press-quoted-filing,SRC03514,MEDIUM,verbatim FINANCIALS passthrough; unit_raw as recorded
S0296,total_assets,FY25,fiscal_year,131.6,crore,INR,press-quoted-filing,SRC03517,MEDIUM,verbatim FINANCIALS passthrough; unit_raw as recorded
S0296,total_expenses,FY25,fiscal_year,122.8,crore,INR,press-quoted-filing,SRC03517,MEDIUM,verbatim FINANCIALS passthrough; unit_raw as recorded
S0303,revenue,FY26,fiscal_year,300,crore INR,INR,management,SRC03549,LOW,verbatim FINANCIALS passthrough; unit_raw as recorded
S0303,revenue,FY22,fiscal_year,142,crore INR,INR,management,SRC03549,LOW,verbatim FINANCIALS passthrough; unit_raw as recorded
S0305,revenue,FY25,fiscal_year,1.08,crore,INR,press-quoted-filing,SRC03561,MEDIUM,verbatim FINANCIALS passthrough; unit_raw as recorded
S0306,revenue,FY25,fiscal_year,47.5,INR Cr,INR,press-quoted-filing,SRC03565,MEDIUM,verbatim FINANCIALS passthrough; unit_raw as recorded
S0309,total_revenue,FY25,fiscal_year,10,crore,INR,estimate,SRC03586,LOW,verbatim FINANCIALS passthrough; unit_raw as recorded
S0310,loss,FY25,fiscal_year,543.0,crore,INR,press-quoted-filing,SRC03593,HIGH,verbatim FINANCIALS passthrough; unit_raw as recorded
S0310,total_revenue,FY24,fiscal_year,6917,crore,INR,press-quoted-filing,SRC03598,HIGH,verbatim FINANCIALS passthrough; unit_raw as recorded
S0310,net_profit_loss,FY24,fiscal_year,-498,crore,INR,press-quoted-filing,SRC03598,HIGH,verbatim FINANCIALS passthrough; unit_raw as recorded
S0310,total_revenue,FY25,fiscal_year,6233,crore,INR,press-quoted-filing,SRC03593,HIGH,verbatim FINANCIALS passthrough; unit_raw as recorded
S0310,net_profit_loss,FY25,fiscal_year,-543,crore,INR,press-quoted-filing,SRC03593,HIGH,verbatim FINANCIALS passthrough; unit_raw as recorded
S0310,adjusted_net_revenue,FY26_H1,fiscal_year,651,crore,INR,management,SRC03596,HIGH,verbatim FINANCIALS passthrough; unit_raw as recorded
S0310,adjusted_net_revenue,FY26_H2,fiscal_year,760,crore,INR,management,SRC03614,HIGH,verbatim FINANCIALS passthrough; unit_raw as recorded
S0310,adjusted_ebitda_loss,FY26_H2,fiscal_year,-38,crore,INR,management,SRC03614,HIGH,verbatim FINANCIALS passthrough; unit_raw as recorded
S0310,adjusted_net_revenue,FY26,fiscal_year,1411,crore,INR,management,SRC03597,HIGH,verbatim FINANCIALS passthrough; unit_raw as recorded
S0310,adjusted_ebitda_loss,FY26,fiscal_year,-357,crore,INR,management,SRC03597,HIGH,verbatim FINANCIALS passthrough; unit_raw as recorded
S0310,adjusted_ebitda_profit,FY26_Q4,fiscal_year,20,crore,INR,management,SRC03600,HIGH,verbatim FINANCIALS passthrough; unit_raw as recorded
S0315,net profit,FY25,fiscal_year,26.1,crore,INR,press-quoted-filing,SRC03640,HIGH,verbatim FINANCIALS passthrough; unit_raw as recorded
S0316,total_revenue,FY24,fiscal_year,170,crore,INR,press-quoted-filing,SRC03648,HIGH,verbatim FINANCIALS passthrough; unit_raw as recorded
S0316,net_profit,FY24,fiscal_year,2.21,crore,INR,press-quoted-filing,SRC03648,HIGH,verbatim FINANCIALS passthrough; unit_raw as recorded
S0316,annual_run_rate,FY25,fiscal_year,30,million,USD,management,SRC03648,MEDIUM,verbatim FINANCIALS passthrough; unit_raw as recorded
S0316,reserves,FY24,fiscal_year,49.8,crore,INR,audited,SRC03647,MEDIUM,verbatim FINANCIALS passthrough; unit_raw as recorded
S0316,trade_payables,FY24,fiscal_year,19.1,crore,INR,audited,SRC03647,MEDIUM,verbatim FINANCIALS passthrough; unit_raw as recorded
S0320,total_revenue,FY25,fiscal_year,10,crore,INR,press-quoted-filing,SRC03676,MEDIUM,verbatim FINANCIALS passthrough; unit_raw as recorded
S0322,total_revenue,FY24,fiscal_year,743.6,crore,INR,audited,SRC03700,HIGH,verbatim FINANCIALS passthrough; unit_raw as recorded
S0322,net_profit,FY24,fiscal_year,85.71,crore,INR,audited,SRC03700,HIGH,verbatim FINANCIALS passthrough; unit_raw as recorded
S0322,net_profit,FY23,fiscal_year,-51.59,crore,INR,audited,SRC03700,HIGH,verbatim FINANCIALS passthrough; unit_raw as recorded
S0322,total_revenue,FY25,fiscal_year,1290,crore,INR,press-quoted-filing,SRC03701,HIGH,verbatim FINANCIALS passthrough; unit_raw as recorded
S0322,net_profit,FY25,fiscal_year,-47.5,crore,INR,press-quoted-filing,SRC03701,HIGH,verbatim FINANCIALS passthrough; unit_raw as recorded
S0322,ebitda,FY25,fiscal_year,-31.9,crore,INR,press-quoted-filing,SRC03701,HIGH,verbatim FINANCIALS passthrough; unit_raw as recorded
S0322,total_expenditure,FY25,fiscal_year,1352,crore,INR,press-quoted-filing,SRC03701,HIGH,verbatim FINANCIALS passthrough; unit_raw as recorded
S0322,employee_expense,FY25,fiscal_year,153.7,crore,INR,press-quoted-filing,SRC03701,HIGH,verbatim FINANCIALS passthrough; unit_raw as recorded
S0322,advertisement_expense,FY25,fiscal_year,258.8,crore,INR,press-quoted-filing,SRC03701,HIGH,verbatim FINANCIALS passthrough; unit_raw as recorded
S0322,point_of_sales_charges,FY25,fiscal_year,836.8,crore,INR,press-quoted-filing,SRC03701,HIGH,verbatim FINANCIALS passthrough; unit_raw as recorded
S0322,annual_premium_run_rate,FY24,fiscal_year,3300,crore,INR,management,SRC03702,MEDIUM,verbatim FINANCIALS passthrough; unit_raw as recorded
S0347,revenue,,fiscal_year,19.8,USD,USD,estimate,SRC03805,MEDIUM,verbatim FINANCIALS passthrough; unit_raw as recorded
S0367,total_revenue,FY23,fiscal_year,832,crore,INR,press-quoted-filing,SRC03936,HIGH,verbatim FINANCIALS passthrough; unit_raw as recorded
S0367,net_profit,FY23,fiscal_year,-36,crore,INR,press-quoted-filing,SRC03936,HIGH,verbatim FINANCIALS passthrough; unit_raw as recorded
S0367,total_revenue,FY24,fiscal_year,1123,crore,INR,press-quoted-filing,SRC03936,HIGH,verbatim FINANCIALS passthrough; unit_raw as recorded
S0367,net_profit,FY24,fiscal_year,146,crore,INR,press-quoted-filing,SRC03936,HIGH,verbatim FINANCIALS passthrough; unit_raw as recorded
S0368,funding raised,FY2024,fiscal_year,119764,USD,USD,press-quoted-filing,SRC03947,HIGH,verbatim FINANCIALS passthrough; unit_raw as recorded
S0001,funding_Series D,2025-04-07,event_date,5142.0,INR Mn,INR,DERIVED via annual-avg FX,SRC00001,HIGH,FUNDING.amount_inr_mn; FX note in README; IPO/debt excluded from equity totals
S0001,funding_Series D follow-on,2026-01-23,event_date,4350.0,INR Mn,INR,DERIVED via annual-avg FX,SRC00002,HIGH,FUNDING.amount_inr_mn; FX note in README; IPO/debt excluded from equity totals
S0001,funding_Series C,2021-12-15,event_date,4470.0,INR Mn,INR,DERIVED via annual-avg FX,SRC00013,HIGH,FUNDING.amount_inr_mn; FX note in README; IPO/debt excluded from equity totals
S0002,funding_Series E,2026-04-08,event_date,24360.0,INR Mn,INR,DERIVED via annual-avg FX,SRC00031,HIGH,FUNDING.amount_inr_mn; FX note in README; IPO/debt excluded from equity totals
S0002,funding_Series D extension,2023-01-01,event_date,16560.0,INR Mn,INR,DERIVED via annual-avg FX,SRC00032,MEDIUM,FUNDING.amount_inr_mn; FX note in README; IPO/debt excluded from equity totals
S0002,funding_Series D extension,2024-03-27,event_date,786.78,INR Mn,INR,DERIVED via annual-avg FX,SRC00041,MEDIUM,FUNDING.amount_inr_mn; FX note in README; IPO/debt excluded from equity totals
S0002,funding_Series D,2023-01-06,event_date,16560.0,INR Mn,INR,DERIVED via annual-avg FX,SRC00032,MEDIUM,FUNDING.amount_inr_mn; FX note in README; IPO/debt excluded from equity totals
S0002,funding_Series C (tranche 2),2021-03-22,event_date,5215.0,INR Mn,INR,DERIVED via annual-avg FX,SRC00042,HIGH,FUNDING.amount_inr_mn; FX note in README; IPO/debt excluded from equity totals
S0002,funding_Series C (tranche 1),2021-02-15,event_date,5587.5,INR Mn,INR,DERIVED via annual-avg FX,SRC00043,HIGH,FUNDING.amount_inr_mn; FX note in README; IPO/debt excluded from equity totals
S0003,funding_growth/secondary mix,2023-01-01,event_date,8280.0,INR Mn,INR,DERIVED via annual-avg FX,SRC00080,HIGH,FUNDING.amount_inr_mn; FX note in README; IPO/debt excluded from equity totals
S0003,funding_secondary,2026-01-22,event_date,37410.0,INR Mn,INR,DERIVED via annual-avg FX,SRC00073,HIGH,FUNDING.amount_inr_mn; FX note in README; IPO/debt excluded from equity totals
S0003,funding_growth/secondary,2023-01-15,event_date,28980.0,INR Mn,INR,DERIVED via annual-avg FX,SRC00074,MEDIUM,FUNDING.amount_inr_mn; FX note in README; IPO/debt excluded from equity totals
S0004,funding_Series F,2021-12-20,event_date,27937.5,INR Mn,INR,DERIVED via annual-avg FX,SRC00099,HIGH,FUNDING.amount_inr_mn; FX note in README; IPO/debt excluded from equity totals
S0004,funding_Series E,2021-04-18,event_date,11920.0,INR Mn,INR,DERIVED via annual-avg FX,SRC00093,HIGH,FUNDING.amount_inr_mn; FX note in README; IPO/debt excluded from equity totals
S0004,funding_Series D,2020-10-12,event_date,7400.0,INR Mn,INR,DERIVED via annual-avg FX,SRC00093,HIGH,FUNDING.amount_inr_mn; FX note in README; IPO/debt excluded from equity totals
S0004,funding_Series C,2019-06-18,event_date,6450.0,INR Mn,INR,DERIVED via annual-avg FX,SRC00093,MEDIUM,FUNDING.amount_inr_mn; FX note in README; IPO/debt excluded from equity totals
S0005,funding_pre-IPO,2025-10-16,event_date,38565.0,INR Mn,INR,DERIVED via annual-avg FX,SRC00104,HIGH,FUNDING.amount_inr_mn; FX note in README; IPO/debt excluded from equity totals
S0005,funding_pre-IPO placement,2026-08-01,event_date,9135.0,INR Mn,INR,DERIVED via annual-avg FX,SRC00108,LOW,FUNDING.amount_inr_mn; FX note in README; IPO/debt excluded from equity totals
S0005,funding_Series A,2022-01-01,event_date,4710.0,INR Mn,INR,DERIVED via annual-avg FX,SRC00110,MEDIUM,FUNDING.amount_inr_mn; FX note in README; IPO/debt excluded from equity totals
S0005,funding_Series B,2022-11-01,event_date,7850.0,INR Mn,INR,DERIVED via annual-avg FX,SRC00110,MEDIUM,FUNDING.amount_inr_mn; FX note in README; IPO/debt excluded from equity totals
S0005,funding_Series C,2023-08-01,event_date,16560.0,INR Mn,INR,DERIVED via annual-avg FX,SRC00104,MEDIUM,FUNDING.amount_inr_mn; FX note in README; IPO/debt excluded from equity totals
S0005,funding_Series D,2024-06-01,event_date,55660.5,INR Mn,INR,DERIVED via annual-avg FX,SRC00110,HIGH,FUNDING.amount_inr_mn; FX note in README; IPO/debt excluded from equity totals
S0005,funding_Series E,2024-08-01,event_date,28458.0,INR Mn,INR,DERIVED via annual-avg FX,SRC00110,MEDIUM,FUNDING.amount_inr_mn; FX note in README; IPO/debt excluded from equity totals
S0005,funding_Series F,2024-11-01,event_date,29295.0,INR Mn,INR,DERIVED via annual-avg FX,SRC00110,MEDIUM,FUNDING.amount_inr_mn; FX note in README; IPO/debt excluded from equity totals
S0006,funding_Seed,2024-04-10,event_date,1674.0,INR Mn,INR,DERIVED via annual-avg FX,SRC00117,HIGH,FUNDING.amount_inr_mn; FX note in README; IPO/debt excluded from equity totals
S0006,funding_Series A,2024-10-22,event_date,2511.0,INR Mn,INR,DERIVED via annual-avg FX,SRC00118,HIGH,FUNDING.amount_inr_mn; FX note in README; IPO/debt excluded from equity totals
S0006,funding_Growth equity,2026-02-16,event_date,52200.0,INR Mn,INR,DERIVED via annual-avg FX,SRC00115,HIGH,FUNDING.amount_inr_mn; FX note in README; IPO/debt excluded from equity totals
S0006,funding_Growth equity (planned debt),2026-02-16,event_date,52200.0,INR Mn,INR,DERIVED via annual-avg FX,SRC00114,MEDIUM,FUNDING.amount_inr_mn; FX note in README; IPO/debt excluded from equity totals
S0007,funding_Series F-II,2022-11-01,event_date,7850.0,INR Mn,INR,DERIVED via annual-avg FX,SRC00136,HIGH,FUNDING.amount_inr_mn; FX note in README; IPO/debt excluded from equity totals
S0007,funding_IPO,2026-01-21,event_date,16969.35,INR Mn,INR,DERIVED via annual-avg FX,SRC00137,HIGH,FUNDING.amount_inr_mn; FX note in README; IPO/debt excluded from equity totals
S0008,funding_Series E (reported Oct 2021),2021-10-01,event_date,18699.5,INR Mn,INR,DERIVED via annual-avg FX,SRC00145,MEDIUM,FUNDING.amount_inr_mn; FX note in README; IPO/debt excluded from equity totals
S0008,funding_Series F,2022-06-09,event_date,10990.0,INR Mn,INR,DERIVED via annual-avg FX,SRC00146,HIGH,FUNDING.amount_inr_mn; FX note in README; IPO/debt excluded from equity totals
S0009,funding_Series D,2022-01-25,event_date,5652.0,INR Mn,INR,DERIVED via annual-avg FX,SRC00162,HIGH,FUNDING.amount_inr_mn; FX note in README; IPO/debt excluded from equity totals
S0009,funding_growth,2025-03-05,event_date,11998.0,INR Mn,INR,DERIVED via annual-avg FX,SRC00154,HIGH,FUNDING.amount_inr_mn; FX note in README; IPO/debt excluded from equity totals
S0009,funding_growth,2025-08-14,event_date,3428.0,INR Mn,INR,DERIVED via annual-avg FX,SRC00156,HIGH,FUNDING.amount_inr_mn; FX note in README; IPO/debt excluded from equity totals
S0010,funding_Seed,2024-01-01,event_date,585.9,INR Mn,INR,DERIVED via annual-avg FX,SRC00168,MEDIUM,FUNDING.amount_inr_mn; FX note in README; IPO/debt excluded from equity totals
S0010,funding_Series A,2025-09-01,event_date,1971.1,INR Mn,INR,DERIVED via annual-avg FX,SRC00170,HIGH,FUNDING.amount_inr_mn; FX note in README; IPO/debt excluded from equity totals
S0010,funding_Series B,2026-01-01,event_date,6090.0,INR Mn,INR,DERIVED via annual-avg FX,SRC00167,HIGH,FUNDING.amount_inr_mn; FX note in README; IPO/debt excluded from equity totals
S0010,funding_Series C,2026-07-15,event_date,11310.0,INR Mn,INR,DERIVED via annual-avg FX,SRC00167,HIGH,FUNDING.amount_inr_mn; FX note in README; IPO/debt excluded from equity totals
S0011,funding_Series A,2019-01-23,event_date,533.2,INR Mn,INR,DERIVED via annual-avg FX,SRC00180,HIGH,FUNDING.amount_inr_mn; FX note in README; IPO/debt excluded from equity totals
S0011,funding_Series D,2021-04-07,event_date,6183.5,INR Mn,INR,DERIVED via annual-avg FX,SRC00179,HIGH,FUNDING.amount_inr_mn; FX note in README; IPO/debt excluded from equity totals
S0011,funding_Series E,2021-10-24,event_date,18699.5,INR Mn,INR,DERIVED via annual-avg FX,SRC00178,HIGH,FUNDING.amount_inr_mn; FX note in README; IPO/debt excluded from equity totals
S0011,funding_Series F,2025-06-13,event_date,17337.11,INR Mn,INR,DERIVED via annual-avg FX,SRC00176,HIGH,FUNDING.amount_inr_mn; FX note in README; IPO/debt excluded from equity totals
S0011,funding_IPO,2025-11-04,event_date,6632.3,INR Mn,INR,DERIVED via annual-avg FX,SRC00175,HIGH,FUNDING.amount_inr_mn; FX note in README; IPO/debt excluded from equity totals
S0012,funding_Series F,2021-04-08,event_date,7450.0,INR Mn,INR,DERIVED via annual-avg FX,SRC00230,HIGH,FUNDING.amount_inr_mn; FX note in README; IPO/debt excluded from equity totals
S0012,funding_Series F extension,2021-07-28,event_date,17880.0,INR Mn,INR,DERIVED via annual-avg FX,SRC00220,HIGH,FUNDING.amount_inr_mn; FX note in README; IPO/debt excluded from equity totals
S0012,"funding_Series F extension (equity+debt, unpriced)",2025-07-22,event_date,5142.0,INR Mn,INR,DERIVED via annual-avg FX,SRC00217,HIGH,FUNDING.amount_inr_mn; FX note in README; IPO/debt excluded from equity totals
S0013,funding_Debt,2023-10-01,event_date,1987.2,INR Mn,INR,DERIVED via annual-avg FX,SRC00242,MEDIUM,FUNDING.amount_inr_mn; FX note in README; IPO/debt excluded from equity totals
S0013,funding_Series B (first equity round),2024-01-26,event_date,4185.0,INR Mn,INR,DERIVED via annual-avg FX,SRC00239,HIGH,FUNDING.amount_inr_mn; FX note in README; IPO/debt excluded from equity totals
S0013,funding_Founder commitment,2025-02-04,event_date,19711.0,INR Mn,INR,DERIVED via annual-avg FX,SRC00240,HIGH,FUNDING.amount_inr_mn; FX note in README; IPO/debt excluded from equity totals
S0014,funding_Seed (disclosed within $41M announcement),2023-12-07,event_date,993.6,INR Mn,INR,DERIVED via annual-avg FX,SRC00273,HIGH,FUNDING.amount_inr_mn; FX note in README; IPO/debt excluded from equity totals
S0014,funding_Series A ($41M total incl. seed),2023-12-07,event_date,2401.2,INR Mn,INR,DERIVED via annual-avg FX,SRC00264,HIGH,FUNDING.amount_inr_mn; FX note in README; IPO/debt excluded from equity totals
S0014,funding_Series B first close (of $300M),2026-06-15,event_date,20358.0,INR Mn,INR,DERIVED via annual-avg FX,SRC00262,HIGH,FUNDING.amount_inr_mn; FX note in README; IPO/debt excluded from equity totals
S0014,funding_Series B second tranche,2026-08-04,event_date,6525.0,INR Mn,INR,DERIVED via annual-avg FX,SRC00265,MEDIUM,FUNDING.amount_inr_mn; FX note in README; IPO/debt excluded from equity totals
S0015,funding_Series B,2021-11-28,event_date,16390.0,INR Mn,INR,DERIVED via annual-avg FX,SRC00282,HIGH,FUNDING.amount_inr_mn; FX note in README; IPO/debt excluded from equity totals
S0015,funding_Insider equity (partly paid shares),2024-10-17,event_date,713.96,INR Mn,INR,DERIVED via annual-avg FX,SRC00279,HIGH,FUNDING.amount_inr_mn; FX note in README; IPO/debt excluded from equity totals
S0015,funding_Later-stage (negotiations),2026-04-23,event_date,8700.0,INR Mn,INR,DERIVED via annual-avg FX,SRC00276,MEDIUM,FUNDING.amount_inr_mn; FX note in README; IPO/debt excluded from equity totals
S0015,funding_Later-stage,2026-09-03,event_date,8700.0,INR Mn,INR,DERIVED via annual-avg FX,SRC00278,MEDIUM,FUNDING.amount_inr_mn; FX note in README; IPO/debt excluded from equity totals
S0016,funding_Equity,2021-08-01,event_date,13782.5,INR Mn,INR,DERIVED via annual-avg FX,SRC00292,MEDIUM,FUNDING.amount_inr_mn; FX note in README; IPO/debt excluded from equity totals
S0016,funding_Equity,2024-10-01,event_date,5022.0,INR Mn,INR,DERIVED via annual-avg FX,SRC00292,MEDIUM,FUNDING.amount_inr_mn; FX note in README; IPO/debt excluded from equity totals
S0016,funding_Equity,2026-09-01,event_date,17922.0,INR Mn,INR,DERIVED via annual-avg FX,SRC00288,HIGH,FUNDING.amount_inr_mn; FX note in README; IPO/debt excluded from equity totals
S0017,funding_Series A,2018-01-01,event_date,4300.0,INR Mn,INR,DERIVED via annual-avg FX,SRC00347,HIGH,FUNDING.amount_inr_mn; FX note in README; IPO/debt excluded from equity totals
S0017,funding_Series B,2021-06-16,event_date,14900.0,INR Mn,INR,DERIVED via annual-avg FX,SRC00332,HIGH,FUNDING.amount_inr_mn; FX note in README; IPO/debt excluded from equity totals
S0020,funding_Series B,2025-10-31,event_date,10712.5,INR Mn,INR,DERIVED via annual-avg FX,SRC00407,HIGH,FUNDING.amount_inr_mn; FX note in README; IPO/debt excluded from equity totals
S0020,funding_debt+equity (unlettered),2024-12-12,event_date,1506.6,INR Mn,INR,DERIVED via annual-avg FX,SRC00409,MEDIUM,FUNDING.amount_inr_mn; FX note in README; IPO/debt excluded from equity totals
S0020,funding_debt+equity (unlettered),2022-10-17,event_date,1648.5,INR Mn,INR,DERIVED via annual-avg FX,SRC00410,MEDIUM,FUNDING.amount_inr_mn; FX note in README; IPO/debt excluded from equity totals
S0021,funding_Series B,2019-09-24,event_date,2150.0,INR Mn,INR,DERIVED via annual-avg FX,SRC00428,HIGH,FUNDING.amount_inr_mn; FX note in README; IPO/debt excluded from equity totals
S0022,funding_Series G,2025-02-17,event_date,6427.5,INR Mn,INR,DERIVED via annual-avg FX,SRC00443,HIGH,FUNDING.amount_inr_mn; FX note in README; IPO/debt excluded from equity totals
S0022,funding_Series G,2025-06-02,event_date,9769.8,INR Mn,INR,DERIVED via annual-avg FX,SRC00444,HIGH,FUNDING.amount_inr_mn; FX note in README; IPO/debt excluded from equity totals
S0022,funding_Series H / structured,2026-07-14,event_date,13920.0,INR Mn,INR,DERIVED via annual-avg FX,SRC00445,HIGH,FUNDING.amount_inr_mn; FX note in README; IPO/debt excluded from equity totals
S0023,funding_Series D,2021-10-28,event_date,18997.5,INR Mn,INR,DERIVED via annual-avg FX,SRC00457,HIGH,FUNDING.amount_inr_mn; FX note in README; IPO/debt excluded from equity totals
S0023,funding_Series D,2020-09-14,event_date,4440.0,INR Mn,INR,DERIVED via annual-avg FX,SRC00460,MEDIUM,FUNDING.amount_inr_mn; FX note in README; IPO/debt excluded from equity totals
S0023,funding_Series C,2019-03-12,event_date,5590.0,INR Mn,INR,DERIVED via annual-avg FX,SRC00460,MEDIUM,FUNDING.amount_inr_mn; FX note in README; IPO/debt excluded from equity totals
S0023,funding_Series B,2018-05-26,event_date,1032.0,INR Mn,INR,DERIVED via annual-avg FX,SRC00460,MEDIUM,FUNDING.amount_inr_mn; FX note in README; IPO/debt excluded from equity totals
S0023,funding_Seed,2017-05-22,event_date,2580.0,INR Mn,INR,DERIVED via annual-avg FX,SRC00460,MEDIUM,FUNDING.amount_inr_mn; FX note in README; IPO/debt excluded from equity totals
S0024,funding_Series A,2021-01-13,event_date,1117.5,INR Mn,INR,DERIVED via annual-avg FX,SRC00483,HIGH,FUNDING.amount_inr_mn; FX note in README; IPO/debt excluded from equity totals
S0024,funding_Series B,2021-04-22,event_date,1862.5,INR Mn,INR,DERIVED via annual-avg FX,SRC00473,HIGH,FUNDING.amount_inr_mn; FX note in README; IPO/debt excluded from equity totals
S0024,funding_Series C,2021-10-06,event_date,19370.0,INR Mn,INR,DERIVED via annual-avg FX,SRC00472,HIGH,FUNDING.amount_inr_mn; FX note in README; IPO/debt excluded from equity totals
S0025,funding_Series A,2016-07-04,event_date,1290.0,INR Mn,INR,DERIVED via annual-avg FX,SRC00506,MEDIUM,FUNDING.amount_inr_mn; FX note in README; IPO/debt excluded from equity totals
S0025,funding_Series E,2021-06-07,event_date,5587.5,INR Mn,INR,DERIVED via annual-avg FX,SRC00492,HIGH,FUNDING.amount_inr_mn; FX note in README; IPO/debt excluded from equity totals
S0025,funding_Series F,2021-12-03,event_date,10802.5,INR Mn,INR,DERIVED via annual-avg FX,SRC00491,HIGH,FUNDING.amount_inr_mn; FX note in README; IPO/debt excluded from equity totals
S0025,funding_Series G,2026-03-17,event_date,4141.2,INR Mn,INR,DERIVED via annual-avg FX,SRC00507,MEDIUM,FUNDING.amount_inr_mn; FX note in README; IPO/debt excluded from equity totals
S0026,funding_Series A,2021-05-24,event_date,1043.0,INR Mn,INR,DERIVED via annual-avg FX,SRC00516,HIGH,FUNDING.amount_inr_mn; FX note in README; IPO/debt excluded from equity totals
S0027,funding_Seed,2017-08-02,event_date,137.6,INR Mn,INR,DERIVED via annual-avg FX,SRC00533,MEDIUM,FUNDING.amount_inr_mn; FX note in README; IPO/debt excluded from equity totals
S0027,funding_Series A,2020-02-26,event_date,732.6,INR Mn,INR,DERIVED via annual-avg FX,SRC00533,HIGH,FUNDING.amount_inr_mn; FX note in README; IPO/debt excluded from equity totals
S0027,funding_Series B,2020-09-08,event_date,1850.0,INR Mn,INR,DERIVED via annual-avg FX,SRC00532,HIGH,FUNDING.amount_inr_mn; FX note in README; IPO/debt excluded from equity totals
S0027,funding_Series C,2022-02-22,event_date,7850.0,INR Mn,INR,DERIVED via annual-avg FX,SRC00531,HIGH,FUNDING.amount_inr_mn; FX note in README; IPO/debt excluded from equity totals
S0028,funding_Series E,2019-07-17,event_date,9890.0,INR Mn,INR,DERIVED via annual-avg FX,SRC00547,HIGH,FUNDING.amount_inr_mn; FX note in README; IPO/debt excluded from equity totals
S0028,funding_Series F,2021-03-11,event_date,5960.0,INR Mn,INR,DERIVED via annual-avg FX,SRC00553,HIGH,FUNDING.amount_inr_mn; FX note in README; IPO/debt excluded from equity totals
S0028,funding_Series F/G (label conflicts),2025-03-19,event_date,4285.0,INR Mn,INR,DERIVED via annual-avg FX,SRC00547,HIGH,FUNDING.amount_inr_mn; FX note in README; IPO/debt excluded from equity totals
S0029,funding_Series A,2019-05-17,event_date,258.0,INR Mn,INR,DERIVED via annual-avg FX,SRC00561,MEDIUM,FUNDING.amount_inr_mn; FX note in README; IPO/debt excluded from equity totals
S0029,funding_Series B,2020-12-14,event_date,2412.4,INR Mn,INR,DERIVED via annual-avg FX,SRC00576,HIGH,FUNDING.amount_inr_mn; FX note in README; IPO/debt excluded from equity totals
S0029,funding_Series B extension,2021-08-05,event_date,931.25,INR Mn,INR,DERIVED via annual-avg FX,SRC00576,MEDIUM,FUNDING.amount_inr_mn; FX note in README; IPO/debt excluded from equity totals
S0029,funding_Series C,2022-06-21,event_date,12010.5,INR Mn,INR,DERIVED via annual-avg FX,SRC00558,HIGH,FUNDING.amount_inr_mn; FX note in README; IPO/debt excluded from equity totals
S0030,funding_Series F (tranche 1),2025-11-05,event_date,8570.0,INR Mn,INR,DERIVED via annual-avg FX,SRC00582,HIGH,FUNDING.amount_inr_mn; FX note in README; IPO/debt excluded from equity totals
S0030,funding_Series F (follow-on),2025-12-17,event_date,15426.0,INR Mn,INR,DERIVED via annual-avg FX,SRC00580,HIGH,FUNDING.amount_inr_mn; FX note in README; IPO/debt excluded from equity totals
S0030,funding_Series E,2022-06-01,event_date,6044.5,INR Mn,INR,DERIVED via annual-avg FX,SRC00581,HIGH,FUNDING.amount_inr_mn; FX note in README; IPO/debt excluded from equity totals
S0031,funding_Series E,2022-12-26,event_date,5887.5,INR Mn,INR,DERIVED via annual-avg FX,SRC00589,HIGH,FUNDING.amount_inr_mn; FX note in README; IPO/debt excluded from equity totals
S0031,funding_Series E-II,2024-09-12,event_date,389.21,INR Mn,INR,DERIVED via annual-avg FX,SRC00596,MEDIUM,FUNDING.amount_inr_mn; FX note in README; IPO/debt excluded from equity totals
S0031,funding_Debt (conventional),2025-11-27,event_date,976.98,INR Mn,INR,DERIVED via annual-avg FX,SRC00596,MEDIUM,FUNDING.amount_inr_mn; FX note in README; IPO/debt excluded from equity totals
S0032,funding_Series A / growth,2008-09-25,event_date,2580.0,INR Mn,INR,DERIVED via annual-avg FX,SRC00598,HIGH,FUNDING.amount_inr_mn; FX note in README; IPO/debt excluded from equity totals
S0032,funding_Growth,2011-04-01,event_date,2150.0,INR Mn,INR,DERIVED via annual-avg FX,SRC00598,HIGH,FUNDING.amount_inr_mn; FX note in README; IPO/debt excluded from equity totals
S0032,funding_Growth,2011-12-28,event_date,9288.0,INR Mn,INR,DERIVED via annual-avg FX,SRC00598,HIGH,FUNDING.amount_inr_mn; FX note in README; IPO/debt excluded from equity totals
S0032,funding_Corporate minority,2013-02-20,event_date,3870.0,INR Mn,INR,DERIVED via annual-avg FX,SRC00598,HIGH,FUNDING.amount_inr_mn; FX note in README; IPO/debt excluded from equity totals
S0032,funding_Unattributed,2024-05-06,event_date,168.24,INR Mn,INR,DERIVED via annual-avg FX,SRC00600,MEDIUM,FUNDING.amount_inr_mn; FX note in README; IPO/debt excluded from equity totals
S0032,funding_Series B,2011-04-01,event_date,2150.0,INR Mn,INR,DERIVED via annual-avg FX,SRC00598,HIGH,FUNDING.amount_inr_mn; FX note in README; IPO/debt excluded from equity totals
S0032,funding_Series C / D,2011-12-28,event_date,9288.0,INR Mn,INR,DERIVED via annual-avg FX,SRC00598,HIGH,FUNDING.amount_inr_mn; FX note in README; IPO/debt excluded from equity totals
S0033,funding_Series A,2016-07-15,event_date,1558.32,INR Mn,INR,DERIVED via annual-avg FX,SRC00607,MEDIUM,FUNDING.amount_inr_mn; FX note in README; IPO/debt excluded from equity totals
S0033,funding_Series B,2018-09-27,event_date,1806.0,INR Mn,INR,DERIVED via annual-avg FX,SRC00607,MEDIUM,FUNDING.amount_inr_mn; FX note in README; IPO/debt excluded from equity totals
S0033,funding_Series C,2021-07-15,event_date,11175.0,INR Mn,INR,DERIVED via annual-avg FX,SRC00607,HIGH,FUNDING.amount_inr_mn; FX note in README; IPO/debt excluded from equity totals
S0033,funding_Debt/mezzanine,2022-01-01,event_date,5102.5,INR Mn,INR,DERIVED via annual-avg FX,SRC00607,MEDIUM,FUNDING.amount_inr_mn; FX note in README; IPO/debt excluded from equity totals
S0033,funding_Series D,2025-01-16,event_date,7713.0,INR Mn,INR,DERIVED via annual-avg FX,SRC00605,HIGH,FUNDING.amount_inr_mn; FX note in README; IPO/debt excluded from equity totals
S0034,funding_Series D,2021-08-18,event_date,16762.5,INR Mn,INR,DERIVED via annual-avg FX,SRC00613,HIGH,FUNDING.amount_inr_mn; FX note in README; IPO/debt excluded from equity totals
S0034,funding_Series C,2020-06-11,event_date,11100.0,INR Mn,INR,DERIVED via annual-avg FX,SRC00615,HIGH,FUNDING.amount_inr_mn; FX note in README; IPO/debt excluded from equity totals
S0034,funding_Series B,2019-06-19,event_date,4300.0,INR Mn,INR,DERIVED via annual-avg FX,SRC00615,HIGH,FUNDING.amount_inr_mn; FX note in README; IPO/debt excluded from equity totals
S0034,funding_Series A,2016-10-13,event_date,602.0,INR Mn,INR,DERIVED via annual-avg FX,SRC00620,MEDIUM,FUNDING.amount_inr_mn; FX note in README; IPO/debt excluded from equity totals
S0034,funding_Seed,2015-05-01,event_date,86.0,INR Mn,INR,DERIVED via annual-avg FX,SRC00620,MEDIUM,FUNDING.amount_inr_mn; FX note in README; IPO/debt excluded from equity totals
S0034,funding_Seed,2014-10-31,event_date,84.02,INR Mn,INR,DERIVED via annual-avg FX,SRC00615,MEDIUM,FUNDING.amount_inr_mn; FX note in README; IPO/debt excluded from equity totals
S0035,funding_Series D,2025-02-11,event_date,4285.0,INR Mn,INR,DERIVED via annual-avg FX,SRC00623,HIGH,FUNDING.amount_inr_mn; FX note in README; IPO/debt excluded from equity totals
S0035,funding_Series C,2022-03-07,event_date,2355.0,INR Mn,INR,DERIVED via annual-avg FX,SRC00637,MEDIUM,FUNDING.amount_inr_mn; FX note in README; IPO/debt excluded from equity totals
S0035,funding_Series C,2021-05-24,event_date,18625.0,INR Mn,INR,DERIVED via annual-avg FX,SRC00635,HIGH,FUNDING.amount_inr_mn; FX note in README; IPO/debt excluded from equity totals
S0036,funding_Acquisition (majority stake),2018-05-09,event_date,1376000.0,INR Mn,INR,DERIVED via annual-avg FX,SRC00651,HIGH,FUNDING.amount_inr_mn; FX note in README; IPO/debt excluded from equity totals
S0036,funding_primary,2021-07-01,event_date,268200.0,INR Mn,INR,DERIVED via annual-avg FX,SRC00650,MEDIUM,FUNDING.amount_inr_mn; FX note in README; IPO/debt excluded from equity totals
S0036,funding_primary,2023-12-01,event_date,49680.0,INR Mn,INR,DERIVED via annual-avg FX,SRC00650,HIGH,FUNDING.amount_inr_mn; FX note in README; IPO/debt excluded from equity totals
S0036,funding_primary,2024-05-24,event_date,79515.0,INR Mn,INR,DERIVED via annual-avg FX,SRC00650,HIGH,FUNDING.amount_inr_mn; FX note in README; IPO/debt excluded from equity totals
S0036,funding_ESOP buyback,2025-07-01,event_date,2142.5,INR Mn,INR,DERIVED via annual-avg FX,SRC00646,MEDIUM,FUNDING.amount_inr_mn; FX note in README; IPO/debt excluded from equity totals
S0036,funding_ESOP buyback,2026-07-01,event_date,2175.0,INR Mn,INR,DERIVED via annual-avg FX,SRC00646,MEDIUM,FUNDING.amount_inr_mn; FX note in README; IPO/debt excluded from equity totals
S0037,funding_Seed,2015-02-20,event_date,41.37,INR Mn,INR,DERIVED via annual-avg FX,SRC00662,MEDIUM,FUNDING.amount_inr_mn; FX note in README; IPO/debt excluded from equity totals
S0037,funding_Series A,2015-06-10,event_date,473.0,INR Mn,INR,DERIVED via annual-avg FX,SRC00662,MEDIUM,FUNDING.amount_inr_mn; FX note in README; IPO/debt excluded from equity totals
S0037,funding_Series B,2016-07-12,event_date,217.58,INR Mn,INR,DERIVED via annual-avg FX,SRC00662,MEDIUM,FUNDING.amount_inr_mn; FX note in README; IPO/debt excluded from equity totals
S0037,funding_Series B,2016-12-13,event_date,126.42,INR Mn,INR,DERIVED via annual-avg FX,SRC00662,MEDIUM,FUNDING.amount_inr_mn; FX note in README; IPO/debt excluded from equity totals
S0037,funding_Series B,2017-05-02,event_date,115.24,INR Mn,INR,DERIVED via annual-avg FX,SRC00662,MEDIUM,FUNDING.amount_inr_mn; FX note in README; IPO/debt excluded from equity totals
S0037,funding_Series B,2017-08-30,event_date,172.86,INR Mn,INR,DERIVED via annual-avg FX,SRC00662,MEDIUM,FUNDING.amount_inr_mn; FX note in README; IPO/debt excluded from equity totals
S0037,funding_Series C,2018-03-28,event_date,662.2,INR Mn,INR,DERIVED via annual-avg FX,SRC00662,MEDIUM,FUNDING.amount_inr_mn; FX note in README; IPO/debt excluded from equity totals
S0037,funding_Series C,2019-08-06,event_date,860.0,INR Mn,INR,DERIVED via annual-avg FX,SRC00662,MEDIUM,FUNDING.amount_inr_mn; FX note in README; IPO/debt excluded from equity totals
S0037,funding_Series D,2020-04-10,event_date,1369.0,INR Mn,INR,DERIVED via annual-avg FX,SRC00662,MEDIUM,FUNDING.amount_inr_mn; FX note in README; IPO/debt excluded from equity totals
S0037,funding_Series E,2021-09-01,event_date,7524.5,INR Mn,INR,DERIVED via annual-avg FX,SRC00663,HIGH,FUNDING.amount_inr_mn; FX note in README; IPO/debt excluded from equity totals
S0037,funding_Series F (extended),2025-09-09,event_date,8570.0,INR Mn,INR,DERIVED via annual-avg FX,SRC00666,MEDIUM,FUNDING.amount_inr_mn; FX note in README; IPO/debt excluded from equity totals
S0037,funding_Series F (tranche),2026-01-15,event_date,4045.5,INR Mn,INR,DERIVED via annual-avg FX,SRC00662,MEDIUM,FUNDING.amount_inr_mn; FX note in README; IPO/debt excluded from equity totals
S0038,funding_Series H,2021-08-01,event_date,32780.0,INR Mn,INR,DERIVED via annual-avg FX,SRC00288,HIGH,FUNDING.amount_inr_mn; FX note in README; IPO/debt excluded from equity totals
S0038,funding_internal_funding,2026-03-01,event_date,31320.0,INR Mn,INR,DERIVED via annual-avg FX,SRC00687,MEDIUM,FUNDING.amount_inr_mn; FX note in README; IPO/debt excluded from equity totals
S0040,funding_Series E,2021-08-20,event_date,11175.0,INR Mn,INR,DERIVED via annual-avg FX,SRC00723,HIGH,FUNDING.amount_inr_mn; FX note in README; IPO/debt excluded from equity totals
S0040,funding_Series F,2021-12-29,event_date,15645.0,INR Mn,INR,DERIVED via annual-avg FX,SRC00721,MEDIUM,FUNDING.amount_inr_mn; FX note in README; IPO/debt excluded from equity totals
S0040,funding_Venture round,2024-12-19,event_date,8370.0,INR Mn,INR,DERIVED via annual-avg FX,SRC00726,MEDIUM,FUNDING.amount_inr_mn; FX note in README; IPO/debt excluded from equity totals
S0040,funding_Pre-IPO,2026-03-30,event_date,43500.0,INR Mn,INR,DERIVED via annual-avg FX,SRC00724,MEDIUM,FUNDING.amount_inr_mn; FX note in README; IPO/debt excluded from equity totals
S0040,funding_Total raised,2026-09-15,event_date,80997.0,INR Mn,INR,DERIVED via annual-avg FX,SRC00727,MEDIUM,FUNDING.amount_inr_mn; FX note in README; IPO/debt excluded from equity totals
S0041,funding_Series C,2017-01-17,event_date,186.62,INR Mn,INR,DERIVED via annual-avg FX,SRC00747,LOW,FUNDING.amount_inr_mn; FX note in README; IPO/debt excluded from equity totals
S0041,funding_Series D,2018-09-06,event_date,8600.0,INR Mn,INR,DERIVED via annual-avg FX,SRC00735,MEDIUM,FUNDING.amount_inr_mn; FX note in README; IPO/debt excluded from equity totals
S0041,funding_Series E,2020-09-14,event_date,16650.0,INR Mn,INR,DERIVED via annual-avg FX,SRC00735,HIGH,FUNDING.amount_inr_mn; FX note in README; IPO/debt excluded from equity totals
S0041,funding_Secondary,2021-03-25,event_date,29800.0,INR Mn,INR,DERIVED via annual-avg FX,SRC00736,HIGH,FUNDING.amount_inr_mn; FX note in README; IPO/debt excluded from equity totals
S0041,funding_Series F,2021-11-25,event_date,62580.0,INR Mn,INR,DERIVED via annual-avg FX,SRC00737,HIGH,FUNDING.amount_inr_mn; FX note in README; IPO/debt excluded from equity totals
S0042,funding_Debt,2024-09-10,event_date,8370.0,INR Mn,INR,DERIVED via annual-avg FX,SRC00752,MEDIUM,FUNDING.amount_inr_mn; FX note in README; IPO/debt excluded from equity totals
S0042,"funding_Loan (2 tranches, 13-14%, secured on founders' stake)",2025-12-04,event_date,29995.0,INR Mn,INR,DERIVED via annual-avg FX,SRC00751,HIGH,FUNDING.amount_inr_mn; FX note in README; IPO/debt excluded from equity totals
S0042,funding_Series A,2024-07-01,event_date,830.0,INR Mn,INR,DERIVED via annual-avg FX,SRC00755,MEDIUM,FUNDING.amount_inr_mn; FX note in README; IPO/debt excluded from equity totals
S0042,funding_Debt,2025-12-04,event_date,29995.0,INR Mn,INR,DERIVED via annual-avg FX,SRC00751,HIGH,FUNDING.amount_inr_mn; FX note in README; IPO/debt excluded from equity totals
S0042,funding_Pre-IPO (talks),2025-12-31,event_date,12855.0,INR Mn,INR,DERIVED via annual-avg FX,SRC00755,MEDIUM,FUNDING.amount_inr_mn; FX note in README; IPO/debt excluded from equity totals
S0042,funding_Series E (talks),2025-01-22,event_date,34280.0,INR Mn,INR,DERIVED via annual-avg FX,SRC00753,MEDIUM,FUNDING.amount_inr_mn; FX note in README; IPO/debt excluded from equity totals
S0042,funding_Total PE raised,2025-01-22,event_date,18511.2,INR Mn,INR,DERIVED via annual-avg FX,SRC00753,HIGH,FUNDING.amount_inr_mn; FX note in README; IPO/debt excluded from equity totals
S0043,funding_IPO,2021-10-28,event_date,53520.0,INR Mn,INR,DERIVED via annual-avg FX,SRC00774,HIGH,FUNDING.amount_inr_mn; FX note in README; IPO/debt excluded from equity totals
S0044,funding_Series G,2024-12-12,event_date,17577.0,INR Mn,INR,DERIVED via annual-avg FX,SRC00786,HIGH,FUNDING.amount_inr_mn; FX note in README; IPO/debt excluded from equity totals
S0044,funding_Unattributed top-up,2025-04-22,event_date,2142.5,INR Mn,INR,DERIVED via annual-avg FX,SRC00787,MEDIUM,FUNDING.amount_inr_mn; FX note in README; IPO/debt excluded from equity totals
S0044,funding_Series F,2021-10-07,event_date,13037.5,INR Mn,INR,DERIVED via annual-avg FX,SRC00789,MEDIUM,FUNDING.amount_inr_mn; FX note in README; IPO/debt excluded from equity totals
S0044,funding_Top-up (unattributed),2025-04-22,event_date,2142.5,INR Mn,INR,DERIVED via annual-avg FX,SRC00787,MEDIUM,FUNDING.amount_inr_mn; FX note in README; IPO/debt excluded from equity totals
S0045,funding_Private Equity minority,2023-06-20,event_date,4968.0,INR Mn,INR,DERIVED via annual-avg FX,SRC00797,,FUNDING.amount_inr_mn; FX note in README; IPO/debt excluded from equity totals
S0046,funding_Series C,2016-05-10,event_date,8600.0,INR Mn,INR,DERIVED via annual-avg FX,SRC00824,MEDIUM,FUNDING.amount_inr_mn; FX note in README; IPO/debt excluded from equity totals
S0046,funding_Series D (Apax),2019-01-01,event_date,17200.0,INR Mn,INR,DERIVED via annual-avg FX,SRC00825,MEDIUM,FUNDING.amount_inr_mn; FX note in README; IPO/debt excluded from equity totals
S0046,funding_Series D (TPG),2022-01-05,event_date,28260.0,INR Mn,INR,DERIVED via annual-avg FX,SRC00825,HIGH,FUNDING.amount_inr_mn; FX note in README; IPO/debt excluded from equity totals
S0046,funding_Secondary,2025-07-15,event_date,14569.0,INR Mn,INR,DERIVED via annual-avg FX,SRC00816,HIGH,FUNDING.amount_inr_mn; FX note in README; IPO/debt excluded from equity totals
S0047,funding_Series C,2021-12-20,event_date,6332.5,INR Mn,INR,DERIVED via annual-avg FX,SRC00844,,FUNDING.amount_inr_mn; FX note in README; IPO/debt excluded from equity totals
S0047,funding_Series D,2025-06-30,event_date,10284.0,INR Mn,INR,DERIVED via annual-avg FX,SRC00829,,FUNDING.amount_inr_mn; FX note in README; IPO/debt excluded from equity totals
S0047,funding_Seed,2015-12-16,event_date,169.42,INR Mn,INR,DERIVED via annual-avg FX,SRC00837,HIGH,FUNDING.amount_inr_mn; FX note in README; IPO/debt excluded from equity totals
S0047,funding_Series A,2017-05-15,event_date,980.4,INR Mn,INR,DERIVED via annual-avg FX,SRC00837,HIGH,FUNDING.amount_inr_mn; FX note in README; IPO/debt excluded from equity totals
S0047,funding_Series B,2019-01-04,event_date,1358.8,INR Mn,INR,DERIVED via annual-avg FX,SRC00837,HIGH,FUNDING.amount_inr_mn; FX note in README; IPO/debt excluded from equity totals
S0047,funding_Series B,2020-10-20,event_date,1857.4,INR Mn,INR,DERIVED via annual-avg FX,SRC00837,HIGH,FUNDING.amount_inr_mn; FX note in README; IPO/debt excluded from equity totals
S0047,funding_Series C,2021-12-20,event_date,5200.1,INR Mn,INR,DERIVED via annual-avg FX,SRC00837,HIGH,FUNDING.amount_inr_mn; FX note in README; IPO/debt excluded from equity totals
S0047,funding_Venture Debt,2021-06-04,event_date,356.86,INR Mn,INR,DERIVED via annual-avg FX,SRC00837,HIGH,FUNDING.amount_inr_mn; FX note in README; IPO/debt excluded from equity totals
S0047,funding_Venture Debt,2023-03-14,event_date,755.96,INR Mn,INR,DERIVED via annual-avg FX,SRC00837,HIGH,FUNDING.amount_inr_mn; FX note in README; IPO/debt excluded from equity totals
S0047,funding_Series C3,2024-03-18,event_date,1523.34,INR Mn,INR,DERIVED via annual-avg FX,SRC00840,HIGH,FUNDING.amount_inr_mn; FX note in README; IPO/debt excluded from equity totals
S0047,funding_Series C,2023-05-26,event_date,38.01,INR Mn,INR,DERIVED via annual-avg FX,SRC00837,MEDIUM,FUNDING.amount_inr_mn; FX note in README; IPO/debt excluded from equity totals
S0048,funding_Series C,2018-09-19,event_date,6020.0,INR Mn,INR,DERIVED via annual-avg FX,SRC00868,,FUNDING.amount_inr_mn; FX note in README; IPO/debt excluded from equity totals
S0048,funding_Series F,2022-02-08,event_date,14130.0,INR Mn,INR,DERIVED via annual-avg FX,SRC00851,,FUNDING.amount_inr_mn; FX note in README; IPO/debt excluded from equity totals
S0048,funding_Series A,2014-12-17,event_date,395.6,INR Mn,INR,DERIVED via annual-avg FX,SRC00867,HIGH,FUNDING.amount_inr_mn; FX note in README; IPO/debt excluded from equity totals
S0048,funding_Series A (second tranche),2015-08-11,event_date,739.6,INR Mn,INR,DERIVED via annual-avg FX,SRC00867,HIGH,FUNDING.amount_inr_mn; FX note in README; IPO/debt excluded from equity totals
S0048,funding_Series B,2016-05-13,event_date,1290.0,INR Mn,INR,DERIVED via annual-avg FX,SRC00870,HIGH,FUNDING.amount_inr_mn; FX note in README; IPO/debt excluded from equity totals
S0048,funding_Series D (second tranche),2020-01-28,event_date,4440.0,INR Mn,INR,DERIVED via annual-avg FX,SRC00867,HIGH,FUNDING.amount_inr_mn; FX note in README; IPO/debt excluded from equity totals
S0048,funding_Series D (third tranche),2020-09-03,event_date,6660.0,INR Mn,INR,DERIVED via annual-avg FX,SRC00867,HIGH,FUNDING.amount_inr_mn; FX note in README; IPO/debt excluded from equity totals
S0048,funding_Series F (first tranche),2021-10-07,event_date,4306.1,INR Mn,INR,DERIVED via annual-avg FX,SRC00861,HIGH,FUNDING.amount_inr_mn; FX note in README; IPO/debt excluded from equity totals
S0048,funding_Series F (second tranche),2022-02-07,event_date,14130.0,INR Mn,INR,DERIVED via annual-avg FX,SRC00857,HIGH,FUNDING.amount_inr_mn; FX note in README; IPO/debt excluded from equity totals
S0048,funding_Late VC,2025-04-28,event_date,427.21,INR Mn,INR,DERIVED via annual-avg FX,SRC00864,HIGH,FUNDING.amount_inr_mn; FX note in README; IPO/debt excluded from equity totals
S0048,funding_Late VC,2025-07-24,event_date,3599.4,INR Mn,INR,DERIVED via annual-avg FX,SRC00872,MEDIUM,FUNDING.amount_inr_mn; FX note in README; IPO/debt excluded from equity totals
S0049,funding_Series F,2021-09-01,event_date,42465.0,INR Mn,INR,DERIVED via annual-avg FX,SRC00894,,FUNDING.amount_inr_mn; FX note in README; IPO/debt excluded from equity totals
S0049,funding_Series F (late private),2025-01-27,event_date,23139.0,INR Mn,INR,DERIVED via annual-avg FX,SRC00902,,FUNDING.amount_inr_mn; FX note in README; IPO/debt excluded from equity totals
S0049,funding_IPO,2025-12-03,event_date,51934.2,INR Mn,INR,DERIVED via annual-avg FX,SRC00889,,FUNDING.amount_inr_mn; FX note in README; IPO/debt excluded from equity totals
S0049,funding_Seed,2015,event_date,25.8,INR Mn,INR,DERIVED via annual-avg FX,SRC00894,MEDIUM,FUNDING.amount_inr_mn; FX note in README; IPO/debt excluded from equity totals
S0049,funding_Series A,2019,event_date,10750.0,INR Mn,INR,DERIVED via annual-avg FX,SRC00894,HIGH,FUNDING.amount_inr_mn; FX note in README; IPO/debt excluded from equity totals
S0049,funding_Series B,2021-04-01,event_date,22350.0,INR Mn,INR,DERIVED via annual-avg FX,SRC00894,HIGH,FUNDING.amount_inr_mn; FX note in README; IPO/debt excluded from equity totals
S0050,funding_Pre-IPO (ANI Technologies),2021-07-09,event_date,37250.0,INR Mn,INR,DERIVED via annual-avg FX,SRC00908,,FUNDING.amount_inr_mn; FX note in README; IPO/debt excluded from equity totals
S0050,funding_Series J,2021-12-01,event_date,10355.5,INR Mn,INR,DERIVED via annual-avg FX,SRC00920,,FUNDING.amount_inr_mn; FX note in README; IPO/debt excluded from equity totals
S0051,funding_Series D,2022-04-01,event_date,14130.0,INR Mn,INR,DERIVED via annual-avg FX,SRC00926,,FUNDING.amount_inr_mn; FX note in README; IPO/debt excluded from equity totals
S0051,funding_Series E,2024-07-29,event_date,10044.0,INR Mn,INR,DERIVED via annual-avg FX,SRC00926,,FUNDING.amount_inr_mn; FX note in README; IPO/debt excluded from equity totals
S0051,funding_Series F (primary; part of $730M primary+secondary),2026-05-15,event_date,20880.0,INR Mn,INR,DERIVED via annual-avg FX,SRC00925,,FUNDING.amount_inr_mn; FX note in README; IPO/debt excluded from equity totals
S0051,funding_Series A,2019-01-10,event_date,963.2,INR Mn,INR,DERIVED via annual-avg FX,SRC00939,HIGH,FUNDING.amount_inr_mn; FX note in README; IPO/debt excluded from equity totals
S0051,funding_Series B,2019-08-14,event_date,4695.6,INR Mn,INR,DERIVED via annual-avg FX,SRC00939,HIGH,FUNDING.amount_inr_mn; FX note in README; IPO/debt excluded from equity totals
S0051,funding_Series C,2021-08-16,event_date,3874.0,INR Mn,INR,DERIVED via annual-avg FX,SRC00940,HIGH,FUNDING.amount_inr_mn; FX note in README; IPO/debt excluded from equity totals
S0051,funding_Series E (secondary),2025-02-11,event_date,2571.0,INR Mn,INR,DERIVED via annual-avg FX,SRC00941,MEDIUM,FUNDING.amount_inr_mn; FX note in README; IPO/debt excluded from equity totals
S0051,funding_Series F (primary),2026-05-15,event_date,20880.0,INR Mn,INR,DERIVED via annual-avg FX,SRC00925,HIGH,FUNDING.amount_inr_mn; FX note in README; IPO/debt excluded from equity totals
S0051,funding_Series F (secondary),2025-09-23,event_date,23139.0,INR Mn,INR,DERIVED via annual-avg FX,SRC00933,HIGH,FUNDING.amount_inr_mn; FX note in README; IPO/debt excluded from equity totals
S0051,funding_Series F (secondary - ongoing),2026-06-18,event_date,100.0,INR Mn,INR,DERIVED via annual-avg FX,SRC00936,MEDIUM,FUNDING.amount_inr_mn; FX note in README; IPO/debt excluded from equity totals
S0052,funding_Seed,2015-10-03,event_date,60.2,INR Mn,INR,DERIVED via annual-avg FX,SRC00980,MEDIUM,FUNDING.amount_inr_mn; FX note in README; IPO/debt excluded from equity totals
S0052,funding_Series A,2016-11-12,event_date,344.0,INR Mn,INR,DERIVED via annual-avg FX,SRC00980,MEDIUM,FUNDING.amount_inr_mn; FX note in README; IPO/debt excluded from equity totals
S0052,funding_Series B,2017-12-06,event_date,688.0,INR Mn,INR,DERIVED via annual-avg FX,SRC00980,MEDIUM,FUNDING.amount_inr_mn; FX note in README; IPO/debt excluded from equity totals
S0052,funding_Series C,2018-09-14,event_date,4300.0,INR Mn,INR,DERIVED via annual-avg FX,SRC00980,MEDIUM,FUNDING.amount_inr_mn; FX note in README; IPO/debt excluded from equity totals
S0052,funding_Series D,2019-08-22,event_date,8600.0,INR Mn,INR,DERIVED via annual-avg FX,SRC00981,HIGH,FUNDING.amount_inr_mn; FX note in README; IPO/debt excluded from equity totals
S0052,funding_Series G,2021-12-16,event_date,19817.0,INR Mn,INR,DERIVED via annual-avg FX,SRC00980,MEDIUM,FUNDING.amount_inr_mn; FX note in README; IPO/debt excluded from equity totals
S0052,funding_Series H (add-on),2022-06-01,event_date,6123.0,INR Mn,INR,DERIVED via annual-avg FX,SRC00967,MEDIUM,FUNDING.amount_inr_mn; FX note in README; IPO/debt excluded from equity totals
S0052,funding_Venture Debt / Convertible,2023-07-01,event_date,4140.0,INR Mn,INR,DERIVED via annual-avg FX,SRC00982,MEDIUM,FUNDING.amount_inr_mn; FX note in README; IPO/debt excluded from equity totals
S0052,funding_Convertible Note,2024-03-27,event_date,4101.3,INR Mn,INR,DERIVED via annual-avg FX,SRC00983,HIGH,FUNDING.amount_inr_mn; FX note in README; IPO/debt excluded from equity totals
S0052,funding_Conventional Debt,2024-08-03,event_date,1339.2,INR Mn,INR,DERIVED via annual-avg FX,SRC00980,MEDIUM,FUNDING.amount_inr_mn; FX note in README; IPO/debt excluded from equity totals
S0052,funding_Tencent convertible debt,2021,event_date,16762.5,INR Mn,INR,DERIVED via annual-avg FX,SRC00984,HIGH,FUNDING.amount_inr_mn; FX note in README; IPO/debt excluded from equity totals
S0052,funding_Sequoia Capital talks,2020-08-01,event_date,14800.0,INR Mn,INR,DERIVED via annual-avg FX,SRC00976,MEDIUM,FUNDING.amount_inr_mn; FX note in README; IPO/debt excluded from equity totals
S0053,funding_Seed,2019-07-01,event_date,258.0,INR Mn,INR,DERIVED via annual-avg FX,SRC00998,MEDIUM,FUNDING.amount_inr_mn; FX note in README; IPO/debt excluded from equity totals
S0054,funding_Series E,2021-08-03,event_date,27565.0,INR Mn,INR,DERIVED via annual-avg FX,SRC01015,HIGH,FUNDING.amount_inr_mn; FX note in README; IPO/debt excluded from equity totals
S0054,funding_Series D,2021-02-10,event_date,8046.0,INR Mn,INR,DERIVED via annual-avg FX,SRC01015,HIGH,FUNDING.amount_inr_mn; FX note in README; IPO/debt excluded from equity totals
S0054,funding_Series C,2020-02-01,event_date,5550.0,INR Mn,INR,DERIVED via annual-avg FX,SRC01019,MEDIUM,FUNDING.amount_inr_mn; FX note in README; IPO/debt excluded from equity totals
S0054,funding_Debt,2025-05-05,event_date,1285.5,INR Mn,INR,DERIVED via annual-avg FX,SRC01015,HIGH,FUNDING.amount_inr_mn; FX note in README; IPO/debt excluded from equity totals
S0055,funding_Series C,2022-10-03,event_date,4710.0,INR Mn,INR,DERIVED via annual-avg FX,SRC01031,HIGH,FUNDING.amount_inr_mn; FX note in README; IPO/debt excluded from equity totals
S0055,funding_Series C (additional),2024-05-29,event_date,200.0,INR Mn,INR,DERIVED via annual-avg FX,SRC01034,MEDIUM,FUNDING.amount_inr_mn; FX note in README; IPO/debt excluded from equity totals
S0055,funding_Series C,2024-03-01,event_date,525.0,INR Mn,INR,DERIVED via annual-avg FX,SRC01027,HIGH,FUNDING.amount_inr_mn; FX note in README; IPO/debt excluded from equity totals
S0055,funding_Series D,2025-05-01,event_date,638.0,INR Mn,INR,DERIVED via annual-avg FX,SRC01033,HIGH,FUNDING.amount_inr_mn; FX note in README; IPO/debt excluded from equity totals
S0055,funding_Series E (equity),2026-03-24,event_date,437.5,INR Mn,INR,DERIVED via annual-avg FX,SRC01025,HIGH,FUNDING.amount_inr_mn; FX note in README; IPO/debt excluded from equity totals
S0055,funding_Series E (debt),2026-03-24,event_date,250.0,INR Mn,INR,DERIVED via annual-avg FX,SRC01025,HIGH,FUNDING.amount_inr_mn; FX note in README; IPO/debt excluded from equity totals
S0055,funding_Debt,2025-01-01,event_date,1714.0,INR Mn,INR,DERIVED via annual-avg FX,SRC01026,MEDIUM,FUNDING.amount_inr_mn; FX note in README; IPO/debt excluded from equity totals
S0057,funding_Series F,2025-01-09,event_date,23567.5,INR Mn,INR,DERIVED via annual-avg FX,SRC01052,HIGH,FUNDING.amount_inr_mn; FX note in README; IPO/debt excluded from equity totals
S0057,funding_Series E,2021-12-14,event_date,11175.0,INR Mn,INR,DERIVED via annual-avg FX,SRC01054,HIGH,FUNDING.amount_inr_mn; FX note in README; IPO/debt excluded from equity totals
S0057,funding_Series D,2021-02-04,event_date,7822.5,INR Mn,INR,DERIVED via annual-avg FX,SRC01054,MEDIUM,FUNDING.amount_inr_mn; FX note in README; IPO/debt excluded from equity totals
S0058,funding_Seed,2021-03-17,event_date,543.85,INR Mn,INR,DERIVED via annual-avg FX,SRC01066,HIGH,FUNDING.amount_inr_mn; FX note in README; IPO/debt excluded from equity totals
S0058,funding_Series A,2022-03-29,event_date,1962.5,INR Mn,INR,DERIVED via annual-avg FX,SRC01065,HIGH,FUNDING.amount_inr_mn; FX note in README; IPO/debt excluded from equity totals
S0058,funding_Series B,2023-06-01,event_date,2980.8,INR Mn,INR,DERIVED via annual-avg FX,SRC01059,HIGH,FUNDING.amount_inr_mn; FX note in README; IPO/debt excluded from equity totals
S0058,funding_Series B extension,2024-12-09,event_date,2008.8,INR Mn,INR,DERIVED via annual-avg FX,SRC01076,HIGH,FUNDING.amount_inr_mn; FX note in README; IPO/debt excluded from equity totals
S0058,funding_Series C,2026-09-06,event_date,8700.0,INR Mn,INR,DERIVED via annual-avg FX,SRC01058,HIGH,FUNDING.amount_inr_mn; FX note in README; IPO/debt excluded from equity totals
S0059,funding_Series B,2024-01-12,event_date,900.0,INR Mn,INR,DERIVED via annual-avg FX,SRC01092,MEDIUM,FUNDING.amount_inr_mn; FX note in README; IPO/debt excluded from equity totals
S0059,funding_Series B extension / growth equity,2026-03-16,event_date,3805.0,INR Mn,INR,DERIVED via annual-avg FX,SRC01094,HIGH,FUNDING.amount_inr_mn; FX note in README; IPO/debt excluded from equity totals
S0059,funding_Debt,2026-05-06,event_date,1305.0,INR Mn,INR,DERIVED via annual-avg FX,SRC01093,HIGH,FUNDING.amount_inr_mn; FX note in README; IPO/debt excluded from equity totals
S0060,funding_Series B,2021-08-11,event_date,2160.5,INR Mn,INR,DERIVED via annual-avg FX,SRC01113,MEDIUM,FUNDING.amount_inr_mn; FX note in README; IPO/debt excluded from equity totals
S0060,funding_Series D,2024-10-28,event_date,1322.46,INR Mn,INR,DERIVED via annual-avg FX,SRC01106,MEDIUM,FUNDING.amount_inr_mn; FX note in README; IPO/debt excluded from equity totals
S0060,funding_Series D (pending),2025-08-25,event_date,13283.5,INR Mn,INR,DERIVED via annual-avg FX,SRC01104,MEDIUM,FUNDING.amount_inr_mn; FX note in README; IPO/debt excluded from equity totals
S0060,funding_Corporate Minority (Series D extension),2025-11-07,event_date,899.85,INR Mn,INR,DERIVED via annual-avg FX,SRC01103,HIGH,FUNDING.amount_inr_mn; FX note in README; IPO/debt excluded from equity totals
S0061,funding_Series A,2019,event_date,344.0,INR Mn,INR,DERIVED via annual-avg FX,SRC01118,MEDIUM,FUNDING.amount_inr_mn; FX note in README; IPO/debt excluded from equity totals
S0061,funding_pre-Series B,2021-06-01,event_date,528.95,INR Mn,INR,DERIVED via annual-avg FX,SRC01132,MEDIUM,FUNDING.amount_inr_mn; FX note in README; IPO/debt excluded from equity totals
S0061,funding_pre-Series C,2025-02-01,event_date,35.0,INR Mn,INR,DERIVED via annual-avg FX,SRC01118,MEDIUM,FUNDING.amount_inr_mn; FX note in README; IPO/debt excluded from equity totals
S0061,funding_Series C,2026-09-07,event_date,4350.0,INR Mn,INR,DERIVED via annual-avg FX,SRC01118,HIGH,FUNDING.amount_inr_mn; FX note in README; IPO/debt excluded from equity totals
S0062,funding_Series B,2022-04-01,event_date,1727.0,INR Mn,INR,DERIVED via annual-avg FX,SRC01147,MEDIUM,FUNDING.amount_inr_mn; FX note in README; IPO/debt excluded from equity totals
S0062,funding_Series C (tranche 1),2025-03-01,event_date,3770.8,INR Mn,INR,DERIVED via annual-avg FX,SRC01154,HIGH,FUNDING.amount_inr_mn; FX note in README; IPO/debt excluded from equity totals
S0062,funding_Series C (tranche 2),2025-07-16,event_date,1714.0,INR Mn,INR,DERIVED via annual-avg FX,SRC01141,HIGH,FUNDING.amount_inr_mn; FX note in README; IPO/debt excluded from equity totals
S0062,funding_Series C (total),2025-08-11,event_date,7284.5,INR Mn,INR,DERIVED via annual-avg FX,SRC01139,HIGH,FUNDING.amount_inr_mn; FX note in README; IPO/debt excluded from equity totals
S0062,funding_Seed,2020-05-16,event_date,36.84,INR Mn,INR,DERIVED via annual-avg FX,SRC01155,HIGH,FUNDING.amount_inr_mn; FX note in README; IPO/debt excluded from equity totals
S0062,funding_Series A,2021-06-08,event_date,372.5,INR Mn,INR,DERIVED via annual-avg FX,SRC01156,HIGH,FUNDING.amount_inr_mn; FX note in README; IPO/debt excluded from equity totals
S0063,funding_Growth equity,2025-08-19,event_date,14569.0,INR Mn,INR,DERIVED via annual-avg FX,SRC01163,HIGH,FUNDING.amount_inr_mn; FX note in README; IPO/debt excluded from equity totals
S0063,funding_Growth equity (two tranches),2026-03-18,event_date,1450.0,INR Mn,INR,DERIVED via annual-avg FX,SRC01165,HIGH,FUNDING.amount_inr_mn; FX note in README; IPO/debt excluded from equity totals
S0064,funding_Series C,2019-06-22,event_date,4386.0,INR Mn,INR,DERIVED via annual-avg FX,SRC01193,MEDIUM,FUNDING.amount_inr_mn; FX note in README; IPO/debt excluded from equity totals
S0064,funding_Series D,2019-10-01,event_date,4300.0,INR Mn,INR,DERIVED via annual-avg FX,SRC01194,MEDIUM,FUNDING.amount_inr_mn; FX note in README; IPO/debt excluded from equity totals
S0064,funding_Total funding,2021-11-23,event_date,26894.5,INR Mn,INR,DERIVED via annual-avg FX,SRC01189,HIGH,FUNDING.amount_inr_mn; FX note in README; IPO/debt excluded from equity totals
S0065,funding_pre-Series C (second),2026-05-07,event_date,5220.0,INR Mn,INR,DERIVED via annual-avg FX,SRC01200,HIGH,FUNDING.amount_inr_mn; FX note in README; IPO/debt excluded from equity totals
S0065,funding_pre-Series C (first),2023-11-01,event_date,2277.0,INR Mn,INR,DERIVED via annual-avg FX,SRC01202,HIGH,FUNDING.amount_inr_mn; FX note in README; IPO/debt excluded from equity totals
S0065,funding_Series B,2022-09-01,event_date,4003.5,INR Mn,INR,DERIVED via annual-avg FX,SRC01207,HIGH,FUNDING.amount_inr_mn; FX note in README; IPO/debt excluded from equity totals
S0065,funding_Series B (early tranche; Sherpalo participated),2022-01-01,event_date,353.25,INR Mn,INR,DERIVED via annual-avg FX,SRC01204,MEDIUM,FUNDING.amount_inr_mn; FX note in README; IPO/debt excluded from equity totals
S0066,funding_Series A1,2023-06-20,event_date,828.0,INR Mn,INR,DERIVED via annual-avg FX,SRC01216,HIGH,FUNDING.amount_inr_mn; FX note in README; IPO/debt excluded from equity totals
S0066,funding_Series A1 (extension),2024-02-28,event_date,167.4,INR Mn,INR,DERIVED via annual-avg FX,SRC01223,HIGH,FUNDING.amount_inr_mn; FX note in README; IPO/debt excluded from equity totals
S0066,funding_Grant (prize money),2020-08-20,event_date,0.25,INR Mn,INR,DERIVED via annual-avg FX,SRC01215,HIGH,FUNDING.amount_inr_mn; FX note in README; IPO/debt excluded from equity totals
S0067,funding_Venture round (unicorn),2022-03-30,event_date,5887.5,INR Mn,INR,DERIVED via annual-avg FX,SRC01229,HIGH,FUNDING.amount_inr_mn; FX note in README; IPO/debt excluded from equity totals
S0067,funding_UNKNOWN,2022,event_date,3768.0,INR Mn,INR,DERIVED via annual-avg FX,SRC01247,LOW,FUNDING.amount_inr_mn; FX note in README; IPO/debt excluded from equity totals
S0067,funding_Series C (unicorn),2022-03-30,event_date,5887.5,INR Mn,INR,DERIVED via annual-avg FX,SRC01237,HIGH,FUNDING.amount_inr_mn; FX note in README; IPO/debt excluded from equity totals
S0067,funding_Angel,2021-11-03,event_date,2.73,INR Mn,INR,DERIVED via annual-avg FX,SRC01240,LOW,FUNDING.amount_inr_mn; FX note in README; IPO/debt excluded from equity totals
S0068,funding_Series G,2025-09-18,event_date,62689.55,INR Mn,INR,DERIVED via annual-avg FX,SRC01255,HIGH,FUNDING.amount_inr_mn; FX note in README; IPO/debt excluded from equity totals
S0068,funding_Seed/Series A,2019,event_date,860.0,INR Mn,INR,DERIVED via annual-avg FX,SRC01259,MEDIUM,FUNDING.amount_inr_mn; FX note in README; IPO/debt excluded from equity totals
S0068,funding_Series B,2021-02-01,event_date,7450.0,INR Mn,INR,DERIVED via annual-avg FX,SRC01259,HIGH,FUNDING.amount_inr_mn; FX note in README; IPO/debt excluded from equity totals
S0068,funding_debt,2024,event_date,4185.0,INR Mn,INR,DERIVED via annual-avg FX,SRC01261,MEDIUM,FUNDING.amount_inr_mn; FX note in README; IPO/debt excluded from equity totals
S0068,funding_Series F,2025-01-01,event_date,10369.7,INR Mn,INR,DERIVED via annual-avg FX,SRC01266,MEDIUM,FUNDING.amount_inr_mn; FX note in README; IPO/debt excluded from equity totals
S0068,funding_debt,2025,event_date,12855.0,INR Mn,INR,DERIVED via annual-avg FX,SRC01255,HIGH,FUNDING.amount_inr_mn; FX note in README; IPO/debt excluded from equity totals
S0068,funding_debt,2025-02-01,event_date,1250.0,INR Mn,INR,DERIVED via annual-avg FX,SRC01260,MEDIUM,FUNDING.amount_inr_mn; FX note in README; IPO/debt excluded from equity totals
S0068,funding_debt,2026,event_date,1250.0,INR Mn,INR,DERIVED via annual-avg FX,SRC01260,MEDIUM,FUNDING.amount_inr_mn; FX note in README; IPO/debt excluded from equity totals
S0069,funding_Series B,2021-09-14,event_date,2607.5,INR Mn,INR,DERIVED via annual-avg FX,,,FUNDING.amount_inr_mn; FX note in README; IPO/debt excluded from equity totals
S0070,funding_Series C (first institutional equity),2026-08-19,event_date,8700.0,INR Mn,INR,DERIVED via annual-avg FX,SRC01281,,FUNDING.amount_inr_mn; FX note in README; IPO/debt excluded from equity totals
S0070,funding_debt (NCD),2025-07-28,event_date,1714.0,INR Mn,INR,DERIVED via annual-avg FX,SRC01299,,FUNDING.amount_inr_mn; FX note in README; IPO/debt excluded from equity totals
S0070,funding_Conventional Debt (NCD),2025-07-28,event_date,1714.0,INR Mn,INR,DERIVED via annual-avg FX,SRC01299,MEDIUM,FUNDING.amount_inr_mn; FX note in README; IPO/debt excluded from equity totals
S0070,funding_Convertible Debt,2024-05-23,event_date,1507.62,INR Mn,INR,DERIVED via annual-avg FX,SRC01292,MEDIUM,FUNDING.amount_inr_mn; FX note in README; IPO/debt excluded from equity totals
S0070,funding_IPO (planned),2026-08-13,event_date,3000.0,INR Mn,INR,DERIVED via annual-avg FX,SRC01289,MEDIUM,FUNDING.amount_inr_mn; FX note in README; IPO/debt excluded from equity totals
S0070,funding_Preferential shares (NBFC capital),2025,event_date,5000.0,INR Mn,INR,DERIVED via annual-avg FX,SRC00082,MEDIUM,FUNDING.amount_inr_mn; FX note in README; IPO/debt excluded from equity totals
S0071,funding_Series E (tranche 1),2026-07-02,event_date,522.0,INR Mn,INR,DERIVED via annual-avg FX,SRC01308,,FUNDING.amount_inr_mn; FX note in README; IPO/debt excluded from equity totals
S0071,funding_Series D-II,2021-12-13,event_date,10802.5,INR Mn,INR,DERIVED via annual-avg FX,SRC01314,,FUNDING.amount_inr_mn; FX note in README; IPO/debt excluded from equity totals
S0071,funding_Series C,2019-04-24,event_date,7740.0,INR Mn,INR,DERIVED via annual-avg FX,SRC01318,,FUNDING.amount_inr_mn; FX note in README; IPO/debt excluded from equity totals
S0071,funding_Series B,2018-12-12,event_date,3100.0,INR Mn,INR,DERIVED via annual-avg FX,SRC01317,HIGH,FUNDING.amount_inr_mn; FX note in README; IPO/debt excluded from equity totals
S0071,funding_Growth (STIC Investments),2022-05-01,event_date,722.2,INR Mn,INR,DERIVED via annual-avg FX,SRC01310,MEDIUM,FUNDING.amount_inr_mn; FX note in README; IPO/debt excluded from equity totals
S0071,funding_Growth (Flipkart/Walmart-led $145M),2022-01-24,event_date,11382.5,INR Mn,INR,DERIVED via annual-avg FX,SRC01311,HIGH,FUNDING.amount_inr_mn; FX note in README; IPO/debt excluded from equity totals
S0072,funding_Private,2018-05-01,event_date,10750.0,INR Mn,INR,DERIVED via annual-avg FX,SRC01324,MEDIUM,FUNDING.amount_inr_mn; FX note in README; IPO/debt excluded from equity totals
S0072,funding_Private,2021-07-01,event_date,24212.5,INR Mn,INR,DERIVED via annual-avg FX,SRC01324,MEDIUM,FUNDING.amount_inr_mn; FX note in README; IPO/debt excluded from equity totals
S0072,funding_Series F,2022-01-01,event_date,11775.0,INR Mn,INR,DERIVED via annual-avg FX,SRC01324,MEDIUM,FUNDING.amount_inr_mn; FX note in README; IPO/debt excluded from equity totals
S0072,funding_Series F,2022-03-04,event_date,3925.0,INR Mn,INR,DERIVED via annual-avg FX,SRC01332,MEDIUM,FUNDING.amount_inr_mn; FX note in README; IPO/debt excluded from equity totals
S0072,funding_IPO,2025-11-03,event_date,334230.0,INR Mn,INR,DERIVED via annual-avg FX,SRC01321,HIGH,FUNDING.amount_inr_mn; FX note in README; IPO/debt excluded from equity totals
S0072,funding_Series B,2018-01-12,event_date,7052.0,INR Mn,INR,DERIVED via annual-avg FX,SRC01324,MEDIUM,FUNDING.amount_inr_mn; FX note in README; IPO/debt excluded from equity totals
S0072,funding_Series C,2018-05-31,event_date,10750.0,INR Mn,INR,DERIVED via annual-avg FX,SRC01324,MEDIUM,FUNDING.amount_inr_mn; FX note in README; IPO/debt excluded from equity totals
S0072,funding_Series D,2020-12-21,event_date,3034.0,INR Mn,INR,DERIVED via annual-avg FX,SRC01334,MEDIUM,FUNDING.amount_inr_mn; FX note in README; IPO/debt excluded from equity totals
S0072,funding_Series D,2021-04-20,event_date,409.75,INR Mn,INR,DERIVED via annual-avg FX,SRC01334,MEDIUM,FUNDING.amount_inr_mn; FX note in README; IPO/debt excluded from equity totals
S0072,funding_Series E,2021-05-17,event_date,21232.5,INR Mn,INR,DERIVED via annual-avg FX,SRC01336,HIGH,FUNDING.amount_inr_mn; FX note in README; IPO/debt excluded from equity totals
S0072,funding_Series E,2021-07-06,event_date,23467.5,INR Mn,INR,DERIVED via annual-avg FX,SRC01324,MEDIUM,FUNDING.amount_inr_mn; FX note in README; IPO/debt excluded from equity totals
S0072,funding_Series F,2021-09-16,event_date,7450.0,INR Mn,INR,DERIVED via annual-avg FX,SRC01334,MEDIUM,FUNDING.amount_inr_mn; FX note in README; IPO/debt excluded from equity totals
S0072,funding_Corporate,2022-01-04,event_date,1570.0,INR Mn,INR,DERIVED via annual-avg FX,SRC01337,MEDIUM,FUNDING.amount_inr_mn; FX note in README; IPO/debt excluded from equity totals
S0072,funding_IPO,2025-06-26,event_date,222820.0,INR Mn,INR,DERIVED via annual-avg FX,SRC01323,HIGH,FUNDING.amount_inr_mn; FX note in README; IPO/debt excluded from equity totals
S0072,funding_Secondary,2025-11-06,event_date,16958.32,INR Mn,INR,DERIVED via annual-avg FX,SRC01338,LOW,FUNDING.amount_inr_mn; FX note in README; IPO/debt excluded from equity totals
S0073,funding_Series C (equity+debt),2026-08-05,event_date,10440.0,INR Mn,INR,DERIVED via annual-avg FX,SRC01362,,FUNDING.amount_inr_mn; FX note in README; IPO/debt excluded from equity totals
S0073,funding_Series B,2024-02-05,event_date,3348.0,INR Mn,INR,DERIVED via annual-avg FX,SRC01373,,FUNDING.amount_inr_mn; FX note in README; IPO/debt excluded from equity totals
S0073,funding_Series A,2023-06-01,event_date,1242.0,INR Mn,INR,DERIVED via annual-avg FX,SRC01371,,FUNDING.amount_inr_mn; FX note in README; IPO/debt excluded from equity totals
S0074,funding_Series C,2026-03-25,event_date,5220.0,INR Mn,INR,DERIVED via annual-avg FX,SRC01387,,FUNDING.amount_inr_mn; FX note in README; IPO/debt excluded from equity totals
S0074,funding_Series B,2024-06-25,event_date,2008.8,INR Mn,INR,DERIVED via annual-avg FX,SRC01388,,FUNDING.amount_inr_mn; FX note in README; IPO/debt excluded from equity totals
S0074,funding_Series A,2022-01-19,event_date,1413.0,INR Mn,INR,DERIVED via annual-avg FX,SRC01381,,FUNDING.amount_inr_mn; FX note in README; IPO/debt excluded from equity totals
S0075,funding_Series C extension,2026-09-03,event_date,6090.0,INR Mn,INR,DERIVED via annual-avg FX,SRC01390,,FUNDING.amount_inr_mn; FX note in README; IPO/debt excluded from equity totals
S0075,funding_Series C,2026-03-17,event_date,4176.0,INR Mn,INR,DERIVED via annual-avg FX,SRC01417,,FUNDING.amount_inr_mn; FX note in README; IPO/debt excluded from equity totals
S0075,funding_venture debt,2025-11-20,event_date,100.0,INR Mn,INR,DERIVED via annual-avg FX,SRC01395,,FUNDING.amount_inr_mn; FX note in README; IPO/debt excluded from equity totals
S0075,funding_Series A,2021-08-14,event_date,1303.75,INR Mn,INR,DERIVED via annual-avg FX,SRC01418,HIGH,FUNDING.amount_inr_mn; FX note in README; IPO/debt excluded from equity totals
S0075,funding_Series B,2024-03-20,event_date,2929.5,INR Mn,INR,DERIVED via annual-avg FX,SRC01403,HIGH,FUNDING.amount_inr_mn; FX note in README; IPO/debt excluded from equity totals
S0075,funding_Reported (unclosed),2025-04-28,event_date,10284.0,INR Mn,INR,DERIVED via annual-avg FX,SRC01399,MEDIUM,FUNDING.amount_inr_mn; FX note in README; IPO/debt excluded from equity totals
S0076,funding_Private growth round (primary + small secondary),2026-08-24,event_date,408.0,INR Mn,INR,DERIVED via annual-avg FX,SRC01438,HIGH,FUNDING.amount_inr_mn; FX note in README; IPO/debt excluded from equity totals
S0076,funding_Series C,2023-09-01,event_date,2898.0,INR Mn,INR,DERIVED via annual-avg FX,SRC01441,HIGH,FUNDING.amount_inr_mn; FX note in README; IPO/debt excluded from equity totals
S0076,funding_Series B,2022,event_date,1648.5,INR Mn,INR,DERIVED via annual-avg FX,SRC01440,MEDIUM,FUNDING.amount_inr_mn; FX note in README; IPO/debt excluded from equity totals
S0076,funding_Series A,2021,event_date,447.0,INR Mn,INR,DERIVED via annual-avg FX,SRC01440,MEDIUM,FUNDING.amount_inr_mn; FX note in README; IPO/debt excluded from equity totals
S0076,funding_Series D,2026-08-24,event_date,408.0,INR Mn,INR,DERIVED via annual-avg FX,SRC01449,HIGH,FUNDING.amount_inr_mn; FX note in README; IPO/debt excluded from equity totals
S0077,funding_Series B (equity + debt + secondary),2025-05-06,event_date,21425.0,INR Mn,INR,DERIVED via annual-avg FX,SRC01457,HIGH,FUNDING.amount_inr_mn; FX note in README; IPO/debt excluded from equity totals
S0078,funding_Private,2025-11-28,event_date,2999.5,INR Mn,INR,DERIVED via annual-avg FX,SRC01467,MEDIUM,FUNDING.amount_inr_mn; FX note in README; IPO/debt excluded from equity totals
S0078,funding_Private,2026-06-23,event_date,78300.0,INR Mn,INR,DERIVED via annual-avg FX,SRC01467,HIGH,FUNDING.amount_inr_mn; FX note in README; IPO/debt excluded from equity totals
S0078,funding_Private,2026-06-23,event_date,8265.0,INR Mn,INR,DERIVED via annual-avg FX,SRC01472,HIGH,FUNDING.amount_inr_mn; FX note in README; IPO/debt excluded from equity totals
S0078,funding_Private,2023-03-01,event_date,112.0,INR Mn,INR,DERIVED via annual-avg FX,SRC01470,MEDIUM,FUNDING.amount_inr_mn; FX note in README; IPO/debt excluded from equity totals
S0079,funding_Series B,2026-01-14,event_date,21750.0,INR Mn,INR,DERIVED via annual-avg FX,SRC01477,HIGH,FUNDING.amount_inr_mn; FX note in README; IPO/debt excluded from equity totals
S0079,funding_Series A,2022-05-01,event_date,1334.5,INR Mn,INR,DERIVED via annual-avg FX,SRC01482,MEDIUM,FUNDING.amount_inr_mn; FX note in README; IPO/debt excluded from equity totals
S0080,funding_Series A,2026-08-24,event_date,3219.0,INR Mn,INR,DERIVED via annual-avg FX,SRC01485,HIGH,FUNDING.amount_inr_mn; FX note in README; IPO/debt excluded from equity totals
S0080,funding_Seed,2025-10-14,event_date,741.31,INR Mn,INR,DERIVED via annual-avg FX,SRC01487,HIGH,FUNDING.amount_inr_mn; FX note in README; IPO/debt excluded from equity totals
S0081,funding_Series B,2025-01-23,event_date,1714.0,INR Mn,INR,DERIVED via annual-avg FX,SRC01491,HIGH,FUNDING.amount_inr_mn; FX note in README; IPO/debt excluded from equity totals
S0081,funding_Series A,2023-07-21,event_date,902.52,INR Mn,INR,DERIVED via annual-avg FX,SRC01492,MEDIUM,FUNDING.amount_inr_mn; FX note in README; IPO/debt excluded from equity totals
S0081,funding_Undisclosed,2023-10-10,event_date,571.32,INR Mn,INR,DERIVED via annual-avg FX,SRC01492,MEDIUM,FUNDING.amount_inr_mn; FX note in README; IPO/debt excluded from equity totals
S0082,funding_Series A,2026-08-05,event_date,3045.0,INR Mn,INR,DERIVED via annual-avg FX,SRC01499,MEDIUM,FUNDING.amount_inr_mn; FX note in README; IPO/debt excluded from equity totals
S0082,funding_Seed,2026-02-05,event_date,1305.0,INR Mn,INR,DERIVED via annual-avg FX,SRC01498,HIGH,FUNDING.amount_inr_mn; FX note in README; IPO/debt excluded from equity totals
S0083,funding_Series B,2021-01-05,event_date,7450.0,INR Mn,INR,DERIVED via annual-avg FX,SRC01506,HIGH,FUNDING.amount_inr_mn; FX note in README; IPO/debt excluded from equity totals
S0083,funding_Private placement,2022,event_date,39250.0,INR Mn,INR,DERIVED via annual-avg FX,SRC01505,MEDIUM,FUNDING.amount_inr_mn; FX note in README; IPO/debt excluded from equity totals
S0083,funding_IPO-UDRHP,2025-10-29,event_date,128550.0,INR Mn,INR,DERIVED via annual-avg FX,SRC01504,HIGH,FUNDING.amount_inr_mn; FX note in README; IPO/debt excluded from equity totals
S0084,funding_Series C,2016-05-01,event_date,4300.0,INR Mn,INR,DERIVED via annual-avg FX,SRC01518,MEDIUM,FUNDING.amount_inr_mn; FX note in README; IPO/debt excluded from equity totals
S0084,funding_IPO,2024-12-11,event_date,47876.4,INR Mn,INR,DERIVED via annual-avg FX,SRC01515,HIGH,FUNDING.amount_inr_mn; FX note in README; IPO/debt excluded from equity totals
S0085,funding_Series G,2021-12-01,event_date,24212.5,INR Mn,INR,DERIVED via annual-avg FX,SRC01531,MEDIUM,FUNDING.amount_inr_mn; FX note in README; IPO/debt excluded from equity totals
S0085,funding_Series G extension (Unattributed VC per CB Insights),2025-04-16,event_date,1002.69,INR Mn,INR,DERIVED via annual-avg FX,SRC01532,MEDIUM,FUNDING.amount_inr_mn; FX note in README; IPO/debt excluded from equity totals
S0085,funding_IPO (planned/rumored),2026-08-05,event_date,69600.0,INR Mn,INR,DERIVED via annual-avg FX,SRC01529,MEDIUM,FUNDING.amount_inr_mn; FX note in README; IPO/debt excluded from equity totals
S0085,funding_Series A,2015-09-26,event_date,369.8,INR Mn,INR,DERIVED via annual-avg FX,SRC01545,MEDIUM,FUNDING.amount_inr_mn; FX note in README; IPO/debt excluded from equity totals
S0085,funding_Series B,2016-11-21,event_date,956.32,INR Mn,INR,DERIVED via annual-avg FX,SRC01545,MEDIUM,FUNDING.amount_inr_mn; FX note in README; IPO/debt excluded from equity totals
S0085,funding_Series C,2018-06-26,event_date,2519.8,INR Mn,INR,DERIVED via annual-avg FX,SRC01545,MEDIUM,FUNDING.amount_inr_mn; FX note in README; IPO/debt excluded from equity totals
S0085,funding_Series D,2019-09-18,event_date,2936.9,INR Mn,INR,DERIVED via annual-avg FX,SRC01545,MEDIUM,FUNDING.amount_inr_mn; FX note in README; IPO/debt excluded from equity totals
S0085,funding_Series E,2021-07-31,event_date,11920.0,INR Mn,INR,DERIVED via annual-avg FX,SRC01546,HIGH,FUNDING.amount_inr_mn; FX note in README; IPO/debt excluded from equity totals
S0085,funding_Series F,2021-09-30,event_date,14453.0,INR Mn,INR,DERIVED via annual-avg FX,SRC01544,HIGH,FUNDING.amount_inr_mn; FX note in README; IPO/debt excluded from equity totals
S0085,funding_Series G extension,2025-04-16,event_date,1002.69,INR Mn,INR,DERIVED via annual-avg FX,SRC01532,MEDIUM,FUNDING.amount_inr_mn; FX note in README; IPO/debt excluded from equity totals
S0085,funding_IPO (planned),2026-08-05,event_date,69600.0,INR Mn,INR,DERIVED via annual-avg FX,SRC01529,MEDIUM,FUNDING.amount_inr_mn; FX note in README; IPO/debt excluded from equity totals
S0085,funding_Oxyzo Series A,2022-03-24,event_date,15700.0,INR Mn,INR,DERIVED via annual-avg FX,SRC01547,HIGH,FUNDING.amount_inr_mn; FX note in README; IPO/debt excluded from equity totals
S0085,funding_Oxyzo debt (NCD),2025-02-24,event_date,1000.0,INR Mn,INR,DERIVED via annual-avg FX,SRC01548,HIGH,FUNDING.amount_inr_mn; FX note in README; IPO/debt excluded from equity totals
S0085,funding_Oxyzo debt (NCD),2025-05-21,event_date,5330.0,INR Mn,INR,DERIVED via annual-avg FX,SRC01549,HIGH,FUNDING.amount_inr_mn; FX note in README; IPO/debt excluded from equity totals
S0085,funding_Oxyzo debt (NCD),2025-03-19,event_date,3500.0,INR Mn,INR,DERIVED via annual-avg FX,SRC01538,HIGH,FUNDING.amount_inr_mn; FX note in README; IPO/debt excluded from equity totals
S0085,funding_Oxyzo equity raise (planned),2025-09-25,event_date,12855.0,INR Mn,INR,DERIVED via annual-avg FX,SRC01550,MEDIUM,FUNDING.amount_inr_mn; FX note in README; IPO/debt excluded from equity totals
S0086,funding_Series A,2019-06-02,event_date,344.0,INR Mn,INR,DERIVED via annual-avg FX,SRC01574,MEDIUM,FUNDING.amount_inr_mn; FX note in README; IPO/debt excluded from equity totals
S0086,funding_Series B,2019-12-17,event_date,1032.0,INR Mn,INR,DERIVED via annual-avg FX,SRC01574,MEDIUM,FUNDING.amount_inr_mn; FX note in README; IPO/debt excluded from equity totals
S0086,funding_Series C,2020-09-26,event_date,888.0,INR Mn,INR,DERIVED via annual-avg FX,SRC01574,MEDIUM,FUNDING.amount_inr_mn; FX note in README; IPO/debt excluded from equity totals
S0086,funding_Series D,2021-04-19,event_date,3948.5,INR Mn,INR,DERIVED via annual-avg FX,SRC01574,MEDIUM,FUNDING.amount_inr_mn; FX note in README; IPO/debt excluded from equity totals
S0086,funding_Series E,2021-12-07,event_date,7450.0,INR Mn,INR,DERIVED via annual-avg FX,SRC01569,HIGH,FUNDING.amount_inr_mn; FX note in README; IPO/debt excluded from equity totals
S0086,funding_Series E extension,2025-07-23,event_date,342.8,INR Mn,INR,DERIVED via annual-avg FX,SRC01573,HIGH,FUNDING.amount_inr_mn; FX note in README; IPO/debt excluded from equity totals
S0087,funding_Private round (series unspecified),2026-09-10,event_date,2088.0,INR Mn,INR,DERIVED via annual-avg FX,SRC01583,HIGH,FUNDING.amount_inr_mn; FX note in README; IPO/debt excluded from equity totals
S0087,funding_Series B,2026-03-24,event_date,3306.0,INR Mn,INR,DERIVED via annual-avg FX,SRC01582,HIGH,FUNDING.amount_inr_mn; FX note in README; IPO/debt excluded from equity totals
S0087,funding_Series A,2025-03-01,event_date,1199.8,INR Mn,INR,DERIVED via annual-avg FX,SRC01585,MEDIUM,FUNDING.amount_inr_mn; FX note in README; IPO/debt excluded from equity totals
S0087,funding_Seed,2024-11-19,event_date,167.4,INR Mn,INR,DERIVED via annual-avg FX,SRC01584,HIGH,FUNDING.amount_inr_mn; FX note in README; IPO/debt excluded from equity totals
S0087,funding_Private round (reported),2026-06-30,event_date,1740.0,INR Mn,INR,DERIVED via annual-avg FX,SRC01595,LOW,FUNDING.amount_inr_mn; FX note in README; IPO/debt excluded from equity totals
S0088,funding_seed,2026-06-24,event_date,2784.0,INR Mn,INR,DERIVED via annual-avg FX,SRC01602,HIGH,FUNDING.amount_inr_mn; FX note in README; IPO/debt excluded from equity totals
S0089,funding_seed,2025-01-07,event_date,188.54,INR Mn,INR,DERIVED via annual-avg FX,SRC01607,HIGH,FUNDING.amount_inr_mn; FX note in README; IPO/debt excluded from equity totals
S0089,funding_series-a,2025-12-10,event_date,514.2,INR Mn,INR,DERIVED via annual-avg FX,SRC01606,HIGH,FUNDING.amount_inr_mn; FX note in README; IPO/debt excluded from equity totals
S0090,funding_series-a,2023-01-10,event_date,1407.6,INR Mn,INR,DERIVED via annual-avg FX,SRC01613,HIGH,FUNDING.amount_inr_mn; FX note in README; IPO/debt excluded from equity totals
S0090,funding_later-stage vc,2024-11-12,event_date,1381.05,INR Mn,INR,DERIVED via annual-avg FX,SRC01622,MEDIUM,FUNDING.amount_inr_mn; FX note in README; IPO/debt excluded from equity totals
S0090,funding_series-a,2025-01-24,event_date,519.34,INR Mn,INR,DERIVED via annual-avg FX,SRC01623,MEDIUM,FUNDING.amount_inr_mn; FX note in README; IPO/debt excluded from equity totals
S0091,funding_series-b,2025-12-11,event_date,2485.3,INR Mn,INR,DERIVED via annual-avg FX,SRC01632,HIGH,FUNDING.amount_inr_mn; FX note in README; IPO/debt excluded from equity totals
S0091,funding_venture,2023,event_date,496.8,INR Mn,INR,DERIVED via annual-avg FX,SRC01633,MEDIUM,FUNDING.amount_inr_mn; FX note in README; IPO/debt excluded from equity totals
S0092,funding_seed,2021-07-29,event_date,2607.5,INR Mn,INR,DERIVED via annual-avg FX,SRC01648,MEDIUM,FUNDING.amount_inr_mn; FX note in README; IPO/debt excluded from equity totals
S0092,funding_growth-equity,2025-02-06,event_date,11569.5,INR Mn,INR,DERIVED via annual-avg FX,SRC01637,HIGH,FUNDING.amount_inr_mn; FX note in README; IPO/debt excluded from equity totals
S0092,funding_growth-equity,2025-08-20,event_date,10712.5,INR Mn,INR,DERIVED via annual-avg FX,SRC01649,HIGH,FUNDING.amount_inr_mn; FX note in README; IPO/debt excluded from equity totals
S0092,funding_planned,2023-09-27,event_date,33120.0,INR Mn,INR,DERIVED via annual-avg FX,SRC01645,MEDIUM,FUNDING.amount_inr_mn; FX note in README; IPO/debt excluded from equity totals
S0093,funding_Series D-II (Later Stage VC),2025-07-25,event_date,15854.5,INR Mn,INR,DERIVED via annual-avg FX,SRC01676,HIGH,FUNDING.amount_inr_mn; FX note in README; IPO/debt excluded from equity totals
S0093,funding_Series D,2021-11-30,event_date,2980.0,INR Mn,INR,DERIVED via annual-avg FX,SRC01677,HIGH,FUNDING.amount_inr_mn; FX note in README; IPO/debt excluded from equity totals
S0093,funding_Secondary,2022-03-09,event_date,2355.0,INR Mn,INR,DERIVED via annual-avg FX,SRC01681,MEDIUM,FUNDING.amount_inr_mn; FX note in README; IPO/debt excluded from equity totals
S0093,funding_Series D-II,2025-07-25,event_date,15854.5,INR Mn,INR,DERIVED via annual-avg FX,SRC01682,HIGH,FUNDING.amount_inr_mn; FX note in README; IPO/debt excluded from equity totals
S0094,funding_Series F,2024-10-18,event_date,12555.0,INR Mn,INR,DERIVED via annual-avg FX,SRC01687,HIGH,FUNDING.amount_inr_mn; FX note in README; IPO/debt excluded from equity totals
S0094,funding_Series E,2021-08-01,event_date,48425.0,INR Mn,INR,DERIVED via annual-avg FX,SRC01691,HIGH,FUNDING.amount_inr_mn; FX note in README; IPO/debt excluded from equity totals
S0094,funding_Debt refinancing,2025-09-11,event_date,12855.0,INR Mn,INR,DERIVED via annual-avg FX,SRC01688,HIGH,FUNDING.amount_inr_mn; FX note in README; IPO/debt excluded from equity totals
S0094,funding_Debt financing,2022-03-08,event_date,27475.0,INR Mn,INR,DERIVED via annual-avg FX,SRC01700,HIGH,FUNDING.amount_inr_mn; FX note in README; IPO/debt excluded from equity totals
S0095,funding_Series B,2025-04-07,event_date,11655.2,INR Mn,INR,DERIVED via annual-avg FX,SRC01723,HIGH,FUNDING.amount_inr_mn; FX note in README; IPO/debt excluded from equity totals
S0095,funding_Series A,2023-05-09,event_date,579.6,INR Mn,INR,DERIVED via annual-avg FX,SRC01724,MEDIUM,FUNDING.amount_inr_mn; FX note in README; IPO/debt excluded from equity totals
S0096,funding_Series E,2025-01-29,event_date,5570.5,INR Mn,INR,DERIVED via annual-avg FX,SRC01740,HIGH,FUNDING.amount_inr_mn; FX note in README; IPO/debt excluded from equity totals
S0096,funding_Debt,2025-03-05,event_date,8570.0,INR Mn,INR,DERIVED via annual-avg FX,SRC01743,HIGH,FUNDING.amount_inr_mn; FX note in README; IPO/debt excluded from equity totals
S0096,funding_Series D,2022-06-22,event_date,5887.5,INR Mn,INR,DERIVED via annual-avg FX,SRC01742,HIGH,FUNDING.amount_inr_mn; FX note in README; IPO/debt excluded from equity totals
S0096,funding_Series C,2021-07-15,event_date,4097.5,INR Mn,INR,DERIVED via annual-avg FX,SRC01749,MEDIUM,FUNDING.amount_inr_mn; FX note in README; IPO/debt excluded from equity totals
S0096,funding_Series A,2020-03-01,event_date,407.0,INR Mn,INR,DERIVED via annual-avg FX,SRC01748,MEDIUM,FUNDING.amount_inr_mn; FX note in README; IPO/debt excluded from equity totals
S0096,funding_Series B,2021-03-16,event_date,1266.5,INR Mn,INR,DERIVED via annual-avg FX,SRC01748,HIGH,FUNDING.amount_inr_mn; FX note in README; IPO/debt excluded from equity totals
S0097,funding_Post-IPO,2023-09-04,event_date,1000.91,INR Mn,INR,DERIVED via annual-avg FX,SRC01760,MEDIUM,FUNDING.amount_inr_mn; FX note in README; IPO/debt excluded from equity totals
S0097,funding_Post-IPO,2021-10-06,event_date,3149.84,INR Mn,INR,DERIVED via annual-avg FX,SRC01760,MEDIUM,FUNDING.amount_inr_mn; FX note in README; IPO/debt excluded from equity totals
S0097,funding_Series C (pre-IPO),2021-02-04,event_date,1020.26,INR Mn,INR,DERIVED via annual-avg FX,SRC01760,MEDIUM,FUNDING.amount_inr_mn; FX note in README; IPO/debt excluded from equity totals
S0098,funding_Series A,2023-10-01,event_date,3000.0,INR Mn,INR,DERIVED via annual-avg FX,SRC01764,,FUNDING.amount_inr_mn; FX note in README; IPO/debt excluded from equity totals
S0098,funding_Series B,2024-08-01,event_date,4000.0,INR Mn,INR,DERIVED via annual-avg FX,SRC01764,,FUNDING.amount_inr_mn; FX note in README; IPO/debt excluded from equity totals
S0098,funding_PE growth,2026-03-20,event_date,5000.0,INR Mn,INR,DERIVED via annual-avg FX,SRC01764,,FUNDING.amount_inr_mn; FX note in README; IPO/debt excluded from equity totals
S0098,funding_growth,2026-07-16,event_date,3500.0,INR Mn,INR,DERIVED via annual-avg FX,SRC01765,,FUNDING.amount_inr_mn; FX note in README; IPO/debt excluded from equity totals
S0098,funding_angel/seed,2021-12-15,event_date,2980.0,INR Mn,INR,DERIVED via annual-avg FX,SRC01770,MEDIUM,FUNDING.amount_inr_mn; FX note in README; IPO/debt excluded from equity totals
S0098,funding_Series A,2023-10-01,event_date,2898.0,INR Mn,INR,DERIVED via annual-avg FX,SRC01770,HIGH,FUNDING.amount_inr_mn; FX note in README; IPO/debt excluded from equity totals
S0098,funding_Series B,2024-08-12,event_date,3984.12,INR Mn,INR,DERIVED via annual-avg FX,SRC01774,HIGH,FUNDING.amount_inr_mn; FX note in README; IPO/debt excluded from equity totals
S0098,funding_PE growth,2026-03-20,event_date,5500.0,INR Mn,INR,DERIVED via annual-avg FX,SRC01764,HIGH,FUNDING.amount_inr_mn; FX note in README; IPO/debt excluded from equity totals
S0098,funding_Series B follow-on,2025-11-25,event_date,2210.0,INR Mn,INR,DERIVED via annual-avg FX,SRC01769,MEDIUM,FUNDING.amount_inr_mn; FX note in README; IPO/debt excluded from equity totals
S0098,funding_Series C,2026-07-16,event_date,3500.0,INR Mn,INR,DERIVED via annual-avg FX,SRC01765,HIGH,FUNDING.amount_inr_mn; FX note in README; IPO/debt excluded from equity totals
S0098,funding_follow-on,2025-08-21,event_date,1628.3,INR Mn,INR,DERIVED via annual-avg FX,SRC01769,MEDIUM,FUNDING.amount_inr_mn; FX note in README; IPO/debt excluded from equity totals
S0098,funding_debt,2025-03-13,event_date,2571.0,INR Mn,INR,DERIVED via annual-avg FX,SRC01769,LOW,FUNDING.amount_inr_mn; FX note in README; IPO/debt excluded from equity totals
S0099,funding_Series C,2024-10-21,event_date,2176.2,INR Mn,INR,DERIVED via annual-avg FX,SRC01777,,FUNDING.amount_inr_mn; FX note in README; IPO/debt excluded from equity totals
S0099,funding_Series C,2021-10-29,event_date,1341.0,INR Mn,INR,DERIVED via annual-avg FX,SRC01781,,FUNDING.amount_inr_mn; FX note in README; IPO/debt excluded from equity totals
S0099,funding_Series B,2018-05-30,event_date,1204.0,INR Mn,INR,DERIVED via annual-avg FX,SRC01781,,FUNDING.amount_inr_mn; FX note in README; IPO/debt excluded from equity totals
S0100,funding_Series D,2023-11-20,event_date,662.4,INR Mn,INR,DERIVED via annual-avg FX,SRC01784,,FUNDING.amount_inr_mn; FX note in README; IPO/debt excluded from equity totals
S0100,funding_Series E,2025-03-13,event_date,3428.0,INR Mn,INR,DERIVED via annual-avg FX,SRC01783,,FUNDING.amount_inr_mn; FX note in README; IPO/debt excluded from equity totals
S0100,funding_IPO (fresh issue),2026-08-31,event_date,6800.0,INR Mn,INR,DERIVED via annual-avg FX,SRC01786,,FUNDING.amount_inr_mn; FX note in README; IPO/debt excluded from equity totals
S0100,funding_Pre-Series D,2022-06-01,event_date,785.0,INR Mn,INR,DERIVED via annual-avg FX,SRC01784,MEDIUM,FUNDING.amount_inr_mn; FX note in README; IPO/debt excluded from equity totals
S0101,funding_Series B ($20M equity + $5M debt),2023-02-08,event_date,2070.0,INR Mn,INR,DERIVED via annual-avg FX,SRC01791,,FUNDING.amount_inr_mn; FX note in README; IPO/debt excluded from equity totals
S0101,funding_Series C (C1 equity close; $50M round: $40M eq + $10M debt),2024-05-27,event_date,1255.5,INR Mn,INR,DERIVED via annual-avg FX,SRC01792,,FUNDING.amount_inr_mn; FX note in README; IPO/debt excluded from equity totals
S0102,funding_equity (first institutional),2026-09-03,event_date,2150.0,INR Mn,INR,DERIVED via annual-avg FX,SRC01800,,FUNDING.amount_inr_mn; FX note in README; IPO/debt excluded from equity totals
S0103,funding_Seed,2024-08-06,event_date,418.5,INR Mn,INR,DERIVED via annual-avg FX,SRC01808,HIGH,FUNDING.amount_inr_mn; FX note in README; IPO/debt excluded from equity totals
S0103,funding_Series A,2026-01-15,event_date,1783.5,INR Mn,INR,DERIVED via annual-avg FX,SRC01807,HIGH,FUNDING.amount_inr_mn; FX note in README; IPO/debt excluded from equity totals
S0104,funding_Series A1,2026-09-09,event_date,200.0,INR Mn,INR,DERIVED via annual-avg FX,SRC01814,HIGH,FUNDING.amount_inr_mn; FX note in README; IPO/debt excluded from equity totals
S0104,funding_Series A,2025-04-24,event_date,780.43,INR Mn,INR,DERIVED via annual-avg FX,SRC01817,MEDIUM,FUNDING.amount_inr_mn; FX note in README; IPO/debt excluded from equity totals
S0104,funding_Grant (prize money),2024-11-26,event_date,664.78,INR Mn,INR,DERIVED via annual-avg FX,SRC01817,MEDIUM,FUNDING.amount_inr_mn; FX note in README; IPO/debt excluded from equity totals
S0104,funding_Series A (cumulative),2026-09-09,event_date,375.0,INR Mn,INR,DERIVED via annual-avg FX,SRC01814,HIGH,FUNDING.amount_inr_mn; FX note in README; IPO/debt excluded from equity totals
S0104,funding_Convertible debt,2026-09-09,event_date,150.0,INR Mn,INR,DERIVED via annual-avg FX,SRC01815,MEDIUM,FUNDING.amount_inr_mn; FX note in README; IPO/debt excluded from equity totals
S0105,funding_Series E (tranche),2025-08-01,event_date,1799.7,INR Mn,INR,DERIVED via annual-avg FX,SRC01829,MEDIUM,FUNDING.amount_inr_mn; FX note in README; IPO/debt excluded from equity totals
S0105,funding_Series E (tranche),2025-12-04,event_date,3856.5,INR Mn,INR,DERIVED via annual-avg FX,SRC01830,HIGH,FUNDING.amount_inr_mn; FX note in README; IPO/debt excluded from equity totals
S0106,funding_Series D,2024-12-18,event_date,3348.0,INR Mn,INR,DERIVED via annual-avg FX,SRC01839,HIGH,FUNDING.amount_inr_mn; FX note in README; IPO/debt excluded from equity totals
S0106,funding_Pre-IPO,2025-09-26,event_date,160.0,INR Mn,INR,DERIVED via annual-avg FX,SRC01838,HIGH,FUNDING.amount_inr_mn; FX note in README; IPO/debt excluded from equity totals
S0106,funding_Series A,2021-08-25,event_date,968.5,INR Mn,INR,DERIVED via annual-avg FX,SRC01853,HIGH,FUNDING.amount_inr_mn; FX note in README; IPO/debt excluded from equity totals
S0106,funding_Series B,2022-01-12,event_date,4867.0,INR Mn,INR,DERIVED via annual-avg FX,SRC01849,HIGH,FUNDING.amount_inr_mn; FX note in README; IPO/debt excluded from equity totals
S0106,funding_Series C,2022-06-01,event_date,3925.0,INR Mn,INR,DERIVED via annual-avg FX,SRC01848,HIGH,FUNDING.amount_inr_mn; FX note in README; IPO/debt excluded from equity totals
S0106,funding_Series C (continued),2023-04-06,event_date,300.0,INR Mn,INR,DERIVED via annual-avg FX,SRC01852,HIGH,FUNDING.amount_inr_mn; FX note in README; IPO/debt excluded from equity totals
S0106,funding_Conventional Debt,2025-03-24,event_date,565.62,INR Mn,INR,DERIVED via annual-avg FX,SRC01847,MEDIUM,FUNDING.amount_inr_mn; FX note in README; IPO/debt excluded from equity totals
S0107,funding_Series B,2024-07-09,event_date,265.0,INR Mn,INR,DERIVED via annual-avg FX,SRC01863,HIGH,FUNDING.amount_inr_mn; FX note in README; IPO/debt excluded from equity totals
S0107,funding_Series C,2025-10-13,event_date,350.0,INR Mn,INR,DERIVED via annual-avg FX,SRC01862,HIGH,FUNDING.amount_inr_mn; FX note in README; IPO/debt excluded from equity totals
S0108,funding_Series B,2026-03-24,event_date,4350.0,INR Mn,INR,DERIVED via annual-avg FX,SRC01873,MEDIUM,FUNDING.amount_inr_mn; FX note in README; IPO/debt excluded from equity totals
S0108,funding_Series A,2025-06-16,event_date,21.43,INR Mn,INR,DERIVED via annual-avg FX,SRC01874,LOW,FUNDING.amount_inr_mn; FX note in README; IPO/debt excluded from equity totals
S0109,funding_Series B,2025-04-10,event_date,1156.95,INR Mn,INR,DERIVED via annual-avg FX,SRC01879,HIGH,FUNDING.amount_inr_mn; FX note in README; IPO/debt excluded from equity totals
S0109,funding_Pre-Series B,2023-09-01,event_date,1821.6,INR Mn,INR,DERIVED via annual-avg FX,SRC01897,MEDIUM,FUNDING.amount_inr_mn; FX note in README; IPO/debt excluded from equity totals
S0109,funding_Seed,2021-07-27,event_date,156.45,INR Mn,INR,DERIVED via annual-avg FX,SRC01890,HIGH,FUNDING.amount_inr_mn; FX note in README; IPO/debt excluded from equity totals
S0109,funding_Series A,2022-06-02,event_date,1020.5,INR Mn,INR,DERIVED via annual-avg FX,SRC01888,HIGH,FUNDING.amount_inr_mn; FX note in README; IPO/debt excluded from equity totals
S0109,funding_Series B (upcoming),2026-03-31,event_date,4350.0,INR Mn,INR,DERIVED via annual-avg FX,SRC01877,MEDIUM,FUNDING.amount_inr_mn; FX note in README; IPO/debt excluded from equity totals
S0110,funding_Series C,2025-06-25,event_date,5300.0,INR Mn,INR,DERIVED via annual-avg FX,SRC01910,HIGH,FUNDING.amount_inr_mn; FX note in README; IPO/debt excluded from equity totals
S0110,funding_Series C extension,2026-02-19,event_date,1100.0,INR Mn,INR,DERIVED via annual-avg FX,SRC01911,HIGH,FUNDING.amount_inr_mn; FX note in README; IPO/debt excluded from equity totals
S0110,funding_Series B extended,2024-10-01,event_date,2550.0,INR Mn,INR,DERIVED via annual-avg FX,SRC01921,MEDIUM,FUNDING.amount_inr_mn; FX note in README; IPO/debt excluded from equity totals
S0110,funding_Series B,2023-07-05,event_date,2000.0,INR Mn,INR,DERIVED via annual-avg FX,SRC01923,HIGH,FUNDING.amount_inr_mn; FX note in README; IPO/debt excluded from equity totals
S0110,funding_Series B extended,2024-09-25,event_date,1000.0,INR Mn,INR,DERIVED via annual-avg FX,SRC01924,HIGH,FUNDING.amount_inr_mn; FX note in README; IPO/debt excluded from equity totals
S0110,funding_Debt,2026-05-21,event_date,2700.0,INR Mn,INR,DERIVED via annual-avg FX,SRC01914,MEDIUM,FUNDING.amount_inr_mn; FX note in README; IPO/debt excluded from equity totals
S0110,funding_PE Growth (rumor),2026-07-14,event_date,6960.0,INR Mn,INR,DERIVED via annual-avg FX,SRC01918,MEDIUM,FUNDING.amount_inr_mn; FX note in README; IPO/debt excluded from equity totals
S0111,funding_strategic/PE growth,2025-01-01,event_date,29995.0,INR Mn,INR,DERIVED via annual-avg FX,SRC01940,MEDIUM,FUNDING.amount_inr_mn; FX note in README; IPO/debt excluded from equity totals
S0112,funding_Series E,2021-05-17,event_date,8940.0,INR Mn,INR,DERIVED via annual-avg FX,SRC01945,HIGH,FUNDING.amount_inr_mn; FX note in README; IPO/debt excluded from equity totals
S0112,funding_Series F,2022-01-28,event_date,19625.0,INR Mn,INR,DERIVED via annual-avg FX,SRC01944,HIGH,FUNDING.amount_inr_mn; FX note in README; IPO/debt excluded from equity totals
S0113,funding_Series E,2021-09-15,event_date,11175.0,INR Mn,INR,DERIVED via annual-avg FX,SRC01967,HIGH,FUNDING.amount_inr_mn; FX note in README; IPO/debt excluded from equity totals
S0114,funding_Series A,2022-06-07,event_date,7850.0,INR Mn,INR,DERIVED via annual-avg FX,SRC01973,HIGH,FUNDING.amount_inr_mn; FX note in README; IPO/debt excluded from equity totals
S0114,funding_Series B,2024-09-20,event_date,17577.0,INR Mn,INR,DERIVED via annual-avg FX,SRC01975,HIGH,FUNDING.amount_inr_mn; FX note in README; IPO/debt excluded from equity totals
S0115,funding_Strategic Investment (Significant Minority),2026-09-11,event_date,5320.0,INR Mn,INR,DERIVED via annual-avg FX,SRC01979,HIGH,FUNDING.amount_inr_mn; FX note in README; IPO/debt excluded from equity totals
S0116,funding_Series A,2015,event_date,1591.0,INR Mn,INR,DERIVED via annual-avg FX,SRC01988,MEDIUM,FUNDING.amount_inr_mn; FX note in README; IPO/debt excluded from equity totals
S0116,funding_Series D,2019-12-05,event_date,5160.0,INR Mn,INR,DERIVED via annual-avg FX,SRC01989,HIGH,FUNDING.amount_inr_mn; FX note in README; IPO/debt excluded from equity totals
S0116,funding_Series E,2024-02-27,event_date,8370.0,INR Mn,INR,DERIVED via annual-avg FX,SRC01986,HIGH,FUNDING.amount_inr_mn; FX note in README; IPO/debt excluded from equity totals
S0116,funding_Series F,2025-02-03,event_date,342.4,INR Mn,INR,DERIVED via annual-avg FX,SRC01990,HIGH,FUNDING.amount_inr_mn; FX note in README; IPO/debt excluded from equity totals
S0116,funding_IPO,2026-01-28,event_date,19070.0,INR Mn,INR,DERIVED via annual-avg FX,SRC01984,HIGH,FUNDING.amount_inr_mn; FX note in README; IPO/debt excluded from equity totals
S0117,funding_Series C,2021-08-18,event_date,2980.0,INR Mn,INR,DERIVED via annual-avg FX,SRC01996,HIGH,FUNDING.amount_inr_mn; FX note in README; IPO/debt excluded from equity totals
S0117,funding_Series D,2025-03-28,event_date,4285.0,INR Mn,INR,DERIVED via annual-avg FX,SRC01995,HIGH,FUNDING.amount_inr_mn; FX note in README; IPO/debt excluded from equity totals
S0118,funding_Seed,2020-06-24,event_date,74.0,INR Mn,INR,DERIVED via annual-avg FX,SRC02002,MEDIUM,FUNDING.amount_inr_mn; FX note in README; IPO/debt excluded from equity totals
S0118,funding_Series A,2022-01-20,event_date,2512.0,INR Mn,INR,DERIVED via annual-avg FX,SRC02003,HIGH,FUNDING.amount_inr_mn; FX note in README; IPO/debt excluded from equity totals
S0118,funding_Series B,2025-11-26,event_date,3590.83,INR Mn,INR,DERIVED via annual-avg FX,SRC02004,HIGH,FUNDING.amount_inr_mn; FX note in README; IPO/debt excluded from equity totals
S0118,funding_Series B1,2025-12-19,event_date,1114.1,INR Mn,INR,DERIVED via annual-avg FX,SRC02005,HIGH,FUNDING.amount_inr_mn; FX note in README; IPO/debt excluded from equity totals
S0118,funding_Series B (Extended),2026-06-13,event_date,1009.2,INR Mn,INR,DERIVED via annual-avg FX,SRC02002,MEDIUM,FUNDING.amount_inr_mn; FX note in README; IPO/debt excluded from equity totals
S0118,funding_Pre-Series A / Angel,2020-12-01,event_date,74.0,INR Mn,INR,DERIVED via annual-avg FX,SRC02008,HIGH,FUNDING.amount_inr_mn; FX note in README; IPO/debt excluded from equity totals
S0118,funding_Pre-Series A,2021-08-04,event_date,372.5,INR Mn,INR,DERIVED via annual-avg FX,SRC02008,HIGH,FUNDING.amount_inr_mn; FX note in README; IPO/debt excluded from equity totals
S0118,funding_Debt,2025-09-01,event_date,50.0,INR Mn,INR,DERIVED via annual-avg FX,SRC02002,MEDIUM,FUNDING.amount_inr_mn; FX note in README; IPO/debt excluded from equity totals
S0118,funding_Series B,2025-12-02,event_date,150.0,INR Mn,INR,DERIVED via annual-avg FX,SRC02004,HIGH,FUNDING.amount_inr_mn; FX note in README; IPO/debt excluded from equity totals
S0119,funding_Series B,2022-09-11,event_date,6437.0,INR Mn,INR,DERIVED via annual-avg FX,SRC02018,HIGH,FUNDING.amount_inr_mn; FX note in README; IPO/debt excluded from equity totals
S0119,funding_Post-Series B (equity),2024-02-23,event_date,1611.23,INR Mn,INR,DERIVED via annual-avg FX,SRC02026,HIGH,FUNDING.amount_inr_mn; FX note in README; IPO/debt excluded from equity totals
S0119,funding_Debt,2024-01-01,event_date,25.0,INR Mn,INR,DERIVED via annual-avg FX,SRC02022,HIGH,FUNDING.amount_inr_mn; FX note in README; IPO/debt excluded from equity totals
S0119,funding_Debt,2022,event_date,942.0,INR Mn,INR,DERIVED via annual-avg FX,SRC02013,MEDIUM,FUNDING.amount_inr_mn; FX note in README; IPO/debt excluded from equity totals
S0120,funding_PE Growth,2021,event_date,24659.5,INR Mn,INR,DERIVED via annual-avg FX,SRC02037,MEDIUM,FUNDING.amount_inr_mn; FX note in README; IPO/debt excluded from equity totals
S0120,funding_Series A,2015-07-27,event_date,516.0,INR Mn,INR,DERIVED via annual-avg FX,SRC02036,HIGH,FUNDING.amount_inr_mn; FX note in README; IPO/debt excluded from equity totals
S0120,funding_Series B,2016-08-11,event_date,1290.0,INR Mn,INR,DERIVED via annual-avg FX,SRC02049,HIGH,FUNDING.amount_inr_mn; FX note in README; IPO/debt excluded from equity totals
S0120,funding_Series C,2019-05-01,event_date,4300.0,INR Mn,INR,DERIVED via annual-avg FX,SRC02036,HIGH,FUNDING.amount_inr_mn; FX note in README; IPO/debt excluded from equity totals
S0120,funding_Series C,2019-08-22,event_date,1720.0,INR Mn,INR,DERIVED via annual-avg FX,SRC02036,HIGH,FUNDING.amount_inr_mn; FX note in README; IPO/debt excluded from equity totals
S0120,funding_Series D,2020-12-15,event_date,11840.0,INR Mn,INR,DERIVED via annual-avg FX,SRC02047,HIGH,FUNDING.amount_inr_mn; FX note in README; IPO/debt excluded from equity totals
S0120,funding_Series D - II,2021-06-02,event_date,5960.0,INR Mn,INR,DERIVED via annual-avg FX,SRC02046,HIGH,FUNDING.amount_inr_mn; FX note in README; IPO/debt excluded from equity totals
S0121,funding_Series C,2026-01-14,event_date,3915.0,INR Mn,INR,DERIVED via annual-avg FX,SRC02061,MEDIUM,FUNDING.amount_inr_mn; FX note in README; IPO/debt excluded from equity totals
S0122,funding_Pre-Series B,2026-03-27,event_date,1740.0,INR Mn,INR,DERIVED via annual-avg FX,SRC02067,HIGH,FUNDING.amount_inr_mn; FX note in README; IPO/debt excluded from equity totals
S0123,funding_Series C,2025-01-14,event_date,2571.0,INR Mn,INR,DERIVED via annual-avg FX,SRC02075,HIGH,FUNDING.amount_inr_mn; FX note in README; IPO/debt excluded from equity totals
S0124,funding_Series A extension,2026-03-12,event_date,417.6,INR Mn,INR,DERIVED via annual-avg FX,SRC02089,HIGH,FUNDING.amount_inr_mn; FX note in README; IPO/debt excluded from equity totals
S0125,funding_Seed/early,2025,event_date,857.0,INR Mn,INR,DERIVED via annual-avg FX,SRC02095,HIGH,FUNDING.amount_inr_mn; FX note in README; IPO/debt excluded from equity totals
S0125,funding_Growth commitment (debt + quasi-equity + equity over 30 months),2026-09-07,event_date,3480.0,INR Mn,INR,DERIVED via annual-avg FX,SRC02095,MEDIUM,FUNDING.amount_inr_mn; FX note in README; IPO/debt excluded from equity totals
S0125,funding_Growth commitment,2026-09-07,event_date,3480.0,INR Mn,INR,DERIVED via annual-avg FX,SRC02095,HIGH,FUNDING.amount_inr_mn; FX note in README; IPO/debt excluded from equity totals
S0126,funding_Series A (Rs 110 Cr),2023-12-01,event_date,1084.68,INR Mn,INR,DERIVED via annual-avg FX,SRC02104,HIGH,FUNDING.amount_inr_mn; FX note in README; IPO/debt excluded from equity totals
S0126,funding_Series B,2025-06-02,event_date,3428.0,INR Mn,INR,DERIVED via annual-avg FX,SRC02103,HIGH,FUNDING.amount_inr_mn; FX note in README; IPO/debt excluded from equity totals
S0126,funding_Series A,2023-12-01,event_date,1084.68,INR Mn,INR,DERIVED via annual-avg FX,SRC02109,HIGH,FUNDING.amount_inr_mn; FX note in README; IPO/debt excluded from equity totals
S0126,funding_Series B,2025-05-29,event_date,3393.72,INR Mn,INR,DERIVED via annual-avg FX,SRC02109,HIGH,FUNDING.amount_inr_mn; FX note in README; IPO/debt excluded from equity totals
S0126,funding_Series B (close confirmation),2025-06-02,event_date,3428.0,INR Mn,INR,DERIVED via annual-avg FX,SRC02106,HIGH,FUNDING.amount_inr_mn; FX note in README; IPO/debt excluded from equity totals
S0127,funding_Series D tranche,2024-12-13,event_date,2134.35,INR Mn,INR,DERIVED via annual-avg FX,SRC02116,HIGH,FUNDING.amount_inr_mn; FX note in README; IPO/debt excluded from equity totals
S0127,funding_Series D extension (Rs 72 Cr),2026-07-13,event_date,661.2,INR Mn,INR,DERIVED via annual-avg FX,SRC02115,MEDIUM,FUNDING.amount_inr_mn; FX note in README; IPO/debt excluded from equity totals
S0128,funding_Seed,2025,event_date,299.95,INR Mn,INR,DERIVED via annual-avg FX,SRC02125,HIGH,FUNDING.amount_inr_mn; FX note in README; IPO/debt excluded from equity totals
S0128,funding_Series A,2026-08-01,event_date,1087.5,INR Mn,INR,DERIVED via annual-avg FX,SRC02123,HIGH,FUNDING.amount_inr_mn; FX note in README; IPO/debt excluded from equity totals
S0129,funding_Seed,2024-08-01,event_date,142.29,INR Mn,INR,DERIVED via annual-avg FX,SRC02134,,FUNDING.amount_inr_mn; FX note in README; IPO/debt excluded from equity totals
S0129,funding_Series A,2026-06-24,event_date,1479.0,INR Mn,INR,DERIVED via annual-avg FX,SRC02133,,FUNDING.amount_inr_mn; FX note in README; IPO/debt excluded from equity totals
S0130,funding_Series A,2022-04-01,event_date,52.0,INR Mn,INR,DERIVED via annual-avg FX,SRC02139,,FUNDING.amount_inr_mn; FX note in README; IPO/debt excluded from equity totals
S0130,funding_Series B,2025-01-01,event_date,1610.0,INR Mn,INR,DERIVED via annual-avg FX,SRC02139,,FUNDING.amount_inr_mn; FX note in README; IPO/debt excluded from equity totals
S0130,funding_Series D,2026-08-20,event_date,1100.0,INR Mn,INR,DERIVED via annual-avg FX,SRC02139,,FUNDING.amount_inr_mn; FX note in README; IPO/debt excluded from equity totals
S0131,funding_Seed,2024-05-01,event_date,100.44,INR Mn,INR,DERIVED via annual-avg FX,SRC02159,,FUNDING.amount_inr_mn; FX note in README; IPO/debt excluded from equity totals
S0131,funding_Series A,2025-01-07,event_date,531.34,INR Mn,INR,DERIVED via annual-avg FX,SRC02159,,FUNDING.amount_inr_mn; FX note in README; IPO/debt excluded from equity totals
S0131,funding_pre-Series B,2026-06-01,event_date,539.4,INR Mn,INR,DERIVED via annual-avg FX,SRC02160,,FUNDING.amount_inr_mn; FX note in README; IPO/debt excluded from equity totals
S0132,funding_Series A,2023-11-21,event_date,662.4,INR Mn,INR,DERIVED via annual-avg FX,SRC02164,,FUNDING.amount_inr_mn; FX note in README; IPO/debt excluded from equity totals
S0133,funding_Series A,2026-09-10,event_date,1305.0,INR Mn,INR,DERIVED via annual-avg FX,SRC02168,,FUNDING.amount_inr_mn; FX note in README; IPO/debt excluded from equity totals
S0134,funding_Series H,2022-02-01,event_date,19625.0,INR Mn,INR,DERIVED via annual-avg FX,SRC02173,HIGH,FUNDING.amount_inr_mn; FX note in README; IPO/debt excluded from equity totals
S0134,funding_Series G,2021-04-20,event_date,9312.5,INR Mn,INR,DERIVED via annual-avg FX,SRC02174,HIGH,FUNDING.amount_inr_mn; FX note in README; IPO/debt excluded from equity totals
S0134,funding_Series F,2020-10-06,event_date,4070.0,INR Mn,INR,DERIVED via annual-avg FX,SRC02190,HIGH,FUNDING.amount_inr_mn; FX note in README; IPO/debt excluded from equity totals
S0134,funding_Series C,2018-03-20,event_date,1579.34,INR Mn,INR,DERIVED via annual-avg FX,SRC02191,HIGH,FUNDING.amount_inr_mn; FX note in README; IPO/debt excluded from equity totals
S0134,funding_Series B,2015-03-10,event_date,430.0,INR Mn,INR,DERIVED via annual-avg FX,SRC02188,MEDIUM,FUNDING.amount_inr_mn; FX note in README; IPO/debt excluded from equity totals
S0134,funding_Series A,2014-01-12,event_date,68.8,INR Mn,INR,DERIVED via annual-avg FX,SRC02188,MEDIUM,FUNDING.amount_inr_mn; FX note in README; IPO/debt excluded from equity totals
S0134,funding_Seed,2013-10-03,event_date,103.91,INR Mn,INR,DERIVED via annual-avg FX,SRC02187,MEDIUM,FUNDING.amount_inr_mn; FX note in README; IPO/debt excluded from equity totals
S0134,funding_Angel,2012-09-30,event_date,31.82,INR Mn,INR,DERIVED via annual-avg FX,SRC02188,MEDIUM,FUNDING.amount_inr_mn; FX note in README; IPO/debt excluded from equity totals
S0135,funding_Series H,2021-05-30,event_date,20636.5,INR Mn,INR,DERIVED via annual-avg FX,SRC02219,HIGH,FUNDING.amount_inr_mn; FX note in README; IPO/debt excluded from equity totals
S0135,funding_IPO,2022-05-11,event_date,52350.0,INR Mn,INR,DERIVED via annual-avg FX,SRC02211,HIGH,FUNDING.amount_inr_mn; FX note in README; IPO/debt excluded from equity totals
S0135,funding_IPO,2022-05-11,event_date,5235.0,INR Mn,INR,DERIVED via annual-avg FX,SRC02211,HIGH,FUNDING.amount_inr_mn; FX note in README; IPO/debt excluded from equity totals
S0135,funding_Acquisition (Spoton),2021-08-25,event_date,1600.0,INR Mn,INR,DERIVED via annual-avg FX,SRC02220,HIGH,FUNDING.amount_inr_mn; FX note in README; IPO/debt excluded from equity totals
S0135,funding_Acquisition (Ecom Express),2025-04-05,event_date,1407.0,INR Mn,INR,DERIVED via annual-avg FX,SRC02210,HIGH,FUNDING.amount_inr_mn; FX note in README; IPO/debt excluded from equity totals
S0136,funding_Series D,2025-03-17,event_date,85700.0,INR Mn,INR,DERIVED via annual-avg FX,SRC02233,HIGH,FUNDING.amount_inr_mn; FX note in README; IPO/debt excluded from equity totals
S0137,funding_Series H,2019-11-04,event_date,12900.0,INR Mn,INR,DERIVED via annual-avg FX,SRC02239,HIGH,FUNDING.amount_inr_mn; FX note in README; IPO/debt excluded from equity totals
S0137,funding_IPO,2021-09-22,event_date,76735.0,INR Mn,INR,DERIVED via annual-avg FX,SRC02240,HIGH,FUNDING.amount_inr_mn; FX note in README; IPO/debt excluded from equity totals
S0138,funding_IPO (pending),2025-12-20,event_date,66500.0,INR Mn,INR,DERIVED via annual-avg FX,SRC02246,HIGH,FUNDING.amount_inr_mn; FX note in README; IPO/debt excluded from equity totals
S0138,funding_IPO (pending),2025-12-20,event_date,6650.0,INR Mn,INR,DERIVED via annual-avg FX,SRC02253,HIGH,FUNDING.amount_inr_mn; FX note in README; IPO/debt excluded from equity totals
S0138,funding_Secondary,2024-12-13,event_date,100.0,INR Mn,INR,DERIVED via annual-avg FX,SRC02262,HIGH,FUNDING.amount_inr_mn; FX note in README; IPO/debt excluded from equity totals
S0138,funding_Equity (Sunday PropTech),2025-09-23,event_date,50.0,INR Mn,INR,DERIVED via annual-avg FX,SRC02263,HIGH,FUNDING.amount_inr_mn; FX note in README; IPO/debt excluded from equity totals
S0138,funding_Equity (Sunday PropTech),2025-11-23,event_date,125.0,INR Mn,INR,DERIVED via annual-avg FX,SRC02264,HIGH,FUNDING.amount_inr_mn; FX note in README; IPO/debt excluded from equity totals
S0138,funding_Equity (Innov8),2025-01-28,event_date,110.0,INR Mn,INR,DERIVED via annual-avg FX,SRC02265,HIGH,FUNDING.amount_inr_mn; FX note in README; IPO/debt excluded from equity totals
S0144,funding_Seed,2023-02-23,event_date,1656.0,INR Mn,INR,DERIVED via annual-avg FX,SRC02304,,FUNDING.amount_inr_mn; FX note in README; IPO/debt excluded from equity totals
S0144,funding_Ecosystem,2024-11-20,event_date,837.0,INR Mn,INR,DERIVED via annual-avg FX,SRC02304,,FUNDING.amount_inr_mn; FX note in README; IPO/debt excluded from equity totals
S0144,funding_Strategic,2025-09-30,event_date,1156.95,INR Mn,INR,DERIVED via annual-avg FX,SRC02305,,FUNDING.amount_inr_mn; FX note in README; IPO/debt excluded from equity totals
S0144,funding_Seed,2023-02-23,event_date,406.47,INR Mn,INR,DERIVED via annual-avg FX,SRC02309,MEDIUM,FUNDING.amount_inr_mn; FX note in README; IPO/debt excluded from equity totals
S0144,funding_Seed,2024-11-20,event_date,136.34,INR Mn,INR,DERIVED via annual-avg FX,SRC02304,MEDIUM,FUNDING.amount_inr_mn; FX note in README; IPO/debt excluded from equity totals
S0144,funding_Seed,2024-11-28,event_date,79.52,INR Mn,INR,DERIVED via annual-avg FX,SRC02315,MEDIUM,FUNDING.amount_inr_mn; FX note in README; IPO/debt excluded from equity totals
S0144,funding_Series A,2025-09-30,event_date,1156.95,INR Mn,INR,DERIVED via annual-avg FX,SRC02305,HIGH,FUNDING.amount_inr_mn; FX note in README; IPO/debt excluded from equity totals
S0145,funding_Seed,2023-03-01,event_date,248.4,INR Mn,INR,DERIVED via annual-avg FX,SRC02326,,FUNDING.amount_inr_mn; FX note in README; IPO/debt excluded from equity totals
S0145,funding_Series A,2024-12-01,event_date,669.6,INR Mn,INR,DERIVED via annual-avg FX,SRC02326,,FUNDING.amount_inr_mn; FX note in README; IPO/debt excluded from equity totals
S0145,funding_Series B,2025-09-03,event_date,2399.6,INR Mn,INR,DERIVED via annual-avg FX,SRC02326,,FUNDING.amount_inr_mn; FX note in README; IPO/debt excluded from equity totals
S0146,funding_Series A,2025-05-12,event_date,1028.4,INR Mn,INR,DERIVED via annual-avg FX,SRC02346,,FUNDING.amount_inr_mn; FX note in README; IPO/debt excluded from equity totals
S0147,funding_Seed,2021-09-14,event_date,342.7,INR Mn,INR,DERIVED via annual-avg FX,SRC02365,,FUNDING.amount_inr_mn; FX note in README; IPO/debt excluded from equity totals
S0147,funding_Series A,2025-04-30,event_date,1028.4,INR Mn,INR,DERIVED via annual-avg FX,SRC02362,,FUNDING.amount_inr_mn; FX note in README; IPO/debt excluded from equity totals
S0148,funding_Seed,2025-07-22,event_date,428.5,INR Mn,INR,DERIVED via annual-avg FX,SRC02368,,FUNDING.amount_inr_mn; FX note in README; IPO/debt excluded from equity totals
S0148,funding_Series A,2026-01-22,event_date,2175.0,INR Mn,INR,DERIVED via annual-avg FX,SRC02369,,FUNDING.amount_inr_mn; FX note in README; IPO/debt excluded from equity totals
S0149,funding_Series E3,2025-03-27,event_date,2528.15,INR Mn,INR,DERIVED via annual-avg FX,SRC02386,HIGH,FUNDING.amount_inr_mn; FX note in README; IPO/debt excluded from equity totals
S0149,funding_Venture Debt,2025-05-27,event_date,1002.69,INR Mn,INR,DERIVED via annual-avg FX,SRC02392,MEDIUM,FUNDING.amount_inr_mn; FX note in README; IPO/debt excluded from equity totals
S0150,funding_Seed,2025-05-08,event_date,18682.6,INR Mn,INR,DERIVED via annual-avg FX,SRC02396,HIGH,FUNDING.amount_inr_mn; FX note in README; IPO/debt excluded from equity totals
S0150,funding_Seed (extension),2026-06-30,event_date,5394.0,INR Mn,INR,DERIVED via annual-avg FX,SRC02402,HIGH,FUNDING.amount_inr_mn; FX note in README; IPO/debt excluded from equity totals
S0151,funding_Series A,2025-12-02,event_date,617.04,INR Mn,INR,DERIVED via annual-avg FX,SRC02404,HIGH,FUNDING.amount_inr_mn; FX note in README; IPO/debt excluded from equity totals
S0152,funding_Series A (extension),2026-05-27,event_date,1452.9,INR Mn,INR,DERIVED via annual-avg FX,SRC02412,HIGH,FUNDING.amount_inr_mn; FX note in README; IPO/debt excluded from equity totals
S0153,funding_Series A,2024-11-05,event_date,837.0,INR Mn,INR,DERIVED via annual-avg FX,SRC02420,HIGH,FUNDING.amount_inr_mn; FX note in README; IPO/debt excluded from equity totals
S0153,funding_Pre-Series A,2022-04-05,event_date,353.25,INR Mn,INR,DERIVED via annual-avg FX,SRC02423,HIGH,FUNDING.amount_inr_mn; FX note in README; IPO/debt excluded from equity totals
S0153,funding_Seed,2019-08-06,event_date,66.65,INR Mn,INR,DERIVED via annual-avg FX,SRC02424,HIGH,FUNDING.amount_inr_mn; FX note in README; IPO/debt excluded from equity totals
S0154,funding_Pre-Series A,2024-08-13,event_date,418.5,INR Mn,INR,DERIVED via annual-avg FX,SRC02455,HIGH,FUNDING.amount_inr_mn; FX note in README; IPO/debt excluded from equity totals
S0154,funding_Series A (Tracxn variant),2025-12-10,event_date,490.2,INR Mn,INR,DERIVED via annual-avg FX,SRC02446,MEDIUM,FUNDING.amount_inr_mn; FX note in README; IPO/debt excluded from equity totals
S0156,funding_Series A (INR equivalent),2026-02-18,event_date,90.5,INR Mn,INR,DERIVED via annual-avg FX,SRC02473,HIGH,FUNDING.amount_inr_mn; FX note in README; IPO/debt excluded from equity totals
S0157,funding_Series A,2024,event_date,320.0,INR Mn,INR,DERIVED via annual-avg FX,,HIGH,FUNDING.amount_inr_mn; FX note in README; IPO/debt excluded from equity totals
S0157,funding_Seed,2022-01-01,event_date,157.0,INR Mn,INR,DERIVED via annual-avg FX,SRC02488,HIGH,FUNDING.amount_inr_mn; FX note in README; IPO/debt excluded from equity totals
S0158,funding_Series D,2022,event_date,3925.0,INR Mn,INR,DERIVED via annual-avg FX,,HIGH,FUNDING.amount_inr_mn; FX note in README; IPO/debt excluded from equity totals
S0158,funding_Series D7,2026-09-01,event_date,144.5,INR Mn,INR,DERIVED via annual-avg FX,SRC02495,HIGH,FUNDING.amount_inr_mn; FX note in README; IPO/debt excluded from equity totals
S0158,funding_Series D7 (MCA filing details),2026-09-01,event_date,144.47,INR Mn,INR,DERIVED via annual-avg FX,SRC02497,HIGH,FUNDING.amount_inr_mn; FX note in README; IPO/debt excluded from equity totals
S0159,funding_Seed,2022-04-01,event_date,560.49,INR Mn,INR,DERIVED via annual-avg FX,SRC02522,MEDIUM,FUNDING.amount_inr_mn; FX note in README; IPO/debt excluded from equity totals
S0159,funding_Series A,2022-08-17,event_date,3140.0,INR Mn,INR,DERIVED via annual-avg FX,SRC02513,HIGH,FUNDING.amount_inr_mn; FX note in README; IPO/debt excluded from equity totals
S0159,funding_Pre-Series B,2025-08-11,event_date,771.3,INR Mn,INR,DERIVED via annual-avg FX,SRC02512,HIGH,FUNDING.amount_inr_mn; FX note in README; IPO/debt excluded from equity totals
S0161,funding_Series A (ongoing/negotiating),2026-09-01,event_date,4350.0,INR Mn,INR,DERIVED via annual-avg FX,SRC02534,MEDIUM,FUNDING.amount_inr_mn; FX note in README; IPO/debt excluded from equity totals
S0162,funding_Seed,2020-03-09,event_date,23.68,INR Mn,INR,DERIVED via annual-avg FX,SRC02553,MEDIUM,FUNDING.amount_inr_mn; FX note in README; IPO/debt excluded from equity totals
S0162,funding_Series A,2022-03-31,event_date,389.44,INR Mn,INR,DERIVED via annual-avg FX,SRC02553,MEDIUM,FUNDING.amount_inr_mn; FX note in README; IPO/debt excluded from equity totals
S0162,funding_Series A-2,2023-08-23,event_date,310.44,INR Mn,INR,DERIVED via annual-avg FX,SRC02553,MEDIUM,FUNDING.amount_inr_mn; FX note in README; IPO/debt excluded from equity totals
S0162,funding_Series C,2026-09-01,event_date,170.0,INR Mn,INR,DERIVED via annual-avg FX,SRC02542,HIGH,FUNDING.amount_inr_mn; FX note in README; IPO/debt excluded from equity totals
S0162,funding_Series C (primary tranche),2026-09-02,event_date,90.66,INR Mn,INR,DERIVED via annual-avg FX,SRC02543,HIGH,FUNDING.amount_inr_mn; FX note in README; IPO/debt excluded from equity totals
S0163,funding_Series A,2015-11-05,event_date,1075.0,INR Mn,INR,DERIVED via annual-avg FX,SRC02565,MEDIUM,FUNDING.amount_inr_mn; FX note in README; IPO/debt excluded from equity totals
S0163,funding_Series E,2020-11-08,event_date,8140.0,INR Mn,INR,DERIVED via annual-avg FX,SRC02565,HIGH,FUNDING.amount_inr_mn; FX note in README; IPO/debt excluded from equity totals
S0163,funding_Series F,2022-02-09,event_date,7850.0,INR Mn,INR,DERIVED via annual-avg FX,SRC02565,HIGH,FUNDING.amount_inr_mn; FX note in README; IPO/debt excluded from equity totals
S0163,funding_Series G,2023-11-07,event_date,6624.0,INR Mn,INR,DERIVED via annual-avg FX,SRC02565,HIGH,FUNDING.amount_inr_mn; FX note in README; IPO/debt excluded from equity totals
S0164,funding_seed,2023-05-08,event_date,248.4,INR Mn,INR,DERIVED via annual-avg FX,SRC02581,HIGH,FUNDING.amount_inr_mn; FX note in README; IPO/debt excluded from equity totals
S0164,funding_pre-Series A,2026-09-08,event_date,348.0,INR Mn,INR,DERIVED via annual-avg FX,SRC02570,HIGH,FUNDING.amount_inr_mn; FX note in README; IPO/debt excluded from equity totals
S0164,funding_venture debt,2026-09-08,event_date,78.3,INR Mn,INR,DERIVED via annual-avg FX,SRC02571,HIGH,FUNDING.amount_inr_mn; FX note in README; IPO/debt excluded from equity totals
S0165,funding_Series A,2025-08-04,event_date,505.63,INR Mn,INR,DERIVED via annual-avg FX,SRC02591,HIGH,FUNDING.amount_inr_mn; FX note in README; IPO/debt excluded from equity totals
S0165,funding_Series B,2026-06-23,event_date,1305.0,INR Mn,INR,DERIVED via annual-avg FX,SRC02588,HIGH,FUNDING.amount_inr_mn; FX note in README; IPO/debt excluded from equity totals
S0167,funding_IPO,2026-03-30,event_date,1255.57,INR Mn,INR,DERIVED via annual-avg FX,SRC02605,HIGH,FUNDING.amount_inr_mn; FX note in README; IPO/debt excluded from equity totals
S0172,funding_Shark Tank India Deal,2026-01-01,event_date,3000.0,INR Mn,INR,DERIVED via annual-avg FX,SRC02641,MEDIUM,FUNDING.amount_inr_mn; FX note in README; IPO/debt excluded from equity totals
S0181,funding_private_equity,2026-01-01,event_date,31000.0,INR Mn,INR,DERIVED via annual-avg FX,SRC02700,HIGH,FUNDING.amount_inr_mn; FX note in README; IPO/debt excluded from equity totals
S0181,funding_private_equity,2026-07-01,event_date,7000.0,INR Mn,INR,DERIVED via annual-avg FX,SRC02701,HIGH,FUNDING.amount_inr_mn; FX note in README; IPO/debt excluded from equity totals
S0181,funding_equity,2026-05-01,event_date,55000.0,INR Mn,INR,DERIVED via annual-avg FX,SRC02700,HIGH,FUNDING.amount_inr_mn; FX note in README; IPO/debt excluded from equity totals
S0182,funding_ccps,2025,event_date,4850.0,INR Mn,INR,DERIVED via annual-avg FX,SRC02707,HIGH,FUNDING.amount_inr_mn; FX note in README; IPO/debt excluded from equity totals
S0183,funding_pre_series_c,2026-03-01,event_date,660.0,INR Mn,INR,DERIVED via annual-avg FX,SRC02714,HIGH,FUNDING.amount_inr_mn; FX note in README; IPO/debt excluded from equity totals
S0183,funding_series_c,2026-08-30,event_date,1855.0,INR Mn,INR,DERIVED via annual-avg FX,SRC02714,HIGH,FUNDING.amount_inr_mn; FX note in README; IPO/debt excluded from equity totals
S0185,funding_Seed,2023-11-27,event_date,207.0,INR Mn,INR,DERIVED via annual-avg FX,SRC02734,MEDIUM,FUNDING.amount_inr_mn; FX note in README; IPO/debt excluded from equity totals
S0185,funding_Seed,2024-04-15,event_date,209.25,INR Mn,INR,DERIVED via annual-avg FX,SRC02729,MEDIUM,FUNDING.amount_inr_mn; FX note in README; IPO/debt excluded from equity totals
S0185,funding_Series A,2024-09-20,event_date,418.5,INR Mn,INR,DERIVED via annual-avg FX,SRC02725,HIGH,FUNDING.amount_inr_mn; FX note in README; IPO/debt excluded from equity totals
S0194,funding_seed,2025-08-13,event_date,257.1,INR Mn,INR,DERIVED via annual-avg FX,SRC02772,HIGH,FUNDING.amount_inr_mn; FX note in README; IPO/debt excluded from equity totals
S0195,funding_Series C,2026-03-16,event_date,3132.0,INR Mn,INR,DERIVED via annual-avg FX,SRC02778,HIGH,FUNDING.amount_inr_mn; FX note in README; IPO/debt excluded from equity totals
S0196,funding_pre-IPO,2025-10-29,event_date,14220.0,INR Mn,INR,DERIVED via annual-avg FX,SRC02787,HIGH,FUNDING.amount_inr_mn; FX note in README; IPO/debt excluded from equity totals
S0197,funding_Series B,2025-08-25,event_date,2056.8,INR Mn,INR,DERIVED via annual-avg FX,SRC02794,HIGH,FUNDING.amount_inr_mn; FX note in README; IPO/debt excluded from equity totals
S0197,funding_Seed,2022-12-30,event_date,694.52,INR Mn,INR,DERIVED via annual-avg FX,SRC02795,HIGH,FUNDING.amount_inr_mn; FX note in README; IPO/debt excluded from equity totals
S0197,funding_Series A,2023-11-10,event_date,859.01,INR Mn,INR,DERIVED via annual-avg FX,SRC02795,HIGH,FUNDING.amount_inr_mn; FX note in README; IPO/debt excluded from equity totals
S0198,funding_pre-Series A,2026-09-09,event_date,391.5,INR Mn,INR,DERIVED via annual-avg FX,SRC02810,HIGH,FUNDING.amount_inr_mn; FX note in README; IPO/debt excluded from equity totals
S0208,funding_Series A,2025-07-24,event_date,1070.0,INR Mn,INR,DERIVED via annual-avg FX,SRC02863,HIGH,FUNDING.amount_inr_mn; FX note in README; IPO/debt excluded from equity totals
S0209,funding_Equity Raise,2021-02-01,event_date,12516.0,INR Mn,INR,DERIVED via annual-avg FX,SRC02877,MEDIUM,FUNDING.amount_inr_mn; FX note in README; IPO/debt excluded from equity totals
S0209,funding_PE Share Sale (CCPS),2023-04-09,event_date,60444.0,INR Mn,INR,DERIVED via annual-avg FX,SRC02877,HIGH,FUNDING.amount_inr_mn; FX note in README; IPO/debt excluded from equity totals
S0209,funding_IPO (DRHP filed),2026-05-15,event_date,52200.0,INR Mn,INR,DERIVED via annual-avg FX,SRC02874,HIGH,FUNDING.amount_inr_mn; FX note in README; IPO/debt excluded from equity totals
S0211,funding_Maiden Round,2026-08-25,event_date,1740.0,INR Mn,INR,DERIVED via annual-avg FX,SRC02904,HIGH,FUNDING.amount_inr_mn; FX note in README; IPO/debt excluded from equity totals
S0211,funding_Pre-seed / Talks,2026-06-09,event_date,2175.0,INR Mn,INR,DERIVED via annual-avg FX,SRC02903,MEDIUM,FUNDING.amount_inr_mn; FX note in README; IPO/debt excluded from equity totals
S0213,funding_Series A,2026-09-07,event_date,40.0,INR Mn,INR,DERIVED via annual-avg FX,SRC02924,HIGH,FUNDING.amount_inr_mn; FX note in README; IPO/debt excluded from equity totals
S0213,funding_Pre-Series A,2025-07-15,event_date,7.0,INR Mn,INR,DERIVED via annual-avg FX,SRC02925,HIGH,FUNDING.amount_inr_mn; FX note in README; IPO/debt excluded from equity totals
S0214,funding_Growth capital,2026-09-01,event_date,19.0,INR Mn,INR,DERIVED via annual-avg FX,SRC02943,HIGH,FUNDING.amount_inr_mn; FX note in README; IPO/debt excluded from equity totals
S0215,funding_Seed,2020-07-01,event_date,21.66,INR Mn,INR,DERIVED via annual-avg FX,SRC02951,HIGH,FUNDING.amount_inr_mn; FX note in README; IPO/debt excluded from equity totals
S0215,funding_Pre-Series A,2021-04-01,event_date,55.0,INR Mn,INR,DERIVED via annual-avg FX,SRC02954,HIGH,FUNDING.amount_inr_mn; FX note in README; IPO/debt excluded from equity totals
S0215,funding_Equity,2022-06-01,event_date,157.0,INR Mn,INR,DERIVED via annual-avg FX,SRC02950,HIGH,FUNDING.amount_inr_mn; FX note in README; IPO/debt excluded from equity totals
S0215,funding_Pre-Series A,2026-01-01,event_date,180.0,INR Mn,INR,DERIVED via annual-avg FX,SRC02948,HIGH,FUNDING.amount_inr_mn; FX note in README; IPO/debt excluded from equity totals
S0215,funding_Bridge Round,2021-09-30,event_date,20.0,INR Mn,INR,DERIVED via annual-avg FX,SRC02955,MEDIUM,FUNDING.amount_inr_mn; FX note in README; IPO/debt excluded from equity totals
S0215,funding_Pre-Series A,2024-03-01,event_date,20.0,INR Mn,INR,DERIVED via annual-avg FX,SRC02956,MEDIUM,FUNDING.amount_inr_mn; FX note in README; IPO/debt excluded from equity totals
S0216,funding_Seed,2022-10-01,event_date,157.0,INR Mn,INR,DERIVED via annual-avg FX,SRC02963,HIGH,FUNDING.amount_inr_mn; FX note in README; IPO/debt excluded from equity totals
S0217,funding_Growth capital,2026-08-01,event_date,2500.0,INR Mn,INR,DERIVED via annual-avg FX,SRC02968,HIGH,FUNDING.amount_inr_mn; FX note in README; IPO/debt excluded from equity totals
S0218,funding_Undisclosed,2024-07-01,event_date,418.5,INR Mn,INR,DERIVED via annual-avg FX,SRC02976,HIGH,FUNDING.amount_inr_mn; FX note in README; IPO/debt excluded from equity totals
S0224,funding_pre-seed,2026,event_date,43.5,INR Mn,INR,DERIVED via annual-avg FX,SRC03014,LOW,FUNDING.amount_inr_mn; FX note in README; IPO/debt excluded from equity totals
S0226,funding_Series A,2024-07-01,event_date,42.3,INR Mn,INR,DERIVED via annual-avg FX,SRC03024,HIGH,FUNDING.amount_inr_mn; FX note in README; IPO/debt excluded from equity totals
S0226,funding_Series B,2026-09-04,event_date,98.75,INR Mn,INR,DERIVED via annual-avg FX,SRC03020,HIGH,FUNDING.amount_inr_mn; FX note in README; IPO/debt excluded from equity totals
S0226,funding_Series B,2026-09-07,event_date,100.0,INR Mn,INR,DERIVED via annual-avg FX,SRC03019,MEDIUM,FUNDING.amount_inr_mn; FX note in README; IPO/debt excluded from equity totals
S0228,funding_Series C,2019-10-01,event_date,3010.0,INR Mn,INR,DERIVED via annual-avg FX,SRC03039,HIGH,FUNDING.amount_inr_mn; FX note in README; IPO/debt excluded from equity totals
S0228,funding_CPEF (Conflict/Unverified),2022,event_date,9812.5,INR Mn,INR,DERIVED via annual-avg FX,,LOW,FUNDING.amount_inr_mn; FX note in README; IPO/debt excluded from equity totals
S0234,funding_Series D,2024-09-24,event_date,5440.5,INR Mn,INR,DERIVED via annual-avg FX,SRC03084,HIGH,FUNDING.amount_inr_mn; FX note in README; IPO/debt excluded from equity totals
S0235,funding_Credit line / project financing,2026-09-01,event_date,2740.5,INR Mn,INR,DERIVED via annual-avg FX,SRC03087,HIGH,FUNDING.amount_inr_mn; FX note in README; IPO/debt excluded from equity totals
S0236,funding_Seed,2025-08-05,event_date,85.7,INR Mn,INR,DERIVED via annual-avg FX,SRC03092,HIGH,FUNDING.amount_inr_mn; FX note in README; IPO/debt excluded from equity totals
S0237,funding_Pre-Series B,2025-12-10,event_date,599.9,INR Mn,INR,DERIVED via annual-avg FX,SRC03097,HIGH,FUNDING.amount_inr_mn; FX note in README; IPO/debt excluded from equity totals
S0237,funding_Series A / debt mix,2022-12-07,event_date,1766.25,INR Mn,INR,DERIVED via annual-avg FX,SRC03099,MEDIUM,FUNDING.amount_inr_mn; FX note in README; IPO/debt excluded from equity totals
S0238,funding_Series E / equity,2025-11-20,event_date,2571.0,INR Mn,INR,DERIVED via annual-avg FX,SRC03101,HIGH,FUNDING.amount_inr_mn; FX note in README; IPO/debt excluded from equity totals
S0238,funding_Equity funding,2025-04-09,event_date,4940.61,INR Mn,INR,DERIVED via annual-avg FX,SRC03104,MEDIUM,FUNDING.amount_inr_mn; FX note in README; IPO/debt excluded from equity totals
S0238,funding_Seed,2013-04-04,event_date,63.12,INR Mn,INR,DERIVED via annual-avg FX,SRC03122,MEDIUM,FUNDING.amount_inr_mn; FX note in README; IPO/debt excluded from equity totals
S0238,funding_Seed,2014-11-29,event_date,55.47,INR Mn,INR,DERIVED via annual-avg FX,SRC03122,MEDIUM,FUNDING.amount_inr_mn; FX note in README; IPO/debt excluded from equity totals
S0238,funding_Series A,2015-06-15,event_date,344.0,INR Mn,INR,DERIVED via annual-avg FX,SRC03122,MEDIUM,FUNDING.amount_inr_mn; FX note in README; IPO/debt excluded from equity totals
S0238,funding_Series B,2017-03-07,event_date,860.0,INR Mn,INR,DERIVED via annual-avg FX,SRC03123,MEDIUM,FUNDING.amount_inr_mn; FX note in README; IPO/debt excluded from equity totals
S0238,funding_Series C,2019-03-07,event_date,2322.0,INR Mn,INR,DERIVED via annual-avg FX,SRC03124,MEDIUM,FUNDING.amount_inr_mn; FX note in README; IPO/debt excluded from equity totals
S0238,funding_Series D,2021-12-07,event_date,5215.0,INR Mn,INR,DERIVED via annual-avg FX,SRC03116,HIGH,FUNDING.amount_inr_mn; FX note in README; IPO/debt excluded from equity totals
S0238,funding_Series E,2022-05-13,event_date,3140.0,INR Mn,INR,DERIVED via annual-avg FX,SRC03117,HIGH,FUNDING.amount_inr_mn; FX note in README; IPO/debt excluded from equity totals
S0238,funding_Equity funding,2025-04-09,event_date,574.19,INR Mn,INR,DERIVED via annual-avg FX,SRC03108,HIGH,FUNDING.amount_inr_mn; FX note in README; IPO/debt excluded from equity totals
S0239,funding_pre-seed,2024-11-08,event_date,64.45,INR Mn,INR,DERIVED via annual-avg FX,SRC03138,MEDIUM,FUNDING.amount_inr_mn; FX note in README; IPO/debt excluded from equity totals
S0239,funding_Series A,2026-07-21,event_date,610.0,INR Mn,INR,DERIVED via annual-avg FX,SRC03136,HIGH,FUNDING.amount_inr_mn; FX note in README; IPO/debt excluded from equity totals
S0240,funding_seed,2026-01-20,event_date,104.4,INR Mn,INR,DERIVED via annual-avg FX,SRC03145,HIGH,FUNDING.amount_inr_mn; FX note in README; IPO/debt excluded from equity totals
S0241,funding_Series D,2026-01-01,event_date,7250.0,INR Mn,INR,DERIVED via annual-avg FX,SRC03160,HIGH,FUNDING.amount_inr_mn; FX note in README; IPO/debt excluded from equity totals
S0241,funding_Pre-Series B,2020-03-01,event_date,444.0,INR Mn,INR,DERIVED via annual-avg FX,SRC03157,MEDIUM,FUNDING.amount_inr_mn; FX note in README; IPO/debt excluded from equity totals
S0241,funding_Series B,2020-12-01,event_date,1554.0,INR Mn,INR,DERIVED via annual-avg FX,SRC03157,MEDIUM,FUNDING.amount_inr_mn; FX note in README; IPO/debt excluded from equity totals
S0241,funding_Series C,2022-01-18,event_date,4710.0,INR Mn,INR,DERIVED via annual-avg FX,SRC03157,HIGH,FUNDING.amount_inr_mn; FX note in README; IPO/debt excluded from equity totals
S0241,funding_Conventional Debt,2024-07-04,event_date,2444.04,INR Mn,INR,DERIVED via annual-avg FX,SRC03158,HIGH,FUNDING.amount_inr_mn; FX note in README; IPO/debt excluded from equity totals
S0241,funding_Conventional Debt,2024-10-28,event_date,1657.26,INR Mn,INR,DERIVED via annual-avg FX,SRC03161,HIGH,FUNDING.amount_inr_mn; FX note in README; IPO/debt excluded from equity totals
S0241,funding_Conventional Debt,2025-01-23,event_date,2571.0,INR Mn,INR,DERIVED via annual-avg FX,SRC03162,MEDIUM,FUNDING.amount_inr_mn; FX note in README; IPO/debt excluded from equity totals
S0241,funding_Series D,2026-01-02,event_date,7047.0,INR Mn,INR,DERIVED via annual-avg FX,SRC03156,HIGH,FUNDING.amount_inr_mn; FX note in README; IPO/debt excluded from equity totals
S0241,funding_Co-investment,2026-03-09,event_date,1113.6,INR Mn,INR,DERIVED via annual-avg FX,SRC03155,HIGH,FUNDING.amount_inr_mn; FX note in README; IPO/debt excluded from equity totals
S0241,funding_Conventional Debt,2025-01-23,event_date,250.0,INR Mn,INR,DERIVED via annual-avg FX,SRC03162,MEDIUM,FUNDING.amount_inr_mn; FX note in README; IPO/debt excluded from equity totals
S0242,funding_Series B,2021-10-11,event_date,9312.5,INR Mn,INR,DERIVED via annual-avg FX,SRC03169,HIGH,FUNDING.amount_inr_mn; FX note in README; IPO/debt excluded from equity totals
S0243,funding_seed,2026-08-04,event_date,130.5,INR Mn,INR,DERIVED via annual-avg FX,SRC03176,MEDIUM,FUNDING.amount_inr_mn; FX note in README; IPO/debt excluded from equity totals
S0246,funding_pre-seed,2026-08-11,event_date,6.0,INR Mn,INR,DERIVED via annual-avg FX,SRC03183,HIGH,FUNDING.amount_inr_mn; FX note in README; IPO/debt excluded from equity totals
S0255,funding_Series C,2022,event_date,7850.0,INR Mn,INR,DERIVED via annual-avg FX,SRC03225,,FUNDING.amount_inr_mn; FX note in README; IPO/debt excluded from equity totals
S0255,funding_Seed,2016-01-20,event_date,12.9,INR Mn,INR,DERIVED via annual-avg FX,SRC03229,MEDIUM,FUNDING.amount_inr_mn; FX note in README; IPO/debt excluded from equity totals
S0255,funding_Seed,2016-07-19,event_date,86.0,INR Mn,INR,DERIVED via annual-avg FX,SRC03229,MEDIUM,FUNDING.amount_inr_mn; FX note in README; IPO/debt excluded from equity totals
S0255,funding_Series A,2018-01-09,event_date,1135.26,INR Mn,INR,DERIVED via annual-avg FX,SRC03229,HIGH,FUNDING.amount_inr_mn; FX note in README; IPO/debt excluded from equity totals
S0255,funding_Series B,2019-07-09,event_date,3010.0,INR Mn,INR,DERIVED via annual-avg FX,SRC03236,HIGH,FUNDING.amount_inr_mn; FX note in README; IPO/debt excluded from equity totals
S0255,funding_Series C,2022-07-19,event_date,2355.0,INR Mn,INR,DERIVED via annual-avg FX,SRC03229,HIGH,FUNDING.amount_inr_mn; FX note in README; IPO/debt excluded from equity totals
S0256,funding_aggregate,2026,event_date,5120.0,INR Mn,INR,DERIVED via annual-avg FX,SRC03258,,FUNDING.amount_inr_mn; FX note in README; IPO/debt excluded from equity totals
S0256,funding_Pre-Series A,2022-02-07,event_date,392.5,INR Mn,INR,DERIVED via annual-avg FX,SRC03267,HIGH,FUNDING.amount_inr_mn; FX note in README; IPO/debt excluded from equity totals
S0256,funding_Series A,2023-08-30,event_date,1242.0,INR Mn,INR,DERIVED via annual-avg FX,SRC03259,HIGH,FUNDING.amount_inr_mn; FX note in README; IPO/debt excluded from equity totals
S0256,funding_Grant (Technology Adoption Fund),2026-06-11,event_date,246.0,INR Mn,INR,DERIVED via annual-avg FX,SRC03257,HIGH,FUNDING.amount_inr_mn; FX note in README; IPO/debt excluded from equity totals
S0256,funding_Aggregate,2026-08-21,event_date,2514.3,INR Mn,INR,DERIVED via annual-avg FX,SRC03265,MEDIUM,FUNDING.amount_inr_mn; FX note in README; IPO/debt excluded from equity totals
S0258,funding_Series J,2022-04-06,event_date,63192.5,INR Mn,INR,DERIVED via annual-avg FX,SRC03284,HIGH,FUNDING.amount_inr_mn; FX note in README; IPO/debt excluded from equity totals
S0258,funding_Series I,2022-01-01,event_date,35325.0,INR Mn,INR,DERIVED via annual-avg FX,SRC03293,MEDIUM,FUNDING.amount_inr_mn; FX note in README; IPO/debt excluded from equity totals
S0258,funding_Series I (CPPIB tranche),2022-01-01,event_date,2198.0,INR Mn,INR,DERIVED via annual-avg FX,SRC03293,HIGH,FUNDING.amount_inr_mn; FX note in README; IPO/debt excluded from equity totals
S0258,funding_Venture Debt,2024-02-07,event_date,502.2,INR Mn,INR,DERIVED via annual-avg FX,SRC03301,MEDIUM,FUNDING.amount_inr_mn; FX note in README; IPO/debt excluded from equity totals
S0258,funding_Series H,2021-02-01,event_date,7450.0,INR Mn,INR,DERIVED via annual-avg FX,SRC03302,MEDIUM,FUNDING.amount_inr_mn; FX note in README; IPO/debt excluded from equity totals
S0258,funding_Series F,2019-07-01,event_date,2150.0,INR Mn,INR,DERIVED via annual-avg FX,SRC03301,MEDIUM,FUNDING.amount_inr_mn; FX note in README; IPO/debt excluded from equity totals
S0263,funding_pre-seed,2025,event_date,85.7,INR Mn,INR,DERIVED via annual-avg FX,SRC03319,,FUNDING.amount_inr_mn; FX note in README; IPO/debt excluded from equity totals
S0278,funding_Seed,2011-10-16,event_date,43.0,INR Mn,INR,DERIVED via annual-avg FX,SRC03385,HIGH,FUNDING.amount_inr_mn; FX note in README; IPO/debt excluded from equity totals
S0278,funding_Series A,2012-10-16,event_date,550.4,INR Mn,INR,DERIVED via annual-avg FX,SRC03385,HIGH,FUNDING.amount_inr_mn; FX note in README; IPO/debt excluded from equity totals
S0278,funding_Series B,2017-09-11,event_date,1462.0,INR Mn,INR,DERIVED via annual-avg FX,SRC03386,HIGH,FUNDING.amount_inr_mn; FX note in README; IPO/debt excluded from equity totals
S0278,funding_Venture Debt,2022-09-13,event_date,628.0,INR Mn,INR,DERIVED via annual-avg FX,SRC03385,HIGH,FUNDING.amount_inr_mn; FX note in README; IPO/debt excluded from equity totals
S0278,funding_Series C,2023-01-31,event_date,749.99,INR Mn,INR,DERIVED via annual-avg FX,SRC03381,MEDIUM,FUNDING.amount_inr_mn; FX note in README; IPO/debt excluded from equity totals
S0278,funding_Series D (pre-IPO),2025-04-03,event_date,1750.0,INR Mn,INR,DERIVED via annual-avg FX,SRC03371,HIGH,FUNDING.amount_inr_mn; FX note in README; IPO/debt excluded from equity totals
S0283,funding_Angel,2017-09-11,event_date,26.83,INR Mn,INR,DERIVED via annual-avg FX,SRC03431,MEDIUM,FUNDING.amount_inr_mn; FX note in README; IPO/debt excluded from equity totals
S0283,funding_Series A,2018-06-05,event_date,1290.0,INR Mn,INR,DERIVED via annual-avg FX,SRC03423,HIGH,FUNDING.amount_inr_mn; FX note in README; IPO/debt excluded from equity totals
S0283,funding_Series B,2022-04-04,event_date,2355.05,INR Mn,INR,DERIVED via annual-avg FX,SRC03431,MEDIUM,FUNDING.amount_inr_mn; FX note in README; IPO/debt excluded from equity totals
S0283,funding_IPO (fresh issue),2025-07-23,event_date,650.0,INR Mn,INR,DERIVED via annual-avg FX,SRC03422,HIGH,FUNDING.amount_inr_mn; FX note in README; IPO/debt excluded from equity totals
S0283,funding_IPO (OFS),2025-07-23,event_date,50.0,INR Mn,INR,DERIVED via annual-avg FX,SRC03422,HIGH,FUNDING.amount_inr_mn; FX note in README; IPO/debt excluded from equity totals
S0285,funding_Growth Capital,2025-08-18,event_date,4600.0,INR Mn,INR,DERIVED via annual-avg FX,SRC03445,HIGH,FUNDING.amount_inr_mn; FX note in README; IPO/debt excluded from equity totals
S0286,funding_IPO,2010-09-17,event_date,6923.0,INR Mn,INR,DERIVED via annual-avg FX,SRC03450,HIGH,FUNDING.amount_inr_mn; FX note in README; IPO/debt excluded from equity totals
S0286,funding_Post-IPO Equity,2025-07-17,event_date,119980.0,INR Mn,INR,DERIVED via annual-avg FX,SRC03451,HIGH,FUNDING.amount_inr_mn; FX note in README; IPO/debt excluded from equity totals
S0287,funding_Series G,2025-12-12,event_date,7713.0,INR Mn,INR,DERIVED via annual-avg FX,SRC03457,HIGH,FUNDING.amount_inr_mn; FX note in README; IPO/debt excluded from equity totals
S0287,funding_Series F,2025-03-13,event_date,11141.0,INR Mn,INR,DERIVED via annual-avg FX,SRC03456,HIGH,FUNDING.amount_inr_mn; FX note in README; IPO/debt excluded from equity totals
S0287,funding_Series E,2021-11-24,event_date,18625.0,INR Mn,INR,DERIVED via annual-avg FX,SRC03457,HIGH,FUNDING.amount_inr_mn; FX note in README; IPO/debt excluded from equity totals
S0287,funding_Series F (extended),2025-06-01,event_date,13797.7,INR Mn,INR,DERIVED via annual-avg FX,SRC03455,HIGH,FUNDING.amount_inr_mn; FX note in README; IPO/debt excluded from equity totals
S0288,funding_Seed,2025-11-11,event_date,85.53,INR Mn,INR,DERIVED via annual-avg FX,SRC03461,HIGH,FUNDING.amount_inr_mn; FX note in README; IPO/debt excluded from equity totals
S0289,funding_Seed,2026-06-12,event_date,87.0,INR Mn,INR,DERIVED via annual-avg FX,SRC03467,HIGH,FUNDING.amount_inr_mn; FX note in README; IPO/debt excluded from equity totals
S0290,funding_Series A,2026-08-26,event_date,1827.0,INR Mn,INR,DERIVED via annual-avg FX,SRC03472,HIGH,FUNDING.amount_inr_mn; FX note in README; IPO/debt excluded from equity totals
S0291,funding_Equity Investment,2025-04-10,event_date,23567.5,INR Mn,INR,DERIVED via annual-avg FX,SRC03488,HIGH,FUNDING.amount_inr_mn; FX note in README; IPO/debt excluded from equity totals
S0292,funding_Series F,2026-02-13,event_date,4760.0,INR Mn,INR,DERIVED via annual-avg FX,SRC03494,HIGH,FUNDING.amount_inr_mn; FX note in README; IPO/debt excluded from equity totals
S0292,funding_Series F (earlier),2024,event_date,1422.9,INR Mn,INR,DERIVED via annual-avg FX,SRC03448,HIGH,FUNDING.amount_inr_mn; FX note in README; IPO/debt excluded from equity totals
S0292,funding_Series F (later),2026-06-22,event_date,6351.0,INR Mn,INR,DERIVED via annual-avg FX,SRC03496,HIGH,FUNDING.amount_inr_mn; FX note in README; IPO/debt excluded from equity totals
S0293,funding_Corporate Round,2025-12-04,event_date,10000.0,INR Mn,INR,DERIVED via annual-avg FX,SRC03500,HIGH,FUNDING.amount_inr_mn; FX note in README; IPO/debt excluded from equity totals
S0296,funding_venture (unspecified),2024-09-11,event_date,698.89,INR Mn,INR,DERIVED via annual-avg FX,SRC03523,MEDIUM,FUNDING.amount_inr_mn; FX note in README; IPO/debt excluded from equity totals
S0296,funding_Series A,2021-12-15,event_date,298.0,INR Mn,INR,DERIVED via annual-avg FX,SRC03521,HIGH,FUNDING.amount_inr_mn; FX note in README; IPO/debt excluded from equity totals
S0296,funding_Series A,2024-08-27,event_date,629.42,INR Mn,INR,DERIVED via annual-avg FX,SRC03516,MEDIUM,FUNDING.amount_inr_mn; FX note in README; IPO/debt excluded from equity totals
S0296,funding_Angel,2024-09-10,event_date,659.56,INR Mn,INR,DERIVED via annual-avg FX,SRC03513,HIGH,FUNDING.amount_inr_mn; FX note in README; IPO/debt excluded from equity totals
S0298,funding_Series X,2025-01-23,event_date,428.5,INR Mn,INR,DERIVED via annual-avg FX,SRC03530,MEDIUM,FUNDING.amount_inr_mn; FX note in README; IPO/debt excluded from equity totals
S0298,funding_pre-seed,2022-08-10,event_date,19.5,INR Mn,INR,DERIVED via annual-avg FX,SRC03531,LOW,FUNDING.amount_inr_mn; FX note in README; IPO/debt excluded from equity totals
S0299,funding_IPO,2026-08-18,event_date,14181.0,INR Mn,INR,DERIVED via annual-avg FX,SRC03534,HIGH,FUNDING.amount_inr_mn; FX note in README; IPO/debt excluded from equity totals
S0300,funding_pre-Series A,2025-11-11,event_date,22.0,INR Mn,INR,DERIVED via annual-avg FX,SRC03539,MEDIUM,FUNDING.amount_inr_mn; FX note in README; IPO/debt excluded from equity totals
S0301,funding_Series C,2024-05-08,event_date,8788.5,INR Mn,INR,DERIVED via annual-avg FX,SRC03542,MEDIUM,FUNDING.amount_inr_mn; FX note in README; IPO/debt excluded from equity totals
S0302,funding_Series A,2026-05-04,event_date,435.0,INR Mn,INR,DERIVED via annual-avg FX,SRC03546,MEDIUM,FUNDING.amount_inr_mn; FX note in README; IPO/debt excluded from equity totals
S0303,"funding_private equity (minority, undisclosed stake)",2026-08-01,event_date,300.0,INR Mn,INR,DERIVED via annual-avg FX,SRC03549,MEDIUM,FUNDING.amount_inr_mn; FX note in README; IPO/debt excluded from equity totals
S0304,funding_Series A,2026-04-01,event_date,2800.0,INR Mn,INR,DERIVED via annual-avg FX,SRC03551,HIGH,FUNDING.amount_inr_mn; FX note in README; IPO/debt excluded from equity totals
S0305,funding_Series A,2026-09-10,event_date,1157.1,INR Mn,INR,DERIVED via annual-avg FX,SRC03557,HIGH,FUNDING.amount_inr_mn; FX note in README; IPO/debt excluded from equity totals
S0305,funding_Seed,2025-10-01,event_date,257.1,INR Mn,INR,DERIVED via annual-avg FX,SRC03558,HIGH,FUNDING.amount_inr_mn; FX note in README; IPO/debt excluded from equity totals
S0306,funding_Series A,2025-05-28,event_date,257.1,INR Mn,INR,DERIVED via annual-avg FX,SRC03564,HIGH,FUNDING.amount_inr_mn; FX note in README; IPO/debt excluded from equity totals
S0308,funding_Series A,2026-08-18,event_date,1740.0,INR Mn,INR,DERIVED via annual-avg FX,SRC03579,HIGH,FUNDING.amount_inr_mn; FX note in README; IPO/debt excluded from equity totals
S0309,funding_Seed,2026-09-01,event_date,696.0,INR Mn,INR,DERIVED via annual-avg FX,SRC03582,HIGH,FUNDING.amount_inr_mn; FX note in README; IPO/debt excluded from equity totals
S0310,funding_Series F (unicorn),2020-11-01,event_date,14800.0,INR Mn,INR,DERIVED via annual-avg FX,SRC03607,HIGH,FUNDING.amount_inr_mn; FX note in README; IPO/debt excluded from equity totals
S0310,funding_Series E,2020-11-24,event_date,14800.0,INR Mn,INR,DERIVED via annual-avg FX,SRC03607,HIGH,FUNDING.amount_inr_mn; FX note in README; IPO/debt excluded from equity totals
S0310,funding_Series F,2021-09-08,event_date,25330.0,INR Mn,INR,DERIVED via annual-avg FX,SRC03603,HIGH,FUNDING.amount_inr_mn; FX note in README; IPO/debt excluded from equity totals
S0310,funding_Series G,2021-12-20,event_date,22350.0,INR Mn,INR,DERIVED via annual-avg FX,SRC03595,HIGH,FUNDING.amount_inr_mn; FX note in README; IPO/debt excluded from equity totals
S0310,funding_Series G (debt),2021-11-30,event_date,7450.0,INR Mn,INR,DERIVED via annual-avg FX,SRC03595,HIGH,FUNDING.amount_inr_mn; FX note in README; IPO/debt excluded from equity totals
S0310,funding_Corporate Round,2024-07-27,event_date,2499.28,INR Mn,INR,DERIVED via annual-avg FX,SRC03609,MEDIUM,FUNDING.amount_inr_mn; FX note in README; IPO/debt excluded from equity totals
S0312,funding_Series C,2025-09-22,event_date,1971.1,INR Mn,INR,DERIVED via annual-avg FX,SRC03627,HIGH,FUNDING.amount_inr_mn; FX note in README; IPO/debt excluded from equity totals
S0316,funding_Primary-Secondary,2025-08-19,event_date,2313.9,INR Mn,INR,DERIVED via annual-avg FX,SRC03644,HIGH,FUNDING.amount_inr_mn; FX note in README; IPO/debt excluded from equity totals
S0316,funding_Seed,2014,event_date,40.0,INR Mn,INR,DERIVED via annual-avg FX,SRC03650,HIGH,FUNDING.amount_inr_mn; FX note in README; IPO/debt excluded from equity totals
S0316,funding_Series A,2021-10-27,event_date,40.0,INR Mn,INR,DERIVED via annual-avg FX,SRC03659,HIGH,FUNDING.amount_inr_mn; FX note in README; IPO/debt excluded from equity totals
S0316,funding_Series B,2025-08-19,event_date,2313.9,INR Mn,INR,DERIVED via annual-avg FX,SRC03648,HIGH,FUNDING.amount_inr_mn; FX note in README; IPO/debt excluded from equity totals
S0316,funding_Series B,2025-08-19,event_date,110.0,INR Mn,INR,DERIVED via annual-avg FX,SRC03649,HIGH,FUNDING.amount_inr_mn; FX note in README; IPO/debt excluded from equity totals
S0316,funding_Secondary,2025-08-19,event_date,120.0,INR Mn,INR,DERIVED via annual-avg FX,SRC03649,HIGH,FUNDING.amount_inr_mn; FX note in README; IPO/debt excluded from equity totals
S0320,funding_Angel,2018-02-06,event_date,335.22,INR Mn,INR,DERIVED via annual-avg FX,SRC03686,MEDIUM,FUNDING.amount_inr_mn; FX note in README; IPO/debt excluded from equity totals
S0320,funding_Seed,2019-01-01,event_date,86.0,INR Mn,INR,DERIVED via annual-avg FX,SRC03675,MEDIUM,FUNDING.amount_inr_mn; FX note in README; IPO/debt excluded from equity totals
S0320,funding_Seed,2021-07-14,event_date,521.5,INR Mn,INR,DERIVED via annual-avg FX,SRC03678,MEDIUM,FUNDING.amount_inr_mn; FX note in README; IPO/debt excluded from equity totals
S0320,funding_Conventional Debt,2021-07-14,event_date,137.45,INR Mn,INR,DERIVED via annual-avg FX,SRC03686,MEDIUM,FUNDING.amount_inr_mn; FX note in README; IPO/debt excluded from equity totals
S0322,funding_Series A,2023-02-09,event_date,12420.0,INR Mn,INR,DERIVED via annual-avg FX,SRC03708,HIGH,FUNDING.amount_inr_mn; FX note in README; IPO/debt excluded from equity totals
S0322,funding_Series B,2023-10-06,event_date,4968.0,INR Mn,INR,DERIVED via annual-avg FX,SRC03699,HIGH,FUNDING.amount_inr_mn; FX note in README; IPO/debt excluded from equity totals
S0322,funding_Series C,2025-03-04,event_date,5999.0,INR Mn,INR,DERIVED via annual-avg FX,SRC03699,HIGH,FUNDING.amount_inr_mn; FX note in README; IPO/debt excluded from equity totals
S0322,funding_Corporate Restructuring,2026-01-22,event_date,38.5,INR Mn,INR,DERIVED via annual-avg FX,SRC03707,MEDIUM,FUNDING.amount_inr_mn; FX note in README; IPO/debt excluded from equity totals
S0322,funding_Series C (additional),2025-12-04,event_date,507.4,INR Mn,INR,DERIVED via annual-avg FX,SRC03704,MEDIUM,FUNDING.amount_inr_mn; FX note in README; IPO/debt excluded from equity totals
S0367,funding_Seed,2019-01-01,event_date,86.0,INR Mn,INR,DERIVED via annual-avg FX,SRC03935,MEDIUM,FUNDING.amount_inr_mn; FX note in README; IPO/debt excluded from equity totals
S0367,funding_Series A,2020-04-01,event_date,592.0,INR Mn,INR,DERIVED via annual-avg FX,SRC03941,HIGH,FUNDING.amount_inr_mn; FX note in README; IPO/debt excluded from equity totals
S0367,funding_Series A (second tranche),2021-01-01,event_date,745.0,INR Mn,INR,DERIVED via annual-avg FX,SRC03930,MEDIUM,FUNDING.amount_inr_mn; FX note in README; IPO/debt excluded from equity totals
S0367,funding_Series B (extension),2022-01-05,event_date,5652.0,INR Mn,INR,DERIVED via annual-avg FX,SRC03935,HIGH,FUNDING.amount_inr_mn; FX note in README; IPO/debt excluded from equity totals
S0367,funding_Series B (total),2022-01-05,event_date,8007.0,INR Mn,INR,DERIVED via annual-avg FX,SRC03936,HIGH,FUNDING.amount_inr_mn; FX note in README; IPO/debt excluded from equity totals
S0368,funding_Seed,2024-06-25,event_date,10.02,INR Mn,INR,DERIVED via annual-avg FX,SRC03947,MEDIUM,FUNDING.amount_inr_mn; FX note in README; IPO/debt excluded from equity totals
S0005,hiring_layoffs,2025-10-18,as_of,"~300 off-roll moved to third parties in Oct 2025; 500+ since Apr 2025; ~1,000 impacted YTD per Moneycontrol",narrative (as recorded; NOT parsed to headcount),,verbatim narrative,SRC00107,HIGH,"HIRING.value verbatim: ~300 off-roll moved to third parties in Oct 2025; 500+ since Apr 2025; ~1,000 im"
S0005,hiring_headcount,2025-10-22,as_of,"~5,700 employees",narrative (as recorded; NOT parsed to headcount),,verbatim narrative,SRC00112,MEDIUM,"HIRING.value verbatim: ~5,700 employees"
S0006,hiring_headcount,2026-02,as_of,"110 employees across Mumbai, Bengaluru, Chennai",narrative (as recorded; NOT parsed to headcount),,verbatim narrative,SRC00115,MEDIUM,"HIRING.value verbatim: 110 employees across Mumbai, Bengaluru, Chennai"
S0007,hiring_headcount,2026-03-31,as_of,977,narrative (as recorded; NOT parsed to headcount),,verbatim narrative,SRC00143,,HIRING.value verbatim: 977
S0012,hiring_layoffs,2025-2026,as_of,~300 employees laid off post-2021 growth,narrative (as recorded; NOT parsed to headcount),,verbatim narrative,SRC00218,MEDIUM,HIRING.value verbatim: ~300 employees laid off post-2021 growth
S0013,hiring_layoffs,2026-07,as_of,Nearly half of workforce (headline-only; body not fetched),narrative (as recorded; NOT parsed to headcount),,verbatim narrative,SRC00260,LOW,HIRING.value verbatim: Nearly half of workforce (headline-only; body not fetched)
S0015,hiring_headcount,2026,as_of,3000+,narrative (as recorded; NOT parsed to headcount),,verbatim narrative,SRC00280,MEDIUM,HIRING.value verbatim: 3000+
S0017,hiring_headcount,2025-03,as_of,1200+,narrative (as recorded; NOT parsed to headcount),,verbatim narrative,SRC00341,MEDIUM,HIRING.value verbatim: 1200+
S0022,hiring_layoffs,2025-12,as_of,100-120 (Dec 2023 GTM rejig; historical),narrative (as recorded; NOT parsed to headcount),,verbatim narrative,SRC00455,MEDIUM,HIRING.value verbatim: 100-120 (Dec 2023 GTM rejig; historical)
S0030,hiring_headcount,2025-12,as_of,700+,narrative (as recorded; NOT parsed to headcount),,verbatim narrative,SRC00583,MEDIUM,HIRING.value verbatim: 700+
S0043,hiring_headcount,2026,as_of,3735 (Tracxn official count; unaudited),narrative (as recorded; NOT parsed to headcount),,verbatim narrative,SRC00782,LOW,HIRING.value verbatim: 3735 (Tracxn official count; unaudited)
S0046,hiring_headcount,2024-05,as_of,4600,narrative (as recorded; NOT parsed to headcount),,verbatim narrative,SRC00825,MEDIUM,HIRING.value verbatim: 4600
S0058,hiring_headcount,2026-03,as_of,300 employees; 52 active postings (+47.6% vs 2025),narrative (as recorded; NOT parsed to headcount),,verbatim narrative,SRC01084,MEDIUM,HIRING.value verbatim: 300 employees; 52 active postings (+47.6% vs 2025)
S0058,hiring_headcount,2026,as_of,387 employees (+4.59% last 90d),narrative (as recorded; NOT parsed to headcount),,verbatim narrative,SRC01060,MEDIUM,HIRING.value verbatim: 387 employees (+4.59% last 90d)
S0060,hiring_headcount,2025,as_of,300+ employees (company site),narrative (as recorded; NOT parsed to headcount),,verbatim narrative,SRC01116,MEDIUM,HIRING.value verbatim: 300+ employees (company site)
S0086,hiring_layoffs,2024-03,as_of,"~120 (~7-8% of 1,700)",narrative (as recorded; NOT parsed to headcount),,verbatim narrative,SRC01571,HIGH,"HIRING.value verbatim: ~120 (~7-8% of 1,700)"
S0236,hiring_expansion,2025-08-05,as_of,Hiring planned after seed round,narrative (as recorded; NOT parsed to headcount),,verbatim narrative,SRC03095,LOW,HIRING.value verbatim: Hiring planned after seed round
S0310,hiring_layoffs,2025-04,as_of,200 employees cut,narrative (as recorded; NOT parsed to headcount),,verbatim narrative,SRC03619,HIGH,HIRING.value verbatim: 200 employees cut
S0310,hiring_layoffs,2025-05,as_of,120 more employees,narrative (as recorded; NOT parsed to headcount),,verbatim narrative,SRC03620,HIGH,HIRING.value verbatim: 120 more employees
S0347,hiring_layoffs,2025-08-01,as_of,16% workforce reduction,narrative (as recorded; NOT parsed to headcount),,verbatim narrative,SRC03803,HIGH,HIRING.value verbatim: 16% workforce reduction
S0351,hiring_layoffs,2025-03-03,as_of,1000 (~25%) cut Mar 2025,narrative (as recorded; NOT parsed to headcount),,verbatim narrative,SRC03827,HIGH,HIRING.value verbatim: 1000 (~25%) cut Mar 2025
S0351,hiring_layoffs,2026-01-30,as_of,5% workforce cut Jan 2026,narrative (as recorded; NOT parsed to headcount),,verbatim narrative,SRC03828,HIGH,HIRING.value verbatim: 5% workforce cut Jan 2026
S0001,traction_payment volume,annualised,other,$1Tn annualised TPV; ~300Mn txns/day; 500+ enterprises,,,verbatim narrative,SRC00003,MEDIUM,TRACTION verbatim (as_of=2025-11; company_reported=True)
S0001,traction_daily_transactions,FY25,fiscal_year,300,million,,verbatim narrative,SRC00009,HIGH,TRACTION verbatim (as_of=2025-11-12; company_reported=True)
S0001,traction_annualised_tpv,FY25,fiscal_year,1000,billion,,verbatim narrative,SRC00009,HIGH,TRACTION verbatim (as_of=2025-11-12; company_reported=True)
S0001,traction_enterprise_count,FY25,fiscal_year,500,count,,verbatim narrative,SRC00019,HIGH,TRACTION verbatim (as_of=2025-11-12; company_reported=True)
S0001,traction_daily_transactions_historical,FY24,fiscal_year,125,million,,verbatim narrative,SRC00029,MEDIUM,TRACTION verbatim (as_of=2024-08; company_reported=True)
S0001,traction_daily_transactions_historical,FY25 start,other,175,million,,verbatim narrative,SRC00009,HIGH,TRACTION verbatim (as_of=2024-04; company_reported=True)
S0002,traction_app downloads,cumulative,cumulative,230M+,,,verbatim narrative,SRC00031,HIGH,TRACTION verbatim (as_of=Mar 2026; company_reported=True)
S0002,traction_AUM,point-in-time,other,"$1.5B / Rs 15,000cr",,,verbatim narrative,SRC00031,HIGH,TRACTION verbatim (as_of=Mar 2026; company_reported=True)
S0002,traction_unique loan customers,cumulative,cumulative,18M+,,,verbatim narrative,SRC00031,MEDIUM,TRACTION verbatim (as_of=Mar 2026; company_reported=True)
S0002,traction_AUM,As-of-2025-12-31,as_of,13141.0,crore,,verbatim narrative,SRC00038,HIGH,TRACTION verbatim (as_of=2025-12-31; company_reported=True)
S0002,traction_AUM,FY25 (As-of-2025-03-31),other,10102.0,crore,,verbatim narrative,SRC00039,HIGH,TRACTION verbatim (as_of=2025-03-31; company_reported=True)
S0002,traction_AUM,FY26 (As-of-2026-03-31),other,15000.0,crore,,verbatim narrative,SRC00031,MEDIUM,TRACTION verbatim (as_of=2026-03-31; company_reported=True)
S0002,traction_total_disbursals,FY26 (Apr-2025..Mar-2026),other,30000.0,crore,,verbatim narrative,SRC00032,HIGH,TRACTION verbatim (as_of=2026-03-31; company_reported=True)
S0002,traction_total_disbursals,FY25,fiscal_year,24647.0,crore,,verbatim narrative,SRC00039,HIGH,TRACTION verbatim (as_of=2025-03-31; company_reported=True)
S0002,traction_unique_loan_customers,cumulative,cumulative,18000000,count,,verbatim narrative,SRC00031,HIGH,TRACTION verbatim (as_of=2026-03-31; company_reported=True)
S0002,traction_app_downloads,cumulative,cumulative,230000000,count,,verbatim narrative,SRC00031,HIGH,TRACTION verbatim (as_of=2026-03-31; company_reported=True)
S0002,traction_registered_customers,cumulative,cumulative,80000000,count,,verbatim narrative,SRC00065,MEDIUM,TRACTION verbatim (as_of=2026-04-08; company_reported=True)
S0002,traction_co_lending_book_share,FY25 (As-of-2025-03-31),other,42.0,percent,,verbatim narrative,SRC00039,HIGH,TRACTION verbatim (as_of=2025-03-31; company_reported=True)
S0002,traction_non_metro_customer_share,point-in-time,other,77.0,percent,,verbatim narrative,SRC00066,MEDIUM,TRACTION verbatim (as_of=2026-04-08; company_reported=True)
S0002,traction_repeat_borrower_share,point-in-time,other,80.0,percent,,verbatim narrative,SRC00039,HIGH,TRACTION verbatim (as_of=2025-07-14; company_reported=True)
S0002,traction_cibil_above_700_share,Since-Apr-2022,other,90.0,percent,,verbatim narrative,SRC00039,HIGH,TRACTION verbatim (as_of=2025-07-14; company_reported=True)
S0003,traction_UPI market share,Jan 2026,other,~half of UPI payments,,,verbatim narrative,SRC00070,MEDIUM,TRACTION verbatim (as_of=2026-03-01; company_reported=False)
S0003,traction_lifetime registered users,As-of-July-2026,other,718,million,,verbatim narrative,SRC00078,HIGH,TRACTION verbatim (as_of=2026-07-01; company_reported=True)
S0003,traction_lifetime registered merchants,As-of-July-2026,other,50,million,,verbatim narrative,SRC00078,HIGH,TRACTION verbatim (as_of=2026-07-01; company_reported=True)
S0003,traction_customer transactions in month,July 2026,other,11,billion,,verbatim narrative,SRC00078,HIGH,TRACTION verbatim (as_of=2026-07-01; company_reported=True)
S0003,traction_daily transactions,As-of-August-2026,other,400,million,,verbatim narrative,SRC00078,HIGH,TRACTION verbatim (as_of=2026-08-01; company_reported=True)
S0003,traction_UPI market share,Jan 2026,other,50,percent,,verbatim narrative,SRC00070,MEDIUM,TRACTION verbatim (as_of=2026-01-01; company_reported=False)
S0003,traction_daily SIP base,As-of-August-2026,other,500000,count,,verbatim narrative,SRC00087,MEDIUM,TRACTION verbatim (as_of=2026-08-03; company_reported=True)
S0004,traction_merchants served,point-in-time,other,8M+,,,verbatim narrative,SRC00100,MEDIUM,TRACTION verbatim (as_of=2025-01-01; company_reported=True)
S0004,traction_quarterly TPV,quarterly,other,~$45B / ~1B txns,,,verbatim narrative,SRC00100,MEDIUM,TRACTION verbatim (as_of=2025-01-01; company_reported=True)
S0005,traction_daily orders,point-in-time,other,1.6-1.7M/day (from 0.5M 5 quarters prior),,,verbatim narrative,SRC00104,HIGH,TRACTION verbatim (as_of=2025-10-16; company_reported=True)
S0005,traction_dark stores,point-in-time,other,"~1,000",,,verbatim narrative,SRC00104,HIGH,TRACTION verbatim (as_of=2025-10-16; company_reported=True)
S0005,traction_ad vertical ARR,annualised,other,"Rs 2,000cr",,,verbatim narrative,SRC00110,MEDIUM,TRACTION verbatim (as_of=2025-10-16; company_reported=True)
S0005,traction_daily_orders,As-of-2026-03,as_of,2330000,orders/day,,verbatim narrative,SRC00108,HIGH,TRACTION verbatim (as_of=2026-03-31; company_reported=True)
S0005,traction_annual_transacting_users,FY26,fiscal_year,48000000,users,,verbatim narrative,SRC00108,HIGH,TRACTION verbatim (as_of=2026-03-31; company_reported=True)
S0005,traction_dark_stores,FY26,fiscal_year,1139,stores,,verbatim narrative,SRC00108,HIGH,TRACTION verbatim (as_of=2026-03-31; company_reported=True)
S0005,traction_dark_stores_added_net,FY26,fiscal_year,110,stores,,verbatim narrative,SRC00108,HIGH,TRACTION verbatim (as_of=2026-03-31; company_reported=True)
S0005,traction_daily_orders,point-in-time,other,1600000,orders/day,,verbatim narrative,SRC00104,HIGH,TRACTION verbatim (as_of=2025-10-16; company_reported=True)
S0005,traction_dark_stores,point-in-time,other,1000,stores,,verbatim narrative,SRC00104,HIGH,TRACTION verbatim (as_of=2025-10-16; company_reported=True)
S0005,traction_cities,point-in-time,other,80,cities,,verbatim narrative,SRC00110,MEDIUM,TRACTION verbatim (as_of=2025-10-16; company_reported=True)
S0005,traction_cities,FY26,fiscal_year,66,cities,,verbatim narrative,SRC00108,HIGH,TRACTION verbatim (as_of=2026-03-31; company_reported=True)
S0005,traction_ad_vertical_arr,annualised,other,2000.0,crore,,verbatim narrative,SRC00110,MEDIUM,TRACTION verbatim (as_of=2025-10-16; company_reported=True)
S0005,traction_order_volume_cagr,FY24-FY26,other,119.5,percent,,verbatim narrative,SRC00108,HIGH,TRACTION verbatim (as_of=2026-08-03; company_reported=True)
S0005,traction_market_share_orders,FY26,fiscal_year,35.0,percent,,verbatim narrative,SRC00108,HIGH,TRACTION verbatim (as_of=2026-08-03; company_reported=True)
S0005,traction_mature_store_ebitda_margin,point-in-time,other,6.5,percent,,verbatim narrative,SRC00108,MEDIUM,TRACTION verbatim (as_of=2025-09-01; company_reported=True)
S0006,traction_GPUs live,2026-02,other,"~1,200 live; target 20,000+",,,verbatim narrative,SRC00115,MEDIUM,TRACTION verbatim (as_of=2026-02; company_reported=True)
S0006,traction_GPUs live,As-of-2026-02,as_of,1200,GPUs,,verbatim narrative,SRC00115,MEDIUM,TRACTION verbatim (as_of=2026-02-15; company_reported=True)
S0006,traction_GPU deployment target,FY27 target,other,20000,GPUs,,verbatim narrative,SRC00114,HIGH,TRACTION verbatim (as_of=2026-02-16; company_reported=True)
S0006,traction_Hyderabad data center cluster,Announced Apr 2025,other,400,MW,,verbatim narrative,SRC00124,HIGH,TRACTION verbatim (as_of=2025-04-18; company_reported=True)
S0006,traction_Revenue growth expectation,FY27,fiscal_year,3,x,,verbatim narrative,SRC00132,MEDIUM,TRACTION verbatim (as_of=2026-02-17; company_reported=True)
S0007,traction_net_revenue_retention,2026-03-31,event_date,125.9%,,,verbatim narrative,SRC00139,,TRACTION verbatim (as_of=2026-03-31; company_reported=)
S0008,traction_total_payment_value,FY25,fiscal_year,Rs 8.5 lakh cr (+23% YoY),,,verbatim narrative,SRC00147,,TRACTION verbatim (as_of=FY25; company_reported=)
S0008,traction_lending_AUM,FY25,fiscal_year,"Rs 22,000 cr",,,verbatim narrative,SRC00147,,TRACTION verbatim (as_of=FY25; company_reported=)
S0009,traction_enterprise_customers,2025-08-01,event_date,"1000+ enterprises, 4M+ employees, 130 countries",,,verbatim narrative,SRC00157,,TRACTION verbatim (as_of=2025-08-01; company_reported=)
S0010,traction_apps_built,2026-07-01,event_date,12M+,,,verbatim narrative,SRC00168,,TRACTION verbatim (as_of=2026-07-01; company_reported=True)
S0010,traction_ARR_run_rate,2026-02-01,event_date,$100M (8 months post-launch),,,verbatim narrative,SRC00173,,TRACTION verbatim (as_of=2026-02-01; company_reported=True)
S0011,traction_active clients,Mar 2025,other,12.9M (from 9.5M Mar 2024); 26%+ market share; 34 lakh new accounts in FY25,,,verbatim narrative,SRC00176,MEDIUM,TRACTION verbatim (as_of=Mar 2025; company_reported=True)
S0011,traction_total_transacting_users,As of Sep 2026,other,23.2,million,,verbatim narrative,SRC00191,HIGH,TRACTION verbatim (as_of=2026-09-16; company_reported=True)
S0011,traction_total_transacting_users,FY25-26 (as of Mar 2026),other,21.6,million,,verbatim narrative,SRC00196,HIGH,TRACTION verbatim (as_of=2026-03-31; company_reported=True)
S0011,traction_active_users,FY25-26 (as of Mar 2026),other,16.7,million,,verbatim narrative,SRC00196,HIGH,TRACTION verbatim (as_of=2026-03-31; company_reported=True)
S0011,traction_active_users,As of Jun 2025,other,18,million,,verbatim narrative,SRC00215,HIGH,TRACTION verbatim (as_of=2025-06-30; company_reported=True)
S0011,traction_total_customer_assets,As of Sep 2026,other,3.67,trillion,,verbatim narrative,SRC00191,HIGH,TRACTION verbatim (as_of=2026-09-16; company_reported=True)
S0011,traction_total_customer_assets,FY25-26 (as of Mar 2026),other,2.96,trillion,,verbatim narrative,SRC00196,HIGH,TRACTION verbatim (as_of=2026-03-31; company_reported=True)
S0011,traction_mf_assets_on_platform,FY25-26 (as of Mar 2026),other,157000,crore,,verbatim narrative,SRC00196,HIGH,TRACTION verbatim (as_of=2026-03-31; company_reported=True)
S0011,traction_mf_assets_on_platform,Q1 FY27 (as of Jun 2026),other,191329.94,crore,,verbatim narrative,SRC00201,HIGH,TRACTION verbatim (as_of=2026-06-30; company_reported=True)
S0011,traction_groww_amc_aum,Q1 FY27 (as of Jun 2026),other,5491,crore,,verbatim narrative,SRC00201,HIGH,TRACTION verbatim (as_of=2026-06-30; company_reported=True)
S0011,traction_groww_amc_aum,As of latest quarter,other,5996.87,crore,,verbatim narrative,SRC00207,HIGH,TRACTION verbatim (as_of=2026-06-30; company_reported=True)
S0011,traction_sip_inflows,As of Sep 2026,other,121.11,billion,,verbatim narrative,SRC00191,HIGH,TRACTION verbatim (as_of=2026-09-16; company_reported=True)
S0011,traction_sip_inflows,FY25-26,fiscal_year,46624,crore,,verbatim narrative,SRC00196,HIGH,TRACTION verbatim (as_of=2026-03-31; company_reported=True)
S0011,traction_mtf_net_book,As of Sep 2026,other,42.07,billion,,verbatim narrative,SRC00191,HIGH,TRACTION verbatim (as_of=2026-09-16; company_reported=True)
S0011,traction_registered_users,As of Nov 2025,other,18,million,,verbatim narrative,SRC00215,HIGH,TRACTION verbatim (as_of=2025-11-03; company_reported=True)
S0011,traction_nse_active_clients,Q2 FY26 (Sep 2025),other,11.9,million,,verbatim narrative,SRC00195,HIGH,TRACTION verbatim (as_of=2025-09-30; company_reported=True)
S0011,traction_first_time_investors,FY25-26,fiscal_year,15.8,million,,verbatim narrative,SRC00196,HIGH,TRACTION verbatim (as_of=2026-03-31; company_reported=True)
S0011,traction_student_demat_accounts,Since inception,other,8.4,million,,verbatim narrative,SRC00196,HIGH,TRACTION verbatim (as_of=2026-03-31; company_reported=True)
S0012,traction_messages processed,annual,other,"120B+ messages/year; thousands of enterprises; 50,000+ customers (company site)",,,verbatim narrative,SRC00217,MEDIUM,TRACTION verbatim (as_of=2025; company_reported=True)
S0013,traction_enterprise customers,May 2026,other,"25+ large enterprises across telecom, FS, consumer internet, healthcare, logistics",,,verbatim narrative,SRC00241,MEDIUM,TRACTION verbatim (as_of=2026-05; company_reported=True)
S0013,traction_enterprise customers,As-of-2026-05,as_of,25,count,,verbatim narrative,SRC00241,MEDIUM,TRACTION verbatim (as_of=2026-05-04; company_reported=True)
S0013,traction_Kruti app downloads,As-of-2025-09,as_of,207000,count,,verbatim narrative,SRC00250,MEDIUM,TRACTION verbatim (as_of=2025-09-02; company_reported=False)
S0013,traction_revenue from Ola Group,FY25,fiscal_year,90.0,percent,,verbatim narrative,SRC00251,MEDIUM,TRACTION verbatim (as_of=2026-05-05; company_reported=False)
S0013,traction_GPU compute capacity committed,As-of-2026-05,as_of,0,percent,,verbatim narrative,SRC00241,MEDIUM,TRACTION verbatim (as_of=2026-05-04; company_reported=True)
S0014,traction_enterprise deployment,2026,year,"Large fintech using agentic AI for 350,000+ sales force (unnamed); banking/insurance/gov/defense deployments",,,verbatim narrative,SRC00263,MEDIUM,TRACTION verbatim (as_of=2026-06; company_reported=True)
S0015,traction_loan book,Q1 FY27,other,"Rs 5,098cr (+55% YoY)",,,verbatim narrative,SRC00285,MEDIUM,TRACTION verbatim (as_of=2026-06; company_reported=True)
S0015,traction_deposits,Q1 FY27,other,"Rs 5,765cr",,,verbatim narrative,SRC00285,MEDIUM,TRACTION verbatim (as_of=2026-06; company_reported=True)
S0015,traction_registered users,2026,year,20M+,,,verbatim narrative,SRC00277,MEDIUM,TRACTION verbatim (as_of=2026; company_reported=True)
S0016,traction_Gross revenue (company-claimed),FY25,fiscal_year,"INR 1,943 cr gross; INR 556 cr deferred",,,verbatim narrative,SRC00317,MEDIUM,TRACTION verbatim (as_of=FY25; company_reported=True)
S0016,traction_learners,As-of-2026-05,as_of,10000000,learners,,verbatim narrative,SRC00305,MEDIUM,TRACTION verbatim (as_of=2026-05-07; company_reported=True)
S0016,traction_enterprise_clients,As-of-2026-04,as_of,3000,corporate partners,,verbatim narrative,SRC00307,MEDIUM,TRACTION verbatim (as_of=2026-04-06; company_reported=True)
S0016,traction_employees,As-of-2026-03,as_of,11544,employees,,verbatim narrative,SRC00309,MEDIUM,TRACTION verbatim (as_of=2026-03; company_reported=False)
S0016,traction_academic_industry_partners,As-of-2026-09,as_of,100,partners,,verbatim narrative,SRC00304,MEDIUM,TRACTION verbatim (as_of=2026-09-15; company_reported=True)
S0016,traction_countries,As-of-2026-09,as_of,85,countries,,verbatim narrative,SRC00330,MEDIUM,TRACTION verbatim (as_of=2026-09-15; company_reported=True)
S0017,traction_Revenue guidance CY2026,2026-01,other,Cross $300M,,,verbatim narrative,SRC00334,MEDIUM,TRACTION verbatim (as_of=2026-01; company_reported=True)
S0017,traction_Tests/customers,2026-01,other,"3M tests/day; 50,000+ teams",,,verbatim narrative,SRC00348,MEDIUM,TRACTION verbatim (as_of=2026-01; company_reported=True)
S0017,traction_customers,As-of-2026-01,as_of,50000,teams,,verbatim narrative,SRC00331,HIGH,TRACTION verbatim (as_of=2026-01-12; company_reported=True)
S0017,traction_developer signups,As-of-2026-01,as_of,7000000,developers,,verbatim narrative,SRC00351,HIGH,TRACTION verbatim (as_of=2026-01-12; company_reported=True)
S0017,traction_tests per day,As-of-2026-01,as_of,3000000,tests/day,,verbatim narrative,SRC00331,HIGH,TRACTION verbatim (as_of=2026-01-12; company_reported=True)
S0017,traction_tests per year,As-of-2026-01,as_of,1000000000,tests/year,,verbatim narrative,SRC00351,HIGH,TRACTION verbatim (as_of=2026-01-12; company_reported=True)
S0017,traction_data centers,As-of-2026-01,as_of,21,data centers,,verbatim narrative,SRC00351,HIGH,TRACTION verbatim (as_of=2026-01-12; company_reported=True)
S0017,traction_real devices,As-of-2026-01,as_of,3500,devices,,verbatim narrative,SRC00351,HIGH,TRACTION verbatim (as_of=2026-01-12; company_reported=True)
S0017,traction_ARR milestone,FY2022,other,100,million USD,,verbatim narrative,SRC00345,HIGH,TRACTION verbatim (as_of=2022-12-31; company_reported=True)
S0017,traction_revenue growth,CY2025 y/y,other,19.3,percent,,verbatim narrative,SRC00342,MEDIUM,TRACTION verbatim (as_of=2025-12-31; company_reported=False)
S0018,traction_clients,FY26,fiscal_year,crossed 1 mn,,,verbatim narrative,SRC00367,MEDIUM,TRACTION verbatim (as_of=2026; company_reported=True)
S0018,traction_active_traders,As-of-2025-12,as_of,984242,count,,verbatim narrative,SRC00353,HIGH,TRACTION verbatim (as_of=2025-12-31; company_reported=False)
S0018,traction_clients,As-of-2026-02,as_of,1000000,count,,verbatim narrative,SRC00355,HIGH,TRACTION verbatim (as_of=2026-02-01; company_reported=True)
S0018,traction_market_share,As-of-2026-03,as_of,2.3,percent,,verbatim narrative,SRC00355,HIGH,TRACTION verbatim (as_of=2026-03-31; company_reported=False)
S0018,traction_app_downloads,As-of-2026-09,as_of,10000000,count,,verbatim narrative,SRC00360,HIGH,TRACTION verbatim (as_of=2026-09-15; company_reported=True)
S0018,traction_derivatives_trading_volume,FY26,fiscal_year,1187000,crore,,verbatim narrative,SRC00355,HIGH,TRACTION verbatim (as_of=2026-03-31; company_reported=False)
S0018,traction_commodity_trading_volume,FY26,fiscal_year,343000,crore,,verbatim narrative,SRC00355,HIGH,TRACTION verbatim (as_of=2026-03-31; company_reported=False)
S0018,traction_mtf_book,FY26,fiscal_year,505,crore,,verbatim narrative,SRC00355,HIGH,TRACTION verbatim (as_of=2026-03-31; company_reported=False)
S0018,traction_active_users_seed,As-of-2023-12,as_of,300000,count,,verbatim narrative,SRC00366,HIGH,TRACTION verbatim (as_of=2023-12-05; company_reported=True)
S0019,traction_registered_users,"FY21 (as of Jun 30, 2021)",other,25000000,count,,verbatim narrative,SRC00389,MEDIUM,TRACTION verbatim (as_of=2021-06-30; company_reported=True)
S0019,traction_pharmeasy_orders,FY21,fiscal_year,8800000,count,,verbatim narrative,SRC00389,MEDIUM,TRACTION verbatim (as_of=2021-03-31; company_reported=True)
S0019,traction_total_registrations,FY23 (as of Mar 2023),other,39000000,count,,verbatim narrative,SRC00390,MEDIUM,TRACTION verbatim (as_of=2023-03-31; company_reported=True)
S0019,traction_pharmeasy_revenue_fy26,FY26,fiscal_year,1334,crore,,verbatim narrative,SRC00386,MEDIUM,TRACTION verbatim (as_of=2026-03-31; company_reported=False)
S0019,traction_monthly_break_even,Mar 2025,other,1,boolean,,verbatim narrative,SRC00392,MEDIUM,TRACTION verbatim (as_of=2025-03-31; company_reported=True)
S0019,traction_transacting_customers,FY21,fiscal_year,2400000,count,,verbatim narrative,SRC00389,MEDIUM,TRACTION verbatim (as_of=2021-03-31; company_reported=True)
S0019,traction_pin_codes_serviced,FY23 (as of Mar 2023),other,19000,count,,verbatim narrative,SRC00390,MEDIUM,TRACTION verbatim (as_of=2023-03-31; company_reported=True)
S0019,traction_repeat_user_gmv_share,FY23,fiscal_year,77,percent,,verbatim narrative,SRC00390,MEDIUM,TRACTION verbatim (as_of=2023-03-31; company_reported=True)
S0019,traction_average_order_value,FY23 (Mar 2023),other,2421,INR,,verbatim narrative,SRC00390,MEDIUM,TRACTION verbatim (as_of=2023-03-31; company_reported=True)
S0019,traction_gmv_per_customer,FY23 (Mar 2023),other,5868,INR,,verbatim narrative,SRC00390,MEDIUM,TRACTION verbatim (as_of=2023-03-31; company_reported=True)
S0019,traction_active_pharmacies_retailio,FY23 (Mar 2023),other,30000,count,,verbatim narrative,SRC00390,MEDIUM,TRACTION verbatim (as_of=2023-03-31; company_reported=True)
S0020,traction_monthly_active_users,Oct 2025,other,7M+,,,verbatim narrative,SRC00408,MEDIUM,TRACTION verbatim (as_of=2025-10-31; company_reported=True)
S0020,traction_purchases_financed_per_month,Oct 2025,other,1.5M+,,,verbatim narrative,SRC00407,MEDIUM,TRACTION verbatim (as_of=2025-10-31; company_reported=True)
S0020,traction_pincode_coverage,Oct 2025,other,"23,000",,,verbatim narrative,SRC00407,MEDIUM,TRACTION verbatim (as_of=2025-10-31; company_reported=True)
S0021,traction_customers,Nov 2021,other,7M+,,,verbatim narrative,SRC00441,MEDIUM,TRACTION verbatim (as_of=2021-11; company_reported=True)
S0021,traction_nse_active_client_market_share,FY26 (March 2026),other,4.35,percent,,verbatim narrative,SRC00436,HIGH,TRACTION verbatim (as_of=2026-03-31; company_reported=False)
S0021,traction_active_clients_estimate,2026,year,2400000,clients,,verbatim narrative,SRC00438,MEDIUM,TRACTION verbatim (as_of=2026-02-03; company_reported=False)
S0021,traction_arpu_growth,FY26,fiscal_year,40,percent,,verbatim narrative,SRC00431,HIGH,TRACTION verbatim (as_of=2026-02-09; company_reported=True)
S0021,traction_high_value_trader_retention,FY26,fiscal_year,90,percent,,verbatim narrative,SRC00431,MEDIUM,TRACTION verbatim (as_of=2026-02-09; company_reported=True)
S0021,traction_nse_active_clients_total,FY26 (March 2026),other,4.57,crore,,verbatim narrative,SRC00436,HIGH,TRACTION verbatim (as_of=2026-03-31; company_reported=False)
S0021,traction_commodities_daily_turnover_growth,FY26,fiscal_year,2,x,,verbatim narrative,SRC00431,MEDIUM,TRACTION verbatim (as_of=2026-02-09; company_reported=True)
S0021,traction_commodities_revenue_growth,FY26,fiscal_year,100,percent,,verbatim narrative,SRC00431,MEDIUM,TRACTION verbatim (as_of=2026-02-09; company_reported=True)
S0021,traction_sip_platform_volume_growth,FY26,fiscal_year,35,percent,,verbatim narrative,SRC00431,MEDIUM,TRACTION verbatim (as_of=2026-02-09; company_reported=True)
S0021,traction_margin_trade_facility_turnover_growth,FY26,fiscal_year,2,x,,verbatim narrative,SRC00431,MEDIUM,TRACTION verbatim (as_of=2026-02-09; company_reported=True)
S0022,traction_eB2B market share claim,2025,year,~70%,,,verbatim narrative,SRC00452,MEDIUM,TRACTION verbatim (as_of=2025; company_reported=True)
S0022,traction_orders shipped CY23,CY23,other,23M+ orders / 2.25B products,,,verbatim narrative,SRC00454,MEDIUM,TRACTION verbatim (as_of=2023; company_reported=True)
S0023,traction_customers served (company claim via Caproasia),cumulative,cumulative,75M+ customers; ~900M policies (company-claimed),,,verbatim narrative,SRC00470,LOW,TRACTION verbatim (as_of=2026; company_reported=True)
S0024,traction_registered users,2024,year,2 crore+,,,verbatim narrative,SRC00488,MEDIUM,TRACTION verbatim (as_of=2024-03; company_reported=True)
S0025,traction_fitness centres,FY26,fiscal_year,"708 centres, 77 cities",,,verbatim narrative,SRC00490,HIGH,TRACTION verbatim (as_of=2026-03-31; company_reported=True)
S0025,traction_paid fitness members FY26,FY26,fiscal_year,~9.9 lakh,,,verbatim narrative,SRC00490,HIGH,TRACTION verbatim (as_of=2026-03-31; company_reported=True)
S0026,traction_users/orgs,2025-06,other,20M+ users; 500k+ orgs; 2B meeting minutes; 75% Fortune 500,,,verbatim narrative,SRC00514,MEDIUM,TRACTION verbatim (as_of=2025-06; company_reported=True)
S0028,traction_contracts managed / Fortune 100,2025,year,10M+ contracts; 30%+ Fortune 100 clients,,,verbatim narrative,SRC00547,MEDIUM,TRACTION verbatim (as_of=2025; company_reported=True)
S0029,traction_customers,2022-06,other,2000+ customers (company claim),,,verbatim narrative,SRC00558,MEDIUM,TRACTION verbatim (as_of=2022-06; company_reported=True)
S0029,traction_customers,2022-06,other,2000,count,,verbatim narrative,SRC00558,MEDIUM,TRACTION verbatim (as_of=2022-06-21; company_reported=True)
S0029,traction_customers,FY25,fiscal_year,1800,count,,verbatim narrative,SRC00571,MEDIUM,TRACTION verbatim (as_of=2025-03-31; company_reported=True)
S0029,traction_customers,2024,year,1000,count,,verbatim narrative,SRC00574,LOW,TRACTION verbatim (as_of=2024-12-31; company_reported=False)
S0029,traction_countries,2022-06,other,6,count,,verbatim narrative,SRC00570,HIGH,TRACTION verbatim (as_of=2022-06-21; company_reported=True)
S0029,traction_revenue_from_india,FY22,fiscal_year,90,percent,,verbatim narrative,SRC00569,MEDIUM,TRACTION verbatim (as_of=2022-03-31; company_reported=True)
S0029,traction_employee_count,2022-06,other,1200,count,,verbatim narrative,SRC00570,MEDIUM,TRACTION verbatim (as_of=2022-06-21; company_reported=True)
S0029,traction_employee_count,2024-12,other,1300,count,,verbatim narrative,SRC00574,LOW,TRACTION verbatim (as_of=2024-12-31; company_reported=False)
S0029,traction_employee_count,2026-06,other,1063,count,,verbatim narrative,SRC00573,MEDIUM,TRACTION verbatim (as_of=2026-06-30; company_reported=False)
S0030,traction_enterprise customers,2025,year,"1350+ brands, 75 countries",,,verbatim narrative,SRC00583,MEDIUM,TRACTION verbatim (as_of=2025; company_reported=True)
S0030,traction_ARR,2025,year,tracking toward $100M,,,verbatim narrative,SRC00580,MEDIUM,TRACTION verbatim (as_of=2025; company_reported=True)
S0031,traction_registered users,2025-12-31,event_date,125.5M (79% tier-2+),,,verbatim narrative,SRC00592,MEDIUM,TRACTION verbatim (as_of=2025-12-31; company_reported=True)
S0031,traction_digital unsecured PL share,FY25,fiscal_year,~11% of sanctions,,,verbatim narrative,SRC00592,MEDIUM,TRACTION verbatim (as_of=FY25; company_reported=True)
S0032,traction_enterprise clients,2025,year,140+ Fortune 500,,,verbatim narrative,SRC00599,MEDIUM,TRACTION verbatim (as_of=2025; company_reported=True)
S0032,traction_fortune_500_clients,As-of-2026-09,as_of,140,companies,,verbatim narrative,SRC00599,MEDIUM,TRACTION verbatim (as_of=2026-09-15; company_reported=True)
S0032,traction_industries_served,As-of-2026-09,as_of,12,industries,,verbatim narrative,SRC00599,MEDIUM,TRACTION verbatim (as_of=2026-09-15; company_reported=True)
S0032,traction_years_in_operation,As-of-2026-09,as_of,20,years,,verbatim narrative,SRC00599,HIGH,TRACTION verbatim (as_of=2026-09-15; company_reported=True)
S0032,traction_employees_linkedin,As-of-2026-09,as_of,3684,employees,,verbatim narrative,SRC00603,MEDIUM,TRACTION verbatim (as_of=2026-09-15; company_reported=False)
S0032,traction_total_funding_raised,As-of-2026-09,as_of,210.01,million,,verbatim narrative,SRC00604,MEDIUM,TRACTION verbatim (as_of=2026-09-15; company_reported=False)
S0032,traction_eco_vadis_bronze,2025,year,1,award,,verbatim narrative,SRC00599,MEDIUM,TRACTION verbatim (as_of=2025-12-31; company_reported=True)
S0033,traction_customers / subscribers,2025-01,other,"3000+ customers, 450K+ active subscribers",,,verbatim narrative,SRC00605,HIGH,TRACTION verbatim (as_of=2025-01; company_reported=True)
S0033,traction_driving data,2025,year,20B+ miles processed; 65% growth,,,verbatim narrative,SRC00607,MEDIUM,TRACTION verbatim (as_of=2025; company_reported=True)
S0034,traction_developers,2025-07,other,40M+ users; 500K+ orgs; 98% Fortune 500,,,verbatim narrative,SRC00613,HIGH,TRACTION verbatim (as_of=2025-07; company_reported=True)
S0034,traction_developers,As-of-2025-07,as_of,40000000,users,,verbatim narrative,SRC00613,HIGH,TRACTION verbatim (as_of=2025-07-23; company_reported=True)
S0034,traction_organizations,As-of-2025-07,as_of,500000,orgs,,verbatim narrative,SRC00613,HIGH,TRACTION verbatim (as_of=2025-07-23; company_reported=True)
S0034,traction_fortune_500_adoption,As-of-2025-07,as_of,98,percent,,verbatim narrative,SRC00612,HIGH,TRACTION verbatim (as_of=2025-07-23; company_reported=True)
S0034,traction_web_traffic,Last 30d,other,2660000,visits,,verbatim narrative,SRC00616,MEDIUM,TRACTION verbatim (as_of=2026-09-14; company_reported=False)
S0035,traction_cards_issued_globally,As-of-2026-09-15,as_of,25000000,cards,,verbatim narrative,SRC00626,HIGH,TRACTION verbatim (as_of=2026-09-15; company_reported=True)
S0035,traction_employees,As-of-2026-09-15,as_of,1700,employees,,verbatim narrative,SRC00626,MEDIUM,TRACTION verbatim (as_of=2026-09-15; company_reported=True)
S0035,traction_daily_transactions,As-of-2024-10,as_of,2000000,transactions/day,,verbatim narrative,SRC00645,MEDIUM,TRACTION verbatim (as_of=2024-10-08; company_reported=True)
S0035,traction_payzapp_cardholders,As-of-2025-10,as_of,12000000,cardholders,,verbatim narrative,SRC00626,HIGH,TRACTION verbatim (as_of=2025-10-09; company_reported=True)
S0035,traction_arr_global,FY26E,other,100,million USD,,verbatim narrative,SRC00628,MEDIUM,TRACTION verbatim (as_of=2025-10-09; company_reported=True)
S0035,traction_bank_customers,As-of-2026-09-15,as_of,10,banks,,verbatim narrative,SRC00643,MEDIUM,TRACTION verbatim (as_of=2026-09-15; company_reported=True)
S0035,traction_fintech_customers,As-of-2026-09-15,as_of,25,fintechs,,verbatim narrative,SRC00643,MEDIUM,TRACTION verbatim (as_of=2026-09-15; company_reported=True)
S0035,traction_countries_operating,As-of-2026-09-15,as_of,7,countries,,verbatim narrative,SRC00626,HIGH,TRACTION verbatim (as_of=2026-09-15; company_reported=True)
S0036,traction_India e-retail GMV (market),FY2025,other,65,billion USD,,verbatim narrative,SRC00653,MEDIUM,TRACTION verbatim (as_of=2025-12-31; company_reported=False)
S0036,traction_India online shoppers,FY2025,other,290,million,,verbatim narrative,SRC00653,MEDIUM,TRACTION verbatim (as_of=2025-12-31; company_reported=False)
S0036,traction_India e-retail GMV projection 2030,FY2030,other,170,billion USD,,verbatim narrative,SRC00653,MEDIUM,TRACTION verbatim (as_of=2026-04-09; company_reported=False)
S0036,traction_Quick commerce GMV (market),FY2025,other,10.5,billion USD,,verbatim narrative,SRC00653,MEDIUM,TRACTION verbatim (as_of=2025-12-31; company_reported=False)
S0036,traction_Flipkart FY18 GMV (historical),FY2018,other,7.5,billion USD,,verbatim narrative,SRC00651,HIGH,TRACTION verbatim (as_of=2018-03-31; company_reported=True)
S0036,traction_Flipkart active users (historical),FY2018,other,54,million,,verbatim narrative,SRC00651,HIGH,TRACTION verbatim (as_of=2018-03-31; company_reported=True)
S0037,traction_driver_partners,As-of-2025,other,300000,count,,verbatim narrative,SRC00661,HIGH,TRACTION verbatim (as_of=2025-11-04; company_reported=True)
S0037,traction_driver_partners,As-of-2026,other,1500000,count,,verbatim narrative,SRC00659,MEDIUM,TRACTION verbatim (as_of=2026-09-15; company_reported=True)
S0037,traction_employees,As-of-2023,other,2600,count,,verbatim narrative,SRC00664,HIGH,TRACTION verbatim (as_of=2023-08-02; company_reported=True)
S0037,traction_revenue_growth,FY25,fiscal_year,58,percent,,verbatim narrative,SRC00661,HIGH,TRACTION verbatim (as_of=2025-11-04; company_reported=False)
S0037,traction_customers,As-of-2026,other,10000000,count,,verbatim narrative,SRC00659,MEDIUM,TRACTION verbatim (as_of=2026-09-15; company_reported=True)
S0037,traction_customers,As-of-2025,other,2000000,count,,verbatim narrative,SRC00661,HIGH,TRACTION verbatim (as_of=2025-11-04; company_reported=True)
S0037,traction_trips,As-of-2026,other,100000000,count,,verbatim narrative,SRC00659,MEDIUM,TRACTION verbatim (as_of=2026-09-15; company_reported=True)
S0037,traction_cities,As-of-2025,other,22,count,,verbatim narrative,SRC00659,HIGH,TRACTION verbatim (as_of=2025-11-04; company_reported=True)
S0037,traction_countries,As-of-2026,other,3,count,,verbatim narrative,SRC00659,MEDIUM,TRACTION verbatim (as_of=2026-09-15; company_reported=True)
S0037,traction_customers_historical,As-of-2023,other,13000000,count,,verbatim narrative,SRC00664,HIGH,TRACTION verbatim (as_of=2023-08-02; company_reported=True)
S0037,traction_cities_historical,As-of-2023,other,19,count,,verbatim narrative,SRC00664,HIGH,TRACTION verbatim (as_of=2023-08-02; company_reported=True)
S0038,traction_Airlearn daily_active_users,As-of-2025-04,as_of,70000,users,,verbatim narrative,SRC00676,HIGH,TRACTION verbatim (as_of=2025-04-11; company_reported=True)
S0038,traction_Airlearn_monthly_active_users,As-of-2025-04,as_of,300000,users,,verbatim narrative,SRC00676,HIGH,TRACTION verbatim (as_of=2025-04-11; company_reported=True)
S0038,traction_Airlearn_paid_subscribers,As-of-2025-04,as_of,17500,subscribers,,verbatim narrative,SRC00676,HIGH,TRACTION verbatim (as_of=2025-04-11; company_reported=True)
S0038,traction_Airlearn_bookings_run_rate,As-of-2025-04,as_of,2,million USD,,verbatim narrative,SRC00676,HIGH,TRACTION verbatim (as_of=2025-04-11; company_reported=True)
S0038,traction_Airlearn_lessons_completed,past year (as-of-2025-04),other,20000000,lessons,,verbatim narrative,SRC00676,HIGH,TRACTION verbatim (as_of=2025-04-11; company_reported=True)
S0038,traction_Unacademy_youtube_views,cumulative,cumulative,10000000000,views,,verbatim narrative,SRC00288,HIGH,TRACTION verbatim (as_of=2026-09-01; company_reported=True)
S0038,traction_Unacademy_total_users,cumulative,cumulative,10000000,users,,verbatim narrative,SRC00288,HIGH,TRACTION verbatim (as_of=2026-09-01; company_reported=True)
S0038,traction_cash_burn,CY2025 target,other,200,crore INR,,verbatim narrative,SRC00677,HIGH,TRACTION verbatim (as_of=2025-04-21; company_reported=True)
S0038,traction_offline_centres_profitable,CY2025 target,other,70,percent,,verbatim narrative,SRC00677,MEDIUM,TRACTION verbatim (as_of=2025-04-21; company_reported=True)
S0040,traction_manufacturing_order_book,FY26,fiscal_year,12370,Rs crore,,verbatim narrative,SRC00719,HIGH,TRACTION verbatim (as_of=2026-03-31; company_reported=True)
S0040,traction_owned_manufacturing_facilities,FY26,fiscal_year,26,count,,verbatim narrative,SRC00718,HIGH,TRACTION verbatim (as_of=2026-08-14; company_reported=True)
S0040,traction_third_party_suppliers,FY26,fiscal_year,6979,count,,verbatim narrative,SRC00718,HIGH,TRACTION verbatim (as_of=2026-08-14; company_reported=True)
S0040,traction_customer_count,FY26,fiscal_year,1100,count,,verbatim narrative,SRC00717,HIGH,TRACTION verbatim (as_of=2026-08-14; company_reported=True)
S0040,traction_countries_served,FY26,fiscal_year,19,count,,verbatim narrative,SRC00716,HIGH,TRACTION verbatim (as_of=2026-08-14; company_reported=True)
S0040,traction_international_revenue_share,FY26,fiscal_year,30,percent,,verbatim narrative,SRC00718,HIGH,TRACTION verbatim (as_of=2026-08-14; company_reported=True)
S0040,traction_top10_customer_concentration,FY26,fiscal_year,35.9,percent,,verbatim narrative,SRC00719,HIGH,TRACTION verbatim (as_of=2026-03-31; company_reported=True)
S0041,traction_registered users,cumulative,cumulative,280M+,,,verbatim narrative,SRC00748,MEDIUM,TRACTION verbatim (as_of=2025-08; company_reported=False)
S0041,"traction_FY24 revenue (pre-ban, paid contests)",FY24,fiscal_year,"Rs 9,600cr+",,,verbatim narrative,SRC00748,MEDIUM,TRACTION verbatim (as_of=2024; company_reported=False)
S0042,traction_platform reach (company claim),current,other,30k+ brands; 2B+ users; 150+ countries; Glance 370M+ users,,,verbatim narrative,SRC00772,MEDIUM,TRACTION verbatim (as_of=2025; company_reported=True)
S0042,traction_platform reach (company claim),current,other,30000,brands,,verbatim narrative,SRC00770,MEDIUM,TRACTION verbatim (as_of=2026-09-15; company_reported=True)
S0042,traction_platform reach (company claim),current,other,2000000000,users,,verbatim narrative,SRC00770,MEDIUM,TRACTION verbatim (as_of=2026-09-15; company_reported=True)
S0042,traction_platform reach (company claim),current,other,150,countries,,verbatim narrative,SRC00770,MEDIUM,TRACTION verbatim (as_of=2026-09-15; company_reported=True)
S0042,traction_Glance smartphone installs,2024,year,450000000,smartphones,,verbatim narrative,SRC00760,MEDIUM,TRACTION verbatim (as_of=2024-07-17; company_reported=True)
S0042,traction_Glance revenue growth,FY24,fiscal_year,90,percent YoY,,verbatim narrative,SRC00753,MEDIUM,TRACTION verbatim (as_of=2025-01-22; company_reported=True)
S0042,traction_North America revenue share,FY25 target,other,75,percent,,verbatim narrative,SRC00753,MEDIUM,TRACTION verbatim (as_of=2025-01-22; company_reported=False)
S0042,traction_InMobi Advertising exchange rank,2022,year,2,rank,,verbatim narrative,SRC00766,MEDIUM,TRACTION verbatim (as_of=2022; company_reported=True)
S0043,traction_consolidated GMV,quarterly,other,"Rs 5,590cr (+34% YoY)",,,verbatim narrative,SRC00779,HIGH,TRACTION verbatim (as_of=Q1 FY27; company_reported=True)
S0043,traction_cumulative customers; stores,cumulative,cumulative,40M customers; 221 stores,,,verbatim narrative,SRC00783,MEDIUM,TRACTION verbatim (as_of=Q3 FY25; company_reported=True)
S0044,traction_cloud kitchens,2024-12,other,"450 kitchens across 75 cities (India, MENA, UK)",,,verbatim narrative,SRC00786,HIGH,TRACTION verbatim (as_of=2024-12; company_reported=)
S0044,traction_cloud_kitchens,As-of-2024-12,as_of,450,kitchens,,verbatim narrative,SRC00786,HIGH,TRACTION verbatim (as_of=2024-12-12; company_reported=True)
S0044,traction_cities,As-of-2024-12,as_of,75,cities,,verbatim narrative,SRC00786,HIGH,TRACTION verbatim (as_of=2024-12-12; company_reported=True)
S0044,traction_kitchens_target_2029,By-2029,other,800,kitchens,,verbatim narrative,SRC00786,HIGH,TRACTION verbatim (as_of=2024-12-12; company_reported=True)
S0044,traction_cities_target_2029,By-2029,other,200,cities,,verbatim narrative,SRC00786,HIGH,TRACTION verbatim (as_of=2024-12-12; company_reported=True)
S0044,traction_wendy_stores,As-of-2024-12,as_of,160,stores,,verbatim narrative,SRC00786,HIGH,TRACTION verbatim (as_of=2024-12-12; company_reported=True)
S0044,traction_revenue_growth_yoy,FY25,fiscal_year,14,percent,,verbatim narrative,SRC00788,HIGH,TRACTION verbatim (as_of=2025-12-05; company_reported=False)
S0044,traction_revenue_growth_yoy,FY26,fiscal_year,21,percent,,verbatim narrative,SRC00792,MEDIUM,TRACTION verbatim (as_of=2026-09-15; company_reported=False)
S0045,traction_market_share,FY23,fiscal_year,38,percent,,verbatim narrative,SRC00797,MEDIUM,TRACTION verbatim (as_of=2023-06-20; company_reported=True)
S0045,traction_retail_outlets,FY23,fiscal_year,34000,count,,verbatim narrative,SRC00797,MEDIUM,TRACTION verbatim (as_of=2023-06-20; company_reported=True)
S0045,traction_countries_exported,FY23,fiscal_year,22,count,,verbatim narrative,SRC00797,MEDIUM,TRACTION verbatim (as_of=2023-06-20; company_reported=True)
S0045,traction_unicorn_valuation,FY25,fiscal_year,1000000000,USD,,verbatim narrative,SRC00803,MEDIUM,TRACTION verbatim (as_of=2025-05-26; company_reported=True)
S0046,traction_NRR / NPS,2026-03,other,"NRR 114%, NPS 77 (Q3 FY26)",,,verbatim narrative,SRC00827,MEDIUM,TRACTION verbatim (as_of=2026-03; company_reported=)
S0047,traction_kirana_stores_served,As-of-2025-06-30,as_of,500000,stores,,verbatim narrative,SRC00835,HIGH,TRACTION verbatim (as_of=2025-06-30; company_reported=True)
S0047,traction_cities_served,As-of-2025-06-30,as_of,400,cities,,verbatim narrative,SRC00835,HIGH,TRACTION verbatim (as_of=2025-06-30; company_reported=True)
S0047,traction_brands_partnered,As-of-2025-06-30,as_of,2000,brands,,verbatim narrative,SRC00835,HIGH,TRACTION verbatim (as_of=2025-06-30; company_reported=True)
S0047,traction_kirana_stores_served,FY23,fiscal_year,250000,stores,,verbatim narrative,SRC00843,HIGH,TRACTION verbatim (as_of=2024-05; company_reported=True)
S0047,traction_kirana_stores_served,As-of-2026-03,as_of,250000,stores,,verbatim narrative,SRC00836,HIGH,TRACTION verbatim (as_of=2026-03-03; company_reported=True)
S0047,traction_gmv,FY22,fiscal_year,1100,crore,,verbatim narrative,SRC00844,HIGH,TRACTION verbatim (as_of=2023-05; company_reported=True)
S0047,traction_j24_stores_peak,Peak,other,100,stores,,verbatim narrative,SRC00838,MEDIUM,TRACTION verbatim (as_of=2024-07; company_reported=False)
S0047,traction_cities_operating,As-of-2024-07,as_of,21,cities,,verbatim narrative,SRC00838,MEDIUM,TRACTION verbatim (as_of=2024-07; company_reported=False)
S0048,traction_experience_centres,As-of-2026,other,123,count,,verbatim narrative,SRC00883,MEDIUM,TRACTION verbatim (as_of=2026-07-24; company_reported=True)
S0048,traction_cities_operational,As-of-2026,other,95,count,,verbatim narrative,SRC00883,MEDIUM,TRACTION verbatim (as_of=2026-07-24; company_reported=True)
S0048,traction_homes_delivered,As-of-2026,other,50000,count,,verbatim narrative,SRC00885,MEDIUM,TRACTION verbatim (as_of=2026-07-24; company_reported=True)
S0048,traction_designers,As-of-2026,other,3500,count,,verbatim narrative,SRC00885,MEDIUM,TRACTION verbatim (as_of=2026-07-24; company_reported=True)
S0048,traction_countries_operational,As-of-2026,other,4,count,,verbatim narrative,SRC00885,MEDIUM,TRACTION verbatim (as_of=2026-07-24; company_reported=True)
S0048,traction_gmv_runrate,FY22 Q1 (Apr 2022),other,350,million,,verbatim narrative,SRC00886,MEDIUM,TRACTION verbatim (as_of=2022-02-08; company_reported=True)
S0048,traction_cities_FY23,FY23 (as of Mar 2023),other,45,count,,verbatim narrative,SRC00865,HIGH,TRACTION verbatim (as_of=2023-09-15; company_reported=True)
S0048,traction_stores_FY25,FY25 (as of Oct 2025),other,150,count,,verbatim narrative,SRC00866,HIGH,TRACTION verbatim (as_of=2025-10-13; company_reported=True)
S0049,traction_transacting_users,LTM as of Nov 2025,other,234.2,million,,verbatim narrative,SRC00888,HIGH,TRACTION verbatim (as_of=2025-11-28; company_reported=True)
S0049,traction_annual_transacting_sellers,LTM as of Nov 2025,other,706471,count,,verbatim narrative,SRC00888,HIGH,TRACTION verbatim (as_of=2025-11-28; company_reported=True)
S0049,traction_active_content_creators,LTM as of Nov 2025,other,50000,count,,verbatim narrative,SRC00888,HIGH,TRACTION verbatim (as_of=2025-11-28; company_reported=True)
S0049,traction_annual_transacting_users,"As of Dec 31, 2024",other,187,million,,verbatim narrative,SRC00890,HIGH,TRACTION verbatim (as_of=2024-12-31; company_reported=True)
S0049,traction_annual_transacting_sellers,Q1 FY27 (Jun 2026),other,1040000,count,,verbatim narrative,SRC00897,HIGH,TRACTION verbatim (as_of=2026-06-30; company_reported=True)
S0049,traction_orders,Q1 FY27 (Jun 2026),other,725,million,,verbatim narrative,SRC00897,HIGH,TRACTION verbatim (as_of=2026-06-30; company_reported=True)
S0049,traction_active_sellers,Pre-IPO,other,575000,count,,verbatim narrative,SRC00898,HIGH,TRACTION verbatim (as_of=2025-10-28; company_reported=True)
S0049,traction_pin_codes_served,As of Apr 2023,other,26000,count,,verbatim narrative,SRC00901,HIGH,TRACTION verbatim (as_of=2023-04-12; company_reported=True)
S0049,traction_entrepreneurs_registered,As of Apr 2023,other,13000000,count,,verbatim narrative,SRC00901,HIGH,TRACTION verbatim (as_of=2023-04-12; company_reported=True)
S0049,traction_average_order_value,Pre-IPO,other,260,INR,,verbatim narrative,SRC00898,MEDIUM,TRACTION verbatim (as_of=2025-10-28; company_reported=True)
S0051,traction_daily rides,Mar 2025,other,3300000,rides,,verbatim narrative,SRC00928,HIGH,TRACTION verbatim (as_of=2025-03-09; company_reported=True)
S0051,traction_daily rides,Mar 2026,other,6500000,rides,,verbatim narrative,SRC00930,HIGH,TRACTION verbatim (as_of=2026-07-08; company_reported=True)
S0051,traction_daily rides,Jun 2026,other,7000000,rides,,verbatim narrative,SRC00936,MEDIUM,TRACTION verbatim (as_of=2026-06-18; company_reported=True)
S0051,traction_monthly active users,Jan-Mar 2026,other,36000000,users,,verbatim narrative,SRC00930,HIGH,TRACTION verbatim (as_of=2026-07-08; company_reported=False)
S0051,traction_active captains (monthly),Apr 2026,other,3000000,drivers,,verbatim narrative,SRC00960,HIGH,TRACTION verbatim (as_of=2026-04-02; company_reported=True)
S0051,traction_cities,2026,year,500,cities,,verbatim narrative,SRC00946,HIGH,TRACTION verbatim (as_of=2026-09-15; company_reported=True)
S0051,traction_cab drivers onboarded,Jun 2026,other,500000,drivers,,verbatim narrative,SRC00961,HIGH,TRACTION verbatim (as_of=2026-06-08; company_reported=True)
S0051,traction_bike taxi market share,Jun 2026,other,72,percent,,verbatim narrative,SRC00936,MEDIUM,TRACTION verbatim (as_of=2026-06-18; company_reported=False)
S0051,traction_total rides completed,cumulative,cumulative,100000000,rides,,verbatim narrative,SRC00946,MEDIUM,TRACTION verbatim (as_of=2026-09-15; company_reported=True)
S0051,traction_monthly active users,Mar-May 2026,other,82000000,users,,verbatim narrative,SRC00930,HIGH,TRACTION verbatim (as_of=2026-07-08; company_reported=False)
S0051,traction_auto market share,Jun 2026,other,51,percent,,verbatim narrative,SRC00936,MEDIUM,TRACTION verbatim (as_of=2026-06-18; company_reported=False)
S0051,traction_cab market share,Jun 2026,other,31,percent,,verbatim narrative,SRC00936,MEDIUM,TRACTION verbatim (as_of=2026-06-18; company_reported=False)
S0051,traction_registered customers,2026,year,75000000,users,,verbatim narrative,SRC00962,MEDIUM,TRACTION verbatim (as_of=2026-09-15; company_reported=True)
S0052,traction_MAU_all_platforms,As-of-2026-08,as_of,325,million,,verbatim narrative,SRC00974,HIGH,TRACTION verbatim (as_of=2026-08-12; company_reported=True)
S0052,traction_MAU_all_platforms,FY23,fiscal_year,325,million,,verbatim narrative,SRC00974,HIGH,TRACTION verbatim (as_of=2023-12-31; company_reported=True)
S0052,traction_MAU_all_platforms,FY25,fiscal_year,200,million,,verbatim narrative,SRC00975,HIGH,TRACTION verbatim (as_of=2025-10-17; company_reported=True)
S0052,traction_monthly_active_users_historical,FY20,fiscal_year,140,million,,verbatim narrative,SRC00976,HIGH,TRACTION verbatim (as_of=2020-08; company_reported=True)
S0052,traction_monthly_active_users_historical,FY20,fiscal_year,160,million,,verbatim narrative,SRC00994,HIGH,TRACTION verbatim (as_of=2020-11; company_reported=True)
S0052,traction_employee_count,FY22,fiscal_year,2800,count,,verbatim narrative,SRC00973,MEDIUM,TRACTION verbatim (as_of=2022-01-01; company_reported=False)
S0052,traction_employee_count,FY25,fiscal_year,500,count,,verbatim narrative,SRC00973,HIGH,TRACTION verbatim (as_of=2025-05-07; company_reported=True)
S0052,traction_MAU_sharechat_app,As-of-2026-08,as_of,110,million,,verbatim narrative,SRC00974,HIGH,TRACTION verbatim (as_of=2026-08-12; company_reported=True)
S0052,traction_MAU_moj,As-of-2026-08,as_of,100,million,,verbatim narrative,SRC00974,HIGH,TRACTION verbatim (as_of=2026-08-12; company_reported=True)
S0052,traction_daily_video_plays,As-of-2026-08,as_of,1100,million,,verbatim narrative,SRC00974,HIGH,TRACTION verbatim (as_of=2026-08-12; company_reported=True)
S0052,traction_daily_video_plays_moj,As-of-2026-08,as_of,1300,million,,verbatim narrative,SRC00974,HIGH,TRACTION verbatim (as_of=2026-08-12; company_reported=True)
S0052,traction_creator_community_sharechat,As-of-2026-08,as_of,1500,thousand,,verbatim narrative,SRC00974,HIGH,TRACTION verbatim (as_of=2026-08-12; company_reported=True)
S0052,traction_creator_community_moj,As-of-2026-08,as_of,550,thousand,,verbatim narrative,SRC00974,HIGH,TRACTION verbatim (as_of=2026-08-12; company_reported=True)
S0052,traction_quicktv_downloads,As-of-2026-08,as_of,50,million,,verbatim narrative,SRC00974,HIGH,TRACTION verbatim (as_of=2026-08-12; company_reported=True)
S0052,traction_quicktv_subscribers,As-of-2026-08,as_of,73,million,,verbatim narrative,SRC00974,HIGH,TRACTION verbatim (as_of=2026-08-12; company_reported=True)
S0052,traction_quicktv_downloads,As-of-2025-09,as_of,15,million,,verbatim narrative,SRC00975,HIGH,TRACTION verbatim (as_of=2025-10-17; company_reported=True)
S0052,traction_micro_drama_monthly_users,FY25,fiscal_year,35,million,,verbatim narrative,SRC00975,HIGH,TRACTION verbatim (as_of=2025-10-17; company_reported=True)
S0052,traction_content_shared_per_month,As-of-2026-08,as_of,165,million,,verbatim narrative,SRC00995,HIGH,TRACTION verbatim (as_of=2026-08-12; company_reported=True)
S0052,traction_video_views_per_month,As-of-2026-08,as_of,280,billion,,verbatim narrative,SRC00995,HIGH,TRACTION verbatim (as_of=2026-08-12; company_reported=True)
S0052,traction_average_daily_time_spent,As-of-2026-08,as_of,34,minutes,,verbatim narrative,SRC00995,HIGH,TRACTION verbatim (as_of=2026-08-12; company_reported=True)
S0052,traction_languages_supported,As-of-2026-08,as_of,15,count,,verbatim narrative,SRC00056,HIGH,TRACTION verbatim (as_of=2026-08-12; company_reported=True)
S0053,traction_registered_job_seekers,As-of-2026-09-15,as_of,50000000,count,,verbatim narrative,SRC01008,HIGH,TRACTION verbatim (as_of=2026-09-15; company_reported=True)
S0053,traction_registered_employers_msmes,As-of-2026-09-15,as_of,700000,count,,verbatim narrative,SRC01008,HIGH,TRACTION verbatim (as_of=2026-09-15; company_reported=True)
S0053,traction_career_opportunities_listed,As-of-2026-09-15,as_of,5000000,count,,verbatim narrative,SRC01008,HIGH,TRACTION verbatim (as_of=2026-09-15; company_reported=True)
S0053,traction_job_applications,Q1-2025,other,18100000,count,,verbatim narrative,SRC00999,HIGH,TRACTION verbatim (as_of=2025-03-31; company_reported=True)
S0053,traction_app_downloads,As-of-2026-09-15,as_of,50000000,count,,verbatim narrative,SRC01008,HIGH,TRACTION verbatim (as_of=2026-09-15; company_reported=True)
S0053,traction_employee_count,As-of-2025-08-31,as_of,745,count,,verbatim narrative,SRC00998,MEDIUM,TRACTION verbatim (as_of=2025-08-31; company_reported=False)
S0053,traction_enterprise_ai_contracts,45-days-from-Oct-2025,other,6000000,USD,,verbatim narrative,SRC01006,MEDIUM,TRACTION verbatim (as_of=2025-11-28; company_reported=True)
S0053,traction_core_business_growth,2025,year,52,percent,,verbatim narrative,SRC01006,MEDIUM,TRACTION verbatim (as_of=2025-12-31; company_reported=True)
S0053,traction_recruiters_verified_ai,Aug-Sep 2025,other,146000,count,,verbatim narrative,SRC01006,MEDIUM,TRACTION verbatim (as_of=2025-09-30; company_reported=True)
S0053,traction_ai_interviews_completed,As-of-Jun-2025,other,3900000,minutes,,verbatim narrative,SRC00998,MEDIUM,TRACTION verbatim (as_of=2025-06-12; company_reported=True)
S0054,traction_revenue mix,2025,year,Lending 57% of revenue; FY25 revenue ~1500-1667 Cr,,,verbatim narrative,SRC01012,MEDIUM,TRACTION verbatim (as_of=2025; company_reported=False)
S0055,traction_vehicles_sold,FY25,fiscal_year,3050,vehicles,,verbatim narrative,SRC01025,HIGH,TRACTION verbatim (as_of=2025-03-31; company_reported=True)
S0055,traction_vehicles_sold,FY26,fiscal_year,6528,vehicles,,verbatim narrative,SRC01039,HIGH,TRACTION verbatim (as_of=2026-03-31; company_reported=False)
S0055,traction_vehicles_sold,H1-FY27 (Apr-Jul 2026),other,5318,vehicles,,verbatim narrative,SRC01039,HIGH,TRACTION verbatim (as_of=2026-07-31; company_reported=False)
S0055,traction_market_share_3w_cargo,FY26,fiscal_year,10,percent,,verbatim narrative,SRC01025,MEDIUM,TRACTION verbatim (as_of=2026-03-31; company_reported=True)
S0055,traction_market_share_4w_cargo,FY26,fiscal_year,20,percent,,verbatim narrative,SRC01025,MEDIUM,TRACTION verbatim (as_of=2026-03-31; company_reported=True)
S0055,traction_cities_operating,FY26,fiscal_year,112,cities,,verbatim narrative,SRC01039,HIGH,TRACTION verbatim (as_of=2026-08-31; company_reported=True)
S0055,traction_production_capacity,As-of 2024,other,36000,vehicles/year,,verbatim narrative,SRC01032,HIGH,TRACTION verbatim (as_of=2024-08-14; company_reported=True)
S0055,traction_monthly_production,FY26,fiscal_year,1000,vehicles/month,,verbatim narrative,SRC01025,MEDIUM,TRACTION verbatim (as_of=2026-03-31; company_reported=True)
S0055,traction_backorder,As-of Oct 2022,other,9000,vehicles,,verbatim narrative,SRC01031,MEDIUM,TRACTION verbatim (as_of=2022-10-03; company_reported=True)
S0055,traction_showrooms,FY26,fiscal_year,100,showrooms,,verbatim narrative,SRC01040,MEDIUM,TRACTION verbatim (as_of=2025-09-30; company_reported=True)
S0057,traction_growth,2025,year,40%+ revenue growth; cash-in > burn; ~1700 employees (GetLatka),,,verbatim narrative,SRC01053,MEDIUM,TRACTION verbatim (as_of=2025; company_reported=True)
S0058,traction_customer base growth,2023-2024,other,5x YoY (company-reported via SpaceNews),,,verbatim narrative,SRC01059,MEDIUM,TRACTION verbatim (as_of=2024-06; company_reported=True)
S0058,traction_constellation deployed,2025-2026,other,6+ Firefly hyperspectral satellites in orbit,,,verbatim narrative,SRC01086,MEDIUM,TRACTION verbatim (as_of=2026-09; company_reported=True)
S0059,traction_customers / footprint,2026-03,other,"130,000+ customers; 26 states, 500+ cities",,,verbatim narrative,SRC01101,HIGH,TRACTION verbatim (as_of=2026-03; company_reported=)
S0060,traction_units / interactions,2025,year,700K+ units sold; 500M+ interactions (company-reported),,,verbatim narrative,SRC01116,MEDIUM,TRACTION verbatim (as_of=2025; company_reported=)
S0060,traction_geo reach,2025-11,other,140+ countries (company-reported),,,verbatim narrative,SRC01103,MEDIUM,TRACTION verbatim (as_of=2025-11; company_reported=)
S0061,traction_women/girls reached per month,2026-09-07,event_date,3M+,,,verbatim narrative,SRC01118,LOW,TRACTION verbatim (as_of=2026-09-07; company_reported=True)
S0061,traction_annualised revenue run rate,2026-09-07,event_date,Rs 500 Cr (from Rs 100 Cr in 24 months),,,verbatim narrative,SRC01132,LOW,TRACTION verbatim (as_of=2026-09-07; company_reported=True)
S0061,traction_women/girls reached per month,As-of-2026-09-07,as_of,3000000,count,,verbatim narrative,SRC01124,LOW,TRACTION verbatim (as_of=2026-09-07; company_reported=True)
S0061,traction_annualised revenue run rate,FY26-run-rate,other,500,crore,,verbatim narrative,SRC01124,LOW,TRACTION verbatim (as_of=2026-09-07; company_reported=True)
S0061,traction_EBITDA positive,Q2 FY25,other,1,boolean,,verbatim narrative,SRC01126,MEDIUM,TRACTION verbatim (as_of=2025-09; company_reported=True)
S0061,traction_customer retention beyond 12 months,As-of-2022,other,50,percent,,verbatim narrative,SRC01128,MEDIUM,TRACTION verbatim (as_of=2022-09; company_reported=True)
S0062,traction_monthly customers / total customers,2025-08,other,500K avg/month; 3M total,,,verbatim narrative,SRC01138,MEDIUM,TRACTION verbatim (as_of=2025-08; company_reported=True)
S0062,traction_ pincodes served; tier-2+ share,2025-08,other,"20,000+ pincodes; 75%+ tier-2+",,,verbatim narrative,SRC01138,MEDIUM,TRACTION verbatim (as_of=2025-08; company_reported=True)
S0062,traction_monthly_orders,FY25,fiscal_year,600000,orders,,verbatim narrative,SRC01146,MEDIUM,TRACTION verbatim (as_of=2025-08-11; company_reported=True)
S0062,traction_mobile_app_installs,As-of-2026-09-15,as_of,7000000,installs,,verbatim narrative,SRC01145,MEDIUM,TRACTION verbatim (as_of=2026-09-15; company_reported=True)
S0062,traction_unique_users,As-of-2026-09-15,as_of,1000000,users,,verbatim narrative,SRC01145,MEDIUM,TRACTION verbatim (as_of=2026-09-15; company_reported=True)
S0062,traction_total_savings,As-of-2026-09-15,as_of,150,crore,,verbatim narrative,SRC01145,MEDIUM,TRACTION verbatim (as_of=2026-09-15; company_reported=True)
S0062,traction_products_listed,As-of-2026-09-15,as_of,180000,products,,verbatim narrative,SRC01145,MEDIUM,TRACTION verbatim (as_of=2026-09-15; company_reported=True)
S0062,traction_doctor_consultations,As-of-2026-09-15,as_of,3000000,consultations,,verbatim narrative,SRC01145,MEDIUM,TRACTION verbatim (as_of=2026-09-15; company_reported=True)
S0062,traction_doctors_active,As-of-2026-09-15,as_of,600,doctors,,verbatim narrative,SRC01145,MEDIUM,TRACTION verbatim (as_of=2026-09-15; company_reported=True)
S0062,traction_pharmacists,As-of-2026-09-15,as_of,100,pharmacists,,verbatim narrative,SRC01145,MEDIUM,TRACTION verbatim (as_of=2026-09-15; company_reported=True)
S0062,traction_pincodes_served,As-of-2026-09-15,as_of,20000,pincodes,,verbatim narrative,SRC01145,MEDIUM,TRACTION verbatim (as_of=2026-09-15; company_reported=True)
S0062,traction_fulfillment_centers,FY25,fiscal_year,19,centers,,verbatim narrative,SRC01146,HIGH,TRACTION verbatim (as_of=2025-08-11; company_reported=True)
S0062,traction_monthly_customers_avg,FY25,fiscal_year,500000,customers,,verbatim narrative,SRC01138,MEDIUM,TRACTION verbatim (as_of=2025-08; company_reported=True)
S0063,traction_combined AUM post acquisitions,2026-03-18,event_date,">Rs 2,000 Cr; 100+ branches; 18,000+ customers (CHFL base)",,,verbatim narrative,SRC01165,MEDIUM,TRACTION verbatim (as_of=2026-03-18; company_reported=False)
S0063,traction_combined AUM post acquisitions,As-of-2026-03-18,as_of,2000,crore,,verbatim narrative,SRC01165,MEDIUM,TRACTION verbatim (as_of=2026-03-18; company_reported=False)
S0063,traction_customers (CHFL base),As-of-2026-03-18,as_of,18000,count,,verbatim narrative,SRC01165,MEDIUM,TRACTION verbatim (as_of=2026-03-18; company_reported=False)
S0063,traction_branches,As-of-2026-03-18,as_of,100,count,,verbatim narrative,SRC01165,MEDIUM,TRACTION verbatim (as_of=2026-03-18; company_reported=False)
S0063,traction_total funding raised,Cumulative through 2026-03,other,326,million,,verbatim narrative,SRC01169,MEDIUM,TRACTION verbatim (as_of=2026-03-18; company_reported=False)
S0063,traction_acquisition spend (CIHL),2025-08,other,267,crore,,verbatim narrative,SRC01164,HIGH,TRACTION verbatim (as_of=2025-08-12; company_reported=True)
S0064,traction_registered_users,As-of-2026-07,as_of,40000000,count,,verbatim narrative,SRC01189,MEDIUM,TRACTION verbatim (as_of=2026-07-08; company_reported=True)
S0064,traction_cities_operating,As-of-2026-09,as_of,6,count,,verbatim narrative,SRC01188,HIGH,TRACTION verbatim (as_of=2026-09-06; company_reported=True)
S0064,traction_NoBrokerHood_cities,As-of-2026-09,as_of,11,count,,verbatim narrative,SRC01188,HIGH,TRACTION verbatim (as_of=2026-09-06; company_reported=True)
S0064,traction_NoBrokerHood_societies,As-of-2026-09,as_of,25000,count,,verbatim narrative,SRC01188,HIGH,TRACTION verbatim (as_of=2026-09-06; company_reported=True)
S0064,traction_NoBrokerHood_families,As-of-2026-09,as_of,4800000,count,,verbatim narrative,SRC01188,HIGH,TRACTION verbatim (as_of=2026-09-06; company_reported=True)
S0065,traction_launch readiness,2026-05,other,Vikram-1 at Sriharikota; Infinity campus targets 1 rocket/month,,,verbatim narrative,SRC01200,MEDIUM,TRACTION verbatim (as_of=2026-05; company_reported=True)
S0066,traction_contracts_closed_value,As-of-2025-12-16,as_of,25000000,USD,,verbatim narrative,SRC01209,MEDIUM,TRACTION verbatim (as_of=2025-12-16; company_reported=True)
S0066,traction_satellites_deployed,As-of-2025-01-14,as_of,1,count,,verbatim narrative,SRC01226,HIGH,TRACTION verbatim (as_of=2025-01-14; company_reported=True)
S0066,traction_satellites_planned,2026-2027,other,15,count,,verbatim narrative,SRC01209,MEDIUM,TRACTION verbatim (as_of=2025-12-16; company_reported=True)
S0066,traction_revenue_growth,2023-2025,other,10,x,,verbatim narrative,SRC01209,MEDIUM,TRACTION verbatim (as_of=2025-12-16; company_reported=True)
S0066,traction_revenue_target,By end CY2026,other,25000000,USD,,verbatim narrative,SRC01217,MEDIUM,TRACTION verbatim (as_of=2025-12-16; company_reported=True)
S0066,traction_manufacturing_capacity,As-of-2026,other,30,satellites/year,,verbatim narrative,SRC01217,MEDIUM,TRACTION verbatim (as_of=2026-09-15; company_reported=True)
S0066,traction_mosaic_sensor_nodes,As-of-2026-08-18,as_of,5,count,,verbatim narrative,SRC01218,HIGH,TRACTION verbatim (as_of=2026-08-18; company_reported=True)
S0067,traction_registered users,2022-03,other,100M+,,,verbatim narrative,SRC01229,MEDIUM,TRACTION verbatim (as_of=2022-03; company_reported=True)
S0067,traction_registered_users,As-of-2022-03,as_of,100,million,,verbatim narrative,SRC01237,MEDIUM,TRACTION verbatim (as_of=2022-03-30; company_reported=True)
S0067,traction_ipl_partnership,FY25-FY29 (5 years),other,625,crore,,verbatim narrative,SRC01238,MEDIUM,TRACTION verbatim (as_of=2024-03; company_reported=True)
S0067,traction_employee_count,As-of-2025-07,as_of,777,count,,verbatim narrative,SRC01240,MEDIUM,TRACTION verbatim (as_of=2025-07-31; company_reported=False)
S0067,traction_revenue_usd,FY25,fiscal_year,264514128.78,USD,,verbatim narrative,SRC01241,LOW,TRACTION verbatim (as_of=2025-03-31; company_reported=False)
S0068,traction_revenue scale,FY25,fiscal_year,"Rs 18,472 Cr ops revenue, 27% YoY",,,verbatim narrative,SRC01256,MEDIUM,TRACTION verbatim (as_of=FY25; company_reported=False)
S0068,traction_revenue_scale,FY25,fiscal_year,18472,crore,,verbatim narrative,SRC01256,HIGH,TRACTION verbatim (as_of=2026-01-12; company_reported=True)
S0068,traction_revenue_scale,FY26,fiscal_year,20000,crore,,verbatim narrative,SRC01260,MEDIUM,TRACTION verbatim (as_of=2026-09-15; company_reported=False)
S0068,traction_rmc_market_position,FY25,fiscal_year,2,rank,,verbatim narrative,SRC01258,MEDIUM,TRACTION verbatim (as_of=2026-09-15; company_reported=False)
S0068,traction_manufacturing_units,FY25,fiscal_year,250,count,,verbatim narrative,SRC01258,MEDIUM,TRACTION verbatim (as_of=2026-09-15; company_reported=False)
S0068,traction_retail_touchpoints,FY25,fiscal_year,10000,count,,verbatim narrative,SRC01258,MEDIUM,TRACTION verbatim (as_of=2026-09-15; company_reported=False)
S0068,traction_rmc_plants,FY25,fiscal_year,100,count,,verbatim narrative,SRC01272,MEDIUM,TRACTION verbatim (as_of=2026-09-15; company_reported=False)
S0068,traction_employee_count,March 2026,other,5929,count,,verbatim narrative,SRC01264,MEDIUM,TRACTION verbatim (as_of=2026-03; company_reported=False)
S0068,traction_total_funding_raised,cumulative,cumulative,740.44,million,,verbatim narrative,SRC01263,HIGH,TRACTION verbatim (as_of=2026-09-15; company_reported=False)
S0070,traction_loan_book_outstanding,FY26,fiscal_year,13000,crore,,verbatim narrative,SRC00082,HIGH,TRACTION verbatim (as_of=2026-03-31; company_reported=True)
S0070,traction_new_customers_per_day,FY26,fiscal_year,100000,count,,verbatim narrative,SRC00082,HIGH,TRACTION verbatim (as_of=2026-08-19; company_reported=True)
S0070,traction_UPI_transactions,July 2026,other,947000000,count,,verbatim narrative,SRC01286,HIGH,TRACTION verbatim (as_of=2026-07-31; company_reported=True)
S0070,traction_loan_book_outstanding,FY26,fiscal_year,13000,crore,,verbatim narrative,SRC00082,HIGH,TRACTION verbatim (as_of=2026-03-31; company_reported=True)
S0070,traction_total_disbursements,FY26,fiscal_year,23287,crore,,verbatim narrative,SRC00082,HIGH,TRACTION verbatim (as_of=2026-03-31; company_reported=True)
S0070,traction_gross_NPA_ratio,FY26,fiscal_year,1.3,percent,,verbatim narrative,SRC00082,HIGH,TRACTION verbatim (as_of=2026-03-31; company_reported=True)
S0070,traction_net_NPA_ratio,FY26,fiscal_year,0.3,percent,,verbatim narrative,SRC00082,HIGH,TRACTION verbatim (as_of=2026-03-31; company_reported=True)
S0070,traction_new_customers_per_day,FY26,fiscal_year,100000,count,,verbatim narrative,SRC00082,HIGH,TRACTION verbatim (as_of=2026-08-19; company_reported=True)
S0070,traction_loan_approval_rate,FY26,fiscal_year,5-50,percent,,verbatim narrative,SRC00082,HIGH,TRACTION verbatim (as_of=2026-08-19; company_reported=True)
S0070,traction_repeat_customer_share,FY26,fiscal_year,75,percent,,verbatim narrative,SRC00082,HIGH,TRACTION verbatim (as_of=2026-03-31; company_reported=True)
S0070,traction_new_to_credit_share,FY26,fiscal_year,1,percent,,verbatim narrative,SRC00082,HIGH,TRACTION verbatim (as_of=2026-03-31; company_reported=True)
S0070,traction_UPI_transactions,July 2026,other,947000000,count,,verbatim narrative,SRC01286,HIGH,TRACTION verbatim (as_of=2026-07-31; company_reported=True)
S0070,traction_UPI_transactions_value,July 2026,other,483180000000,INR,,verbatim narrative,SRC01286,HIGH,TRACTION verbatim (as_of=2026-07-31; company_reported=True)
S0070,traction_UPI_rank,Ongoing,other,4,rank,,verbatim narrative,SRC00082,HIGH,TRACTION verbatim (as_of=2026-08-19; company_reported=True)
S0070,traction_collection_touchpoints,FY26,fiscal_year,90,count,,verbatim narrative,SRC00082,HIGH,TRACTION verbatim (as_of=2026-08-19; company_reported=True)
S0070,traction_inhouse_collections_share,FY26,fiscal_year,50,percent,,verbatim narrative,SRC00082,HIGH,TRACTION verbatim (as_of=2026-08-19; company_reported=True)
S0070,traction_RoA,FY26,fiscal_year,2.2,percent,,verbatim narrative,SRC00082,HIGH,TRACTION verbatim (as_of=2026-03-31; company_reported=True)
S0070,traction_NIM,FY26,fiscal_year,13,percent,,verbatim narrative,SRC00082,HIGH,TRACTION verbatim (as_of=2026-03-31; company_reported=True)
S0070,traction_average_yield,FY26,fiscal_year,20,percent,,verbatim narrative,SRC00082,HIGH,TRACTION verbatim (as_of=2026-03-31; company_reported=True)
S0070,traction_cost_of_borrowing,FY26,fiscal_year,10.5,percent,,verbatim narrative,SRC00082,HIGH,TRACTION verbatim (as_of=2026-03-31; company_reported=True)
S0070,traction_personal_loan_avg_ticket,FY26,fiscal_year,140000,INR,,verbatim narrative,SRC00082,HIGH,TRACTION verbatim (as_of=2026-03-31; company_reported=True)
S0070,traction_LAP_avg_ticket,FY26,fiscal_year,3000000,INR,,verbatim narrative,SRC00082,HIGH,TRACTION verbatim (as_of=2026-03-31; company_reported=True)
S0070,traction_personal_loan_share_of_book,FY26,fiscal_year,90,percent,,verbatim narrative,SRC00082,HIGH,TRACTION verbatim (as_of=2026-03-31; company_reported=True)
S0071,traction_farmers_linked,As-of-2026-07,as_of,150000,count,,verbatim narrative,SRC01309,HIGH,TRACTION verbatim (as_of=2026-07-02; company_reported=True)
S0071,traction_retailers_served,As-of-2026-07,as_of,30000,count,,verbatim narrative,SRC01309,HIGH,TRACTION verbatim (as_of=2026-07-02; company_reported=True)
S0071,traction_resellers_served,As-of-2026-07,as_of,5000,count,,verbatim narrative,SRC01309,HIGH,TRACTION verbatim (as_of=2026-07-02; company_reported=True)
S0071,traction_daily_produce_volume,As-of-2026-07,as_of,1500,tonnes,,verbatim narrative,SRC01309,HIGH,TRACTION verbatim (as_of=2026-07-02; company_reported=True)
S0071,traction_cities_served,As-of-2026-07,as_of,40,count,,verbatim narrative,SRC01308,HIGH,TRACTION verbatim (as_of=2026-07-02; company_reported=True)
S0071,traction_product_categories,As-of-2026-07,as_of,150,count,,verbatim narrative,SRC01308,HIGH,TRACTION verbatim (as_of=2026-07-02; company_reported=True)
S0071,traction_ebitda_profitability,As-of-2026-07,as_of,1,boolean,,verbatim narrative,SRC01308,HIGH,TRACTION verbatim (as_of=2026-07-02; company_reported=True)
S0071,traction_core_business_growth,FY25-FY26,other,3,x,,verbatim narrative,SRC01308,MEDIUM,TRACTION verbatim (as_of=2026-07-02; company_reported=True)
S0071,traction_locations_presence,Oct-2023,other,70,count,,verbatim narrative,SRC01315,MEDIUM,TRACTION verbatim (as_of=2023-10-11; company_reported=True)
S0071,traction_farmers_helped_historical,As-of-2022-01,as_of,100000,count,,verbatim narrative,SRC01311,MEDIUM,TRACTION verbatim (as_of=2022-01-24; company_reported=True)
S0072,traction_merchants_served,As-of-2025,other,500000,count,,verbatim narrative,SRC01357,MEDIUM,TRACTION verbatim (as_of=2025-06-01; company_reported=)
S0072,traction_merchants_served,As-of-2020,other,140000,count,,verbatim narrative,SRC01335,MEDIUM,TRACTION verbatim (as_of=2020-01-01; company_reported=)
S0072,traction_pos_terminals,As-of-2020,other,330000,count,,verbatim narrative,SRC01358,MEDIUM,TRACTION verbatim (as_of=2020-01-01; company_reported=)
S0072,traction_annualized_payment_volume,As-of-2020,other,30000000000,USD,,verbatim narrative,SRC01335,MEDIUM,TRACTION verbatim (as_of=2020-01-01; company_reported=)
S0072,traction_annualized_gtv_gift_cards,As-of-2019,other,1500000000,USD,,verbatim narrative,SRC01359,MEDIUM,TRACTION verbatim (as_of=2019-03-19; company_reported=)
S0072,traction_digital_checkout_points,FY24,fiscal_year,1270000,count,,verbatim narrative,SRC01360,MEDIUM,TRACTION verbatim (as_of=2025-06-01; company_reported=)
S0072,traction_annualized_payment_volume,FY26,fiscal_year,100000000000,USD,,verbatim narrative,SRC01331,MEDIUM,TRACTION verbatim (as_of=2026-02-01; company_reported=)
S0072,traction_online_payments_revenue_growth,Q3 FY26 YoY,other,50,percent,,verbatim narrative,SRC01351,MEDIUM,TRACTION verbatim (as_of=2026-02-01; company_reported=)
S0072,traction_gtv,Q3 FY26,other,51000000000,USD,,verbatim narrative,SRC01361,MEDIUM,TRACTION verbatim (as_of=2026-02-01; company_reported=)
S0075,traction_daily_active_users,As-of-2026-03,as_of,700000,count,,verbatim narrative,SRC01434,MEDIUM,TRACTION verbatim (as_of=2026-03-24; company_reported=True)
S0075,traction_market_share_smart_rings,Q3 2025,other,25,percent,,verbatim narrative,SRC01434,MEDIUM,TRACTION verbatim (as_of=2026-02-27; company_reported=False)
S0075,traction_retail_outlets,As-of-2024-04,as_of,150,count,,verbatim narrative,SRC01435,HIGH,TRACTION verbatim (as_of=2024-04-25; company_reported=True)
S0075,traction_manufacturing_capacity_texas,Target 2025,other,500000,units/year,,verbatim narrative,SRC01409,HIGH,TRACTION verbatim (as_of=2025-05-08; company_reported=True)
S0075,traction_countries_served,As-of-2024-12,as_of,10,count,,verbatim narrative,SRC01410,MEDIUM,TRACTION verbatim (as_of=2024-12; company_reported=True)
S0075,traction_blood_vision_states,As-of-2025-07,as_of,48,count,,verbatim narrative,SRC01423,HIGH,TRACTION verbatim (as_of=2025-07-15; company_reported=True)
S0076,traction_cafe count,Aug 2026,other,~240 outlets; 80-100 new stores/year; 320 target by FY27-end,,,verbatim narrative,SRC01438,MEDIUM,TRACTION verbatim (as_of=2026-08; company_reported=True)
S0076,traction_cafe count,Aug 2026,other,240,outlets,,verbatim narrative,SRC01438,HIGH,TRACTION verbatim (as_of=2026-08-24; company_reported=True)
S0076,traction_cafe count by city,As of 2026-09,other,23,Bengaluru locations,,verbatim narrative,SRC01442,MEDIUM,TRACTION verbatim (as_of=2026-09-15; company_reported=True)
S0076,traction_cafe count by city,As of 2026-09,other,9,Delhi NCR locations,,verbatim narrative,SRC01442,MEDIUM,TRACTION verbatim (as_of=2026-09-15; company_reported=True)
S0076,traction_cafe count by city,As of 2026-09,other,4,Hyderabad locations,,verbatim narrative,SRC01442,MEDIUM,TRACTION verbatim (as_of=2026-09-15; company_reported=True)
S0076,traction_cafe count by city,As of 2026-09,other,3,Gurugram locations,,verbatim narrative,SRC01442,MEDIUM,TRACTION verbatim (as_of=2026-09-15; company_reported=True)
S0076,traction_revenue growth,FY26 vs FY25,other,30,percent,,verbatim narrative,SRC01438,HIGH,TRACTION verbatim (as_of=2026-08-24; company_reported=True)
S0076,traction_annual store additions,Ongoing,other,80,stores/year,,verbatim narrative,SRC01438,HIGH,TRACTION verbatim (as_of=2026-08-24; company_reported=True)
S0076,traction_cafe_count,As-of-2026-08,as_of,240,cafes,,verbatim narrative,SRC01449,HIGH,TRACTION verbatim (as_of=2026-08-24; company_reported=True)
S0076,traction_cafe_count_website,As-of-2026-09,as_of,204,cafes,,verbatim narrative,SRC01450,HIGH,TRACTION verbatim (as_of=2026-09-15; company_reported=True)
S0076,traction_revenue_growth,FY26 vs FY25,other,30,percent,,verbatim narrative,SRC01438,MEDIUM,TRACTION verbatim (as_of=2026-08-24; company_reported=True)
S0076,traction_employee_count,As-of-2026-05-01,as_of,2116,employees,,verbatim narrative,SRC01446,MEDIUM,TRACTION verbatim (as_of=2026-05-01; company_reported=False)
S0077,traction_network scale,2025-05,other,"600+ cities, 150+ cold storage points, 4000+ reefers; target 1000 cities end-2025",,,verbatim narrative,SRC01458,MEDIUM,TRACTION verbatim (as_of=2025-05; company_reported=True)
S0077,traction_revenue growth,FY25,fiscal_year,2.5x YoY topline growth claimed; Rs 300 Cr ARR track,,,verbatim narrative,SRC01458,MEDIUM,TRACTION verbatim (as_of=2025-05; company_reported=True)
S0078,traction_GTV,FY25,fiscal_year,"Rs 59,093 cr, 186,108 transactions",,,verbatim narrative,SRC01473,MEDIUM,TRACTION verbatim (as_of=FY25; company_reported=True)
S0078,traction_GTV,FY25,fiscal_year,59093,crore,,verbatim narrative,SRC01473,MEDIUM,TRACTION verbatim (as_of=2025-03-31; company_reported=True)
S0078,traction_transactions,FY25,fiscal_year,186108,count,,verbatim narrative,SRC01473,MEDIUM,TRACTION verbatim (as_of=2025-03-31; company_reported=True)
S0078,traction_loan_disbursal,FY26,fiscal_year,87831,crore,,verbatim narrative,SRC01468,MEDIUM,TRACTION verbatim (as_of=2026-03-31; company_reported=True)
S0078,traction_loan_disbursal,FY25,fiscal_year,61000,crore,,verbatim narrative,SRC01469,MEDIUM,TRACTION verbatim (as_of=2025-03-31; company_reported=True)
S0078,traction_properties_listed,FY25,fiscal_year,1000000,count,,verbatim narrative,SRC01469,MEDIUM,TRACTION verbatim (as_of=2025-03-31; company_reported=True)
S0078,traction_homebuyers_served,cumulative,cumulative,8000000,count,,verbatim narrative,SRC01469,MEDIUM,TRACTION verbatim (as_of=FY25; company_reported=True)
S0078,traction_agents_on_platform,cumulative,cumulative,80000,count,,verbatim narrative,SRC01469,MEDIUM,TRACTION verbatim (as_of=FY25; company_reported=True)
S0078,traction_countries_operating,FY25,fiscal_year,9,count,,verbatim narrative,SRC01469,MEDIUM,TRACTION verbatim (as_of=FY25; company_reported=True)
S0078,traction_cities_operating,FY25,fiscal_year,100,count,,verbatim narrative,SRC01469,MEDIUM,TRACTION verbatim (as_of=FY25; company_reported=True)
S0079,traction_investments facilitated + investors,lifetime to Jan 2026,other,"Rs 8,000 Cr+ facilitated; ~3 lakh investors",,,verbatim narrative,SRC01479,MEDIUM,TRACTION verbatim (as_of=2026-01; company_reported=True)
S0079,traction_revenue run-rate,Jan 2026,other,"~$10Mn annualised, 80% from repeat users",,,verbatim narrative,SRC01479,MEDIUM,TRACTION verbatim (as_of=2026-01; company_reported=True)
S0080,traction_autonomous test flights,to Aug 2026,other,"1,000+ autonomous flights, zero mission failures (with Narayana Health)",,,verbatim narrative,SRC01486,MEDIUM,TRACTION verbatim (as_of=2026-08; company_reported=True)
S0081,traction_fleet distance + deployments,to Jan 2025,other,"500,000+ km logged across 50+ factories; order book tripled Q4 2024",,,verbatim narrative,SRC01491,MEDIUM,TRACTION verbatim (as_of=2025-01; company_reported=True)
S0083,traction_market share branded personal audio India,FY25,fiscal_year,26% value / 34% volume (Redseer via DRHP),,,verbatim narrative,SRC01512,MEDIUM,TRACTION verbatim (as_of=FY25; company_reported=True)
S0084,traction_Payments GMV,FY25,fiscal_year,Rs 1.16 lakh cr (+203%),,,verbatim narrative,SRC01515,HIGH,TRACTION verbatim (as_of=FY25; company_reported=True)
S0084,traction_Registered users,FY25,fiscal_year,176.4M (+20.5M new),,,verbatim narrative,SRC01516,HIGH,TRACTION verbatim (as_of=FY25; company_reported=True)
S0084,traction_PPI wallet share,Mar 2025,other,21% by value; #1 wallet,,,verbatim narrative,SRC01515,MEDIUM,TRACTION verbatim (as_of=Mar 2025; company_reported=True)
S0085,traction_consolidated_revenue,FY26,fiscal_year,"Rs 20,645 cr",,,verbatim narrative,SRC01530,HIGH,TRACTION verbatim (as_of=FY26; company_reported=True)
S0085,traction_oxyzo_aum,FY26,fiscal_year,"Rs 10,000 cr+ (assets Rs 11,822 cr)",,,verbatim narrative,SRC01530,HIGH,TRACTION verbatim (as_of=FY26; company_reported=True)
S0085,traction_consolidated_revenue,FY26,fiscal_year,20645,crore,,verbatim narrative,SRC01530,HIGH,TRACTION verbatim (as_of=2026-07-29; company_reported=True)
S0085,traction_oxyzo_aum,As-of-2026,other,11000,crore,,verbatim narrative,SRC01542,HIGH,TRACTION verbatim (as_of=2026-06-30; company_reported=True)
S0085,traction_oxyzo_total_disbursed,Cumulative,cumulative,77000,crore,,verbatim narrative,SRC01542,HIGH,TRACTION verbatim (as_of=2026-06-30; company_reported=True)
S0085,traction_oxyzo_sme_customers,As-of-2026,other,100000,count,,verbatim narrative,SRC01542,HIGH,TRACTION verbatim (as_of=2026-06-30; company_reported=True)
S0085,traction_ofbusiness_sme_customers,FY25,fiscal_year,50000,count,,verbatim narrative,SRC01531,MEDIUM,TRACTION verbatim (as_of=2026-04-01; company_reported=True)
S0085,traction_consignments_delivered,FY2024,other,170000,count,,verbatim narrative,SRC01554,MEDIUM,TRACTION verbatim (as_of=2025-02-01; company_reported=True)
S0085,traction_oxyzo_loan_book,Q2 FY25,other,6850,crore,,verbatim narrative,SRC01559,HIGH,TRACTION verbatim (as_of=2024-09-30; company_reported=True)
S0085,traction_bidAssist_businesses,As-of-2026,other,1500000,count,,verbatim narrative,SRC01540,MEDIUM,TRACTION verbatim (as_of=2026-06-30; company_reported=True)
S0085,traction_nexizo_data_points,Annual,other,25000000,count,,verbatim narrative,SRC01554,MEDIUM,TRACTION verbatim (as_of=2025-02-01; company_reported=True)
S0085,traction_oxyzo_gross_npa,FY24,fiscal_year,1.0,percent,,verbatim narrative,SRC01531,HIGH,TRACTION verbatim (as_of=2024-03-31; company_reported=True)
S0085,traction_oxyzo_states_covered,As-of-2025,other,20,count,,verbatim narrative,SRC01550,HIGH,TRACTION verbatim (as_of=2025-09-25; company_reported=True)
S0085,traction_ofbusiness_employee_count,FY26,fiscal_year,30000,count,,verbatim narrative,SRC01567,MEDIUM,TRACTION verbatim (as_of=2026-01-01; company_reported=True)
S0085,traction_ofbusiness_revenue_usd,FY25,fiscal_year,2500,million,,verbatim narrative,SRC01554,MEDIUM,TRACTION verbatim (as_of=2025-02-01; company_reported=True)
S0086,traction_owned_hospitals,2025-07,other,"8 owned hospitals, ~450 beds, ~200k sq ft",,,verbatim narrative,SRC01572,MEDIUM,TRACTION verbatim (as_of=2025-07; company_reported=True)
S0087,traction_daily orders,Mar 2026,other,"20,000+ people order daily",,,verbatim narrative,SRC01582,MEDIUM,TRACTION verbatim (as_of=2026-03; company_reported=True)
S0087,traction_monthly_orders,As-of-2026-09,as_of,1000000,orders,,verbatim narrative,SRC01587,HIGH,TRACTION verbatim (as_of=2026-09-10; company_reported=True)
S0087,traction_daily_orders,Mar 2026,other,20000,orders,,verbatim narrative,SRC01582,MEDIUM,TRACTION verbatim (as_of=2026-03-24; company_reported=True)
S0087,traction_monthly_order_growth,Mar-2026 to Sep-2026,other,3,x,,verbatim narrative,SRC01587,HIGH,TRACTION verbatim (as_of=2026-09-10; company_reported=True)
S0087,traction_on_time_delivery_rate,As-of-2026-09,as_of,80,percent,,verbatim narrative,SRC01587,HIGH,TRACTION verbatim (as_of=2026-09-10; company_reported=True)
S0087,traction_average_preparation_time,As-of-2026-09,as_of,4,minutes,,verbatim narrative,SRC01587,HIGH,TRACTION verbatim (as_of=2026-09-10; company_reported=True)
S0087,traction_kitchen_count,As-of-2026-09,as_of,50,pincodes,,verbatim narrative,SRC01587,MEDIUM,TRACTION verbatim (as_of=2026-09-10; company_reported=True)
S0087,traction_skus,As-of-2026-09,as_of,250,SKUs,,verbatim narrative,SRC01587,HIGH,TRACTION verbatim (as_of=2026-09-10; company_reported=True)
S0087,traction_employee_count,Aug 2025,other,697,employees,,verbatim narrative,SRC01596,MEDIUM,TRACTION verbatim (as_of=2025-08-31; company_reported=False)
S0090,traction_schools,As-of-2026-09,as_of,2500,schools,,verbatim narrative,SRC01615,HIGH,TRACTION verbatim (as_of=2026-09-15; company_reported=True)
S0090,traction_educators,As-of-2026-09,as_of,250000,educators,,verbatim narrative,SRC01615,HIGH,TRACTION verbatim (as_of=2026-09-15; company_reported=True)
S0090,traction_countries,As-of-2026-09,as_of,17,countries,,verbatim narrative,SRC01621,HIGH,TRACTION verbatim (as_of=2026-09-15; company_reported=True)
S0090,traction_ib_schools_pct,As-of-2023-01,as_of,20,percent,,verbatim narrative,SRC01613,HIGH,TRACTION verbatim (as_of=2023-01-10; company_reported=True)
S0090,traction_arr,FY25/As-of-2026-06,other,25,million,,verbatim narrative,SRC01612,MEDIUM,TRACTION verbatim (as_of=2026-06-25; company_reported=False)
S0090,traction_revenue_from_us,FY25,fiscal_year,33.3,percent,,verbatim narrative,SRC01612,MEDIUM,TRACTION verbatim (as_of=2026-06-25; company_reported=False)
S0090,traction_revenue_from_india,As-of-2023-01,as_of,6.5,percent,,verbatim narrative,SRC01613,HIGH,TRACTION verbatim (as_of=2023-01-10; company_reported=True)
S0092,traction_fleet_size,As-of-2026-07,as_of,40,aircraft,,verbatim narrative,SRC01671,HIGH,TRACTION verbatim (as_of=2026-07-04; company_reported=True)
S0092,traction_passengers_flown_cumulative,Since-launch-Aug-2022,other,28,million,,verbatim narrative,SRC01672,HIGH,TRACTION verbatim (as_of=2026-09-15; company_reported=True)
S0092,traction_domestic_destinations,As-of-2026-07,as_of,28,cities,,verbatim narrative,SRC01643,HIGH,TRACTION verbatim (as_of=2026-07-04; company_reported=True)
S0092,traction_international_destinations,As-of-2026-07,as_of,7,cities,,verbatim narrative,SRC01643,HIGH,TRACTION verbatim (as_of=2026-07-04; company_reported=True)
S0092,traction_boeing_firm_order,Order-book,other,226,aircraft,,verbatim narrative,SRC01642,HIGH,TRACTION verbatim (as_of=2026-09-15; company_reported=True)
S0092,traction_weekly_departures,FY25,fiscal_year,1000,flights,,verbatim narrative,SRC01638,MEDIUM,TRACTION verbatim (as_of=2025-08; company_reported=True)
S0092,traction_market_share,2026-Q2,other,5.1,percent,,verbatim narrative,SRC01657,LOW,TRACTION verbatim (as_of=2026-04; company_reported=False)
S0093,traction_meals_per_month,2025-07,other,1.5M+,,,verbatim narrative,SRC01677,MEDIUM,TRACTION verbatim (as_of=2025-07; company_reported=True)
S0093,traction_outlets,As-of-2026,other,300,count,,verbatim narrative,SRC01680,MEDIUM,TRACTION verbatim (as_of=2026-09-15; company_reported=True)
S0093,traction_cities,As-of-2026,other,7,count,,verbatim narrative,SRC01680,MEDIUM,TRACTION verbatim (as_of=2026-09-15; company_reported=True)
S0093,traction_meals_per_day,As-of-2026,other,22000,count,,verbatim narrative,SRC01680,MEDIUM,TRACTION verbatim (as_of=2026-09-15; company_reported=True)
S0093,traction_brands,As-of-2025,other,16,count,,verbatim narrative,SRC01683,HIGH,TRACTION verbatim (as_of=2025-07-25; company_reported=True)
S0093,traction_meals_per_month,FY22,fiscal_year,1500000,count,,verbatim narrative,SRC01677,MEDIUM,TRACTION verbatim (as_of=2021-11-30; company_reported=True)
S0093,traction_kitchens,FY22,fiscal_year,150,count,,verbatim narrative,SRC01677,MEDIUM,TRACTION verbatim (as_of=2021-11-30; company_reported=True)
S0093,traction_revenue_growth_yoy,FY25,fiscal_year,45.4,percent,,verbatim narrative,SRC01679,MEDIUM,TRACTION verbatim (as_of=2026-09-15; company_reported=False)
S0093,traction_revenue_growth_yoy,FY24,fiscal_year,60,percent,,verbatim narrative,SRC01682,MEDIUM,TRACTION verbatim (as_of=2025-07-25; company_reported=False)
S0094,traction_learners,2025-09,other,1M+ across 80+ countries,,,verbatim narrative,SRC01689,MEDIUM,TRACTION verbatim (as_of=2025-09; company_reported=True)
S0094,traction_learners,As-of-2026-09,as_of,350000,count,,verbatim narrative,SRC01699,HIGH,TRACTION verbatim (as_of=2026-09-15; company_reported=True)
S0094,traction_university_partners,As-of-2026-09,as_of,80,count,,verbatim narrative,SRC01699,HIGH,TRACTION verbatim (as_of=2026-09-15; company_reported=True)
S0094,traction_revenue_growth_FY24,FY24,fiscal_year,12.4,percent,,verbatim narrative,SRC01716,HIGH,TRACTION verbatim (as_of=2025-04-02; company_reported=True)
S0094,traction_EBITDA_loss_reduction,FY24,fiscal_year,83.5,percent,,verbatim narrative,SRC01717,HIGH,TRACTION verbatim (as_of=2025-04-02; company_reported=True)
S0094,traction_enterprise_L&D_revenue_share,FY25,fiscal_year,20,percent,,verbatim narrative,SRC01709,MEDIUM,TRACTION verbatim (as_of=2025; company_reported=False)
S0094,traction_India_revenue_share,FY25,fiscal_year,28,percent,,verbatim narrative,SRC01708,MEDIUM,TRACTION verbatim (as_of=2025; company_reported=False)
S0095,traction_revenue_growth_yoy,FY25,fiscal_year,182,percent,,verbatim narrative,SRC01722,HIGH,TRACTION verbatim (as_of=2025-12-17; company_reported=True)
S0095,traction_revenue_from_operations,FY25,fiscal_year,299,crore,,verbatim narrative,SRC01729,HIGH,TRACTION verbatim (as_of=2025-12-17; company_reported=True)
S0095,traction_employee_count,as of May 2026,other,233,count,,verbatim narrative,SRC01732,MEDIUM,TRACTION verbatim (as_of=2026-05-28; company_reported=False)
S0095,traction_app_downloads,as of 2026,other,10000000,count,,verbatim narrative,SRC00056,LOW,TRACTION verbatim (as_of=2026-09-15; company_reported=False)
S0095,traction_app_rating,as of 2026,other,4.6,stars,,verbatim narrative,SRC00056,LOW,TRACTION verbatim (as_of=2026-09-15; company_reported=False)
S0095,traction_channel_mix_own_website,2025,year,25,percent,,verbatim narrative,SRC01735,MEDIUM,TRACTION verbatim (as_of=2025-07-25; company_reported=True)
S0096,traction_students_served,2025-01,other,1M+; 1000+ university partners,,,verbatim narrative,SRC01749,MEDIUM,TRACTION verbatim (as_of=2025-01; company_reported=True)
S0096,traction_students_served,As-of-2025-01,as_of,1000000,count,,verbatim narrative,SRC01740,MEDIUM,TRACTION verbatim (as_of=2025-01-29; company_reported=True)
S0096,traction_university_partners,As-of-2025-01,as_of,1000,count,,verbatim narrative,SRC01740,MEDIUM,TRACTION verbatim (as_of=2025-01-29; company_reported=True)
S0096,traction_students_served,As-of-2022-06,as_of,2000000,count,,verbatim narrative,SRC01742,MEDIUM,TRACTION verbatim (as_of=2022-06-22; company_reported=True)
S0096,traction_students_traveled_abroad,FY22,fiscal_year,60000,count,,verbatim narrative,SRC01742,MEDIUM,TRACTION verbatim (as_of=2022-06-22; company_reported=True)
S0096,traction_students_expected_abroad,FY23,fiscal_year,175000,count,,verbatim narrative,SRC01742,MEDIUM,TRACTION verbatim (as_of=2022-06-22; company_reported=True)
S0096,traction_community_members,As-of-2021-03,as_of,500000,count,,verbatim narrative,SRC01748,MEDIUM,TRACTION verbatim (as_of=2021-03-16; company_reported=True)
S0096,traction_monthly_active_users,As-of-2021-02,as_of,200000,count,,verbatim narrative,SRC01748,MEDIUM,TRACTION verbatim (as_of=2021-02-01; company_reported=True)
S0096,traction_countries_operating,As-of-2025-01,as_of,11,count,,verbatim narrative,SRC01741,HIGH,TRACTION verbatim (as_of=2025-01-29; company_reported=True)
S0096,traction_revenue_from_india,As-of-2025-01,as_of,80,percent,,verbatim narrative,SRC01741,HIGH,TRACTION verbatim (as_of=2025-01-29; company_reported=True)
S0096,traction_employee_count,As-of-2025-08,as_of,848,count,,verbatim narrative,SRC01747,MEDIUM,TRACTION verbatim (as_of=2025-08-31; company_reported=False)
S0096,traction_offline_centres_planned,FY2026,other,15,count,,verbatim narrative,SRC01752,LOW,TRACTION verbatim (as_of=2026-03-23; company_reported=True)
S0098,traction_total_client_assets,As-of-2026-06-30,as_of,130000,crore,,verbatim narrative,SRC01765,MEDIUM,TRACTION verbatim (as_of=2026-06-30; company_reported=True)
S0098,traction_ARR_AUM,As-of-2026-06-30,as_of,50000,crore,,verbatim narrative,SRC01765,MEDIUM,TRACTION verbatim (as_of=2026-06-30; company_reported=True)
S0098,traction_senior_wealth_advisors,As-of-2026-07-17,as_of,150,count,,verbatim narrative,SRC01765,MEDIUM,TRACTION verbatim (as_of=2026-07-17; company_reported=True)
S0098,traction_cities_operating,As-of-2026-07-17,as_of,30,count,,verbatim narrative,SRC01765,MEDIUM,TRACTION verbatim (as_of=2026-07-17; company_reported=True)
S0098,traction_total_employees,As-of-2026-07-17,as_of,850,count,,verbatim narrative,SRC01765,MEDIUM,TRACTION verbatim (as_of=2026-07-17; company_reported=True)
S0098,traction_assets_under_advice,As-of-2023-10,as_of,3000,crore,,verbatim narrative,SRC01770,MEDIUM,TRACTION verbatim (as_of=2023-10-18; company_reported=True)
S0098,traction_private_credit_fund_first_close,As-of-2025-11,as_of,2000,crore,,verbatim narrative,SRC01769,MEDIUM,TRACTION verbatim (as_of=2025-11-25; company_reported=True)
S0100,traction_active_designer_brands,As-of-2026-03-31,as_of,1109,brands,,verbatim narrative,SRC01786,HIGH,TRACTION verbatim (as_of=2026-03-31; company_reported=True)
S0100,traction_experience_centres,As-of-2025-03,as_of,15,centres,,verbatim narrative,SRC01783,HIGH,TRACTION verbatim (as_of=2025-03-13; company_reported=True)
S0100,traction_gross_sales_run_rate,FY23,fiscal_year,100,million USD,,verbatim narrative,SRC01784,MEDIUM,TRACTION verbatim (as_of=2023-11-20; company_reported=True)
S0100,traction_cagr_fy21_to_fy24,FY21-FY24,other,100,percent,,verbatim narrative,SRC01783,MEDIUM,TRACTION verbatim (as_of=2025-03-13; company_reported=True)
S0100,traction_ipo_subscription_total,Aug 31-Sep 2 2026,other,1.29,x,,verbatim narrative,SRC01786,HIGH,TRACTION verbatim (as_of=2026-09-02; company_reported=False)
S0100,traction_ipo_listing_discount,Sep 7 2026,other,6.96,percent,,verbatim narrative,SRC01786,HIGH,TRACTION verbatim (as_of=2026-09-07; company_reported=False)
S0103,traction_signed launch MoUs,2026-01,other,$130M,,,verbatim narrative,SRC01811,MEDIUM,TRACTION verbatim (as_of=2026-01; company_reported=True)
S0104,traction_QKD network distance,As-of-2026-04,as_of,1000,km,,verbatim narrative,SRC01819,HIGH,TRACTION verbatim (as_of=2026-04-01; company_reported=True)
S0104,traction_QKD network distance (earlier milestone),As-of-2025-11,as_of,500,km,,verbatim narrative,SRC01819,HIGH,TRACTION verbatim (as_of=2025-11-01; company_reported=True)
S0104,traction_Navy quantum encryption systems ordered,As-of-2023,other,28,systems,,verbatim narrative,SRC01819,MEDIUM,TRACTION verbatim (as_of=2023-01-01; company_reported=True)
S0104,traction_Army first procurement order,2022-08-14,event_date,1,order,,verbatim narrative,SRC01819,HIGH,TRACTION verbatim (as_of=2022-08-14; company_reported=True)
S0104,traction_Patents granted,As-of-2026-09,as_of,12,patents,,verbatim narrative,SRC01819,HIGH,TRACTION verbatim (as_of=2026-09-15; company_reported=True)
S0104,traction_Employee count,As-of-2025-08,as_of,118,employees,,verbatim narrative,SRC01817,MEDIUM,TRACTION verbatim (as_of=2025-08-31; company_reported=False)
S0105,traction_global sales H1 2026,2026-09,other,"3,000+ electric motorcycles",,,verbatim narrative,SRC01831,MEDIUM,TRACTION verbatim (as_of=2026-09; company_reported=True)
S0105,traction_retail + global footprint,2026-09,other,"100+ Indian cities, 14 countries",,,verbatim narrative,SRC01835,MEDIUM,TRACTION verbatim (as_of=2026-09; company_reported=False)
S0106,traction_service locations at DRHP,2025-06,other,502 across 70+ cities,,,verbatim narrative,SRC01840,MEDIUM,TRACTION verbatim (as_of=2025-06; company_reported=False)
S0106,traction_service locations,As-of-2025-03,as_of,502,locations,,verbatim narrative,SRC01837,HIGH,TRACTION verbatim (as_of=2025-03; company_reported=True)
S0106,traction_cloud kitchens,As-of-2026-09,as_of,281,kitchens,,verbatim narrative,SRC01841,MEDIUM,TRACTION verbatim (as_of=2026-09-15; company_reported=True)
S0106,traction_kiosks,As-of-2026-09,as_of,99,kiosks,,verbatim narrative,SRC01841,MEDIUM,TRACTION verbatim (as_of=2026-09-15; company_reported=True)
S0106,traction_cities,As-of-2026-09,as_of,40,cities,,verbatim narrative,SRC01841,MEDIUM,TRACTION verbatim (as_of=2026-09-15; company_reported=True)
S0106,traction_brands crossing ₹100Cr ARR,As-of-2025-06,as_of,4,brands,,verbatim narrative,SRC01837,HIGH,TRACTION verbatim (as_of=2025-06; company_reported=True)
S0106,traction_employees,As-of-2026,other,3254,employees,,verbatim narrative,SRC01847,MEDIUM,TRACTION verbatim (as_of=2026; company_reported=False)
S0107,traction_AUM,2025-10,other,"Rs 14,000 Cr+ across PMS/AIF/distribution",,,verbatim narrative,SRC01862,HIGH,TRACTION verbatim (as_of=2025-10; company_reported=True)
S0107,traction_app tracking scale,2025-10,other,5L+ investors tracking Rs 2L Cr+,,,verbatim narrative,SRC01862,MEDIUM,TRACTION verbatim (as_of=2025-10; company_reported=True)
S0108,traction_on_chain_verifications,As-of-2026-03,as_of,100000,count,,verbatim narrative,SRC01873,MEDIUM,TRACTION verbatim (as_of=2026-03-24; company_reported=True)
S0108,traction_employee_count,As-of-2026-08,as_of,17,count,,verbatim narrative,SRC01872,MEDIUM,TRACTION verbatim (as_of=2026-08-31; company_reported=False)
S0108,traction_global_profiles_affected,As-of-2026-03,as_of,500000000,count,,verbatim narrative,SRC01873,LOW,TRACTION verbatim (as_of=2026-03-24; company_reported=True)
S0109,traction_monthly_active_users,As-of-2026-01,as_of,27,million,,verbatim narrative,SRC01877,MEDIUM,TRACTION verbatim (as_of=2026-01-31; company_reported=True)
S0109,traction_minutes_per_month,As-of-2026-01,as_of,2,billion,,verbatim narrative,SRC01877,MEDIUM,TRACTION verbatim (as_of=2026-01-31; company_reported=True)
S0109,traction_paying_users,As-of-2025-04,as_of,1.5,million,,verbatim narrative,SRC01879,MEDIUM,TRACTION verbatim (as_of=2025-04-10; company_reported=True)
S0109,traction_arr,FY25,fiscal_year,23,million,,verbatim narrative,SRC01879,MEDIUM,TRACTION verbatim (as_of=2025-04-10; company_reported=True)
S0109,traction_downloads_story_tv,As-of-2026-05,as_of,9,crore,,verbatim narrative,SRC01902,MEDIUM,TRACTION verbatim (as_of=2026-05-21; company_reported=True)
S0109,traction_downloads_eloelo_app,As-of-2026-09,as_of,100,million,,verbatim narrative,SRC01895,MEDIUM,TRACTION verbatim (as_of=2026-09-15; company_reported=True)
S0109,traction_users_total,As-of-2021-12,as_of,1,million,,verbatim narrative,SRC01903,MEDIUM,TRACTION verbatim (as_of=2021-12-11; company_reported=True)
S0109,traction_market,As-of-2026-09,as_of,India,country,,verbatim narrative,SRC01895,HIGH,TRACTION verbatim (as_of=2026-09-15; company_reported=True)
S0109,traction_market,As-of-2025-04,as_of,Southeast Asia,country,,verbatim narrative,SRC01879,MEDIUM,TRACTION verbatim (as_of=2025-04-10; company_reported=True)
S0109,traction_market,As-of-2025-04,as_of,Latin America,country,,verbatim narrative,SRC01879,MEDIUM,TRACTION verbatim (as_of=2025-04-10; company_reported=True)
S0110,traction_store_count,As-of-2026-04,as_of,300,stores,,verbatim narrative,SRC01934,HIGH,TRACTION verbatim (as_of=2026-04-14; company_reported=True)
S0110,traction_store_count,As-of-2025-11,as_of,280,stores,,verbatim narrative,SRC01917,HIGH,TRACTION verbatim (as_of=2025-11-23; company_reported=True)
S0110,traction_store_count_target,FY26 target,other,340,stores,,verbatim narrative,SRC01917,HIGH,TRACTION verbatim (as_of=2025-11-23; company_reported=True)
S0110,traction_store_count_target,By 2028,other,1000,stores,,verbatim narrative,SRC01917,MEDIUM,TRACTION verbatim (as_of=2025-11-23; company_reported=True)
S0110,traction_online_offline_split,FY25,fiscal_year,50,percent,,verbatim narrative,SRC01930,HIGH,TRACTION verbatim (as_of=2026-02-13; company_reported=True)
S0110,traction_revenue_run_rate,FY26E,other,8500000000,INR,,verbatim narrative,SRC01919,MEDIUM,TRACTION verbatim (as_of=2025-05-08; company_reported=True)
S0110,traction_same_store_sales_growth,FY25,fiscal_year,65,percent,,verbatim narrative,SRC01919,HIGH,TRACTION verbatim (as_of=2025-05-08; company_reported=True)
S0110,traction_app_downloads,As-of-2026,other,8000000,downloads,,verbatim narrative,SRC01937,HIGH,TRACTION verbatim (as_of=2026-09-15; company_reported=True)
S0110,traction_international_revenue,FY25,fiscal_year,1070000000,INR,,verbatim narrative,SRC01938,HIGH,TRACTION verbatim (as_of=2026-02-13; company_reported=True)
S0112,traction_SKUs,2022-01,other,"700,000+",,,verbatim narrative,SRC01944,MEDIUM,TRACTION verbatim (as_of=2022-01; company_reported=True)
S0112,traction_SMEs served,2022-01,other,"500,000+",,,verbatim narrative,SRC01946,MEDIUM,TRACTION verbatim (as_of=2022-01; company_reported=True)
S0112,traction_large manufacturers,2022-01,other,"1,000+",,,verbatim narrative,SRC01946,MEDIUM,TRACTION verbatim (as_of=2022-01; company_reported=True)
S0112,traction_supplier network / warehouses,2022-01,other,"16,000+ suppliers, 40+ warehouses",,,verbatim narrative,SRC01944,MEDIUM,TRACTION verbatim (as_of=2022-01; company_reported=True)
S0118,traction_registered_users,As-of-2026-09-15,as_of,35000000,users,,verbatim narrative,SRC02004,HIGH,TRACTION verbatim (as_of=2026-09-15; company_reported=True)
S0118,traction_registered_users,Jan 2022,other,10000000,users,,verbatim narrative,SRC02003,HIGH,TRACTION verbatim (as_of=2022-01-20; company_reported=True)
S0118,traction_registered_users,Aug 2021,other,1000000,users,,verbatim narrative,SRC02008,HIGH,TRACTION verbatim (as_of=2021-08-04; company_reported=True)
S0118,traction_educational_institution_partnerships,As-of-2025-12-02,as_of,1500,institutions,,verbatim narrative,SRC02004,HIGH,TRACTION verbatim (as_of=2025-12-02; company_reported=True)
S0118,traction_sebi_registered_analysts,As-of-2026-09-15,as_of,150,analysts,,verbatim narrative,SRC02006,HIGH,TRACTION verbatim (as_of=2026-09-15; company_reported=True)
S0118,traction_employee_count,As-of-2026-09-15,as_of,211,employees,,verbatim narrative,SRC02007,MEDIUM,TRACTION verbatim (as_of=2026-09-15; company_reported=True)
S0119,traction_Fleet size,As-of-2026-07,as_of,48000,EVs,,verbatim narrative,SRC02023,HIGH,TRACTION verbatim (as_of=2026-07-16; company_reported=)
S0119,traction_Cumulative distance,As-of-2026-03,as_of,2000000000,km,,verbatim narrative,SRC02033,HIGH,TRACTION verbatim (as_of=2026-03-30; company_reported=)
S0119,traction_Daily doorstep deliveries,As-of-2026-08,as_of,750000,deliveries/day,,verbatim narrative,SRC02019,HIGH,TRACTION verbatim (as_of=2026-08-12; company_reported=)
S0119,traction_Zero-emission km logged daily,As-of-2026-08,as_of,2500000,km/day,,verbatim narrative,SRC02019,HIGH,TRACTION verbatim (as_of=2026-08-12; company_reported=)
S0119,traction_Total users since inception,As-of-2026-08,as_of,4000000,users,,verbatim narrative,SRC02012,HIGH,TRACTION verbatim (as_of=2026-08-12; company_reported=)
S0119,traction_Market share of quick-commerce deliveries,As-of-2026-08,as_of,15,%,,verbatim narrative,SRC02019,HIGH,TRACTION verbatim (as_of=2026-08-12; company_reported=)
S0119,traction_Fleet size,As-of-2025-05,as_of,45000,EVs,,verbatim narrative,SRC02021,HIGH,TRACTION verbatim (as_of=2025-05-27; company_reported=)
S0119,traction_Fleet size,As-of-2024-12,as_of,18000,EVs,,verbatim narrative,SRC02022,HIGH,TRACTION verbatim (as_of=2024-12-05; company_reported=)
S0119,traction_Cities of operation,As-of-2026-07,as_of,10,cities,,verbatim narrative,SRC02023,HIGH,TRACTION verbatim (as_of=2026-07-16; company_reported=)
S0119,traction_Battery swapping stations,As-of-2025-05,as_of,300,stations,,verbatim narrative,SRC02021,HIGH,TRACTION verbatim (as_of=2025-05-27; company_reported=)
S0119,traction_Women service professionals,As-of-2026-07,as_of,12000,users,,verbatim narrative,SRC02023,HIGH,TRACTION verbatim (as_of=2026-07-16; company_reported=)
S0119,traction_EBITDA positive months,FY25,fiscal_year,11,months,,verbatim narrative,SRC02023,HIGH,TRACTION verbatim (as_of=2026-07-16; company_reported=)
S0119,traction_CO2 abated monthly,As-of-2026-08,as_of,2000000,kg,,verbatim narrative,SRC02019,MEDIUM,TRACTION verbatim (as_of=2026-08-12; company_reported=)
S0120,traction_customers,As-of-2026-01,as_of,30000,businesses,,verbatim narrative,SRC02040,HIGH,TRACTION verbatim (as_of=2026-01-01; company_reported=True)
S0120,traction_locations_managed,Post-SuperSalon acquisition,other,15000,businesses,,verbatim narrative,SRC02052,HIGH,TRACTION verbatim (as_of=2021-09-14; company_reported=True)
S0120,traction_countries_served,As-of-2026-01,as_of,50,countries,,verbatim narrative,SRC02040,HIGH,TRACTION verbatim (as_of=2026-01-01; company_reported=True)
S0120,traction_employee_count,As-of-2025-08-31,as_of,862,employees,,verbatim narrative,SRC02036,MEDIUM,TRACTION verbatim (as_of=2025-08-31; company_reported=True)
S0120,traction_revenue_growth_2020,FY2020,other,100,percent,,verbatim narrative,SRC02046,HIGH,TRACTION verbatim (as_of=2020-12-31; company_reported=True)
S0123,traction_GMV,FY25/FY26,other,700,crore,,verbatim narrative,SRC02083,HIGH,TRACTION verbatim (as_of=2026-05-12; company_reported=True)
S0123,traction_repeat_purchase_rate,FY25,fiscal_year,50,percent,,verbatim narrative,SRC02082,HIGH,TRACTION verbatim (as_of=2025-12-26; company_reported=True)
S0123,traction_online_revenue_share,FY25,fiscal_year,95,percent,,verbatim narrative,SRC02083,HIGH,TRACTION verbatim (as_of=2026-05-12; company_reported=True)
S0123,traction_own_website_revenue_share,FY25,fiscal_year,50,percent,,verbatim narrative,SRC02083,HIGH,TRACTION verbatim (as_of=2026-05-12; company_reported=True)
S0123,traction_marketplace_revenue_share,FY25,fiscal_year,40,percent,,verbatim narrative,SRC02083,MEDIUM,TRACTION verbatim (as_of=2026-05-12; company_reported=True)
S0123,traction_offline_revenue_share,FY25,fiscal_year,10,percent,,verbatim narrative,SRC02083,HIGH,TRACTION verbatim (as_of=2026-05-12; company_reported=True)
S0123,traction_SKU_count,As-of 2026,other,20,count,,verbatim narrative,SRC02083,HIGH,TRACTION verbatim (as_of=2026-05-12; company_reported=True)
S0123,traction_ARR_GMV_target,FY25,fiscal_year,700,crore,,verbatim narrative,SRC02082,MEDIUM,TRACTION verbatim (as_of=2025-12-26; company_reported=True)
S0123,traction_revenue_growth_yoy,FY25,fiscal_year,150,percent,,verbatim narrative,SRC02081,HIGH,TRACTION verbatim (as_of=2025-01-15; company_reported=True)
S0123,traction_founder_stake,As-of 2026,other,33.65,percent,,verbatim narrative,SRC02084,HIGH,TRACTION verbatim (as_of=2026-09-15; company_reported=False)
S0125,traction_modular beds delivered and operating,Sep 2026,other,950+,,,verbatim narrative,SRC02102,MEDIUM,TRACTION verbatim (as_of=Sep 2026; company_reported=True)
S0125,traction_modular beds operating,Sep 2026,other,950,beds,,verbatim narrative,SRC02095,HIGH,TRACTION verbatim (as_of=2026-09-07; company_reported=True)
S0125,traction_beds in pipeline,Sep 2026,other,10000,beds,,verbatim narrative,SRC02095,HIGH,TRACTION verbatim (as_of=2026-09-07; company_reported=True)
S0125,traction_beds deployed single site case study,Q1 2026,other,432,beds,,verbatim narrative,SRC02097,MEDIUM,TRACTION verbatim (as_of=2026-09-07; company_reported=True)
S0126,traction_store_count,As-of-2026-08,as_of,131,stores,,verbatim narrative,SRC02112,MEDIUM,TRACTION verbatim (as_of=2026-08-24; company_reported=True)
S0126,traction_online_offline_mix,FY26,fiscal_year,60,percent_online,,verbatim narrative,SRC02106,HIGH,TRACTION verbatim (as_of=2026-04-11; company_reported=True)
S0126,traction_quick_commerce_revenue_share,FY26,fiscal_year,10,percent_online_revenue,,verbatim narrative,SRC02106,MEDIUM,TRACTION verbatim (as_of=2026-04-11; company_reported=True)
S0126,traction_revenue_run_rate,FY26,fiscal_year,900,crore,,verbatim narrative,SRC02106,MEDIUM,TRACTION verbatim (as_of=2026-04-11; company_reported=True)
S0126,traction_total_funding_raised,cumulative,cumulative,53,million,,verbatim narrative,SRC02106,HIGH,TRACTION verbatim (as_of=2026-04-11; company_reported=True)
S0128,traction_banks_and_nbfcs_partnered,As-of-2026-08,as_of,22,count,,verbatim narrative,SRC02124,HIGH,TRACTION verbatim (as_of=2026-08-18; company_reported=True)
S0128,traction_borrower_conversations_minutes_per_month,As-of-2026-08,as_of,6500000,minutes,,verbatim narrative,SRC02124,HIGH,TRACTION verbatim (as_of=2026-08-18; company_reported=True)
S0128,traction_loan_accounts_managed,As-of-2026-08,as_of,12000000,accounts,,verbatim narrative,SRC02124,HIGH,TRACTION verbatim (as_of=2026-08-18; company_reported=True)
S0128,traction_bounce_resolution_rate_improvement,As-of-2026-08,as_of,35,percent,,verbatim narrative,SRC02123,HIGH,TRACTION verbatim (as_of=2026-08-18; company_reported=True)
S0128,traction_employee_count,As-of-2026-05,as_of,78,employees,,verbatim narrative,SRC02128,MEDIUM,TRACTION verbatim (as_of=2026-05-31; company_reported=False)
S0130,traction_retail_registrations,Jul 2026,other,5518,units,,verbatim narrative,SRC02139,HIGH,TRACTION verbatim (as_of=2026-07-31; company_reported=False)
S0130,traction_annual_sales,FY26,fiscal_year,164000,units,,verbatim narrative,SRC02155,MEDIUM,TRACTION verbatim (as_of=2026-08-20; company_reported=False)
S0130,traction_annual_sales,FY25,fiscal_year,344000,units,,verbatim narrative,SRC02155,MEDIUM,TRACTION verbatim (as_of=2025-03-31; company_reported=False)
S0130,traction_dealerships,early 2025,other,120,count,,verbatim narrative,SRC02145,HIGH,TRACTION verbatim (as_of=2025-01-01; company_reported=True)
S0130,traction_dealerships,2026,year,200,count,,verbatim narrative,SRC02143,MEDIUM,TRACTION verbatim (as_of=2026-09-15; company_reported=True)
S0130,traction_customers_served,Jan 2025,other,45000,count,,verbatim narrative,SRC02145,HIGH,TRACTION verbatim (as_of=2025-01-14; company_reported=True)
S0130,traction_manufacturing_capacity,2025,year,100000,units/year,,verbatim narrative,SRC02145,HIGH,TRACTION verbatim (as_of=2025-01-14; company_reported=True)
S0130,traction_brand_trust,2026,year,90000,families,,verbatim narrative,SRC02143,MEDIUM,TRACTION verbatim (as_of=2026-09-15; company_reported=True)
S0130,traction_market_share,Jul 2026,other,0.3,percent,,verbatim narrative,SRC02139,HIGH,TRACTION verbatim (as_of=2026-07-31; company_reported=False)
S0134,traction_customers,As-of-2026-08,as_of,6500,businesses,,verbatim narrative,SRC02193,HIGH,TRACTION verbatim (as_of=2026-08-17; company_reported=True)
S0134,traction_countries_served,As-of-2026-08,as_of,227,countries and territories,,verbatim narrative,SRC02193,HIGH,TRACTION verbatim (as_of=2026-08-17; company_reported=True)
S0134,traction_currencies_supported,As-of-2026-08,as_of,62,currencies,,verbatim narrative,SRC02193,HIGH,TRACTION verbatim (as_of=2026-08-17; company_reported=True)
S0134,traction_employees,As-of-2025-09-30,as_of,1301,employees,,verbatim narrative,SRC02187,MEDIUM,TRACTION verbatim (as_of=2025-09-30; company_reported=True)
S0134,traction_employees_india,As-of-2025-08,as_of,746,employees,,verbatim narrative,SRC02178,MEDIUM,TRACTION verbatim (as_of=2025-08-01; company_reported=False)
S0134,traction_customers_2022,As-of-2023-02,as_of,4800,businesses,,verbatim narrative,SRC02207,MEDIUM,TRACTION verbatim (as_of=2023-02-01; company_reported=True)
S0134,traction_customers_2021,As-of-2021-10,as_of,3500,businesses,,verbatim narrative,SRC02208,HIGH,TRACTION verbatim (as_of=2021-10-19; company_reported=True)
S0134,traction_revenue_processed,As-of-2023-02,as_of,5000000000,USD,,verbatim narrative,SRC02207,MEDIUM,TRACTION verbatim (as_of=2023-02-01; company_reported=True)
S0135,traction_ecommerce_shipments,FY26,fiscal_year,105,crore,,verbatim narrative,SRC02214,HIGH,TRACTION verbatim (as_of=2026-05-05; company_reported=True)
S0135,traction_ptl_freight,FY26,fiscal_year,20,lakh tonnes,,verbatim narrative,SRC02214,HIGH,TRACTION verbatim (as_of=2026-05-05; company_reported=True)
S0135,traction_infrastructure_sqft,FY26,fiscal_year,2.3,crore sqft,,verbatim narrative,SRC02214,HIGH,TRACTION verbatim (as_of=2026-05-05; company_reported=True)
S0135,traction_express_shipments_q4fy26,Q4 FY26,other,306,million,,verbatim narrative,SRC02214,HIGH,TRACTION verbatim (as_of=2026-05-05; company_reported=True)
S0135,traction_express_shipments_fy25,FY25,fiscal_year,752,million,,verbatim narrative,SRC02212,HIGH,TRACTION verbatim (as_of=2025-05-16; company_reported=True)
S0135,traction_express_shipments_q4fy25,Q4 FY25,other,177,million,,verbatim narrative,SRC02212,HIGH,TRACTION verbatim (as_of=2025-05-16; company_reported=True)
S0135,traction_ptl_freight_q2fy26,Q2 FY26,other,477000,metric tonnes,,verbatim narrative,SRC02222,HIGH,TRACTION verbatim (as_of=2025-11-05; company_reported=True)
S0135,traction_net_worth,Mar 2026,other,9687,crore,,verbatim narrative,SRC02214,HIGH,TRACTION verbatim (as_of=2026-05-05; company_reported=True)
S0135,traction_cash_equivalents,Mar 2026,other,4555,crore,,verbatim narrative,SRC02214,HIGH,TRACTION verbatim (as_of=2026-05-05; company_reported=True)
S0138,traction_global_hotels,FY25 (as of 2025-03-31),other,21000,hotels,,verbatim narrative,SRC02251,HIGH,TRACTION verbatim (as_of=2025-03-31; company_reported=True)
S0138,traction_global_homes,FY25 (as of 2025-03-31),other,120000,homes,,verbatim narrative,SRC02251,HIGH,TRACTION verbatim (as_of=2025-03-31; company_reported=True)
S0138,traction_countries,FY25,fiscal_year,35,countries,,verbatim narrative,SRC02251,HIGH,TRACTION verbatim (as_of=2025-03-31; company_reported=True)
S0138,traction_customers,FY25,fiscal_year,100,million,,verbatim narrative,SRC02252,MEDIUM,TRACTION verbatim (as_of=2025-12-16; company_reported=True)
S0138,traction_india_GBV_share,FY26 (9M),other,11.9,percent,,verbatim narrative,SRC02258,HIGH,TRACTION verbatim (as_of=2026-07; company_reported=True)
S0138,traction_us_GBV_share,FY26 (9M),other,52,percent,,verbatim narrative,SRC02258,HIGH,TRACTION verbatim (as_of=2026-07; company_reported=True)
S0138,traction_europe_GBV_share,FY26 (9M),other,18,percent,,verbatim narrative,SRC02258,HIGH,TRACTION verbatim (as_of=2026-07; company_reported=True)
S0138,traction_india_revenue_share,FY25,fiscal_year,30,percent,,verbatim narrative,SRC02256,MEDIUM,TRACTION verbatim (as_of=2025-12; company_reported=True)
S0138,traction_us_revenue_share,FY25,fiscal_year,30,percent,,verbatim narrative,SRC02256,MEDIUM,TRACTION verbatim (as_of=2025-12; company_reported=True)
S0138,traction_premium_hotel_partners_upgraded,FY25,fiscal_year,1300,hotel_partners,,verbatim narrative,SRC02256,MEDIUM,TRACTION verbatim (as_of=2025-12; company_reported=True)
S0144,traction_verified users,Sep 2025,other,38.9M,,,verbatim narrative,SRC02306,,TRACTION verbatim (as_of=Sep 2025; company_reported=)
S0144,traction_monthly active users,Sep 2025,other,6.14M,,,verbatim narrative,SRC02306,,TRACTION verbatim (as_of=Sep 2025; company_reported=)
S0144,traction_verified_users,May 2024,other,3.6,million,,verbatim narrative,SRC02307,HIGH,TRACTION verbatim (as_of=2024-05-24; company_reported=True)
S0144,traction_verified_users,Oct 2024,other,10.8,million,,verbatim narrative,SRC02321,MEDIUM,TRACTION verbatim (as_of=2024-10-06; company_reported=True)
S0144,traction_verified_users,Sep 2025,other,38.9,million,,verbatim narrative,SRC02306,HIGH,TRACTION verbatim (as_of=2025-09-30; company_reported=True)
S0144,traction_verified_users,Mar 2026,other,53,million,,verbatim narrative,SRC02322,MEDIUM,TRACTION verbatim (as_of=2026-03-15; company_reported=True)
S0144,traction_verified_users,Jun 2026,other,61.9,million,,verbatim narrative,SRC02310,HIGH,TRACTION verbatim (as_of=2026-06-05; company_reported=True)
S0144,traction_monthly_active_users,Sep 2025,other,6.14,million,,verbatim narrative,SRC02306,MEDIUM,TRACTION verbatim (as_of=2025-09-30; company_reported=True)
S0144,traction_annualized_revenue,FY26,fiscal_year,85.8,million,,verbatim narrative,SRC02310,HIGH,TRACTION verbatim (as_of=2026-03-31; company_reported=True)
S0144,traction_gamer_attributes_collected,May 2024,other,67,million,,verbatim narrative,SRC02307,HIGH,TRACTION verbatim (as_of=2024-05-24; company_reported=True)
S0145,traction_monthly active users,Sep 2025,other,25M,,,verbatim narrative,SRC02326,,TRACTION verbatim (as_of=Sep 2025; company_reported=)
S0145,traction_monthly_active_users,As-of-2025-09,as_of,25000000,count,,verbatim narrative,SRC02330,HIGH,TRACTION verbatim (as_of=2025-09-03; company_reported=True)
S0145,traction_paid_subscribers,As-of-2025-09,as_of,4000000,count,,verbatim narrative,SRC02329,HIGH,TRACTION verbatim (as_of=2025-09-03; company_reported=True)
S0145,traction_paid_subscribers,FY24,fiscal_year,1000000,count,,verbatim narrative,SRC02329,HIGH,TRACTION verbatim (as_of=2024-12-01; company_reported=True)
S0145,traction_video_courses,As-of-2026-09,as_of,10000,count,,verbatim narrative,SRC00056,HIGH,TRACTION verbatim (as_of=2026-09-15; company_reported=True)
S0145,traction_languages_supported,As-of-2025-11,as_of,4,count,,verbatim narrative,SRC02336,MEDIUM,TRACTION verbatim (as_of=2025-11-13; company_reported=True)
S0145,traction_subscription_revenue_pool_india,FY25,fiscal_year,2500000000,count,,verbatim narrative,SRC02330,LOW,TRACTION verbatim (as_of=2025-09-03; company_reported=False)
S0146,traction_Publications,As-of-2026-09-15,as_of,2,count,,verbatim narrative,SRC02350,HIGH,TRACTION verbatim (as_of=2026-09-15; company_reported=True)
S0146,traction_Partnerships,As-of-2026-09-15,as_of,3,count,,verbatim narrative,SRC02346,HIGH,TRACTION verbatim (as_of=2026-09-15; company_reported=True)
S0147,traction_surgeries facilitated cumulative,Apr 2025,other,"30,000",,,verbatim narrative,SRC02363,,TRACTION verbatim (as_of=Apr 2025; company_reported=)
S0148,traction_offline stores,Jan 2026,other,25+,,,verbatim narrative,SRC02373,,TRACTION verbatim (as_of=Jan 2026; company_reported=)
S0148,traction_annualized_revenue_run_rate,As-of-2026-01,as_of,300,crore INR,,verbatim narrative,SRC02373,MEDIUM,TRACTION verbatim (as_of=2026-01-22; company_reported=True)
S0148,traction_annualized_revenue_run_rate,As-of-2026-06,as_of,400,crore INR,,verbatim narrative,SRC02374,MEDIUM,TRACTION verbatim (as_of=2026-06-10; company_reported=True)
S0148,traction_offline_stores,As-of-2026-01,as_of,25,count,,verbatim narrative,SRC02373,HIGH,TRACTION verbatim (as_of=2026-01-22; company_reported=True)
S0148,traction_customers_served,As-of-2026-01,as_of,650000,count,,verbatim narrative,SRC02373,MEDIUM,TRACTION verbatim (as_of=2026-01-22; company_reported=True)
S0148,traction_monthly_luggage_shipments,As-of-2026-01,as_of,200000,pieces,,verbatim narrative,SRC02373,MEDIUM,TRACTION verbatim (as_of=2026-01-22; company_reported=True)
S0148,traction_revenue,FY26 (end of first full year),other,175,crore INR,,verbatim narrative,SRC02374,MEDIUM,TRACTION verbatim (as_of=2026-06-10; company_reported=True)
S0153,traction_robot_systems_in_lab,FY2024,other,25,count,,verbatim narrative,SRC02427,HIGH,TRACTION verbatim (as_of=2024-11-05; company_reported=True)
S0153,traction_target_robots_per_day,FY2028,other,1,count/day,,verbatim narrative,SRC02422,HIGH,TRACTION verbatim (as_of=2026-02-17; company_reported=True)
S0153,traction_target_revenue_by_2027,FY2027,other,22000000,USD,,verbatim narrative,SRC02432,HIGH,TRACTION verbatim (as_of=2024-11-05; company_reported=True)
S0153,traction_target_revenue_break_even,FY2028,other,45000000,USD,,verbatim narrative,SRC02422,HIGH,TRACTION verbatim (as_of=2026-02-17; company_reported=True)
S0153,traction_supply_chain_parts,As-of-2024-11-05,as_of,400,count,,verbatim narrative,SRC02432,HIGH,TRACTION verbatim (as_of=2024-11-05; company_reported=True)
S0153,traction_learning_time_unknown_object,As-of-2026-02-13,as_of,15,seconds,,verbatim narrative,SRC02421,HIGH,TRACTION verbatim (as_of=2026-02-13; company_reported=True)
S0153,traction_task_configuration_time,As-of-2026-02-13,as_of,1,hours,,verbatim narrative,SRC02421,HIGH,TRACTION verbatim (as_of=2026-02-13; company_reported=True)
S0153,traction_system_price_range,As-of-2026-02-13,as_of,165000,USD,,verbatim narrative,SRC02421,HIGH,TRACTION verbatim (as_of=2026-02-13; company_reported=True)
S0153,traction_runway_months,As-of-2026-02-17,as_of,16,months,,verbatim narrative,SRC02422,HIGH,TRACTION verbatim (as_of=2026-02-17; company_reported=True)
S0154,traction_annualised_payment_volume,As-of-2026-08,as_of,1000000000,USD,,verbatim narrative,SRC02451,HIGH,TRACTION verbatim (as_of=2026-08-13; company_reported=True)
S0154,traction_businesses_served,As-of-2026-08,as_of,50000,count,,verbatim narrative,SRC02451,HIGH,TRACTION verbatim (as_of=2026-08-13; company_reported=True)
S0154,traction_indian_exporters_served,As-of-2026,other,40000,count,,verbatim narrative,SRC02457,HIGH,TRACTION verbatim (as_of=2026-09-15; company_reported=True)
S0154,traction_payments_processed_annually,Annual,other,200000,count,,verbatim narrative,SRC02457,HIGH,TRACTION verbatim (as_of=2026-09-15; company_reported=True)
S0154,traction_countries_served,As-of-2026,other,150,count,,verbatim narrative,SRC02457,HIGH,TRACTION verbatim (as_of=2026-09-15; company_reported=True)
S0156,traction_IP portfolio size,As-of-2026-02,as_of,140,IP blocks,,verbatim narrative,SRC00059,HIGH,TRACTION verbatim (as_of=2026-02-18; company_reported=True)
S0156,traction_Chip variants,As-of-2026-02,as_of,25,IC products,,verbatim narrative,SRC00059,HIGH,TRACTION verbatim (as_of=2026-02-18; company_reported=True)
S0156,traction_Granted patents,As-of-2026-02,as_of,10,patents,,verbatim narrative,SRC00059,HIGH,TRACTION verbatim (as_of=2026-02-18; company_reported=True)
S0156,traction_Trade secrets,As-of-2026-02,as_of,5,trade secrets,,verbatim narrative,SRC00059,HIGH,TRACTION verbatim (as_of=2026-02-18; company_reported=True)
S0156,traction_DLI scheme selection,As-of-2026-02,as_of,24,companies,,verbatim narrative,SRC00059,HIGH,TRACTION verbatim (as_of=2026-02-18; company_reported=True)
S0156,traction_Semiconductor startups raised in India,Jan-May 2026,other,92,million USD,,verbatim narrative,SRC02478,HIGH,TRACTION verbatim (as_of=2026-06-02; company_reported=False)
S0156,traction_Foundry tape-outs completed,As-of-2026-02,as_of,5,chip designs,,verbatim narrative,SRC00059,HIGH,TRACTION verbatim (as_of=2026-02-18; company_reported=True)
S0156,traction_Customer: Space sector,As-of-2026-02,as_of,1,identified customer,,verbatim narrative,SRC00059,HIGH,TRACTION verbatim (as_of=2026-02-18; company_reported=True)
S0156,traction_BLDC motor controller project award,2025-03-20,event_date,1,government project,,verbatim narrative,SRC00059,HIGH,TRACTION verbatim (as_of=2025-03-20; company_reported=True)
S0157,traction_centres,As-of-2026-08,as_of,90,count,,verbatim narrative,SRC02482,HIGH,TRACTION verbatim (as_of=2026-08-19; company_reported=True)
S0157,traction_cities,As-of-2026-08,as_of,22,count,,verbatim narrative,SRC02482,HIGH,TRACTION verbatim (as_of=2026-08-19; company_reported=True)
S0157,traction_therapists,As-of-2026-08,as_of,350,count,,verbatim narrative,SRC02483,HIGH,TRACTION verbatim (as_of=2026-08-19; company_reported=True)
S0157,traction_families_served,As-of-2024-04,as_of,2000,count,,verbatim narrative,SRC02488,MEDIUM,TRACTION verbatim (as_of=2024-04-11; company_reported=True)
S0157,traction_bhcoe_accreditation,As-of-2026-08,as_of,1,boolean,,verbatim narrative,SRC02482,HIGH,TRACTION verbatim (as_of=2026-08-19; company_reported=True)
S0157,traction_target_centres,2-3 years from Aug 2026,other,300,count,,verbatim narrative,SRC02491,MEDIUM,TRACTION verbatim (as_of=2026-08-19; company_reported=True)
S0158,traction_exclusive_outlets,As-of-2026-09,as_of,200,stores,,verbatim narrative,SRC02498,HIGH,TRACTION verbatim (as_of=2026-09-15; company_reported=True)
S0158,traction_retail_touchpoints,As-of-2026-09,as_of,50000,touchpoints,,verbatim narrative,SRC02498,MEDIUM,TRACTION verbatim (as_of=2026-09-15; company_reported=True)
S0158,traction_revenue_yoy_change,FY25 vs FY24,other,-20,percent,,verbatim narrative,SRC02495,HIGH,TRACTION verbatim (as_of=2026-09-08; company_reported=True)
S0158,traction_store_closure_rate,2024-2026,other,35,percent,,verbatim narrative,SRC02498,MEDIUM,TRACTION verbatim (as_of=2026-09-04; company_reported=False)
S0158,traction_d2c_share,FY25,fiscal_year,UNKNOWN,percent,,verbatim narrative,,LOW,TRACTION verbatim (as_of=2026-09-15; company_reported=False)
S0159,traction_brands_served,As-of-2026-08,as_of,2000,count,,verbatim narrative,SRC02508,HIGH,TRACTION verbatim (as_of=2026-08-12; company_reported=True)
S0159,traction_revenue_arr,FY25,fiscal_year,31,million USD,,verbatim narrative,SRC02518,MEDIUM,TRACTION verbatim (as_of=2025-12-31; company_reported=False)
S0159,traction_data_points_processed_daily,As-of-2026-09,as_of,100,million,,verbatim narrative,SRC02509,HIGH,TRACTION verbatim (as_of=2026-09-15; company_reported=True)
S0159,traction_employees,As-of-2026-07,as_of,263,count,,verbatim narrative,SRC02505,MEDIUM,TRACTION verbatim (as_of=2026-07-31; company_reported=True)
S0159,traction_gmv_processed,As-of-2026-08,as_of,1000,million USD,,verbatim narrative,SRC02508,HIGH,TRACTION verbatim (as_of=2026-08-12; company_reported=True)
S0159,traction_revenue_growth_yoy,FY25-FY26,other,50,percent,,verbatim narrative,SRC02517,HIGH,TRACTION verbatim (as_of=2026-08-12; company_reported=True)
S0159,traction_b2b_agentic_growth_yoy,FY25-FY26,other,100,percent,,verbatim narrative,SRC02517,HIGH,TRACTION verbatim (as_of=2026-08-12; company_reported=True)
S0159,traction_skus_tracked_daily,As-of-2026-09,as_of,10,million,,verbatim narrative,SRC02526,HIGH,TRACTION verbatim (as_of=2026-09-15; company_reported=True)
S0159,traction_connected_channels,As-of-2026-09,as_of,100,count,,verbatim narrative,SRC02526,HIGH,TRACTION verbatim (as_of=2026-09-15; company_reported=True)
S0161,traction_employee_count,As-of-2026-07,as_of,56,employees,,verbatim narrative,SRC02536,MEDIUM,TRACTION verbatim (as_of=2026-07-31; company_reported=False)
S0161,traction_funding_raised,FY26,fiscal_year,8000000,USD,,verbatim narrative,SRC02529,HIGH,TRACTION verbatim (as_of=2025-06-03; company_reported=True)
S0162,traction_annual_revenue_gmv,FY25,fiscal_year,25000000,USD,,verbatim narrative,SRC02554,MEDIUM,TRACTION verbatim (as_of=2025-03-31; company_reported=False)
S0162,traction_operating_revenue,FY25,fiscal_year,2301500000,INR,,verbatim narrative,SRC02551,HIGH,TRACTION verbatim (as_of=2025-03-31; company_reported=True)
S0162,traction_d2c_website_revenue_share,FY25,fiscal_year,65,percent,,verbatim narrative,SRC02560,MEDIUM,TRACTION verbatim (as_of=2025-12-01; company_reported=True)
S0162,traction_store_count,As-of-2026-09,as_of,52,count,,verbatim narrative,SRC02548,HIGH,TRACTION verbatim (as_of=2026-09-15; company_reported=True)
S0162,traction_revenue_target,FY26-FY27,other,5000000000,INR,,verbatim narrative,SRC02555,MEDIUM,TRACTION verbatim (as_of=2026-02-02; company_reported=True)
S0162,traction_employee_count,As-of-2025-08,as_of,236,count,,verbatim narrative,SRC02561,MEDIUM,TRACTION verbatim (as_of=2025-08-31; company_reported=False)
S0162,traction_international_expansion,As-of-2025-02,as_of,1,count,,verbatim narrative,SRC02547,HIGH,TRACTION verbatim (as_of=2025-02-01; company_reported=True)
S0163,traction_daily_shipments,As-of-2020-11-22,as_of,2000000,shipments,,verbatim narrative,SRC02564,MEDIUM,TRACTION verbatim (as_of=2020-11-22; company_reported=True)
S0163,traction_towns_cities_presence,As-of-2020-11-22,as_of,2000,towns_and_cities,,verbatim narrative,SRC02564,MEDIUM,TRACTION verbatim (as_of=2020-11-22; company_reported=True)
S0163,traction_customers,As-of-2020-11-22,as_of,1000,customers,,verbatim narrative,SRC02564,MEDIUM,TRACTION verbatim (as_of=2020-11-22; company_reported=True)
S0163,traction_employee_count,As-of-2026-08-31,as_of,8641,employees,,verbatim narrative,SRC02565,HIGH,TRACTION verbatim (as_of=2026-08-31; company_reported=True)
S0164,traction_retailers_served,As-of-2026-09,as_of,4100,count,,verbatim narrative,SRC02573,HIGH,TRACTION verbatim (as_of=2026-09-08; company_reported=True)
S0164,traction_cities_operating,As-of-2026-09,as_of,24,count,,verbatim narrative,SRC02573,HIGH,TRACTION verbatim (as_of=2026-09-08; company_reported=True)
S0164,traction_pin_codes_covered,As-of-2026-09,as_of,600,count,,verbatim narrative,SRC02573,HIGH,TRACTION verbatim (as_of=2026-09-08; company_reported=True)
S0164,traction_total_funds_disbursed,Since-inception-2021,other,1093,crore,,verbatim narrative,SRC02573,HIGH,TRACTION verbatim (as_of=2026-09-08; company_reported=True)
S0164,traction_pune_pilot_retailers,As-of-2026-09,as_of,3000,count,,verbatim narrative,SRC02571,HIGH,TRACTION verbatim (as_of=2026-09-08; company_reported=True)
S0164,traction_total_funding_raised,Since-inception,other,7.5,million,,verbatim narrative,SRC02576,MEDIUM,TRACTION verbatim (as_of=2026-09-08; company_reported=False)
S0165,traction_organisations served,Jun 2026,other,800+,,,verbatim narrative,SRC02587,,TRACTION verbatim (as_of=Jun 2026; company_reported=True)
S0165,traction_organisations served,As-of-2026-06,as_of,800,count,,verbatim narrative,SRC02588,HIGH,TRACTION verbatim (as_of=2026-06-23; company_reported=True)
S0165,traction_security incidents triaged,last 12 months,other,1000000,count,,verbatim narrative,SRC02588,HIGH,TRACTION verbatim (as_of=2026-06-23; company_reported=True)
S0165,traction_year-on-year growth,FY25-FY26,other,12,x,,verbatim narrative,SRC02588,HIGH,TRACTION verbatim (as_of=2026-06-23; company_reported=True)
S0165,traction_clients,As-of-2025-08,as_of,500,count,,verbatim narrative,SRC02591,HIGH,TRACTION verbatim (as_of=2025-08-04; company_reported=True)
S0165,traction_sectors served,As-of-2026-06,as_of,22,count,,verbatim narrative,SRC02587,HIGH,TRACTION verbatim (as_of=2026-06-23; company_reported=True)
S0167,traction_live_subscribers,FY25,fiscal_year,220000,count,,verbatim narrative,SRC02606,HIGH,TRACTION verbatim (as_of=2025-12-31; company_reported=True)
S0167,traction_live_subscribers,As-of-2026-01,as_of,227000,count,,verbatim narrative,SRC02608,HIGH,TRACTION verbatim (as_of=2026-01-31; company_reported=True)
S0167,traction_rental_items,FY25,fiscal_year,770000,count,,verbatim narrative,SRC02606,HIGH,TRACTION verbatim (as_of=2025-12-31; company_reported=True)
S0167,traction_live_products,As-of-2026-01,as_of,720000,count,,verbatim narrative,SRC02608,HIGH,TRACTION verbatim (as_of=2026-01-31; company_reported=True)
S0167,traction_cities,FY25,fiscal_year,23,count,,verbatim narrative,SRC02606,HIGH,TRACTION verbatim (as_of=2025-12-31; company_reported=True)
S0167,traction_cities,As-of-2026-01,as_of,22,count,,verbatim narrative,SRC02608,HIGH,TRACTION verbatim (as_of=2026-01-31; company_reported=True)
S0167,traction_experience_stores,FY25,fiscal_year,71,count,,verbatim narrative,SRC02606,HIGH,TRACTION verbatim (as_of=2025-12-31; company_reported=True)
S0167,traction_experience_stores,As-of-2026-01,as_of,67,count,,verbatim narrative,SRC02608,HIGH,TRACTION verbatim (as_of=2026-01-31; company_reported=True)
S0167,traction_warehouses,As-of-2026-01,as_of,21,count,,verbatim narrative,SRC02608,HIGH,TRACTION verbatim (as_of=2026-01-31; company_reported=True)
S0167,traction_market_share_organised_rental,FY25,fiscal_year,42,percent,,verbatim narrative,SRC02608,MEDIUM,TRACTION verbatim (as_of=2025-12-31; company_reported=True)
S0167,traction_occupancy_rate,As-of-2026-01,as_of,80,percent,,verbatim narrative,SRC02608,MEDIUM,TRACTION verbatim (as_of=2026-01-31; company_reported=True)
S0167,traction_net_rental_revenue_CAGR,FY23-FY25,other,48.24,percent,,verbatim narrative,SRC02606,HIGH,TRACTION verbatim (as_of=2025-12-31; company_reported=True)
S0168,traction_net order value growth,Q1 FY27,other,+19.1% QoQ,,,verbatim narrative,SRC02618,,TRACTION verbatim (as_of=Q1 FY27; company_reported=False)
S0173,traction_Development Time Reduction,Current,other,4-5 years to 11-12 months,,,verbatim narrative,SRC02644,HIGH,TRACTION verbatim (as_of=2025-11; company_reported=True)
S0173,traction_Global mAb Market Context,Market data,other,$226.63B (2023) projected to $729.43B by 2033,,,verbatim narrative,SRC02644,MEDIUM,TRACTION verbatim (as_of=2025; company_reported=False)
S0179,traction_GMV,,as_of,"{'v': 'Rs 300 crore+ sold', 'as_of': '2026-01', 'source_url': 'https://economictimes.indiatimes.com/tech/funding/proptech-startup-truva-raises-9-million-from-stellaris-and-orios-venture-partners/articleshow/126533381.cms', 'company_reported': True, 'confidence': 0.8}",,,verbatim narrative,,,TRACTION verbatim (as_of=; company_reported=)
S0179,traction_homes_sold,,as_of,"{'v': '150+', 'as_of': '2026-08', 'source_url': 'https://www.linkedin.com/company/truvahomes', 'company_reported': True, 'confidence': 0.75}",,,verbatim narrative,,,TRACTION verbatim (as_of=; company_reported=)
S0180,traction_pre_orders,,as_of,"{'v': '$100 million+', 'as_of': '2025-11', 'source_url': 'https://www.reuters.com/technology/tsavorite-secures-more-than-100-million-pre-orders-ai-chips-scale-workflows-2025-11-10/', 'company_reported': True, 'confidence': 0.95}",,,verbatim narrative,,,TRACTION verbatim (as_of=; company_reported=)
S0180,traction_employees,,as_of,"{'v': '96 (+37.1% YoY)', 'as_of': '2026', 'source_url': 'https://www.linkedin.com/company/tsavorite-scalable-intelligence', 'confidence': 0.85}",,,verbatim narrative,,,TRACTION verbatim (as_of=; company_reported=)
S0181,traction_acquisitions,,as_of,"{'v': 'Rs 25,000 crore in 9 months', 'as_of': '2026-05', 'source_url': 'https://economictimes.indiatimes.com/industry/renewables/inox-clean-energy-powers-into-top-three-with-rs-25k-cr-buys-says-company-official/articleshow/131184869.cms', 'company_reported': True, 'confidence': 0.9}",,,verbatim narrative,,,TRACTION verbatim (as_of=; company_reported=)
S0181,traction_operational_capacity,,as_of,"{'v': '4 GW', 'as_of': '2026-08', 'source_url': 'https://www.outlookbusiness.com/corporate/inox-clean-energy-completes-6000-cr-vena-energy-india-buyout', 'company_reported': True, 'confidence': 0.85}",,,verbatim narrative,,,TRACTION verbatim (as_of=; company_reported=)
S0181,traction_valuation,,as_of,"{'v': 'Rs 70,000 crore', 'as_of': '2026-07', 'source_url': 'https://www.cnbctv18.com/market/inox-clean-refile-ipo-700-crore-fundraise-70000-crore-valuation-inoxgfl-adar-poonawalla-family-office-rj-corp-hero-dlf-enam-19938088.htm', 'company_reported': True, 'confidence': 0.9}",,,verbatim narrative,,,TRACTION verbatim (as_of=; company_reported=)
S0182,traction_drones_sold,,as_of,"{'v': '300+', 'as_of': '2025', 'source_url': 'https://techcrunch.com/2025/06/25/indian-drone-startup-raphe-mphibr-raises-100m-as-military-uav-demand-soars/', 'company_reported': True, 'confidence': 0.85}",,,verbatim narrative,,,TRACTION verbatim (as_of=; company_reported=)
S0182,traction_employees,,as_of,"{'v': '1,000', 'as_of': '2026-08', 'source_url': 'https://inc42.com/startups/after-eight-years-of-building-quietly-can-raphe-mphibr-conquer-the-skies-with-its-long-endurance-uavs/', 'confidence': 0.9}",,,verbatim narrative,,,TRACTION verbatim (as_of=; company_reported=)
S0182,traction_manufacturing_campus,,as_of,"{'v': '7 lakh sq ft', 'as_of': '2026', 'source_url': 'https://inc42.com/startups/after-eight-years-of-building-quietly-can-raphe-mphibr-conquer-the-skies-with-its-long-endurance-uavs/', 'confidence': 0.9}",,,verbatim narrative,,,TRACTION verbatim (as_of=; company_reported=)
S0183,traction_swapping_stations,,as_of,"{'v': '1,500+', 'as_of': '2026-08', 'source_url': 'https://www.freepressjournal.in/business/battery-smart-gears-up-for-ipo-as-ev-battery-swapping-network-targets-market-debut', 'company_reported': True, 'confidence': 0.85}",,,verbatim narrative,,,TRACTION verbatim (as_of=; company_reported=)
S0183,traction_cities,,as_of,"{'v': '75+', 'as_of': '2026-08', 'source_url': 'https://www.freepressjournal.in/business/battery-smart-gears-up-for-ipo-as-ev-battery-swapping-network-targets-market-debut', 'company_reported': True, 'confidence': 0.85}",,,verbatim narrative,,,TRACTION verbatim (as_of=; company_reported=)
S0183,traction_swaps,,as_of,"{'v': '90 million+', 'as_of': '2026', 'source_url': 'https://www.linkedin.com/company/batterysmart', 'company_reported': True, 'confidence': 0.8}",,,verbatim narrative,,,TRACTION verbatim (as_of=; company_reported=)
S0183,traction_annual_revenue,,as_of,"{'v': '$65M', 'as_of': '2026', 'source_url': 'https://www.linkedin.com/company/batterysmart', 'confidence': 0.8}",,,verbatim narrative,,,TRACTION verbatim (as_of=; company_reported=)
S0183,traction_employees,,as_of,"{'v': '1,111', 'as_of': '2026-06', 'source_url': 'https://www.linkedin.com/company/batterysmart', 'confidence': 0.85}",,,verbatim narrative,,,TRACTION verbatim (as_of=; company_reported=)
S0184,traction_fleet size,Sep 2026,other,"5,000+ vehicles; 18,000 drivers",,,verbatim narrative,SRC02723,MEDIUM,TRACTION verbatim (as_of=Sep 2026; company_reported=True)
S0185,traction_villa count target,2026 target,other,"1,200 villas",,,verbatim narrative,SRC02728,MEDIUM,TRACTION verbatim (as_of=Jun 2026; company_reported=True)
S0185,traction_villas_under_management,As of Jun 2026,other,670,villas,,verbatim narrative,SRC02728,HIGH,TRACTION verbatim (as_of=2026-06-12; company_reported=True)
S0185,traction_villas_under_management,As of Jul 2026,other,720,villas,,verbatim narrative,SRC02731,HIGH,TRACTION verbatim (as_of=2026-07-30; company_reported=True)
S0185,traction_villas_under_management,As of Feb 2026,other,620,villas,,verbatim narrative,SRC02729,MEDIUM,TRACTION verbatim (as_of=2026-02-04; company_reported=True)
S0185,traction_villas_under_management_target,End of 2026,other,1200,villas,,verbatim narrative,SRC02728,HIGH,TRACTION verbatim (as_of=2026-06-12; company_reported=True)
S0185,traction_properties,As of Aug 2025,other,510,properties,,verbatim narrative,SRC02726,HIGH,TRACTION verbatim (as_of=2025-08-12; company_reported=True)
S0185,traction_guests_served,Cumulative to date,other,150000,guests,,verbatim narrative,SRC02726,MEDIUM,TRACTION verbatim (as_of=2025-08-12; company_reported=True)
S0185,traction_properties,As of Sep 2024,other,140,properties,,verbatim narrative,SRC02725,HIGH,TRACTION verbatim (as_of=2024-09-23; company_reported=True)
S0185,traction_properties,At founding,other,3,villas,,verbatim narrative,SRC02732,HIGH,TRACTION verbatim (as_of=2023-01-02; company_reported=True)
S0191,traction_10-km ground link test,2026-06-29,event_date,Successfully tested optical communications over 10-km ground link,,,verbatim narrative,SRC02759,HIGH,TRACTION verbatim (as_of=2026-06-29; company_reported=True)
S0192,traction_Employee count,May 2025,other,78,,,verbatim narrative,SRC02764,MEDIUM,TRACTION verbatim (as_of=2025-05-31; company_reported=)
S0192,traction_Annual Revenue,FY25,fiscal_year,0 - ₹10 Cr,,,verbatim narrative,SRC02764,MEDIUM,TRACTION verbatim (as_of=2025-03-31; company_reported=)
S0193,traction_Bank integrations,2025-08-28,event_date,40+ banks integrated,,,verbatim narrative,SRC02768,HIGH,TRACTION verbatim (as_of=2025-08-28; company_reported=True)
S0193,traction_Client count,2025-08-28,event_date,220+ clients,,,verbatim narrative,SRC02768,HIGH,TRACTION verbatim (as_of=2025-08-28; company_reported=True)
S0193,traction_API calls,2025-08-28,event_date,"Nearly 1,500 APIs monthly",,,verbatim narrative,SRC02768,HIGH,TRACTION verbatim (as_of=2025-08-28; company_reported=True)
S0194,traction_Seed funding raised,2025,year,3000000,,,verbatim narrative,SRC02772,HIGH,TRACTION verbatim (as_of=2025-08; company_reported=True)
S0196,traction_Manufacturing capacity,2025,year,15.2,,,verbatim narrative,SRC02790,MEDIUM,TRACTION verbatim (as_of=2025; company_reported=True)
S0196,traction_Pre-IPO funding raised,2025,year,14220000000,,,verbatim narrative,SRC02787,HIGH,TRACTION verbatim (as_of=2025-10; company_reported=True)
S0197,traction_rupay_cards_issued,As-of-2026-03,as_of,200000,cards,,verbatim narrative,SRC02799,HIGH,TRACTION verbatim (as_of=2026-03-25; company_reported=True)
S0197,traction_monthly_transactions,As-of-2025-08,as_of,5000000,transactions,,verbatim narrative,SRC02802,MEDIUM,TRACTION verbatim (as_of=2025-08-28; company_reported=True)
S0197,traction_cities_served,As-of-2025-08,as_of,600,cities,,verbatim narrative,SRC02802,MEDIUM,TRACTION verbatim (as_of=2025-08-28; company_reported=True)
S0197,traction_target_cards_2yr,FY25-FY27,other,1000000,cards,,verbatim narrative,SRC02801,MEDIUM,TRACTION verbatim (as_of=2025-10-03; company_reported=True)
S0200,traction_Revenue run rate,Jan 2026,other,INR 460 crore,,,verbatim narrative,SRC02830,MEDIUM,TRACTION verbatim (as_of=; company_reported=)
S0200,traction_Profitability,FY26,fiscal_year,Turned profitable in FY26,,,verbatim narrative,SRC02826,HIGH,TRACTION verbatim (as_of=; company_reported=)
S0201,traction_India headcount growth,Jun 2025,other,15% since C1 round (Aug 2024),,,verbatim narrative,SRC02835,HIGH,TRACTION verbatim (as_of=; company_reported=)
S0202,traction_Fulfilment centres,,as_of,50+ across India,,,verbatim narrative,SRC02846,HIGH,TRACTION verbatim (as_of=; company_reported=)
S0202,traction_Brands served,,as_of,120+,,,verbatim narrative,SRC02843,HIGH,TRACTION verbatim (as_of=; company_reported=)
S0202,traction_FY27 revenue target,,as_of,Rs 400-450 crore,,,verbatim narrative,SRC02845,MEDIUM,TRACTION verbatim (as_of=; company_reported=)
S0209,traction_AUM,As-of-2025-12,as_of,6308,crore INR,,verbatim narrative,SRC02874,HIGH,TRACTION verbatim (as_of=2025-12-31; company_reported=True)
S0209,traction_Branches,As-of-2025-12,as_of,1073,count,,verbatim narrative,SRC02874,HIGH,TRACTION verbatim (as_of=2025-12-31; company_reported=True)
S0209,traction_Households served,As-of-2026-09,as_of,2400000,count,,verbatim narrative,SRC02876,HIGH,TRACTION verbatim (as_of=2026-09-15; company_reported=True)
S0209,traction_Under-served clients,As-of-2020-09,as_of,2210000,count,,verbatim narrative,SRC02880,MEDIUM,TRACTION verbatim (as_of=2020-09-30; company_reported=True)
S0209,traction_Branches,As-of-2020-09,as_of,720,count,,verbatim narrative,SRC02880,MEDIUM,TRACTION verbatim (as_of=2020-09-30; company_reported=True)
S0209,traction_Branches,As-of-2023-03,as_of,835,count,,verbatim narrative,SRC02877,MEDIUM,TRACTION verbatim (as_of=2023-03-31; company_reported=True)
S0209,traction_Employees,As-of-2025-04,as_of,10585,count,,verbatim narrative,SRC02875,MEDIUM,TRACTION verbatim (as_of=2025-04-30; company_reported=False)
S0209,traction_Employees,As-of-2026-05,as_of,9862,count,,verbatim narrative,SRC02875,MEDIUM,TRACTION verbatim (as_of=2026-05-01; company_reported=False)
S0211,traction_aum,As-of-2026-08,as_of,3000000000,USD,,verbatim narrative,SRC02904,MEDIUM,TRACTION verbatim (as_of=2026-08-25; company_reported=True)
S0211,traction_clients,As-of-2026-08,as_of,1300,families,,verbatim narrative,SRC02904,MEDIUM,TRACTION verbatim (as_of=2026-08-25; company_reported=True)
S0211,traction_senior_bankers,As-of-2026-08,as_of,95,count,,verbatim narrative,SRC02904,MEDIUM,TRACTION verbatim (as_of=2026-08-25; company_reported=True)
S0211,traction_aum,As-of-2026-01,as_of,2000000000,USD,,verbatim narrative,SRC02916,MEDIUM,TRACTION verbatim (as_of=2026-01-27; company_reported=True)
S0211,traction_aum,As-of-2026-06,as_of,2400000000,USD,,verbatim narrative,SRC02911,MEDIUM,TRACTION verbatim (as_of=2026-06-11; company_reported=True)
S0211,traction_ownership_participants,As-of-2026-08,as_of,150,senior leaders,,verbatim narrative,SRC02904,MEDIUM,TRACTION verbatim (as_of=2026-08-25; company_reported=True)
S0211,traction_locations,As-of-2026-08,as_of,11,cities,,verbatim narrative,SRC02904,MEDIUM,TRACTION verbatim (as_of=2026-08-25; company_reported=True)
S0213,traction_voice_ai_minutes_processed,FY25,fiscal_year,100000000,minutes,,verbatim narrative,SRC02931,MEDIUM,TRACTION verbatim (as_of=2026-03-31; company_reported=True)
S0213,traction_enterprise_clients,mid-2025,other,40,clients,,verbatim narrative,SRC02929,HIGH,TRACTION verbatim (as_of=2025-06-30; company_reported=True)
S0213,traction_languages_supported,2026,year,12,languages,,verbatim narrative,SRC02930,HIGH,TRACTION verbatim (as_of=2026-09-15; company_reported=True)
S0213,traction_hello_ujjivan_downloads,2025,year,1000000,downloads,,verbatim narrative,SRC02929,HIGH,TRACTION verbatim (as_of=2025-07-15; company_reported=True)
S0213,traction_ba_jaj_finserv_monthly_disbursement,monthly,other,150000000,INR,,verbatim narrative,SRC02929,HIGH,TRACTION verbatim (as_of=2025-07-15; company_reported=True)
S0213,traction_bodhi_benchmark_accuracy,2024,year,85,percent,,verbatim narrative,SRC02933,MEDIUM,TRACTION verbatim (as_of=2024-03-08; company_reported=True)
S0215,traction_aum,As-of-2026-01,as_of,100,crore,,verbatim narrative,SRC02956,MEDIUM,TRACTION verbatim (as_of=2026-01-12; company_reported=True)
S0215,traction_vehicles_managed,As-of-2026-01,as_of,1000,vehicles,,verbatim narrative,SRC02956,MEDIUM,TRACTION verbatim (as_of=2026-01-12; company_reported=True)
S0215,traction_revenue_growth_yoy,FY26,fiscal_year,70,percent,,verbatim narrative,SRC02956,MEDIUM,TRACTION verbatim (as_of=2026-01-12; company_reported=True)
S0215,traction_aum_target_3yr,FY29 target,other,1000,crore,,verbatim narrative,SRC02953,MEDIUM,TRACTION verbatim (as_of=2026-01-12; company_reported=True)
S0222,traction_funding raised,2025-2026,other,$7.4M total,,,verbatim narrative,SRC03001,HIGH,TRACTION verbatim (as_of=2026-05-20; company_reported=True)
S0223,traction_enterprise teams,2026-08,other,100+,,,verbatim narrative,SRC03012,MEDIUM,TRACTION verbatim (as_of=2026-08-04; company_reported=True)
S0226,traction_monthly_revenue,FY25,fiscal_year,4500000,crore,,verbatim narrative,SRC03021,MEDIUM,TRACTION verbatim (as_of=2025-03-31; company_reported=True)
S0226,traction_monthly_customers,FY25,fiscal_year,12000,customers,,verbatim narrative,SRC03021,MEDIUM,TRACTION verbatim (as_of=2025-03-31; company_reported=True)
S0226,traction_instagram_followers,FY25,fiscal_year,160000,followers,,verbatim narrative,SRC03021,MEDIUM,TRACTION verbatim (as_of=2025-03-31; company_reported=True)
S0226,traction_revenue_growth_yoy,FY25,fiscal_year,303.6,percent,,verbatim narrative,SRC03022,HIGH,TRACTION verbatim (as_of=2025-03-31; company_reported=False)
S0226,traction_retail_stores,Sep 2026,other,10,stores,,verbatim narrative,SRC03019,MEDIUM,TRACTION verbatim (as_of=2026-09-15; company_reported=True)
S0226,traction_skus,FY25,fiscal_year,15,SKUs,,verbatim narrative,SRC03023,MEDIUM,TRACTION verbatim (as_of=2025-03-31; company_reported=True)
S0226,traction_price_per_pair,FY25,fiscal_year,4299,INR,,verbatim narrative,SRC03028,HIGH,TRACTION verbatim (as_of=2025-03-31; company_reported=True)
S0228,traction_customers,As-of-2026-09-15,as_of,2000,brands,,verbatim narrative,SRC03035,HIGH,TRACTION verbatim (as_of=2026-09-15; company_reported=True)
S0228,traction_customers_2022,FY22,fiscal_year,1200,customers,,verbatim narrative,SRC03039,MEDIUM,TRACTION verbatim (as_of=2022-08-10; company_reported=True)
S0228,traction_employee_count,As-of-2026-09-15,as_of,651,count,,verbatim narrative,SRC03042,MEDIUM,TRACTION verbatim (as_of=2026-09-15; company_reported=False)
S0237,traction_schools served,2022,year,"5,600",,,verbatim narrative,SRC00693,MEDIUM,TRACTION verbatim (as_of=2022-06-27; company_reported=False)
S0238,traction_farmers_served,As-of-2025-11,as_of,10000000,count,,verbatim narrative,SRC03106,HIGH,TRACTION verbatim (as_of=2025-11-20; company_reported=True)
S0238,traction_farmers_served,As-of-2025-08,as_of,9000000,count,,verbatim narrative,SRC03105,HIGH,TRACTION verbatim (as_of=2025-08-11; company_reported=True)
S0238,traction_advisory_interactions,Till-date,other,15000000,count,,verbatim narrative,SRC03113,HIGH,TRACTION verbatim (as_of=2026-08-11; company_reported=True)
S0238,traction_retail_stores,As-of-2025-11,as_of,10000,count,,verbatim narrative,SRC03105,HIGH,TRACTION verbatim (as_of=2025-11-20; company_reported=True)
S0238,traction_agronomists,As-of-2026,other,500,count,,verbatim narrative,SRC03113,HIGH,TRACTION verbatim (as_of=2026-08-11; company_reported=True)
S0238,traction_output_FV_processed,Annually,other,100000,MT,,verbatim narrative,SRC03105,HIGH,TRACTION verbatim (as_of=2026-08-11; company_reported=True)
S0238,traction_agri_input_products,As-of-2026,other,200,count,,verbatim narrative,SRC03114,HIGH,TRACTION verbatim (as_of=2026-08-11; company_reported=True)
S0238,traction_states_operating,As-of-2025-11,as_of,12,count,,verbatim narrative,SRC03105,HIGH,TRACTION verbatim (as_of=2025-11-20; company_reported=True)
S0238,traction_farmer_NPS,As-of-2025,other,50,score,,verbatim narrative,SRC03105,HIGH,TRACTION verbatim (as_of=2025-11-20; company_reported=True)
S0238,traction_yield_increase,FY25,fiscal_year,81,percent,,verbatim narrative,SRC03115,HIGH,TRACTION verbatim (as_of=2025; company_reported=True)
S0238,traction_income_increase,FY25,fiscal_year,70,percent,,verbatim narrative,SRC03115,HIGH,TRACTION verbatim (as_of=2025; company_reported=True)
S0238,traction_co2e_abatement,FY25,fiscal_year,120000,MT,,verbatim narrative,SRC03115,HIGH,TRACTION verbatim (as_of=2025; company_reported=True)
S0238,traction_water_saved,FY25,fiscal_year,276,billion_litres,,verbatim narrative,SRC03106,HIGH,TRACTION verbatim (as_of=2025; company_reported=True)
S0239,traction_annualised gross booking value run-rate,2026,year,INR 200 crore,,,verbatim narrative,SRC03141,MEDIUM,TRACTION verbatim (as_of=; company_reported=True)
S0241,traction_agri_warehouses,As-of-2026-01,as_of,12000,count,,verbatim narrative,SRC03155,HIGH,TRACTION verbatim (as_of=2026-01-02; company_reported=True)
S0241,traction_grain_aggregated_stored_annually,FY25,fiscal_year,3000,million,,verbatim narrative,SRC03155,HIGH,TRACTION verbatim (as_of=2026-01-02; company_reported=True)
S0241,traction_loans_disbursed_annually,FY25,fiscal_year,1500,million,,verbatim narrative,SRC03155,HIGH,TRACTION verbatim (as_of=2026-01-02; company_reported=True)
S0241,traction_farmers_served,As-of-2026-01,as_of,850000,count,,verbatim narrative,SRC03150,HIGH,TRACTION verbatim (as_of=2026-01-02; company_reported=True)
S0241,traction_fpos_served,As-of-2026-03,as_of,3000,count,,verbatim narrative,SRC03155,HIGH,TRACTION verbatim (as_of=2026-03-09; company_reported=True)
S0241,traction_states_covered,As-of-2026-01,as_of,21,count,,verbatim narrative,SRC03155,HIGH,TRACTION verbatim (as_of=2026-01-02; company_reported=True)
S0241,traction_districts_covered_pct,As-of-2026-01,as_of,60,percent,,verbatim narrative,SRC03155,HIGH,TRACTION verbatim (as_of=2026-01-02; company_reported=True)
S0241,traction_commodities_under_management,As-of-2025-03-31,as_of,4,million,,verbatim narrative,SRC03153,HIGH,TRACTION verbatim (as_of=2025-03-31; company_reported=True)
S0241,traction_warehouses_managed,As-of-2025-03-31,as_of,3500,count,,verbatim narrative,SRC03153,HIGH,TRACTION verbatim (as_of=2025-03-31; company_reported=True)
S0241,traction_gross_npa,FY25,fiscal_year,0.5,percent,,verbatim narrative,SRC03150,HIGH,TRACTION verbatim (as_of=2025-03-31; company_reported=True)
S0246,traction_customers,As-of-2026-08,as_of,10,count,,verbatim narrative,SRC03183,MEDIUM,TRACTION verbatim (as_of=2026-08-11; company_reported=True)
S0246,traction_production_deployments,As-of-2026-08,as_of,10,count,,verbatim narrative,SRC03186,MEDIUM,TRACTION verbatim (as_of=2026-08-11; company_reported=True)
S0248,traction_order_book,As-of-2026-07,as_of,15,crore,,verbatim narrative,SRC03199,HIGH,TRACTION verbatim (as_of=2026-07-09; company_reported=True)
S0248,traction_fuses_supplied,FY24,fiscal_year,155,pieces,,verbatim narrative,SRC03203,MEDIUM,TRACTION verbatim (as_of=2024-09-29; company_reported=True)
S0248,traction_products_manufactured,As-of-2024-09,as_of,7,count,,verbatim narrative,SRC03203,MEDIUM,TRACTION verbatim (as_of=2024-09-29; company_reported=True)
S0255,traction_customers,FY22,fiscal_year,4000000,count,,verbatim narrative,SRC03232,HIGH,TRACTION verbatim (as_of=2022-02-23; company_reported=True)
S0255,traction_users,As-of-2026-07,as_of,6000000,count,,verbatim narrative,SRC03238,MEDIUM,TRACTION verbatim (as_of=2026-07-20; company_reported=True)
S0255,traction_employees,As-of-2025-08,as_of,427,count,,verbatim narrative,SRC03231,MEDIUM,TRACTION verbatim (as_of=2025-08-31; company_reported=True)
S0255,traction_branch_network,As-of-2026-09,as_of,40,count,,verbatim narrative,SRC03233,HIGH,TRACTION verbatim (as_of=2026-09-01; company_reported=True)
S0255,traction_annualized_transactions,FY22,fiscal_year,3000000000,USD,,verbatim narrative,SRC03237,HIGH,TRACTION verbatim (as_of=2022-02-23; company_reported=True)
S0256,traction_IN-SPACe Technology Adoption Fund selectee,2026,year,1,count,,verbatim narrative,SRC03257,HIGH,TRACTION verbatim (as_of=2026-06-11; company_reported=True)
S0256,traction_Gartner Emerging Tech Impact Radar recognition,2024,year,1,count,,verbatim narrative,SRC03261,HIGH,TRACTION verbatim (as_of=2024-01-01; company_reported=True)
S0256,traction_India AI Impact Summit 2026 Top 10 Global Innovator,2026,year,1,count,,verbatim narrative,SRC03261,HIGH,TRACTION verbatim (as_of=2026-01-01; company_reported=True)
S0256,traction_Countries of operation,2026,year,5,count,,verbatim narrative,SRC03261,MEDIUM,TRACTION verbatim (as_of=2026-09-15; company_reported=True)
S0258,traction_Dailyhunt MAU,As-of 2025,other,350,million,,verbatim narrative,,MEDIUM,TRACTION verbatim (as_of=2025-06-01; company_reported=True)
S0258,traction_Josh MAU,FY24 (Oct 2024),other,179,million,,verbatim narrative,,MEDIUM,TRACTION verbatim (as_of=2024-10-16; company_reported=True)
S0258,traction_Josh MAU (peak claim),Apr 2022,other,150,million,,verbatim narrative,,MEDIUM,TRACTION verbatim (as_of=2022-04-06; company_reported=True)
S0258,traction_Dailyhunt Premium subscribers (Magzter),As-of 2024,other,1.1,million,,verbatim narrative,,MEDIUM,TRACTION verbatim (as_of=2024-04-18; company_reported=True)
S0258,traction_Employee count,As-of May 2026,other,437,employees,,verbatim narrative,,MEDIUM,TRACTION verbatim (as_of=2026-05-31; company_reported=False)
S0258,traction_Valueleaf ARR at acquisition,Jun 2024,other,732,crore,,verbatim narrative,,MEDIUM,TRACTION verbatim (as_of=2024-08-28; company_reported=True)
S0258,traction_Josh DAU,FY24 (Oct 2024),other,91,million,,verbatim narrative,,MEDIUM,TRACTION verbatim (as_of=2024-10-16; company_reported=True)
S0258,traction_Dailyhunt MAU,2025-06-01,event_date,350,million,,verbatim narrative,SRC03295,MEDIUM,TRACTION verbatim (as_of=2025-06-01; company_reported=)
S0258,traction_Josh MAU,2024-10-16,event_date,179,million,,verbatim narrative,SRC03291,MEDIUM,TRACTION verbatim (as_of=2024-10-16; company_reported=)
S0258,traction_Josh DAU,2024-10-16,event_date,91,million,,verbatim narrative,SRC03291,MEDIUM,TRACTION verbatim (as_of=2024-10-16; company_reported=)
S0258,traction_Dailyhunt Premium subscribers (Magzter),2024-04-18,event_date,1.1,million,,verbatim narrative,SRC03292,MEDIUM,TRACTION verbatim (as_of=2024-04-18; company_reported=)
S0258,traction_Valueleaf ARR at acquisition,2024-08-28,event_date,732,crore,,verbatim narrative,SRC03292,MEDIUM,TRACTION verbatim (as_of=2024-08-28; company_reported=)
S0258,traction_Employee count,2026-05-31,event_date,437,employees,,verbatim narrative,SRC03285,MEDIUM,TRACTION verbatim (as_of=2026-05-31; company_reported=)
S0278,traction_systems deployed,As-of-2025-09-30,as_of,20000,systems,,verbatim narrative,SRC03375,HIGH,TRACTION verbatim (as_of=2025-09-30; company_reported=True)
S0278,traction_countries served,FY25,fiscal_year,24,countries,,verbatim narrative,SRC03383,HIGH,TRACTION verbatim (as_of=2025-12-23; company_reported=True)
S0278,traction_order book,As-of-2025-09-30,as_of,266.57,crore,,verbatim narrative,SRC03375,HIGH,TRACTION verbatim (as_of=2025-09-30; company_reported=True)
S0278,traction_additional orders received,Oct-Nov 2025,other,71.68,crore,,verbatim narrative,SRC03375,HIGH,TRACTION verbatim (as_of=2025-11-30; company_reported=True)
S0278,traction_export share of revenue,FY25,fiscal_year,65,percent,,verbatim narrative,SRC03377,HIGH,TRACTION verbatim (as_of=2025-12-23; company_reported=True)
S0278,traction_Indian armed forces revenue share,FY25,fiscal_year,33,percent,,verbatim narrative,SRC03377,HIGH,TRACTION verbatim (as_of=2025-12-23; company_reported=True)
S0278,traction_European NATO allies revenue share,FY25,fiscal_year,65,percent,,verbatim narrative,SRC03377,HIGH,TRACTION verbatim (as_of=2025-12-23; company_reported=True)
S0278,traction_European export orders,2024,year,453,crore,,verbatim narrative,SRC03377,MEDIUM,TRACTION verbatim (as_of=2024-12-31; company_reported=True)
S0278,traction_export orders from Israel and Philippines,2024,year,30,crore,,verbatim narrative,SRC03377,MEDIUM,TRACTION verbatim (as_of=2024-12-31; company_reported=True)
S0278,traction_India thermal imaging export share,FY25,fiscal_year,93,percent,,verbatim narrative,SRC03370,HIGH,TRACTION verbatim (as_of=2025-12-23; company_reported=True)
S0280,traction_total_battery_swaps,As-of-2026-09-01,as_of,60000000,swaps,,verbatim narrative,SRC03405,HIGH,TRACTION verbatim (as_of=2026-09-01; company_reported=True)
S0280,traction_daily_swaps,As-of-2026-09-15,as_of,50000,swaps/day,,verbatim narrative,SRC03407,HIGH,TRACTION verbatim (as_of=2026-09-15; company_reported=True)
S0280,traction_monthly_swaps,As-of-2026-09-15,as_of,1500000,swaps/month,,verbatim narrative,SRC03407,HIGH,TRACTION verbatim (as_of=2026-09-15; company_reported=True)
S0280,traction_green_kms,As-of-2026-09-15,as_of,1500000000,kms,,verbatim narrative,SRC03407,HIGH,TRACTION verbatim (as_of=2026-09-15; company_reported=True)
S0280,traction_cities_operating,As-of-2026-09-15,as_of,17,cities,,verbatim narrative,SRC03407,HIGH,TRACTION verbatim (as_of=2026-09-15; company_reported=True)
S0280,traction_batteries_on_ground,As-of-2026-09-01,as_of,100000,batteries,,verbatim narrative,SRC03405,HIGH,TRACTION verbatim (as_of=2026-09-01; company_reported=True)
S0280,traction_charging_units,As-of-2026-09-01,as_of,2500,units,,verbatim narrative,SRC03405,HIGH,TRACTION verbatim (as_of=2026-09-01; company_reported=True)
S0280,traction_touch_points,As-of-2026-09-01,as_of,400,touch_points,,verbatim narrative,SRC03405,HIGH,TRACTION verbatim (as_of=2026-09-01; company_reported=True)
S0280,traction_uptime,As-of-2026-09-15,as_of,99.8,percent,,verbatim narrative,SRC03407,HIGH,TRACTION verbatim (as_of=2026-09-15; company_reported=True)
S0280,traction_monthly_swaps_milestone,2024,year,1000000,swaps/month,,verbatim narrative,SRC03407,HIGH,TRACTION verbatim (as_of=2024-12-31; company_reported=True)
S0283,traction_clients_served,FY26,fiscal_year,848,count,,verbatim narrative,SRC03421,HIGH,TRACTION verbatim (as_of=2026-05-20; company_reported=True)
S0283,traction_gcc_client_revenue_share,FY26,fiscal_year,56,percent,,verbatim narrative,SRC03421,HIGH,TRACTION verbatim (as_of=2026-05-20; company_reported=True)
S0283,traction_multi_centre_client_revenue_share,FY26,fiscal_year,44,percent,,verbatim narrative,SRC03421,HIGH,TRACTION verbatim (as_of=2026-05-20; company_reported=True)
S0283,traction_area_under_management,FY26,fiscal_year,9.66,million_sqft,,verbatim narrative,SRC03420,HIGH,TRACTION verbatim (as_of=2026-05-20; company_reported=True)
S0283,traction_properties,FY26,fiscal_year,130,count,,verbatim narrative,SRC03420,HIGH,TRACTION verbatim (as_of=2026-05-20; company_reported=True)
S0283,traction_occupancy_rate,FY26,fiscal_year,88,percent,,verbatim narrative,SRC03420,HIGH,TRACTION verbatim (as_of=2026-05-20; company_reported=True)
S0283,traction_miqube_app_downloads,FY26,fiscal_year,119000,count,,verbatim narrative,SRC03421,HIGH,TRACTION verbatim (as_of=2026-05-20; company_reported=True)
S0283,traction_client_lock_in_months,FY26,fiscal_year,34,months,,verbatim narrative,SRC03421,HIGH,TRACTION verbatim (as_of=2026-05-20; company_reported=True)
S0283,traction_value_added_services_revenue_share,FY26,fiscal_year,15,percent,,verbatim narrative,SRC03420,HIGH,TRACTION verbatim (as_of=2026-05-20; company_reported=True)
S0283,traction_seats_added_fy26,FY26,fiscal_year,28000,count,,verbatim narrative,SRC03420,HIGH,TRACTION verbatim (as_of=2026-05-20; company_reported=True)
S0288,traction_Monthly shipments,2026,year,4.5 lakh,,,verbatim narrative,SRC03462,HIGH,TRACTION verbatim (as_of=2026-01-01; company_reported=True)
S0288,traction_Enterprise customers,2026,year,Across 12 countries,,,verbatim narrative,SRC03462,HIGH,TRACTION verbatim (as_of=2026-01-01; company_reported=True)
S0289,traction_Fleet size,2026,year,50+ vehicles,,,verbatim narrative,SRC03467,HIGH,TRACTION verbatim (as_of=2026-06-12; company_reported=True)
S0289,traction_Repeat user rate,2026,year,70%+,,,verbatim narrative,SRC03467,HIGH,TRACTION verbatim (as_of=2026-06-12; company_reported=True)
S0290,traction_registered_users,As-of-2026-08,as_of,1700000,users,,verbatim narrative,SRC03472,HIGH,TRACTION verbatim (as_of=2026-08-26; company_reported=True)
S0290,traction_annualized_revenue_run_rate,FY26,fiscal_year,2000000,USD,,verbatim narrative,SRC03472,HIGH,TRACTION verbatim (as_of=2026-06; company_reported=True)
S0290,traction_team_size,As-of-2026-08,as_of,15,employees,,verbatim narrative,SRC03472,HIGH,TRACTION verbatim (as_of=2026-08-26; company_reported=True)
S0290,traction_paying_customer_token_share,Last 90 days as-of 2026-08,other,65,percent,,verbatim narrative,SRC03472,MEDIUM,TRACTION verbatim (as_of=2026-08-26; company_reported=True)
S0291,traction_Current fleet,2026,year,"1,000 LNG- and EV-powered trucks",,,verbatim narrative,SRC03490,HIGH,TRACTION verbatim (as_of=2026-05-22; company_reported=True)
S0291,traction_LNG stations,2026,year,7 operational,,,verbatim narrative,SRC03490,HIGH,TRACTION verbatim (as_of=2026-05-22; company_reported=True)
S0292,traction_Annual verifications,2026,year,500 million+,,,verbatim narrative,SRC03498,HIGH,TRACTION verbatim (as_of=2026-02-13; company_reported=True)
S0292,traction_Enterprise clients,2026,year,500+,,,verbatim narrative,SRC03498,HIGH,TRACTION verbatim (as_of=2026-02-13; company_reported=True)
S0293,traction_Employees,2026,year,100+ (+400% YoY),,,verbatim narrative,SRC03505,HIGH,TRACTION verbatim (as_of=2026-06-19; company_reported=True)
S0293,traction_Total Funding,2025-2026,other,$111.2M,,,verbatim narrative,SRC03505,HIGH,TRACTION verbatim (as_of=2026-06-19; company_reported=True)
S0296,traction_total_orders,cumulative,cumulative,1000000,orders,,verbatim narrative,SRC03513,MEDIUM,TRACTION verbatim (as_of=2024-09-10; company_reported=True)
S0296,traction_exclusive_stores,As-of-2026-07,as_of,14,stores,,verbatim narrative,SRC03514,MEDIUM,TRACTION verbatim (as_of=2026-07-14; company_reported=True)
S0296,traction_skus,As-of-2026-06,as_of,8500,SKUs,,verbatim narrative,SRC03518,MEDIUM,TRACTION verbatim (as_of=2026-06-17; company_reported=True)
S0296,traction_web_traffic,monthly,other,1910000,visitors,,verbatim narrative,SRC03517,LOW,TRACTION verbatim (as_of=2026-09-15; company_reported=False)
S0296,traction_employee_count,As-of-2026-05,as_of,194,employees,,verbatim narrative,SRC03516,MEDIUM,TRACTION verbatim (as_of=2026-05-01; company_reported=False)
S0296,traction_revenue_growth_yoy,FY24-FY25,other,83.1,percent,,verbatim narrative,SRC03517,MEDIUM,TRACTION verbatim (as_of=2026-09-15; company_reported=True)
S0296,traction_cookware_growth,FY25-26,fiscal_year,9,x,,verbatim narrative,SRC03516,LOW,TRACTION verbatim (as_of=2026-05-16; company_reported=True)
S0304,traction_AUM,2026,year,₹15000 crore,,,verbatim narrative,SRC03555,HIGH,TRACTION verbatim (as_of=2026-04; company_reported=True)
S0305,traction_modules_launched,As-of-2026-09,as_of,2,count,,verbatim narrative,SRC03557,HIGH,TRACTION verbatim (as_of=2026-09-10; company_reported=True)
S0305,traction_case_processing_time_reduction,As-of-2026-09,as_of,90,percent,,verbatim narrative,SRC03557,MEDIUM,TRACTION verbatim (as_of=2026-09-10; company_reported=True)
S0305,traction_operating_cost_reduction,As-of-2026-09,as_of,66,percent,,verbatim narrative,SRC03557,MEDIUM,TRACTION verbatim (as_of=2026-09-10; company_reported=True)
S0307,traction_Secure IoT SoC launched,FY25,fiscal_year,1,product,,verbatim narrative,SRC03567,HIGH,TRACTION verbatim (as_of=2024-05-01; company_reported=True)
S0307,traction_DLI scheme approval,FY25,fiscal_year,15,crore INR,,verbatim narrative,SRC03567,HIGH,TRACTION verbatim (as_of=2024-12-22; company_reported=True)
S0307,traction_MoU signed with Prama India,FY26,fiscal_year,1,partnership,,verbatim narrative,SRC03576,HIGH,TRACTION verbatim (as_of=2026-06-29; company_reported=True)
S0309,traction_iDEX prime contracts,As-of-2026-09,as_of,2,contracts,,verbatim narrative,SRC03584,HIGH,TRACTION verbatim (as_of=2026-09-01; company_reported=True)
S0309,traction_ground stations,As-of-2026-09,as_of,70,stations,,verbatim narrative,SRC03585,HIGH,TRACTION verbatim (as_of=2026-09-01; company_reported=True)
S0309,traction_employees planned addition,Next 12-24 months,other,40,employees,,verbatim narrative,SRC03585,MEDIUM,TRACTION verbatim (as_of=2026-09-01; company_reported=True)
S0309,traction_satellites planned for deployment,Next 12-24 months,other,6,satellites,,verbatim narrative,SRC03585,HIGH,TRACTION verbatim (as_of=2026-09-01; company_reported=True)
S0309,traction_WhiteWolf payload,As-of-2026-09,as_of,1,payload,,verbatim narrative,SRC03588,MEDIUM,TRACTION verbatim (as_of=2026-09-15; company_reported=True)
S0310,traction_cars_transacted_annually,FY24,fiscal_year,200000,cars,,verbatim narrative,SRC03604,HIGH,TRACTION verbatim (as_of=2024-11-26; company_reported=True)
S0310,traction_monthly_users,As of Jan 2026,other,11000000,users,,verbatim narrative,SRC03596,HIGH,TRACTION verbatim (as_of=2026-01-15; company_reported=True)
S0310,traction_employee_count,"As of Mar 31, 2026",other,4585,count,,verbatim narrative,SRC03612,HIGH,TRACTION verbatim (as_of=2026-03-31; company_reported=True)
S0316,traction_offline_channel_partners,FY25,fiscal_year,2000,count,,verbatim narrative,SRC03648,HIGH,TRACTION verbatim (as_of=2025-08-19; company_reported=True)
S0316,traction_customer_base,FY25,fiscal_year,5000000,count,,verbatim narrative,SRC03648,HIGH,TRACTION verbatim (as_of=2025-08-19; company_reported=True)
S0316,traction_organic_traffic_percentage,FY25,fiscal_year,45,percent,,verbatim narrative,SRC03651,MEDIUM,TRACTION verbatim (as_of=2025-08-19; company_reported=True)
S0316,traction_social_reach,FY25,fiscal_year,10000000,count,,verbatim narrative,SRC03651,MEDIUM,TRACTION verbatim (as_of=2025-08-19; company_reported=True)
S0320,traction_sleep_data_hours_processed,As-of-2026-09,as_of,75000000,hours,,verbatim narrative,SRC03671,MEDIUM,TRACTION verbatim (as_of=2026-09-03; company_reported=True)
S0320,traction_retail_partnership,2023,year,Babylist,retailer,,verbatim narrative,SRC03675,HIGH,TRACTION verbatim (as_of=2023-01-01; company_reported=True)
S0320,traction_retail_partnership,2026,year,Love To Dream,partnership,,verbatim narrative,SRC03688,MEDIUM,TRACTION verbatim (as_of=2026-09-04; company_reported=True)
S0320,traction_subscription_model_launch,2025-05,other,May 2025,date,,verbatim narrative,SRC03681,MEDIUM,TRACTION verbatim (as_of=2026-09-04; company_reported=True)
S0322,traction_customers_served,FY25,fiscal_year,10200000,count,,verbatim narrative,SRC03699,MEDIUM,TRACTION verbatim (as_of=2025-03-04; company_reported=True)
S0322,traction_agent_partners,FY24,fiscal_year,220000,count,,verbatim narrative,SRC03702,HIGH,TRACTION verbatim (as_of=2024-12-31; company_reported=True)
S0322,traction_insurance_plans,FY24,fiscal_year,720,count,,verbatim narrative,SRC03702,MEDIUM,TRACTION verbatim (as_of=2025-02-24; company_reported=True)
S0322,traction_pin_code_coverage,FY24,fiscal_year,99,percent,,verbatim narrative,SRC03702,HIGH,TRACTION verbatim (as_of=2025-02-24; company_reported=True)
S0322,traction_policies_per_minute,FY25,fiscal_year,21,count,,verbatim narrative,SRC03699,MEDIUM,TRACTION verbatim (as_of=2025-03-04; company_reported=True)
S0322,traction_cities_presence,FY24,fiscal_year,1500,count,,verbatim narrative,SRC03705,MEDIUM,TRACTION verbatim (as_of=2025-02-24; company_reported=True)
S0322,traction_premium_run_rate,FY24,fiscal_year,3300,crore,,verbatim narrative,SRC03702,MEDIUM,TRACTION verbatim (as_of=2024-03-31; company_reported=True)
S0332,traction_Indian Navy contract,2025,year,INR 47 Cr,,,verbatim narrative,SRC03748,HIGH,TRACTION verbatim (as_of=2025-10-30; company_reported=True)
S0339,traction_EV Fleet Expansion,2025,year,200 EVs ordered,,,verbatim narrative,SRC03769,MEDIUM,TRACTION verbatim (as_of=2025-09; company_reported=True)
S0340,traction_Retailers on platform,2019,year,12000,,,verbatim narrative,SRC03777,MEDIUM,TRACTION verbatim (as_of=2019; company_reported=True)
S0349,traction_Government orders,2025-2026,other,Rs 155 crore,,,verbatim narrative,SRC03820,HIGH,TRACTION verbatim (as_of=2025-11; company_reported=True)
S0367,traction_registered_users,FY24,fiscal_year,100000000,users,,verbatim narrative,SRC03936,HIGH,TRACTION verbatim (as_of=2024-04-22; company_reported=True)
S0367,traction_registered_users,As-of-2025-08,as_of,150000000,users,,verbatim narrative,SRC03933,HIGH,TRACTION verbatim (as_of=2025-08-21; company_reported=True)
S0367,traction_registered_users,As-of-2026-01,as_of,200000000,users,,verbatim narrative,SRC03934,HIGH,TRACTION verbatim (as_of=2026-01-30; company_reported=True)
S0367,traction_daily_ludo_gameplays,2024,year,7000000,gameplays,,verbatim narrative,SRC03930,HIGH,TRACTION verbatim (as_of=2024-11-21; company_reported=True)
S0367,traction_cities_available,FY24,fiscal_year,4000,cities,,verbatim narrative,SRC03936,HIGH,TRACTION verbatim (as_of=2025-04-22; company_reported=True)
S0367,traction_employee_count,As-of-2025-05,as_of,466,employees,,verbatim narrative,SRC03933,HIGH,TRACTION verbatim (as_of=2025-05-01; company_reported=True)
S0367,traction_downloads,As-of-2022-01,as_of,70000000,downloads,,verbatim narrative,SRC03935,HIGH,TRACTION verbatim (as_of=2022-01-05; company_reported=True)
S0368,traction_Crowd Supply funding,2025,year,"$2,838 (101% of $2,800 goal)",,,verbatim narrative,SRC03951,HIGH,TRACTION verbatim (as_of=2025-03-27; company_reported=True)
S0368,traction_DPIIT Recognition,2024,year,Recognized Startup,,,verbatim narrative,SRC03955,HIGH,TRACTION verbatim (as_of=2024-06-25; company_reported=False)
